page	clicks	impressions	ctr	position
https://it.robotoys.eu/marche/rowood	57	565	0.100885	2.54
https://pl.robotoys.eu/marki/rokr	44	444	0.099099	2.32
https://robotoys.eu/brands/rowood	44	1962	0.022426	7.23
https://robotoys.eu/	42	703	0.059744	8.3
https://fr.robotoys.eu/marques/rowood	34	899	0.03782	4.42
https://es.robotoys.eu/marcas/rowood	33	517	0.06383	4.15
https://it.robotoys.eu/marche/rolife	32	1040	0.030769	5.0
https://pl.robotoys.eu/marki/rolife	29	749	0.038718	4.04
https://it.robotoys.eu/marche/rokr	27	1473	0.01833	4.47
https://it.robotoys.eu/puzzle-3d-in-legno/fiori	25	643	0.03888	5.04
https://nl.robotoys.eu/houten-3d-puzzel/architectuur/houten-3d-puzzel-sagrada-familia-little-story-e018-p133	25	4621	0.00541	4.45
https://bg.robotoys.eu/marky/rolife	24	244	0.098361	3.57
https://cz.robotoys.eu/znacky/rokr	22	266	0.082707	2.36
https://hu.robotoys.eu/fabol-keszult-3d-puzzle	22	1591	0.013828	7.28
https://bg.robotoys.eu/	20	370	0.054054	7.4
https://cz.robotoys.eu/drevene-3d-puzzle	20	913	0.021906	7.16
https://fr.robotoys.eu/casse-tete-3d-en-bois/architecture/puzzle-3d-en-bois-sagrada-familia-little-story-e018-p133	19	10979	0.001731	5.45
https://robotoys.eu/wooden-3d-puzzle/architecture/wooden-3d-puzzle-sagrada-familia-little-story-e018-p133	19	294	0.064626	3.54
https://se.robotoys.eu/miniatyrhus	19	684	0.027778	8.22
https://bg.robotoys.eu/drven-3d-pzel	18	339	0.053097	7.16
https://hr.robotoys.eu/minijaturne-kuce/knjige-nook	18	165	0.109091	11.96
https://es.robotoys.eu/marcas/rokr	17	1539	0.011046	5.7
https://si.robotoys.eu/miniaturne-hise/knjige-nook	17	151	0.112583	3.65
https://ee.robotoys.eu/kaubamargid/rolife	16	135	0.118519	2.77
https://cz.robotoys.eu/znacky/rolife	15	297	0.050505	2.64
https://es.robotoys.eu/	15	85	0.176471	12.6
https://gr.robotoys.eu/mikroskopika-spitia/magazia-me-miniatoyres	15	161	0.093168	3.91
https://pl.robotoys.eu/marki/rowood	15	110	0.136364	2.65
https://bg.robotoys.eu/mynyatiurny-kshchy-vreme-za-sglobiavane-poveche-ot-5-chasa	14	89	0.157303	5.75
https://cz.robotoys.eu/	13	129	0.100775	3.41
https://hu.robotoys.eu/markak/rolife	13	409	0.031785	3.55
https://it.robotoys.eu/case-in-miniatura	13	1157	0.011236	9.22
https://ee.robotoys.eu/miniatuursed-majad	12	73	0.164384	3.6
https://pt.robotoys.eu/marcas/rolife	12	626	0.019169	4.63
https://robotoys.eu/brands/rokr	12	801	0.014981	13.64
https://bg.robotoys.eu/blog/ystoryiata-na-prochutyia-taur-brydzh-kak-da-prenesete-london-v-doma-sy	11	421	0.026128	6.1
https://de.robotoys.eu/3d-puzzle-aus-holz/die-architektur/3d-puzzle-aus-holz-sagrada-familia-little-story-e018-p133	11	9051	0.001215	5.11
https://hu.robotoys.eu/miniatur-hazak	11	462	0.02381	6.65
https://nl.robotoys.eu/	11	51	0.215686	18
https://pl.robotoys.eu/drewniane-puzzle-3d/kwiaty	11	429	0.025641	6.96
https://robotoys.eu/blog/history-of-3d-wooden-puzzles-from-beginnings-to-the-present	11	377	0.029178	7.3
https://robotoys.eu/blog/wooden-3d-puzzles-how-to-choose-your-first-building-kit-and-what-to-prepare-for	11	819	0.013431	6.86
https://se.robotoys.eu/marken/rokr	11	192	0.057292	3.99
https://bg.robotoys.eu/mynyatiurny-kshchy	10	85	0.117647	5.26
https://fr.robotoys.eu/	10	53	0.188679	3.66
https://robotoys.eu/miniature-houses/miniature-rooms	10	599	0.016694	8.78
https://bg.robotoys.eu/mynyatiurny-kshchy/knygy-nook	9	112	0.080357	7.77
https://dk.robotoys.eu/blog/historien-om-den-beromte-tower-bridge-sadan-bringer-du-london-til-dit-hjem	9	750	0.012	6.47
https://pt.robotoys.eu/	9	55	0.163636	5.04
https://pt.robotoys.eu/marcas/rowood	9	66	0.136364	3.65
https://robotoys.eu/blog/10-tools-you-need-when-assembling-a-wooden-3d-puzzle	9	292	0.030822	6.55
https://de.robotoys.eu/bloggen/geschichte-der-3d-holzpuzzles-von-den-anfangen-bis-zur-gegenwart	8	126	0.063492	6.21
https://dk.robotoys.eu/miniaturehuse	8	366	0.021858	12.16
https://es.robotoys.eu/marcas/rolife	8	1625	0.004923	6.71
https://fr.robotoys.eu/casse-tete-3d-en-bois/architecture/puzzle-3d-en-bois-arc-de-la-victoire-little-story-e011-p123	8	7250	0.001103	4.52
https://gr.robotoys.eu/markes/rolife	8	156	0.051282	8.01
https://it.robotoys.eu/	8	70	0.114286	8.51
https://pl.robotoys.eu/drewniane-puzzle-3d/bronie/karabin-ak-47-rokr-lq901-p67	8	329	0.024316	3.83
https://pl.robotoys.eu/miniaturowe-domki/kacik-ksiazek	8	329	0.024316	8.75
https://robotoys.eu/wooden-3d-puzzle/stem-lab/pinball-rokr-eg01-p43	8	209	0.038278	8.58
https://se.robotoys.eu/3d-pussel-i-tra	8	513	0.015595	9.45
https://se.robotoys.eu/blogg/vad-du-behover-veta-innan-du-bygger-miniatyrhus	8	279	0.028674	8.14
https://cz.robotoys.eu/miniaturni-domecky/books-nook	7	209	0.033493	6.86
https://dk.robotoys.eu/maerker/rolife	7	590	0.011864	4.23
https://dk.robotoys.eu/trae-3d-puslespil	7	134	0.052239	9.15
https://ee.robotoys.eu/puidust-3d-pusle	7	138	0.050725	7.51
https://es.robotoys.eu/casas-en-miniatura/habitaciones-en-miniatura/mr-millers-garden-rolife-dg108-p23	7	144	0.048611	19.06
https://fr.robotoys.eu/blog/lhistoire-du-celebre-tower-bridge-comment-amener-londres-chez-vous	7	2319	0.003019	8.28
https://it.robotoys.eu/puzzle-3d-in-legno/strumenti-musicali	7	111	0.063063	6.48
https://pl.robotoys.eu/	7	52	0.134615	9.54
https://robotoys.eu/miniature-houses/miniature-stores/simons-coffee-shop-rolife-dg109-p64	7	325	0.021538	7.05
https://bg.robotoys.eu/marky/rokr	6	46	0.130435	3.93
https://de.robotoys.eu/	6	126	0.047619	23.02
https://es.robotoys.eu/casas-en-miniatura/tiendas-de-miniaturas	6	626	0.009585	21.77
https://gr.robotoys.eu/	6	173	0.034682	5.6
https://hu.robotoys.eu/markak/rokr	6	155	0.03871	5.37
https://it.robotoys.eu/case-in-miniatura/camere-in-miniatura	6	323	0.018576	6.83
https://lt.robotoys.eu/prekiniai-zenklai/rokr	6	67	0.089552	6.93
https://lt.robotoys.eu/prekiniai-zenklai/rolife	6	127	0.047244	5.39
https://pl.robotoys.eu/drewniane-puzzle-3d/architektura/drewniane-puzzle-3d-sagrada-familia-little-story-e018-p133	6	2018	0.002973	3.64
https://pt.robotoys.eu/blogue/um-presente-para-o-homem-que-ja-tem-tudo-24-dicas-originais-que-o-vao-surpreender-de-verdade	6	315	0.019048	9.73
https://robotoys.eu/miniature-houses/books-nook/bookshelf-insert-christmas-street-rolife-tgc06-p139	6	52	0.115385	4.88
https://se.robotoys.eu/marken/rolife	6	101	0.059406	5.92
https://cz.robotoys.eu/blog/drevene-3d-puzzle-jak-vybrat-svoji-prvni-stavebnice-a-na-co-se-pripravit	5	230	0.021739	9.53
https://ee.robotoys.eu/miniatuursed-majad/raamatud-nook	5	41	0.121951	4.61
https://es.robotoys.eu/blog/10-herramientas-que-necesitas-al-armar-un-rompecabezas-3d-de-madera	5	289	0.017301	7.5
https://es.robotoys.eu/rompecabezas-3d-de-madera/arquitectura/puzzle-3d-de-madera-sagrada-familia-little-story-e018-p133	5	2332	0.002144	4.36
https://es.robotoys.eu/rompecabezas-3d-de-madera/flores	5	263	0.019011	6.52
https://es.robotoys.eu/rompecabezas-3d-de-madera/relojes-y-calendarios/rompecabezas-mecanico-3d-de-madera-reloj-de-cuco-rokr-lc901c-p198	5	280	0.017857	7.32
https://es.robotoys.eu/rompecabezas-3d-de-madera/vehiculos/rompecabezas-3d-de-madera-barco-de-vapor-river-princess-eco-wood-art-p159	5	50	0.1	4.32
https://fr.robotoys.eu/casse-tete-3d-en-bois/vehicules/puzzle-3d-mecanique-en-bois-moissonneuse-batteuse-gh800-eco-wood-art-p160	5	60	0.083333	3.72
https://hr.robotoys.eu/drvena-3d-slagalica/arhitektura/drvena-3d-puzzle-sagrada-familia-little-story-e018-p133	5	66	0.075758	2.86
https://hu.robotoys.eu/fabol-keszult-3d-puzzle/epiteszet/fa-3d-puzzle-sagrada-familia-little-story-e018-p133	5	501	0.00998	3.09
https://hu.robotoys.eu/miniatur-hazak/konyvek-kucko	5	113	0.044248	8.01
https://it.robotoys.eu/case-in-miniatura/negozi-in-miniatura	5	146	0.034247	7.14
https://it.robotoys.eu/case-in-miniatura/negozi-in-miniatura/casa-in-miniatura-negozio-di-te-di-alice-rolife-dg156-p61	5	104	0.048077	3.6
https://it.robotoys.eu/puzzle-3d-in-legno/luniverso/globo-luminoso-rokr-st003-p3	5	109	0.045872	5.74
https://lv.robotoys.eu/zimoli/rolife	5	83	0.060241	3.54
https://pl.robotoys.eu/blog/rokr-twoje-wejscie-do-swiata-kreatywnosci-i-rozrywki	5	235	0.021277	5.16
https://pl.robotoys.eu/marki/little-story	5	203	0.024631	5.02
https://robotoys.eu/miniature-houses/miniature-rooms/miniature-house-doras-loft-rolife-dg12-p91	5	114	0.04386	7.61
https://robotoys.eu/wooden-3d-puzzle/architecture/wooden-mechanical-3d-puzzle-windmill-eco-wood-art-p154	5	79	0.063291	6.71
https://robotoys.eu/wooden-3d-puzzle/flowers	5	469	0.010661	8.46
https://robotoys.eu/wooden-3d-puzzle/musical-instruments/wooden-3d-puzzle-gramophone-rolife-tg408-p39	5	71	0.070423	5.96
https://se.robotoys.eu/marken/rowood	5	34	0.147059	2.06
https://cz.robotoys.eu/drevene-3d-puzzle/stem-lab/pinball-rokr-eg01-p43	4	35	0.114286	6.2
https://cz.robotoys.eu/miniaturni-domky-200-az-299ks	4	193	0.020725	6.7
https://cz.robotoys.eu/znacky/rowood	4	47	0.085106	1.7
https://de.robotoys.eu/marken/little-story	4	35	0.114286	4.49
https://dk.robotoys.eu/blog/hvad-du-skal-vide-for-du-bygger-miniaturehuse	4	80	0.05	9.54
https://dk.robotoys.eu/maerker/rokr	4	113	0.035398	3.31
https://es.robotoys.eu/puzle-3d-de-madera-dificultad-alta	4	87	0.045977	6.89
https://es.robotoys.eu/rompecabezas-3d-de-madera/vehiculos/rompecabezas-3d-de-madera-camion-little-story-e013-p169	4	32	0.125	4.31
https://es.robotoys.eu/rompecabezas-3d-de-madera/vehiculos/tranvia-historico-rolife-tg505-p40	4	57	0.070175	3.81
https://hr.robotoys.eu/	4	29	0.137931	5.86
https://hu.robotoys.eu/blog/amit-miniatur-hazak-epitese-elott-tudni-kell	4	205	0.019512	7.38
https://hu.robotoys.eu/fabol-keszult-3d-puzzle/viragok	4	161	0.024845	11.55
https://it.robotoys.eu/case-in-miniatura/angolo-dei-libri	4	433	0.009238	9.07
https://it.robotoys.eu/puzzle-3d-in-legno/architettura/modello-della-torre-eiffel-rolife-tg501-p17	4	238	0.016807	7.76
https://it.robotoys.eu/puzzle-3d-in-legno/architettura/pagoda-a-cinque-piani-rolife-tgn02-p45	4	185	0.021622	4.89
https://it.robotoys.eu/puzzle-3d-in-legno/architettura/puzzle-3d-in-legno-mini-chalet-di-montagna-a-forma-di-a-rolife-dg181-p227	4	155	0.025806	4.32
https://it.robotoys.eu/puzzle-3d-in-legno/carillon	4	58	0.068966	6.52
https://it.robotoys.eu/puzzle-3d-in-legno/fiori/puzzle-3d-in-legno-mazzo-di-fiori-rowood-tw01h-p100	4	228	0.017544	6.3
https://it.robotoys.eu/puzzle-3d-in-legno/orologi-calendari/puzzle-meccanico-3d-in-legno-orologio-a-cucu-rokr-lc901c-p198	4	220	0.018182	4.44
https://lt.robotoys.eu/medine-3d-delione	4	121	0.033058	6.19
https://lt.robotoys.eu/miniatiuriniai-namai	4	72	0.055556	6.72
https://lv.robotoys.eu/koka-3d-puzle	4	54	0.074074	11.22
https://nl.robotoys.eu/de-duurste-cadeaus-voor-kinderen	4	44	0.090909	7.89
https://pl.robotoys.eu/drewniane-puzzle-3d/architektura/drewniane-puzzle-3d-luk-zwyciestwa-little-story-e011-p123	4	6867	0.000582	5.15
https://pl.robotoys.eu/drewniane-puzzle-3d/wszechswiat/swiecacy-globus-rokr-st003-p3	4	320	0.0125	4.78
https://pl.robotoys.eu/miniaturowe-domki/kacik-ksiazek/podroz-w-czasie-rolife-tgb04-p60	4	165	0.024242	4.41
https://pt.robotoys.eu/blogue/a-historia-da-famosa-tower-bridge-como-levar-londres-para-a-sua-casa	4	885	0.00452	8.11
https://pt.robotoys.eu/quebra-cabeca-3d-de-madeira/arquitetura/quebra-cabeca-3d-de-madeira-sagrada-familia-little-story-e018-p133	4	195	0.020513	2.87
https://robotoys.eu/miniature-houses/books-nook	4	130	0.030769	5.48
https://robotoys.eu/miniature-houses/miniature-rooms/miniature-house-lilys-porch-rolife-dg11-p93	4	48	0.083333	5.17
https://robotoys.eu/miniature-houses/miniature-rooms/moses-detective-agency-rolife-dg157-p24	4	60	0.066667	6.45
https://robotoys.eu/miniature-houses/miniature-rooms/mr-millers-garden-rolife-dg108-p23	4	202	0.019802	5.9
https://robotoys.eu/puzzle-competition	4	81	0.049383	1.59
https://robotoys.eu/wooden-3d-puzzle/music-boxes/wooden-mechanical-3d-puzzle-classic-carousel-rolife-amc01-p146	4	51	0.078431	6.16
https://se.robotoys.eu/3d-pussel-i-tra/arkitektur/3d-pussel-i-tra-sagrada-familia-little-story-e018-p133	4	1245	0.003213	4.67
https://si.robotoys.eu/lesena-3d-sestavljanka	4	174	0.022989	5.79
https://cz.robotoys.eu/drevene-3d-puzzle/vozidla	3	182	0.016484	7.58
https://cz.robotoys.eu/miniaturni-domecky/books-nook/sakura-densya-rolife-tgb01-p29	3	37	0.081081	3.16
https://de.robotoys.eu/3d-puzzle-aus-holz/die-architektur/3d-puzzle-aus-holz-siegesbogen-little-story-e011-p123	3	8216	0.000365	4.9
https://de.robotoys.eu/3d-puzzle-aus-holz/fahrzeuge/3d-puzzle-aus-holz-tiger-i-little-story-wot03-p136	3	124	0.024194	9.93
https://de.robotoys.eu/3d-puzzle-aus-holz/musikinstrumente	3	31	0.096774	7.39
https://de.robotoys.eu/miniaturhauser/miniaturraume/moses-detektivburo-rolife-dg157-p24	3	56	0.053571	19.61
https://dk.robotoys.eu/	3	35	0.085714	5.63
https://dk.robotoys.eu/miniaturehuse/boger-nook	3	30	0.1	5.7
https://dk.robotoys.eu/trae-3d-puslespil/vaben/ak-47-rifle-rokr-lq901-p67	3	48	0.0625	4.5
https://ee.robotoys.eu/	3	27	0.111111	5.74
https://ee.robotoys.eu/blogi/7-vastupandamatut-kingiideed-naistele	3	276	0.01087	23.54
https://ee.robotoys.eu/blogi/kuidas-vabaneda-stressist-10-tohusat-nouannet	3	85	0.035294	7.67
https://ee.robotoys.eu/blogi/top-5-tegevust-mis-toetavad-motoorsete-oskuste-arengut	3	77	0.038961	5.09
https://es.robotoys.eu/rompecabezas-3d-de-madera-mejor-valorado	3	97	0.030928	12.47
https://es.robotoys.eu/rompecabezas-3d-de-madera/arquitectura	3	265	0.011321	8.11
https://es.robotoys.eu/rompecabezas-3d-de-madera/el-universo/sistema-solar-rokr-st001-p71	3	66	0.045455	5.05
https://es.robotoys.eu/rompecabezas-3d-de-madera/instrumentos-musicales/saxofon-rolife-tg309-p26	3	36	0.083333	5.86
https://es.robotoys.eu/rompecabezas-3d-de-madera/stem-lab/rompecabezas-mecanico-3d-de-madera-fabrica-de-regalos-de-ensueno-rokr-eab01-p202	3	110	0.027273	9.31
https://fr.robotoys.eu/casse-tete-3d-en-bois/armes/thompson-rokr-lqb01-p74	3	15	0.2	7.67
https://fr.robotoys.eu/maisons-miniatures-difficulte-elevee	3	62	0.048387	6.27
https://fr.robotoys.eu/puzzle-3d-en-bois-en-action	3	601	0.004992	10.81
https://hr.robotoys.eu/blog/poklon-za-muskarca-koji-vec-ima-sve-24-originalna-savjeta-koji-ce-ga-zaista-iznenaditi	3	37	0.081081	8.62
https://hr.robotoys.eu/blog/top-5-aktivnosti-koje-podupiru-razvoj-motorickih-sposobnosti	3	171	0.017544	7.34
https://hr.robotoys.eu/brendovi/rolife	3	92	0.032609	4.22
https://hr.robotoys.eu/drvena-3d-slagalica/oruzje/ak-47-puska-rokr-lq901-p67	3	16	0.1875	2.5
https://hu.robotoys.eu/	3	71	0.042254	6.17
https://hu.robotoys.eu/blog/a-motoros-kepessegek-fejleszteset-tamogato-top-5-tevekenyseg	3	130	0.023077	15.05
https://hu.robotoys.eu/fabol-keszult-3d-puzzle/fegyverek/ak-47-rifle-rokr-lq901-p67	3	21	0.142857	6.1
https://hu.robotoys.eu/fabol-keszult-3d-puzzle/jarmuvek	3	41	0.073171	5.63
https://it.robotoys.eu/blog/10-strumenti-di-cui-hai-bisogno-per-assemblare-un-puzzle-3d-in-legno	3	143	0.020979	8.25
https://it.robotoys.eu/case-in-miniatura/negozi-in-miniatura/casa-in-miniatura-ristorante-tipsy-rolife-dg167-p209	3	59	0.050847	5.71
https://it.robotoys.eu/case-in-miniatura/negozi-in-miniatura/negozio-di-fiori-emily-rolife-dg145-p25	3	68	0.044118	8.57
https://it.robotoys.eu/gli-ultimi-prodotti-del-marchio-rolife	3	12	0.25	4.42
https://it.robotoys.eu/puzzle-3d-in-legno-alta-difficolta	3	25	0.12	8.72
https://it.robotoys.eu/puzzle-3d-in-legno/architettura/puzzle-3d-in-legno-sagrada-familia-little-story-e018-p133	3	877	0.003421	5.43
https://it.robotoys.eu/puzzle-3d-in-legno/armi	3	14	0.214286	4.57
https://it.robotoys.eu/puzzle-3d-in-legno/carillon/giradischi-elettrico-rokr-lkb01d-p68	3	53	0.056604	4.92
https://it.robotoys.eu/puzzle-3d-in-legno/luniverso/sistema-solare-rokr-st001-p71	3	87	0.034483	5.43
https://it.robotoys.eu/puzzle-3d-in-legno/veicoli/puzzle-meccanico-3d-in-legno-barca-a-vela-cavalluccio-marino-rokr-mcb02-p212	3	82	0.036585	4.88
https://lt.robotoys.eu/	3	55	0.054545	23.05
https://lt.robotoys.eu/dienorastis/3d-mediniu-delioniu-istorija-nuo-pradziu-iki-dabar	3	20	0.15	6.3
https://lt.robotoys.eu/miniatiuriniai-namai/knygu-kampelis	3	25	0.12	6.84
https://lv.robotoys.eu/koka-3d-puzle/ziedi	3	18	0.166667	7.72
https://lv.robotoys.eu/letakas-miniaturas-majas	3	93	0.032258	6.52
https://lv.robotoys.eu/miniaturas-majas	3	90	0.033333	7.53
https://nl.robotoys.eu/houten-3d-puzzel/bloemen	3	151	0.019868	6.22
https://pl.robotoys.eu/drewniane-puzzle-3d/architektura/model-tower-bridge-z-oswietleniem-led-rolife-tg412-p19	3	70	0.042857	5.57
https://pl.robotoys.eu/drewniane-puzzle-3d/bronie/thompson-rokr-lqb01-p74	3	77	0.038961	12.22
https://pl.robotoys.eu/drewniane-puzzle-3d/pozytywki/pozytywka-gwiazdzista-noc-rokr-amk51-p11	3	24	0.125	5.08
https://pl.robotoys.eu/drewniane-puzzle-3d/stem-lab/drewniana-mechaniczna-ukladanka-3d-maszyna-do-pisania-eco-wood-art-p158	3	106	0.028302	4.56
https://pl.robotoys.eu/drewniane-puzzle-3d/zegary-i-kalendarze	3	102	0.029412	7.78
https://pl.robotoys.eu/drewniane-puzzle-3d/zegary-i-kalendarze/drewniana-mechaniczna-ukladanka-3d-zegar-z-kukulka-rokr-lc901c-p198	3	118	0.025424	5.42
https://pl.robotoys.eu/miniaturowe-domki/miniaturowe-pokoje/miniaturowy-dom-poddasze-dory-rolife-dg12-p91	3	29	0.103448	2.21
https://pt.robotoys.eu/casas-em-miniatura	3	239	0.012552	7.74
https://pt.robotoys.eu/casas-em-miniatura/lojas-de-miniaturas	3	95	0.031579	7.91
https://robotoys.eu/brands/rolife	3	422	0.007109	7.6
https://robotoys.eu/miniature-houses/books-nook/sakura-densya-rolife-tgb01-p29	3	309	0.009709	9.13
https://robotoys.eu/miniature-houses/miniature-rooms/cathys-flower-house-rolife-dg104-p28	3	233	0.012876	9.08
https://robotoys.eu/miniature-houses/miniature-stores/flower-shop-emily-rolife-dg145-p25	3	201	0.014925	7.89
https://robotoys.eu/useful-links/about-company	3	141	0.021277	5.4
https://robotoys.eu/wooden-3d-puzzle-100-to-149-pcs	3	83	0.036145	8.28
https://robotoys.eu/wooden-3d-puzzle/architecture	3	477	0.006289	8.1
https://robotoys.eu/wooden-3d-puzzle/architecture/five-story-pagoda-rolife-tgn02-p45	3	155	0.019355	6.31
https://robotoys.eu/wooden-3d-puzzle/flowers/wooden-3d-puzzle-bouquet-of-flowers-rowood-tw01h-p100	3	47	0.06383	7.79
https://robotoys.eu/wooden-3d-puzzle/stem-lab/wooden-mechanical-3d-puzzle-mechanical-typewriter-magic-version-rokr-lk703c-p266	3	26	0.115385	6.54
https://robotoys.eu/wooden-3d-puzzle/vehicles/wooden-3d-puzzle-tiger-i-little-story-wot03-p136	3	87	0.034483	3.64
https://se.robotoys.eu/	3	13	0.230769	3.69
https://si.robotoys.eu/	3	21	0.142857	3.43
https://si.robotoys.eu/ideje-za-darila/darila-za-rojstni-dan	3	26	0.115385	23.04
https://si.robotoys.eu/lesena-3d-sestavljanka/orozje/lesena-mehanska-3d-sestavljanka-mini-pistola-rokr-lq502-p147	3	15	0.2	1.33
https://si.robotoys.eu/miniaturne-hise-visoka-tezavnost	3	8	0.375	12
https://bg.robotoys.eu/blog/rolife-krasotata-na-bavnyia-zhyvot-y-tvorchestvoto-napravy-sy-sam	2	13	0.153846	7.38
https://bg.robotoys.eu/drven-3d-pzel/muzykalny-ynstrumenty/elektrycheska-kytara-model-rokr-tg605k-p33	2	7	0.285714	4.86
https://bg.robotoys.eu/drven-3d-pzel/tsvetia	2	22	0.090909	6.95
https://bg.robotoys.eu/marky/eco-wood-art	2	4	0.5	3.75
https://bg.robotoys.eu/nai-novyte-podartsy-za-rozhden-den	2	12	0.166667	11.08
https://bg.robotoys.eu/nai-prodavanyte-produkty-na-markata-rokr	2	7	0.285714	8.43
https://cz.robotoys.eu/blog/top-5-aktivit-ktere-podporuji-rozvoj-motorickych-schopnosti	2	67	0.029851	9.24
https://cz.robotoys.eu/drevene-3d-puzzle/architektura/drevene-3d-puzzle-sagrada-familia-little-story-e018-p133	2	464	0.00431	3.4
https://cz.robotoys.eu/drevene-3d-puzzle/kvety	2	112	0.017857	6.38
https://cz.robotoys.eu/drevene-3d-puzzle/vozidla/drevene-3d-puzzle-lokomotiva-little-story-e012-p124	2	56	0.035714	3.68
https://cz.robotoys.eu/miniaturni-domecky	2	43	0.046512	6.51
https://cz.robotoys.eu/miniaturni-domecky/miniaturni-pokoje/sklenik-pani-cathy-rolife-dg104-p28	2	25	0.08	2.6
https://cz.robotoys.eu/nejnovejsi-drevene-3d-puzzle	2	90	0.022222	3.47
https://cz.robotoys.eu/uzitecne-odkazy/o-spolecnosti/velkoobchod	2	11	0.181818	5.64
https://de.robotoys.eu/3d-puzzle-aus-holz/fahrzeuge/3d-puzzle-aus-holz-blaues-speedway-motorrad-little-story-e019b-p239	2	40	0.05	6.08
https://de.robotoys.eu/3d-puzzle-aus-holz/fahrzeuge/3d-puzzle-aus-holz-grand-prix-motorrad-little-story-e021-p173	2	102	0.019608	5.89
https://de.robotoys.eu/3d-puzzle-aus-holz/fahrzeuge/3d-puzzle-aus-holz-selbstfahrender-rasenmaher-cs-150c-eco-wood-art-p234	2	27	0.074074	4.48
https://de.robotoys.eu/3d-puzzle-aus-holz/fahrzeuge/holz-3d-puzzle-panzer-leopard-1-little-story-wot07-p179	2	44	0.045455	7.98
https://de.robotoys.eu/3d-puzzle-aus-holz/spieluhren/mechanisches-3d-puzzle-aus-holz-melodischer-weihnachtsbaum-rolife-ams01-p138	2	55	0.036364	3.69
https://de.robotoys.eu/am-besten-bewertetes-3d-holzpuzzle	2	31	0.064516	8.06
https://de.robotoys.eu/bloggen/10-werkzeuge-die-sie-zum-zusammenbau-eines-3d-holzpuzzles-benotigen	2	68	0.029412	8.32
https://de.robotoys.eu/bloggen/die-geschichte-der-beruhmten-tower-bridge-wie-sie-london-zu-ihnen-nach-hause-holen	2	487	0.004107	10.58
https://de.robotoys.eu/bloggen/was-sie-vor-dem-ersten-zusammenbau-eines-3d-holzpuzzles-vorbereiten-sollten	2	18	0.111111	7.61
https://de.robotoys.eu/marken/rowood	2	424	0.004717	8.88
https://de.robotoys.eu/miniaturhauser-hoher-schwierigkeitsgrad	2	9	0.222222	6.67
https://dk.robotoys.eu/maerker/rowood	2	15	0.133333	1.07
https://dk.robotoys.eu/miniaturehuse/miniature-butikker	2	45	0.044444	13.84
https://dk.robotoys.eu/trae-3d-puslespil/arkitektur	2	8	0.25	2.75
https://dk.robotoys.eu/trae-3d-puslespil/arkitektur/trae-3d-puslespil-sagrada-familia-little-story-e018-p133	2	617	0.003241	3.82
https://ee.robotoys.eu/kaubamargid/rokr	2	31	0.064516	3.45
https://ee.robotoys.eu/korgelt-hinnatud-miniatuursed-majad	2	12	0.166667	5.92
https://ee.robotoys.eu/miniatuursed-majad/miniatuursed-toad	2	10	0.2	9.1
https://ee.robotoys.eu/miniatuursete-majade-muuk	2	30	0.066667	6.53
https://ee.robotoys.eu/puidust-3d-pusle/lilled	2	11	0.181818	5
https://es.robotoys.eu/blog/rolife-la-belleza-de-la-vida-lenta-y-la-creatividad-diy	2	39	0.051282	7.79
https://es.robotoys.eu/casas-en-miniatura-mejor-valoradas	2	92	0.021739	11.85
https://es.robotoys.eu/casas-en-miniatura/habitaciones-en-miniatura/casa-en-miniatura-cocina-acogedora-rolife-dg159-p89	2	62	0.032258	5.68
https://es.robotoys.eu/casas-en-miniatura/habitaciones-en-miniatura/invernadero-de-la-sra-cathy-rolife-dg104-p28	2	85	0.023529	4.47
https://es.robotoys.eu/casas-en-miniatura/rincon-de-libros	2	127	0.015748	8.69
https://es.robotoys.eu/casas-en-miniatura/tiendas-de-miniaturas/casa-en-miniatura-la-tienda-de-te-de-alice-rolife-dg156-p61	2	49	0.040816	7.61
https://es.robotoys.eu/casas-en-miniatura/tiendas-de-miniaturas/floristeria-emily-rolife-dg145-p25	2	179	0.011173	5.91
https://es.robotoys.eu/casas-en-miniatura/tiendas-de-miniaturas/tienda-bruja-kiki-rolife-dg155-p31	2	212	0.009434	11.68
https://es.robotoys.eu/rompecabezas-3d-de-madera/arquitectura/modelo-big-ben-con-iluminacion-led-rolife-tg507-p20	2	26	0.076923	5.81
https://es.robotoys.eu/rompecabezas-3d-de-madera/arquitectura/puzzle-3d-de-madera-coliseo-little-story-e016-p126	2	50	0.04	9.72
https://es.robotoys.eu/rompecabezas-3d-de-madera/instrumentos-musicales/rompecabezas-3d-de-madera-gramofono-rolife-tg408-p39	2	36	0.055556	3.28
https://es.robotoys.eu/rompecabezas-3d-de-madera/stem-lab/puzzle-3d-mecanico-de-madera-fabrica-de-chocolate-rokr-lga02-p75	2	15	0.133333	12.67
https://es.robotoys.eu/rompecabezas-3d-de-madera/vehiculos	2	215	0.009302	10.77
https://fr.robotoys.eu/blog/10-outils-dont-vous-avez-besoin-pour-assembler-un-puzzle-3d-en-bois	2	67	0.029851	12.01
https://fr.robotoys.eu/casse-tete-3d-en-bois/stem-lab/puzzle-mecanique-3d-en-bois-machine-a-ecrire-eco-wood-art-p158	2	60	0.033333	7.67
https://gr.robotoys.eu/istologio/h-istoria-ths-diashmhs-gefyras-tower-bridge-pws-na-fereis-to-londino-sto-spiti-soy	2	261	0.007663	6.44
https://gr.robotoys.eu/ksylino-trisdiastato-pazl/ta-zwa/ksylino-trisdiastato-pazl-kamhlopardalh-little-story-d013-p121	2	9	0.222222	2.44
https://gr.robotoys.eu/ksylino-trisdiastato-pazl/to-sympan/hliako-systhma-rokr-st001-p71	2	7	0.285714	3
https://hr.robotoys.eu/blog/sto-trebate-znati-prije-izgradnje-minijaturnih-kuca	2	4	0.5	2.5
https://hr.robotoys.eu/drvena-3d-slagalica/arhitektura/model-eiffelovog-tornja-rolife-tg501-p17	2	32	0.0625	5.03
https://hr.robotoys.eu/drvena-3d-slagalica/cvijece/drvena-3d-puzzle-suncokret-rowood-tw011-p113	2	11	0.181818	2.82
https://hr.robotoys.eu/drvena-3d-slagalica/glazbeni-instrumenti/bubnjevi-rolife-tg409-p81	2	8	0.25	2.25
https://hr.robotoys.eu/minijaturne-kuce	2	45	0.044444	12.6
https://hr.robotoys.eu/prodaja-proizvoda-marke-rokr	2	3	0.666667	2
https://hu.robotoys.eu/a-legkeresettebb-ajandekok-ferfiaknak-es-fiuknak	2	50	0.04	29.78
https://hu.robotoys.eu/fabol-keszult-3d-puzzle/az-allatok	2	119	0.016807	12.4
https://hu.robotoys.eu/fabol-keszult-3d-puzzle/epiteszet/fa-3d-kirako-sakura-pavilon-rolife-tga07-p268	2	7	0.285714	4.29
https://hu.robotoys.eu/fabol-keszult-3d-puzzle/epiteszet/fa-mechanikus-3d-kirako-marvanypalya-london-rokr-egb01-p264	2	8	0.25	2.62
https://hu.robotoys.eu/fabol-keszult-3d-puzzle/hangszerek/elektromos-gitar-modell-rokr-tg605k-p33	2	38	0.052632	3.24
https://hu.robotoys.eu/fabol-keszult-3d-puzzle/jarmuvek/fa-3d-puzzle-mozdony-little-story-e012-p124	2	22	0.090909	5.32
https://hu.robotoys.eu/puzzle-verseny/sakura-pavilon-rolife-tga07-268	2	5	0.4	1
https://it.robotoys.eu/blog/puzzle-3d-in-legno-come-scegliere-il-tuo-primo-kit-di-costruzione-e-cosa-preparare	2	76	0.026316	6.07
https://it.robotoys.eu/blog/storia-dei-puzzle-in-legno-3d-dalle-origini-al-presente	2	379	0.005277	10.27
https://it.robotoys.eu/blog/un-regalo-per-luomo-che-ha-gia-tutto-24-consigli-originali-che-lo-sorprenderanno-davvero	2	50	0.04	19.14
https://it.robotoys.eu/case-in-miniatura/camere-in-miniatura/il-giardino-di-mr-miller-rolife-dg108-p23	2	37	0.054054	6.7
https://it.robotoys.eu/case-in-miniatura/camere-in-miniatura/la-serra-della-signora-cathy-rolife-dg104-p28	2	75	0.026667	4.45
https://it.robotoys.eu/i-regali-piu-costosi-per-i-bambini	2	54	0.037037	7.59
https://it.robotoys.eu/link-utili/circa-la-societa/vendita-allingrosso	2	22	0.090909	10.41
https://it.robotoys.eu/puzzle-3d-in-legno-piu-di-300-pezzi	2	100	0.02	16.09
https://it.robotoys.eu/puzzle-3d-in-legno/armi/fucile-ak-47-rokr-lq901-p67	2	73	0.027397	4.51
https://it.robotoys.eu/puzzle-3d-in-legno/carillon/puzzle-meccanico-3d-in-legno-giostra-classica-rolife-amc01-p146	2	70	0.028571	4.09
https://it.robotoys.eu/puzzle-3d-in-legno/carillon/ruota-panoramica-rolife-tgn01-p18	2	72	0.027778	5.83
https://it.robotoys.eu/puzzle-3d-in-legno/fiori/puzzle-3d-in-legno-camelia-rossa-rowood-tw031-p102	2	92	0.021739	5.36
https://it.robotoys.eu/puzzle-3d-in-legno/fiori/puzzle-3d-in-legno-sakura-bonsai-rolife-tg415-p142	2	71	0.028169	3.76
https://it.robotoys.eu/puzzle-3d-in-legno/gli-animali/puzzle-3d-in-legno-ape-little-story-d001-p128	2	51	0.039216	4.22
https://it.robotoys.eu/puzzle-3d-in-legno/orologi-calendari	2	36	0.055556	6.36
https://it.robotoys.eu/puzzle-3d-in-legno/strumenti-musicali/puzzle-3d-in-legno-grammofono-rolife-tg408-p39	2	160	0.0125	6.59
https://it.robotoys.eu/puzzle-3d-in-legno/veicoli	2	205	0.009756	5.75
https://it.robotoys.eu/puzzle-3d-in-legno/veicoli/locomotiva-rokr-lk701-p7	2	18	0.111111	7
https://it.robotoys.eu/puzzle-3d-in-legno/veicoli/modello-di-barca-a-vela-rolife-tg305-p21	2	58	0.034483	5.45
https://it.robotoys.eu/puzzle-3d-in-legno/veicoli/motorcycle-cruiser-rokr-lk504-p12	2	14	0.142857	3.57
https://it.robotoys.eu/vendita-di-prodotti-a-marchio-rokr	2	17	0.117647	5.12
https://lt.robotoys.eu/miniatiuriniai-namai/miniatiuriniai-kambariai/miniatiurinis-namas-magijos-mokykla-rolife-dg166-p163	2	2	1	7.5
https://lv.robotoys.eu/	2	35	0.057143	9.09
https://lv.robotoys.eu/emuars/stasts-par-slaveno-tauera-tiltu-ka-atvest-londonu-savas-majas	2	109	0.018349	5.42
https://lv.robotoys.eu/miniaturas-majas/miniaturas-istabas	2	67	0.029851	6.24
https://nl.robotoys.eu/houten-3d-puzzel/muziekdoosjes/elektrische-platenspeler-rokr-lkb01d-p68	2	99	0.020202	6.76
https://nl.robotoys.eu/houten-3d-puzzel/muziekinstrumenten/accordeon-rolife-tg410-p41	2	15	0.133333	3.73
https://nl.robotoys.eu/houten-3d-puzzel/voertuigen/houten-3d-puzzel-tank-leopard-1-little-story-wot07-p179	2	19	0.105263	6.68
https://nl.robotoys.eu/merken/rowood	2	192	0.010417	7.38
https://pl.robotoys.eu/drewniane-puzzle-3d/architektura/pieciopietrowa-pagoda-rolife-tgn02-p45	2	84	0.02381	5.12
https://pl.robotoys.eu/drewniane-puzzle-3d/architektura/podswietlana-wieza-eiffla-rolife-tgl01-p73	2	283	0.007067	5.45
https://pl.robotoys.eu/drewniane-puzzle-3d/instrumenty-muzyczne	2	74	0.027027	8.45
https://pl.robotoys.eu/drewniane-puzzle-3d/instrumenty-muzyczne/model-gitary-elektrycznej-rokr-tg605k-p33	2	82	0.02439	3
https://pl.robotoys.eu/drewniane-puzzle-3d/pojazdy/drewniane-puzzle-3d-czolg-t-34-85-little-story-wot02-p135	2	227	0.008811	8.77
https://pl.robotoys.eu/drewniane-puzzle-3d/pojazdy/drewniane-puzzle-3d-syrena-105-little-story-e004-p96	2	29	0.068966	5.59
https://pl.robotoys.eu/drewniane-puzzle-3d/pojazdy/drewniane-puzzle-3d-warszawa-m20-little-story-e006-p98	2	58	0.034483	9
https://pl.robotoys.eu/drewniane-puzzle-3d/pojazdy/model-samochodu-grand-prix-rokr-mc401-p16	2	14	0.142857	5.07
https://pl.robotoys.eu/drewniane-puzzle-3d/pozytywki	2	75	0.026667	6.63
https://pl.robotoys.eu/drewniane-puzzle-3d/pozytywki/drewniana-mechaniczna-ukladanka-3d-magiczna-harfa-rokr-amk71-p254	2	37	0.054054	4.22
https://pl.robotoys.eu/drewniane-puzzle-3d/pozytywki/gramofon-elektryczny-rokr-lkb01d-p68	2	224	0.008929	6.48
https://pl.robotoys.eu/drewniane-puzzle-3d/pozytywki/pozytywka-magiczna-wiolonczela-rokr-amk63-p1	2	100	0.02	5.17
https://pl.robotoys.eu/drewniane-puzzle-3d/stem-lab/drewniana-mechaniczna-ukladanka-3d-fabryka-prezentow-marzen-rokr-eab01-p202	2	101	0.019802	6.23
https://pl.robotoys.eu/drewniane-puzzle-3d/zwierzeta	2	208	0.009615	6.81
https://pl.robotoys.eu/miniaturowe-domki/miniaturowe-pokoje/szklarnia-pani-cathy-rolife-dg104-p28	2	43	0.046512	4.79
https://pt.robotoys.eu/blogue/10-ferramentas-que-voce-precisa-ao-montar-um-quebra-cabeca-3d-de-madeira	2	172	0.011628	7.38
https://pt.robotoys.eu/blogue/top-5-atividades-que-apoiam-o-desenvolvimento-de-habilidades-motoras	2	124	0.016129	8.34
https://pt.robotoys.eu/marcas/rokr	2	90	0.022222	5.96
https://pt.robotoys.eu/os-presentes-mais-caros-para-criancas	2	36	0.055556	5.17
https://pt.robotoys.eu/quebra-cabeca-3d-de-madeira/instrumentos-musicais	2	33	0.060606	7.39
https://pt.robotoys.eu/quebra-cabeca-3d-de-madeira/o-universo/globo-luminoso-rokr-st003-p3	2	16	0.125	4.25
https://pt.robotoys.eu/quebra-cabeca-3d-de-madeira/o-universo/sistema-solar-rokr-st001-p71	2	36	0.055556	3.42
https://pt.robotoys.eu/quebra-cabeca-3d-de-madeira/stem-lab/quebra-cabeca-3d-mecanico-de-madeira-impressora-classica-rokr-lk602-p90	2	97	0.020619	8.61
https://ro.robotoys.eu/blog/ce-trebuie-sa-stiti-inainte-de-a-construi-case-in-miniatura	2	43	0.046512	6.42
https://ro.robotoys.eu/blog/cel-mai-bun-cadou-pentru-ea-un-colt-magic-pentru-un-iubitor-de-carte	2	32	0.0625	10.91
https://ro.robotoys.eu/puzzle-3d-din-lemn	2	10	0.2	10.2
https://ro.robotoys.eu/puzzle-3d-din-lemn/arme/puzzle-mecanic-3d-din-lemn-mini-pistol-rokr-lq502-p147	2	12	0.166667	3.58
https://ro.robotoys.eu/puzzle-3d-din-lemn/ceasuri-calendare/puzzle-mecanic-3d-din-lemn-ceas-cu-cuc-rokr-lc901c-p198	2	20	0.1	9.3
https://robotoys.eu/blog/rokr-your-entry-into-the-world-of-creativity-and-entertainment	2	630	0.003175	10.68
https://robotoys.eu/blog/the-story-of-the-famous-tower-bridge-how-to-bring-london-to-your-home	2	140	0.014286	8.36
https://robotoys.eu/miniature-houses	2	23	0.086957	7.39
https://robotoys.eu/miniature-houses/miniature-stores	2	49	0.040816	8.61
https://robotoys.eu/the-best-rated-products-of-the-rokr-brand	2	157	0.012739	7.27
https://robotoys.eu/the-most-expensive-birthday-gifts	2	205	0.009756	8.26
https://robotoys.eu/the-most-expensive-gifts-for-women-and-girls	2	200	0.01	8.77
https://robotoys.eu/the-most-popular-miniature-houses	2	3	0.666667	3
https://robotoys.eu/wooden-3d-puzzle-in-action	2	75	0.026667	6.95
https://robotoys.eu/wooden-3d-puzzle/architecture/big-ben-model-with-led-lighting-rolife-tg507-p20	2	91	0.021978	5.99
https://robotoys.eu/wooden-3d-puzzle/architecture/model-of-the-eiffel-tower-rolife-tg501-p17	2	83	0.024096	6.84
https://robotoys.eu/wooden-3d-puzzle/architecture/wooden-3d-puzzle-colosseum-little-story-e016-p126	2	126	0.015873	6.67
https://robotoys.eu/wooden-3d-puzzle/architecture/wooden-3d-puzzle-sakura-pavilion-rolife-tga07-p268	2	31	0.064516	5.94
https://robotoys.eu/wooden-3d-puzzle/clocks-calendars/clock-owl-rokr-lk503-p6	2	107	0.018692	15.11
https://robotoys.eu/wooden-3d-puzzle/flowers/wooden-3d-puzzle-golden-sunflower-rowood-th002-p193	2	28	0.071429	6.14
https://robotoys.eu/wooden-3d-puzzle/flowers/wooden-3d-puzzle-sakura-rowood-tw101-p195	2	138	0.014493	5.58
https://robotoys.eu/wooden-3d-puzzle/flowers/wooden-3d-puzzle-sunflower-rowood-tw011-p113	2	122	0.016393	6.95
https://robotoys.eu/wooden-3d-puzzle/music-boxes/music-box-starry-night-rokr-amk51-p11	2	116	0.017241	8.12
https://robotoys.eu/wooden-3d-puzzle/music-boxes/wooden-mechanical-3d-puzzle-sakura-dreamy-tour-rolife-amt02-p219	2	26	0.076923	5.85
https://robotoys.eu/wooden-3d-puzzle/stem-lab/wooden-mechanical-3d-puzzle-mechanical-typewriter-classic-version-rokr-lk703b-p265	2	39	0.051282	8.05
https://robotoys.eu/wooden-3d-puzzle/the-universe/wooden-mechanical-3d-puzzle-space-shuttle-rokr-lka02-p253	2	28	0.071429	8.32
https://robotoys.eu/wooden-3d-puzzle/vehicles/dump-truck-model-rokr-tg603k-p34	2	28	0.071429	4.61
https://robotoys.eu/wooden-3d-puzzle/vehicles/grand-prix-car-model-rokr-mc401-p16	2	56	0.035714	5.96
https://robotoys.eu/wooden-3d-puzzle/vehicles/historic-tramcar-rolife-tg505-p40	2	74	0.027027	5.61
https://robotoys.eu/wooden-3d-puzzle/vehicles/wooden-3d-puzzle-paddle-steamer-river-princess-eco-wood-art-p159	2	36	0.055556	5.69
https://robotoys.eu/wooden-3d-puzzle/vehicles/wooden-3d-puzzle-royal-carriage-rolife-tg302-p62	2	15	0.133333	10.6
https://robotoys.eu/wooden-3d-puzzle/vehicles/wooden-3d-puzzle-self-propelled-lawn-mower-cs-150c-eco-wood-art-p234	2	18	0.111111	4.17
https://robotoys.eu/wooden-3d-puzzle/vehicles/wooden-3d-puzzle-speedway-motorcycle-little-story-e019-p171	2	37	0.054054	5.62
https://robotoys.eu/wooden-3d-puzzle/vehicles/wooden-mechanical-3d-puzzle-fire-truck-eco-wood-art-p208	2	34	0.058824	6.76
https://robotoys.eu/wooden-3d-puzzle/vehicles/wooden-mechanical-3d-puzzle-grain-harvester-gh800-eco-wood-art-p160	2	22	0.090909	7.45
https://robotoys.eu/wooden-3d-puzzle/weapons/ak-47-rifle-rokr-lq901-p67	2	115	0.017391	8.84
https://se.robotoys.eu/3d-pussel-i-tra/arkitektur/tra-3d-pussel-notre-dame-cathedral-little-story-e017-p127	2	39	0.051282	11.97
https://se.robotoys.eu/blogg/top-5-aktiviteter-som-stodjer-utvecklingen-av-motorik	2	142	0.014085	11.31
https://si.robotoys.eu/blog/lesen-sopek-ki-nikoli-ne-oveni-odkrijte-carobnost-3d-cvetlicnih-sestavljank	2	27	0.074074	5.89
https://si.robotoys.eu/blog/top-5-dejavnosti-ki-podpirajo-razvoj-motoricnih-sposobnosti	2	46	0.043478	6.91
https://si.robotoys.eu/lesena-3d-sestavljanka/roze	2	21	0.095238	3.48
https://si.robotoys.eu/prodaja-miniaturnih-his	2	18	0.111111	25.56
https://bg.robotoys.eu/blog/drveny-3d-pzely-kak-da-yzberete-prvyia-sy-komplekt-za-sglobiavane-y-za-kakvo-da-se-podgotvyte	1	13	0.076923	6.62
https://bg.robotoys.eu/blog/nai-dobryiat-podark-za-nego-orygynalen-s-ystorycheska-notka	1	10	0.1	4.4
https://bg.robotoys.eu/blog/razdvyzhete-mozka-sy-s-3d-drveny-mekhanychny-pzely	1	7	0.142857	6.57
https://bg.robotoys.eu/blog/yzgrazhdane-na-pzely-nai-dobroto-zanymanye-za-pensyonery	1	6	0.166667	6.67
https://bg.robotoys.eu/drven-3d-pzel-vreme-za-sglobiavane-ot-3-do-5-chasa	1	20	0.05	10.9
https://bg.robotoys.eu/drven-3d-pzel/arkhytektura/drven-3d-pzel-byblyoteka-na-morskyia-briag-p261	1	6	0.166667	9.83
https://bg.robotoys.eu/drven-3d-pzel/arkhytektura/sveteshcha-aifelova-kula-rolife-tgl01-p73	1	5	0.2	6.4
https://bg.robotoys.eu/drven-3d-pzel/chasovnytsy-y-kalendary/drven-mekhanychen-3d-pzel-chasovnyk-s-kukuvytsa-rokr-lc901c-p198	1	9	0.111111	4.22
https://bg.robotoys.eu/drven-3d-pzel/muzykalny-kutyy/muzykalna-kutyia-magychesko-vyolonchelo-rokr-amk63-p1	1	33	0.030303	3.67
https://bg.robotoys.eu/drven-3d-pzel/prevozny-sredstva/drven-3d-pzel-yakhta-little-story-d015-p129	1	1	1	2
https://bg.robotoys.eu/drven-3d-pzel/prevozny-sredstva/drven-mekhanychen-3d-pzel-retro-kola-eco-wood-art-p157	1	1	1	8
https://bg.robotoys.eu/drven-3d-pzel/stem-lab/drven-mekhanychen-3d-pzel-fabryka-za-podartsy-mechty-rokr-eab01-p202	1	4	0.25	3.25
https://bg.robotoys.eu/drven-3d-pzel/tsvetia/drven-3d-pzel-buket-tsvetia-rowood-tw01h-p100	1	9	0.111111	4.33
https://bg.robotoys.eu/drven-3d-pzel/tsvetia/drven-3d-pzel-lylava-peperuda-orkhydeia-rowood-tw091-p194	1	2	0.5	1
https://bg.robotoys.eu/drven-3d-pzel/vselenata/sveteshch-globus-rokr-st003-p3	1	6	0.166667	4.17
https://bg.robotoys.eu/marky/rowood	1	8	0.125	2.5
https://bg.robotoys.eu/mynyatiurny-kshchy/knygy-nook/sakura-densya-rolife-tgb01-p29	1	5	0.2	4
https://bg.robotoys.eu/mynyatiurny-kshchy/mynyatiurny-magazyny	1	2	0.5	12
https://bg.robotoys.eu/nai-evtynyiat-drven-3d-pzel	1	1	1	18
https://bg.robotoys.eu/polezny-vrzky/za-kompanyiata/trgovyia-na-edro	1	8	0.125	7
https://bg.robotoys.eu/polezny-vrzky/za-kompanyiata/za-nas	1	8	0.125	5.25
https://bg.robotoys.eu/razprodazhba-na-produkty-s-marka-rokr	1	2	0.5	11.5
https://cz.robotoys.eu/blog/co-si-pripravit-pred-prvnim-skladanim-dreveneho-3d-puzzle	1	13	0.076923	6
https://cz.robotoys.eu/blog/darek-pro-muze-ktery-uz-vsechno-ma-24-originalnich-tipu-ktere-ho-opravdu-prekvapi	1	31	0.032258	12.26
https://cz.robotoys.eu/blog/drevena-kytice-ktera-nikdy-nezvadne-objev-kouzlo-3d-puzzle-kvetin	1	199	0.005025	7.02
https://cz.robotoys.eu/blog/tiktok-trend-dopaminove-hobby-co-to-znamena-a-proc-jsou-puzzle-top-volba	1	1	1	2
https://cz.robotoys.eu/drevene-3d-puzzle-doba-skladani-vice-nez-5-hodin	1	5	0.2	8.6
https://cz.robotoys.eu/drevene-3d-puzzle/architektura	1	19	0.052632	5.95
https://cz.robotoys.eu/drevene-3d-puzzle/architektura/model-tower-bridge-s-led-osvetlenim-rolife-tg412-p19	1	20	0.05	5.65
https://cz.robotoys.eu/drevene-3d-puzzle/hraci-skrinky	1	74	0.013514	13.09
https://cz.robotoys.eu/drevene-3d-puzzle/hraci-skrinky/elektricky-gramofon-rokr-lkb01d-p68	1	574	0.001742	11.92
https://cz.robotoys.eu/drevene-3d-puzzle/hudebni-nastroje/housle-capriccio-rokr-tg604k-p66	1	24	0.041667	3.79
https://cz.robotoys.eu/drevene-3d-puzzle/kvety/drevene-3d-puzzle-sakura-rowood-tw101-p195	1	28	0.035714	3.14
https://cz.robotoys.eu/drevene-3d-puzzle/stem-lab/drevene-mechanicke-3d-puzzle-tovarna-na-darky-snu-rokr-eab01-p202	1	53	0.018868	7.92
https://cz.robotoys.eu/drevene-3d-puzzle/vesmir	1	4	0.25	6.5
https://cz.robotoys.eu/drevene-3d-puzzle/vesmir/svitici-globus-rokr-st003-p3	1	250	0.004	5.73
https://cz.robotoys.eu/drevene-3d-puzzle/vozidla/drevene-3d-puzzle-plachetnice-pan-mori-eco-wood-art-p216	1	30	0.033333	4.03
https://cz.robotoys.eu/drevene-3d-puzzle/vozidla/drevene-3d-puzzle-tank-fv4005-little-story-wot09-p236	1	24	0.041667	4.54
https://cz.robotoys.eu/drevene-3d-puzzle/vozidla/drevene-3d-puzzle-tank-leopard-1-little-story-wot07-p179	1	49	0.020408	3.22
https://cz.robotoys.eu/drevene-3d-puzzle/vozidla/drevene-3d-puzzle-tank-maus-little-story-wot10-p237	1	6	0.166667	2.5
https://cz.robotoys.eu/drevene-3d-puzzle/vozidla/drevene-3d-puzzle-tank-t-34-85-little-story-wot02-p135	1	18	0.055556	3.89
https://cz.robotoys.eu/drevene-3d-puzzle/vozidla/drevene-mechanicke-3d-puzzle-kombajn-pro-sber-obili-gh800-eco-wood-art-p160	1	33	0.030303	3.45
https://cz.robotoys.eu/drevene-3d-puzzle/vozidla/model-parni-lokomotivy-rokr-mc501-p13	1	38	0.026316	12.79
https://cz.robotoys.eu/drevene-3d-puzzle/zbrane	1	82	0.012195	6.29
https://cz.robotoys.eu/drevene-3d-puzzle/zbrane/drevene-mechanicke-3d-puzzle-kulomet-s-rotacni-hlavni-rokr-lqa01-p218	1	16	0.0625	5.62
https://cz.robotoys.eu/miniaturni-domecky/books-nook/knihkupectvi-rolife-tgb07-p76	1	23	0.043478	11.04
https://cz.robotoys.eu/miniaturni-domecky/books-nook/time-travel-rolife-tgb04-p60	1	3	0.333333	1.33
https://cz.robotoys.eu/miniaturni-domecky/books-nook/vlozka-do-police-na-knihy-pohadkovy-zabavni-park-rolife-tgb17-p257	1	4	0.25	3.5
https://cz.robotoys.eu/miniaturni-domky-doba-skladani-vice-nez-5-hodin	1	29	0.034483	5.07
https://cz.robotoys.eu/miniaturni-domky-stredni-obtiznost	1	41	0.02439	6.29
https://cz.robotoys.eu/nejdrazsi-darky-na-narozeniny	1	22	0.045455	5.73
https://cz.robotoys.eu/nejnovejsi-produkty-znacky-rokr	1	5	0.2	2.2
https://cz.robotoys.eu/soutez-v-puzzle/svatecni-kavarna-rolife-tgb15-225	1	3	0.333333	8
https://cz.robotoys.eu/vyprodej-produktu-znacky-rolife	1	3	0.333333	3.67
https://cz.robotoys.eu/znacky/eco-wood-art	1	26	0.038462	4.31
https://cz.robotoys.eu/znacky/little-story	1	18	0.055556	3.83
https://de.robotoys.eu/3d-puzzle-aus-holz-hoher-schwierigkeitsgrad	1	12	0.083333	11.67
https://de.robotoys.eu/3d-puzzle-aus-holz/die-architektur	1	47	0.021277	9.32
https://de.robotoys.eu/3d-puzzle-aus-holz/die-architektur/3d-holzpuzzle-sydney-opera-house-little-story-e028-p238	1	24	0.041667	3.17
https://de.robotoys.eu/3d-puzzle-aus-holz/die-architektur/3d-puzzle-aus-holz-bibliothek-am-meer-p261	1	44	0.022727	7.75
https://de.robotoys.eu/3d-puzzle-aus-holz/die-architektur/3d-puzzle-aus-holz-buchhandlung-in-einer-alten-gasse-p262	1	24	0.041667	7.33
https://de.robotoys.eu/3d-puzzle-aus-holz/die-architektur/3d-puzzle-aus-holz-colosseum-little-story-e016-p126	1	285	0.003509	10.2
https://de.robotoys.eu/3d-puzzle-aus-holz/die-architektur/beleuchteter-eiffelturm-rolife-tgl01-p73	1	53	0.018868	6.98
https://de.robotoys.eu/3d-puzzle-aus-holz/die-architektur/big-ben-modell-mit-led-beleuchtung-rolife-tg507-p20	1	108	0.009259	7.13
https://de.robotoys.eu/3d-puzzle-aus-holz/die-architektur/funfstockige-pagode-rolife-tgn02-p45	1	39	0.025641	6.41
https://de.robotoys.eu/3d-puzzle-aus-holz/die-tiere	1	80	0.0125	15.57
https://de.robotoys.eu/3d-puzzle-aus-holz/fahrzeuge	1	31	0.032258	10.06
https://de.robotoys.eu/3d-puzzle-aus-holz/fahrzeuge/3d-puzzle-aus-holz-segelschiff-lord-of-the-seas-eco-wood-art-p216	1	132	0.007576	9.81
https://de.robotoys.eu/3d-puzzle-aus-holz/fahrzeuge/bulldozer-modell-rokr-tg509k-p32	1	5	0.2	2.4
https://de.robotoys.eu/3d-puzzle-aus-holz/fahrzeuge/holz-3d-puzzle-bagger-rokr-tg508k-p197	1	35	0.028571	5.77
https://de.robotoys.eu/3d-puzzle-aus-holz/fahrzeuge/holz-3d-puzzle-jeep-little-story-d003-p167	1	9	0.111111	4.22
https://de.robotoys.eu/3d-puzzle-aus-holz/fahrzeuge/holz-3d-puzzle-raddampfer-river-princess-eco-wood-art-p159	1	18	0.055556	6.39
https://de.robotoys.eu/3d-puzzle-aus-holz/fahrzeuge/holz-3d-puzzle-tank-tortoise-little-story-wot08-p180	1	13	0.076923	3.62
https://de.robotoys.eu/3d-puzzle-aus-holz/fahrzeuge/muldenkipper-modell-rokr-tg603k-p34	1	4	0.25	2.25
https://de.robotoys.eu/3d-puzzle-aus-holz/fahrzeuge/oldtimer-rokr-mc801-p72	1	10	0.1	6.9
https://de.robotoys.eu/3d-puzzle-aus-holz/musikinstrumente/3d-puzzle-aus-holz-grammophon-rolife-tg408-p39	1	19	0.052632	4.11
https://de.robotoys.eu/3d-puzzle-aus-holz/musikinstrumente/akkordeon-rolife-tg410-p41	1	14	0.071429	4.86
https://de.robotoys.eu/3d-puzzle-aus-holz/musikinstrumente/magic-piano-rokr-amk81-p70	1	42	0.02381	9.36
https://de.robotoys.eu/3d-puzzle-aus-holz/spieluhren/mechanisches-3d-puzzle-aus-holz-klassisches-karussell-rolife-amc01-p146	1	37	0.027027	6.54
https://de.robotoys.eu/3d-puzzle-aus-holz/spieluhren/romantisches-karussell-rokr-amk62-p77	1	10	0.1	9.9
https://de.robotoys.eu/3d-puzzle-aus-holz/stem-lab/mechanisches-3d-puzzle-aus-holz-schokoladenfabrik-rokr-lga02-p75	1	45	0.022222	5.29
https://de.robotoys.eu/3d-puzzle-aus-holz/waffen/ak-47-gewehr-rokr-lq901-p67	1	31	0.032258	6.32
https://de.robotoys.eu/3d-puzzle-aus-holz/waffen/mechanisches-3d-puzzle-aus-holz-minipistole-rokr-lq502-p147	1	14	0.071429	5.14
https://de.robotoys.eu/am-besten-bewertete-miniaturhauser	1	4	0.25	5.75
https://de.robotoys.eu/bloggen/ratsel-bauen-die-beste-beschaftigung-fur-rentner	1	5	0.2	7.4
https://de.robotoys.eu/bloggen/world-of-tanks-jetzt-in-ihrem-regal	1	5	0.2	15.4
https://de.robotoys.eu/das-teuerste-3d-holzpuzzle	1	17	0.058824	11.47
https://de.robotoys.eu/die-teuersten-geschenke-fur-kinder	1	21	0.047619	5.14
https://de.robotoys.eu/die-teuersten-geschenke-fur-manner-und-jungen	1	2	0.5	9
https://de.robotoys.eu/miniaturhauser/miniaturladen/miniaturhaus-blumenbonbons-und-tees-rolife-dg146-p92	1	3	0.333333	1
https://dk.robotoys.eu/blog/10-vaerktojer-du-skal-bruge-nar-du-samler-et-3d-puslespil-af-trae	1	45	0.022222	6.24
https://dk.robotoys.eu/blog/3d-puslespil-i-trae-sadan-vaelger-du-dit-forste-byggesaet-og-hvad-du-skal-forberede-dig-pa	1	44	0.022727	9.77
https://dk.robotoys.eu/blog/den-bedste-gave-til-ham-original-med-et-strejf-af-historie	1	6	0.166667	24.33
https://dk.robotoys.eu/blog/lille-historie-3d-byggesaet-der-kombinerer-kreativitet-sjov-og-kvalitet	1	133	0.007519	9.16
https://dk.robotoys.eu/de-dyreste-gaver-til-maend-og-drenge	1	3	0.333333	3.33
https://dk.robotoys.eu/de-dyreste-produkter-af-rokr-maerket	1	2	0.5	9
https://dk.robotoys.eu/de-nyeste-produkter-fra-rokr-maerket	1	2	0.5	1.5
https://dk.robotoys.eu/miniaturehuse/miniature-butikker/blomsterbutik-emily-rolife-dg145-p25	1	12	0.083333	15
https://dk.robotoys.eu/miniaturehuse/miniature-butikker/miniaturehus-restaurant-tipsy-rolife-dg167-p209	1	36	0.027778	6.94
https://dk.robotoys.eu/miniaturehuse/miniature-vaerelser/fru-cathys-drivhus-rolife-dg104-p28	1	47	0.021277	4.6
https://dk.robotoys.eu/miniaturehuse/miniature-vaerelser/miniaturehus-lilys-veranda-rolife-dg11-p93	1	3	0.333333	1.67
https://dk.robotoys.eu/trae-3d-puslespil/arkitektur/fem-etagers-pagode-rolife-tgn02-p45	1	14	0.071429	6.5
https://dk.robotoys.eu/trae-3d-puslespil/arkitektur/model-af-eiffeltarnet-rolife-tg501-p17	1	45	0.022222	3.76
https://dk.robotoys.eu/trae-3d-puslespil/arkitektur/oplyst-eiffeltarn-rolife-tgl01-p73	1	7	0.142857	8.14
https://dk.robotoys.eu/trae-3d-puslespil/arkitektur/trae-3d-puslespil-boghandel-i-en-gammel-gyde-p262	1	3	0.333333	6.67
https://dk.robotoys.eu/trae-3d-puslespil/blomster/trae-3d-puslespil-gylden-solsikke-rowood-th002-p193	1	9	0.111111	2.56
https://dk.robotoys.eu/trae-3d-puslespil/koretojer/damplokomotiv-model-rokr-mc501-p13	1	15	0.066667	7
https://dk.robotoys.eu/trae-3d-puslespil/koretojer/trae-3d-puslespil-yacht-little-story-d015-p129	1	2	0.5	2.5
https://dk.robotoys.eu/trae-3d-puslespil/koretojer/tung-lastbil-model-rokr-mc502-p27	1	3	0.333333	2.33
https://dk.robotoys.eu/trae-3d-puslespil/musikdaser/pariserhjul-rolife-tgn01-p18	1	9	0.111111	2.44
https://dk.robotoys.eu/trae-3d-puslespil/musikdaser/romantisk-karrusel-rokr-amk62-p77	1	16	0.0625	4.12
https://dk.robotoys.eu/trae-3d-puslespil/stem-lab/marble-parkour-rokr-lg501-p42	1	7	0.142857	7.86
https://dk.robotoys.eu/trae-3d-puslespil/universet/solar-system-rokr-st001-p71	1	39	0.025641	4.59
https://dk.robotoys.eu/trae-3d-puslespil/ure-kalendere/vaegur-zodiac-rokr-lc601-p52	1	10	0.1	5.7
https://ee.robotoys.eu/kingiideed-muuk	1	2	0.5	4.5
https://ee.robotoys.eu/koige-populaarsemad-miniatuursed-majad	1	6	0.166667	6.33
https://ee.robotoys.eu/miniatuursed-majad/miniatuursed-poed/miniatuurmaja-restoran-tipsy-rolife-dg167-p209	1	2	0.5	6
https://ee.robotoys.eu/puidust-3d-pusle-kokkupanekuaeg-ule-5-tunni	1	1	1	11
https://ee.robotoys.eu/puidust-3d-pusle/muusikariistad/maagiline-klaver-rokr-amk81-p70	1	29	0.034483	3
https://ee.robotoys.eu/puidust-3d-pusle/muusikariistad/puidust-3d-pusle-grammofon-rolife-tg408-p39	1	3	0.333333	6.67
https://ee.robotoys.eu/puidust-3d-pusle/relvad	1	11	0.090909	11
https://ee.robotoys.eu/puidust-3d-pusle/relvad/thompson-rokr-lqb01-p74	1	3	0.333333	1
https://ee.robotoys.eu/puidust-3d-pusle/soidukid/ajalooline-tramm-rolife-tg505-p40	1	1	1	8
https://ee.robotoys.eu/puidust-3d-pusle/soidukid/ohulaevamudel-rolife-tg407-p22	1	2	0.5	1.5
https://ee.robotoys.eu/puidust-3d-pusle/soidukid/puidust-3d-pusle-tank-leopard-1-little-story-wot07-p179	1	4	0.25	2.75
https://ee.robotoys.eu/puidust-3d-pusle/soidukid/puidust-mehaaniline-3d-pusle-tuletorjeauto-eco-wood-art-p208	1	13	0.076923	8.08
https://ee.robotoys.eu/uusim-puidust-3d-pusle	1	3	0.333333	4
https://es.robotoys.eu/blog/que-preparar-antes-de-armar-un-rompecabezas-3d-de-madera-por-primera-vez	1	4	0.25	6.25
https://es.robotoys.eu/blog/rokr-tu-entrada-al-mundo-de-la-creatividad-y-el-entretenimiento	1	63	0.015873	9.59
https://es.robotoys.eu/casas-en-miniatura-dificultad-alta	1	47	0.021277	9.38
https://es.robotoys.eu/casas-en-miniatura/habitaciones-en-miniatura/agencia-de-detectives-de-mose-rolife-dg157-p24	1	69	0.014493	47.01
https://es.robotoys.eu/casas-en-miniatura/habitaciones-en-miniatura/biblioteca-de-estudio-de-sam-rolife-dg102-p86	1	243	0.004115	3.67
https://es.robotoys.eu/casas-en-miniatura/habitaciones-en-miniatura/casa-en-miniatura-el-porche-de-lily-rolife-dg11-p93	1	4	0.25	5
https://es.robotoys.eu/casas-en-miniatura/rincon-de-libros/inserto-de-estanteria-callejon-del-vino-bajo-los-sakura-rolife-tgb11-p164	1	14	0.071429	6.14
https://es.robotoys.eu/casas-en-miniatura/rincon-de-libros/libreria-rolife-tgb07-p76	1	9	0.111111	6.44
https://es.robotoys.eu/casas-en-miniatura/rincon-de-libros/magical-house-rolife-tgb03-p58	1	4	0.25	3.5
https://es.robotoys.eu/casas-en-miniatura/tiendas-de-miniaturas/cafe-en-simon-rolife-dg109-p64	1	90	0.011111	4.99
https://es.robotoys.eu/concurso-de-rompecabezas/coche-con-energia-solar-harbinger-rover-rokr-ls402-14	1	1	1	5
https://es.robotoys.eu/concurso-de-rompecabezas/coche-de-carreras-rokr-lk505-141	1	4	0.25	5.25
https://es.robotoys.eu/concurso-de-rompecabezas/pabellon-sakura-rolife-tga07-268	1	10	0.1	8
https://es.robotoys.eu/concurso-de-rompecabezas/sistema-solar-rokr-st001-71	1	3	0.333333	6.67
https://es.robotoys.eu/concurso-de-rompecabezas/venecia-romantica-rolife-tgb08-107	1	4	0.25	6.25
https://es.robotoys.eu/el-rompecabezas-3d-de-madera-mas-caro	1	2	0.5	26
https://es.robotoys.eu/enlaces-utiles/acerca-de-la-compania/contacto	1	3	0.333333	5.33
https://es.robotoys.eu/enlaces-utiles/acerca-de-la-compania/venta-al-por-mayor	1	17	0.058824	4.94
https://es.robotoys.eu/enlaces-utiles/todo-sobre-compras	1	13	0.076923	1
https://es.robotoys.eu/los-regalos-mas-caros-para-ninos	1	50	0.02	4.46
https://es.robotoys.eu/rompecabezas-3d-de-madera	1	24	0.041667	11.04
https://es.robotoys.eu/rompecabezas-3d-de-madera-tiempo-de-montaje-de-3-a-5-horas	1	13	0.076923	7
https://es.robotoys.eu/rompecabezas-3d-de-madera/armas	1	220	0.004545	6.77
https://es.robotoys.eu/rompecabezas-3d-de-madera/armas/rifle-ak-47-rokr-lq901-p67	1	88	0.011364	6.24
https://es.robotoys.eu/rompecabezas-3d-de-madera/arquitectura/modelo-tower-bridge-con-iluminacion-led-rolife-tg412-p19	1	34	0.029412	5.12
https://es.robotoys.eu/rompecabezas-3d-de-madera/arquitectura/pagoda-de-cinco-pisos-rolife-tgn02-p45	1	244	0.004098	10.22
https://es.robotoys.eu/rompecabezas-3d-de-madera/arquitectura/puzzle-3d-de-madera-arco-de-la-victoria-little-story-e011-p123	1	50	0.02	7.38
https://es.robotoys.eu/rompecabezas-3d-de-madera/arquitectura/puzzle-3d-de-madera-torre-inclinada-de-pisa-little-story-e009-p114	1	13	0.076923	4.92
https://es.robotoys.eu/rompecabezas-3d-de-madera/arquitectura/rompecabezas-3d-de-madera-pabellon-sakura-rolife-tga07-p268	1	10	0.1	4.9
https://es.robotoys.eu/rompecabezas-3d-de-madera/arquitectura/torre-eiffel-iluminada-rolife-tgl01-p73	1	52	0.019231	4.4
https://es.robotoys.eu/rompecabezas-3d-de-madera/cajas-de-musica/caja-de-musica-violonchelo-magico-rokr-amk63-p1	1	19	0.052632	13.63
https://es.robotoys.eu/rompecabezas-3d-de-madera/el-universo/globo-luminoso-rokr-st003-p3	1	52	0.019231	5.75
https://es.robotoys.eu/rompecabezas-3d-de-madera/flores/puzzle-3d-de-madera-sakura-rowood-tw101-p195	1	27	0.037037	7.81
https://es.robotoys.eu/rompecabezas-3d-de-madera/flores/rompecabezas-3d-de-madera-sakura-bonsai-rolife-tg415-p142	1	123	0.00813	5.66
https://es.robotoys.eu/rompecabezas-3d-de-madera/instrumentos-musicales	1	41	0.02439	8.51
https://es.robotoys.eu/rompecabezas-3d-de-madera/instrumentos-musicales/bateria-rolife-tg409-p81	1	53	0.018868	6.04
https://es.robotoys.eu/rompecabezas-3d-de-madera/instrumentos-musicales/magic-piano-rokr-amk81-p70	1	76	0.013158	7.24
https://es.robotoys.eu/rompecabezas-3d-de-madera/instrumentos-musicales/puzzle-3d-de-madera-violonchelo-rolife-tg411-p85	1	23	0.043478	9.09
https://es.robotoys.eu/rompecabezas-3d-de-madera/los-animales/puzzle-3d-de-madera-leon-little-story-d011-p119	1	86	0.011628	5.01
https://es.robotoys.eu/rompecabezas-3d-de-madera/relojes-y-calendarios/reloj-buho-rokr-lk503-p6	1	51	0.019608	4.47
https://es.robotoys.eu/rompecabezas-3d-de-madera/relojes-y-calendarios/reloj-de-pared-romantico-rokr-lc701-p56	1	41	0.02439	4.71
https://es.robotoys.eu/rompecabezas-3d-de-madera/stem-lab	1	6	0.166667	5.17
https://es.robotoys.eu/rompecabezas-3d-de-madera/stem-lab/marmol-parkour-rokr-lg501-p42	1	36	0.027778	3.22
https://es.robotoys.eu/rompecabezas-3d-de-madera/stem-lab/puzzle-3d-mecanico-de-madera-impresora-clasica-rokr-lk602-p90	1	200	0.005	5.14
https://es.robotoys.eu/rompecabezas-3d-de-madera/vehiculos/modelo-de-camion-pesado-rokr-mc502-p27	1	19	0.052632	4
https://es.robotoys.eu/rompecabezas-3d-de-madera/vehiculos/modelo-de-locomotora-de-vapor-rokr-mc501-p13	1	25	0.04	5.2
https://es.robotoys.eu/rompecabezas-3d-de-madera/vehiculos/rompecabezas-3d-de-madera-buque-de-vapor-little-story-e025-p230	1	6	0.166667	5.33
https://es.robotoys.eu/rompecabezas-3d-de-madera/vehiculos/rompecabezas-3d-de-madera-tanque-leopard-1-little-story-wot07-p179	1	9	0.111111	2.33
https://es.robotoys.eu/rompecabezas-3d-de-madera/vehiculos/rompecabezas-mecanico-3d-de-madera-camion-de-bomberos-eco-wood-art-p208	1	61	0.016393	3.36
https://es.robotoys.eu/venta-de-puzzles-de-madera-3d	1	23	0.043478	8.3
https://fr.robotoys.eu/blog/construire-des-puzzles-la-meilleure-activite-pour-les-retraites	1	11	0.090909	5.91
https://fr.robotoys.eu/blog/le-meilleur-cadeau-pour-lui-original-avec-une-touche-dhistoire	1	6	0.166667	8.67
https://fr.robotoys.eu/blog/modeles-stem-et-bois	1	30	0.033333	8.13
https://fr.robotoys.eu/blog/puzzles-3d-en-bois-comment-choisir-son-premier-kit-de-construction-et-que-faut-il-preparer	1	24	0.041667	5.46
https://fr.robotoys.eu/casse-tete-3d-en-bois/architecture/maquette-de-la-tour-eiffel-rolife-tg501-p17	1	17	0.058824	8.65
https://fr.robotoys.eu/casse-tete-3d-en-bois/architecture/puzzle-3d-en-bois-arc-de-la-victoire-rolife-tg502-p47	1	10	0.1	5.2
https://fr.robotoys.eu/casse-tete-3d-en-bois/architecture/puzzle-3d-en-bois-mini-chalet-de-montagne-en-forme-de-a-rolife-dg181-p227	1	45	0.022222	4.51
https://fr.robotoys.eu/casse-tete-3d-en-bois/architecture/puzzle-3d-en-bois-opera-de-sydney-little-story-e028-p238	1	12	0.083333	2
https://fr.robotoys.eu/casse-tete-3d-en-bois/boites-a-musique	1	5	0.2	5.2
https://fr.robotoys.eu/casse-tete-3d-en-bois/fleurs/puzzle-3d-en-bois-jardiniere-en-bois-rowood-tw02h-p162	1	2	0.5	5.5
https://fr.robotoys.eu/casse-tete-3d-en-bois/fleurs/puzzle-3d-en-bois-livre-de-fleurs-en-bois-rowood-tw04h-p228	1	12	0.083333	4.25
https://fr.robotoys.eu/casse-tete-3d-en-bois/fleurs/puzzle-3d-en-bois-sakura-rowood-tw101-p195	1	13	0.076923	7.85
https://fr.robotoys.eu/casse-tete-3d-en-bois/instruments-de-musique/piano-magique-rokr-amk81-p70	1	33	0.030303	6.7
https://fr.robotoys.eu/casse-tete-3d-en-bois/instruments-de-musique/puzzle-3d-en-bois-gramophone-rolife-tg408-p39	1	29	0.034483	3.72
https://fr.robotoys.eu/casse-tete-3d-en-bois/instruments-de-musique/saxophone-rolife-tg309-p26	1	17	0.058824	6.24
https://fr.robotoys.eu/casse-tete-3d-en-bois/stem-lab/puzzle-3d-mecanique-en-bois-chocolaterie-rokr-lga02-p75	1	11	0.090909	8.64
https://fr.robotoys.eu/casse-tete-3d-en-bois/vehicules/maquette-dirigeable-rolife-tg407-p22	1	51	0.019608	4.88
https://fr.robotoys.eu/casse-tete-3d-en-bois/vehicules/puzzle-3d-en-bois-ambulance-eco-wood-art-p203	1	30	0.033333	8.23
https://fr.robotoys.eu/casse-tete-3d-en-bois/vehicules/puzzle-3d-en-bois-bat-chatillon-bourrasque-little-story-wot04-p134	1	21	0.047619	8.05
https://fr.robotoys.eu/casse-tete-3d-en-bois/vehicules/puzzle-3d-en-bois-char-b1-little-story-wot06-p178	1	11	0.090909	3.36
https://fr.robotoys.eu/casse-tete-3d-en-bois/vehicules/puzzle-3d-en-bois-maquette-bateau-de-peche-rolife-tg308-p38	1	29	0.034483	9.28
https://fr.robotoys.eu/casse-tete-3d-en-bois/vehicules/puzzle-3d-en-bois-tank-tortoise-little-story-wot08-p180	1	64	0.015625	2.95
https://fr.robotoys.eu/casse-tete-3d-en-bois/vehicules/puzzle-3d-en-bois-yankee-chopper-little-story-e024-p176	1	11	0.090909	4.45
https://fr.robotoys.eu/casse-tete-3d-en-bois/vehicules/puzzle-3d-mecanique-en-bois-voiture-de-course-jaune-eco-wood-art-p151	1	28	0.035714	10.29
https://fr.robotoys.eu/concours-de-puzzle/camion-little-story-d004-168	1	2	0.5	2
https://fr.robotoys.eu/concours-de-puzzle/navette-spatiale-rokr-lka02-253	1	7	0.142857	9.57
https://fr.robotoys.eu/concours-de-puzzle/nenuphars-scintillants-rowood-th001-192	1	4	0.25	6.5
https://fr.robotoys.eu/idees-de-cadeau	1	11	0.090909	1
https://fr.robotoys.eu/les-produits-de-la-marque-rolife-les-moins-chers	1	34	0.029412	6.76
https://fr.robotoys.eu/maisons-miniatures/boutiques-miniatures/magasin-de-sorcieres-kiki-rolife-dg155-p31	1	31	0.032258	5.29
https://fr.robotoys.eu/maisons-miniatures/coin-livres/insert-detagere-parc-dattractions-feerique-rolife-tgb17-p257	1	13	0.076923	4.15
https://fr.robotoys.eu/maisons-miniatures/coin-livres/sakura-densya-rolife-tgb01-p29	1	11	0.090909	6.27
https://fr.robotoys.eu/marques/little-story	1	17	0.058824	2.12
https://fr.robotoys.eu/puzzle-3d-en-bois-difficulte-elevee	1	47	0.021277	16.43
https://gr.robotoys.eu/idees-gia-dwra/dwra-genethliwn	1	82	0.012195	24.38
https://gr.robotoys.eu/istologio/ti-prepei-na-gnwrizete-prin-xtisete-miniatoyres-spitiwn	1	62	0.016129	6.42
https://gr.robotoys.eu/istologio/to-kalytero-dwro-gia-ayton-prwtotypo-me-mia-nota-istorias	1	17	0.058824	4.71
https://gr.robotoys.eu/istologio/to-kalytero-dwro-gia-ekeinh-mia-magikh-gwnia-gia-enan-bibliofilo	1	2	0.5	10
https://gr.robotoys.eu/ksylino-trisdiastato-pazl/arxitektonikh/fwtismenos-pyrgos-toy-aifel-rolife-tgl01-p73	1	3	0.333333	1
https://gr.robotoys.eu/ksylino-trisdiastato-pazl/arxitektonikh/ksylino-trisdiastato-pazl-kathedrikos-naos-toy-parisioy-rowood-tg511-p224	1	2	0.5	3.5
https://gr.robotoys.eu/ksylino-trisdiastato-pazl/moysika-organa/bioli-capriccio-rokr-tg604k-p66	1	2	0.5	2
https://gr.robotoys.eu/ksylino-trisdiastato-pazl/rologia-hmerologia/ksylino-trisdiastato-pazl-epitrapezio-hmerologio-rokr-lc801-p44	1	1	1	2
https://gr.robotoys.eu/ksylino-trisdiastato-pazl/stem-lab/proboleas-tainiwn-vitascope-rokr-lk601-p5	1	6	0.166667	8.17
https://gr.robotoys.eu/mikroskopika-spitia/biblia-nook/entheto-bibliothhkhs-sokaki-krasioy-katw-apo-ta-dentra-sakura-rolife-tgb11-p164	1	1	1	4
https://gr.robotoys.eu/mikroskopika-spitia/magazia-me-miniatoyres/anthopwleio-emily-rolife-dg145-p25	1	5	0.2	6.4
https://gr.robotoys.eu/mikroskopika-spitia/mikroskopika-dwmatia/thermokhpio-ths-kyrias-cathy-rolife-dg104-p28	1	11	0.090909	7.45
https://gr.robotoys.eu/ta-pio-dhmofilh-dwra-gia-gynaikes-kai-koritsia	1	5	0.2	6.2
https://hr.robotoys.eu/blog/idealan-poklon-za-djecu-koji-razvija-kreativnost-i-strpljenje	1	13	0.076923	12.54
https://hr.robotoys.eu/blog/pokrenite-svoj-mozak-pomocu-3d-drvenih-mehanickih-slagalica	1	6	0.166667	7.67
https://hr.robotoys.eu/blog/povijest-3d-drvenih-slagalica-od-pocetaka-do-danas	1	13	0.076923	7.08
https://hr.robotoys.eu/blog/slaganje-zagonetki-najbolja-aktivnost-za-umirovljenike	1	16	0.0625	7.38
https://hr.robotoys.eu/blog/world-of-tanks-sad-na-tvojoj-polici	1	4	0.25	8
https://hr.robotoys.eu/brendovi/eco-wood-art	1	4	0.25	3.5
https://hr.robotoys.eu/brendovi/rokr	1	67	0.014925	5.87
https://hr.robotoys.eu/drvena-3d-slagalica	1	9	0.111111	9.78
https://hr.robotoys.eu/drvena-3d-slagalica/arhitektura	1	8	0.125	5
https://hr.robotoys.eu/drvena-3d-slagalica/arhitektura/drvena-3d-slagalica-knjiznica-uz-obalu-p261	1	4	0.25	3.25
https://hr.robotoys.eu/drvena-3d-slagalica/glazbene-kutije	1	7	0.142857	13.71
https://hr.robotoys.eu/drvena-3d-slagalica/glazbeni-instrumenti/drvena-3d-puzzle-gramofon-rolife-tg408-p39	1	2	0.5	1
https://hr.robotoys.eu/drvena-3d-slagalica/glazbeni-instrumenti/model-elektricne-gitare-rokr-tg605k-p33	1	5	0.2	2.8
https://hr.robotoys.eu/drvena-3d-slagalica/glazbeni-instrumenti/violina-capriccio-rokr-tg604k-p66	1	6	0.166667	4
https://hr.robotoys.eu/drvena-3d-slagalica/satovi-i-kalendari/vjecni-kalendar-rokr-lk201-p55	1	7	0.142857	7
https://hr.robotoys.eu/drvena-3d-slagalica/stem-lab/drvena-mehanicka-3d-slagalica-mehanicki-pisaci-stroj-magicna-verzija-rokr-lk703c-p266	1	1	1	14
https://hr.robotoys.eu/drvena-3d-slagalica/svemir/monokularni-teleskop-rokr-st004-p8	1	3	0.333333	4
https://hr.robotoys.eu/drvena-3d-slagalica/zivotinje/drvena-3d-puzzle-lav-little-story-d011-p119	1	10	0.1	11.6
https://hr.robotoys.eu/ideje-za-darove/pokloni-za-njega	1	3	0.333333	10.67
https://hr.robotoys.eu/korisni-linkovi/o-drustvu/veleprodaja	1	3	0.333333	10.33
https://hr.robotoys.eu/korisni-linkovi/sve-o-kupovini	1	1	1	7
https://hr.robotoys.eu/minijaturne-kuce/knjige-nook/sakura-densya-rolife-tgb01-p29	1	3	0.333333	1.33
https://hr.robotoys.eu/minijaturne-kuce/minijaturne-trgovine	1	2	0.5	4
https://hr.robotoys.eu/minijaturne-kucice-100-do-149-kom	1	41	0.02439	13.63
https://hr.robotoys.eu/najjeftiniji-proizvodi-robne-marke-rokr	1	2	0.5	4.5
https://hr.robotoys.eu/natjecanje-u-slagalicama/ak-47-puska-rokr-lq901-67	1	1	1	9
https://hr.robotoys.eu/natjecanje-u-slagalicama/carobna-harfa-rokr-amk71-254	1	4	0.25	3.75
https://hu.robotoys.eu/a-legolcsobb-mini-hazak	1	32	0.03125	12.62
https://hu.robotoys.eu/blog/a-legjobb-ajandek-neki-varazslatos-sarok-a-konyvek-szerelmeseinek	1	72	0.013889	7.07
https://hu.robotoys.eu/blog/egy-soha-el-nem-hervado-fa-csokor-fedezd-fel-a-3d-s-viragkirakok-varazsat	1	22	0.045455	7.77
https://hu.robotoys.eu/fabol-keszult-3d-puzzle/az-univerzum/fa-mechanikus-3d-kirako-urhajo-rokr-lka02-p253	1	9	0.111111	5.33
https://hu.robotoys.eu/fabol-keszult-3d-puzzle/epiteszet/fabol-keszult-3d-puzzle-notre-dame-katedralis-little-story-e017-p127	1	19	0.052632	3
https://hu.robotoys.eu/fabol-keszult-3d-puzzle/fegyverek	1	26	0.038462	7.04
https://hu.robotoys.eu/fabol-keszult-3d-puzzle/fegyverek/fa-mechanikus-3d-kirako-geppuska-forgo-csovel-rokr-lqa01-p218	1	18	0.055556	3.11
https://hu.robotoys.eu/fabol-keszult-3d-puzzle/jarmuvek/fa-3d-kirako-orok-atlanti-voyager-1912-rolife-tgl02-p223	1	6	0.166667	10.17
https://hu.robotoys.eu/fabol-keszult-3d-puzzle/orak-naptarak/fa-mechanikus-3d-kirako-kakukkos-ora-fa-szinu-rokr-lc901-p217	1	9	0.111111	7.22
https://hu.robotoys.eu/fabol-keszult-3d-puzzle/orak-naptarak/fa-mechanikus-3d-kirako-kakukkos-ora-rokr-lc901c-p198	1	113	0.00885	4.27
https://hu.robotoys.eu/fabol-keszult-3d-puzzle/orak-naptarak/faliora-zodiac-rokr-lc601-p52	1	13	0.076923	2.54
https://hu.robotoys.eu/fabol-keszult-3d-puzzle/stem-lab/fa-mechanikus-3d-kirako-alomajandek-gyar-rokr-eab01-p202	1	30	0.033333	3.87
https://hu.robotoys.eu/fabol-keszult-3d-puzzle/stem-lab/filmvetito-vitascope-rokr-lk601-p5	1	5	0.2	2.4
https://hu.robotoys.eu/fabol-keszult-3d-puzzle/stem-lab/flipper-rokr-eg01-p43	1	33	0.030303	4.42
https://hu.robotoys.eu/fabol-keszult-3d-puzzle/viragok/fa-3d-puzzle-sakura-rowood-tw101-p195	1	10	0.1	4.9
https://hu.robotoys.eu/markak/rowood	1	40	0.025	2.23
https://hu.robotoys.eu/miniatur-hazak-150-199-db	1	3	0.333333	19
https://hu.robotoys.eu/miniatur-hazak-konnyu-nehezsegi-fokozat	1	19	0.052632	10.68
https://hu.robotoys.eu/miniatur-hazak-kozepes-nehezsegu	1	16	0.0625	8.25
https://hu.robotoys.eu/miniatur-hazak/konyvek-kucko/konyvespolc-betet-falling-sakura-rolife-tgb05-p50	1	3	0.333333	2.33
https://hu.robotoys.eu/miniatur-hazak/miniatur-szobak	1	6	0.166667	7
https://hu.robotoys.eu/miniatur-hazak/miniatur-szobak/mrs-cathy-uveghaza-rolife-dg104-p28	1	11	0.090909	3.18
https://hu.robotoys.eu/miniatur-hazak/miniatur-szobak/sam-dolgozoszoba-konyvtara-rolife-dg102-p86	1	10	0.1	4.2
https://hu.robotoys.eu/miniatur-hazak/miniatur-uzletek/miniatur-haz-etterem-tipsy-rolife-dg167-p209	1	41	0.02439	6.73
https://hu.robotoys.eu/puzzle-verseny/kavezo-a-simon-rolife-dg109-64	1	6	0.166667	3
https://hu.robotoys.eu/puzzle-verseny/vilagito-foldgomb-rokr-st003-3	1	7	0.142857	8.57
https://it.robotoys.eu/blog/cosa-devi-sapere-prima-di-costruire-case-in-miniatura	1	111	0.009009	7.52
https://it.robotoys.eu/blog/cosa-preparare-prima-di-assemblare-per-la-prima-volta-un-puzzle-3d-in-legno	1	11	0.090909	6.09
https://it.robotoys.eu/blog/metti-in-movimento-il-tuo-cervello-con-i-puzzle-meccanici-in-legno-3d	1	71	0.014085	8.65
https://it.robotoys.eu/blog/rokr-il-tuo-ingresso-nel-mondo-della-creativita-e-dellintrattenimento	1	112	0.008929	7.07
https://it.robotoys.eu/blog/stem-e-modelli-in-legno	1	35	0.028571	8.26
https://it.robotoys.eu/blog/top-5-attivita-che-supportano-lo-sviluppo-delle-capacita-motorie	1	40	0.025	6.92
https://it.robotoys.eu/case-in-miniatura-alta-difficolta	1	28	0.035714	5.61
https://it.robotoys.eu/case-in-miniatura/angolo-dei-libri/bookstore-rolife-tgb07-p76	1	37	0.027027	6.14
https://it.robotoys.eu/case-in-miniatura/camere-in-miniatura/biblioteca-studio-di-sam-rolife-dg102-p86	1	91	0.010989	3.52
https://it.robotoys.eu/case-in-miniatura/camere-in-miniatura/lagenzia-investigativa-di-mose-rolife-dg157-p24	1	5	0.2	5.2
https://it.robotoys.eu/case-in-miniatura/negozi-in-miniatura/negozio-di-streghe-kiki-rolife-dg155-p31	1	82	0.012195	6.74
https://it.robotoys.eu/concorso-di-puzzle/macchina-da-scrivere-meccanica-versione-classica-rokr-lk703b-265	1	23	0.043478	4.7
https://it.robotoys.eu/concorso-di-puzzle/sakura-dreamy-tour-rolife-amt02-219	1	21	0.047619	6.05
https://it.robotoys.eu/concorso-di-puzzle/sunshine-town-rolife-tgb02-30	1	7	0.142857	6
https://it.robotoys.eu/idee-regalo	1	16	0.0625	4.94
https://it.robotoys.eu/idee-regalo/regali-per-lei	1	8	0.125	4.88
https://it.robotoys.eu/le-case-in-miniatura-piu-popolari	1	49	0.020408	10.49
https://it.robotoys.eu/le-case-in-miniatura-piu-vendute	1	2	0.5	5
https://it.robotoys.eu/link-utili/circa-la-societa/chi-siamo	1	28	0.035714	4.61
https://it.robotoys.eu/prodotti-a-marchio-rolife-in-vendita	1	1	1	3
https://it.robotoys.eu/puzzle-3d-in-legno-da-100-a-149-pezzi	1	1	1	2
https://it.robotoys.eu/puzzle-3d-in-legno-tempo-di-montaggio-fino-a-1-ora	1	4	0.25	5
https://it.robotoys.eu/puzzle-3d-in-legno/architettura/puzzle-3d-in-legno-porta-di-brandeburgo-little-story-e015-p125	1	28	0.035714	4.46
https://it.robotoys.eu/puzzle-3d-in-legno/architettura/puzzle-3d-in-legno-torre-pendente-di-pisa-little-story-e009-p114	1	56	0.017857	9.46
https://it.robotoys.eu/puzzle-3d-in-legno/architettura/puzzle-meccanico-3d-in-legno-pista-per-biglie-di-londra-rokr-egb01-p264	1	18	0.055556	7.44
https://it.robotoys.eu/puzzle-3d-in-legno/armi/revolver-corsac-m60-rokr-lq401-p35	1	3	0.333333	1.33
https://it.robotoys.eu/puzzle-3d-in-legno/carillon/carillon-violoncello-magico-rokr-amk63-p1	1	51	0.019608	5.76
https://it.robotoys.eu/puzzle-3d-in-legno/carillon/giostra-romantica-rokr-amk62-p77	1	68	0.014706	5.16
https://it.robotoys.eu/puzzle-3d-in-legno/carillon/puzzle-3d-meccanico-in-legno-albero-di-natale-melodico-rolife-ams01-p138	1	160	0.00625	5.25
https://it.robotoys.eu/puzzle-3d-in-legno/fiori/puzzle-3d-in-legno-cestino-di-fiori-in-legno-rowood-tw03h-p210	1	5	0.2	8.2
https://it.robotoys.eu/puzzle-3d-in-legno/fiori/puzzle-3d-in-legno-garofano-rosso-rowood-tw052-p112	1	182	0.005495	5.08
https://it.robotoys.eu/puzzle-3d-in-legno/fiori/puzzle-3d-in-legno-iris-viola-rowood-tw121-p251	1	15	0.066667	6.2
https://it.robotoys.eu/puzzle-3d-in-legno/fiori/puzzle-3d-in-legno-orchidea-farfalla-viola-rowood-tw091-p194	1	37	0.027027	7.84
https://it.robotoys.eu/puzzle-3d-in-legno/fiori/puzzle-3d-in-legno-sakura-rowood-tw101-p195	1	38	0.026316	4.08
https://it.robotoys.eu/puzzle-3d-in-legno/gli-animali/puzzle-3d-in-legno-kangaroo-little-story-d014-p122	1	18	0.055556	9.44
https://it.robotoys.eu/puzzle-3d-in-legno/gli-animali/puzzle-3d-in-legno-t-rex-little-story-d006-p115	1	46	0.021739	5.07
https://it.robotoys.eu/puzzle-3d-in-legno/gli-animali/puzzle-meccanico-3d-in-legno-velociraptor-rokr-ld01-p220	1	11	0.090909	3.45
https://it.robotoys.eu/puzzle-3d-in-legno/luniverso/puzzle-meccanico-3d-in-legno-navetta-spaziale-rokr-lka02-p253	1	18	0.055556	5.44
https://it.robotoys.eu/puzzle-3d-in-legno/stem-lab/marmo-parkour-rokr-lg501-p42	1	27	0.037037	6.59
https://it.robotoys.eu/puzzle-3d-in-legno/stem-lab/puzzle-3d-in-legno-telefono-retro-eco-wood-art-p156	1	10	0.1	7.7
https://it.robotoys.eu/puzzle-3d-in-legno/stem-lab/puzzle-3d-meccanico-in-legno-fabbrica-di-cioccolato-rokr-lga02-p75	1	29	0.034483	8.28
https://it.robotoys.eu/puzzle-3d-in-legno/stem-lab/puzzle-meccanico-3d-in-legno-macchina-da-scrivere-eco-wood-art-p158	1	60	0.016667	6.23
https://it.robotoys.eu/puzzle-3d-in-legno/strumenti-musicali/batteria-rolife-tg409-p81	1	78	0.012821	3.91
https://it.robotoys.eu/puzzle-3d-in-legno/strumenti-musicali/chitarra-elettrica-modello-rokr-tg605k-p33	1	104	0.009615	5.25
https://it.robotoys.eu/puzzle-3d-in-legno/strumenti-musicali/puzzle-3d-in-legno-violoncello-rolife-tg411-p85	1	61	0.016393	4.7
https://it.robotoys.eu/puzzle-3d-in-legno/veicoli/camion-ribaltabile-modello-rokr-tg603k-p34	1	17	0.058824	3.24
https://it.robotoys.eu/puzzle-3d-in-legno/veicoli/modello-di-camion-pesante-rokr-mc502-p27	1	12	0.083333	4.83
https://it.robotoys.eu/puzzle-3d-in-legno/veicoli/modello-triplano-rolife-tg301-p46	1	5	0.2	2.6
https://it.robotoys.eu/puzzle-3d-in-legno/veicoli/puzzle-3d-in-legno-carro-armato-t-34-85-little-story-wot02-p135	1	12	0.083333	17.42
https://it.robotoys.eu/puzzle-3d-in-legno/veicoli/puzzle-3d-in-legno-elicottero-little-story-d017-p131	1	30	0.033333	3.7
https://it.robotoys.eu/puzzle-3d-in-legno/veicoli/puzzle-3d-in-legno-eternal-atlantic-voyager-1912-rolife-tgl02-p223	1	9	0.111111	3.44
https://it.robotoys.eu/puzzle-3d-in-legno/veicoli/puzzle-3d-in-legno-sakura-journey-rolife-tgs02-p105	1	72	0.013889	3.99
https://it.robotoys.eu/puzzle-3d-in-legno/veicoli/puzzle-3d-in-legno-steamboat-little-story-e025-p230	1	5	0.2	3.8
https://it.robotoys.eu/puzzle-3d-in-legno/veicoli/puzzle-3d-in-legno-veliero-lord-of-the-seas-eco-wood-art-p216	1	25	0.04	8.16
https://it.robotoys.eu/puzzle-3d-in-legno/veicoli/puzzle-meccanico-3d-in-legno-mietitrice-per-cereali-gh800-eco-wood-art-p160	1	6	0.166667	5.17
https://it.robotoys.eu/puzzle-3d-in-legno/veicoli/tram-storico-rolife-tg505-p40	1	55	0.018182	9.2
https://lt.robotoys.eu/brangiausios-dovanos-moterims-ir-merginoms	1	1	1	20
https://lt.robotoys.eu/dienorastis/medine-puokste-kuri-niekada-nenuvysta-atraskite-3d-geliu-delioniu-magija	1	5	0.2	7
https://lt.robotoys.eu/dienorastis/top-5-veiklu-kurios-padeda-lavinti-motorinius-igudzius	1	26	0.038462	7.04
https://lt.robotoys.eu/medine-3d-delione/geles	1	16	0.0625	11.94
https://lt.robotoys.eu/medine-3d-delione/laikrodziai-kalendoriai/laikrodzio-peleda-rokr-lk503-p6	1	2	0.5	24.5
https://lt.robotoys.eu/medine-3d-delione/transporto-priemones	1	8	0.125	3.38
https://lt.robotoys.eu/miniatiuriniai-namai/knygu-kampelis/knygu-lentynos-ideklas-gatves-vaizdas-rolife-tgb13-p256	1	7	0.142857	5.29
https://lt.robotoys.eu/naujausi-miniatiuriniai-namai	1	6	0.166667	9.17
https://lt.robotoys.eu/prekiniai-zenklai/rowood	1	5	0.2	3.8
https://lv.robotoys.eu/emuars/ideala-davana-berniem-kas-attista-radosumu-un-pacietibu	1	1	1	12
https://lv.robotoys.eu/emuars/kas-jums-jazina-pirms-miniaturu-maju-buvniecibas	1	8	0.125	6.25
https://lv.robotoys.eu/koka-3d-puzle/transportlidzekli/koka-3d-puzle-grand-prix-motocikls-little-story-e021-p173	1	2	0.5	3.5
https://lv.robotoys.eu/miniaturas-majas-150-lidz-199-gab	1	3	0.333333	5
https://lv.robotoys.eu/miniaturas-majas/gramatas-nook	1	32	0.03125	7.28
https://lv.robotoys.eu/miniaturas-majas/miniaturas-istabas/sema-macibu-biblioteka-rolife-dg102-p86	1	2	0.5	5.5
https://lv.robotoys.eu/miniaturas-majas/miniaturie-veikali	1	18	0.055556	6.78
https://lv.robotoys.eu/puzles-konkurss/sienas-pulkstenis-zodiac-rokr-lc601-52	1	2	0.5	10.5
https://lv.robotoys.eu/zimoli/rokr	1	1	1	2
https://nl.robotoys.eu/blog/breng-je-hersenen-in-beweging-met-3d-houten-mechanische-puzzels	1	23	0.043478	9.91
https://nl.robotoys.eu/blog/de-tiktok-trend-dopamine-hobby-wat-betekent-het-en-waarom-puzzels-zo-populair-zijn	1	12	0.083333	6.08
https://nl.robotoys.eu/blog/een-ideaal-cadeau-voor-kinderen-dat-creativiteit-en-geduld-ontwikkelt	1	21	0.047619	13
https://nl.robotoys.eu/blog/top-5-activiteiten-die-de-ontwikkeling-van-motorische-vaardigheden-ondersteunen	1	40	0.025	33.73
https://nl.robotoys.eu/blog/world-of-tanks-nu-in-je-kast	1	10	0.1	6.4
https://nl.robotoys.eu/handige-links/over-bedrijf/groothandel	1	23	0.043478	4.48
https://nl.robotoys.eu/houten-3d-puzzel-hoge-moeilijkheidsgraad	1	10	0.1	11.1
https://nl.robotoys.eu/houten-3d-puzzel/architectuur	1	84	0.011905	7.6
https://nl.robotoys.eu/houten-3d-puzzel/architectuur/houten-3d-puzzel-brandenburger-tor-little-story-e015-p125	1	16	0.0625	7.62
https://nl.robotoys.eu/houten-3d-puzzel/architectuur/houten-3d-puzzel-scheve-toren-van-pisa-little-story-e009-p114	1	24	0.041667	4.5
https://nl.robotoys.eu/houten-3d-puzzel/architectuur/model-van-de-eiffeltoren-rolife-tg501-p17	1	18	0.055556	6.06
https://nl.robotoys.eu/houten-3d-puzzel/architectuur/verlichte-eiffeltoren-rolife-tgl01-p73	1	12	0.083333	7.92
https://nl.robotoys.eu/houten-3d-puzzel/bloemen/houten-3d-puzzel-sakura-bonsai-rolife-tg415-p142	1	35	0.028571	9.74
https://nl.robotoys.eu/houten-3d-puzzel/de-dieren	1	31	0.032258	9.52
https://nl.robotoys.eu/houten-3d-puzzel/het-heelal	1	9	0.111111	10.78
https://nl.robotoys.eu/houten-3d-puzzel/het-heelal/houten-mechanische-3d-puzzel-auto-op-zonne-energie-harbinger-rover-rokr-ls402-p14	1	2	0.5	3
https://nl.robotoys.eu/houten-3d-puzzel/muziekdoosjes/victoriaanse-lantaarn-rokr-amk61-p80	1	5	0.2	3.6
https://nl.robotoys.eu/houten-3d-puzzel/muziekinstrumenten	1	21	0.047619	7.48
https://nl.robotoys.eu/houten-3d-puzzel/muziekinstrumenten/houten-3d-puzzel-grammofoon-rolife-tg408-p39	1	14	0.071429	5.21
https://nl.robotoys.eu/houten-3d-puzzel/muziekinstrumenten/magische-piano-rokr-amk81-p70	1	26	0.038462	10.31
https://nl.robotoys.eu/houten-3d-puzzel/stem-lab/filmprojector-vitascope-rokr-lk601-p5	1	35	0.028571	10.23
https://nl.robotoys.eu/houten-3d-puzzel/stem-lab/houten-3d-puzzel-retro-telefoon-eco-wood-art-p156	1	6	0.166667	4.17
https://nl.robotoys.eu/houten-3d-puzzel/stem-lab/kluis-rokr-lk502-p57	1	13	0.076923	6.08
https://nl.robotoys.eu/houten-3d-puzzel/voertuigen	1	8	0.125	6.5
https://nl.robotoys.eu/houten-3d-puzzel/voertuigen/houten-3d-puzzel-kiepwagen-met-aanhanger-road-king-eco-wood-art-p207	1	11	0.090909	10.64
https://nl.robotoys.eu/houten-3d-puzzel/voertuigen/houten-3d-puzzel-tank-char-b1-little-story-wot06-p178	1	10	0.1	6.3
https://nl.robotoys.eu/houten-3d-puzzel/voertuigen/houten-3d-puzzel-vliegtuig-little-story-d016-p130	1	43	0.023256	5.35
https://nl.robotoys.eu/houten-3d-puzzel/voertuigen/houten-mechanische-3d-puzzel-tractor-eco-wood-art-p233	1	11	0.090909	4.45
https://nl.robotoys.eu/houten-3d-puzzel/voertuigen/stoomlocomotief-model-rokr-mc501-p13	1	14	0.071429	4.93
https://nl.robotoys.eu/houten-3d-puzzel/wapens	1	45	0.022222	6.69
https://nl.robotoys.eu/houten-3d-puzzel/wapens/revolver-corsac-m60-rokr-lq401-p35	1	29	0.034483	3.66
https://nl.robotoys.eu/merken/rokr	1	63	0.015873	18.38
https://nl.robotoys.eu/miniatuur-huizen	1	7	0.142857	14.57
https://nl.robotoys.eu/miniatuur-huizen/miniatuur-winkels/miniatuurhuis-honing-ijswinkel-rolife-dg148-p65	1	6	0.166667	6.83
https://nl.robotoys.eu/miniatuur-huizen/miniatuurkamers/mr-millers-garden-rolife-dg108-p23	1	24	0.041667	8.42
https://nl.robotoys.eu/miniatuurhuizen-hoge-moeilijkheidsgraad	1	2	0.5	4.5
https://pl.robotoys.eu/blog/10-narzedzi-potrzebnych-przy-skladaniu-drewnianych-puzzli-3d	1	48	0.020833	7.38
https://pl.robotoys.eu/drewniane-puzzle-3d-czas-montazu-od-1-do-3-godzin	1	10	0.1	7.5
https://pl.robotoys.eu/drewniane-puzzle-3d-mniej-niz-100-szt	1	9	0.111111	20.11
https://pl.robotoys.eu/drewniane-puzzle-3d-od-150-do-199-szt	1	7	0.142857	3.57
https://pl.robotoys.eu/drewniane-puzzle-3d-sredni-poziom-trudnosci	1	3	0.333333	3.33
https://pl.robotoys.eu/drewniane-puzzle-3d/architektura	1	329	0.00304	12.37
https://pl.robotoys.eu/drewniane-puzzle-3d/architektura/drewniana-ukladanka-3d-mini-domek-gorski-w-ksztalcie-litery-a-rolife-dg181-p227	1	63	0.015873	8.78
https://pl.robotoys.eu/drewniane-puzzle-3d/architektura/drewniana-ukladanka-3d-pawilon-sakura-rolife-tga07-p268	1	8	0.125	4.12
https://pl.robotoys.eu/drewniane-puzzle-3d/architektura/drewniana-ukladanka-3d-sakura-treehouse-rolife-tgs04-p201	1	31	0.032258	3.74
https://pl.robotoys.eu/drewniane-puzzle-3d/architektura/drewniane-puzzle-3d-brama-brandenburska-little-story-e015-p125	1	21	0.047619	4.52
https://pl.robotoys.eu/drewniane-puzzle-3d/architektura/drewniane-puzzle-3d-koloseum-little-story-e016-p126	1	45	0.022222	6.67
https://pl.robotoys.eu/drewniane-puzzle-3d/bronie	1	85	0.011765	9.31
https://pl.robotoys.eu/drewniane-puzzle-3d/bronie/balista-machiny-oblezniczej-rokr-kw401-p15	1	8	0.125	4.25
https://pl.robotoys.eu/drewniane-puzzle-3d/bronie/rewolwer-corsac-m60-rokr-lq401-p35	1	16	0.0625	3.12
https://pl.robotoys.eu/drewniane-puzzle-3d/instrumenty-muzyczne/magiczne-pianino-rokr-amk81-p70	1	393	0.002545	9.36
https://pl.robotoys.eu/drewniane-puzzle-3d/instrumenty-muzyczne/saksofon-rolife-tg309-p26	1	30	0.033333	4.13
https://pl.robotoys.eu/drewniane-puzzle-3d/kwiaty/drewniana-ukladanka-3d-fioletowy-motyl-orchidea-rowood-tw091-p194	1	10	0.1	3.7
https://pl.robotoys.eu/drewniane-puzzle-3d/kwiaty/drewniana-ukladanka-3d-jasnopomaranczowa-gerbera-rowood-tw111-p196	1	5	0.2	2.4
https://pl.robotoys.eu/drewniane-puzzle-3d/kwiaty/drewniana-ukladanka-3d-rozowa-lilia-rowood-tw071-p144	1	22	0.045455	1.82
https://pl.robotoys.eu/drewniane-puzzle-3d/kwiaty/drewniane-puzzle-3d-kamelia-czerwona-rowood-tw031-p102	1	53	0.018868	4.36
https://pl.robotoys.eu/drewniane-puzzle-3d/pojazdy	1	105	0.009524	10.24
https://pl.robotoys.eu/drewniane-puzzle-3d/pojazdy/drewniana-mechaniczna-ukladanka-3d-kombajn-zbozowy-gh800-eco-wood-art-p160	1	68	0.014706	2.76
https://pl.robotoys.eu/drewniane-puzzle-3d/pojazdy/drewniana-ukladanka-3d-parowiec-lopatkowy-river-princess-eco-wood-art-p159	1	8	0.125	5.25
https://pl.robotoys.eu/drewniane-puzzle-3d/pojazdy/drewniana-ukladanka-3d-tank-maus-little-story-wot10-p237	1	17	0.058824	3.06
https://pl.robotoys.eu/drewniane-puzzle-3d/pojazdy/drewniane-puzzle-3d-fiat-125p-little-story-e002-p94	1	43	0.023256	4.79
https://pl.robotoys.eu/drewniane-puzzle-3d/pojazdy/drewniane-puzzle-3d-statek-wycieczkowy-rolife-tg306-p87	1	22	0.045455	5.68
https://pl.robotoys.eu/drewniane-puzzle-3d/pojazdy/lokomotywa-rokr-lk701-p7	1	55	0.018182	7.02
https://pl.robotoys.eu/drewniane-puzzle-3d/pojazdy/model-ciezarowki-rokr-mc502-p27	1	17	0.058824	7.71
https://pl.robotoys.eu/drewniane-puzzle-3d/pojazdy/zabytkowy-samochod-rokr-mc801-p72	1	7	0.142857	5.43
https://pl.robotoys.eu/drewniane-puzzle-3d/pozytywki/pozytywka-swing-ride-rokr-ea02-p4	1	24	0.041667	5.62
https://pl.robotoys.eu/drewniane-puzzle-3d/pozytywki/romantyczna-karuzela-rokr-amk62-p77	1	51	0.019608	7.59
https://pl.robotoys.eu/drewniane-puzzle-3d/stem-lab/drewniane-mechaniczne-puzzle-3d-klasyczna-drukarka-rokr-lk602-p90	1	284	0.003521	8.53
https://pl.robotoys.eu/drewniane-puzzle-3d/stem-lab/drewniane-mechaniczne-puzzle-3d-silnik-parowy-rokr-lka01-p104	1	42	0.02381	5.05
https://pl.robotoys.eu/drewniane-puzzle-3d/stem-lab/marmur-parkour-rokr-lg501-p42	1	7	0.142857	3.71
https://pl.robotoys.eu/drewniane-puzzle-3d/stem-lab/pinball-rokr-eg01-p43	1	227	0.004405	6.56
https://pl.robotoys.eu/drewniane-puzzle-3d/stem-lab/projektor-filmowy-vitascope-rokr-lk601-p5	1	31	0.032258	5.94
https://pl.robotoys.eu/drewniane-puzzle-3d/stem-lab/sejf-rokr-lk502-p57	1	18	0.055556	5.56
https://pl.robotoys.eu/drewniane-puzzle-3d/wszechswiat/drewniana-mechaniczna-ukladanka-3d-prom-kosmiczny-rokr-lka02-p253	1	6	0.166667	3.83
https://pl.robotoys.eu/drewniane-puzzle-3d/wszechswiat/uklad-sloneczny-rokr-st001-p71	1	135	0.007407	6.41
https://pl.robotoys.eu/drewniane-puzzle-3d/zegary-i-kalendarze/zegarowa-sowa-rokr-lk503-p6	1	40	0.025	4.33
https://pl.robotoys.eu/konkurs-puzzli/pawilon-sakura-rolife-tga07-268	1	12	0.083333	2.75
https://pl.robotoys.eu/konkurs-puzzli/pieciopietrowa-pagoda-rolife-tgn02-45	1	4	0.25	2.25
https://pl.robotoys.eu/miniaturowe-domki	1	147	0.006803	10.93
https://pl.robotoys.eu/miniaturowe-domki-od-100-do-149-szt	1	8	0.125	8.12
https://pl.robotoys.eu/miniaturowe-domki/miniaturowe-pokoje/agencja-detektywistyczna-mosea-rolife-dg157-p24	1	6	0.166667	6.83
https://pl.robotoys.eu/miniaturowe-domki/miniaturowe-pokoje/biblioteka-do-nauki-sama-rolife-dg102-p86	1	87	0.011494	6.41
https://pl.robotoys.eu/miniaturowe-domki/miniaturowe-pokoje/domek-miniaturowy-przytulna-kuchnia-rolife-dg159-p89	1	7	0.142857	4.43
https://pl.robotoys.eu/miniaturowe-domki/miniaturowe-pokoje/domek-w-miniaturze-magic-school-rolife-dg166-p163	1	6	0.166667	5.17
https://pl.robotoys.eu/miniaturowe-domki/miniaturowe-pokoje/ogrod-pana-millera-rolife-dg108-p23	1	91	0.010989	6.04
https://pl.robotoys.eu/miniaturowe-domki/sklepy-z-miniaturami	1	21	0.047619	7.86
https://pl.robotoys.eu/miniaturowe-domki/sklepy-z-miniaturami/kwiaciarnia-emily-rolife-dg145-p25	1	24	0.041667	6.5
https://pl.robotoys.eu/najdrozsze-drewniane-puzzle-3d	1	20	0.05	14.45
https://pl.robotoys.eu/najlepiej-sprzedajace-sie-miniaturowe-domy	1	14	0.071429	10.86
https://pl.robotoys.eu/najnowsze-produkty-marki-rokr	1	159	0.006289	1.54
https://pl.robotoys.eu/najpopularniejsze-domy-miniaturowe	1	89	0.011236	21.19
https://pt.robotoys.eu/blogue/quebra-cabecas-3d-de-madeira-como-escolher-seu-primeiro-kit-de-construcao-e-o-que-preparar-para-ele	1	15	0.066667	7.2
https://pt.robotoys.eu/blogue/rolife-a-beleza-da-vida-lenta-e-da-criatividade-diy	1	80	0.0125	6.94
https://pt.robotoys.eu/casas-em-miniatura-dificuldade-facil	1	6	0.166667	4.17
https://pt.robotoys.eu/casas-em-miniatura/quartos-em-miniatura/casa-em-miniatura-escola-de-magia-rolife-dg166-p163	1	16	0.0625	7.19
https://pt.robotoys.eu/casas-em-miniatura/quartos-em-miniatura/jardim-do-sr-miller-rolife-dg108-p23	1	19	0.052632	7.37
https://pt.robotoys.eu/casas-em-miniatura/recanto-dos-livros/encarte-para-estante-parque-tematico-de-contos-de-fadas-rolife-tgb17-p257	1	6	0.166667	3.67
https://pt.robotoys.eu/casas-em-miniatura/recanto-dos-livros/insercao-de-estante-falling-sakura-rolife-tgb05-p50	1	9	0.111111	7.67
https://pt.robotoys.eu/concurso-de-quebra-cabeca/carrossel-romantico-rokr-amk62-77	1	2	0.5	4
https://pt.robotoys.eu/concurso-de-quebra-cabeca/relogio-cuco-cor-madeira-rokr-lc901-217	1	3	0.333333	7
https://pt.robotoys.eu/quebra-cabeca-3d-de-madeira/armas/quebra-cabeca-mecanico-3d-de-madeira-mini-arma-rokr-lq502-p147	1	9	0.111111	4.78
https://pt.robotoys.eu/quebra-cabeca-3d-de-madeira/arquitetura/modelo-da-torre-eiffel-rolife-tg501-p17	1	21	0.047619	4.24
https://pt.robotoys.eu/quebra-cabeca-3d-de-madeira/arquitetura/modelo-tower-bridge-com-iluminacao-led-rolife-tg412-p19	1	8	0.125	2.5
https://pt.robotoys.eu/quebra-cabeca-3d-de-madeira/arquitetura/quebra-cabeca-3d-de-madeira-catedral-de-notre-dame-little-story-e017-p127	1	4	0.25	5.25
https://pt.robotoys.eu/quebra-cabeca-3d-de-madeira/caixas-de-musica	1	17	0.058824	8.24
https://pt.robotoys.eu/quebra-cabeca-3d-de-madeira/caixas-de-musica/carnaval-ao-por-do-sol-rolife-amt01-p79	1	8	0.125	6.75
https://pt.robotoys.eu/quebra-cabeca-3d-de-madeira/caixas-de-musica/carrossel-romantico-rokr-amk62-p77	1	15	0.066667	5.13
https://pt.robotoys.eu/quebra-cabeca-3d-de-madeira/caixas-de-musica/violoncelo-magico-de-caixa-de-musica-rokr-amk63-p1	1	42	0.02381	4.81
https://pt.robotoys.eu/quebra-cabeca-3d-de-madeira/instrumentos-musicais/magic-piano-rokr-amk81-p70	1	14	0.071429	5.14
https://pt.robotoys.eu/quebra-cabeca-3d-de-madeira/o-universo/quebra-cabeca-3d-mecanico-de-madeira-carro-movido-a-energia-solar-harbinger-rover-rokr-ls402-p14	1	3	0.333333	5.67
https://pt.robotoys.eu/quebra-cabeca-3d-de-madeira/stem-lab/pinball-rokr-eg01-p43	1	8	0.125	9.88
https://pt.robotoys.eu/quebra-cabeca-3d-de-madeira/veiculos/balao-de-ar-quente-rolife-tg406-p84	1	7	0.142857	4.86
https://pt.robotoys.eu/quebra-cabeca-3d-de-madeira/veiculos/carro-antigo-rokr-mc801-p72	1	8	0.125	4.62
https://pt.robotoys.eu/quebra-cabeca-3d-de-madeira/veiculos/dirigivel-modelo-rolife-tg407-p22	1	6	0.166667	2.17
https://pt.robotoys.eu/quebra-cabeca-3d-de-madeira/veiculos/quebra-cabeca-3d-mecanico-de-madeira-stagecoach-rokr-amka1-p99	1	4	0.25	4
https://ro.robotoys.eu/blog/cel-mai-bun-cadou-pentru-el-original-cu-un-strop-de-istorie	1	10	0.1	6.7
https://ro.robotoys.eu/blog/construirea-puzzle-urilor-cea-mai-buna-activitate-pentru-pensionari	1	10	0.1	8.7
https://ro.robotoys.eu/blog/povestea-celebrului-tower-bridge-cum-sa-aduci-londra-acasa	1	227	0.004405	9.46
https://ro.robotoys.eu/case-miniaturale/camere-miniaturale/biblioteca-de-studiu-a-lui-sam-rolife-dg102-p86	1	24	0.041667	4.08
https://ro.robotoys.eu/case-miniaturale/carti-nook/insertie-de-rafturi-arcade-dating-rolife-tgb10-p148	1	3	0.333333	3.33
https://ro.robotoys.eu/puzzle-3d-din-lemn-mai-mult-de-300-buc	1	22	0.045455	9.73
https://ro.robotoys.eu/puzzle-3d-din-lemn/arhitectura/puzzle-3d-din-lemn-biblioteca-la-malul-marii-p261	1	15	0.066667	8.8
https://ro.robotoys.eu/puzzle-3d-din-lemn/vehicule/puzzle-3d-din-lemn-tank-leopard-1-little-story-wot07-p179	1	4	0.25	1.5
https://robotoys.eu/blog/5-advantages-of-creative-building-blocks-for-the-development-of-fine-motor-skills-and-concentration	1	66	0.015152	6.8
https://robotoys.eu/blog/a-wooden-bouquet-that-never-withers-discover-the-magic-of-3d-flower-puzzles	1	229	0.004367	6.58
https://robotoys.eu/blog/rolife-the-beauty-of-slow-life-and-diy-creativity	1	101	0.009901	8.08
https://robotoys.eu/blog/what-to-prepare-before-assembling-a-wooden-3d-puzzle-for-the-first-time	1	20	0.05	7.75
https://robotoys.eu/blog/what-you-need-to-know-before-building-miniature-houses	1	89	0.011236	8.15
https://robotoys.eu/brands/little-story	1	32	0.03125	6
https://robotoys.eu/gift-ideas	1	27	0.037037	1.81
https://robotoys.eu/miniature-houses-200-to-299-pcs	1	47	0.021277	9.17
https://robotoys.eu/miniature-houses/books-nook/bookshelf-insert-arcade-dating-rolife-tgb10-p148	1	64	0.015625	7.05
https://robotoys.eu/miniature-houses/books-nook/bookshelf-insert-christmas-interior-scene-rolife-tgc07-p140	1	12	0.083333	6.33
https://robotoys.eu/miniature-houses/books-nook/bookshelf-insert-sakura-wine-alley-rolife-tgb11-p164	1	42	0.02381	6.86
https://robotoys.eu/miniature-houses/books-nook/bookstore-rolife-tgb07-p76	1	30	0.033333	6.9
https://robotoys.eu/miniature-houses/miniature-rooms/sams-study-library-rolife-dg102-p86	1	180	0.005556	8.01
https://robotoys.eu/miniature-houses/miniature-stores/miniature-house-flower-sweets-and-teas-rolife-dg146-p92	1	51	0.019608	7.45
https://robotoys.eu/miniature-houses/miniature-stores/miniature-house-honey-ice-cream-store-rolife-dg148-p65	1	37	0.027027	6.68
https://robotoys.eu/puzzle-competition/classic-carousel-rolife-amc01-146	1	2	0.5	2
https://robotoys.eu/puzzle-competition/simons-coffee-shop-rolife-dg109-64	1	13	0.076923	7.54
https://robotoys.eu/the-best-rated-rolife-brand-products	1	18	0.055556	7.33
https://robotoys.eu/the-cheapest-products-of-the-rokr-brand	1	2	0.5	3.5
https://robotoys.eu/the-cheapest-rolife-brand-products	1	18	0.055556	7.11
https://robotoys.eu/the-most-expensive-gifts-for-children	1	196	0.005102	8.04
https://robotoys.eu/the-most-expensive-wooden-3d-puzzle	1	49	0.020408	6.24
https://robotoys.eu/useful-links/about-company/contact	1	46	0.021739	9.07
https://robotoys.eu/wooden-3d-puzzle-high-difficulty	1	95	0.010526	9.63
https://robotoys.eu/wooden-3d-puzzle/architecture/model-of-the-leaning-tower-of-pisa-rolife-tg304-p37	1	1	1	7
https://robotoys.eu/wooden-3d-puzzle/architecture/tower-bridge-model-with-led-lighting-rolife-tg412-p19	1	44	0.022727	4.25
https://robotoys.eu/wooden-3d-puzzle/architecture/wooden-3d-puzzle-model-of-the-leaning-tower-of-pisa-rolife-tg304-p37	1	11	0.090909	3
https://robotoys.eu/wooden-3d-puzzle/architecture/wooden-3d-puzzle-sakura-treehouse-rolife-tgs04-p201	1	117	0.008547	8.6
https://robotoys.eu/wooden-3d-puzzle/architecture/wooden-mechanical-3d-puzzle-marble-track-london-rokr-egb01-p264	1	25	0.04	8.2
https://robotoys.eu/wooden-3d-puzzle/flowers/wooden-3d-puzzle-evergreen-pine-bonsai-rolife-tg510-p143	1	34	0.029412	7.09
https://robotoys.eu/wooden-3d-puzzle/flowers/wooden-3d-puzzle-pink-dahlia-rowood-tw131-p252	1	26	0.038462	7.88
https://robotoys.eu/wooden-3d-puzzle/flowers/wooden-3d-puzzle-sakura-bonsai-rolife-tg415-p142	1	251	0.003984	5.59
https://robotoys.eu/wooden-3d-puzzle/music-boxes	1	32	0.03125	20.38
https://robotoys.eu/wooden-3d-puzzle/music-boxes/music-box-magic-cello-rokr-amk63-p1	1	138	0.007246	7.7
https://robotoys.eu/wooden-3d-puzzle/music-boxes/wooden-mechanical-3d-puzzle-magic-harp-rokr-amk71-p254	1	21	0.047619	6.52
https://robotoys.eu/wooden-3d-puzzle/musical-instruments	1	29	0.034483	8.55
https://robotoys.eu/wooden-3d-puzzle/musical-instruments/accordion-rolife-tg410-p41	1	24	0.041667	5.46
https://robotoys.eu/wooden-3d-puzzle/musical-instruments/saxophone-rolife-tg309-p26	1	24	0.041667	4.83
https://robotoys.eu/wooden-3d-puzzle/musical-instruments/wooden-3d-puzzle-cello-rolife-tg411-p85	1	39	0.025641	6.26
https://robotoys.eu/wooden-3d-puzzle/musical-instruments/wooden-3d-puzzle-grand-piano-rolife-tg402-p200	1	29	0.034483	6.17
https://robotoys.eu/wooden-3d-puzzle/stem-lab/film-projector-vitascope-rokr-lk601-p5	1	77	0.012987	10.47
https://robotoys.eu/wooden-3d-puzzle/stem-lab/marble-night-city-rokr-lga01-p2	1	240	0.004167	9.98
https://robotoys.eu/wooden-3d-puzzle/stem-lab/marble-parkour-rokr-lg501-p42	1	46	0.021739	8.04
https://robotoys.eu/wooden-3d-puzzle/stem-lab/wooden-mechanical-3d-puzzle-classic-printer-rokr-lk602-p90	1	23	0.043478	14
https://robotoys.eu/wooden-3d-puzzle/the-animals	1	120	0.008333	7.62
https://robotoys.eu/wooden-3d-puzzle/the-animals/wooden-3d-puzzle-giraffe-little-story-d013-p121	1	30	0.033333	9.07
https://robotoys.eu/wooden-3d-puzzle/the-animals/wooden-3d-puzzle-lion-little-story-d011-p119	1	40	0.025	8.68
https://robotoys.eu/wooden-3d-puzzle/vehicles	1	130	0.007692	8.09
https://robotoys.eu/wooden-3d-puzzle/vehicles/hot-air-balloon-rolife-tg406-p84	1	111	0.009009	5.21
https://robotoys.eu/wooden-3d-puzzle/vehicles/motorcycle-cruiser-rokr-lk504-p12	1	99	0.010101	9.26
https://robotoys.eu/wooden-3d-puzzle/vehicles/prime-steam-express-train-rokr-mc501-p13	1	23	0.043478	11.57
https://robotoys.eu/wooden-3d-puzzle/vehicles/sailling-ship-model-rolife-tg305-p21	1	41	0.02439	6.17
https://robotoys.eu/wooden-3d-puzzle/vehicles/triplane-model-rolife-tg301-p46	1	25	0.04	8.76
https://robotoys.eu/wooden-3d-puzzle/vehicles/wooden-3d-puzzle-airplane-little-story-d016-p130	1	73	0.013699	6.68
https://robotoys.eu/wooden-3d-puzzle/vehicles/wooden-3d-puzzle-ambulance-eco-wood-art-p203	1	37	0.027027	5.89
https://robotoys.eu/wooden-3d-puzzle/vehicles/wooden-3d-puzzle-blue-speedway-motorcycle-little-story-e019b-p239	1	3	0.333333	3
https://robotoys.eu/wooden-3d-puzzle/vehicles/wooden-3d-puzzle-cruise-ship-little-story-e026-p229	1	8	0.125	4.62
https://robotoys.eu/wooden-3d-puzzle/vehicles/wooden-3d-puzzle-cruise-ship-rolife-tg306-p87	1	58	0.017241	5.98
https://robotoys.eu/wooden-3d-puzzle/vehicles/wooden-3d-puzzle-excavator-rokr-tg508k-p197	1	15	0.066667	4.6
https://robotoys.eu/wooden-3d-puzzle/vehicles/wooden-3d-puzzle-fiat-125p-little-story-e002-p94	1	15	0.066667	2.93
https://robotoys.eu/wooden-3d-puzzle/vehicles/wooden-3d-puzzle-fishing-boat-model-rolife-tg308-p38	1	23	0.043478	5.61
https://robotoys.eu/wooden-3d-puzzle/vehicles/wooden-3d-puzzle-sailing-ship-djong-eco-wood-art-p232	1	16	0.0625	9.44
https://robotoys.eu/wooden-3d-puzzle/vehicles/wooden-3d-puzzle-tank-tortoise-little-story-wot08-p180	1	61	0.016393	4.59
https://robotoys.eu/wooden-3d-puzzle/vehicles/wooden-mechanical-3d-puzzle-loader-eco-wood-art-p204	1	11	0.090909	3.91
https://robotoys.eu/wooden-3d-puzzle/vehicles/wooden-mechanical-3d-puzzle-the-seahorse-barque-rokr-mcb02-p212	1	50	0.02	7.48
https://se.robotoys.eu/3d-pussel-i-tra-mer-an-300-st	1	5	0.2	8.2
https://se.robotoys.eu/3d-pussel-i-tra/arkitektur/trapussel-i-3d-bokhandel-i-en-gammal-grand-p262	1	4	0.25	7.75
https://se.robotoys.eu/3d-pussel-i-tra/fordon/mekaniskt-3d-pussel-i-tra-lastare-eco-wood-art-p204	1	3	0.333333	4
https://se.robotoys.eu/3d-pussel-i-tra/fordon/trapussel-3d-lila-speedtail-motorcykel-little-story-e020p-p242	1	14	0.071429	2
https://se.robotoys.eu/3d-pussel-i-tra/klockor-kalendrar	1	1	1	12
https://se.robotoys.eu/3d-pussel-i-tra/musikinstrument	1	2	0.5	4
https://se.robotoys.eu/3d-pussel-i-tra/musikinstrument/dragspel-rolife-tg410-p41	1	4	0.25	2
https://se.robotoys.eu/anvandbara-lankar/om-foretag/grossist	1	9	0.111111	3.78
https://se.robotoys.eu/anvandbara-lankar/vanliga-fragor	1	3	0.333333	3.33
https://se.robotoys.eu/blogg/10-verktyg-du-behover-nar-du-satter-ihop-ett-3d-pussel-i-tra	1	24	0.041667	5.17
https://se.robotoys.eu/blogg/3d-pussel-i-tra-hur-du-valjer-ditt-forsta-byggset-och-vad-du-ska-forbereda-dig-for	1	25	0.04	6.92
https://se.robotoys.eu/blogg/bygga-pussel-den-basta-aktiviteten-for-pensionarer	1	29	0.034483	12.28
https://se.robotoys.eu/blogg/en-present-till-mannen-som-redan-har-allt-24-originella-tips-som-verkligen-kommer-att-overraska-honom	1	18	0.055556	9.83
https://se.robotoys.eu/blogg/fa-din-hjarna-i-rorelse-med-mekaniska-3d-pussel-i-tra	1	77	0.012987	12.01
https://se.robotoys.eu/blogg/the-story-of-the-famous-tower-bridge-how-to-bring-london-to-your-home	1	266	0.003759	8.49
https://se.robotoys.eu/miniatyrhus/miniatyrbutiker/haxaffar-kiki-rolife-dg155-p31	1	28	0.035714	8.61
https://se.robotoys.eu/miniatyrhus/miniatyrrum/mr-millers-tradgard-rolife-dg108-p23	1	19	0.052632	7.32
https://se.robotoys.eu/miniatyrhus/miniatyrrum/sams-studiebibliotek-rolife-dg102-p86	1	9	0.111111	3.78
https://si.robotoys.eu/blog/darilo-za-moskega-ki-ze-ima-vse-24-izvirnih-nasvetov-ki-ga-bodo-resnicno-presenetili	1	155	0.006452	8.9
https://si.robotoys.eu/blog/mala-zgodba-3d-kompleti-za-gradnjo-ki-zdruzujejo-ustvarjalnost-zabavo-in-kakovost	1	1	1	1
https://si.robotoys.eu/blog/najboljse-darilo-zanj-original-s-pridihom-zgodovine	1	9	0.111111	8.33
https://si.robotoys.eu/blog/najboljse-darilo-zanjo-carobni-koticek-za-knjigoljubca	1	5	0.2	3
https://si.robotoys.eu/blog/razgibajte-svoje-mozgane-s-3d-lesenimi-mehanskimi-ugankami	1	12	0.083333	10.67
https://si.robotoys.eu/blog/world-of-tanks-zdaj-na-vasi-polici	1	6	0.166667	6.67
https://si.robotoys.eu/lesena-3d-sestavljanka/arhitektura/model-eifflovega-stolpa-rolife-tg501-p17	1	7	0.142857	4.14
https://si.robotoys.eu/lesena-3d-sestavljanka/arhitektura/osvetljeni-eifflov-stolp-rolife-tgl01-p73	1	18	0.055556	4.61
https://si.robotoys.eu/lesena-3d-sestavljanka/glasbene-skrinjice	1	36	0.027778	9.67
https://si.robotoys.eu/lesena-3d-sestavljanka/glasbila/harmonika-rolife-tg410-p41	1	16	0.0625	3.44
https://si.robotoys.eu/lesena-3d-sestavljanka/roze/lesena-3d-sestavljanka-roza-vrtnica-rowood-tw041-p111	1	19	0.052632	2.37
https://si.robotoys.eu/lesena-3d-sestavljanka/ure-in-koledarji	1	5	0.2	10
https://si.robotoys.eu/lesena-3d-sestavljanka/ure-in-koledarji/lesena-mehanska-3d-sestavljanka-kukavicja-ura-rokr-lc901c-p198	1	1	1	2
https://si.robotoys.eu/lesena-3d-sestavljanka/vozila/lesena-mehanska-3d-sestavljanka-kombajn-za-zito-gh800-eco-wood-art-p160	1	3	0.333333	3.33
https://si.robotoys.eu/lesena-3d-sestavljanka/vozila/model-parne-lokomotive-rokr-mc501-p13	1	2	0.5	4.5
https://si.robotoys.eu/miniaturne-hise	1	12	0.083333	55.83
https://si.robotoys.eu/miniaturne-hise-lahka-tezava	1	1	1	1
https://si.robotoys.eu/tekmovanje-v-sestavljanju-sestavljank/mini-pistola-rokr-lq502-147	1	1	1	9
https://si.robotoys.eu/tekmovanje-v-sestavljanju-sestavljank/sakura-dreamy-tour-rolife-amt02-219	1	1	1	2
https://si.robotoys.eu/tekmovanje-v-sestavljanju-sestavljank/traktor-eco-wood-art-233	1	1	1	1
https://bg.robotoys.eu/blog/10-ynstrumenta-ot-koyto-se-nuzhdaete-kogato-sglobiavate-drven-3d-pzel	0	20	0	5.85
https://bg.robotoys.eu/blog/5-nai-dobry-podarka-za-svety-valentyn-koyto-shche-zaradvat-vsychky	0	5	0	6.4
https://bg.robotoys.eu/blog/7-neustoymy-ydey-za-podark-za-zheny	0	23	0	12.39
https://bg.robotoys.eu/blog/drven-buket-koito-nykoga-ne-uviakhva-otkryite-magyiata-na-3d-pzelyte-s-tsvetia	0	17	0	7.41
https://bg.robotoys.eu/blog/esen-2025-sezon-na-baven-zhyvot-eto-dokazatelstvoto	0	1	0	14
https://bg.robotoys.eu/blog/kak-da-se-otrvem-ot-stresa-10-efektyvny-sveta	0	7	0	27.14
https://bg.robotoys.eu/blog/kakvo-da-podgotvyte-predy-da-sglobyte-drven-3d-pzel-za-prvy-pt	0	1	0	10
https://bg.robotoys.eu/blog/nai-dobryiat-podark-za-neia-vlshebno-ktche-za-liubytelia-na-knygyte	0	6	0	5.67
https://bg.robotoys.eu/blog/podark-za-mzha-koito-veche-yma-vsychko-24-orygynalny-sveta-koyto-naystyna-shche-go-yznenadat	0	48	0	9.25
https://bg.robotoys.eu/blog/stem-y-drveny-modely	0	1	0	6
https://bg.robotoys.eu/blog/strakhotny-svety-za-koledny-podartsy-koyto-shche-zaradvat-y-nai-vzyskatelnyte	0	1	0	15
https://bg.robotoys.eu/blog/tendentsyiata-v-tiktok-dopamynovo-khoby-kakvo-oznachava-y-zashcho-pzelyte-sa-top-yzbor	0	1	0	9
https://bg.robotoys.eu/blog/top-5-deinosty-koyto-podpomagat-razvytyeto-na-dvygatelnyte-umenyia	0	1	0	7
https://bg.robotoys.eu/blog/world-of-tanks-veche-na-vashyia-raft	0	6	0	6.5
https://bg.robotoys.eu/blog/ydealen-podark-za-detsa-koito-razvyva-kreatyvnostta-y-trpenyeto	0	6	0	5.83
https://bg.robotoys.eu/blog/ystoryia-na-3d-drveny-pzely-ot-nachaloto-do-dnes	0	9	0	8.56
https://bg.robotoys.eu/blog/zashcho-3d-drvenyte-modely-sa-ydealnyiat-podark-za-vsychky-vzrasty	0	2	0	10
https://bg.robotoys.eu/drven-3d-pzel-vreme-za-sglobiavane-nad-5-chasa	0	14	0	7.71
https://bg.robotoys.eu/drven-3d-pzel-vreme-za-sglobiavane-ot-1-do-3-chasa	0	7	0	11.29
https://bg.robotoys.eu/drven-3d-pzel/arkhytektura/drven-3d-pzel-arka-na-pobedata-little-story-e011-p123	0	17	0	10.65
https://bg.robotoys.eu/drven-3d-pzel/arkhytektura/drven-3d-pzel-colosseum-little-story-e016-p126	0	3	0	20.67
https://bg.robotoys.eu/drven-3d-pzel/arkhytektura/drven-3d-pzel-naklonenata-kula-v-pyza-little-story-e009-p114	0	2	0	16
https://bg.robotoys.eu/drven-3d-pzel/arkhytektura/drven-3d-pzel-sagrada-familia-little-story-e018-p133	0	96	0	12.22
https://bg.robotoys.eu/drven-3d-pzel/arkhytektura/drven-mekhanychen-3d-pzel-mramorna-pysta-london-rokr-egb01-p264	0	1	0	6
https://bg.robotoys.eu/drven-3d-pzel/arkhytektura/model-big-ben-s-led-osvetlenye-rolife-tg507-p20	0	1	0	4
https://bg.robotoys.eu/drven-3d-pzel/arkhytektura/model-na-aifelovata-kula-rolife-tg501-p17	0	8	0	3.75
https://bg.robotoys.eu/drven-3d-pzel/arkhytektura/petetazhna-pagoda-rolife-tgn02-p45	0	3	0	4.33
https://bg.robotoys.eu/drven-3d-pzel/chasovnytsy-y-kalendary	0	2	0	5
https://bg.robotoys.eu/drven-3d-pzel/chasovnytsy-y-kalendary/chasovnyk-bukhal-rokr-lk503-p6	0	3	0	3.33
https://bg.robotoys.eu/drven-3d-pzel/chasovnytsy-y-kalendary/drven-mekhanychen-3d-pzel-chasovnyk-s-kukuvytsa-drven-tsviat-rokr-lc901-p217	0	2	0	4
https://bg.robotoys.eu/drven-3d-pzel/chasovnytsy-y-kalendary/romantychen-stenen-chasovnyk-rokr-lc701-p56	0	2	0	7
https://bg.robotoys.eu/drven-3d-pzel/chasovnytsy-y-kalendary/vechen-kalendar-rokr-lk201-p55	0	3	0	1.67
https://bg.robotoys.eu/drven-3d-pzel/muzykalny-kutyy/muzykalna-kutyia-zvezdna-noshch-rokr-amk51-p11	0	1	0	1
https://bg.robotoys.eu/drven-3d-pzel/muzykalny-kutyy/romantychna-vrtelezhka-rokr-amk62-p77	0	4	0	1.75
https://bg.robotoys.eu/drven-3d-pzel/muzykalny-kutyy/vyensko-kolelo-rolife-tgn01-p18	0	1	0	10
https://bg.robotoys.eu/drven-3d-pzel/muzykalny-kutyy/vyktoryansky-fener-rokr-amk61-p80	0	1	0	1
https://bg.robotoys.eu/drven-3d-pzel/muzykalny-ynstrumenty	0	1	0	2
https://bg.robotoys.eu/drven-3d-pzel/muzykalny-ynstrumenty/akordeon-rolife-tg410-p41	0	3	0	1
https://bg.robotoys.eu/drven-3d-pzel/muzykalny-ynstrumenty/barabany-rolife-tg409-p81	0	1	0	3
https://bg.robotoys.eu/drven-3d-pzel/muzykalny-ynstrumenty/tsygulka-capriccio-rokr-tg604k-p66	0	2	0	1
https://bg.robotoys.eu/drven-3d-pzel/muzykalny-ynstrumenty/vlshebno-pyano-rokr-amk81-p70	0	1	0	2
https://bg.robotoys.eu/drven-3d-pzel/orzhyia	0	4	0	3.5
https://bg.robotoys.eu/drven-3d-pzel/orzhyia/drven-mekhanychen-3d-pzel-kartechnytsa-s-vrtiashcha-se-tsev-rokr-lqa01-p218	0	8	0	4.75
https://bg.robotoys.eu/drven-3d-pzel/orzhyia/obsadna-mashyna-balysta-rokr-kw401-p15	0	1	0	5
https://bg.robotoys.eu/drven-3d-pzel/orzhyia/termynator-m870-rokr-lq501-p36	0	2	0	1
https://bg.robotoys.eu/drven-3d-pzel/orzhyia/thompson-rokr-lqb01-p74	0	3	0	2
https://bg.robotoys.eu/drven-3d-pzel/prevozny-sredstva/drven-3d-pzel-fiat-125p-little-story-e002-p94	0	1	0	2
https://bg.robotoys.eu/drven-3d-pzel/prevozny-sredstva/drven-3d-pzel-fiat-126p-little-story-e005-p97	0	1	0	9
https://bg.robotoys.eu/drven-3d-pzel/prevozny-sredstva/drven-3d-pzel-kamyon-little-story-d004-p168	0	1	0	1
https://bg.robotoys.eu/drven-3d-pzel/prevozny-sredstva/drven-3d-pzel-klasychesky-gradsky-tramvai-rokr-lk801-p88	0	4	0	7.25
https://bg.robotoys.eu/drven-3d-pzel/prevozny-sredstva/drven-3d-pzel-sakura-journey-rolife-tgs02-p105	0	2	0	2
https://bg.robotoys.eu/drven-3d-pzel/prevozny-sredstva/drven-3d-pzel-samolet-little-story-d016-p130	0	10	0	13.6
https://bg.robotoys.eu/drven-3d-pzel/prevozny-sredstva/drven-3d-pzel-tank-fv4005-little-story-wot09-p236	0	6	0	8.67
https://bg.robotoys.eu/drven-3d-pzel/prevozny-sredstva/drven-3d-pzel-tank-maus-little-story-wot10-p237	0	2	0	1.5
https://bg.robotoys.eu/drven-3d-pzel/prevozny-sredstva/drven-3d-pzel-vetrokhoden-korab-vlastelynt-na-moretata-eco-wood-art-p216	0	1	0	13
https://bg.robotoys.eu/drven-3d-pzel/prevozny-sredstva/drven-mekhanychen-3d-pzel-chervena-sstezatelna-kola-eco-wood-art-p152	0	1	0	10
https://bg.robotoys.eu/drven-3d-pzel/prevozny-sredstva/drven-mekhanychen-3d-pzel-kamyon-road-king-eco-wood-art-p206	0	2	0	1
https://bg.robotoys.eu/drven-3d-pzel/prevozny-sredstva/drven-mekhanychen-3d-pzel-kruyzer-motor-eco-wood-art-p150	0	6	0	9
https://bg.robotoys.eu/drven-3d-pzel/prevozny-sredstva/drven-mekhanychen-3d-pzel-platnokhodka-morsko-konche-rokr-mcb02-p212	0	9	0	5.44
https://bg.robotoys.eu/drven-3d-pzel/prevozny-sredstva/model-na-kola-grand-prix-rokr-mc401-p16	0	7	0	6
https://bg.robotoys.eu/drven-3d-pzel/prevozny-sredstva/retro-avtomobyl-rokr-mc801-p72	0	12	0	4.67
https://bg.robotoys.eu/drven-3d-pzel/prevozny-sredstva/ystorychesky-tramvai-rolife-tg505-p40	0	1	0	3
https://bg.robotoys.eu/drven-3d-pzel/stem-lab/drven-3d-pzel-retro-telefon-eco-wood-art-p156	0	2	0	3
https://bg.robotoys.eu/drven-3d-pzel/stem-lab/drven-mekhanychen-3d-pzel-gear-ball-challenge-rokr-egc01-p213	0	3	0	8
https://bg.robotoys.eu/drven-3d-pzel/stem-lab/drven-mekhanychen-3d-pzel-klasychesky-prynter-rokr-lk602-p90	0	2	0	2.5
https://bg.robotoys.eu/drven-3d-pzel/stem-lab/drven-mekhanychen-3d-pzel-pysheshcha-mashyna-eco-wood-art-p158	0	9	0	2.67
https://bg.robotoys.eu/drven-3d-pzel/stem-lab/drven-mekhanychen-3d-pzel-shokoladova-fabryka-rokr-lga02-p75	0	1	0	14
https://bg.robotoys.eu/drven-3d-pzel/stem-lab/pinball-rokr-eg01-p43	0	1	0	9
https://bg.robotoys.eu/drven-3d-pzel/tsvetia/drven-3d-pzel-chervena-kamelyia-rowood-tw031-p102	0	1	0	3
https://bg.robotoys.eu/drven-3d-pzel/tsvetia/drven-3d-pzel-chervena-roza-rowood-tw042-p101	0	3	0	3.33
https://bg.robotoys.eu/drven-3d-pzel/tsvetia/drven-3d-pzel-drvena-knyga-s-tsvetia-rowood-tw04h-p228	0	1	0	3
https://bg.robotoys.eu/drven-3d-pzel/tsvetia/drven-3d-pzel-drvena-kutyia-za-tsvetia-rowood-tw02h-p162	0	1	0	8
https://bg.robotoys.eu/drven-3d-pzel/tsvetia/drven-3d-pzel-rozov-karamfyl-rowood-tw051-p110	0	1	0	1
https://bg.robotoys.eu/drven-3d-pzel/tsvetia/drven-3d-pzel-sakura-bonsai-rolife-tg415-p142	0	4	0	2.5
https://bg.robotoys.eu/drven-3d-pzel/tsvetia/drven-3d-pzel-sakura-rowood-tw101-p195	0	1	0	10
https://bg.robotoys.eu/drven-3d-pzel/tsvetia/drven-3d-pzel-slnchogled-rowood-tw011-p113	0	3	0	11
https://bg.robotoys.eu/drven-3d-pzel/tsvetia/drven-3d-pzel-vodny-lylyy-pod-gradynsky-most-p258	0	1	0	9
https://bg.robotoys.eu/drven-3d-pzel/tsvetia/drven-3d-pzel-zlaten-slnchogled-rowood-th002-p193	0	3	0	8.33
https://bg.robotoys.eu/drven-3d-pzel/vselenata/drven-mekhanychen-3d-pzel-kosmycheska-sovalka-rokr-lka02-p253	0	1	0	3
https://bg.robotoys.eu/drven-3d-pzel/vselenata/slncheva-systema-rokr-st001-p71	0	1	0	1
https://bg.robotoys.eu/drven-3d-pzel/zhyvotnyte/drven-3d-pzel-kenguru-little-story-d014-p122	0	1	0	1
https://bg.robotoys.eu/drven-3d-pzel/zhyvotnyte/drven-3d-pzel-lv-little-story-d011-p119	0	1	0	23
https://bg.robotoys.eu/drven-3d-pzel/zhyvotnyte/drven-3d-pzel-pchela-little-story-d001-p128	0	3	0	4.33
https://bg.robotoys.eu/drven-3d-pzel/zhyvotnyte/drven-3d-pzel-slon-little-story-d012-p120	0	1	0	1
https://bg.robotoys.eu/drven-3d-pzel/zhyvotnyte/drven-3d-pzel-zhyraf-little-story-d013-p121	0	4	0	4.5
https://bg.robotoys.eu/marky/rolife?page=2	0	2	0	10
https://bg.robotoys.eu/mynyatiurny-kshchy-150-do-199-br	0	3	0	7.33
https://bg.robotoys.eu/mynyatiurny-kshchy-200-do-299-br	0	1	0	1
https://bg.robotoys.eu/mynyatiurny-kshchy-lesna-trudnost	0	1	0	6
https://bg.robotoys.eu/mynyatiurny-kshchy/knygy-nook/magical-house-rolife-tgb03-p58	0	1	0	3
https://bg.robotoys.eu/mynyatiurny-kshchy/knygy-nook/vlozhka-za-etazherka-gl-za-tsvetia-rolife-tgb09-p108	0	2	0	1
https://bg.robotoys.eu/mynyatiurny-kshchy/knygy-nook/vlozhka-za-etazherka-za-knygy-tematychen-park-prykazka-rolife-tgb17-p257	0	1	0	9
https://bg.robotoys.eu/mynyatiurny-kshchy/knygy-nook/vlozhka-za-etazherka-za-knygy-ulychna-stsena-rolife-tgb13-p256	0	1	0	1
https://bg.robotoys.eu/mynyatiurny-kshchy/knygy-nook/vlozhka-za-raft-koledna-ulytsa-rolife-tgc06-p139	0	3	0	3.33
https://bg.robotoys.eu/mynyatiurny-kshchy/knygy-nook/vlozhka-za-raft-koledna-ynteryorna-stsena-rolife-tgc07-p140	0	1	0	2
https://bg.robotoys.eu/mynyatiurny-kshchy/knygy-nook/vlozhka-za-raft-za-knygy-arcade-dating-rolife-tgb10-p148	0	1	0	5
https://bg.robotoys.eu/mynyatiurny-kshchy/mynyatiurny-magazyny/kafene-v-saimn-rolife-dg109-p64	0	1	0	4
https://bg.robotoys.eu/mynyatiurny-kshchy/mynyatiurny-magazyny/magazyn-za-tsvetia-emily-rolife-dg145-p25	0	3	0	8
https://bg.robotoys.eu/mynyatiurny-kshchy/mynyatiurny-magazyny/magazyn-za-veshchytsy-kiki-rolife-dg155-p31	0	3	0	6
https://bg.robotoys.eu/mynyatiurny-kshchy/mynyatiurny-magazyny/mynyatiurna-kshcha-magazyn-za-sladoled-honey-rolife-dg148-p65	0	2	0	6
https://bg.robotoys.eu/mynyatiurny-kshchy/mynyatiurny-stay	0	1	0	4
https://bg.robotoys.eu/mynyatiurny-kshchy/mynyatiurny-stay/detektyvskata-agentsyia-na-mouz-rolife-dg157-p24	0	1	0	10
https://bg.robotoys.eu/mynyatiurny-kshchy/mynyatiurny-stay/mynyatiurna-kshcha-uchylyshche-za-magyia-rolife-dg166-p163	0	2	0	6.5
https://bg.robotoys.eu/mynyatiurny-kshchy/mynyatiurny-stay/mynyatiurna-kshcha-verandata-na-lyly-rolife-dg11-p93	0	1	0	2
https://bg.robotoys.eu/mynyatiurny-kshchy/mynyatiurny-stay/oranzheryiata-na-g-zha-katy-rolife-dg104-p28	0	5	0	4.6
https://bg.robotoys.eu/mynyatiurny-kshchy/mynyatiurny-stay/uchebnata-byblyoteka-na-sam-rolife-dg102-p86	0	26	0	4.62
https://bg.robotoys.eu/nai-dobre-otsenenyte-produkty-na-markata-rolife	0	1	0	13
https://bg.robotoys.eu/nai-evtynyte-mynyatiurny-kshchy	0	3	0	6.33
https://bg.robotoys.eu/nai-novyiat-drven-3d-pzel	0	2	0	6.5
https://bg.robotoys.eu/nai-novyte-produkty-na-markata-rokr	0	1	0	4
https://bg.robotoys.eu/nai-novyte-produkty-na-markata-rolife	0	1	0	27
https://bg.robotoys.eu/nai-prodavanyte-produkty-na-markata-rolife	0	1	0	7
https://bg.robotoys.eu/nai-skpyte-podartsy-za-rozhden-den	0	1	0	4
https://bg.robotoys.eu/nai-skpyte-produkty-na-markata-rokr	0	2	0	7
https://bg.robotoys.eu/nai-skpyte-produkty-na-markata-rolife	0	2	0	2.5
https://bg.robotoys.eu/nai-vysoko-otsenen-drven-3d-pzel	0	1	0	4
https://bg.robotoys.eu/nai-vysoko-otseneny-podartsy-za-koleda	0	1	0	10
https://bg.robotoys.eu/polezny-vrzky/chesto-zadavany-vprosy/zapoved	0	1	0	35
https://bg.robotoys.eu/polezny-vrzky/vsychko-za-pazaruvaneto	0	3	0	1
https://bg.robotoys.eu/polezny-vrzky/vsychko-za-pazaruvaneto/uslovyia-za-oplakvane	0	3	0	4.67
https://bg.robotoys.eu/polezny-vrzky/za-kompanyiata	0	5	0	1.6
https://bg.robotoys.eu/polezny-vrzky/za-kompanyiata/kontakt	0	2	0	5
https://bg.robotoys.eu/prodazhba-na-produkty-s-marka-rokr	0	2	0	12.5
https://bg.robotoys.eu/sastezanie-po-pazeli/bukhal-little-story-d009-132	0	1	0	4
https://bg.robotoys.eu/sastezanie-po-pazeli/chasovnyk-bukhal-rokr-lk503-6	0	1	0	1
https://bg.robotoys.eu/sastezanie-po-pazeli/chasovnyk-s-kukuvytsa-rokr-lc901c-198	0	9	0	6.56
https://bg.robotoys.eu/sastezanie-po-pazeli/gl-za-tsvetia-rolife-tgb09-108	0	1	0	1
https://bg.robotoys.eu/sastezanie-po-pazeli/klasychesky-gradsky-tramvai-rokr-lk801-88	0	1	0	3
https://bg.robotoys.eu/sastezanie-po-pazeli/kosmycheska-sovalka-rokr-lka02-253	0	2	0	7.5
https://bg.robotoys.eu/sastezanie-po-pazeli/kshchychka-na-drvoto-sakura-rolife-tgs04-201	0	1	0	2
https://bg.robotoys.eu/sastezanie-po-pazeli/lylava-peperuda-orkhydeia-rowood-tw091-194	0	2	0	1
https://bg.robotoys.eu/sastezanie-po-pazeli/model-na-aifelovata-kula-rolife-tg501-17	0	1	0	1
https://bg.robotoys.eu/sastezanie-po-pazeli/monokuliaren-teleskop-rokr-st004-8	0	1	0	18
https://bg.robotoys.eu/sastezanie-po-pazeli/muzykalna-kutyia-magychesko-vyolonchelo-rokr-amk63-1	0	1	0	4
https://bg.robotoys.eu/sastezanie-po-pazeli/pavylyon-sakura-rolife-tga07-268	0	4	0	4.25
https://bg.robotoys.eu/sastezanie-po-pazeli/restorant-tipsy-rolife-dg167-209	0	1	0	5
https://bg.robotoys.eu/sastezanie-po-pazeli/romantychna-vrtelezhka-rokr-amk62-77	0	1	0	7
https://bg.robotoys.eu/sastezanie-po-pazeli/rozovo-lale-rowood-tw082-161	0	1	0	3
https://bg.robotoys.eu/sastezanie-po-pazeli/slnchogled-rowood-tw011-113	0	1	0	6
https://bg.robotoys.eu/sastezanie-po-pazeli/symfonyia-na-krasyvy-mechty-rokr-amk63m-211	0	1	0	4
https://bg.robotoys.eu/sastezanie-po-pazeli/synia-trotynetka-sting-little-story-e022b-245	0	2	0	18
https://bg.robotoys.eu/sastezanie-po-pazeli/time-travel-rolife-tgb04-60	0	1	0	1
https://bg.robotoys.eu/sastezanie-po-pazeli/tsygulka-capriccio-rokr-tg604k-66	0	1	0	5
https://bg.robotoys.eu/sastezanie-po-pazeli/vakantsyonna-gradynska-kshcha-rolife-tgb06-78	0	2	0	3
https://bg.robotoys.eu/sastezanie-po-pazeli/yakhta-little-story-d015-129	0	1	0	2
https://bg.robotoys.eu/ydey-za-podartsy/podartsy-za-detsa	0	1	0	9
https://bg.robotoys.eu/ydey-za-podartsy/podartsy-za-koleda	0	1	0	4
https://bg.robotoys.eu/ydey-za-podartsy/podartsy-za-neia	0	1	0	10
https://bg.robotoys.eu/ydey-za-podartsy/podartsy-za-rozhden-den	0	41	0	22.68
https://cz.robotoys.eu/blog	0	3	0	10.33
https://cz.robotoys.eu/blog/10-nastroju-ktere-potrebujete-pri-skladani-dreveneho-3d-puzzle	0	38	0	6.82
https://cz.robotoys.eu/blog/5-nejlepsich-darku-na-valentyna-ktere-potesi-kazdeho	0	13	0	10.69
https://cz.robotoys.eu/blog/5-vyhod-kreativnich-stavebnic-pro-rozvoj-jemne-motoriky-a-koncentrace	0	16	0	5.81
https://cz.robotoys.eu/blog/7-neodolatelnych-tipu-na-darky-pro-zenu	0	135	0	19.04
https://cz.robotoys.eu/blog/co-potrebujete-vedet-pred-stavbou-miniaturnich-domku	0	1	0	9
https://cz.robotoys.eu/blog/historie-3d-drevenych-puzzle-od-pocatku-az-po-soucasnost	0	12	0	7.75
https://cz.robotoys.eu/blog/idealni-darek-pro-deti-ktery-rozviji-kreativitu-a-trpelivost	0	1	0	11
https://cz.robotoys.eu/blog/jak-se-zbavit-stresu-10-ucinnych-tipu	0	65	0	29.77
https://cz.robotoys.eu/blog/jak-vybrat-nejlepsi-dekoraci-do-domacnosti-tipy-a-triky	0	33	0	8.12
https://cz.robotoys.eu/blog/little-story-3d-stavebnice-ktere-spojuji-kreativitu-zabavu-a-kvalitu	0	31	0	5.1
https://cz.robotoys.eu/blog/nasli-jsme-dokonaly-valentynsky-darek	0	2	0	7.5
https://cz.robotoys.eu/blog/nejlepsi-darek-pro-nej-originalni-s-dotekem-historie	0	50	0	8.8
https://cz.robotoys.eu/blog/nejlepsi-darek-pro-ni-magicky-koutek-pro-milovnici-knih	0	35	0	14.11
https://cz.robotoys.eu/blog/podzim-2025-sezona-slow-life-tady-je-dukaz	0	1	0	15
https://cz.robotoys.eu/blog/privedte-svuj-mozek-do-pohybu-s-3d-drevenymi-mechanickymi-puzzle	0	3	0	4.67
https://cz.robotoys.eu/blog/proc-jsou-3d-drevene-modely-perfektnim-darkem-pro-kazdou-vekovou-kategorii	0	4	0	3.5
https://cz.robotoys.eu/blog/rokr-vas-vstup-do-stvoreni-kreativity-a-zabavy	0	1	0	1
https://cz.robotoys.eu/blog/rokr-vas-vstup-do-sveta-kreativity-a-zabavy	0	56	0	7.8
https://cz.robotoys.eu/blog/rolife-krasa-pomaleho-zivota-a-diy-kreativity	0	4	0	9.25
https://cz.robotoys.eu/blog/skvele-tipy-na-vanocni-darky-ktere-potesi-i-ty-nejnarocnejsi	0	11	0	14.09
https://cz.robotoys.eu/blog/stavani-puzzle-nejlepsi-aktivita-pro-duchodce	0	25	0	9.6
https://cz.robotoys.eu/blog/stem-a-drevene-modely	0	2	0	5
https://cz.robotoys.eu/blog/the-story-of-the-famous-tower-bridge-how-to-bring-london-to-your-home	0	345	0	11.07
https://cz.robotoys.eu/blog/world-of-tanks-nyni-i-na-tve-policce	0	16	0	8.5
https://cz.robotoys.eu/contract-withdrawal	0	1	0	8
https://cz.robotoys.eu/darky-na-narozeniny-v-akci	0	1	0	39
https://cz.robotoys.eu/darky-na-vanoce-v-akci	0	1	0	16
https://cz.robotoys.eu/darky-pro-zeny-a-divky-v-akci	0	1	0	27
https://cz.robotoys.eu/drevene-3d-puzzle-150-az-199ks	0	4	0	8
https://cz.robotoys.eu/drevene-3d-puzzle-200-az-299ks	0	5	0	6.4
https://cz.robotoys.eu/drevene-3d-puzzle-doba-skladani-do-1-az-3-hodin	0	2	0	10.5
https://cz.robotoys.eu/drevene-3d-puzzle-doba-skladani-do-1-hodiny	0	2	0	5.5
https://cz.robotoys.eu/drevene-3d-puzzle-doba-skladani-do-3-az-5-hodin	0	1	0	5
https://cz.robotoys.eu/drevene-3d-puzzle-snadna-obtiznost	0	5	0	8.2
https://cz.robotoys.eu/drevene-3d-puzzle-stredni-obtiznost	0	4	0	5
https://cz.robotoys.eu/drevene-3d-puzzle-v-akci	0	3	0	17.67
https://cz.robotoys.eu/drevene-3d-puzzle-vice-nez-300ks	0	2	0	7
https://cz.robotoys.eu/drevene-3d-puzzle-vysoka-obtiznost	0	1	0	6
https://cz.robotoys.eu/drevene-3d-puzzle-vysoka-obtiznost?page=2	0	1	0	5
https://cz.robotoys.eu/drevene-3d-puzzle/architektura/drevene-3d-puzzle-braniborska-brana-little-story-e015-p125	0	5	0	3.6
https://cz.robotoys.eu/drevene-3d-puzzle/architektura/drevene-3d-puzzle-domecek-na-strome-sakura-rolife-tgs04-p201	0	20	0	4.4
https://cz.robotoys.eu/drevene-3d-puzzle/architektura/drevene-3d-puzzle-katedrala-notre-dame-little-story-e017-p127	0	44	0	2.59
https://cz.robotoys.eu/drevene-3d-puzzle/architektura/drevene-3d-puzzle-knihkupectvi-ve-stare-ulicce-p262	0	4	0	3.75
https://cz.robotoys.eu/drevene-3d-puzzle/architektura/drevene-3d-puzzle-knihovna-u-morskeho-pobrezi-p261	0	16	0	3.62
https://cz.robotoys.eu/drevene-3d-puzzle/architektura/drevene-3d-puzzle-koloseum-little-story-e016-p126	0	97	0	5.74
https://cz.robotoys.eu/drevene-3d-puzzle/architektura/drevene-3d-puzzle-mini-horska-chata-a-frame-rolife-dg181-p227	0	39	0	3.56
https://cz.robotoys.eu/drevene-3d-puzzle/architektura/drevene-3d-puzzle-model-sikme-veze-v-pise-rolife-tg304-p37	0	5	0	6
https://cz.robotoys.eu/drevene-3d-puzzle/architektura/drevene-3d-puzzle-opera-v-sydney-little-story-e028-p238	0	9	0	3.22
https://cz.robotoys.eu/drevene-3d-puzzle/architektura/drevene-3d-puzzle-parizska-katedrala-rowood-tg511-p224	0	4	0	9.25
https://cz.robotoys.eu/drevene-3d-puzzle/architektura/drevene-3d-puzzle-pavilon-sakura-rolife-tga07-p268	0	2	0	2
https://cz.robotoys.eu/drevene-3d-puzzle/architektura/drevene-3d-puzzle-sikma-vez-v-pise-little-story-e009-p114	0	31	0	4.65
https://cz.robotoys.eu/drevene-3d-puzzle/architektura/drevene-3d-puzzle-vitezny-oblouk-little-story-e011-p123	0	21	0	4.62
https://cz.robotoys.eu/drevene-3d-puzzle/architektura/drevene-3d-puzzle-vitezny-oblouk-rolife-tg502-p47	0	5	0	1.6
https://cz.robotoys.eu/drevene-3d-puzzle/architektura/drevene-mechanicke-3d-puzzle-kulickova-draha-londyn-rokr-egb01-p264	0	7	0	5.14
https://cz.robotoys.eu/drevene-3d-puzzle/architektura/drevene-mechanicke-3d-puzzle-vetrny-mlyn-eco-wood-art-p154	0	20	0	5.95
https://cz.robotoys.eu/drevene-3d-puzzle/architektura/model-big-ben-s-led-osvetlenim-rolife-tg507-p20	0	9	0	4.22
https://cz.robotoys.eu/drevene-3d-puzzle/architektura/model-eiffelovy-veze-rolife-tg501-p17	0	22	0	6.77
https://cz.robotoys.eu/drevene-3d-puzzle/architektura/petipatrova-pagoda-rolife-tgn02-p45	0	25	0	7.48
https://cz.robotoys.eu/drevene-3d-puzzle/architektura/svitici-eiffelova-vez-rolife-tgl01-p73	0	84	0	11.42
https://cz.robotoys.eu/drevene-3d-puzzle/architektura/vitezny-oblouk-rolife-tg502-p47	0	1	0	18
https://cz.robotoys.eu/drevene-3d-puzzle/hodiny-kalendare	0	6	0	6.83
https://cz.robotoys.eu/drevene-3d-puzzle/hodiny-kalendare/drevene-mechanicke-3d-puzzle-kukackove-hodiny-rokr-lc901c-p198	0	28	0	3.36
https://cz.robotoys.eu/drevene-3d-puzzle/hodiny-kalendare/hodiny-sova-rokr-lk503-p6	0	46	0	4.11
https://cz.robotoys.eu/drevene-3d-puzzle/hodiny-kalendare/nastenne-hodiny-zodiac-rokr-lc601-p52	0	11	0	4
https://cz.robotoys.eu/drevene-3d-puzzle/hodiny-kalendare/romanticke-nastenne-hodiny-rokr-lc701-p56	0	48	0	4.33
https://cz.robotoys.eu/drevene-3d-puzzle/hodiny-kalendare/vecny-kalendar-rokr-lk201-p55	0	15	0	21.2
https://cz.robotoys.eu/drevene-3d-puzzle/hraci-skrinky/drevene-mechanicke-3d-puzzle-gramofon-diva-rokr-amk82-p267	0	8	0	2.88
https://cz.robotoys.eu/drevene-3d-puzzle/hraci-skrinky/drevene-mechanicke-3d-puzzle-hraci-skrinka-orpheus-rokr-am601-p82	0	1	0	6
https://cz.robotoys.eu/drevene-3d-puzzle/hraci-skrinky/drevene-mechanicke-3d-puzzle-klasicky-kolotoc-rolife-amc01-p146	0	14	0	3.79
https://cz.robotoys.eu/drevene-3d-puzzle/hraci-skrinky/drevene-mechanicke-3d-puzzle-magicka-harfa-rokr-amk71-p254	0	15	0	6.67
https://cz.robotoys.eu/drevene-3d-puzzle/hraci-skrinky/drevene-mechanicke-3d-puzzle-sakura-dreamy-tour-rolife-amt02-p219	0	3	0	2.33
https://cz.robotoys.eu/drevene-3d-puzzle/hraci-skrinky/drevene-mechanicke-3d-puzzle-symfonie-nadhernych-snu-rokr-amk63m-p211	0	4	0	18
https://cz.robotoys.eu/drevene-3d-puzzle/hraci-skrinky/drevene-mechanicke-3d-puzzle-vanocni-melodicky-stromek-rolife-ams01-p138	0	16	0	2.5
https://cz.robotoys.eu/drevene-3d-puzzle/hraci-skrinky/hudebni-hraci-skrinka-hvezdna-noc-rokr-amk51-p11	0	4	0	3.75
https://cz.robotoys.eu/drevene-3d-puzzle/hraci-skrinky/hudebni-hraci-skrinka-kouzelne-violoncello-rokr-amk63-p1	0	30	0	5.7
https://cz.robotoys.eu/drevene-3d-puzzle/hraci-skrinky/hudebni-hraci-skrinka-swing-ride-rokr-ea02-p4	0	7	0	2.43
https://cz.robotoys.eu/drevene-3d-puzzle/hraci-skrinky/karneval-pri-zapadu-slunce-rolife-amt01-p79	0	2	0	4
https://cz.robotoys.eu/drevene-3d-puzzle/hraci-skrinky/romanticky-kolotoc-rokr-amk62-p77	0	2	0	5
https://cz.robotoys.eu/drevene-3d-puzzle/hraci-skrinky/ruske-kolo-rolife-tgn01-p18	0	7	0	1.71
https://cz.robotoys.eu/drevene-3d-puzzle/hudebni-nastroje	0	9	0	4.78
https://cz.robotoys.eu/drevene-3d-puzzle/hudebni-nastroje/akordeon-rolife-tg410-p41	0	1	0	3
https://cz.robotoys.eu/drevene-3d-puzzle/hudebni-nastroje/bici-rolife-tg409-p81	0	2	0	2.5
https://cz.robotoys.eu/drevene-3d-puzzle/hudebni-nastroje/drevene-3d-puzzle-cello-rolife-tg411-p85	0	19	0	3.47
https://cz.robotoys.eu/drevene-3d-puzzle/hudebni-nastroje/drevene-3d-puzzle-gramofon-rolife-tg408-p39	0	4	0	3.5
https://cz.robotoys.eu/drevene-3d-puzzle/hudebni-nastroje/drevene-3d-puzzle-kridlovy-klavir-rolife-tg402-p200	0	7	0	5.71
https://cz.robotoys.eu/drevene-3d-puzzle/hudebni-nastroje/kouzelny-klavir-rokr-amk81-p70	0	72	0	7.28
https://cz.robotoys.eu/drevene-3d-puzzle/hudebni-nastroje/model-elektricke-kytary-rokr-tg605k-p33	0	18	0	2.67
https://cz.robotoys.eu/drevene-3d-puzzle/hudebni-nastroje/saxofon-rolife-tg309-p26	0	5	0	3
https://cz.robotoys.eu/drevene-3d-puzzle/kvety/drevene-3d-puzzle-cervena-kamelie-rowood-tw031-p102	0	2	0	4
https://cz.robotoys.eu/drevene-3d-puzzle/kvety/drevene-3d-puzzle-cervena-ruze-rowood-tw042-p101	0	61	0	5.62
https://cz.robotoys.eu/drevene-3d-puzzle/kvety/drevene-3d-puzzle-cerveny-karafiat-rowood-tw052-p112	0	3	0	2.33
https://cz.robotoys.eu/drevene-3d-puzzle/kvety/drevene-3d-puzzle-drevena-kvetouci-kniha-rowood-tw04h-p228	0	10	0	4.7
https://cz.robotoys.eu/drevene-3d-puzzle/kvety/drevene-3d-puzzle-dreveny-kvetinovy-box-rowood-tw02h-p162	0	7	0	9.14
https://cz.robotoys.eu/drevene-3d-puzzle/kvety/drevene-3d-puzzle-dreveny-kvetinovy-kosik-rowood-tw03h-p210	0	2	0	11
https://cz.robotoys.eu/drevene-3d-puzzle/kvety/drevene-3d-puzzle-evergreen-pine-bonsai-rolife-tg510-p143	0	5	0	1.2
https://cz.robotoys.eu/drevene-3d-puzzle/kvety/drevene-3d-puzzle-fialova-motylova-orchidej-rowood-tw091-p194	0	6	0	3.67
https://cz.robotoys.eu/drevene-3d-puzzle/kvety/drevene-3d-puzzle-fialovy-kosatec-rowood-tw121-p251	0	2	0	2
https://cz.robotoys.eu/drevene-3d-puzzle/kvety/drevene-3d-puzzle-hermanek-rowood-tw061-p109	0	2	0	3.5
https://cz.robotoys.eu/drevene-3d-puzzle/kvety/drevene-3d-puzzle-kytice-kvetin-rowood-tw01h-p100	0	47	0	3.64
https://cz.robotoys.eu/drevene-3d-puzzle/kvety/drevene-3d-puzzle-lekniny-pod-zahradnim-mustkem-p258	0	1	0	2
https://cz.robotoys.eu/drevene-3d-puzzle/kvety/drevene-3d-puzzle-poinsettia-rowood-tf001-p222	0	1	0	4
https://cz.robotoys.eu/drevene-3d-puzzle/kvety/drevene-3d-puzzle-ruzova-dahlia-rowood-tw131-p252	0	4	0	6.5
https://cz.robotoys.eu/drevene-3d-puzzle/kvety/drevene-3d-puzzle-ruzova-lilie-rowood-tw071-p144	0	10	0	3.2
https://cz.robotoys.eu/drevene-3d-puzzle/kvety/drevene-3d-puzzle-ruzova-ruze-rowood-tw041-p111	0	10	0	5.3
https://cz.robotoys.eu/drevene-3d-puzzle/kvety/drevene-3d-puzzle-ruzovy-karafiat-rowood-tw051-p110	0	2	0	4.5
https://cz.robotoys.eu/drevene-3d-puzzle/kvety/drevene-3d-puzzle-sakura-bonsai-rolife-tg415-p142	0	56	0	4.02
https://cz.robotoys.eu/drevene-3d-puzzle/kvety/drevene-3d-puzzle-serik-rowood-tw021-p103	0	10	0	3.8
https://cz.robotoys.eu/drevene-3d-puzzle/kvety/drevene-3d-puzzle-slunecnice-rowood-tw011-p113	0	4	0	4
https://cz.robotoys.eu/drevene-3d-puzzle/kvety/drevene-3d-puzzle-svetle-oranzova-gerbera-rowood-tw111-p196	0	6	0	4.83
https://cz.robotoys.eu/drevene-3d-puzzle/kvety/drevene-3d-puzzle-trpytive-lekniny-rowood-th001-p192	0	1	0	8
https://cz.robotoys.eu/drevene-3d-puzzle/kvety/drevene-3d-puzzle-zlata-slunecnice-rowood-th002-p193	0	5	0	5.4
https://cz.robotoys.eu/drevene-3d-puzzle/stem-lab/drevene-3d-puzzle-retro-telefon-eco-wood-art-p156	0	34	0	4.24
https://cz.robotoys.eu/drevene-3d-puzzle/stem-lab/drevene-mechanicke-3d-puzzle-gear-ball-challenge-rokr-egc01-p213	0	1	0	5
https://cz.robotoys.eu/drevene-3d-puzzle/stem-lab/drevene-mechanicke-3d-puzzle-klasicka-tiskarna-rokr-lk602-p90	0	48	0	5.71
https://cz.robotoys.eu/drevene-3d-puzzle/stem-lab/drevene-mechanicke-3d-puzzle-mechanicky-psaci-stroj-verze-classic-rokr-lk703b-p265	0	4	0	4
https://cz.robotoys.eu/drevene-3d-puzzle/stem-lab/drevene-mechanicke-3d-puzzle-mechanicky-psaci-stroj-verze-magic-rokr-lk703c-p266	0	11	0	4
https://cz.robotoys.eu/drevene-3d-puzzle/stem-lab/drevene-mechanicke-3d-puzzle-parni-stroj-rokr-lka01-p104	0	4	0	5.5
https://cz.robotoys.eu/drevene-3d-puzzle/stem-lab/drevene-mechanicke-3d-puzzle-psaci-stroj-eco-wood-art-p158	0	14	0	3.14
https://cz.robotoys.eu/drevene-3d-puzzle/stem-lab/drevene-mechanicke-3d-puzzle-tovarna-na-cokoladu-rokr-lga02-p75	0	4	0	4
https://cz.robotoys.eu/drevene-3d-puzzle/stem-lab/filmovy-projektor-vitascope-rokr-lk601-p5	0	4	0	4.25
https://cz.robotoys.eu/drevene-3d-puzzle/stem-lab/marble-night-city-rokr-lga01-p2	0	7	0	9
https://cz.robotoys.eu/drevene-3d-puzzle/stem-lab/marble-parkour-rokr-lg501-p42	0	5	0	3.8
https://cz.robotoys.eu/drevene-3d-puzzle/vesmir/drevene-mechanicke-3d-puzzle-auto-na-solarni-pohon-harbinger-rover-rokr-ls402-p14	0	1	0	2
https://cz.robotoys.eu/drevene-3d-puzzle/vesmir/drevene-mechanicke-3d-puzzle-vesmirny-raketoplan-rokr-lka02-p253	0	18	0	3.22
https://cz.robotoys.eu/drevene-3d-puzzle/vesmir/monokularni-dalekohled-rokr-st004-p8	0	6	0	3.17
https://cz.robotoys.eu/drevene-3d-puzzle/vesmir/slunecni-soustava-rokr-st001-p71	0	24	0	7
https://cz.robotoys.eu/drevene-3d-puzzle/vozidla/drevene-3d-puzzle-armadni-dzip-little-story-e014-p170	0	1	0	20
https://cz.robotoys.eu/drevene-3d-puzzle/vozidla/drevene-3d-puzzle-autobus-little-story-d002-p166	0	1	0	2
https://cz.robotoys.eu/drevene-3d-puzzle/vozidla/drevene-3d-puzzle-bat-chatillon-bourrasque-little-story-wot04-p134	0	4	0	2.75
https://cz.robotoys.eu/drevene-3d-puzzle/vozidla/drevene-3d-puzzle-cervena-motorka-grand-prix-little-story-e021r-p243	0	6	0	1.67
https://cz.robotoys.eu/drevene-3d-puzzle/vozidla/drevene-3d-puzzle-cisternovy-naves-pro-truck-road-king-eco-wood-art-p155	0	4	0	4.5
https://cz.robotoys.eu/drevene-3d-puzzle/vozidla/drevene-3d-puzzle-dzip-little-story-d003-p167	0	1	0	3
https://cz.robotoys.eu/drevene-3d-puzzle/vozidla/drevene-3d-puzzle-eternal-atlantic-voyager-1912-rolife-tgl02-p223	0	1	0	6
https://cz.robotoys.eu/drevene-3d-puzzle/vozidla/drevene-3d-puzzle-fiat-125p-little-story-e002-p94	0	12	0	15.42
https://cz.robotoys.eu/drevene-3d-puzzle/vozidla/drevene-3d-puzzle-fiat-126p-little-story-e005-p97	0	6	0	8.67
https://cz.robotoys.eu/drevene-3d-puzzle/vozidla/drevene-3d-puzzle-helikoptera-little-story-d017-p131	0	1	0	7
https://cz.robotoys.eu/drevene-3d-puzzle/vozidla/drevene-3d-puzzle-hot-rod-eco-wood-art-p231	0	2	0	18
https://cz.robotoys.eu/drevene-3d-puzzle/vozidla/drevene-3d-puzzle-jachta-little-story-d015-p129	0	2	0	2
https://cz.robotoys.eu/drevene-3d-puzzle/vozidla/drevene-3d-puzzle-japonska-diplomaticka-lod-rolife-tg307-p199	0	5	0	18.2
https://cz.robotoys.eu/drevene-3d-puzzle/vozidla/drevene-3d-puzzle-klasicka-mestska-tramvaj-rokr-lk801-p88	0	12	0	4.58
https://cz.robotoys.eu/drevene-3d-puzzle/vozidla/drevene-3d-puzzle-kolovy-parnik-river-princess-eco-wood-art-p159	0	18	0	4.28
https://cz.robotoys.eu/drevene-3d-puzzle/vozidla/drevene-3d-puzzle-kralovsky-kocarek-rolife-tg302-p62	0	1	0	7
https://cz.robotoys.eu/drevene-3d-puzzle/vozidla/drevene-3d-puzzle-letadlo-little-story-d016-p130	0	87	0	5.84
https://cz.robotoys.eu/drevene-3d-puzzle/vozidla/drevene-3d-puzzle-londynsky-turisticky-autobus-rolife-tgm02-p106	0	24	0	5.21
https://cz.robotoys.eu/drevene-3d-puzzle/vozidla/drevene-3d-puzzle-m4a38-sherman-little-story-wot01-p137	0	1	0	5
https://cz.robotoys.eu/drevene-3d-puzzle/vozidla/drevene-3d-puzzle-model-armadniho-dzipu-rokr-mc701-p54	0	3	0	7.33
https://cz.robotoys.eu/drevene-3d-puzzle/vozidla/drevene-3d-puzzle-model-rybarske-lode-rolife-tg308-p38	0	9	0	11
https://cz.robotoys.eu/drevene-3d-puzzle/vozidla/drevene-3d-puzzle-model-silnicniho-valce-rokr-tg701k-p49	0	8	0	26.25
https://cz.robotoys.eu/drevene-3d-puzzle/vozidla/drevene-3d-puzzle-model-vysokozdvizneho-voziku-rokr-tg413k-p48	0	16	0	2.5
https://cz.robotoys.eu/drevene-3d-puzzle/vozidla/drevene-3d-puzzle-modry-plochodrazni-motocykl-little-story-e019b-p239	0	5	0	3.6
https://cz.robotoys.eu/drevene-3d-puzzle/vozidla/drevene-3d-puzzle-modry-sting-scooter-little-story-e022b-p245	0	1	0	5
https://cz.robotoys.eu/drevene-3d-puzzle/vozidla/drevene-3d-puzzle-motocykl-comanche-little-story-e023-p175	0	3	0	2.67
https://cz.robotoys.eu/drevene-3d-puzzle/vozidla/drevene-3d-puzzle-motorka-grand-prix-little-story-e021-p173	0	54	0	2.96
https://cz.robotoys.eu/drevene-3d-puzzle/vozidla/drevene-3d-puzzle-nakladni-automobil-little-story-d004-p168	0	7	0	3.43
https://cz.robotoys.eu/drevene-3d-puzzle/vozidla/drevene-3d-puzzle-nakladni-automobil-little-story-e013-p169	0	2	0	3
https://cz.robotoys.eu/drevene-3d-puzzle/vozidla/drevene-3d-puzzle-plachetnice-djong-eco-wood-art-p232	0	7	0	1.86
https://cz.robotoys.eu/drevene-3d-puzzle/vozidla/drevene-3d-puzzle-plochodrazni-motocykl-little-story-e019-p171	0	16	0	3.88
https://cz.robotoys.eu/drevene-3d-puzzle/vozidla/drevene-3d-puzzle-policejni-auto-eco-wood-art-p214	0	2	0	3
https://cz.robotoys.eu/drevene-3d-puzzle/vozidla/drevene-3d-puzzle-ruzovy-sting-scooter-little-story-e022r-p246	0	4	0	1.75
https://cz.robotoys.eu/drevene-3d-puzzle/vozidla/drevene-3d-puzzle-rycek-rokr-tg508k-p197	0	2	0	6
https://cz.robotoys.eu/drevene-3d-puzzle/vozidla/drevene-3d-puzzle-sakura-journey-rolife-tgs02-p105	0	11	0	4.64
https://cz.robotoys.eu/drevene-3d-puzzle/vozidla/drevene-3d-puzzle-samohybna-sekacka-cs-150c-eco-wood-art-p234	0	1	0	7
https://cz.robotoys.eu/drevene-3d-puzzle/vozidla/drevene-3d-puzzle-sanitka-eco-wood-art-p203	0	5	0	7.6
https://cz.robotoys.eu/drevene-3d-puzzle/vozidla/drevene-3d-puzzle-seda-motorka-speedtail-little-story-e020g-p241	0	1	0	2
https://cz.robotoys.eu/drevene-3d-puzzle/vozidla/drevene-3d-puzzle-sedy-yankee-chopper-little-story-e024g-p249	0	2	0	2
https://cz.robotoys.eu/drevene-3d-puzzle/vozidla/drevene-3d-puzzle-sklapeci-naves-pro-kamion-road-king-eco-wood-art-p207	0	3	0	3
https://cz.robotoys.eu/drevene-3d-puzzle/vozidla/drevene-3d-puzzle-sting-scooter-little-story-e022-p174	0	1	0	2
https://cz.robotoys.eu/drevene-3d-puzzle/vozidla/drevene-3d-puzzle-supercar-eco-wood-art-p215	0	1	0	1
https://cz.robotoys.eu/drevene-3d-puzzle/vozidla/drevene-3d-puzzle-tank-amx-13-105-little-story-wot05-p177	0	34	0	4.44
https://cz.robotoys.eu/drevene-3d-puzzle/vozidla/drevene-3d-puzzle-tank-char-b1-little-story-wot06-p178	0	4	0	20.25
https://cz.robotoys.eu/drevene-3d-puzzle/vozidla/drevene-3d-puzzle-tank-tortoise-little-story-wot08-p180	0	46	0	4.52
https://cz.robotoys.eu/drevene-3d-puzzle/vozidla/drevene-3d-puzzle-tiger-i-little-story-wot03-p136	0	38	0	5.13
https://cz.robotoys.eu/drevene-3d-puzzle/vozidla/drevene-3d-puzzle-vyletni-lod-little-story-e026-p229	0	3	0	11
https://cz.robotoys.eu/drevene-3d-puzzle/vozidla/drevene-3d-puzzle-vyletni-lod-rolife-tg306-p87	0	4	0	4
https://cz.robotoys.eu/drevene-3d-puzzle/vozidla/drevene-3d-puzzle-warszawa-m20-little-story-e006-p98	0	2	0	4
https://cz.robotoys.eu/drevene-3d-puzzle/vozidla/drevene-3d-puzzle-zeleny-plochodrazni-motocykl-little-story-e019g-p240	0	6	0	2.5
https://cz.robotoys.eu/drevene-3d-puzzle/vozidla/drevene-3d-puzzle-zluta-motorka-grand-prix-little-story-e021y-p244	0	7	0	7.43
https://cz.robotoys.eu/drevene-3d-puzzle/vozidla/drevene-mechanicke-3d-puzzle-cervene-zavodni-auto-eco-wood-art-p152	0	78	0	5.86
https://cz.robotoys.eu/drevene-3d-puzzle/vozidla/drevene-mechanicke-3d-puzzle-dostavnik-rokr-amka1-p99	0	116	0	3.99
https://cz.robotoys.eu/drevene-3d-puzzle/vozidla/drevene-mechanicke-3d-puzzle-hasicsky-vuz-eco-wood-art-p208	0	4	0	8
https://cz.robotoys.eu/drevene-3d-puzzle/vozidla/drevene-mechanicke-3d-puzzle-maz-5309rr-eco-wood-art-p153	0	2	0	3.5
https://cz.robotoys.eu/drevene-3d-puzzle/vozidla/drevene-mechanicke-3d-puzzle-motorka-cruiser-eco-wood-art-p150	0	4	0	16.25
https://cz.robotoys.eu/drevene-3d-puzzle/vozidla/drevene-mechanicke-3d-puzzle-nakladac-eco-wood-art-p204	0	3	0	1.33
https://cz.robotoys.eu/drevene-3d-puzzle/vozidla/drevene-mechanicke-3d-puzzle-nakladni-automobil-road-king-eco-wood-art-p206	0	3	0	5.67
https://cz.robotoys.eu/drevene-3d-puzzle/vozidla/drevene-mechanicke-3d-puzzle-plachetnice-morsky-konik-rokr-mcb02-p212	0	20	0	6.55
https://cz.robotoys.eu/drevene-3d-puzzle/vozidla/drevene-mechanicke-3d-puzzle-retro-auto-eco-wood-art-p157	0	4	0	2.5
https://cz.robotoys.eu/drevene-3d-puzzle/vozidla/drevene-mechanicke-3d-puzzle-traktor-eco-wood-art-p233	0	23	0	4.13
https://cz.robotoys.eu/drevene-3d-puzzle/vozidla/drevene-mechanicke-3d-puzzle-zavodni-auto-rokr-lk505-p141	0	1	0	6
https://cz.robotoys.eu/drevene-3d-puzzle/vozidla/drevene-mechanicke-3d-puzzle-zlute-zavodni-auto-eco-wood-art-p151	0	11	0	5.82
https://cz.robotoys.eu/drevene-3d-puzzle/vozidla/historicka-tramvaj-rolife-tg505-p40	0	7	0	7.29
https://cz.robotoys.eu/drevene-3d-puzzle/vozidla/horkovzdusny-balon-rolife-tg406-p84	0	2	0	5.5
https://cz.robotoys.eu/drevene-3d-puzzle/vozidla/lokomotiva-rokr-lk701-p7	0	4	0	4.75
https://cz.robotoys.eu/drevene-3d-puzzle/vozidla/model-auta-grand-prix-rokr-mc401-p16	0	25	0	6.68
https://cz.robotoys.eu/drevene-3d-puzzle/vozidla/model-buldozeru-rokr-tg509k-p32	0	2	0	4
https://cz.robotoys.eu/drevene-3d-puzzle/vozidla/model-plachetnice-rolife-tg305-p21	0	2	0	2
https://cz.robotoys.eu/drevene-3d-puzzle/vozidla/model-tezkeho-nakladniho-auta-rokr-mc502-p27	0	4	0	4.5
https://cz.robotoys.eu/drevene-3d-puzzle/vozidla/model-trojplosniku-rolife-tg301-p46	0	1	0	1
https://cz.robotoys.eu/drevene-3d-puzzle/vozidla/model-vzducholode-rolife-tg407-p22	0	19	0	7.11
https://cz.robotoys.eu/drevene-3d-puzzle/vozidla/motorka-cruiser-rokr-lk504-p12	0	68	0	8.75
https://cz.robotoys.eu/drevene-3d-puzzle/vozidla/vintage-auto-rokr-mc801-p72	0	46	0	5.02
https://cz.robotoys.eu/drevene-3d-puzzle/vozidla?page=2	0	11	0	1
https://cz.robotoys.eu/drevene-3d-puzzle/zbrane/ak-47-rifle-rokr-lq901-p67	0	40	0	3.8
https://cz.robotoys.eu/drevene-3d-puzzle/zbrane/drevene-mechanicke-3d-puzzle-mini-pistole-rokr-lq502-p147	0	1	0	2
https://cz.robotoys.eu/drevene-3d-puzzle/zbrane/drevene-mechanicke-3d-puzzle-protiletadlovy-kanon-rokr-lqm01-p255	0	2	0	1.5
https://cz.robotoys.eu/drevene-3d-puzzle/zbrane/oblehaci-delo-rokr-kw801-p51	0	2	0	3.5
https://cz.robotoys.eu/drevene-3d-puzzle/zbrane/oblehaci-stroj-balista-rokr-kw401-p15	0	3	0	5.33
https://cz.robotoys.eu/drevene-3d-puzzle/zbrane/terminator-m870-rokr-lq501-p36	0	1	0	1
https://cz.robotoys.eu/drevene-3d-puzzle/zbrane/thompson-rokr-lqb01-p74	0	4	0	8
https://cz.robotoys.eu/drevene-3d-puzzle/zvirata	0	7	0	8.43
https://cz.robotoys.eu/drevene-3d-puzzle/zvirata/drevene-3d-puzzle-klokan-little-story-d014-p122	0	14	0	3.71
https://cz.robotoys.eu/drevene-3d-puzzle/zvirata/drevene-3d-puzzle-lev-little-story-d011-p119	0	35	0	5.57
https://cz.robotoys.eu/drevene-3d-puzzle/zvirata/drevene-3d-puzzle-parasaurus-little-story-d008-p117	0	24	0	1.71
https://cz.robotoys.eu/drevene-3d-puzzle/zvirata/drevene-3d-puzzle-plamenak-little-story-d007-p116	0	10	0	6
https://cz.robotoys.eu/drevene-3d-puzzle/zvirata/drevene-3d-puzzle-slon-little-story-d012-p120	0	5	0	20.4
https://cz.robotoys.eu/drevene-3d-puzzle/zvirata/drevene-3d-puzzle-sova-little-story-d009-p132	0	7	0	16.43
https://cz.robotoys.eu/drevene-3d-puzzle/zvirata/drevene-3d-puzzle-stegosaurus-little-story-d010-p118	0	6	0	4.5
https://cz.robotoys.eu/drevene-3d-puzzle/zvirata/drevene-3d-puzzle-t-rex-little-story-d006-p115	0	38	0	6.68
https://cz.robotoys.eu/drevene-3d-puzzle/zvirata/drevene-3d-puzzle-vcela-little-story-d001-p128	0	9	0	4.33
https://cz.robotoys.eu/drevene-3d-puzzle/zvirata/drevene-3d-puzzle-zirafa-little-story-d013-p121	0	2	0	1.5
https://cz.robotoys.eu/drevene-3d-puzzle/zvirata/drevene-mechanicke-3d-puzzle-velociraptor-rokr-ld01-p220	0	3	0	6.67
https://cz.robotoys.eu/drevene-3d-puzzle?page=2	0	1	0	10
https://cz.robotoys.eu/drevene-3d-puzzle?page=4	0	2	0	9
https://cz.robotoys.eu/miniaturni-domecky/books-nook/kouzelny-dum-rolife-tgb03-p58	0	2	0	1
https://cz.robotoys.eu/miniaturni-domecky/books-nook/prazdninovy-zahradni-domek-rolife-tgb06-p78	0	27	0	4.67
https://cz.robotoys.eu/miniaturni-domecky/books-nook/sunshine-town-rolife-tgb02-p30	0	8	0	2.88
https://cz.robotoys.eu/miniaturni-domecky/books-nook/vlozka-do-police-na-knihy-arcade-dating-rolife-tgb10-p148	0	7	0	4.29
https://cz.robotoys.eu/miniaturni-domecky/books-nook/vlozka-do-police-na-knihy-cesta-do-rise-divu-rolife-tgb12-p165	0	3	0	12.33
https://cz.robotoys.eu/miniaturni-domecky/books-nook/vlozka-do-police-na-knihy-koutek-magicke-fantazie-rolife-tgb14-p221	0	2	0	4
https://cz.robotoys.eu/miniaturni-domecky/books-nook/vlozka-do-police-na-knihy-kvetinovy-koutek-rolife-tgb09-p108	0	6	0	7
https://cz.robotoys.eu/miniaturni-domecky/books-nook/vlozka-do-police-na-knihy-poulicni-scena-rolife-tgb13-p256	0	5	0	11.4
https://cz.robotoys.eu/miniaturni-domecky/books-nook/vlozka-do-police-na-knihy-romanticke-benatky-rolife-tgb08-p107	0	6	0	6.67
https://cz.robotoys.eu/miniaturni-domecky/books-nook/vlozka-do-police-na-knihy-svatecni-kavarna-rolife-tgb15-p225	0	3	0	6.67
https://cz.robotoys.eu/miniaturni-domecky/books-nook/vlozka-do-police-na-knihy-vanocni-ulice-rolife-tgc06-p139	0	46	0	4.74
https://cz.robotoys.eu/miniaturni-domecky/books-nook/vlozka-do-police-na-knihy-vinarska-ulicka-pod-sakurami-rolife-tgb11-p164	0	66	0	5.14
https://cz.robotoys.eu/miniaturni-domecky/miniaturni-obchody/kavarna-u-simona-rolife-dg109-p64	0	9	0	8.33
https://cz.robotoys.eu/miniaturni-domecky/miniaturni-obchody/kvetinarstvi-emily-rolife-dg145-p25	0	54	0	4.26
https://cz.robotoys.eu/miniaturni-domecky/miniaturni-obchody/miniaturni-domek-alicin-obchod-s-cajem-rolife-dg156-p61	0	2	0	3
https://cz.robotoys.eu/miniaturni-domecky/miniaturni-obchody/miniaturni-domek-kvetinove-sladkosti-a-caje-rolife-dg146-p92	0	2	0	6.5
https://cz.robotoys.eu/miniaturni-domecky/miniaturni-obchody/miniaturni-domek-obchod-se-zmrzlinou-honey-rolife-dg148-p65	0	1	0	5
https://cz.robotoys.eu/miniaturni-domecky/miniaturni-obchody/miniaturni-domek-restaurace-tipsy-rolife-dg167-p209	0	91	0	5.19
https://cz.robotoys.eu/miniaturni-domecky/miniaturni-obchody/obchod-carodejnice-kiki-rolife-dg155-p31	0	17	0	6.59
https://cz.robotoys.eu/miniaturni-domecky/miniaturni-pokoje	0	12	0	5.83
https://cz.robotoys.eu/miniaturni-domecky/miniaturni-pokoje/miniaturni-domek-dorino-podkrovi-rolife-dg12-p91	0	4	0	4.5
https://cz.robotoys.eu/miniaturni-domecky/miniaturni-pokoje/miniaturni-domek-kouzelna-skola-rolife-dg166-p163	0	3	0	2.67
https://cz.robotoys.eu/miniaturni-domecky/miniaturni-pokoje/miniaturni-domek-lilyina-veranda-rolife-dg11-p93	0	5	0	3.8
https://cz.robotoys.eu/miniaturni-domecky/miniaturni-pokoje/miniaturni-domek-utulna-kuchyne-rolife-dg159-p89	0	7	0	2.86
https://cz.robotoys.eu/miniaturni-domecky/miniaturni-pokoje/miniaturni-domek-utulna-vila-pro-stenatka-rolife-dg169-p149	0	6	0	4.17
https://cz.robotoys.eu/miniaturni-domecky/miniaturni-pokoje/moseho-detektivni-agentura-rolife-dg157-p24	0	6	0	7.33
https://cz.robotoys.eu/miniaturni-domecky/miniaturni-pokoje/samova-studijni-knihovna-rolife-dg102-p86	0	16	0	5.19
https://cz.robotoys.eu/miniaturni-domecky/miniaturni-pokoje/zahrada-pana-millera-rolife-dg108-p23	0	4	0	5.75
https://cz.robotoys.eu/miniaturni-domky-100-az-149ks	0	3	0	8
https://cz.robotoys.eu/miniaturni-domky-150-az-199ks	0	6	0	6
https://cz.robotoys.eu/miniaturni-domky-doba-skladani-do-1-hodiny	0	1	0	10
https://cz.robotoys.eu/miniaturni-domky-doba-skladani-do-3-az-5-hodin	0	16	0	5.44
https://cz.robotoys.eu/miniaturni-domky-snadna-obtiznost	0	5	0	9.4
https://cz.robotoys.eu/miniaturni-domky-v-akci	0	1	0	9
https://cz.robotoys.eu/miniaturni-domky-vysoka-obtiznost	0	1	0	8
https://cz.robotoys.eu/napady-na-darky	0	75	0	2.27
https://cz.robotoys.eu/napady-na-darky/darky-k-dekoraci	0	2	0	8
https://cz.robotoys.eu/napady-na-darky/darky-na-narozeniny	0	8	0	9.25
https://cz.robotoys.eu/napady-na-darky/darky-na-vanoce	0	1	0	18
https://cz.robotoys.eu/napady-na-darky/darky-pro-nej	0	3	0	54.67
https://cz.robotoys.eu/napady-na-darky/darky-pro-ni	0	1	0	3
https://cz.robotoys.eu/napady-na-darky?page=4	0	1	0	7
https://cz.robotoys.eu/nejdrazsi-darky-k-dekoraci	0	1	0	14
https://cz.robotoys.eu/nejdrazsi-darky-k-dekoraci?page=2	0	2	0	10
https://cz.robotoys.eu/nejdrazsi-darky-pro-deti	0	34	0	10.68
https://cz.robotoys.eu/nejdrazsi-darky-pro-muze-a-chlapce	0	1	0	11
https://cz.robotoys.eu/nejdrazsi-darky-pro-zeny-a-divky	0	3	0	9
https://cz.robotoys.eu/nejdrazsi-drevene-3d-puzzle	0	5	0	5.8
https://cz.robotoys.eu/nejdrazsi-produkty-znacky-rokr	0	4	0	5.25
https://cz.robotoys.eu/nejdrazsi-produkty-znacky-rolife	0	3	0	6
https://cz.robotoys.eu/nejlepe-hodnocene-darky-na-narozeniny?page=2	0	1	0	10
https://cz.robotoys.eu/nejlepe-hodnocene-miniaturni-domky	0	1	0	2
https://cz.robotoys.eu/nejlepe-hodnocene-produkty-znacky-rolife	0	8	0	5.5
https://cz.robotoys.eu/nejlevnejsi-darky-na-narozeniny	0	2	0	11.5
https://cz.robotoys.eu/nejlevnejsi-darky-pro-muze-a-chlapce	0	1	0	11
https://cz.robotoys.eu/nejlevnejsi-drevene-3d-puzzle	0	4	0	8.25
https://cz.robotoys.eu/nejlevnejsi-drevene-3d-puzzle?page=3	0	2	0	11
https://cz.robotoys.eu/nejlevnejsi-drevene-3d-puzzle?page=4	0	6	0	1.67
https://cz.robotoys.eu/nejlevnejsi-miniaturni-domky	0	6	0	2.5
https://cz.robotoys.eu/nejlevnejsi-produkty-znacky-rolife?page=2	0	1	0	4
https://cz.robotoys.eu/nejnovejsi-darky-pro-zeny-a-divky	0	1	0	7
https://cz.robotoys.eu/nejnovejsi-miniaturni-domky	0	1	0	5
https://cz.robotoys.eu/nejnovejsi-produkty-znacky-rolife	0	3	0	6
https://cz.robotoys.eu/nejpopularnejsi-darky-na-narozeniny?page=4	0	1	0	2
https://cz.robotoys.eu/nejpopularnejsi-darky-pro-zeny-a-divky	0	14	0	14.29
https://cz.robotoys.eu/nejpopularnejsi-drevene-3d-puzzle?page=3	0	3	0	9
https://cz.robotoys.eu/nejpopularnejsi-miniaturni-domky	0	8	0	13.62
https://cz.robotoys.eu/nejpopularnejsi-produkty-znacky-rokr	0	16	0	26.69
https://cz.robotoys.eu/nejpopularnejsi-produkty-znacky-rolife	0	1	0	3
https://cz.robotoys.eu/nejprodavanejsi-darky-k-dekoraci	0	1	0	9
https://cz.robotoys.eu/nejprodavanejsi-darky-k-dekoraci?page=2	0	3	0	7
https://cz.robotoys.eu/nejprodavanejsi-darky-na-narozeniny	0	4	0	9.5
https://cz.robotoys.eu/nejprodavanejsi-darky-na-vanoce	0	8	0	8.75
https://cz.robotoys.eu/nejprodavanejsi-darky-pro-zeny-a-divky	0	1	0	3
https://cz.robotoys.eu/nejprodavanejsi-drevene-3d-puzzle	0	21	0	6.29
https://cz.robotoys.eu/nejprodavanejsi-miniaturni-domky	0	45	0	9.42
https://cz.robotoys.eu/nejprodavanejsi-produkty-znacky-rokr	0	3	0	1
https://cz.robotoys.eu/nejprodavanejsi-produkty-znacky-rolife	0	1	0	7
https://cz.robotoys.eu/produkty-znacky-rokr-v-akci	0	1	0	6
https://cz.robotoys.eu/produkty-znacky-rolife-v-akci	0	4	0	6
https://cz.robotoys.eu/soutez-v-puzzle	0	1	0	8
https://cz.robotoys.eu/soutez-v-puzzle/cervena-ruze-rowood-tw042-101	0	1	0	11
https://cz.robotoys.eu/soutez-v-puzzle/cervene-zavodni-auto-eco-wood-art-152	0	1	0	13
https://cz.robotoys.eu/soutez-v-puzzle/cisternovy-naves-pro-truck-road-king-eco-wood-art-155	0	1	0	7
https://cz.robotoys.eu/soutez-v-puzzle/dorino-podkrovi-rolife-dg12-91	0	2	0	10
https://cz.robotoys.eu/soutez-v-puzzle/dostavnik-rokr-amka1-99	0	4	0	18.25
https://cz.robotoys.eu/soutez-v-puzzle/dreveny-kvetinovy-kosik-rowood-tw03h-210	0	1	0	17
https://cz.robotoys.eu/soutez-v-puzzle/evergreen-pine-bonsai-rolife-tg510-143	0	2	0	6.5
https://cz.robotoys.eu/soutez-v-puzzle/fialovy-kosatec-rowood-tw121-251	0	1	0	4
https://cz.robotoys.eu/soutez-v-puzzle/fiat-125p-little-story-e002-94	0	2	0	8.5
https://cz.robotoys.eu/soutez-v-puzzle/filmovy-projektor-vitascope-rokr-lk601-5	0	1	0	12
https://cz.robotoys.eu/soutez-v-puzzle/gramofon-rolife-tg408-39	0	4	0	6
https://cz.robotoys.eu/soutez-v-puzzle/hot-rod-eco-wood-art-231	0	1	0	6
https://cz.robotoys.eu/soutez-v-puzzle/hudebni-hraci-skrinka-hvezdna-noc-rokr-amk51-11	0	2	0	8.5
https://cz.robotoys.eu/soutez-v-puzzle/jachta-little-story-d015-129	0	1	0	7
https://cz.robotoys.eu/soutez-v-puzzle/japonska-diplomaticka-lod-rolife-tg307-199	0	1	0	8
https://cz.robotoys.eu/soutez-v-puzzle/karneval-pri-zapadu-slunce-rolife-amt01-79	0	1	0	8
https://cz.robotoys.eu/soutez-v-puzzle/kavarna-u-simona-rolife-dg109-64	0	1	0	10
https://cz.robotoys.eu/soutez-v-puzzle/klasicky-kolotoc-rolife-amc01-146	0	1	0	15
https://cz.robotoys.eu/soutez-v-puzzle/kolibrik-v-rozkvetle-zahrade-259	0	1	0	1
https://cz.robotoys.eu/soutez-v-puzzle/kombajn-pro-sber-obili-gh800-eco-wood-art-160	0	4	0	2.75
https://cz.robotoys.eu/soutez-v-puzzle/kulomet-s-rotacni-hlavni-rokr-lqa01-218	0	3	0	20
https://cz.robotoys.eu/soutez-v-puzzle/kvetinarstvi-emily-rolife-dg145-25	0	2	0	9.5
https://cz.robotoys.eu/soutez-v-puzzle/kvetinovy-koutek-rolife-tgb09-108	0	1	0	3
https://cz.robotoys.eu/soutez-v-puzzle/kytice-kvetin-rowood-tw01h-100	0	2	0	9.5
https://cz.robotoys.eu/soutez-v-puzzle/lekniny-pod-zahradnim-mustkem-258	0	1	0	5
https://cz.robotoys.eu/soutez-v-puzzle/lev-little-story-d011-119	0	1	0	10
https://cz.robotoys.eu/soutez-v-puzzle/lilyina-veranda-rolife-dg11-93	0	1	0	7
https://cz.robotoys.eu/soutez-v-puzzle/magicka-harfa-rokr-amk71-254	0	2	0	4
https://cz.robotoys.eu/soutez-v-puzzle/mechanicky-psaci-stroj-verze-classic-rokr-lk703b-265	0	3	0	6.67
https://cz.robotoys.eu/soutez-v-puzzle/mechanicky-psaci-stroj-verze-magic-rokr-lk703c-266	0	3	0	4.67
https://cz.robotoys.eu/soutez-v-puzzle/mini-horska-chata-a-frame-rolife-dg181-227	0	1	0	5
https://cz.robotoys.eu/soutez-v-puzzle/model-sklapece-rokr-tg603k-34	0	1	0	197
https://cz.robotoys.eu/soutez-v-puzzle/monokularni-dalekohled-rokr-st004-8	0	1	0	12
https://cz.robotoys.eu/soutez-v-puzzle/motorka-cruiser-eco-wood-art-150	0	2	0	12.5
https://cz.robotoys.eu/soutez-v-puzzle/nastenne-hodiny-zodiac-rokr-lc601-52	0	1	0	6
https://cz.robotoys.eu/soutez-v-puzzle/obchod-carodejnice-kiki-rolife-dg155-31	0	1	0	10
https://cz.robotoys.eu/soutez-v-puzzle/oblehaci-stroj-balista-rokr-kw401-15	0	1	0	38
https://cz.robotoys.eu/soutez-v-puzzle/opera-v-sydney-little-story-e028-238	0	1	0	7
https://cz.robotoys.eu/soutez-v-puzzle/parasaurus-little-story-d008-117	0	19	0	10.16
https://cz.robotoys.eu/soutez-v-puzzle/parnik-little-story-e025-230	0	1	0	7
https://cz.robotoys.eu/soutez-v-puzzle/plachetnice-morsky-konik-rokr-mcb02-212	0	1	0	8
https://cz.robotoys.eu/soutez-v-puzzle/plamenak-little-story-d007-116	0	3	0	11
https://cz.robotoys.eu/soutez-v-puzzle/plochodrazni-motocykl-little-story-e019-171	0	2	0	5
https://cz.robotoys.eu/soutez-v-puzzle/prazdninovy-zahradni-domek-rolife-tgb06-78	0	1	0	16
https://cz.robotoys.eu/soutez-v-puzzle/restaurace-tipsy-rolife-dg167-209	0	2	0	11.5
https://cz.robotoys.eu/soutez-v-puzzle/retro-telefon-eco-wood-art-156	0	1	0	2
https://cz.robotoys.eu/soutez-v-puzzle/sakura-densya-rolife-tgb01-29	0	6	0	1
https://cz.robotoys.eu/soutez-v-puzzle/sakura-dreamy-tour-rolife-amt02-219	0	1	0	9
https://cz.robotoys.eu/soutez-v-puzzle/sanitka-eco-wood-art-203	0	1	0	4
https://cz.robotoys.eu/soutez-v-puzzle/sedy-yankee-chopper-little-story-e024g-249	0	1	0	11
https://cz.robotoys.eu/soutez-v-puzzle/serik-rowood-tw021-103	0	2	0	10.5
https://cz.robotoys.eu/soutez-v-puzzle/slunecni-soustava-rokr-st001-71	0	2	0	7.5
https://cz.robotoys.eu/soutez-v-puzzle/stegosaurus-little-story-d010-118	0	1	0	3
https://cz.robotoys.eu/soutez-v-puzzle/sunshine-town-rolife-tgb02-30	0	2	0	6.5
https://cz.robotoys.eu/soutez-v-puzzle/svetle-oranzova-gerbera-rowood-tw111-196	0	2	0	11
https://cz.robotoys.eu/soutez-v-puzzle/svitici-globus-rokr-st003-3	0	2	0	7
https://cz.robotoys.eu/soutez-v-puzzle/tank-fv4005-little-story-wot09-236	0	3	0	6.33
https://cz.robotoys.eu/soutez-v-puzzle/tank-maus-little-story-wot10-237	0	2	0	4.5
https://cz.robotoys.eu/soutez-v-puzzle/tank-t-34-85-little-story-wot02-135	0	1	0	10
https://cz.robotoys.eu/soutez-v-puzzle/tiger-i-little-story-wot03-136	0	2	0	4.5
https://cz.robotoys.eu/soutez-v-puzzle/time-travel-rolife-tgb04-60	0	2	0	10
https://cz.robotoys.eu/soutez-v-puzzle/tovarna-na-cokoladu-rokr-lga02-75	0	5	0	7
https://cz.robotoys.eu/soutez-v-puzzle/tovarna-na-darky-snu-rokr-eab01-202	0	2	0	5
https://cz.robotoys.eu/soutez-v-puzzle/traktor-eco-wood-art-233	0	1	0	6
https://cz.robotoys.eu/soutez-v-puzzle/utulna-kuchyne-rolife-dg159-89	0	4	0	10
https://cz.robotoys.eu/soutez-v-puzzle/vinarska-ulicka-pod-sakurami-rolife-tgb11-164	0	1	0	4
https://cz.robotoys.eu/soutez-v-puzzle/vitezny-oblouk-rolife-tg502-47	0	3	0	3
https://cz.robotoys.eu/soutez-v-puzzle/vyletni-lod-little-story-e026-229	0	2	0	8
https://cz.robotoys.eu/soutez-v-puzzle/vyletni-lod-rolife-tg306-87	0	1	0	8
https://cz.robotoys.eu/soutez-v-puzzle/warszawa-m20-little-story-e006-98	0	1	0	10
https://cz.robotoys.eu/soutez-v-puzzle/zeleny-plochodrazni-motocykl-little-story-e019g-240	0	2	0	5.5
https://cz.robotoys.eu/soutez-v-puzzle/zemni-sklapec-moaz-75053-eco-wood-art-235	0	4	0	7
https://cz.robotoys.eu/uzitecne-odkazy	0	23	0	7.48
https://cz.robotoys.eu/uzitecne-odkazy/nejcastejsi-otazky/objednavka	0	3	0	8.33
https://cz.robotoys.eu/uzitecne-odkazy/nejcastejsi-otazky/reklamace	0	3	0	9
https://cz.robotoys.eu/uzitecne-odkazy/nejcastejsi-otazky/vraceni-zbozi-vraceni-penez	0	3	0	4
https://cz.robotoys.eu/uzitecne-odkazy/o-spolecnosti	0	4	0	5.25
https://cz.robotoys.eu/uzitecne-odkazy/o-spolecnosti/kontakt	0	54	0	1.19
https://cz.robotoys.eu/uzitecne-odkazy/o-spolecnosti/o-nas	0	12	0	4.08
https://cz.robotoys.eu/uzitecne-odkazy/vse-o-nakupu	0	5	0	2.8
https://cz.robotoys.eu/uzitecne-odkazy/vse-o-nakupu/obchodni-podminky	0	1	0	4
https://cz.robotoys.eu/uzitecne-odkazy/vse-o-nakupu/ochrana-osobnich-udaju	0	1	0	3
https://cz.robotoys.eu/vyprodej-3d-drevenych-puzzle	0	9	0	7.44
https://cz.robotoys.eu/vyprodej-3d-drevenych-puzzle?page=2	0	4	0	8.25
https://cz.robotoys.eu/vyprodej-3d-drevenych-puzzle?page=3	0	2	0	2
https://cz.robotoys.eu/vyprodej-darku-na-vanoce?page=2	0	1	0	8
https://cz.robotoys.eu/vyprodej-darku-pro-zeny-a-divky	0	4	0	11.75
https://cz.robotoys.eu/vyprodej-produktu-znacky-rokr	0	17	0	34.41
https://cz.robotoys.eu/znacky	0	52	0	1.65
https://cz.robotoys.eu/znacky?page=4	0	9	0	1.33
https://de.robotoys.eu/3d-puzzle-aus-holz	0	38	0	26.08
https://de.robotoys.eu/3d-puzzle-aus-holz-100-bis-149-teile	0	2	0	6
https://de.robotoys.eu/3d-puzzle-aus-holz-150-bis-199-teile	0	3	0	10
https://de.robotoys.eu/3d-puzzle-aus-holz-200-bis-299-teile	0	11	0	26.64
https://de.robotoys.eu/3d-puzzle-aus-holz-einfacher-schwierigkeitsgrad	0	2	0	10
https://de.robotoys.eu/3d-puzzle-aus-holz-mehr-als-300-teile	0	12	0	15.58
https://de.robotoys.eu/3d-puzzle-aus-holz-mittlerer-schwierigkeitsgrad	0	9	0	8.67
https://de.robotoys.eu/3d-puzzle-aus-holz-montagezeit-bis-zu-1-stunde	0	4	0	11.25
https://de.robotoys.eu/3d-puzzle-aus-holz-montagezeit-innerhalb-von-1-bis-3-stunden	0	2	0	8.5
https://de.robotoys.eu/3d-puzzle-aus-holz-montagezeit-innerhalb-von-3-bis-5-stunden	0	6	0	7.5
https://de.robotoys.eu/3d-puzzle-aus-holz-montagezeit-mehr-als-5-stunden	0	4	0	8.25
https://de.robotoys.eu/3d-puzzle-aus-holz-weniger-als-100-teile	0	2	0	9.5
https://de.robotoys.eu/3d-puzzle-aus-holz/blumen	0	183	0	11.12
https://de.robotoys.eu/3d-puzzle-aus-holz/blumen/3d-holzpuzzle-rosa-nelke-rowood-tw051-p110	0	3	0	9
https://de.robotoys.eu/3d-puzzle-aus-holz/blumen/3d-holzpuzzle-weihnachtsstern-rowood-tf001-p222	0	19	0	4.79
https://de.robotoys.eu/3d-puzzle-aus-holz/blumen/3d-puzzle-aus-holz-blumenbuch-aus-holz-rowood-tw04h-p228	0	4	0	22.75
https://de.robotoys.eu/3d-puzzle-aus-holz/blumen/3d-puzzle-aus-holz-blumenstrauss-rowood-tw01h-p100	0	14	0	10.5
https://de.robotoys.eu/3d-puzzle-aus-holz/blumen/3d-puzzle-aus-holz-flieder-rowood-tw021-p103	0	6	0	10
https://de.robotoys.eu/3d-puzzle-aus-holz/blumen/3d-puzzle-aus-holz-glitzernde-seerosen-rowood-th001-p192	0	3	0	5
https://de.robotoys.eu/3d-puzzle-aus-holz/blumen/3d-puzzle-aus-holz-goldene-sonnenblume-rowood-th002-p193	0	1	0	11
https://de.robotoys.eu/3d-puzzle-aus-holz/blumen/3d-puzzle-aus-holz-hellorange-gerbera-rowood-tw111-p196	0	13	0	6.15
https://de.robotoys.eu/3d-puzzle-aus-holz/blumen/3d-puzzle-aus-holz-hirsch-an-einem-bergsee-p260	0	4	0	16.75
https://de.robotoys.eu/3d-puzzle-aus-holz/blumen/3d-puzzle-aus-holz-kamille-rowood-tw061-p109	0	19	0	6.21
https://de.robotoys.eu/3d-puzzle-aus-holz/blumen/3d-puzzle-aus-holz-kolibri-in-einem-bluhenden-garten-p259	0	8	0	2.25
https://de.robotoys.eu/3d-puzzle-aus-holz/blumen/3d-puzzle-aus-holz-lila-iris-rowood-tw121-p251	0	6	0	6.5
https://de.robotoys.eu/3d-puzzle-aus-holz/blumen/3d-puzzle-aus-holz-lila-schmetterlingsorchidee-rowood-tw091-p194	0	2	0	6.5
https://de.robotoys.eu/3d-puzzle-aus-holz/blumen/3d-puzzle-aus-holz-rosa-dahlie-rowood-tw131-p252	0	4	0	7
https://de.robotoys.eu/3d-puzzle-aus-holz/blumen/3d-puzzle-aus-holz-rosa-rose-rowood-tw041-p111	0	7	0	7.57
https://de.robotoys.eu/3d-puzzle-aus-holz/blumen/3d-puzzle-aus-holz-rosa-tulpe-rowood-tw082-p161	0	4	0	5.5
https://de.robotoys.eu/3d-puzzle-aus-holz/blumen/3d-puzzle-aus-holz-rote-kamelie-rowood-tw031-p102	0	6	0	4.5
https://de.robotoys.eu/3d-puzzle-aus-holz/blumen/3d-puzzle-aus-holz-rote-nelke-rowood-tw052-p112	0	4	0	6.5
https://de.robotoys.eu/3d-puzzle-aus-holz/blumen/3d-puzzle-aus-holz-rote-rose-rowood-tw042-p101	0	35	0	7.71
https://de.robotoys.eu/3d-puzzle-aus-holz/blumen/3d-puzzle-aus-holz-sakura-rowood-tw101-p195	0	6	0	5.5
https://de.robotoys.eu/3d-puzzle-aus-holz/blumen/3d-puzzle-aus-holz-sonnenblume-rowood-tw011-p113	0	10	0	6.9
https://de.robotoys.eu/3d-puzzle-aus-holz/blumen/3d-puzzle-aus-holz-sonnenstrand-mit-leuchtturm-p263	0	7	0	8.43
https://de.robotoys.eu/3d-puzzle-aus-holz/blumen/holz-3d-puzzle-blumenkasten-aus-holz-rowood-tw02h-p162	0	2	0	22.5
https://de.robotoys.eu/3d-puzzle-aus-holz/blumen/holz-3d-puzzle-blumenkorb-aus-holz-rowood-tw03h-p210	0	2	0	17.5
https://de.robotoys.eu/3d-puzzle-aus-holz/blumen/holz-3d-puzzle-immergruner-kiefernbonsai-rolife-tg510-p143	0	46	0	6.11
https://de.robotoys.eu/3d-puzzle-aus-holz/blumen/holz-3d-puzzle-sakura-bonsai-rolife-tg415-p142	0	43	0	7
https://de.robotoys.eu/3d-puzzle-aus-holz/blumen/holzpuzzle-3d-orange-tulpe-rowood-tw081-p145	0	10	0	6.9
https://de.robotoys.eu/3d-puzzle-aus-holz/blumen/holzpuzzle-3d-rosa-lilie-rowood-tw071-p144	0	27	0	6.44
https://de.robotoys.eu/3d-puzzle-aus-holz/das-universum	0	19	0	10.26
https://de.robotoys.eu/3d-puzzle-aus-holz/das-universum/leuchtender-globus-rokr-st003-p3	0	71	0	9.41
https://de.robotoys.eu/3d-puzzle-aus-holz/das-universum/mechanisches-3d-puzzle-aus-holz-space-shuttle-rokr-lka02-p253	0	14	0	10.79
https://de.robotoys.eu/3d-puzzle-aus-holz/das-universum/monokulares-teleskop-rokr-st004-p8	0	10	0	5.1
https://de.robotoys.eu/3d-puzzle-aus-holz/das-universum/sonnensystem-rokr-st001-p71	0	13	0	3.77
https://de.robotoys.eu/3d-puzzle-aus-holz/die-architektur/3d-holzpuzzle-pariser-kathedrale-rowood-tg511-p224	0	3	0	7
https://de.robotoys.eu/3d-puzzle-aus-holz/die-architektur/3d-holzpuzzle-sakura-pavillon-rolife-tga07-p268	0	19	0	7.95
https://de.robotoys.eu/3d-puzzle-aus-holz/die-architektur/3d-puzzle-aus-holz-brandenburger-tor-little-story-e015-p125	0	171	0	6.32
https://de.robotoys.eu/3d-puzzle-aus-holz/die-architektur/3d-puzzle-aus-holz-kathedrale-notre-dame-little-story-e017-p127	0	27	0	4.33
https://de.robotoys.eu/3d-puzzle-aus-holz/die-architektur/3d-puzzle-aus-holz-mini-a-frame-bergchalet-rolife-dg181-p227	0	9	0	9.33
https://de.robotoys.eu/3d-puzzle-aus-holz/die-architektur/3d-puzzle-aus-holz-modell-des-schiefen-turms-von-pisa-rolife-tg304-p37	0	2	0	9.5
https://de.robotoys.eu/3d-puzzle-aus-holz/die-architektur/3d-puzzle-aus-holz-sakura-baumhaus-rolife-tgs04-p201	0	79	0	5.22
https://de.robotoys.eu/3d-puzzle-aus-holz/die-architektur/3d-puzzle-aus-holz-schiefer-turm-von-pisa-little-story-e009-p114	0	165	0	6.55
https://de.robotoys.eu/3d-puzzle-aus-holz/die-architektur/mechanisches-3d-puzzle-aus-holz-murmelbahn-london-rokr-egb01-p264	0	21	0	8.05
https://de.robotoys.eu/3d-puzzle-aus-holz/die-architektur/mechanisches-3d-puzzle-aus-holz-windmuhle-eco-wood-art-p154	0	14	0	5.43
https://de.robotoys.eu/3d-puzzle-aus-holz/die-architektur/modell-des-eiffelturms-rolife-tg501-p17	0	5	0	6.4
https://de.robotoys.eu/3d-puzzle-aus-holz/die-architektur/modell-des-schiefen-turms-von-pisa-rolife-tg304-p37	0	6	0	6.83
https://de.robotoys.eu/3d-puzzle-aus-holz/die-architektur/tower-bridge-modell-mit-led-beleuchtung-rolife-tg412-p19	0	95	0	7.68
https://de.robotoys.eu/3d-puzzle-aus-holz/die-tiere/3d-puzzle-aus-holz-biene-little-story-d001-p128	0	23	0	8.13
https://de.robotoys.eu/3d-puzzle-aus-holz/die-tiere/3d-puzzle-aus-holz-elefant-little-story-d012-p120	0	71	0	15.54
https://de.robotoys.eu/3d-puzzle-aus-holz/die-tiere/3d-puzzle-aus-holz-flamingo-little-story-d007-p116	0	13	0	4.23
https://de.robotoys.eu/3d-puzzle-aus-holz/die-tiere/3d-puzzle-aus-holz-giraffe-little-story-d013-p121	0	3	0	7.67
https://de.robotoys.eu/3d-puzzle-aus-holz/die-tiere/3d-puzzle-aus-holz-kangaroo-little-story-d014-p122	0	13	0	4.15
https://de.robotoys.eu/3d-puzzle-aus-holz/die-tiere/3d-puzzle-aus-holz-lowe-little-story-d011-p119	0	11	0	4.18
https://de.robotoys.eu/3d-puzzle-aus-holz/die-tiere/3d-puzzle-aus-holz-parasaurus-little-story-d008-p117	0	47	0	1.85
https://de.robotoys.eu/3d-puzzle-aus-holz/die-tiere/3d-puzzle-aus-holz-stegosaurus-little-story-d010-p118	0	8	0	4.38
https://de.robotoys.eu/3d-puzzle-aus-holz/die-tiere/3d-puzzle-aus-holz-t-rex-little-story-d006-p115	0	27	0	3.19
https://de.robotoys.eu/3d-puzzle-aus-holz/die-tiere/mechanisches-3d-puzzle-aus-holz-velociraptor-rokr-ld01-p220	0	2	0	11
https://de.robotoys.eu/3d-puzzle-aus-holz/fahrzeuge/3d-holzpuzzle-eternal-atlantic-voyager-1912-rolife-tgl02-p223	0	13	0	6.92
https://de.robotoys.eu/3d-puzzle-aus-holz/fahrzeuge/3d-holzpuzzle-hot-rod-eco-wood-art-p231	0	2	0	8
https://de.robotoys.eu/3d-puzzle-aus-holz/fahrzeuge/3d-holzpuzzle-supercar-eco-wood-art-p215	0	1	0	3
https://de.robotoys.eu/3d-puzzle-aus-holz/fahrzeuge/3d-puzzle-aus-holz-armeejeep-modell-rokr-mc701-p54	0	13	0	4.54
https://de.robotoys.eu/3d-puzzle-aus-holz/fahrzeuge/3d-puzzle-aus-holz-bat-chatillon-bourrasque-little-story-wot04-p134	0	5	0	2.4
https://de.robotoys.eu/3d-puzzle-aus-holz/fahrzeuge/3d-puzzle-aus-holz-blue-sting-scooter-little-story-e022b-p245	0	2	0	8
https://de.robotoys.eu/3d-puzzle-aus-holz/fahrzeuge/3d-puzzle-aus-holz-bus-little-story-d002-p166	0	4	0	3.25
https://de.robotoys.eu/3d-puzzle-aus-holz/fahrzeuge/3d-puzzle-aus-holz-erdbewegungs-muldenkipper-moaz-75053-eco-wood-art-p235	0	1	0	6
https://de.robotoys.eu/3d-puzzle-aus-holz/fahrzeuge/3d-puzzle-aus-holz-fiat-125p-little-story-e002-p94	0	3	0	2.33
https://de.robotoys.eu/3d-puzzle-aus-holz/fahrzeuge/3d-puzzle-aus-holz-fiat-126p-little-story-e005-p97	0	4	0	2
https://de.robotoys.eu/3d-puzzle-aus-holz/fahrzeuge/3d-puzzle-aus-holz-fischerbootmodell-rolife-tg308-p38	0	7	0	5.71
https://de.robotoys.eu/3d-puzzle-aus-holz/fahrzeuge/3d-puzzle-aus-holz-flugzeug-little-story-d016-p130	0	55	0	5.98
https://de.robotoys.eu/3d-puzzle-aus-holz/fahrzeuge/3d-puzzle-aus-holz-gelbes-grand-prix-motorrad-little-story-e021y-p244	0	4	0	7.5
https://de.robotoys.eu/3d-puzzle-aus-holz/fahrzeuge/3d-puzzle-aus-holz-grauer-yankee-chopper-little-story-e024g-p249	0	5	0	5.8
https://de.robotoys.eu/3d-puzzle-aus-holz/fahrzeuge/3d-puzzle-aus-holz-grunes-speedway-motorrad-little-story-e019g-p240	0	8	0	4
https://de.robotoys.eu/3d-puzzle-aus-holz/fahrzeuge/3d-puzzle-aus-holz-hubschrauber-little-story-d017-p131	0	21	0	4.19
https://de.robotoys.eu/3d-puzzle-aus-holz/fahrzeuge/3d-puzzle-aus-holz-japanisches-diplomatenschiff-rolife-tg307-p199	0	6	0	4.33
https://de.robotoys.eu/3d-puzzle-aus-holz/fahrzeuge/3d-puzzle-aus-holz-klassische-stadtstrassenbahn-rokr-lk801-p88	0	5	0	7.6
https://de.robotoys.eu/3d-puzzle-aus-holz/fahrzeuge/3d-puzzle-aus-holz-konigskutsche-rolife-tg302-p62	0	2	0	1.5
https://de.robotoys.eu/3d-puzzle-aus-holz/fahrzeuge/3d-puzzle-aus-holz-krankenwagen-eco-wood-art-p203	0	4	0	3.5
https://de.robotoys.eu/3d-puzzle-aus-holz/fahrzeuge/3d-puzzle-aus-holz-kreuzfahrtschiff-little-story-e026-p229	0	5	0	3.8
https://de.robotoys.eu/3d-puzzle-aus-holz/fahrzeuge/3d-puzzle-aus-holz-kreuzfahrtschiff-rolife-tg306-p87	0	11	0	8.82
https://de.robotoys.eu/3d-puzzle-aus-holz/fahrzeuge/3d-puzzle-aus-holz-lila-speedtail-motorrad-little-story-e020p-p242	0	1	0	12
https://de.robotoys.eu/3d-puzzle-aus-holz/fahrzeuge/3d-puzzle-aus-holz-lokomotive-little-story-e012-p124	0	47	0	3.26
https://de.robotoys.eu/3d-puzzle-aus-holz/fahrzeuge/3d-puzzle-aus-holz-londoner-touristenbus-rolife-tgm02-p106	0	5	0	7
https://de.robotoys.eu/3d-puzzle-aus-holz/fahrzeuge/3d-puzzle-aus-holz-m4a38-sherman-little-story-wot01-p137	0	2	0	2.5
https://de.robotoys.eu/3d-puzzle-aus-holz/fahrzeuge/3d-puzzle-aus-holz-muldenkipper-anhanger-road-king-eco-wood-art-p207	0	5	0	3.2
https://de.robotoys.eu/3d-puzzle-aus-holz/fahrzeuge/3d-puzzle-aus-holz-panzer-amx-13-105-little-story-wot05-p177	0	15	0	2.67
https://de.robotoys.eu/3d-puzzle-aus-holz/fahrzeuge/3d-puzzle-aus-holz-panzer-char-b1-little-story-wot06-p178	0	13	0	4.15
https://de.robotoys.eu/3d-puzzle-aus-holz/fahrzeuge/3d-puzzle-aus-holz-panzer-fv4005-little-story-wot09-p236	0	17	0	7.59
https://de.robotoys.eu/3d-puzzle-aus-holz/fahrzeuge/3d-puzzle-aus-holz-panzer-maus-little-story-wot10-p237	0	5	0	3.4
https://de.robotoys.eu/3d-puzzle-aus-holz/fahrzeuge/3d-puzzle-aus-holz-panzer-t-34-85-little-story-wot02-p135	0	21	0	4.62
https://de.robotoys.eu/3d-puzzle-aus-holz/fahrzeuge/3d-puzzle-aus-holz-pink-sting-scooter-little-story-e022r-p246	0	3	0	6.33
https://de.robotoys.eu/3d-puzzle-aus-holz/fahrzeuge/3d-puzzle-aus-holz-polizeiauto-eco-wood-art-p214	0	7	0	8.43
https://de.robotoys.eu/3d-puzzle-aus-holz/fahrzeuge/3d-puzzle-aus-holz-rotes-comanche-motorrad-little-story-e023r-p248	0	1	0	2
https://de.robotoys.eu/3d-puzzle-aus-holz/fahrzeuge/3d-puzzle-aus-holz-rotes-grand-prix-motorrad-little-story-e021r-p243	0	3	0	4
https://de.robotoys.eu/3d-puzzle-aus-holz/fahrzeuge/3d-puzzle-aus-holz-sakura-journey-rolife-tgs02-p105	0	55	0	7.36
https://de.robotoys.eu/3d-puzzle-aus-holz/fahrzeuge/3d-puzzle-aus-holz-segelschiff-djong-eco-wood-art-p232	0	3	0	12
https://de.robotoys.eu/3d-puzzle-aus-holz/fahrzeuge/3d-puzzle-aus-holz-steamboat-little-story-e025-p230	0	2	0	9.5
https://de.robotoys.eu/3d-puzzle-aus-holz/fahrzeuge/3d-puzzle-aus-holz-sting-scooter-little-story-e022-p174	0	111	0	9.07
https://de.robotoys.eu/3d-puzzle-aus-holz/fahrzeuge/3d-puzzle-aus-holz-strassenzylinder-modell-rokr-tg701k-p49	0	5	0	6
https://de.robotoys.eu/3d-puzzle-aus-holz/fahrzeuge/3d-puzzle-aus-holz-syrena-105-little-story-e004-p96	0	4	0	3.75
https://de.robotoys.eu/3d-puzzle-aus-holz/fahrzeuge/3d-puzzle-aus-holz-warszawa-m20-little-story-e006-p98	0	6	0	6.67
https://de.robotoys.eu/3d-puzzle-aus-holz/fahrzeuge/3d-puzzle-aus-holz-yacht-little-story-d015-p129	0	9	0	3.33
https://de.robotoys.eu/3d-puzzle-aus-holz/fahrzeuge/dampflokomotive-rokr-mc501-p13	0	18	0	6.06
https://de.robotoys.eu/3d-puzzle-aus-holz/fahrzeuge/dreideckermodell-rolife-tg301-p46	0	1	0	8
https://de.robotoys.eu/3d-puzzle-aus-holz/fahrzeuge/heissluftballon-rolife-tg406-p84	0	19	0	8.26
https://de.robotoys.eu/3d-puzzle-aus-holz/fahrzeuge/historische-strassenbahn-rolife-tg505-p40	0	11	0	7.27
https://de.robotoys.eu/3d-puzzle-aus-holz/fahrzeuge/holz-3d-puzzle-armee-jeep-little-story-e014-p170	0	7	0	10.14
https://de.robotoys.eu/3d-puzzle-aus-holz/fahrzeuge/holz-3d-puzzle-comanche-motorrad-little-story-e023-p175	0	2	0	2.5
https://de.robotoys.eu/3d-puzzle-aus-holz/fahrzeuge/holz-3d-puzzle-lkw-little-story-d004-p168	0	7	0	6.86
https://de.robotoys.eu/3d-puzzle-aus-holz/fahrzeuge/holz-3d-puzzle-lkw-little-story-e013-p169	0	6	0	4.17
https://de.robotoys.eu/3d-puzzle-aus-holz/fahrzeuge/holz-3d-puzzle-motorrad-speedtail-little-story-e020-p172	0	2	0	8
https://de.robotoys.eu/3d-puzzle-aus-holz/fahrzeuge/holz-3d-puzzle-speedway-motorrad-little-story-e019-p171	0	28	0	5.29
https://de.robotoys.eu/3d-puzzle-aus-holz/fahrzeuge/holz-3d-puzzle-tankauflieger-fur-truck-road-king-eco-wood-art-p155	0	6	0	5.33
https://de.robotoys.eu/3d-puzzle-aus-holz/fahrzeuge/lokomotive-rokr-lk701-p7	0	16	0	5.56
https://de.robotoys.eu/3d-puzzle-aus-holz/fahrzeuge/luftschiffmodell-rolife-tg407-p22	0	4	0	6.5
https://de.robotoys.eu/3d-puzzle-aus-holz/fahrzeuge/mechanisches-3d-puzzle-aus-holz-cruiser-motorrad-eco-wood-art-p150	0	21	0	10.67
https://de.robotoys.eu/3d-puzzle-aus-holz/fahrzeuge/mechanisches-3d-puzzle-aus-holz-feuerwehrauto-eco-wood-art-p208	0	8	0	10.62
https://de.robotoys.eu/3d-puzzle-aus-holz/fahrzeuge/mechanisches-3d-puzzle-aus-holz-gelbes-rennauto-eco-wood-art-p151	0	24	0	6.92
https://de.robotoys.eu/3d-puzzle-aus-holz/fahrzeuge/mechanisches-3d-puzzle-aus-holz-getreideernter-gh800-eco-wood-art-p160	0	4	0	5.75
https://de.robotoys.eu/3d-puzzle-aus-holz/fahrzeuge/mechanisches-3d-puzzle-aus-holz-lader-eco-wood-art-p204	0	3	0	14.67
https://de.robotoys.eu/3d-puzzle-aus-holz/fahrzeuge/mechanisches-3d-puzzle-aus-holz-lkw-road-king-eco-wood-art-p206	0	7	0	5.86
https://de.robotoys.eu/3d-puzzle-aus-holz/fahrzeuge/mechanisches-3d-puzzle-aus-holz-maz-5309rr-eco-wood-art-p153	0	1	0	9
https://de.robotoys.eu/3d-puzzle-aus-holz/fahrzeuge/mechanisches-3d-puzzle-aus-holz-muldenkipper-eco-wood-art-p205	0	3	0	4
https://de.robotoys.eu/3d-puzzle-aus-holz/fahrzeuge/mechanisches-3d-puzzle-aus-holz-postkutsche-rokr-amka1-p99	0	3	0	5.67
https://de.robotoys.eu/3d-puzzle-aus-holz/fahrzeuge/mechanisches-3d-puzzle-aus-holz-rennauto-rokr-lk505-p141	0	4	0	8
https://de.robotoys.eu/3d-puzzle-aus-holz/fahrzeuge/mechanisches-3d-puzzle-aus-holz-retro-auto-eco-wood-art-p157	0	2	0	30.5
https://de.robotoys.eu/3d-puzzle-aus-holz/fahrzeuge/mechanisches-3d-puzzle-aus-holz-rotes-rennauto-eco-wood-art-p152	0	28	0	4.25
https://de.robotoys.eu/3d-puzzle-aus-holz/fahrzeuge/mechanisches-3d-puzzle-aus-holz-segelboot-seepferdchen-rokr-mcb02-p212	0	12	0	5
https://de.robotoys.eu/3d-puzzle-aus-holz/fahrzeuge/mechanisches-3d-puzzle-aus-holz-traktor-eco-wood-art-p233	0	31	0	12
https://de.robotoys.eu/3d-puzzle-aus-holz/fahrzeuge/modellauto-grand-prix-rokr-mc401-p16	0	4	0	7.5
https://de.robotoys.eu/3d-puzzle-aus-holz/fahrzeuge/motorrad-cruiser-rokr-lk504-p12	0	74	0	6.58
https://de.robotoys.eu/3d-puzzle-aus-holz/fahrzeuge/schweres-lkw-modell-rokr-mc502-p27	0	10	0	18.6
https://de.robotoys.eu/3d-puzzle-aus-holz/fahrzeuge/segelbootmodell-rolife-tg305-p21	0	2	0	2
https://de.robotoys.eu/3d-puzzle-aus-holz/fahrzeuge/veteranenmodell-rolife-tg504-p53	0	6	0	11
https://de.robotoys.eu/3d-puzzle-aus-holz/musikinstrumente/3d-puzzle-aus-holz-cello-rolife-tg411-p85	0	14	0	5.93
https://de.robotoys.eu/3d-puzzle-aus-holz/musikinstrumente/3d-puzzle-aus-holz-flugel-rolife-tg402-p200	0	12	0	7.75
https://de.robotoys.eu/3d-puzzle-aus-holz/musikinstrumente/e-gitarrenmodell-rokr-tg605k-p33	0	6	0	11.17
https://de.robotoys.eu/3d-puzzle-aus-holz/musikinstrumente/saxophon-rolife-tg309-p26	0	29	0	7.86
https://de.robotoys.eu/3d-puzzle-aus-holz/musikinstrumente/trommeln-rolife-tg409-p81	0	19	0	5.47
https://de.robotoys.eu/3d-puzzle-aus-holz/musikinstrumente/violine-capriccio-rokr-tg604k-p66	0	4	0	5
https://de.robotoys.eu/3d-puzzle-aus-holz/spieluhren	0	20	0	7.05
https://de.robotoys.eu/3d-puzzle-aus-holz/spieluhren/elektrischer-plattenspieler-rokr-lkb01d-p68	0	26	0	6.73
https://de.robotoys.eu/3d-puzzle-aus-holz/spieluhren/karneval-bei-sonnenuntergang-rolife-amt01-p79	0	1	0	10
https://de.robotoys.eu/3d-puzzle-aus-holz/spieluhren/mechanisches-3d-holzpuzzle-symphony-of-beautiful-dreams-rokr-amk63m-p211	0	1	0	13
https://de.robotoys.eu/3d-puzzle-aus-holz/spieluhren/mechanisches-3d-puzzle-aus-holz-diva-drehteller-rokr-amk82-p267	0	10	0	6.2
https://de.robotoys.eu/3d-puzzle-aus-holz/spieluhren/mechanisches-3d-puzzle-aus-holz-sakura-dreamy-tour-rolife-amt02-p219	0	11	0	8.36
https://de.robotoys.eu/3d-puzzle-aus-holz/spieluhren/mechanisches-3d-puzzle-aus-holz-spielschrank-orpheus-rokr-am601-p82	0	4	0	7.25
https://de.robotoys.eu/3d-puzzle-aus-holz/spieluhren/riesenrad-rolife-tgn01-p18	0	18	0	8.44
https://de.robotoys.eu/3d-puzzle-aus-holz/spieluhren/spieluhr-sternennacht-rokr-amk51-p11	0	22	0	8
https://de.robotoys.eu/3d-puzzle-aus-holz/spieluhren/spieluhr-swing-ride-rokr-ea02-p4	0	12	0	7
https://de.robotoys.eu/3d-puzzle-aus-holz/spieluhren/spieluhr-zaubercello-rokr-amk63-p1	0	4	0	13
https://de.robotoys.eu/3d-puzzle-aus-holz/spieluhren/viktorianische-laterne-rokr-amk61-p80	0	11	0	9.45
https://de.robotoys.eu/3d-puzzle-aus-holz/stem-lab	0	13	0	6.15
https://de.robotoys.eu/3d-puzzle-aus-holz/stem-lab/3d-puzzle-aus-holz-retro-telefon-eco-wood-art-p156	0	24	0	5.83
https://de.robotoys.eu/3d-puzzle-aus-holz/stem-lab/filmprojektor-vitascope-rokr-lk601-p5	0	9	0	15.78
https://de.robotoys.eu/3d-puzzle-aus-holz/stem-lab/flipper-rokr-eg01-p43	0	341	0	13.5
https://de.robotoys.eu/3d-puzzle-aus-holz/stem-lab/marble-night-city-rokr-lga01-p2	0	7	0	7
https://de.robotoys.eu/3d-puzzle-aus-holz/stem-lab/marble-parkour-rokr-lg501-p42	0	14	0	13.36
https://de.robotoys.eu/3d-puzzle-aus-holz/stem-lab/mechanisches-3d-puzzle-aus-holz-dampfmaschine-rokr-lka01-p104	0	1	0	12
https://de.robotoys.eu/3d-puzzle-aus-holz/stem-lab/mechanisches-3d-puzzle-aus-holz-gear-ball-challenge-rokr-egc01-p213	0	7	0	7.29
https://de.robotoys.eu/3d-puzzle-aus-holz/stem-lab/mechanisches-3d-puzzle-aus-holz-klassischer-drucker-rokr-lk602-p90	0	34	0	6.53
https://de.robotoys.eu/3d-puzzle-aus-holz/stem-lab/mechanisches-3d-puzzle-aus-holz-mechanische-schreibmaschine-klassische-version-rokr-lk703b-p265	0	5	0	7.2
https://de.robotoys.eu/3d-puzzle-aus-holz/stem-lab/mechanisches-3d-puzzle-aus-holz-mechanische-schreibmaschine-magische-version-rokr-lk703c-p266	0	6	0	9.83
https://de.robotoys.eu/3d-puzzle-aus-holz/stem-lab/mechanisches-3d-puzzle-aus-holz-schreibmaschine-eco-wood-art-p158	0	89	0	2.29
https://de.robotoys.eu/3d-puzzle-aus-holz/stem-lab/mechanisches-3d-puzzle-aus-holz-traumgeschenkfabrik-rokr-eab01-p202	0	77	0	9.19
https://de.robotoys.eu/3d-puzzle-aus-holz/stem-lab/schliessfach-rokr-lk502-p57	0	6	0	9.83
https://de.robotoys.eu/3d-puzzle-aus-holz/uhren-kalender	0	24	0	23.75
https://de.robotoys.eu/3d-puzzle-aus-holz/uhren-kalender/ewiger-kalender-rokr-lk201-p55	0	1	0	26
https://de.robotoys.eu/3d-puzzle-aus-holz/uhren-kalender/mechanisches-3d-puzzle-aus-holz-kuckucksuhr-holzfarbe-rokr-lc901-p217	0	6	0	4.83
https://de.robotoys.eu/3d-puzzle-aus-holz/uhren-kalender/mechanisches-3d-puzzle-aus-holz-kuckucksuhr-rokr-lc901c-p198	0	66	0	8.73
https://de.robotoys.eu/3d-puzzle-aus-holz/uhren-kalender/romantische-wanduhr-rokr-lc701-p56	0	8	0	10.88
https://de.robotoys.eu/3d-puzzle-aus-holz/uhren-kalender/uhreneule-rokr-lk503-p6	0	16	0	16.38
https://de.robotoys.eu/3d-puzzle-aus-holz/uhren-kalender/wanduhr-zodiac-rokr-lc601-p52	0	5	0	5.4
https://de.robotoys.eu/3d-puzzle-aus-holz/waffen	0	27	0	10.89
https://de.robotoys.eu/3d-puzzle-aus-holz/waffen/ballista-der-belagerungsmaschine-rokr-kw401-p15	0	6	0	4
https://de.robotoys.eu/3d-puzzle-aus-holz/waffen/belagerungskanone-rokr-kw801-p51	0	4	0	6.5
https://de.robotoys.eu/3d-puzzle-aus-holz/waffen/mechanisches-3d-puzzle-aus-holz-flugabwehrkanone-rokr-lqm01-p255	0	3	0	11.67
https://de.robotoys.eu/3d-puzzle-aus-holz/waffen/mechanisches-3d-puzzle-aus-holz-maschinengewehr-mit-drehbarem-lauf-rokr-lqa01-p218	0	4	0	7.75
https://de.robotoys.eu/3d-puzzle-aus-holz/waffen/revolver-corsac-m60-rokr-lq401-p35	0	14	0	6.43
https://de.robotoys.eu/3d-puzzle-aus-holz/waffen/terminator-m870-rokr-lq501-p36	0	7	0	8
https://de.robotoys.eu/3d-puzzle-aus-holz/waffen/thompson-rokr-lqb01-p74	0	3	0	5.67
https://de.robotoys.eu/bloggen	0	3	0	2.33
https://de.robotoys.eu/bloggen/3d-holzpuzzles-wie-sie-ihr-erstes-bauset-auswahlen-und-worauf-sie-sich-vorbereiten-sollten	0	18	0	8
https://de.robotoys.eu/bloggen/5-vorteile-kreativer-bausteine-fur-die-entwicklung-von-feinmotorik-und-konzentration	0	40	0	6.33
https://de.robotoys.eu/bloggen/7-unwiderstehliche-geschenkideen-fur-frauen	0	60	0	7.8
https://de.robotoys.eu/bloggen/bringen-sie-ihr-gehirn-mit-mechanischen-3d-puzzles-aus-holz-in-schwung	0	14	0	11.71
https://de.robotoys.eu/bloggen/das-beste-geschenk-fur-ihn-original-mit-einem-hauch-von-geschichte	0	4	0	8.5
https://de.robotoys.eu/bloggen/das-beste-geschenk-fur-sie-eine-magische-ecke-fur-einen-bucherliebhaber	0	2	0	14.5
https://de.robotoys.eu/bloggen/der-tiktok-trend-dopamin-hobby-was-er-bedeutet-und-warum-puzzles-so-beliebt-sind	0	37	0	6.95
https://de.robotoys.eu/bloggen/die-5-besten-geschenke-zum-valentinstag-die-jedem-gefallen	0	2	0	7
https://de.robotoys.eu/bloggen/die-geschichte-der-beruehmten-tower-bridge-wie-sel-london-zu-ihnen-nach-hause-holen	0	1	0	1
https://de.robotoys.eu/bloggen/ein-geschenk-fur-den-mann-der-schon-alles-hat-24-originelle-tipps-die-ihn-garantiert-uberraschen-werden	0	7	0	27.57
https://de.robotoys.eu/bloggen/ein-holzstrauss-der-nie-verwelkt-entdecken-sie-die-magie-von-3d-blumenpuzzles	0	13	0	8.08
https://de.robotoys.eu/bloggen/herbst-2025-zeit-fur-langsames-leben-hier-ist-der-beweis	0	1	0	5
https://de.robotoys.eu/bloggen/rokr-ihr-einstieg-in-die-welt-der-kreativitat-und-unterhaltung	0	53	0	15.32
https://de.robotoys.eu/bloggen/so-wahlen-sie-die-beste-heimdekoration-aus-tipps-und-tricks	0	14	0	28.5
https://de.robotoys.eu/bloggen/top-5-aktivitaten-die-die-entwicklung-motorischer-fahigkeiten-unterstutzen	0	58	0	23.48
https://de.robotoys.eu/bloggen/top-5-aktivitaten-die-unterstutzen	0	1	0	1
https://de.robotoys.eu/bloggen/top-5-aktivitete-die-die-entwicklung-motorischer-fahigkeiten-unterstutzen	0	1	0	1
https://de.robotoys.eu/die-am-besten-bewerteten-produkte-der-marke-rokr	0	2	0	11.5
https://de.robotoys.eu/die-beliebtesten-produkte-der-marke-rolife	0	4	0	23.75
https://de.robotoys.eu/die-neuesten-geschenke-zu-weihnachten	0	1	0	7
https://de.robotoys.eu/die-neuesten-produkte-der-marke-rokr	0	1	0	4
https://de.robotoys.eu/die-teuersten-geschenke-fur-frauen-und-madchen	0	130	0	36.94
https://de.robotoys.eu/die-teuersten-geschenke-zu-weihnachten	0	13	0	8.77
https://de.robotoys.eu/die-teuersten-produkte-der-marke-rokr	0	10	0	7.3
https://de.robotoys.eu/geschenkideen	0	11	0	1
https://de.robotoys.eu/geschenkideen/geburtstagsgeschenke	0	5	0	1
https://de.robotoys.eu/geschenkideen/geschenke-fur-ihn	0	11	0	1.09
https://de.robotoys.eu/geschenkideen/geschenke-fur-kinder	0	9	0	1
https://de.robotoys.eu/geschenkideen/geschenke-fur-sie	0	1	0	1
https://de.robotoys.eu/geschenkideen/geschenke-fur-weihnachten	0	5	0	13.4
https://de.robotoys.eu/marken	0	10	0	6.5
https://de.robotoys.eu/marken/eco-wood-art	0	8	0	11
https://de.robotoys.eu/marken/rokr	0	92	0	14.73
https://de.robotoys.eu/marken/rolife	0	24	0	16.92
https://de.robotoys.eu/miniaturhauser	0	19	0	22.79
https://de.robotoys.eu/miniaturhauser-100-bis-149-stuck	0	1	0	9
https://de.robotoys.eu/miniaturhauser-150-bis-199-stuck	0	4	0	7.5
https://de.robotoys.eu/miniaturhauser-einfacher-schwierigkeitsgrad	0	1	0	9
https://de.robotoys.eu/miniaturhauser-mittlerer-schwierigkeitsgrad	0	2	0	8.5
https://de.robotoys.eu/miniaturhauser-montagezeit-bis-zu-1-stunde	0	1	0	1
https://de.robotoys.eu/miniaturhauser-montagezeit-innerhalb-von-3-bis-5-stunden	0	2	0	3
https://de.robotoys.eu/miniaturhauser-montagezeit-mehr-als-5-stunden	0	1	0	4
https://de.robotoys.eu/miniaturhauser/bucher-ecke	0	7	0	9
https://de.robotoys.eu/miniaturhauser/bucher-ecke/bookstore-rolife-tgb07-p76	0	15	0	6.13
https://de.robotoys.eu/miniaturhauser/bucher-ecke/bucherregaleinsatz-arcade-dating-rolife-tgb10-p148	0	16	0	7.81
https://de.robotoys.eu/miniaturhauser/bucher-ecke/bucherregaleinsatz-bibliothek-der-wunder-rolife-tgb16-p226	0	7	0	6.29
https://de.robotoys.eu/miniaturhauser/bucher-ecke/bucherregaleinsatz-blumenecke-rolife-tgb09-p108	0	2	0	5
https://de.robotoys.eu/miniaturhauser/bucher-ecke/bucherregaleinsatz-falling-sakura-rolife-tgb05-p50	0	10	0	3.9
https://de.robotoys.eu/miniaturhauser/bucher-ecke/bucherregaleinsatz-holiday-cafe-rolife-tgb15-p225	0	3	0	9.33
https://de.robotoys.eu/miniaturhauser/bucher-ecke/bucherregaleinsatz-magische-fantasy-ecke-rolife-tgb14-p221	0	1	0	11
https://de.robotoys.eu/miniaturhauser/bucher-ecke/bucherregaleinsatz-marchen-themenpark-rolife-tgb17-p257	0	2	0	4.5
https://de.robotoys.eu/miniaturhauser/bucher-ecke/bucherregaleinsatz-reise-ins-wunderland-rolife-tgb12-p165	0	13	0	5.62
https://de.robotoys.eu/miniaturhauser/bucher-ecke/bucherregaleinsatz-romantisches-venedig-rolife-tgb08-p107	0	14	0	6.5
https://de.robotoys.eu/miniaturhauser/bucher-ecke/bucherregaleinsatz-strassenszene-rolife-tgb13-p256	0	1	0	6
https://de.robotoys.eu/miniaturhauser/bucher-ecke/bucherregaleinsatz-weihnachts-innenszene-rolife-tgc07-p140	0	1	0	6
https://de.robotoys.eu/miniaturhauser/bucher-ecke/bucherregaleinsatz-weihnachtsstrasse-rolife-tgc06-p139	0	1	0	7
https://de.robotoys.eu/miniaturhauser/bucher-ecke/bucherregaleinsatz-weinallee-unter-den-sakura-baumen-rolife-tgb11-p164	0	11	0	3.73
https://de.robotoys.eu/miniaturhauser/bucher-ecke/feriengartenhaus-rolife-tgb06-p78	0	13	0	8.31
https://de.robotoys.eu/miniaturhauser/bucher-ecke/magical-house-rolife-tgb03-p58	0	19	0	6.37
https://de.robotoys.eu/miniaturhauser/bucher-ecke/sakura-densya-rolife-tgb01-p29	0	21	0	8.86
https://de.robotoys.eu/miniaturhauser/bucher-ecke/sunshine-town-rolife-tgb02-p30	0	3	0	7.33
https://de.robotoys.eu/miniaturhauser/bucher-ecke/time-travel-rolife-tgb04-p60	0	1	0	6
https://de.robotoys.eu/miniaturhauser/miniaturladen	0	26	0	8.69
https://de.robotoys.eu/miniaturhauser/miniaturladen/blumenladen-emily-rolife-dg145-p25	0	3	0	15
https://de.robotoys.eu/miniaturhauser/miniaturladen/cafe-bei-simon-rolife-dg109-p64	0	8	0	7
https://de.robotoys.eu/miniaturhauser/miniaturladen/hexenladen-kiki-rolife-dg155-p31	0	108	0	15.16
https://de.robotoys.eu/miniaturhauser/miniaturladen/miniaturhaus-alices-teeladen-rolife-dg156-p61	0	11	0	9.64
https://de.robotoys.eu/miniaturhauser/miniaturladen/miniaturhaus-eisdiele-honey-rolife-dg148-p65	0	14	0	7
https://de.robotoys.eu/miniaturhauser/miniaturladen/miniaturhaus-restaurant-tipsy-rolife-dg167-p209	0	41	0	6.56
https://de.robotoys.eu/miniaturhauser/miniaturraume	0	20	0	10.5
https://de.robotoys.eu/miniaturhauser/miniaturraume/miniaturhaus-doras-dachboden-rolife-dg12-p91	0	9	0	5.78
https://de.robotoys.eu/miniaturhauser/miniaturraume/miniaturhaus-gemutliche-kuche-rolife-dg159-p89	0	10	0	2.2
https://de.robotoys.eu/miniaturhauser/miniaturraume/miniaturhaus-gemutliche-villa-fur-welpen-rolife-dg169-p149	0	8	0	6.88
https://de.robotoys.eu/miniaturhauser/miniaturraume/miniaturhaus-lilys-porch-rolife-dg11-p93	0	3	0	4.67
https://de.robotoys.eu/miniaturhauser/miniaturraume/miniaturhaus-zauberschule-rolife-dg166-p163	0	9	0	8.11
https://de.robotoys.eu/miniaturhauser/miniaturraume/mr-millers-garden-rolife-dg108-p23	0	49	0	6.04
https://de.robotoys.eu/miniaturhauser/miniaturraume/mrs-cathys-gewachshaus-rolife-dg104-p28	0	19	0	6.95
https://de.robotoys.eu/miniaturhauser/miniaturraume/sams-studienbibliothek-rolife-dg102-p86	0	9	0	9.33
https://de.robotoys.eu/neueste-geburtstagsgeschenke	0	1	0	2
https://de.robotoys.eu/nutzliche-links/alles-rund-ums-einkaufen	0	1	0	4
https://de.robotoys.eu/nutzliche-links/alles-rund-ums-einkaufen/reklamationsbedingungen	0	1	0	7
https://de.robotoys.eu/nutzliche-links/haufig-gestellte-fragen	0	1	0	8
https://de.robotoys.eu/nutzliche-links/uber-das-unternehmen	0	5	0	1
https://de.robotoys.eu/nutzliche-links/uber-das-unternehmen/grosshandel	0	3	0	2.33
https://de.robotoys.eu/nutzliche-links/uber-das-unternehmen/kontakt	0	1	0	4
https://de.robotoys.eu/nutzliche-links/uber-das-unternehmen/uber-uns	0	5	0	3
https://de.robotoys.eu/puzzlespiel-wettbewerb	0	1	0	1
https://de.robotoys.eu/puzzlespiel-wettbewerb/blaues-speedway-motorrad-little-story-e019b-239	0	4	0	6.25
https://de.robotoys.eu/puzzlespiel-wettbewerb/blumenecke-rolife-tgb09-108	0	1	0	9
https://de.robotoys.eu/puzzlespiel-wettbewerb/diva-drehteller-rokr-amk82-267	0	2	0	6.5
https://de.robotoys.eu/puzzlespiel-wettbewerb/ewiger-kalender-rokr-lk201-55	0	1	0	3
https://de.robotoys.eu/puzzlespiel-wettbewerb/flipper-rokr-eg01-43	0	1	0	4
https://de.robotoys.eu/puzzlespiel-wettbewerb/flugel-rolife-tg402-200	0	1	0	4
https://de.robotoys.eu/puzzlespiel-wettbewerb/funfstockige-pagode-rolife-tgn02-45	0	4	0	4
https://de.robotoys.eu/puzzlespiel-wettbewerb/goldene-sonnenblume-rowood-th002-193	0	1	0	8
https://de.robotoys.eu/puzzlespiel-wettbewerb/grammophon-rolife-tg408-39	0	1	0	11
https://de.robotoys.eu/puzzlespiel-wettbewerb/hexenladen-kiki-rolife-dg155-31	0	8	0	60.88
https://de.robotoys.eu/puzzlespiel-wettbewerb/klassischer-drucker-rokr-lk602-90	0	1	0	17
https://de.robotoys.eu/puzzlespiel-wettbewerb/klassisches-karussell-rolife-amc01-146	0	1	0	6
https://de.robotoys.eu/puzzlespiel-wettbewerb/kuckucksuhr-rokr-lc901c-198	0	2	0	7
https://de.robotoys.eu/puzzlespiel-wettbewerb/leuchtender-globus-rokr-st003-3	0	1	0	10
https://de.robotoys.eu/puzzlespiel-wettbewerb/mechanische-schreibmaschine-magische-version-rokr-lk703c-266	0	1	0	7
https://de.robotoys.eu/puzzlespiel-wettbewerb/panzer-fv4005-little-story-wot09-236	0	1	0	6
https://de.robotoys.eu/puzzlespiel-wettbewerb/rote-nelke-rowood-tw052-112	0	1	0	9
https://de.robotoys.eu/puzzlespiel-wettbewerb/sakura-journey-rolife-tgs02-105	0	1	0	10
https://de.robotoys.eu/puzzlespiel-wettbewerb/sakura-pavillon-rolife-tga07-268	0	2	0	5
https://de.robotoys.eu/puzzlespiel-wettbewerb/schiefer-turm-von-pisa-little-story-e009-114	0	1	0	10
https://de.robotoys.eu/puzzlespiel-wettbewerb/space-shuttle-rokr-lka02-253	0	2	0	5
https://de.robotoys.eu/puzzlespiel-wettbewerb/spieluhr-sternennacht-rokr-amk51-11	0	2	0	7.5
https://de.robotoys.eu/puzzlespiel-wettbewerb/tankauflieger-fur-truck-road-king-eco-wood-art-155	0	2	0	9
https://de.robotoys.eu/puzzlespiel-wettbewerb/time-travel-rolife-tgb04-60	0	1	0	10
https://de.robotoys.eu/puzzlespiel-wettbewerb/wanduhr-zodiac-rokr-lc601-52	0	3	0	11.67
https://de.robotoys.eu/puzzlespiel-wettbewerb/zauberschule-rolife-dg166-163	0	1	0	10
https://dk.robotoys.eu/bedst-bedomte-gaveideer?page=4	0	1	0	2
https://dk.robotoys.eu/bedst-bedomte-miniaturehuse	0	1	0	23
https://dk.robotoys.eu/bedst-saelgende-fodselsdagsgaver	0	1	0	35
https://dk.robotoys.eu/bedst-vurderet-trae-3d-puslespil	0	1	0	70
https://dk.robotoys.eu/billigste-gaveideer?page=2	0	1	0	15
https://dk.robotoys.eu/blog	0	10	0	9
https://dk.robotoys.eu/blog/5-bedste-valentinsdagsgaver-der-vil-glaede-alle	0	11	0	12.64
https://dk.robotoys.eu/blog/5-fordele-ved-kreative-byggesten-til-udvikling-af-finmotorik-og-koncentration	0	6	0	5
https://dk.robotoys.eu/blog/7-uimodstaelige-gaveideer-til-kvinder	0	12	0	15.58
https://dk.robotoys.eu/blog/den-bedste-gave-til-hende-et-magisk-hjorne-for-en-bogelsker	0	12	0	7.33
https://dk.robotoys.eu/blog/en-gave-til-manden-der-allerede-har-alt-24-originale-tips-der-virkelig-vil-overraske-ham	0	1	0	9
https://dk.robotoys.eu/blog/en-ideel-gave-til-born-der-udvikler-kreativitet-og-talmodighed	0	2	0	14
https://dk.robotoys.eu/blog/en-traebuket-der-aldrig-visner-opdag-magien-ved-3d-blomsterpuslespil	0	1	0	8
https://dk.robotoys.eu/blog/fa-din-hjerne-i-gang-med-mekaniske-3d-gader-i-trae	0	32	0	7.25
https://dk.robotoys.eu/blog/har-vi-fundet-den-perfekte-valentinsdagsgave	0	7	0	15.86
https://dk.robotoys.eu/blog/historien-om-3d-traepuslespil-fra-begyndelserne-til-nutiden	0	3	0	5.67
https://dk.robotoys.eu/blog/hvad-skal-man-forberede-for-man-samler-et-3d-puslespil-af-trae-for-forste-gang	0	6	0	4.67
https://dk.robotoys.eu/blog/hvordan-man-slipper-af-med-stress-10-effektive-tips	0	139	0	23.17
https://dk.robotoys.eu/blog/hvorfor-er-3d-traemodeller-den-perfekte-gave-til-alle-aldre	0	18	0	7.5
https://dk.robotoys.eu/blog/hvorfor-er-3d-traemodeller-den-perfekte-gave-til-alle-aldre#1	0	1	0	9
https://dk.robotoys.eu/blog/hvorfor-er-3d-traemodeller-den-perfekte-gave-til-alle-aldre#2	0	1	0	9
https://dk.robotoys.eu/blog/rokr-din-indtraeden-i-en-verden-af-kreativitet-og-underholdning	0	5	0	9.2
https://dk.robotoys.eu/blog/rolife-skonheden-ved-langsomt-liv-og-diy-kreativitet	0	6	0	5.5
https://dk.robotoys.eu/blog/stem-og-traemodeller	0	2	0	4
https://dk.robotoys.eu/blog/tiktok-trenden-dopaminhobby-hvad-det-betyder-og-hvorfor-puslespil-er-et-populaert-valg	0	4	0	4.75
https://dk.robotoys.eu/blog/top-5-aktiviteter-der-understotter-udviklingen-af-motoriske-faerdigheder	0	41	0	13.12
https://dk.robotoys.eu/blog/world-of-tanks-nu-pa-hylden	0	9	0	4.67
https://dk.robotoys.eu/de-bedst-saelgende-produkter-fra-rokr-maerket	0	1	0	7
https://dk.robotoys.eu/de-bedst-saelgende-produkter-fra-rolife-maerket	0	7	0	8.57
https://dk.robotoys.eu/de-billigste-gaver-til-jul	0	1	0	4
https://dk.robotoys.eu/de-billigste-produkter-af-maerket-rokr	0	2	0	4.5
https://dk.robotoys.eu/de-dyreste-gaver-til-dekoration	0	3	0	4.67
https://dk.robotoys.eu/de-dyreste-produkter-af-maerket-rolife	0	1	0	5
https://dk.robotoys.eu/de-mest-populaere-produkter-fra-rokr-maerket	0	3	0	6
https://dk.robotoys.eu/de-mest-populaere-rolife-maerkeprodukter	0	5	0	12.2
https://dk.robotoys.eu/de-nyeste-miniaturehuse	0	1	0	1
https://dk.robotoys.eu/det-bedst-saelgende-3d-puslespil-i-trae	0	1	0	4
https://dk.robotoys.eu/det-billigste-3d-puslespil-i-trae	0	1	0	10
https://dk.robotoys.eu/det-dyreste-3d-puslespil-i-trae	0	2	0	2
https://dk.robotoys.eu/gaveideer	0	6	0	1
https://dk.robotoys.eu/gaveideer/fodselsdagsgaver	0	1	0	1
https://dk.robotoys.eu/gaveideer/gaver-til-born	0	3	0	1
https://dk.robotoys.eu/gaveideer/gaver-til-ham	0	4	0	1
https://dk.robotoys.eu/gaveideer/gaver-til-jul	0	1	0	9
https://dk.robotoys.eu/gaveideer/gaver-til-pynt	0	1	0	9
https://dk.robotoys.eu/gaver-til-kvinder-og-piger-pa-udsalg	0	1	0	18
https://dk.robotoys.eu/julegave-salg?page=3	0	1	0	10
https://dk.robotoys.eu/maerker	0	6	0	1
https://dk.robotoys.eu/maerker/eco-wood-art	0	2	0	3
https://dk.robotoys.eu/miniature-huse-til-salg	0	58	0	11.12
https://dk.robotoys.eu/miniaturehuse-150-til-199-stk	0	1	0	5
https://dk.robotoys.eu/miniaturehuse-hoj-svaerhedsgrad	0	1	0	49
https://dk.robotoys.eu/miniaturehuse-mere-end-300-stk	0	1	0	19
https://dk.robotoys.eu/miniaturehuse-middel-svaerhedsgrad	0	1	0	10
https://dk.robotoys.eu/miniaturehuse/boger-nook/boghandel-rolife-tgb07-p76	0	4	0	8
https://dk.robotoys.eu/miniaturehuse/boger-nook/boghyldeindsats-falling-sakura-rolife-tgb05-p50	0	1	0	7
https://dk.robotoys.eu/miniaturehuse/boger-nook/boghyldeindsats-julegade-rolife-tgc06-p139	0	2	0	3.5
https://dk.robotoys.eu/miniaturehuse/boger-nook/boghyldeindsats-juleinteriorscene-rolife-tgc07-p140	0	8	0	5.62
https://dk.robotoys.eu/miniaturehuse/boger-nook/boghyldeindsats-romantisk-venedig-rolife-tgb08-p107	0	1	0	4
https://dk.robotoys.eu/miniaturehuse/boger-nook/bogreolindsats-eventyrlig-temapark-rolife-tgb17-p257	0	1	0	5
https://dk.robotoys.eu/miniaturehuse/boger-nook/bogreolindsats-gadebillede-rolife-tgb13-p256	0	3	0	6.33
https://dk.robotoys.eu/miniaturehuse/boger-nook/bogreolindsats-holiday-cafe-rolife-tgb15-p225	0	8	0	5.88
https://dk.robotoys.eu/miniaturehuse/boger-nook/bogreolindsats-library-of-wonders-rolife-tgb16-p226	0	1	0	4
https://dk.robotoys.eu/miniaturehuse/boger-nook/bogreolindsats-magisk-fantasihjorne-rolife-tgb14-p221	0	8	0	5.88
https://dk.robotoys.eu/miniaturehuse/boger-nook/bogreolindsats-rejse-til-eventyrland-rolife-tgb12-p165	0	1	0	5
https://dk.robotoys.eu/miniaturehuse/boger-nook/bogreolindsats-vinalle-under-sakuratraeerne-rolife-tgb11-p164	0	5	0	63.8
https://dk.robotoys.eu/miniaturehuse/boger-nook/feriehavehus-rolife-tgb06-p78	0	15	0	44.67
https://dk.robotoys.eu/miniaturehuse/boger-nook/magical-house-rolife-tgb03-p58	0	12	0	5.67
https://dk.robotoys.eu/miniaturehuse/boger-nook/sakura-densya-rolife-tgb01-p29	0	19	0	6.32
https://dk.robotoys.eu/miniaturehuse/boger-nook/sunshine-town-rolife-tgb02-p30	0	2	0	5.5
https://dk.robotoys.eu/miniaturehuse/boger-nook/time-travel-rolife-tgb04-p60	0	3	0	5.67
https://dk.robotoys.eu/miniaturehuse/miniature-butikker/cafe-pa-simon-rolife-dg109-p64	0	13	0	7.23
https://dk.robotoys.eu/miniaturehuse/miniature-butikker/heksebutik-kiki-rolife-dg155-p31	0	5	0	9
https://dk.robotoys.eu/miniaturehuse/miniature-butikker/miniature-house-alices-tebutik-rolife-dg156-p61	0	1	0	1
https://dk.robotoys.eu/miniaturehuse/miniature-butikker/miniature-hus-isbutik-honey-rolife-dg148-p65	0	5	0	21.2
https://dk.robotoys.eu/miniaturehuse/miniature-vaerelser	0	8	0	4.75
https://dk.robotoys.eu/miniaturehuse/miniature-vaerelser/miniaturehus-doras-loftrum-rolife-dg12-p91	0	52	0	73.63
https://dk.robotoys.eu/miniaturehuse/miniature-vaerelser/miniaturehus-hyggelig-villa-til-hvalpe-rolife-dg169-p149	0	5	0	5
https://dk.robotoys.eu/miniaturehuse/miniature-vaerelser/miniaturehus-hyggeligt-kokken-rolife-dg159-p89	0	3	0	7.33
https://dk.robotoys.eu/miniaturehuse/miniature-vaerelser/miniaturehus-trylleskole-rolife-dg166-p163	0	8	0	11
https://dk.robotoys.eu/miniaturehuse/miniature-vaerelser/mr-millers-garden-rolife-dg108-p23	0	9	0	7.33
https://dk.robotoys.eu/miniaturehuse/miniature-vaerelser/sams-studiebibliotek-rolife-dg102-p86	0	14	0	6.07
https://dk.robotoys.eu/nyttige-links	0	1	0	7
https://dk.robotoys.eu/nyttige-links/alt-om-shopping	0	1	0	6
https://dk.robotoys.eu/nyttige-links/alt-om-shopping/forretningsforhold	0	1	0	10
https://dk.robotoys.eu/nyttige-links/ofte-stillede-sporgsmal	0	2	0	5.5
https://dk.robotoys.eu/nyttige-links/ofte-stillede-sporgsmal/betalingsmuligheder	0	2	0	42.5
https://dk.robotoys.eu/nyttige-links/ofte-stillede-sporgsmal/en-bestilling	0	1	0	9
https://dk.robotoys.eu/nyttige-links/om-virksomheden	0	4	0	14.25
https://dk.robotoys.eu/nyttige-links/om-virksomheden/engros	0	3	0	7
https://dk.robotoys.eu/nyttige-links/om-virksomheden/kontakt	0	4	0	7
https://dk.robotoys.eu/nyttige-links/om-virksomheden/om-os	0	7	0	2
https://dk.robotoys.eu/puslespil-konkurrence	0	2	0	9
https://dk.robotoys.eu/puslespil-konkurrence/akander-under-en-havebro-258	0	1	0	9
https://dk.robotoys.eu/puslespil-konkurrence/ambulance-eco-wood-art-203	0	1	0	20
https://dk.robotoys.eu/puslespil-konkurrence/army-jeep-model-rokr-mc701-54	0	1	0	3
https://dk.robotoys.eu/puslespil-konkurrence/belejringsmaskine-ballista-rokr-kw401-15	0	1	0	6
https://dk.robotoys.eu/puslespil-konkurrence/blomsterbutik-emily-rolife-dg145-25	0	1	0	7
https://dk.robotoys.eu/puslespil-konkurrence/boghandel-i-en-gammel-gyde-262	0	2	0	5.5
https://dk.robotoys.eu/puslespil-konkurrence/buket-blomster-rowood-tw01h-100	0	1	0	4
https://dk.robotoys.eu/puslespil-konkurrence/cello-rolife-tg411-85	0	2	0	6
https://dk.robotoys.eu/puslespil-konkurrence/colosseum-little-story-e016-126	0	1	0	11
https://dk.robotoys.eu/puslespil-konkurrence/cruiser-motorcykel-eco-wood-art-150	0	1	0	40
https://dk.robotoys.eu/puslespil-konkurrence/det-skaeve-tarn-i-pisa-little-story-e009-114	0	1	0	9
https://dk.robotoys.eu/puslespil-konkurrence/filmprojektor-vitascope-rokr-lk601-5	0	1	0	22
https://dk.robotoys.eu/puslespil-konkurrence/fru-cathys-drivhus-rolife-dg104-28	0	2	0	9
https://dk.robotoys.eu/puslespil-konkurrence/gadebillede-rolife-tgb13-256	0	1	0	6
https://dk.robotoys.eu/puslespil-konkurrence/gaffeltruck-model-rokr-tg413k-48	0	1	0	31
https://dk.robotoys.eu/puslespil-konkurrence/grand-prix-bilmodel-rokr-mc401-16	0	1	0	10
https://dk.robotoys.eu/puslespil-konkurrence/gravemaskine-rokr-tg508k-197	0	1	0	10
https://dk.robotoys.eu/puslespil-konkurrence/holiday-cafe-rolife-tgb15-225	0	2	0	5.5
https://dk.robotoys.eu/puslespil-konkurrence/jeep-little-story-d003-167	0	1	0	12
https://dk.robotoys.eu/puslespil-konkurrence/kangaroo-little-story-d014-122	0	2	0	3
https://dk.robotoys.eu/puslespil-konkurrence/klassisk-printer-rokr-lk602-90	0	1	0	11
https://dk.robotoys.eu/puslespil-konkurrence/kolibri-i-en-blomstrende-have-259	0	2	0	13.5
https://dk.robotoys.eu/puslespil-konkurrence/laesser-eco-wood-art-204	0	1	0	17
https://dk.robotoys.eu/puslespil-konkurrence/lilla-speedtail-motorcykel-little-story-e020p-242	0	1	0	9
https://dk.robotoys.eu/puslespil-konkurrence/lys-orange-gerbera-rowood-tw111-196	0	1	0	27
https://dk.robotoys.eu/puslespil-konkurrence/magisk-harpe-rokr-amk71-254	0	2	0	9
https://dk.robotoys.eu/puslespil-konkurrence/magisk-klaver-rokr-amk81-70	0	1	0	6
https://dk.robotoys.eu/puslespil-konkurrence/marmorbane-london-rokr-egb01-264	0	1	0	19
https://dk.robotoys.eu/puslespil-konkurrence/maskingevaer-med-roterende-lob-rokr-lqa01-218	0	2	0	3
https://dk.robotoys.eu/puslespil-konkurrence/mini-a-ramme-bjerghytte-rolife-dg181-227	0	1	0	3
https://dk.robotoys.eu/puslespil-konkurrence/oplyst-eiffeltarn-rolife-tgl01-73	0	1	0	6
https://dk.robotoys.eu/puslespil-konkurrence/parasaurus-little-story-d008-117	0	6	0	8.17
https://dk.robotoys.eu/puslespil-konkurrence/pariserhjul-rolife-tgn01-18	0	3	0	5
https://dk.robotoys.eu/puslespil-konkurrence/pink-sting-scooter-little-story-e022r-246	0	2	0	1
https://dk.robotoys.eu/puslespil-konkurrence/restaurant-tipsy-rolife-dg167-209	0	3	0	8
https://dk.robotoys.eu/puslespil-konkurrence/rod-rose-rowood-tw042-101	0	1	0	2
https://dk.robotoys.eu/puslespil-konkurrence/romantisk-karrusel-rokr-amk62-77	0	1	0	2
https://dk.robotoys.eu/puslespil-konkurrence/royal-vogn-rolife-tg302-62	0	1	0	3
https://dk.robotoys.eu/puslespil-konkurrence/sakura-densya-rolife-tgb01-29	0	1	0	8
https://dk.robotoys.eu/puslespil-konkurrence/sakura-pavilion-rolife-tga07-268	0	2	0	21
https://dk.robotoys.eu/puslespil-konkurrence/sams-studiebibliotek-rolife-dg102-86	0	1	0	7
https://dk.robotoys.eu/puslespil-konkurrence/saxofon-rolife-tg309-26	0	1	0	10
https://dk.robotoys.eu/puslespil-konkurrence/sejlbad-model-rolife-tg305-21	0	1	0	10
https://dk.robotoys.eu/puslespil-konkurrence/sejlskibet-lord-of-the-seas-eco-wood-art-216	0	1	0	11
https://dk.robotoys.eu/puslespil-konkurrence/solar-system-rokr-st001-71	0	1	0	6
https://dk.robotoys.eu/puslespil-konkurrence/speedway-motorcykel-little-story-e019-171	0	1	0	5
https://dk.robotoys.eu/puslespil-konkurrence/spilledase-swing-ride-rokr-ea02-4	0	1	0	80
https://dk.robotoys.eu/puslespil-konkurrence/spilleskab-orpheus-rokr-am601-82	0	1	0	3
https://dk.robotoys.eu/puslespil-konkurrence/sting-scooter-little-story-e022-174	0	2	0	10
https://dk.robotoys.eu/puslespil-konkurrence/sunny-beach-med-fyrtarn-263	0	2	0	8.5
https://dk.robotoys.eu/puslespil-konkurrence/sydney-opera-house-little-story-e028-238	0	1	0	13
https://dk.robotoys.eu/puslespil-konkurrence/trae-blomsterkurv-rowood-tw03h-210	0	1	0	58
https://dk.robotoys.eu/puslespil-konkurrence/treplan-model-rolife-tg301-46	0	1	0	6
https://dk.robotoys.eu/puslespil-konkurrence/trommer-rolife-tg409-81	0	1	0	10
https://dk.robotoys.eu/puslespil-konkurrence/trylleskole-rolife-dg166-163	0	1	0	36
https://dk.robotoys.eu/puslespil-konkurrence/urugle-rokr-lk503-6	0	1	0	6
https://dk.robotoys.eu/puslespil-konkurrence/velociraptor-rokr-ld01-220	0	1	0	7
https://dk.robotoys.eu/puslespil-konkurrence/violin-capriccio-rokr-tg604k-66	0	1	0	75
https://dk.robotoys.eu/rolife-maerkeprodukter-til-salg	0	80	0	4.46
https://dk.robotoys.eu/salg-af-gaver-til-kvinder-og-piger	0	2	0	10.5
https://dk.robotoys.eu/salg-af-gaver-til-pynt	0	4	0	11.5
https://dk.robotoys.eu/salg-af-miniaturehuse	0	30	0	9.5
https://dk.robotoys.eu/salg-af-rokr-maerkevarer	0	2	0	7
https://dk.robotoys.eu/seneste-gaveideer	0	1	0	4
https://dk.robotoys.eu/trae-3d-puslespil-150-til-199-stk	0	1	0	8
https://dk.robotoys.eu/trae-3d-puslespil-i-aktion	0	1	0	7
https://dk.robotoys.eu/trae-3d-puslespil-mellem-svaerhedsgrad	0	1	0	6
https://dk.robotoys.eu/trae-3d-puslespil-mere-end-300-stk	0	1	0	10
https://dk.robotoys.eu/trae-3d-puslespil-samlingstid-inden-for-3-til-5-timer	0	2	0	4
https://dk.robotoys.eu/trae-3d-puslespil-samlingstid-op-til-1-time	0	3	0	7
https://dk.robotoys.eu/trae-3d-puslespil/arkitektur/big-ben-model-med-led-belysning-rolife-tg507-p20	0	6	0	6.17
https://dk.robotoys.eu/trae-3d-puslespil/arkitektur/model-af-det-skaeve-tarn-i-pisa-rolife-tg304-p37	0	2	0	2
https://dk.robotoys.eu/trae-3d-puslespil/arkitektur/tower-bridge-model-med-led-belysning-rolife-tg412-p19	0	3	0	6.67
https://dk.robotoys.eu/trae-3d-puslespil/arkitektur/trae-3d-puslespil-bibliotek-ved-kysten-p261	0	1	0	10
https://dk.robotoys.eu/trae-3d-puslespil/arkitektur/trae-3d-puslespil-brandenburger-tor-little-story-e015-p125	0	8	0	6
https://dk.robotoys.eu/trae-3d-puslespil/arkitektur/trae-3d-puslespil-colosseum-little-story-e016-p126	0	5	0	4.6
https://dk.robotoys.eu/trae-3d-puslespil/arkitektur/trae-3d-puslespil-det-skaeve-tarn-i-pisa-little-story-e009-p114	0	48	0	10.29
https://dk.robotoys.eu/trae-3d-puslespil/arkitektur/trae-3d-puslespil-mini-a-ramme-bjerghytte-rolife-dg181-p227	0	5	0	8.2
https://dk.robotoys.eu/trae-3d-puslespil/arkitektur/trae-3d-puslespil-model-af-det-skaeve-tarn-i-pisa-rolife-tg304-p37	0	3	0	2.67
https://dk.robotoys.eu/trae-3d-puslespil/arkitektur/trae-3d-puslespil-notre-dame-cathedral-little-story-e017-p127	0	91	0	10.04
https://dk.robotoys.eu/trae-3d-puslespil/arkitektur/trae-3d-puslespil-pariser-domkirke-rowood-tg511-p224	0	2	0	9
https://dk.robotoys.eu/trae-3d-puslespil/arkitektur/trae-3d-puslespil-sakura-traehus-rolife-tgs04-p201	0	10	0	3.7
https://dk.robotoys.eu/trae-3d-puslespil/arkitektur/trae-3d-puslespil-sydney-opera-house-little-story-e028-p238	0	7	0	3.57
https://dk.robotoys.eu/trae-3d-puslespil/arkitektur/trae-3d-puslespil-victory-arch-little-story-e011-p123	0	157	0	7.73
https://dk.robotoys.eu/trae-3d-puslespil/arkitektur/traemekanisk-3d-puslespil-marmorbane-london-rokr-egb01-p264	0	11	0	6.91
https://dk.robotoys.eu/trae-3d-puslespil/blomster	0	5	0	2.6
https://dk.robotoys.eu/trae-3d-puslespil/blomster/trae-3d-puslespil-akander-under-en-havebro-p258	0	1	0	34
https://dk.robotoys.eu/trae-3d-puslespil/blomster/trae-3d-puslespil-buket-blomster-rowood-tw01h-p100	0	10	0	3.7
https://dk.robotoys.eu/trae-3d-puslespil/blomster/trae-3d-puslespil-chamomile-rowood-tw061-p109	0	3	0	3
https://dk.robotoys.eu/trae-3d-puslespil/blomster/trae-3d-puslespil-evergreen-pine-bonsai-rolife-tg510-p143	0	2	0	4.5
https://dk.robotoys.eu/trae-3d-puslespil/blomster/trae-3d-puslespil-hjort-ved-en-bjergso-p260	0	3	0	5.33
https://dk.robotoys.eu/trae-3d-puslespil/blomster/trae-3d-puslespil-kolibri-i-en-blomstrende-have-p259	0	4	0	5
https://dk.robotoys.eu/trae-3d-puslespil/blomster/trae-3d-puslespil-lilac-rowood-tw021-p103	0	2	0	1.5
https://dk.robotoys.eu/trae-3d-puslespil/blomster/trae-3d-puslespil-lilla-iris-rowood-tw121-p251	0	2	0	5.5
https://dk.robotoys.eu/trae-3d-puslespil/blomster/trae-3d-puslespil-lys-orange-gerbera-rowood-tw111-p196	0	6	0	6.67
https://dk.robotoys.eu/trae-3d-puslespil/blomster/trae-3d-puslespil-lyserod-dahlia-rowood-tw131-p252	0	9	0	3.44
https://dk.robotoys.eu/trae-3d-puslespil/blomster/trae-3d-puslespil-lyserod-tulipan-rowood-tw082-p161	0	11	0	2.82
https://dk.robotoys.eu/trae-3d-puslespil/blomster/trae-3d-puslespil-orange-tulipan-rowood-tw081-p145	0	4	0	4.5
https://dk.robotoys.eu/trae-3d-puslespil/blomster/trae-3d-puslespil-pink-lilje-rowood-tw071-p144	0	2	0	2
https://dk.robotoys.eu/trae-3d-puslespil/blomster/trae-3d-puslespil-pink-rose-rowood-tw041-p111	0	5	0	2
https://dk.robotoys.eu/trae-3d-puslespil/blomster/trae-3d-puslespil-rod-kamelia-rowood-tw031-p102	0	3	0	3.33
https://dk.robotoys.eu/trae-3d-puslespil/blomster/trae-3d-puslespil-rod-nelliker-rowood-tw052-p112	0	1	0	2
https://dk.robotoys.eu/trae-3d-puslespil/blomster/trae-3d-puslespil-rod-rose-rowood-tw042-p101	0	4	0	2
https://dk.robotoys.eu/trae-3d-puslespil/blomster/trae-3d-puslespil-sakura-bonsai-rolife-tg415-p142	0	17	0	8.47
https://dk.robotoys.eu/trae-3d-puslespil/blomster/trae-3d-puslespil-sakura-rowood-tw101-p195	0	3	0	3.67
https://dk.robotoys.eu/trae-3d-puslespil/blomster/trae-3d-puslespil-sunflower-rowood-tw011-p113	0	1	0	4
https://dk.robotoys.eu/trae-3d-puslespil/blomster/trae-3d-puslespil-trae-blomsterkasse-rowood-tw02h-p162	0	2	0	5
https://dk.robotoys.eu/trae-3d-puslespil/blomster/trae-3d-puslespil-trae-blomsterkurv-rowood-tw03h-p210	0	1	0	24
https://dk.robotoys.eu/trae-3d-puslespil/blomster/traepuslespil-i-3d-sunny-beach-med-fyrtarn-p263	0	2	0	6.5
https://dk.robotoys.eu/trae-3d-puslespil/dyrene	0	1	0	7
https://dk.robotoys.eu/trae-3d-puslespil/dyrene/trae-3d-puslespil-bi-little-story-d001-p128	0	16	0	6.94
https://dk.robotoys.eu/trae-3d-puslespil/dyrene/trae-3d-puslespil-flamingo-little-story-d007-p116	0	6	0	3.83
https://dk.robotoys.eu/trae-3d-puslespil/dyrene/trae-3d-puslespil-giraf-little-story-d013-p121	0	10	0	3.6
https://dk.robotoys.eu/trae-3d-puslespil/dyrene/trae-3d-puslespil-kangaroo-little-story-d014-p122	0	3	0	3
https://dk.robotoys.eu/trae-3d-puslespil/dyrene/trae-3d-puslespil-love-little-story-d011-p119	0	2	0	1
https://dk.robotoys.eu/trae-3d-puslespil/dyrene/trae-3d-puslespil-parasaurus-little-story-d008-p117	0	3	0	4.33
https://dk.robotoys.eu/trae-3d-puslespil/dyrene/trae-3d-puslespil-stegosaurus-little-story-d010-p118	0	3	0	5
https://dk.robotoys.eu/trae-3d-puslespil/dyrene/trae-3d-puslespil-t-rex-little-story-d006-p115	0	5	0	4
https://dk.robotoys.eu/trae-3d-puslespil/dyrene/traemekanisk-3d-puslespil-velociraptor-rokr-ld01-p220	0	7	0	3.29
https://dk.robotoys.eu/trae-3d-puslespil/koretojer	0	2	0	6.5
https://dk.robotoys.eu/trae-3d-puslespil/koretojer/dumper-model-rokr-tg603k-p34	0	3	0	1.33
https://dk.robotoys.eu/trae-3d-puslespil/koretojer/grand-prix-bilmodel-rokr-mc401-p16	0	9	0	21.67
https://dk.robotoys.eu/trae-3d-puslespil/koretojer/historisk-sporvogn-rolife-tg505-p40	0	7	0	6.57
https://dk.robotoys.eu/trae-3d-puslespil/koretojer/lokomotiv-rokr-lk701-p7	0	2	0	2
https://dk.robotoys.eu/trae-3d-puslespil/koretojer/luftballon-rolife-tg406-p84	0	9	0	3.89
https://dk.robotoys.eu/trae-3d-puslespil/koretojer/mekanisk-3d-puslespil-i-trae-stagecoach-rokr-amka1-p99	0	1	0	11
https://dk.robotoys.eu/trae-3d-puslespil/koretojer/motorcykel-cruiser-rokr-lk504-p12	0	6	0	3.67
https://dk.robotoys.eu/trae-3d-puslespil/koretojer/sejlbad-model-rolife-tg305-p21	0	2	0	7
https://dk.robotoys.eu/trae-3d-puslespil/koretojer/trae-3d-puslespil-airplane-little-story-d016-p130	0	4	0	3.5
https://dk.robotoys.eu/trae-3d-puslespil/koretojer/trae-3d-puslespil-ambulance-eco-wood-art-p203	0	4	0	3.25
https://dk.robotoys.eu/trae-3d-puslespil/koretojer/trae-3d-puslespil-army-jeep-model-rokr-mc701-p54	0	2	0	5
https://dk.robotoys.eu/trae-3d-puslespil/koretojer/trae-3d-puslespil-bla-speedway-motorcykel-little-story-e019b-p239	0	9	0	4.67
https://dk.robotoys.eu/trae-3d-puslespil/koretojer/trae-3d-puslespil-bla-sting-scooter-little-story-e022b-p245	0	6	0	4.33
https://dk.robotoys.eu/trae-3d-puslespil/koretojer/trae-3d-puslespil-bus-little-story-d002-p166	0	2	0	5.5
https://dk.robotoys.eu/trae-3d-puslespil/koretojer/trae-3d-puslespil-comanche-motorcykel-little-story-e023-p175	0	19	0	3.42
https://dk.robotoys.eu/trae-3d-puslespil/koretojer/trae-3d-puslespil-fiat-126p-little-story-e005-p97	0	2	0	4
https://dk.robotoys.eu/trae-3d-puslespil/koretojer/trae-3d-puslespil-gra-comanche-motorcykel-little-story-e023g-p247	0	2	0	8.5
https://dk.robotoys.eu/trae-3d-puslespil/koretojer/trae-3d-puslespil-gra-speedtail-motorcykel-little-story-e020g-p241	0	4	0	1.5
https://dk.robotoys.eu/trae-3d-puslespil/koretojer/trae-3d-puslespil-gra-yankee-chopper-little-story-e024g-p249	0	1	0	2
https://dk.robotoys.eu/trae-3d-puslespil/koretojer/trae-3d-puslespil-grand-prix-motorcykel-little-story-e021-p173	0	18	0	5.89
https://dk.robotoys.eu/trae-3d-puslespil/koretojer/trae-3d-puslespil-gravemaskine-rokr-tg508k-p197	0	4	0	4.25
https://dk.robotoys.eu/trae-3d-puslespil/koretojer/trae-3d-puslespil-gron-speedway-motorcykel-little-story-e019g-p240	0	9	0	2.33
https://dk.robotoys.eu/trae-3d-puslespil/koretojer/trae-3d-puslespil-gul-grand-prix-motorcykel-little-story-e021y-p244	0	8	0	3.5
https://dk.robotoys.eu/trae-3d-puslespil/koretojer/trae-3d-puslespil-helicopter-little-story-d017-p131	0	6	0	3.33
https://dk.robotoys.eu/trae-3d-puslespil/koretojer/trae-3d-puslespil-jeep-little-story-d003-p167	0	3	0	1
https://dk.robotoys.eu/trae-3d-puslespil/koretojer/trae-3d-puslespil-klassisk-bysporvogn-rokr-lk801-p88	0	8	0	5.25
https://dk.robotoys.eu/trae-3d-puslespil/koretojer/trae-3d-puslespil-lastbil-little-story-d004-p168	0	14	0	5.43
https://dk.robotoys.eu/trae-3d-puslespil/koretojer/trae-3d-puslespil-lastbil-little-story-e013-p169	0	7	0	5.43
https://dk.robotoys.eu/trae-3d-puslespil/koretojer/trae-3d-puslespil-lilla-speedtail-motorcykel-little-story-e020p-p242	0	3	0	3.67
https://dk.robotoys.eu/trae-3d-puslespil/koretojer/trae-3d-puslespil-locomotive-little-story-e012-p124	0	1	0	3
https://dk.robotoys.eu/trae-3d-puslespil/koretojer/trae-3d-puslespil-london-turistbus-rolife-tgm02-p106	0	27	0	44.37
https://dk.robotoys.eu/trae-3d-puslespil/koretojer/trae-3d-puslespil-militaer-jeep-little-story-e014-p170	0	1	0	13
https://dk.robotoys.eu/trae-3d-puslespil/koretojer/trae-3d-puslespil-motorcykel-speedtail-little-story-e020-p172	0	2	0	5
https://dk.robotoys.eu/trae-3d-puslespil/koretojer/trae-3d-puslespil-pink-sting-scooter-little-story-e022r-p246	0	6	0	4.83
https://dk.robotoys.eu/trae-3d-puslespil/koretojer/trae-3d-puslespil-politibil-eco-wood-art-p214	0	2	0	15.5
https://dk.robotoys.eu/trae-3d-puslespil/koretojer/trae-3d-puslespil-rod-comanche-motorcykel-little-story-e023r-p248	0	5	0	1
https://dk.robotoys.eu/trae-3d-puslespil/koretojer/trae-3d-puslespil-rod-grand-prix-motorcykel-little-story-e021r-p243	0	11	0	5.91
https://dk.robotoys.eu/trae-3d-puslespil/koretojer/trae-3d-puslespil-royal-vogn-rolife-tg302-p62	0	2	0	3
https://dk.robotoys.eu/trae-3d-puslespil/koretojer/trae-3d-puslespil-sakura-journey-rolife-tgs02-p105	0	4	0	2.75
https://dk.robotoys.eu/trae-3d-puslespil/koretojer/trae-3d-puslespil-sejlskib-djong-eco-wood-art-p232	0	4	0	2.25
https://dk.robotoys.eu/trae-3d-puslespil/koretojer/trae-3d-puslespil-sejlskibet-lord-of-the-seas-eco-wood-art-p216	0	18	0	2.83
https://dk.robotoys.eu/trae-3d-puslespil/koretojer/trae-3d-puslespil-selvkorende-plaeneklipper-cs-150c-eco-wood-art-p234	0	4	0	7.75
https://dk.robotoys.eu/trae-3d-puslespil/koretojer/trae-3d-puslespil-speedway-motorcykel-little-story-e019-p171	0	24	0	4.67
https://dk.robotoys.eu/trae-3d-puslespil/koretojer/trae-3d-puslespil-sting-scooter-little-story-e022-p174	0	8	0	4.12
https://dk.robotoys.eu/trae-3d-puslespil/koretojer/trae-3d-puslespil-tank-amx-13-105-little-story-wot05-p177	0	9	0	4.56
https://dk.robotoys.eu/trae-3d-puslespil/koretojer/trae-3d-puslespil-tank-fv4005-little-story-wot09-p236	0	4	0	3
https://dk.robotoys.eu/trae-3d-puslespil/koretojer/trae-3d-puslespil-tank-maus-little-story-wot10-p237	0	3	0	5
https://dk.robotoys.eu/trae-3d-puslespil/koretojer/trae-3d-puslespil-tank-t-34-85-little-story-wot02-p135	0	7	0	3.29
https://dk.robotoys.eu/trae-3d-puslespil/koretojer/trae-3d-puslespil-tank-tortoise-little-story-wot08-p180	0	5	0	3.2
https://dk.robotoys.eu/trae-3d-puslespil/koretojer/trae-3d-puslespil-tiger-i-little-story-wot03-p136	0	5	0	3.8
https://dk.robotoys.eu/trae-3d-puslespil/koretojer/traemekanisk-3d-puslespil-brandbil-eco-wood-art-p208	0	7	0	4
https://dk.robotoys.eu/trae-3d-puslespil/koretojer/traemekanisk-3d-puslespil-cruiser-motorcykel-eco-wood-art-p150	0	2	0	11.5
https://dk.robotoys.eu/trae-3d-puslespil/koretojer/traemekanisk-3d-puslespil-dumpster-eco-wood-art-p205	0	1	0	5
https://dk.robotoys.eu/trae-3d-puslespil/koretojer/traemekanisk-3d-puslespil-gul-racerbil-eco-wood-art-p151	0	3	0	1
https://dk.robotoys.eu/trae-3d-puslespil/koretojer/traemekanisk-3d-puslespil-kornhoster-gh800-eco-wood-art-p160	0	1	0	3
https://dk.robotoys.eu/trae-3d-puslespil/koretojer/traemekanisk-3d-puslespil-lastbil-road-king-eco-wood-art-p206	0	6	0	8
https://dk.robotoys.eu/trae-3d-puslespil/koretojer/traemekanisk-3d-puslespil-racerbil-rokr-lk505-p141	0	7	0	6
https://dk.robotoys.eu/trae-3d-puslespil/koretojer/traemekanisk-3d-puslespil-retro-bil-eco-wood-art-p157	0	2	0	7.5
https://dk.robotoys.eu/trae-3d-puslespil/koretojer/traemekanisk-3d-puslespil-rod-racerbil-eco-wood-art-p152	0	7	0	4.14
https://dk.robotoys.eu/trae-3d-puslespil/koretojer/traemekanisk-3d-puslespil-sejlbad-sohest-rokr-mcb02-p212	0	3	0	3.67
https://dk.robotoys.eu/trae-3d-puslespil/koretojer/traemekanisk-3d-puslespil-traktor-eco-wood-art-p233	0	13	0	7.85
https://dk.robotoys.eu/trae-3d-puslespil/koretojer/traepuslespil-i-3d-eternal-atlantic-voyager-1912-rolife-tgl02-p223	0	1	0	3
https://dk.robotoys.eu/trae-3d-puslespil/koretojer/traepuslespil-i-3d-japansk-diplomatisk-skib-rolife-tg307-p199	0	7	0	4.43
https://dk.robotoys.eu/trae-3d-puslespil/koretojer/traepuslespil-med-3d-motiv-tankvogn-til-truck-road-king-eco-wood-art-p155	0	5	0	4.6
https://dk.robotoys.eu/trae-3d-puslespil/koretojer/treplan-model-rolife-tg301-p46	0	1	0	2
https://dk.robotoys.eu/trae-3d-puslespil/koretojer/veteranbil-rokr-mc801-p72	0	4	0	4.75
https://dk.robotoys.eu/trae-3d-puslespil/koretojer/veteranmodel-rolife-tg504-p53	0	1	0	2
https://dk.robotoys.eu/trae-3d-puslespil/musikdaser/elektrisk-pladespiller-rokr-lkb01d-p68	0	76	0	23.33
https://dk.robotoys.eu/trae-3d-puslespil/musikdaser/karneval-ved-solnedgang-rolife-amt01-p79	0	1	0	10
https://dk.robotoys.eu/trae-3d-puslespil/musikdaser/mekanisk-3d-puslespil-i-trae-klassisk-karrusel-rolife-amc01-p146	0	16	0	6.12
https://dk.robotoys.eu/trae-3d-puslespil/musikdaser/mekanisk-3d-puslespil-i-trae-melodisk-juletrae-rolife-ams01-p138	0	3	0	3
https://dk.robotoys.eu/trae-3d-puslespil/musikdaser/musikdase-magisk-cello-rokr-amk63-p1	0	3	0	2.33
https://dk.robotoys.eu/trae-3d-puslespil/musikdaser/musikdase-stjerneklar-nat-rokr-amk51-p11	0	7	0	3
https://dk.robotoys.eu/trae-3d-puslespil/musikdaser/spilledase-swing-ride-rokr-ea02-p4	0	5	0	3.4
https://dk.robotoys.eu/trae-3d-puslespil/musikdaser/traemekanisk-3d-puslespil-magisk-harpe-rokr-amk71-p254	0	5	0	4.8
https://dk.robotoys.eu/trae-3d-puslespil/musikdaser/traemekanisk-3d-puslespil-sakura-dreamy-tour-rolife-amt02-p219	0	2	0	9.5
https://dk.robotoys.eu/trae-3d-puslespil/musikdaser/traemekanisk-3d-puslespil-symfoni-af-smukke-dromme-rokr-amk63m-p211	0	2	0	9.5
https://dk.robotoys.eu/trae-3d-puslespil/musikdaser/victoriansk-lanterne-rokr-amk61-p80	0	2	0	11.5
https://dk.robotoys.eu/trae-3d-puslespil/musikinstrumenter	0	1	0	10
https://dk.robotoys.eu/trae-3d-puslespil/musikinstrumenter/elektrisk-guitar-model-rokr-tg605k-p33	0	8	0	4.88
https://dk.robotoys.eu/trae-3d-puslespil/musikinstrumenter/harmonika-rolife-tg410-p41	0	2	0	9
https://dk.robotoys.eu/trae-3d-puslespil/musikinstrumenter/magisk-klaver-rokr-amk81-p70	0	15	0	7.93
https://dk.robotoys.eu/trae-3d-puslespil/musikinstrumenter/saxofon-rolife-tg309-p26	0	7	0	4.43
https://dk.robotoys.eu/trae-3d-puslespil/musikinstrumenter/trae-3d-puslespil-cello-rolife-tg411-p85	0	1	0	2
https://dk.robotoys.eu/trae-3d-puslespil/musikinstrumenter/trae-3d-puslespil-flygel-rolife-tg402-p200	0	6	0	2.17
https://dk.robotoys.eu/trae-3d-puslespil/musikinstrumenter/trae-3d-puslespil-grammofon-rolife-tg408-p39	0	4	0	4.5
https://dk.robotoys.eu/trae-3d-puslespil/musikinstrumenter/trommer-rolife-tg409-p81	0	8	0	3.25
https://dk.robotoys.eu/trae-3d-puslespil/musikinstrumenter/violin-capriccio-rokr-tg604k-p66	0	1	0	1
https://dk.robotoys.eu/trae-3d-puslespil/stem-lab/filmprojektor-vitascope-rokr-lk601-p5	0	9	0	3.22
https://dk.robotoys.eu/trae-3d-puslespil/stem-lab/marble-night-city-rokr-lga01-p2	0	5	0	4.6
https://dk.robotoys.eu/trae-3d-puslespil/stem-lab/pinball-rokr-eg01-p43	0	18	0	3.78
https://dk.robotoys.eu/trae-3d-puslespil/stem-lab/trae-3d-puslespil-retro-telefon-eco-wood-art-p156	0	6	0	5.67
https://dk.robotoys.eu/trae-3d-puslespil/stem-lab/trae-mekanisk-3d-puslespil-dampmaskine-rokr-lka01-p104	0	1	0	3
https://dk.robotoys.eu/trae-3d-puslespil/stem-lab/trae-mekanisk-3d-puslespil-klassisk-printer-rokr-lk602-p90	0	15	0	6.13
https://dk.robotoys.eu/trae-3d-puslespil/stem-lab/trae-mekanisk-3d-puslespil-skrivemaskine-eco-wood-art-p158	0	9	0	8.11
https://dk.robotoys.eu/trae-3d-puslespil/stem-lab/traemekanisk-3d-puslespil-drommegavefabrik-rokr-eab01-p202	0	6	0	7.5
https://dk.robotoys.eu/trae-3d-puslespil/stem-lab/traemekanisk-3d-puslespil-gear-ball-challenge-rokr-egc01-p213	0	5	0	4.6
https://dk.robotoys.eu/trae-3d-puslespil/stem-lab/traemekanisk-3d-puslespil-mekanisk-skrivemaskine-klassisk-version-rokr-lk703b-p265	0	1	0	71
https://dk.robotoys.eu/trae-3d-puslespil/stem-lab/traemekanisk-3d-puslespil-mekanisk-skrivemaskine-magisk-version-rokr-lk703c-p266	0	1	0	11
https://dk.robotoys.eu/trae-3d-puslespil/universet/lysende-globus-rokr-st003-p3	0	15	0	4.67
https://dk.robotoys.eu/trae-3d-puslespil/universet/monokulaert-teleskop-rokr-st004-p8	0	10	0	15.3
https://dk.robotoys.eu/trae-3d-puslespil/universet/traemekanisk-3d-puslespil-rumfaerge-rokr-lka02-p253	0	2	0	5
https://dk.robotoys.eu/trae-3d-puslespil/ure-kalendere	0	3	0	16.67
https://dk.robotoys.eu/trae-3d-puslespil/ure-kalendere/evighedskalender-rokr-lk201-p55	0	3	0	6
https://dk.robotoys.eu/trae-3d-puslespil/ure-kalendere/romantisk-vaegur-rokr-lc701-p56	0	3	0	2.67
https://dk.robotoys.eu/trae-3d-puslespil/ure-kalendere/trae-3d-puslespil-bordkalender-rokr-lc801-p44	0	1	0	4
https://dk.robotoys.eu/trae-3d-puslespil/ure-kalendere/traemekanisk-3d-puslespil-gogur-rokr-lc901c-p198	0	13	0	4.31
https://dk.robotoys.eu/trae-3d-puslespil/ure-kalendere/urugle-rokr-lk503-p6	0	13	0	6.62
https://dk.robotoys.eu/trae-3d-puslespil/vaben	0	1	0	10
https://dk.robotoys.eu/trae-3d-puslespil/vaben/belejringskanon-rokr-kw801-p51	0	2	0	3
https://dk.robotoys.eu/trae-3d-puslespil/vaben/mekanisk-3d-puslespil-i-trae-minipistol-rokr-lq502-p147	0	2	0	1.5
https://dk.robotoys.eu/trae-3d-puslespil/vaben/revolver-corsac-m60-rokr-lq401-p35	0	14	0	2.57
https://dk.robotoys.eu/trae-3d-puslespil/vaben/terminator-m870-rokr-lq501-p36	0	1	0	4
https://dk.robotoys.eu/trae-3d-puslespil/vaben/thompson-rokr-lqb01-p74	0	4	0	3.75
https://dk.robotoys.eu/trae-3d-puslespil/vaben/traemekanisk-3d-puslespil-luftvaernskanon-rokr-lqm01-p255	0	6	0	10.5
https://dk.robotoys.eu/trae-3d-puslespil/vaben/traemekanisk-3d-puslespil-maskingevaer-med-roterende-lob-rokr-lqa01-p218	0	12	0	5.42
https://ee.robotoys.eu/3d-puidust-puslede-muuk	0	33	0	12
https://ee.robotoys.eu/3d-puidust-puslede-muuk?page=3	0	5	0	20
https://ee.robotoys.eu/blogi/10-tooriista-mida-vajate-puidust-3d-pusle-kokkupanemisel	0	11	0	8.27
https://ee.robotoys.eu/blogi/3d-puidust-puslede-ajalugu-algusest-olevikuni	0	1	0	7
https://ee.robotoys.eu/blogi/5-parimat-sobrapaeva-kingitust-mis-meeldivad-koigile	0	6	0	28.33
https://ee.robotoys.eu/blogi/ideaalne-kingitus-lastele-mis-arendab-loovust-ja-kannatlikkust	0	1	0	9
https://ee.robotoys.eu/blogi/kingitus-mehele-kellel-on-juba-koik-olemas-24-originaalset-nippi-mis-teda-toeliselt-ullatavad	0	40	0	11.75
https://ee.robotoys.eu/blogi/kuidas-valida-parim-kodukaunistus-napunaiteid-ja-nippe	0	3	0	9.67
https://ee.robotoys.eu/blogi/lugu-kuulsast-tower-bridgeist-kuidas-tuua-london-oma-koju	0	56	0	10.25
https://ee.robotoys.eu/blogi/mida-enne-puidust-3d-pusle-esmakordset-kokkupanekut-ette-valmistada	0	4	0	3
https://ee.robotoys.eu/blogi/mida-peate-teadma-enne-miniatuursete-majade-ehitamist	0	2	0	6.5
https://ee.robotoys.eu/blogi/miks-on-3d-puidust-mudelid-ideaalne-kingitus-igas-vanuses	0	16	0	3.44
https://ee.robotoys.eu/blogi/pange-oma-aju-liikuma-3d-puidust-mehaaniliste-pusledega	0	13	0	8.62
https://ee.robotoys.eu/blogi/parim-kingitus-talle-ajaloo-puudutusega-originaal	0	14	0	10.86
https://ee.robotoys.eu/blogi/puidust-3d-pusled-kuidas-valida-oma-esimene-ehituskomplekt-ja-milleks-valmistuda	0	2	0	3
https://ee.robotoys.eu/blogi/puidust-kimp-mis-kunagi-narbub-avasta-3d-lillepuslede-volujoud	0	1	0	7
https://ee.robotoys.eu/blogi/puslede-ehitamine-parim-tegevus-pensionaridele	0	3	0	5.33
https://ee.robotoys.eu/blogi/rokr-teie-sisenemine-loovuse-ja-meelelahutuse-maailma	0	1	0	7
https://ee.robotoys.eu/blogi/rolife-aeglase-elu-ja-isetegemise-loovuse-ilu	0	23	0	7.57
https://ee.robotoys.eu/blogi/stem-ja-puidust-mudelid	0	11	0	8.73
https://ee.robotoys.eu/blogi/sugis-2025-vaikse-elu-hooaeg-siin-on-toestus	0	2	0	10.5
https://ee.robotoys.eu/blogi/tiktoki-trend-dopamiinihobi-mida-see-tahendab-ja-miks-on-moistatused-parim-valik	0	16	0	6.69
https://ee.robotoys.eu/blogi/vaike-lugu-3d-ehituskomplektid-mis-uhendavad-loovuse-lobususe-ja-kvaliteedi	0	1	0	8
https://ee.robotoys.eu/blogi/world-of-tanks-nuud-sinu-riiulil	0	2	0	6
https://ee.robotoys.eu/brandi-rokr-populaarseimad-tooted	0	1	0	3
https://ee.robotoys.eu/enim-muudud-kingitused-meestele-ja-poistele	0	2	0	11.5
https://ee.robotoys.eu/enimmuudud-miniatuursed-majad	0	7	0	8.57
https://ee.robotoys.eu/enimmuudud-puidust-3d-pusle?page=4	0	2	0	15
https://ee.robotoys.eu/joulukinkide-muuk	0	2	0	8.5
https://ee.robotoys.eu/kasulikud-lingid/ettevotte-kohta	0	2	0	1
https://ee.robotoys.eu/kasulikud-lingid/ettevotte-kohta/meist	0	1	0	1
https://ee.robotoys.eu/kaubamargid	0	1	0	3
https://ee.robotoys.eu/kaubamargid/eco-wood-art	0	1	0	4
https://ee.robotoys.eu/kaubamargid/rowood	0	2	0	8
https://ee.robotoys.eu/kaubamargid?page=2	0	1	0	1
https://ee.robotoys.eu/kaunistuseks-kingituste-muuk?page=2	0	2	0	5
https://ee.robotoys.eu/kingi-ideid	0	3	0	12.33
https://ee.robotoys.eu/kingi-ideid/kingitused-jouludeks	0	4	0	4
https://ee.robotoys.eu/kingi-ideid/kingitused-jouludeks?page=4	0	1	0	20
https://ee.robotoys.eu/kingi-ideid/kingitused-kaunistuseks?page=3	0	1	0	10
https://ee.robotoys.eu/kingi-ideid/kingitused-lastele	0	14	0	15.79
https://ee.robotoys.eu/kingi-ideid/kingitused-naisele	0	1	0	7
https://ee.robotoys.eu/kingi-ideid/kingitused-naisele?page=2	0	1	0	28
https://ee.robotoys.eu/kingi-ideid/kingitused-talle?page=2	0	1	0	6
https://ee.robotoys.eu/kingi-ideid/sunnipaeva-kingitused	0	30	0	22.03
https://ee.robotoys.eu/kingiideed-muugil	0	1	0	1
https://ee.robotoys.eu/koige-kallimad-kingitused-jouludeks	0	10	0	17.1
https://ee.robotoys.eu/koige-kallimad-kingitused-lastele	0	3	0	8
https://ee.robotoys.eu/koige-kallimad-kingitused-meestele-ja-poistele	0	1	0	21
https://ee.robotoys.eu/koige-kallimad-kingitused-naistele-ja-tudrukutele?page=3	0	15	0	16.47
https://ee.robotoys.eu/koige-populaarsem-puidust-3d-pusle	0	1	0	3
https://ee.robotoys.eu/koige-populaarsemad-kingitused-meestele-ja-poistele	0	1	0	25
https://ee.robotoys.eu/koige-populaarsemad-kingitused-naistele-ja-tudrukutele	0	1	0	7
https://ee.robotoys.eu/koige-populaarsemad-kingitused-naistele-ja-tudrukutele?page=3	0	8	0	18.25
https://ee.robotoys.eu/korgeimalt-hinnatud-sunnipaevakingid	0	1	0	9
https://ee.robotoys.eu/korgelt-hinnatud-kingiideed	0	1	0	9
https://ee.robotoys.eu/korgelt-hinnatud-kingitused-jouludeks	0	7	0	22.57
https://ee.robotoys.eu/miniatuursed-majad-alla-100-tk	0	2	0	9
https://ee.robotoys.eu/miniatuursed-majad-kokkupanekuaeg-ule-5-tunni	0	1	0	1
https://ee.robotoys.eu/miniatuursed-majad-kokkupanemise-aeg-kuni-1-tund	0	1	0	8
https://ee.robotoys.eu/miniatuursed-majad-korge-raskusastmega	0	1	0	6
https://ee.robotoys.eu/miniatuursed-majad-lihtne-raskusaste	0	5	0	7.4
https://ee.robotoys.eu/miniatuursed-majad-rohkem-kui-300-tk	0	2	0	3.5
https://ee.robotoys.eu/miniatuursed-majad/miniatuursed-poed	0	1	0	3
https://ee.robotoys.eu/miniatuursed-majad/miniatuursed-poed/kohvik-aadressil-simon-rolife-dg109-p64	0	2	0	5
https://ee.robotoys.eu/miniatuursed-majad/miniatuursed-poed/lillepood-emily-rolife-dg145-p25	0	9	0	4.56
https://ee.robotoys.eu/miniatuursed-majad/miniatuursed-poed/miniatuurne-maja-alicei-teepood-rolife-dg156-p61	0	7	0	5.71
https://ee.robotoys.eu/miniatuursed-majad/miniatuursed-poed/miniatuurne-maja-jaatisepood-honey-rolife-dg148-p65	0	1	0	3
https://ee.robotoys.eu/miniatuursed-majad/miniatuursed-poed/miniatuurne-maja-lillekommid-ja-teed-rolife-dg146-p92	0	1	0	8
https://ee.robotoys.eu/miniatuursed-majad/miniatuursed-poed/noiapood-kiki-rolife-dg155-p31	0	4	0	6
https://ee.robotoys.eu/miniatuursed-majad/miniatuursed-toad/miniatuurmaja-maagiakool-rolife-dg166-p163	0	1	0	9
https://ee.robotoys.eu/miniatuursed-majad/miniatuursed-toad/miniatuurne-maja-lily-veranda-rolife-dg11-p93	0	2	0	5.5
https://ee.robotoys.eu/miniatuursed-majad/miniatuursed-toad/mose-detektiiviburoo-rolife-dg157-p24	0	3	0	5
https://ee.robotoys.eu/miniatuursed-majad/miniatuursed-toad/proua-cathy-kasvuhoone-rolife-dg104-p28	0	8	0	5.12
https://ee.robotoys.eu/miniatuursed-majad/miniatuursed-toad/sami-opperaamatukogu-rolife-dg102-p86	0	2	0	7.5
https://ee.robotoys.eu/miniatuursed-majad/raamatud-nook/puhke-aiamaja-rolife-tgb06-p78	0	2	0	11
https://ee.robotoys.eu/miniatuursed-majad/raamatud-nook/raamatupood-rolife-tgb07-p76	0	3	0	15.33
https://ee.robotoys.eu/miniatuursed-majad/raamatud-nook/raamaturiiuli-sisu-holiday-cafe-rolife-tgb15-p225	0	2	0	17.5
https://ee.robotoys.eu/miniatuursed-majad/raamatud-nook/raamaturiiuli-sisu-muinasjutu-teemapark-rolife-tgb17-p257	0	1	0	5
https://ee.robotoys.eu/miniatuursed-majad/raamatud-nook/raamaturiiuli-sisu-tanavavaade-rolife-tgb13-p256	0	3	0	4
https://ee.robotoys.eu/miniatuursed-majad/raamatud-nook/raamaturiiuli-sisu-teekond-imedemaale-rolife-tgb12-p165	0	1	0	7
https://ee.robotoys.eu/miniatuursed-majad/raamatud-nook/raamaturiiuli-sisu-veinikelder-sakurapuude-all-rolife-tgb11-p164	0	1	0	5
https://ee.robotoys.eu/miniatuursed-majad/raamatud-nook/raamaturiiuli-vaheleht-arkaadkohting-rolife-tgb10-p148	0	1	0	5
https://ee.robotoys.eu/miniatuursed-majad/raamatud-nook/raamaturiiuli-vaheleht-jouluinterjoori-stseen-rolife-tgc07-p140	0	1	0	2
https://ee.robotoys.eu/miniatuursed-majad/raamatud-nook/raamaturiiuli-vaheleht-joulutanav-rolife-tgc06-p139	0	1	0	2
https://ee.robotoys.eu/miniatuursed-majad/raamatud-nook/raamaturiiuli-vahetukk-lillenurk-rolife-tgb09-p108	0	6	0	3.83
https://ee.robotoys.eu/miniatuursed-majad/raamatud-nook/raamaturiiuli-vahetukk-romantiline-veneetsia-rolife-tgb08-p107	0	1	0	2
https://ee.robotoys.eu/miniatuursed-majad/raamatud-nook/sakura-densya-rolife-tgb01-p29	0	5	0	3.4
https://ee.robotoys.eu/miniatuursed-majad/raamatud-nook/sunshine-town-rolife-tgb02-p30	0	1	0	9
https://ee.robotoys.eu/muua-miniatuursed-majad	0	2	0	10
https://ee.robotoys.eu/muugil-rolife-kaubamargi-tooted?page=2	0	1	0	7
https://ee.robotoys.eu/odavaimad-kingiideed	0	1	0	8
https://ee.robotoys.eu/odavaimad-kingitused-kaunistuseks?page=2	0	1	0	1
https://ee.robotoys.eu/odavaimad-miniatuursed-majad	0	4	0	6.25
https://ee.robotoys.eu/puidust-3d-pusle-150-kuni-199-tk	0	1	0	10
https://ee.robotoys.eu/puidust-3d-pusle-keskmise-raskusastmega	0	1	0	10
https://ee.robotoys.eu/puidust-3d-pusle-kokkupanemisaeg-35-tundi	0	1	0	8
https://ee.robotoys.eu/puidust-3d-pusle-korge-raskusastmega	0	6	0	14.83
https://ee.robotoys.eu/puidust-3d-pusle-toos	0	3	0	9
https://ee.robotoys.eu/puidust-3d-pusle/arhitektuur	0	6	0	9.33
https://ee.robotoys.eu/puidust-3d-pusle/arhitektuur/puidust-3d-pusle-brandenburgi-varav-little-story-e015-p125	0	8	0	5
https://ee.robotoys.eu/puidust-3d-pusle/arhitektuur/puidust-3d-pusle-colosseumi-little-story-e016-p126	0	50	0	39.56
https://ee.robotoys.eu/puidust-3d-pusle/arhitektuur/puidust-3d-pusle-notre-damei-katedraali-little-story-e017-p127	0	1	0	4
https://ee.robotoys.eu/puidust-3d-pusle/arhitektuur/puidust-3d-pusle-pisa-torn-little-story-e009-p114	0	30	0	7.43
https://ee.robotoys.eu/puidust-3d-pusle/arhitektuur/puidust-3d-pusle-raamatukogu-mere-aares-p261	0	2	0	6
https://ee.robotoys.eu/puidust-3d-pusle/arhitektuur/puidust-3d-pusle-raamatupood-vanas-allees-p262	0	1	0	6
https://ee.robotoys.eu/puidust-3d-pusle/arhitektuur/puidust-3d-pusle-sagrada-familia-little-story-e018-p133	0	109	0	41.68
https://ee.robotoys.eu/puidust-3d-pusle/arhitektuur/puidust-3d-pusle-sakura-puumaja-rolife-tgs04-p201	0	1	0	4
https://ee.robotoys.eu/puidust-3d-pusle/arhitektuur/puidust-3d-pusle-sydney-ooperimaja-little-story-e028-p238	0	2	0	4.5
https://ee.robotoys.eu/puidust-3d-pusle/arhitektuur/puidust-3d-pusle-voidukaar-little-story-e011-p123	0	1	0	10
https://ee.robotoys.eu/puidust-3d-pusle/arhitektuur/puidust-3d-pusle-voidukaar-rolife-tg502-p47	0	1	0	4
https://ee.robotoys.eu/puidust-3d-pusle/arhitektuur/puidust-mehaaniline-3d-pusle-tuulik-eco-wood-art-p154	0	7	0	3.43
https://ee.robotoys.eu/puidust-3d-pusle/arhitektuur/valgustatud-eiffeli-torn-rolife-tgl01-p73	0	6	0	10.33
https://ee.robotoys.eu/puidust-3d-pusle/arhitektuur/viiekorruseline-pagood-rolife-tgn02-p45	0	8	0	5.38
https://ee.robotoys.eu/puidust-3d-pusle/arhitektuur/voidukaar-rolife-tg502-p47	0	1	0	6
https://ee.robotoys.eu/puidust-3d-pusle/kellad-kalendrid	0	3	0	35
https://ee.robotoys.eu/puidust-3d-pusle/kellad-kalendrid/kella-ookull-rokr-lk503-p6	0	6	0	5.17
https://ee.robotoys.eu/puidust-3d-pusle/kellad-kalendrid/puidust-3d-pusle-lauakalender-rokr-lc801-p44	0	1	0	2
https://ee.robotoys.eu/puidust-3d-pusle/kellad-kalendrid/puidust-mehaaniline-3d-pusle-kaokell-rokr-lc901c-p198	0	17	0	4.53
https://ee.robotoys.eu/puidust-3d-pusle/kellad-kalendrid/pusikalender-rokr-lk201-p55	0	1	0	8
https://ee.robotoys.eu/puidust-3d-pusle/kellad-kalendrid/romantiline-seinakell-rokr-lc701-p56	0	2	0	7.5
https://ee.robotoys.eu/puidust-3d-pusle/kellad-kalendrid/seinakell-zodiac-rokr-lc601-p52	0	1	0	1
https://ee.robotoys.eu/puidust-3d-pusle/lilled/puidust-3d-pusle-heleoranz-gerbera-rowood-tw111-p196	0	1	0	1
https://ee.robotoys.eu/puidust-3d-pusle/lilled/puidust-3d-pusle-joulutaht-rowood-tf001-p222	0	3	0	4.33
https://ee.robotoys.eu/puidust-3d-pusle/lilled/puidust-3d-pusle-koolibri-oitsvas-aias-p259	0	1	0	3
https://ee.robotoys.eu/puidust-3d-pusle/lilled/puidust-3d-pusle-kummel-rowood-tw061-p109	0	1	0	26
https://ee.robotoys.eu/puidust-3d-pusle/lilled/puidust-3d-pusle-lilla-liblikorhidee-rowood-tw091-p194	0	4	0	9
https://ee.robotoys.eu/puidust-3d-pusle/lilled/puidust-3d-pusle-lilla-rowood-tw021-p103	0	1	0	1
https://ee.robotoys.eu/puidust-3d-pusle/lilled/puidust-3d-pusle-lillekimp-rowood-tw01h-p100	0	1	0	3
https://ee.robotoys.eu/puidust-3d-pusle/lilled/puidust-3d-pusle-oranz-tulp-rowood-tw081-p145	0	1	0	3
https://ee.robotoys.eu/puidust-3d-pusle/lilled/puidust-3d-pusle-paevalill-rowood-2011-p113	0	2	0	10
https://ee.robotoys.eu/puidust-3d-pusle/lilled/puidust-3d-pusle-puidust-lillekorv-rowood-tw03h-p210	0	2	0	3
https://ee.robotoys.eu/puidust-3d-pusle/lilled/puidust-3d-pusle-punane-kameelia-rowood-tw031-p102	0	4	0	18.75
https://ee.robotoys.eu/puidust-3d-pusle/lilled/puidust-3d-pusle-punane-nelk-rowood-tv052-p112	0	1	0	1
https://ee.robotoys.eu/puidust-3d-pusle/lilled/puidust-3d-pusle-roosa-daalia-rowood-tw131-p252	0	5	0	5
https://ee.robotoys.eu/puidust-3d-pusle/lilled/puidust-3d-pusle-roosa-liilia-rowood-tw071-p144	0	1	0	3
https://ee.robotoys.eu/puidust-3d-pusle/lilled/puidust-3d-pusle-roosa-tulp-rowood-tw082-p161	0	1	0	11
https://ee.robotoys.eu/puidust-3d-pusle/lilled/puidust-3d-pusle-sakura-bonsai-rolife-tg415-p142	0	2	0	16
https://ee.robotoys.eu/puidust-3d-pusle/loomad	0	16	0	6.12
https://ee.robotoys.eu/puidust-3d-pusle/loomad/puidust-3d-pusle-flamingo-little-story-d007-p116	0	1	0	2
https://ee.robotoys.eu/puidust-3d-pusle/loomad/puidust-3d-pusle-kanguru-little-story-d014-p122	0	4	0	1.75
https://ee.robotoys.eu/puidust-3d-pusle/loomad/puidust-3d-pusle-lovi-little-story-d011-p119	0	5	0	3
https://ee.robotoys.eu/puidust-3d-pusle/loomad/puidust-3d-pusle-mesilane-little-story-d001-p128	0	12	0	4.33
https://ee.robotoys.eu/puidust-3d-pusle/loomad/puidust-3d-pusle-ookull-little-story-d009-p132	0	2	0	13
https://ee.robotoys.eu/puidust-3d-pusle/loomad/puidust-3d-pusle-t-rex-little-story-d006-p115	0	1	0	1
https://ee.robotoys.eu/puidust-3d-pusle/loomad/puidust-mehaaniline-3d-pusle-velociraptor-rokr-ld01-p220	0	3	0	7.67
https://ee.robotoys.eu/puidust-3d-pusle/muusikakastid/elektriline-plaadimangija-rokr-lkb01d-p68	0	2	0	3
https://ee.robotoys.eu/puidust-3d-pusle/muusikakastid/muusikakarp-taheoo-rokr-amk51-p11	0	1	0	18
https://ee.robotoys.eu/puidust-3d-pusle/muusikakastid/muusikakast-swing-ride-rokr-ea02-p4	0	2	0	1
https://ee.robotoys.eu/puidust-3d-pusle/muusikakastid/puidust-mehaaniline-3d-pusle-ilusate-unistuste-sumfoonia-rokr-amk63m-p211	0	2	0	19.5
https://ee.robotoys.eu/puidust-3d-pusle/muusikakastid/puidust-mehaaniline-3d-pusle-klassikaline-karussell-rolife-amc01-p146	0	2	0	3.5
https://ee.robotoys.eu/puidust-3d-pusle/muusikakastid/puidust-mehaaniline-3d-pusle-maagiline-harf-rokr-amk71-p254	0	7	0	7.86
https://ee.robotoys.eu/puidust-3d-pusle/muusikakastid/puidust-mehaaniline-3d-pusle-mangukapp-orpheus-rokr-am601-p82	0	2	0	9
https://ee.robotoys.eu/puidust-3d-pusle/muusikakastid/puidust-mehaaniline-3d-pusle-meloodiline-joulupuu-rolife-ams01-p138	0	1	0	5
https://ee.robotoys.eu/puidust-3d-pusle/muusikakastid/puidust-mehaaniline-3d-pusle-sakura-dreamy-tour-rolife-amt02-p219	0	1	0	9
https://ee.robotoys.eu/puidust-3d-pusle/muusikakastid/romantiline-karussell-rokr-amk62-p77	0	5	0	3.2
https://ee.robotoys.eu/puidust-3d-pusle/muusikakastid/vaateratas-rolife-tgn01-p18	0	1	0	8
https://ee.robotoys.eu/puidust-3d-pusle/muusikakastid/viktoriaanlik-latern-rokr-amk61-p80	0	1	0	5
https://ee.robotoys.eu/puidust-3d-pusle/muusikariistad/akordion-rolife-tg410-p41	0	1	0	2
https://ee.robotoys.eu/puidust-3d-pusle/muusikariistad/puidust-3d-pusle-suur-klaver-rolife-tg402-p200	0	6	0	11
https://ee.robotoys.eu/puidust-3d-pusle/muusikariistad/saxophone-rolife-tg309-p26	0	7	0	8.71
https://ee.robotoys.eu/puidust-3d-pusle/muusikariistad/viiul-capriccio-rokr-tg604k-p66	0	5	0	8.4
https://ee.robotoys.eu/puidust-3d-pusle/relvad/ak-47-rifle-rokr-lq901-p67	0	6	0	7.33
https://ee.robotoys.eu/puidust-3d-pusle/relvad/puidust-mehaaniline-3d-pusle-ohutorjerelv-rokr-lqm01-p255	0	1	0	6
https://ee.robotoys.eu/puidust-3d-pusle/relvad/puidust-mehaaniline-3d-pusle-poorleva-toruga-kuulipilduja-rokr-lqa01-p218	0	6	0	4.67
https://ee.robotoys.eu/puidust-3d-pusle/soidukid	0	11	0	18.45
https://ee.robotoys.eu/puidust-3d-pusle/soidukid/auruveduri-mudel-rokr-mc501-p13	0	1	0	7
https://ee.robotoys.eu/puidust-3d-pusle/soidukid/kallur-mudel-rokr-tg603k-p34	0	1	0	2
https://ee.robotoys.eu/puidust-3d-pusle/soidukid/kuumaohupall-rolife-tg406-p84	0	4	0	10
https://ee.robotoys.eu/puidust-3d-pusle/soidukid/puidust-3d-pusle-aeruaurulaev-river-princess-eco-wood-art-p159	0	1	0	2
https://ee.robotoys.eu/puidust-3d-pusle/soidukid/puidust-3d-pusle-armee-dziip-little-story-e014-p170	0	12	0	5.33
https://ee.robotoys.eu/puidust-3d-pusle/soidukid/puidust-3d-pusle-aurulaev-little-story-e025-p230	0	3	0	3.33
https://ee.robotoys.eu/puidust-3d-pusle/soidukid/puidust-3d-pusle-buss-little-story-d002-p166	0	1	0	2
https://ee.robotoys.eu/puidust-3d-pusle/soidukid/puidust-3d-pusle-ekskavaator-rokr-tg508k-p197	0	20	0	4.25
https://ee.robotoys.eu/puidust-3d-pusle/soidukid/puidust-3d-pusle-grand-prix-mootorratta-little-story-e021-p173	0	2	0	2
https://ee.robotoys.eu/puidust-3d-pusle/soidukid/puidust-3d-pusle-iseliikuv-muruniiduk-cs-150c-eco-wood-art-p234	0	2	0	3.5
https://ee.robotoys.eu/puidust-3d-pusle/soidukid/puidust-3d-pusle-jaapani-diplomaatiline-laev-rolife-tg307-p199	0	3	0	5
https://ee.robotoys.eu/puidust-3d-pusle/soidukid/puidust-3d-pusle-kiirabi-eco-wood-art-p203	0	3	0	6.67
https://ee.robotoys.eu/puidust-3d-pusle/soidukid/puidust-3d-pusle-klassikaline-linnatramm-rokr-lk801-p88	0	2	0	5
https://ee.robotoys.eu/puidust-3d-pusle/soidukid/puidust-3d-pusle-kollane-grand-prix-mootorratas-little-story-e021y-p244	0	2	0	2
https://ee.robotoys.eu/puidust-3d-pusle/soidukid/puidust-3d-pusle-kruiisilaev-little-story-e026-p229	0	2	0	11
https://ee.robotoys.eu/puidust-3d-pusle/soidukid/puidust-3d-pusle-kuninglik-vanker-rolife-tg302-p62	0	1	0	2
https://ee.robotoys.eu/puidust-3d-pusle/soidukid/puidust-3d-pusle-lennuki-little-story-d016-p130	0	3	0	4.67
https://ee.robotoys.eu/puidust-3d-pusle/soidukid/puidust-3d-pusle-lilla-speedtail-mootorratas-little-story-e020p-p242	0	2	0	1
https://ee.robotoys.eu/puidust-3d-pusle/soidukid/puidust-3d-pusle-londoni-turismibuss-rolife-tgm02-p106	0	1	0	10
https://ee.robotoys.eu/puidust-3d-pusle/soidukid/puidust-3d-pusle-maastikuauto-kallur-moaz-75053-eco-wood-art-p235	0	1	0	5
https://ee.robotoys.eu/puidust-3d-pusle/soidukid/puidust-3d-pusle-mootorratas-speedtail-little-story-e020-p172	0	2	0	22.5
https://ee.robotoys.eu/puidust-3d-pusle/soidukid/puidust-3d-pusle-paak-t-34-85-little-story-wot02-p135	0	1	0	1
https://ee.robotoys.eu/puidust-3d-pusle/soidukid/puidust-3d-pusle-politseiauto-eco-wood-art-p214	0	1	0	1
https://ee.robotoys.eu/puidust-3d-pusle/soidukid/puidust-3d-pusle-punane-grand-prix-mootorratas-little-story-e021r-p243	0	1	0	12
https://ee.robotoys.eu/puidust-3d-pusle/soidukid/puidust-3d-pusle-purjelaev-lord-of-the-seas-eco-wood-art-p216	0	1	0	2
https://ee.robotoys.eu/puidust-3d-pusle/soidukid/puidust-3d-pusle-ristluslaev-rolife-tg306-p87	0	2	0	4.5
https://ee.robotoys.eu/puidust-3d-pusle/soidukid/puidust-3d-pusle-roosa-sting-toukeratas-little-story-e022r-p246	0	1	0	9
https://ee.robotoys.eu/puidust-3d-pusle/soidukid/puidust-3d-pusle-sojavae-dziibi-mudel-rokr-mc701-p54	0	1	0	4
https://ee.robotoys.eu/puidust-3d-pusle/soidukid/puidust-3d-pusle-speedway-mootorratta-little-story-e019-p171	0	1	0	31
https://ee.robotoys.eu/puidust-3d-pusle/soidukid/puidust-3d-pusle-tank-amx-13-105-little-story-wot05-p177	0	4	0	3
https://ee.robotoys.eu/puidust-3d-pusle/soidukid/puidust-3d-pusle-tank-maus-little-story-wot10-p237	0	1	0	1
https://ee.robotoys.eu/puidust-3d-pusle/soidukid/puidust-3d-pusle-tank-tortoise-little-story-wot08-p180	0	1	0	1
https://ee.robotoys.eu/puidust-3d-pusle/soidukid/puidust-3d-pusle-tiger-i-little-story-wot03-p136	0	1	0	2
https://ee.robotoys.eu/puidust-3d-pusle/soidukid/puidust-3d-pusle-vedur-little-story-e012-p124	0	1	0	1
https://ee.robotoys.eu/puidust-3d-pusle/soidukid/puidust-3d-pusle-veoauto-little-story-d004-p168	0	2	0	5.5
https://ee.robotoys.eu/puidust-3d-pusle/soidukid/puidust-mehaaniline-3d-pusle-cruiser-mootorratas-eco-wood-art-p150	0	1	0	5
https://ee.robotoys.eu/puidust-3d-pusle/soidukid/puidust-mehaaniline-3d-pusle-purjekas-merihein-rokr-mcb02-p212	0	2	0	4.5
https://ee.robotoys.eu/puidust-3d-pusle/soidukid/puidust-mehaaniline-3d-pusle-retro-auto-eco-wood-art-p157	0	2	0	4.5
https://ee.robotoys.eu/puidust-3d-pusle/soidukid/puidust-mehaaniline-3d-pusle-traktor-eco-wood-art-p233	0	2	0	2
https://ee.robotoys.eu/puidust-3d-pusle/soidukid/puidust-mehaaniline-3d-pusle-veoauto-road-king-eco-wood-art-p206	0	1	0	5
https://ee.robotoys.eu/puidust-3d-pusle/soidukid/puidust-mehaaniline-3d-pusle-viljakombain-gh800-eco-wood-art-p160	0	3	0	7.33
https://ee.robotoys.eu/puidust-3d-pusle/soidukid/purjeka-mudel-rolife-tg305-p21	0	15	0	7.53
https://ee.robotoys.eu/puidust-3d-pusle/soidukid/vanaauto-rokr-mc801-p72	0	5	0	8.8
https://ee.robotoys.eu/puidust-3d-pusle/soidukid/vedur-rokr-lk701-p7	0	1	0	1
https://ee.robotoys.eu/puidust-3d-pusle/stem-lab/filmiprojektor-vitascope-rokr-lk601-p5	0	1	0	8
https://ee.robotoys.eu/puidust-3d-pusle/stem-lab/hoiulaegas-rokr-lk502-p57	0	1	0	38
https://ee.robotoys.eu/puidust-3d-pusle/stem-lab/pinball-rokr-eg01-p43	0	1	0	8
https://ee.robotoys.eu/puidust-3d-pusle/stem-lab/puidust-3d-pusle-retro-telefon-eco-wood-art-p156	0	12	0	3
https://ee.robotoys.eu/puidust-3d-pusle/stem-lab/puidust-mehaaniline-3d-pusle-aurumootor-rokr-lka01-p104	0	4	0	10
https://ee.robotoys.eu/puidust-3d-pusle/stem-lab/puidust-mehaaniline-3d-pusle-kirjutusmasin-eco-wood-art-p158	0	2	0	4
https://ee.robotoys.eu/puidust-3d-pusle/stem-lab/puidust-mehaaniline-3d-pusle-klassikaline-printer-rokr-lk602-p90	0	4	0	6
https://ee.robotoys.eu/puidust-3d-pusle/stem-lab/puidust-mehaaniline-3d-pusle-unistuste-kingituste-tehas-rokr-eab01-p202	0	2	0	17
https://ee.robotoys.eu/puidust-3d-pusle/universum/helendav-maakera-rokr-st003-p3	0	4	0	2.5
https://ee.robotoys.eu/puidust-3d-pusle/universum/monokulaarne-teleskoop-rokr-st004-p8	0	1	0	6
https://ee.robotoys.eu/puidust-3d-pusle/universum/paikesesusteem-rokr-st001-p71	0	4	0	9.5
https://ee.robotoys.eu/pusle-voistlus	0	8	0	9.12
https://ee.robotoys.eu/pusle-voistlus/ajalooline-tramm-rolife-tg505-40	0	1	0	2
https://ee.robotoys.eu/pusle-voistlus/aurulaev-little-story-e025-230	0	1	0	3
https://ee.robotoys.eu/pusle-voistlus/colosseumi-little-story-e016-126	0	1	0	9
https://ee.robotoys.eu/pusle-voistlus/evergreen-pine-bonsai-rolife-tg510-143	0	1	0	1
https://ee.robotoys.eu/pusle-voistlus/grammofon-rolife-tg408-39	0	1	0	9
https://ee.robotoys.eu/pusle-voistlus/helendav-maakera-rokr-st003-3	0	1	0	5
https://ee.robotoys.eu/pusle-voistlus/iseliikuv-muruniiduk-cs-150c-eco-wood-art-234	0	8	0	7.25
https://ee.robotoys.eu/pusle-voistlus/kella-ookull-rokr-lk503-6	0	1	0	9
https://ee.robotoys.eu/pusle-voistlus/kollane-grand-prix-mootorratas-little-story-e021y-244	0	2	0	24.5
https://ee.robotoys.eu/pusle-voistlus/kuumaohupall-rolife-tg406-84	0	3	0	14.33
https://ee.robotoys.eu/pusle-voistlus/library-of-wonders-rolife-tgb16-226	0	1	0	25
https://ee.robotoys.eu/pusle-voistlus/lilla-liblikorhidee-rowood-tw091-194	0	1	0	15
https://ee.robotoys.eu/pusle-voistlus/lilla-speedtail-mootorratas-little-story-e020p-242	0	2	0	4.5
https://ee.robotoys.eu/pusle-voistlus/marmorrada-london-rokr-egb01-264	0	11	0	8.18
https://ee.robotoys.eu/pusle-voistlus/monokulaarne-teleskoop-rokr-st004-8	0	1	0	9
https://ee.robotoys.eu/pusle-voistlus/muusikakasti-volutsello-rokr-amk63-1	0	1	0	10
https://ee.robotoys.eu/pusle-voistlus/poorleva-toruga-kuulipilduja-rokr-lqa01-218	0	2	0	2
https://ee.robotoys.eu/pusle-voistlus/punane-kameelia-rowood-tw031-102	0	1	0	12
https://ee.robotoys.eu/pusle-voistlus/pusikalender-rokr-lk201-55	0	1	0	8
https://ee.robotoys.eu/pusle-voistlus/raamatukogu-mere-aares-261	0	1	0	7
https://ee.robotoys.eu/pusle-voistlus/revolver-corsac-m60-rokr-lq401-35	0	1	0	6
https://ee.robotoys.eu/pusle-voistlus/romantiline-seinakell-rokr-lc701-56	0	1	0	24
https://ee.robotoys.eu/pusle-voistlus/sunshine-town-rolife-tgb02-30	0	1	0	2
https://ee.robotoys.eu/pusle-voistlus/tank-fv4005-little-story-wot09-236	0	2	0	11
https://ee.robotoys.eu/pusle-voistlus/tank-tortoise-little-story-wot08-180	0	1	0	10
https://ee.robotoys.eu/pusle-voistlus/time-travel-rolife-tgb04-60	0	1	0	24
https://ee.robotoys.eu/pusle-voistlus/tuulik-eco-wood-art-154	0	2	0	1.5
https://ee.robotoys.eu/pusle-voistlus/veoauto-road-king-eco-wood-art-206	0	1	0	6
https://ee.robotoys.eu/pusle-voistlus/veteranmudel-rolife-tg504-53	0	1	0	10
https://ee.robotoys.eu/pusle-voistlus/viiul-capriccio-rokr-tg604k-66	0	2	0	5.5
https://ee.robotoys.eu/pusle-voistlus/viljakombain-gh800-eco-wood-art-160	0	2	0	1.5
https://ee.robotoys.eu/sunnipaevakingid-muugil	0	1	0	15
https://ee.robotoys.eu/viimased-kingitused-meestele-ja-poistele	0	1	0	7
https://ee.robotoys.eu/viimased-miniatuursed-majad	0	12	0	4.17
https://es.robotoys.eu/blog/5-ventajas-de-los-bloques-de-construccion-creativos-para-el-desarrollo-de-la-motricidad-fina-y-la-concentracion	0	19	0	6.47
https://es.robotoys.eu/blog/7-ideas-de-regalos-irresistibles-para-mujeres	0	121	0	9.28
https://es.robotoys.eu/blog/como-elegir-la-mejor-decoracion-del-hogar-consejos-y-trucos	0	5	0	16.6
https://es.robotoys.eu/blog/construir-rompecabezas-la-mejor-actividad-para-jubilados	0	5	0	8
https://es.robotoys.eu/blog/el-mejor-regalo-para-el-original-con-un-toque-de-historia	0	2	0	4
https://es.robotoys.eu/blog/haz-que-tu-cerebro-se-mueva-con-rompecabezas-mecanicos-de-madera-en-3d	0	6	0	6.5
https://es.robotoys.eu/blog/historia-de-los-puzzles-de-madera-en-3d-desde-los-comienzos-hasta-la-actualidad	0	85	0	9.65
https://es.robotoys.eu/blog/little-story-kits-de-construccion-3d-que-combinan-creatividad-diversion-y-calidad	0	2	0	5.5
https://es.robotoys.eu/blog/lo-que-necesitas-saber-antes-de-construir-casas-en-miniatura	0	27	0	9.81
https://es.robotoys.eu/blog/otono-de-2025-temporada-de-vida-lenta-aqui-esta-la-prueba	0	2	0	47.5
https://es.robotoys.eu/blog/por-que-los-modelos-de-madera-3d-son-el-regalo-perfecto-para-todas-las-edades	0	4	0	7.5
https://es.robotoys.eu/blog/rompecabezas-3d-de-madera-como-elegir-tu-primer-kit-de-construccion-y-que-preparar-para	0	17	0	7.65
https://es.robotoys.eu/blog/stem-y-modelos-de-madera	0	29	0	6.45
https://es.robotoys.eu/blog/tendencia-de-tiktok-hobby-dopaminergico-que-significa-y-por-que-los-rompecabezas-son-una-de-las-mejores-opciones	0	10	0	6.5
https://es.robotoys.eu/blog/the-story-of-the-famous-tower-bridge-how-to-bring-london-to-your-home	0	1014	0	7.92
https://es.robotoys.eu/blog/top-5-actividades-que-apoyan-el-desarrollo-de-la-motricidad	0	37	0	8.73
https://es.robotoys.eu/blog/un-ramo-de-madera-que-nunca-se-marchita-descubre-la-magia-de-los-rompecabezas-de-flores-en-3d	0	6	0	11
https://es.robotoys.eu/blog/un-regalo-ideal-para-ninos-que-desarrolla-la-creatividad-y-la-paciencia	0	8	0	16.75
https://es.robotoys.eu/blog/un-regalo-para-el-hombre-que-ya-lo-tiene-todo-24-consejos-originales-que-realmente-lo-sorprenderan	0	24	0	44.88
https://es.robotoys.eu/blog/world-of-tanks-ya-esta-en-tu-estanteria	0	2	0	5
https://es.robotoys.eu/casas-en-miniatura	0	10	0	11.6
https://es.robotoys.eu/casas-en-miniatura-100-a-149-piezas	0	3	0	11
https://es.robotoys.eu/casas-en-miniatura-150-a-199-piezas	0	4	0	6.25
https://es.robotoys.eu/casas-en-miniatura-200-a-299-piezas	0	1	0	8
https://es.robotoys.eu/casas-en-miniatura-dificultad-facil	0	3	0	7.33
https://es.robotoys.eu/casas-en-miniatura-mas-de-300-piezas	0	1	0	19
https://es.robotoys.eu/casas-en-miniatura-menos-de-100-piezas	0	1	0	8
https://es.robotoys.eu/casas-en-miniatura-tiempo-de-montaje-de-3-a-5-horas	0	2	0	6
https://es.robotoys.eu/casas-en-miniatura-tiempo-de-montaje-hasta-1-hora	0	1	0	3
https://es.robotoys.eu/casas-en-miniatura/habitaciones-en-miniatura	0	57	0	9.65
https://es.robotoys.eu/casas-en-miniatura/habitaciones-en-miniatura/agencia-de-detectives-de-moses-agencia-de-detectives-de-mose-dg157-p24	0	1	0	1
https://es.robotoys.eu/casas-en-miniatura/habitaciones-en-miniatura/agencia-de-detectives-moses-rg157-p24	0	1	0	1
https://es.robotoys.eu/casas-en-miniatura/habitaciones-en-miniatura/casa-en-miniatura-acogedora-villa-para-cachorros-rolife-dg169-p149	0	9	0	7.11
https://es.robotoys.eu/casas-en-miniatura/habitaciones-en-miniatura/casa-en-miniatura-el-atico-de-dora-rolife-dg12-p91	0	180	0	28.7
https://es.robotoys.eu/casas-en-miniatura/habitaciones-en-miniatura/casa-en-miniatura-escuela-de-magia-rolife-dg166-p163	0	40	0	7.05
https://es.robotoys.eu/casas-en-miniatura/rincon-de-libros/casa-de-jardin-de-vacaciones-rolife-tgb06-p78	0	11	0	6.82
https://es.robotoys.eu/casas-en-miniatura/rincon-de-libros/estanteria-de-libros-holiday-cafe-rolife-tgb15-p225	0	4	0	19.25
https://es.robotoys.eu/casas-en-miniatura/rincon-de-libros/inserto-de-estanteria-biblioteca-de-las-maravillas-rolife-tgb16-p226	0	2	0	9
https://es.robotoys.eu/casas-en-miniatura/rincon-de-libros/inserto-de-estanteria-calle-navidad-rolife-tgc06-p139	0	6	0	11.33
https://es.robotoys.eu/casas-en-miniatura/rincon-de-libros/inserto-de-estanteria-citas-arcade-rolife-tgb10-p148	0	11	0	7
https://es.robotoys.eu/casas-en-miniatura/rincon-de-libros/inserto-de-estanteria-escena-interior-navidena-rolife-tgc07-p140	0	5	0	4.6
https://es.robotoys.eu/casas-en-miniatura/rincon-de-libros/inserto-de-estanteria-falling-sakura-rolife-tgb05-p50	0	12	0	2.83
https://es.robotoys.eu/casas-en-miniatura/rincon-de-libros/inserto-de-estanteria-rincon-de-fantasia-magica-rolife-tgb14-p221	0	4	0	3.5
https://es.robotoys.eu/casas-en-miniatura/rincon-de-libros/inserto-de-estanteria-venecia-romantica-rolife-tgb08-p107	0	15	0	5.93
https://es.robotoys.eu/casas-en-miniatura/rincon-de-libros/inserto-de-estanteria-viaje-al-pais-de-las-maravillas-rolife-tgb12-p165	0	15	0	5.8
https://es.robotoys.eu/casas-en-miniatura/rincon-de-libros/inserto-para-estanteria-escena-callejera-rolife-tgb13-p256	0	7	0	2
https://es.robotoys.eu/casas-en-miniatura/rincon-de-libros/inserto-para-estanteria-parque-tematico-de-cuentos-de-hadas-rolife-tgb17-p257	0	4	0	4.75
https://es.robotoys.eu/casas-en-miniatura/rincon-de-libros/inserto-para-estanteria-rincon-de-flores-rolife-tgb09-p108	0	1	0	7
https://es.robotoys.eu/casas-en-miniatura/rincon-de-libros/sakura-densya-rolife-tgb01-p29	0	31	0	6.61
https://es.robotoys.eu/casas-en-miniatura/rincon-de-libros/sunshine-town-rolife-tgb02-p30	0	47	0	5.17
https://es.robotoys.eu/casas-en-miniatura/rincon-de-libros/time-travel-rolife-tgb04-p60	0	6	0	16.83
https://es.robotoys.eu/casas-en-miniatura/tiendas-de-miniaturas/casa-en-miniatura-dulces-y-tes-de-flores-rolife-dg146-p92	0	10	0	15.5
https://es.robotoys.eu/casas-en-miniatura/tiendas-de-miniaturas/casa-en-miniatura-heladeria-honey-rolife-dg148-p65	0	28	0	6
https://es.robotoys.eu/casas-en-miniatura/tiendas-de-miniaturas/casa-en-miniatura-restaurante-tipsy-rolife-dg167-p209	0	58	0	8.09
https://es.robotoys.eu/concurso-de-rompecabezas/abeja-little-story-d001-128	0	1	0	5
https://es.robotoys.eu/concurso-de-rompecabezas/agencia-de-detectives-de-mose-rolife-dg157-24	0	1	0	8
https://es.robotoys.eu/concurso-de-rompecabezas/ambulancia-eco-wood-art-203	0	5	0	3
https://es.robotoys.eu/concurso-de-rompecabezas/ametralladora-con-canon-giratorio-rokr-lqa01-218	0	1	0	5
https://es.robotoys.eu/concurso-de-rompecabezas/barco-de-vapor-river-princess-eco-wood-art-159	0	5	0	2.2
https://es.robotoys.eu/concurso-de-rompecabezas/biblioteca-de-estudio-de-sam-rolife-dg102-86	0	6	0	8
https://es.robotoys.eu/concurso-de-rompecabezas/buho-little-story-d009-132	0	2	0	12.5
https://es.robotoys.eu/concurso-de-rompecabezas/buque-de-vapor-little-story-e025-230	0	1	0	3
https://es.robotoys.eu/concurso-de-rompecabezas/buque-diplomatico-japones-rolife-tg307-199	0	1	0	10
https://es.robotoys.eu/concurso-de-rompecabezas/caja-de-musica-noche-estrellada-rokr-amk51-11	0	2	0	44.5
https://es.robotoys.eu/concurso-de-rompecabezas/calendario-perpetuo-rokr-lk201-55	0	6	0	5
https://es.robotoys.eu/concurso-de-rompecabezas/callejon-del-vino-bajo-los-sakura-rolife-tgb11-164	0	2	0	5.5
https://es.robotoys.eu/concurso-de-rompecabezas/camion-little-story-e013-169	0	10	0	3.6
https://es.robotoys.eu/concurso-de-rompecabezas/camion-volquete-modelo-rokr-tg603k-34	0	2	0	14.5
https://es.robotoys.eu/concurso-de-rompecabezas/canon-antiaereo-rokr-lqm01-255	0	3	0	7.33
https://es.robotoys.eu/concurso-de-rompecabezas/canon-de-asedio-rokr-kw801-51	0	1	0	6
https://es.robotoys.eu/concurso-de-rompecabezas/cargador-eco-wood-art-204	0	1	0	5
https://es.robotoys.eu/concurso-de-rompecabezas/carretilla-elevadora-modelo-rokr-tg413k-48	0	1	0	28
https://es.robotoys.eu/concurso-de-rompecabezas/carro-real-rolife-tg302-62	0	1	0	26
https://es.robotoys.eu/concurso-de-rompecabezas/casa-de-jardin-de-vacaciones-rolife-tgb06-78	0	1	0	10
https://es.robotoys.eu/concurso-de-rompecabezas/cesta-de-flores-de-madera-rowood-tw03h-210	0	1	0	11
https://es.robotoys.eu/concurso-de-rompecabezas/ciervo-junto-a-un-lago-de-montana-260	0	3	0	5.67
https://es.robotoys.eu/concurso-de-rompecabezas/cilindro-de-carretera-modelo-rokr-tg701k-49	0	1	0	10
https://es.robotoys.eu/concurso-de-rompecabezas/coche-antiguo-rokr-mc801-72	0	1	0	10
https://es.robotoys.eu/concurso-de-rompecabezas/coche-de-carreras-rojo-eco-wood-art-152	0	1	0	9
https://es.robotoys.eu/concurso-de-rompecabezas/cocina-acogedora-rolife-dg159-89	0	2	0	8
https://es.robotoys.eu/concurso-de-rompecabezas/cortacesped-autopropulsado-cs-150c-eco-wood-art-234	0	2	0	11
https://es.robotoys.eu/concurso-de-rompecabezas/crucero-little-story-e026-229	0	6	0	5.67
https://es.robotoys.eu/concurso-de-rompecabezas/crucero-rolife-tg306-87	0	1	0	1
https://es.robotoys.eu/concurso-de-rompecabezas/dalia-rosa-rowood-tw131-252	0	2	0	3.5
https://es.robotoys.eu/concurso-de-rompecabezas/desafio-de-la-bola-de-engranajes-rokr-egc01-213	0	1	0	8
https://es.robotoys.eu/concurso-de-rompecabezas/dulces-y-tes-de-flores-rolife-dg146-92	0	2	0	5.5
https://es.robotoys.eu/concurso-de-rompecabezas/excavadora-rokr-tg508k-197	0	2	0	7.5
https://es.robotoys.eu/concurso-de-rompecabezas/fabrica-de-chocolate-rokr-lga02-75	0	3	0	6.67
https://es.robotoys.eu/concurso-de-rompecabezas/fabrica-de-regalos-de-ensueno-rokr-eab01-202	0	2	0	7.5
https://es.robotoys.eu/concurso-de-rompecabezas/fiat-125p-little-story-e002-94	0	1	0	8
https://es.robotoys.eu/concurso-de-rompecabezas/floristeria-emily-rolife-dg145-25	0	14	0	6.93
https://es.robotoys.eu/concurso-de-rompecabezas/gerbera-naranja-claro-rowood-tw111-196	0	1	0	5
https://es.robotoys.eu/concurso-de-rompecabezas/girasol-rowood-tw011-113	0	2	0	9
https://es.robotoys.eu/concurso-de-rompecabezas/globo-luminoso-rokr-st003-3	0	5	0	12.8
https://es.robotoys.eu/concurso-de-rompecabezas/gramofono-rolife-tg408-39	0	3	0	6.67
https://es.robotoys.eu/concurso-de-rompecabezas/guitarra-electrica-modelo-rokr-tg605k-33	0	2	0	8
https://es.robotoys.eu/concurso-de-rompecabezas/jeep-little-story-d003-167	0	1	0	18
https://es.robotoys.eu/concurso-de-rompecabezas/jeep-militar-modelo-rokr-mc701-54	0	4	0	14.5
https://es.robotoys.eu/concurso-de-rompecabezas/la-tienda-de-te-de-alice-rolife-dg156-61	0	1	0	7
https://es.robotoys.eu/concurso-de-rompecabezas/libro-de-flores-de-madera-rowood-tw04h-228	0	6	0	6.83
https://es.robotoys.eu/concurso-de-rompecabezas/linterna-victoriana-rokr-amk61-80	0	2	0	6
https://es.robotoys.eu/concurso-de-rompecabezas/lirio-rosa-rowood-tw071-144	0	4	0	7.25
https://es.robotoys.eu/concurso-de-rompecabezas/locomotora-rokr-lk701-7	0	3	0	6.33
https://es.robotoys.eu/concurso-de-rompecabezas/magic-piano-rokr-amk81-70	0	1	0	13
https://es.robotoys.eu/concurso-de-rompecabezas/magical-house-rolife-tgb03-58	0	1	0	9
https://es.robotoys.eu/concurso-de-rompecabezas/manzanilla-rowood-tw061-109	0	2	0	6
https://es.robotoys.eu/concurso-de-rompecabezas/maquina-de-asedio-balista-rokr-kw401-15	0	1	0	9
https://es.robotoys.eu/concurso-de-rompecabezas/maquina-de-escribir-mecanica-version-clasica-rokr-lk703b-265	0	44	0	7.27
https://es.robotoys.eu/concurso-de-rompecabezas/maquina-de-escribir-mecanica-version-magica-rokr-lk703c-266	0	7	0	8.57
https://es.robotoys.eu/concurso-de-rompecabezas/marble-night-city-rokr-lga01-2	0	2	0	6
https://es.robotoys.eu/concurso-de-rompecabezas/marmol-parkour-rokr-lg501-42	0	7	0	9.86
https://es.robotoys.eu/concurso-de-rompecabezas/mini-pistola-rokr-lq502-147	0	1	0	9
https://es.robotoys.eu/concurso-de-rompecabezas/modelo-de-camion-pesado-rokr-mc502-27	0	3	0	14
https://es.robotoys.eu/concurso-de-rompecabezas/modelo-de-locomotora-de-vapor-rokr-mc501-13	0	6	0	5.67
https://es.robotoys.eu/concurso-de-rompecabezas/modelo-triplano-rolife-tg301-46	0	2	0	12.5
https://es.robotoys.eu/concurso-de-rompecabezas/motocicleta-speedtail-morada-little-story-e020p-242	0	1	0	10
https://es.robotoys.eu/concurso-de-rompecabezas/motor-de-vapor-rokr-lka01-104	0	1	0	21
https://es.robotoys.eu/concurso-de-rompecabezas/motorcycle-speedtail-little-story-e020-172	0	1	0	30
https://es.robotoys.eu/concurso-de-rompecabezas/nenufares-brillantes-rowood-th001-192	0	1	0	8
https://es.robotoys.eu/concurso-de-rompecabezas/orquidea-mariposa-morada-rowood-tw091-194	0	1	0	9
https://es.robotoys.eu/concurso-de-rompecabezas/pagoda-de-cinco-pisos-rolife-tgn02-45	0	5	0	5.6
https://es.robotoys.eu/concurso-de-rompecabezas/pista-de-marmol-de-londres-rokr-egb01-264	0	3	0	5
https://es.robotoys.eu/concurso-de-rompecabezas/plato-giratorio-diva-rokr-amk82-267	0	1	0	5
https://es.robotoys.eu/concurso-de-rompecabezas/reloj-de-cuco-rokr-lc901c-198	0	1	0	10
https://es.robotoys.eu/concurso-de-rompecabezas/revolver-corsac-m60-rokr-lq401-35	0	2	0	7
https://es.robotoys.eu/concurso-de-rompecabezas/rifle-ak-47-rokr-lq901-67	0	2	0	6
https://es.robotoys.eu/concurso-de-rompecabezas/rincon-de-fantasia-magica-rolife-tgb14-221	0	2	0	19
https://es.robotoys.eu/concurso-de-rompecabezas/rueda-de-la-fortuna-rolife-tgn01-18	0	6	0	7.33
https://es.robotoys.eu/concurso-de-rompecabezas/sakura-bonsai-rolife-tg415-142	0	22	0	7.77
https://es.robotoys.eu/concurso-de-rompecabezas/sakura-densya-rolife-tgb01-29	0	4	0	11.75
https://es.robotoys.eu/concurso-de-rompecabezas/sakura-rowood-tw101-195	0	1	0	8
https://es.robotoys.eu/concurso-de-rompecabezas/sakura-treehouse-rolife-tgs04-201	0	8	0	9
https://es.robotoys.eu/concurso-de-rompecabezas/supercar-eco-wood-art-215	0	1	0	2
https://es.robotoys.eu/concurso-de-rompecabezas/syrena-105-little-story-e004-96	0	1	0	32
https://es.robotoys.eu/concurso-de-rompecabezas/telescopio-monocular-rokr-st004-8	0	2	0	8.5
https://es.robotoys.eu/concurso-de-rompecabezas/transbordador-espacial-rokr-lka02-253	0	18	0	6.06
https://es.robotoys.eu/concurso-de-rompecabezas/tranvia-historico-rolife-tg505-40	0	1	0	10
https://es.robotoys.eu/concurso-de-rompecabezas/tulipan-naranja-rowood-tw081-145	0	1	0	8
https://es.robotoys.eu/concurso-de-rompecabezas/velociraptor-rokr-ld01-220	0	6	0	8.33
https://es.robotoys.eu/concurso-de-rompecabezas/viaje-al-pais-de-las-maravillas-rolife-tgb12-165	0	1	0	4
https://es.robotoys.eu/concurso-de-rompecabezas/violin-capriccio-rokr-tg604k-66	0	1	0	2
https://es.robotoys.eu/concurso-de-rompecabezas/yate-little-story-d015-129	0	2	0	4.5
https://es.robotoys.eu/el-ultimo-rompecabezas-3d-de-madera	0	1	0	7
https://es.robotoys.eu/enlaces-utiles/acerca-de-la-compania	0	11	0	2
https://es.robotoys.eu/enlaces-utiles/acerca-de-la-compania/sobre-nosotros	0	28	0	4.11
https://es.robotoys.eu/enlaces-utiles/preguntas-frecuentes	0	3	0	6.33
https://es.robotoys.eu/enlaces-utiles/todo-sobre-compras/privacidad	0	3	0	7.67
https://es.robotoys.eu/ideas-de-regalo	0	13	0	1.62
https://es.robotoys.eu/ideas-de-regalo/regalos-de-cumpleanos	0	3	0	1
https://es.robotoys.eu/ideas-de-regalo/regalos-para-el	0	13	0	2.54
https://es.robotoys.eu/ideas-de-regalo/regalos-para-la-decoracion	0	1	0	71
https://es.robotoys.eu/ideas-de-regalo/regalos-para-navidad	0	1	0	8
https://es.robotoys.eu/ideas-de-regalo/regalos-para-ninos	0	8	0	3.12
https://es.robotoys.eu/las-casas-en-miniatura-mas-baratas	0	9	0	6.56
https://es.robotoys.eu/las-casas-en-miniatura-mas-caras	0	3	0	4.33
https://es.robotoys.eu/las-casas-en-miniatura-mas-populares	0	8	0	7.75
https://es.robotoys.eu/las-casas-en-miniatura-mas-vendidas	0	1	0	3
https://es.robotoys.eu/las-ultimas-casas-en-miniatura	0	1	0	4
https://es.robotoys.eu/los-productos-de-la-marca-rolife-mejor-valorados	0	12	0	5.67
https://es.robotoys.eu/los-productos-mas-baratos-de-la-marca-rolife	0	14	0	4.64
https://es.robotoys.eu/los-productos-mas-caros-de-la-marca-rokr	0	5	0	3.6
https://es.robotoys.eu/los-productos-mas-populares-de-la-marca-rokr	0	4	0	8
https://es.robotoys.eu/los-productos-mas-populares-de-la-marca-rolife	0	1	0	1
https://es.robotoys.eu/los-productos-mejor-valorados-de-la-marca-rokr	0	2	0	9
https://es.robotoys.eu/los-regalos-de-cumpleanos-mas-baratos	0	1	0	12
https://es.robotoys.eu/los-regalos-de-cumpleanos-mas-caros	0	14	0	8.36
https://es.robotoys.eu/los-regalos-mas-baratos-para-decoracion	0	4	0	50.75
https://es.robotoys.eu/los-regalos-mas-baratos-para-hombres-y-ninos	0	2	0	21
https://es.robotoys.eu/los-regalos-mas-caros-para-decoracion	0	1	0	12
https://es.robotoys.eu/los-regalos-mas-caros-para-hombres-y-ninos	0	3	0	15.67
https://es.robotoys.eu/los-regalos-mas-caros-para-mujeres-y-ninas	0	1	0	23
https://es.robotoys.eu/los-regalos-mas-caros-para-navidad	0	1	0	8
https://es.robotoys.eu/los-ultimos-productos-de-la-marca-rokr	0	7	0	7.71
https://es.robotoys.eu/marcas	0	21	0	1.05
https://es.robotoys.eu/marcas/eco-wood-art	0	9	0	6.33
https://es.robotoys.eu/marcas/little-story	0	5	0	5
https://es.robotoys.eu/productos-de-la-marca-rokr-a-la-venta	0	4	0	7
https://es.robotoys.eu/productos-de-la-marca-rolife-en-oferta	0	17	0	13.06
https://es.robotoys.eu/puzle-3d-de-madera-dificultad-media	0	8	0	7.25
https://es.robotoys.eu/regalos-mejor-valorados-para-mujeres-y-ninas?page=3	0	1	0	29
https://es.robotoys.eu/regalos-para-decoracion-en-oferta	0	1	0	10
https://es.robotoys.eu/rompecabezas-3d-de-madera-100-a-149-piezas	0	1	0	6
https://es.robotoys.eu/rompecabezas-3d-de-madera-150-a-199-piezas	0	1	0	10
https://es.robotoys.eu/rompecabezas-3d-de-madera-200-a-299-piezas	0	1	0	7
https://es.robotoys.eu/rompecabezas-3d-de-madera-dificultad-facil	0	5	0	7.6
https://es.robotoys.eu/rompecabezas-3d-de-madera-en-accion	0	6	0	5.5
https://es.robotoys.eu/rompecabezas-3d-de-madera-menos-de-100-piezas	0	1	0	12
https://es.robotoys.eu/rompecabezas-3d-de-madera-tiempo-de-montaje-de-1-a-3-horas	0	10	0	8.6
https://es.robotoys.eu/rompecabezas-3d-de-madera-tiempo-de-montaje-hasta-1-hora	0	4	0	12
https://es.robotoys.eu/rompecabezas-3d-de-madera/armas/canon-de-asedio-rokr-kw801-p51	0	3	0	3.33
https://es.robotoys.eu/rompecabezas-3d-de-madera/armas/maquina-de-asedio-balista-rokr-kw401-p15	0	10	0	11.3
https://es.robotoys.eu/rompecabezas-3d-de-madera/armas/revolver-corsac-m60-rokr-lq401-p35	0	5	0	7.8
https://es.robotoys.eu/rompecabezas-3d-de-madera/armas/rompecabezas-mecanico-3d-de-madera-ametralladora-con-canon-giratorio-rokr-lqa01-p218	0	5	0	25.4
https://es.robotoys.eu/rompecabezas-3d-de-madera/armas/rompecabezas-mecanico-3d-de-madera-canon-antiaereo-rokr-lqm01-p255	0	8	0	5.75
https://es.robotoys.eu/rompecabezas-3d-de-madera/armas/rompecabezas-mecanico-3d-de-madera-mini-pistola-rokr-lq502-p147	0	76	0	3.43
https://es.robotoys.eu/rompecabezas-3d-de-madera/armas/terminator-m870-rokr-lq501-p36	0	18	0	6.28
https://es.robotoys.eu/rompecabezas-3d-de-madera/armas/thompson-rokr-lqb01-p74	0	44	0	4.73
https://es.robotoys.eu/rompecabezas-3d-de-madera/arquitectura/maqueta-de-la-torre-eiffel-rolife-tg501-p17	0	66	0	3.35
https://es.robotoys.eu/rompecabezas-3d-de-madera/arquitectura/maqueta-de-la-torre-inclinada-de-pisa-rolife-tg304-p37	0	23	0	8.78
https://es.robotoys.eu/rompecabezas-3d-de-madera/arquitectura/puzzle-3d-de-madera-arco-de-la-victoria-rolife-tg502-p47	0	2	0	6
https://es.robotoys.eu/rompecabezas-3d-de-madera/arquitectura/puzzle-3d-de-madera-catedral-de-notre-dame-little-story-e017-p127	0	121	0	5.4
https://es.robotoys.eu/rompecabezas-3d-de-madera/arquitectura/puzzle-3d-de-madera-puerta-de-brandenburgo-little-story-e015-p125	0	49	0	5.86
https://es.robotoys.eu/rompecabezas-3d-de-madera/arquitectura/rompecabezas-3d-de-madera-biblioteca-junto-al-mar-p261	0	20	0	9.85
https://es.robotoys.eu/rompecabezas-3d-de-madera/arquitectura/rompecabezas-3d-de-madera-catedral-de-paris-rowood-tg511-p224	0	7	0	14.29
https://es.robotoys.eu/rompecabezas-3d-de-madera/arquitectura/rompecabezas-3d-de-madera-libreria-en-un-antiguo-callejon-p262	0	2	0	10
https://es.robotoys.eu/rompecabezas-3d-de-madera/arquitectura/rompecabezas-3d-de-madera-mini-chalet-de-montana-con-estructura-en-a-rolife-dg181-p227	0	9	0	3.11
https://es.robotoys.eu/rompecabezas-3d-de-madera/arquitectura/rompecabezas-3d-de-madera-opera-de-sidney-little-story-e028-p238	0	6	0	1.33
https://es.robotoys.eu/rompecabezas-3d-de-madera/arquitectura/rompecabezas-3d-de-madera-sakura-treehouse-rolife-tgs04-p201	0	12	0	9
https://es.robotoys.eu/rompecabezas-3d-de-madera/arquitectura/rompecabezas-mecanico-3d-de-madera-molino-de-viento-eco-wood-art-p154	0	19	0	8.37
https://es.robotoys.eu/rompecabezas-3d-de-madera/arquitectura/rompecabezas-mecanico-3d-de-madera-pista-de-marmol-de-londres-rokr-egb01-p264	0	6	0	5.67
https://es.robotoys.eu/rompecabezas-3d-de-madera/cajas-de-musica	0	10	0	8.6
https://es.robotoys.eu/rompecabezas-3d-de-madera/cajas-de-musica/caja-de-musica-noche-estrellada-rokr-amk51-p11	0	50	0	3.82
https://es.robotoys.eu/rompecabezas-3d-de-madera/cajas-de-musica/caja-de-musica-swing-ride-rokr-ea02-p4	0	20	0	11.95
https://es.robotoys.eu/rompecabezas-3d-de-madera/cajas-de-musica/carnaval-al-atardecer-rolife-amt01-p79	0	3	0	20.33
https://es.robotoys.eu/rompecabezas-3d-de-madera/cajas-de-musica/carrusel-romantico-rokr-amk62-p77	0	69	0	4.57
https://es.robotoys.eu/rompecabezas-3d-de-madera/cajas-de-musica/linterna-victoriana-rokr-amk61-p80	0	2	0	4
https://es.robotoys.eu/rompecabezas-3d-de-madera/cajas-de-musica/puzzle-3d-mecanico-de-madera-arbol-de-navidad-melodico-rolife-ams01-p138	0	59	0	5.31
https://es.robotoys.eu/rompecabezas-3d-de-madera/cajas-de-musica/puzzle-3d-mecanico-de-madera-mueble-de-juego-orpheus-rokr-am601-p82	0	11	0	3.36
https://es.robotoys.eu/rompecabezas-3d-de-madera/cajas-de-musica/rompecabezas-mecanico-3d-de-madera-arpa-magica-rokr-amk71-p254	0	19	0	4.05
https://es.robotoys.eu/rompecabezas-3d-de-madera/cajas-de-musica/rompecabezas-mecanico-3d-de-madera-carrusel-clasico-rolife-amc01-p146	0	43	0	7.86
https://es.robotoys.eu/rompecabezas-3d-de-madera/cajas-de-musica/rompecabezas-mecanico-3d-de-madera-plato-giratorio-diva-rokr-amk82-p267	0	2	0	6
https://es.robotoys.eu/rompecabezas-3d-de-madera/cajas-de-musica/rompecabezas-mecanico-3d-de-madera-sakura-dreamy-tour-rolife-amt02-p219	0	15	0	4.33
https://es.robotoys.eu/rompecabezas-3d-de-madera/cajas-de-musica/rompecabezas-mecanico-3d-de-madera-sinfonia-de-hermosos-suenos-rokr-amk63m-p211	0	6	0	5.67
https://es.robotoys.eu/rompecabezas-3d-de-madera/cajas-de-musica/rueda-de-la-fortuna-rolife-tgn01-p18	0	9	0	6
https://es.robotoys.eu/rompecabezas-3d-de-madera/cajas-de-musica/tocadiscos-electrico-rokr-lkb01d-p68	0	46	0	5.63
https://es.robotoys.eu/rompecabezas-3d-de-madera/el-universo	0	3	0	5.67
https://es.robotoys.eu/rompecabezas-3d-de-madera/el-universo/rompecabezas-3d-mecanico-de-madera-coche-con-energia-solar-harbinger-rover-rokr-ls402-p14	0	6	0	5.5
https://es.robotoys.eu/rompecabezas-3d-de-madera/el-universo/rompecabezas-mecanico-3d-de-madera-transbordador-espacial-rokr-lka02-p253	0	35	0	9.37
https://es.robotoys.eu/rompecabezas-3d-de-madera/el-universo/telescopio-monocular-rokr-st004-p8	0	112	0	5.74
https://es.robotoys.eu/rompecabezas-3d-de-madera/flores/puzzle-3d-de-madera-camelia-roja-rowood-tw031-p102	0	6	0	2.83
https://es.robotoys.eu/rompecabezas-3d-de-madera/flores/puzzle-3d-de-madera-clavel-rojo-rowood-tw052-p112	0	2	0	29
https://es.robotoys.eu/rompecabezas-3d-de-madera/flores/puzzle-3d-de-madera-clavel-rosa-rowood-tw051-p110	0	3	0	6
https://es.robotoys.eu/rompecabezas-3d-de-madera/flores/puzzle-3d-de-madera-girasol-rowood-tw011-p113	0	19	0	7.63
https://es.robotoys.eu/rompecabezas-3d-de-madera/flores/puzzle-3d-de-madera-lila-rowood-tw021-p103	0	5	0	5.4
https://es.robotoys.eu/rompecabezas-3d-de-madera/flores/puzzle-3d-de-madera-lirio-rosa-rowood-tw071-p144	0	19	0	4.74
https://es.robotoys.eu/rompecabezas-3d-de-madera/flores/puzzle-3d-de-madera-manzanilla-rowood-tw061-p109	0	8	0	4.25
https://es.robotoys.eu/rompecabezas-3d-de-madera/flores/puzzle-3d-de-madera-ramo-de-flores-rowood-tw01h-p100	0	57	0	6.84
https://es.robotoys.eu/rompecabezas-3d-de-madera/flores/puzzle-3d-de-madera-rosa-roja-rowood-tw042-p101	0	14	0	4.21
https://es.robotoys.eu/rompecabezas-3d-de-madera/flores/puzzle-3d-de-madera-rosa-rosa-rowood-tw041-p111	0	41	0	6.27
https://es.robotoys.eu/rompecabezas-3d-de-madera/flores/puzzle-3d-de-madera-tulipan-naranja-rowood-tw081-p145	0	2	0	9.5
https://es.robotoys.eu/rompecabezas-3d-de-madera/flores/rompecabezas-3d-de-madera-bonsai-de-pino-perenne-rolife-tg510-p143	0	5	0	6.4
https://es.robotoys.eu/rompecabezas-3d-de-madera/flores/rompecabezas-3d-de-madera-cesta-de-flores-de-madera-rowood-tw03h-p210	0	8	0	4.38
https://es.robotoys.eu/rompecabezas-3d-de-madera/flores/rompecabezas-3d-de-madera-ciervo-junto-a-un-lago-de-montana-p260	0	2	0	3
https://es.robotoys.eu/rompecabezas-3d-de-madera/flores/rompecabezas-3d-de-madera-colibri-en-un-jardin-florido-p259	0	4	0	3.75
https://es.robotoys.eu/rompecabezas-3d-de-madera/flores/rompecabezas-3d-de-madera-dalia-rosa-rowood-tw131-p252	0	4	0	15.5
https://es.robotoys.eu/rompecabezas-3d-de-madera/flores/rompecabezas-3d-de-madera-flor-de-pascua-rowood-tf001-p222	0	3	0	1.67
https://es.robotoys.eu/rompecabezas-3d-de-madera/flores/rompecabezas-3d-de-madera-gerbera-naranja-claro-rowood-tw111-p196	0	16	0	12.75
https://es.robotoys.eu/rompecabezas-3d-de-madera/flores/rompecabezas-3d-de-madera-girasol-dorado-rowood-th002-p193	0	7	0	3.43
https://es.robotoys.eu/rompecabezas-3d-de-madera/flores/rompecabezas-3d-de-madera-iris-morado-rowood-tw121-p251	0	4	0	17.5
https://es.robotoys.eu/rompecabezas-3d-de-madera/flores/rompecabezas-3d-de-madera-jardinera-de-madera-rowood-tw02h-p162	0	5	0	18
https://es.robotoys.eu/rompecabezas-3d-de-madera/flores/rompecabezas-3d-de-madera-libro-de-flores-de-madera-rowood-tw04h-p228	0	4	0	2.75
https://es.robotoys.eu/rompecabezas-3d-de-madera/flores/rompecabezas-3d-de-madera-nenufares-bajo-un-puente-de-jardin-p258	0	1	0	1
https://es.robotoys.eu/rompecabezas-3d-de-madera/flores/rompecabezas-3d-de-madera-orquidea-mariposa-morada-rowood-tw091-p194	0	8	0	4.75
https://es.robotoys.eu/rompecabezas-3d-de-madera/flores/rompecabezas-3d-de-madera-playa-soleada-con-faro-p263	0	4	0	20.75
https://es.robotoys.eu/rompecabezas-3d-de-madera/flores/rompecabezas-3d-de-madera-tulipan-rosa-rowood-tw082-p161	0	12	0	4.92
https://es.robotoys.eu/rompecabezas-3d-de-madera/instrumentos-musicales/acordeon-rolife-tg410-p41	0	10	0	7.7
https://es.robotoys.eu/rompecabezas-3d-de-madera/instrumentos-musicales/guitarra-electrica-modelo-rokr-tg605k-p33	0	27	0	5.78
https://es.robotoys.eu/rompecabezas-3d-de-madera/instrumentos-musicales/rompecabezas-3d-de-madera-piano-de-cola-rolife-tg402-p200	0	16	0	5.69
https://es.robotoys.eu/rompecabezas-3d-de-madera/instrumentos-musicales/violin-capriccio-rokr-tg604k-p66	0	13	0	11.15
https://es.robotoys.eu/rompecabezas-3d-de-madera/los-animales	0	1	0	9
https://es.robotoys.eu/rompecabezas-3d-de-madera/los-animales/puzzle-3d-de-madera-abeja-little-story-d001-p128	0	31	0	3.52
https://es.robotoys.eu/rompecabezas-3d-de-madera/los-animales/puzzle-3d-de-madera-buho-little-story-d009-p132	0	14	0	4.5
https://es.robotoys.eu/rompecabezas-3d-de-madera/los-animales/puzzle-3d-de-madera-canguro-little-story-d014-p122	0	33	0	6.91
https://es.robotoys.eu/rompecabezas-3d-de-madera/los-animales/puzzle-3d-de-madera-elefante-little-story-d012-p120	0	20	0	10
https://es.robotoys.eu/rompecabezas-3d-de-madera/los-animales/puzzle-3d-de-madera-flamingo-little-story-d007-p116	0	18	0	2.83
https://es.robotoys.eu/rompecabezas-3d-de-madera/los-animales/puzzle-3d-de-madera-jirafa-little-story-d013-p121	0	39	0	6.82
https://es.robotoys.eu/rompecabezas-3d-de-madera/los-animales/puzzle-3d-de-madera-parasaurus-little-story-d008-p117	0	39	0	4.46
https://es.robotoys.eu/rompecabezas-3d-de-madera/los-animales/puzzle-3d-de-madera-stegosaurus-little-story-d010-p118	0	4	0	4.75
https://es.robotoys.eu/rompecabezas-3d-de-madera/los-animales/puzzle-3d-de-madera-t-rex-little-story-d006-p115	0	14	0	4.71
https://es.robotoys.eu/rompecabezas-3d-de-madera/los-animales/rompecabezas-mecanico-3d-de-madera-velociraptor-rokr-ld01-p220	0	19	0	7.63
https://es.robotoys.eu/rompecabezas-3d-de-madera/relojes-y-calendarios/calendario-perpetuo-rokr-lk201-p55	0	19	0	4.53
https://es.robotoys.eu/rompecabezas-3d-de-madera/relojes-y-calendarios/puzzle-3d-de-madera-calendario-de-mesa-rokr-lc801-p44	0	6	0	4
https://es.robotoys.eu/rompecabezas-3d-de-madera/relojes-y-calendarios/reloj-de-pared-zodiac-rokr-lc601-p52	0	121	0	7.99
https://es.robotoys.eu/rompecabezas-3d-de-madera/relojes-y-calendarios/rompecabezas-mecanico-3d-de-madera-reloj-de-cuco-color-madera-rokr-lc901-p217	0	2	0	3.5
https://es.robotoys.eu/rompecabezas-3d-de-madera/stem-lab/caja-de-seguridad-rokr-lk502-p57	0	18	0	5.11
https://es.robotoys.eu/rompecabezas-3d-de-madera/stem-lab/marble-night-city-rokr-lga01-p2	0	53	0	4.75
https://es.robotoys.eu/rompecabezas-3d-de-madera/stem-lab/pinball-rokr-eg01-p43	0	42	0	8.64
https://es.robotoys.eu/rompecabezas-3d-de-madera/stem-lab/proyector-de-cine-vitascope-rokr-lk601-p5	0	23	0	7.35
https://es.robotoys.eu/rompecabezas-3d-de-madera/stem-lab/puzzle-3d-mecanico-de-madera-motor-de-vapor-rokr-lka01-p104	0	9	0	6.56
https://es.robotoys.eu/rompecabezas-3d-de-madera/stem-lab/rompecabezas-3d-de-madera-telefono-retro-eco-wood-art-p156	0	22	0	7.86
https://es.robotoys.eu/rompecabezas-3d-de-madera/stem-lab/rompecabezas-mecanico-3d-de-madera-desafio-de-la-bola-de-engranajes-rokr-egc01-p213	0	40	0	4.72
https://es.robotoys.eu/rompecabezas-3d-de-madera/stem-lab/rompecabezas-mecanico-3d-de-madera-maquina-de-escribir-eco-wood-art-p158	0	49	0	6.51
https://es.robotoys.eu/rompecabezas-3d-de-madera/stem-lab/rompecabezas-mecanico-3d-de-madera-maquina-de-escribir-mecanica-version-clasica-rokr-lk703b-p265	0	14	0	11.14
https://es.robotoys.eu/rompecabezas-3d-de-madera/stem-lab/rompecabezas-mecanico-3d-de-madera-maquina-de-escribir-mecanica-version-magica-rokr-lk703c-p266	0	10	0	6.6
https://es.robotoys.eu/rompecabezas-3d-de-madera/vehiculos/camion-volquete-modelo-rokr-tg603k-p34	0	11	0	4.64
https://es.robotoys.eu/rompecabezas-3d-de-madera/vehiculos/coche-antiguo-rokr-mc801-p72	0	18	0	6.28
https://es.robotoys.eu/rompecabezas-3d-de-madera/vehiculos/dirigible-modelo-rolife-tg407-p22	0	36	0	4.61
https://es.robotoys.eu/rompecabezas-3d-de-madera/vehiculos/globo-aerostatico-rolife-tg406-p84	0	109	0	2.95
https://es.robotoys.eu/rompecabezas-3d-de-madera/vehiculos/locomotora-rokr-lk701-p7	0	40	0	5.9
https://es.robotoys.eu/rompecabezas-3d-de-madera/vehiculos/modelo-de-coche-grand-prix-rokr-mc401-p16	0	23	0	4.78
https://es.robotoys.eu/rompecabezas-3d-de-madera/vehiculos/modelo-de-excavadora-rokr-tg509k-p32	0	7	0	1.29
https://es.robotoys.eu/rompecabezas-3d-de-madera/vehiculos/modelo-de-velero-rolife-tg305-p21	0	53	0	3.72
https://es.robotoys.eu/rompecabezas-3d-de-madera/vehiculos/modelo-triplano-rolife-tg301-p46	0	45	0	2.71
https://es.robotoys.eu/rompecabezas-3d-de-madera/vehiculos/modelo-veterano-rolife-tg504-p53	0	46	0	3.52
https://es.robotoys.eu/rompecabezas-3d-de-madera/vehiculos/moto-cruiser-rokr-lk504-p12	0	61	0	4.05
https://es.robotoys.eu/rompecabezas-3d-de-madera/vehiculos/puzzle-3d-de-madera-autobus-turistico-de-londres-rolife-tgm02-p106	0	51	0	4.86
https://es.robotoys.eu/rompecabezas-3d-de-madera/vehiculos/puzzle-3d-de-madera-avion-little-story-d016-p130	0	56	0	4.7
https://es.robotoys.eu/rompecabezas-3d-de-madera/vehiculos/puzzle-3d-de-madera-bat-chatillon-bourrasque-little-story-wot04-p134	0	7	0	7.29
https://es.robotoys.eu/rompecabezas-3d-de-madera/vehiculos/puzzle-3d-de-madera-carretilla-elevadora-modelo-rokr-tg413k-p48	0	1	0	3
https://es.robotoys.eu/rompecabezas-3d-de-madera/vehiculos/puzzle-3d-de-madera-carro-real-rolife-tg302-p62	0	51	0	3.57
https://es.robotoys.eu/rompecabezas-3d-de-madera/vehiculos/puzzle-3d-de-madera-cilindro-de-carretera-modelo-rokr-tg701k-p49	0	11	0	5.55
https://es.robotoys.eu/rompecabezas-3d-de-madera/vehiculos/puzzle-3d-de-madera-crucero-rolife-tg306-p87	0	11	0	3.64
https://es.robotoys.eu/rompecabezas-3d-de-madera/vehiculos/puzzle-3d-de-madera-fiat-125p-little-story-e002-p94	0	6	0	5
https://es.robotoys.eu/rompecabezas-3d-de-madera/vehiculos/puzzle-3d-de-madera-helicoptero-little-story-d017-p131	0	14	0	11.79
https://es.robotoys.eu/rompecabezas-3d-de-madera/vehiculos/puzzle-3d-de-madera-jeep-militar-modelo-rokr-mc701-p54	0	9	0	3.78
https://es.robotoys.eu/rompecabezas-3d-de-madera/vehiculos/puzzle-3d-de-madera-locomotora-little-story-e012-p124	0	10	0	2.4
https://es.robotoys.eu/rompecabezas-3d-de-madera/vehiculos/puzzle-3d-de-madera-polonez-1500-little-story-e003-p95	0	7	0	19.14
https://es.robotoys.eu/rompecabezas-3d-de-madera/vehiculos/puzzle-3d-de-madera-syrena-105-little-story-e004-p96	0	1	0	14
https://es.robotoys.eu/rompecabezas-3d-de-madera/vehiculos/puzzle-3d-de-madera-tanque-t-34-85-little-story-wot02-p135	0	25	0	7.24
https://es.robotoys.eu/rompecabezas-3d-de-madera/vehiculos/puzzle-3d-de-madera-tigre-i-little-story-wot03-p136	0	36	0	11.42
https://es.robotoys.eu/rompecabezas-3d-de-madera/vehiculos/puzzle-3d-de-madera-warszawa-m20-little-story-e006-p98	0	2	0	9.5
https://es.robotoys.eu/rompecabezas-3d-de-madera/vehiculos/puzzle-3d-de-madera-yate-little-story-d015-p129	0	1	0	5
https://es.robotoys.eu/rompecabezas-3d-de-madera/vehiculos/puzzle-3d-mecanico-de-madera-stagecoach-rokr-amka1-p99	0	1	0	8
https://es.robotoys.eu/rompecabezas-3d-de-madera/vehiculos/puzzle-de-madera-3d-moto-de-carreras-little-story-e019-p171	0	150	0	5.38
https://es.robotoys.eu/rompecabezas-3d-de-madera/vehiculos/puzzle-mecanico-3d-de-madera-coche-de-carreras-rokr-lk505-p141	0	58	0	6.17
https://es.robotoys.eu/rompecabezas-3d-de-madera/vehiculos/rompecabezas-3d-de-madera-ambulancia-eco-wood-art-p203	0	16	0	7.5
https://es.robotoys.eu/rompecabezas-3d-de-madera/vehiculos/rompecabezas-3d-de-madera-autobus-little-story-d002-p166	0	8	0	8.62
https://es.robotoys.eu/rompecabezas-3d-de-madera/vehiculos/rompecabezas-3d-de-madera-barco-de-pesca-modelo-rolife-tg308-p38	0	46	0	4.3
https://es.robotoys.eu/rompecabezas-3d-de-madera/vehiculos/rompecabezas-3d-de-madera-barco-de-vela-djong-eco-wood-art-p232	0	11	0	6.45
https://es.robotoys.eu/rompecabezas-3d-de-madera/vehiculos/rompecabezas-3d-de-madera-buque-diplomatico-japones-rolife-tg307-p199	0	46	0	6.17
https://es.robotoys.eu/rompecabezas-3d-de-madera/vehiculos/rompecabezas-3d-de-madera-camion-little-story-d004-p168	0	28	0	2.04
https://es.robotoys.eu/rompecabezas-3d-de-madera/vehiculos/rompecabezas-3d-de-madera-camion-volquete-de-movimiento-de-tierras-moaz-75053-eco-wood-art-p235	0	3	0	10
https://es.robotoys.eu/rompecabezas-3d-de-madera/vehiculos/rompecabezas-3d-de-madera-chopper-yankee-gris-little-story-e024g-p249	0	5	0	2
https://es.robotoys.eu/rompecabezas-3d-de-madera/vehiculos/rompecabezas-3d-de-madera-chopper-yankee-naranja-little-story-e024r-p250	0	6	0	2
https://es.robotoys.eu/rompecabezas-3d-de-madera/vehiculos/rompecabezas-3d-de-madera-coche-de-policia-eco-wood-art-p214	0	4	0	24.5
https://es.robotoys.eu/rompecabezas-3d-de-madera/vehiculos/rompecabezas-3d-de-madera-cortacesped-autopropulsado-cs-150c-eco-wood-art-p234	0	3	0	7
https://es.robotoys.eu/rompecabezas-3d-de-madera/vehiculos/rompecabezas-3d-de-madera-crucero-little-story-e026-p229	0	7	0	9.71
https://es.robotoys.eu/rompecabezas-3d-de-madera/vehiculos/rompecabezas-3d-de-madera-eternal-atlantic-voyager-1912-rolife-tgl02-p223	0	8	0	7
https://es.robotoys.eu/rompecabezas-3d-de-madera/vehiculos/rompecabezas-3d-de-madera-excavadora-rokr-tg508k-p197	0	14	0	2.86
https://es.robotoys.eu/rompecabezas-3d-de-madera/vehiculos/rompecabezas-3d-de-madera-hot-rod-eco-wood-art-p231	0	4	0	4.75
https://es.robotoys.eu/rompecabezas-3d-de-madera/vehiculos/rompecabezas-3d-de-madera-jeep-del-ejercito-little-story-e014-p170	0	4	0	11.75
https://es.robotoys.eu/rompecabezas-3d-de-madera/vehiculos/rompecabezas-3d-de-madera-jeep-little-story-d003-p167	0	11	0	8.91
https://es.robotoys.eu/rompecabezas-3d-de-madera/vehiculos/rompecabezas-3d-de-madera-m4a38-sherman-little-story-wot01-p137	0	9	0	12.33
https://es.robotoys.eu/rompecabezas-3d-de-madera/vehiculos/rompecabezas-3d-de-madera-motocicleta-amarilla-de-gran-premio-little-story-e021y-p244	0	1	0	3
https://es.robotoys.eu/rompecabezas-3d-de-madera/vehiculos/rompecabezas-3d-de-madera-motocicleta-comanche-roja-little-story-e023r-p248	0	3	0	12.33
https://es.robotoys.eu/rompecabezas-3d-de-madera/vehiculos/rompecabezas-3d-de-madera-motocicleta-de-carreras-verde-little-story-e019g-p240	0	1	0	7
https://es.robotoys.eu/rompecabezas-3d-de-madera/vehiculos/rompecabezas-3d-de-madera-motocicleta-roja-de-gran-premio-little-story-e021r-p243	0	2	0	5
https://es.robotoys.eu/rompecabezas-3d-de-madera/vehiculos/rompecabezas-3d-de-madera-motocicleta-speedtail-morada-little-story-e020p-p242	0	3	0	27.33
https://es.robotoys.eu/rompecabezas-3d-de-madera/vehiculos/rompecabezas-3d-de-madera-motorcycle-speedtail-little-story-e020-p172	0	13	0	2.46
https://es.robotoys.eu/rompecabezas-3d-de-madera/vehiculos/rompecabezas-3d-de-madera-patinete-blue-sting-little-story-e022b-p245	0	2	0	3
https://es.robotoys.eu/rompecabezas-3d-de-madera/vehiculos/rompecabezas-3d-de-madera-patinete-rosa-sting-little-story-e022r-p246	0	2	0	2
https://es.robotoys.eu/rompecabezas-3d-de-madera/vehiculos/rompecabezas-3d-de-madera-remolque-de-camion-volquete-road-king-eco-wood-art-p207	0	1	0	2
https://es.robotoys.eu/rompecabezas-3d-de-madera/vehiculos/rompecabezas-3d-de-madera-sakura-journey-rolife-tgs02-p105	0	6	0	5.5
https://es.robotoys.eu/rompecabezas-3d-de-madera/vehiculos/rompecabezas-3d-de-madera-semirremolque-cisterna-para-camion-road-king-eco-wood-art-p155	0	7	0	2.57
https://es.robotoys.eu/rompecabezas-3d-de-madera/vehiculos/rompecabezas-3d-de-madera-sting-scooter-little-story-e022-p174	0	6	0	33.5
https://es.robotoys.eu/rompecabezas-3d-de-madera/vehiculos/rompecabezas-3d-de-madera-tanque-amx-13-105-little-story-wot05-p177	0	47	0	3.77
https://es.robotoys.eu/rompecabezas-3d-de-madera/vehiculos/rompecabezas-3d-de-madera-tanque-char-b1-little-story-wot06-p178	0	3	0	5.67
https://es.robotoys.eu/rompecabezas-3d-de-madera/vehiculos/rompecabezas-3d-de-madera-tanque-fv4005-little-story-wot09-p236	0	19	0	6.89
https://es.robotoys.eu/rompecabezas-3d-de-madera/vehiculos/rompecabezas-3d-de-madera-tranvia-urbano-clasico-rokr-lk801-p88	0	8	0	15.12
https://es.robotoys.eu/rompecabezas-3d-de-madera/vehiculos/rompecabezas-de-madera-3d-comanche-motorcycle-little-story-e023-p175	0	2	0	4.5
https://es.robotoys.eu/rompecabezas-3d-de-madera/vehiculos/rompecabezas-de-madera-3d-motociclismo-de-gran-premio-little-story-e021-p173	0	12	0	3.67
https://es.robotoys.eu/rompecabezas-3d-de-madera/vehiculos/rompecabezas-de-madera-3d-yankee-chopper-little-story-e024-p176	0	8	0	15.62
https://es.robotoys.eu/rompecabezas-3d-de-madera/vehiculos/rompecabezas-mecanico-3d-de-madera-camion-road-king-eco-wood-art-p206	0	5	0	2.2
https://es.robotoys.eu/rompecabezas-3d-de-madera/vehiculos/rompecabezas-mecanico-3d-de-madera-camion-volquete-eco-wood-art-p205	0	6	0	6
https://es.robotoys.eu/rompecabezas-3d-de-madera/vehiculos/rompecabezas-mecanico-3d-de-madera-cargador-eco-wood-art-p204	0	3	0	1.67
https://es.robotoys.eu/rompecabezas-3d-de-madera/vehiculos/rompecabezas-mecanico-3d-de-madera-coche-de-carreras-amarillo-eco-wood-art-p151	0	48	0	6.81
https://es.robotoys.eu/rompecabezas-3d-de-madera/vehiculos/rompecabezas-mecanico-3d-de-madera-coche-de-carreras-rojo-eco-wood-art-p152	0	8	0	3
https://es.robotoys.eu/rompecabezas-3d-de-madera/vehiculos/rompecabezas-mecanico-3d-de-madera-coche-retro-eco-wood-art-p157	0	3	0	34
https://es.robotoys.eu/rompecabezas-3d-de-madera/vehiculos/rompecabezas-mecanico-3d-de-madera-cosechadora-de-granos-gh800-eco-wood-art-p160	0	2	0	1.5
https://es.robotoys.eu/rompecabezas-3d-de-madera/vehiculos/rompecabezas-mecanico-3d-de-madera-maz-5309rr-eco-wood-art-p153	0	5	0	22.4
https://es.robotoys.eu/rompecabezas-3d-de-madera/vehiculos/rompecabezas-mecanico-3d-de-madera-moto-cruiser-eco-wood-art-p150	0	48	0	2.6
https://es.robotoys.eu/rompecabezas-3d-de-madera/vehiculos/rompecabezas-mecanico-3d-de-madera-tractor-eco-wood-art-p233	0	10	0	7.6
https://es.robotoys.eu/rompecabezas-3d-de-madera/vehiculos/rompecabezas-mecanico-3d-de-madera-velero-caballito-de-mar-rokr-mcb02-p212	0	3	0	7
https://es.robotoys.eu/rompecabezas-3d-de-madera?order=discount&page=2	0	1	0	10
https://es.robotoys.eu/ultimos-regalos-de-cumpleanos	0	1	0	10
https://es.robotoys.eu/ultimos-regalos-para-ninos?page=4	0	1	0	10
https://es.robotoys.eu/venta-de-casas-en-miniatura	0	2	0	10
https://es.robotoys.eu/venta-de-productos-marca-rokr	0	5	0	5.4
https://fr.robotoys.eu/blog	0	11	0	7.73
https://fr.robotoys.eu/blog/5-avantages-des-briques-creatives-pour-le-developpement-de-la-motricite-fine-et-de-la-concentration	0	2	0	9
https://fr.robotoys.eu/blog/5-meilleurs-cadeaux-de-saint-valentin-qui-plairont-a-tout-le-monde	0	2	0	30.5
https://fr.robotoys.eu/blog/7-idees-cadeaux-irresistibles-pour-les-femmes	0	6	0	27.33
https://fr.robotoys.eu/blog/automne-2025-saison-du-slow-life-la-preuve	0	1	0	39
https://fr.robotoys.eu/blog/ce-quil-faut-savoir-avant-de-construire-des-maisons-miniatures	0	10	0	9.7
https://fr.robotoys.eu/blog/histoire-des-puzzles-en-bois-3d-des-debuts-a-nos-jours	0	21	0	11.43
https://fr.robotoys.eu/blog/petite-histoire-des-kits-de-construction-3d-qui-allient-creativite-plaisir-et-qualite	0	4	0	6
https://fr.robotoys.eu/blog/rokr-votre-entree-dans-le-monde-de-la-creativite-et-du-divertissement	0	66	0	9.52
https://fr.robotoys.eu/blog/rolife-la-beaute-de-la-slow-life-et-de-la-creativite-diy	0	3	0	8.33
https://fr.robotoys.eu/blog/tendance-tiktok-passe-temps-dopaminergique-que-signifie-t-elle-et-pourquoi-les-puzzles-sont-ils-un-choix-privilegie	0	5	0	10.6
https://fr.robotoys.eu/blog/top-5-des-activites-qui-soutiennent-le-developpement-de-la-motricite	0	5	0	6.4
https://fr.robotoys.eu/blog/un-bouquet-de-bois-ne-se-fane-jamais-decouvrez-la-magie-des-puzzles-de-fleurs-3d	0	1	0	4
https://fr.robotoys.eu/blog/un-bouquet-de-bois-qui-ne-se-fane-jamais-decouvrez-la-magie-des-puzzles-de-fleurs-3d	0	4	0	10.75
https://fr.robotoys.eu/blog/un-cadeau-ideal-pour-le-developpement-de-la-creativite-et-la-patience	0	1	0	1
https://fr.robotoys.eu/blog/un-cadeau-pour-lhomme-qui-a-deja-tout-24-astuces-originales-qui-le-surprendront-vraiment	0	4	0	13.25
https://fr.robotoys.eu/blog/world-of-tanks-disponible-des-maintenant	0	7	0	8.43
https://fr.robotoys.eu/casse-tete-3d-en-bois	0	18	0	27.72
https://fr.robotoys.eu/casse-tete-3d-en-bois/architecture	0	44	0	6.75
https://fr.robotoys.eu/casse-tete-3d-en-bois/architecture/maquette-de-la-tour-penchee-de-pise-rolife-tg304-p37	0	15	0	3.67
https://fr.robotoys.eu/casse-tete-3d-en-bois/architecture/modele-big-ben-avec-eclairage-led-rolife-tg507-p20	0	61	0	4.77
https://fr.robotoys.eu/casse-tete-3d-en-bois/architecture/modele-tower-bridge-avec-eclairage-led-rolife-tg412-p19	0	7	0	8.43
https://fr.robotoys.eu/casse-tete-3d-en-bois/architecture/pagode-a-cinq-etages-rolife-tgn02-p45	0	26	0	6.88
https://fr.robotoys.eu/casse-tete-3d-en-bois/architecture/puzzle-3d-en-bois-bibliotheque-en-bord-de-mer-p261	0	7	0	11.57
https://fr.robotoys.eu/casse-tete-3d-en-bois/architecture/puzzle-3d-en-bois-cathedrale-de-paris-rowood-tg511-p224	0	11	0	7.36
https://fr.robotoys.eu/casse-tete-3d-en-bois/architecture/puzzle-3d-en-bois-cathedrale-notre-dame-little-story-e017-p127	0	106	0	24.18
https://fr.robotoys.eu/casse-tete-3d-en-bois/architecture/puzzle-3d-en-bois-colisee-little-story-e016-p126	0	141	0	19.74
https://fr.robotoys.eu/casse-tete-3d-en-bois/architecture/puzzle-3d-en-bois-librairie-dans-une-vieille-ruelle-p262	0	3	0	5.67
https://fr.robotoys.eu/casse-tete-3d-en-bois/architecture/puzzle-3d-en-bois-maquette-de-la-tour-penchee-de-pise-rolife-tg304-p37	0	6	0	4
https://fr.robotoys.eu/casse-tete-3d-en-bois/architecture/puzzle-3d-en-bois-pavillon-sakura-rolife-tga07-p268	0	4	0	9.25
https://fr.robotoys.eu/casse-tete-3d-en-bois/architecture/puzzle-3d-en-bois-porte-de-brandebourg-little-story-e015-p125	0	17	0	6.65
https://fr.robotoys.eu/casse-tete-3d-en-bois/architecture/puzzle-3d-en-bois-sakura-treehouse-rolife-tgs04-p201	0	16	0	7.75
https://fr.robotoys.eu/casse-tete-3d-en-bois/architecture/puzzle-3d-en-bois-tour-penchee-de-pise-little-story-e009-p114	0	6	0	6.5
https://fr.robotoys.eu/casse-tete-3d-en-bois/architecture/puzzle-mecanique-3d-en-bois-circuit-a-billes-londres-rokr-egb01-p264	0	4	0	10.5
https://fr.robotoys.eu/casse-tete-3d-en-bois/architecture/puzzle-mecanique-3d-en-bois-moulin-a-vent-eco-wood-art-p154	0	9	0	3.78
https://fr.robotoys.eu/casse-tete-3d-en-bois/armes	0	40	0	12.05
https://fr.robotoys.eu/casse-tete-3d-en-bois/armes/baliste-machine-de-siege-rokr-kw401-p15	0	2	0	5
https://fr.robotoys.eu/casse-tete-3d-en-bois/armes/fusil-ak-47-rokr-lq901-p67	0	20	0	7.9
https://fr.robotoys.eu/casse-tete-3d-en-bois/armes/puzzle-3d-mecanique-en-bois-mini-pistolet-rokr-lq502-p147	0	8	0	7.75
https://fr.robotoys.eu/casse-tete-3d-en-bois/armes/puzzle-mecanique-3d-en-bois-mitrailleuse-a-canon-rotatif-rokr-lqa01-p218	0	4	0	7
https://fr.robotoys.eu/casse-tete-3d-en-bois/armes/revolver-corsac-m60-rokr-lq401-p35	0	1	0	4
https://fr.robotoys.eu/casse-tete-3d-en-bois/armes/terminator-m870-rokr-lq501-p36	0	4	0	6.25
https://fr.robotoys.eu/casse-tete-3d-en-bois/boites-a-musique/boite-a-musique-nuit-etoilee-rokr-amk51-p11	0	21	0	7.43
https://fr.robotoys.eu/casse-tete-3d-en-bois/boites-a-musique/boite-a-musique-swing-ride-rokr-ea02-p4	0	9	0	3.22
https://fr.robotoys.eu/casse-tete-3d-en-bois/boites-a-musique/boite-a-musique-violoncelle-magique-rokr-amk63-p1	0	16	0	8.06
https://fr.robotoys.eu/casse-tete-3d-en-bois/boites-a-musique/carnaval-au-coucher-du-soleil-rolife-amt01-p79	0	4	0	8.5
https://fr.robotoys.eu/casse-tete-3d-en-bois/boites-a-musique/carrousel-romantique-rokr-amk62-p77	0	15	0	7.87
https://fr.robotoys.eu/casse-tete-3d-en-bois/boites-a-musique/grande-roue-rolife-tgn01-p18	0	5	0	5.8
https://fr.robotoys.eu/casse-tete-3d-en-bois/boites-a-musique/lanterne-victorienne-rokr-amk61-p80	0	7	0	2
https://fr.robotoys.eu/casse-tete-3d-en-bois/boites-a-musique/puzzle-3d-mecanique-en-bois-armoire-de-jeux-orpheus-rokr-am601-p82	0	10	0	5.7
https://fr.robotoys.eu/casse-tete-3d-en-bois/boites-a-musique/puzzle-3d-mecanique-en-bois-carrousel-classique-rolife-amc01-p146	0	26	0	6.69
https://fr.robotoys.eu/casse-tete-3d-en-bois/boites-a-musique/puzzle-3d-mecanique-en-bois-sapin-de-noel-melodique-rolife-ams01-p138	0	32	0	4.41
https://fr.robotoys.eu/casse-tete-3d-en-bois/boites-a-musique/puzzle-mecanique-3d-en-bois-harpe-magique-rokr-amk71-p254	0	7	0	3.86
https://fr.robotoys.eu/casse-tete-3d-en-bois/boites-a-musique/puzzle-mecanique-3d-en-bois-platine-diva-rokr-amk82-p267	0	2	0	11.5
https://fr.robotoys.eu/casse-tete-3d-en-bois/boites-a-musique/puzzle-mecanique-3d-en-bois-sakura-dreamy-tour-rolife-amt02-p219	0	8	0	3.75
https://fr.robotoys.eu/casse-tete-3d-en-bois/boites-a-musique/puzzle-mecanique-3d-en-bois-symphonie-de-beaux-reves-rokr-amk63m-p211	0	2	0	9
https://fr.robotoys.eu/casse-tete-3d-en-bois/boites-a-musique/tourne-disque-electrique-rokr-lkb01d-p68	0	165	0	24.67
https://fr.robotoys.eu/casse-tete-3d-en-bois/fleurs/puzzle-3d-en-bois-bouquet-de-fleurs-rowood-tw01h-p100	0	6	0	9.5
https://fr.robotoys.eu/casse-tete-3d-en-bois/fleurs/puzzle-3d-en-bois-camelia-rouge-rowood-tw031-p102	0	11	0	7.45
https://fr.robotoys.eu/casse-tete-3d-en-bois/fleurs/puzzle-3d-en-bois-camomille-rowood-tw061-p109	0	2	0	5
https://fr.robotoys.eu/casse-tete-3d-en-bois/fleurs/puzzle-3d-en-bois-cerf-au-bord-dun-lac-de-montagne-p260	0	4	0	9.5
https://fr.robotoys.eu/casse-tete-3d-en-bois/fleurs/puzzle-3d-en-bois-colibri-dans-un-jardin-fleuri-p259	0	2	0	4.5
https://fr.robotoys.eu/casse-tete-3d-en-bois/fleurs/puzzle-3d-en-bois-dahlia-rose-rowood-tw131-p252	0	1	0	5
https://fr.robotoys.eu/casse-tete-3d-en-bois/fleurs/puzzle-3d-en-bois-gerbera-orange-clair-rowood-tw111-p196	0	2	0	6.5
https://fr.robotoys.eu/casse-tete-3d-en-bois/fleurs/puzzle-3d-en-bois-iris-violet-rowood-tw121-p251	0	2	0	7.5
https://fr.robotoys.eu/casse-tete-3d-en-bois/fleurs/puzzle-3d-en-bois-lilas-rowood-tw021-p103	0	2	0	4
https://fr.robotoys.eu/casse-tete-3d-en-bois/fleurs/puzzle-3d-en-bois-lys-rose-rowood-tw071-p144	0	5	0	6
https://fr.robotoys.eu/casse-tete-3d-en-bois/fleurs/puzzle-3d-en-bois-nenuphars-scintillants-rowood-th001-p192	0	1	0	9
https://fr.robotoys.eu/casse-tete-3d-en-bois/fleurs/puzzle-3d-en-bois-nenuphars-sous-un-pont-de-jardin-p258	0	3	0	3
https://fr.robotoys.eu/casse-tete-3d-en-bois/fleurs/puzzle-3d-en-bois-oeillet-rose-rowood-tw051-p110	0	2	0	7
https://fr.robotoys.eu/casse-tete-3d-en-bois/fleurs/puzzle-3d-en-bois-oeillet-rouge-rowood-tw052-p112	0	3	0	3
https://fr.robotoys.eu/casse-tete-3d-en-bois/fleurs/puzzle-3d-en-bois-orchidee-papillon-violette-rowood-tw091-p194	0	6	0	12.83
https://fr.robotoys.eu/casse-tete-3d-en-bois/fleurs/puzzle-3d-en-bois-panier-de-fleurs-en-bois-rowood-tw03h-p210	0	1	0	9
https://fr.robotoys.eu/casse-tete-3d-en-bois/fleurs/puzzle-3d-en-bois-pin-a-feuilles-persistantes-bonsai-rolife-tg510-p143	0	18	0	5.56
https://fr.robotoys.eu/casse-tete-3d-en-bois/fleurs/puzzle-3d-en-bois-plage-ensoleillee-avec-phare-p263	0	1	0	7
https://fr.robotoys.eu/casse-tete-3d-en-bois/fleurs/puzzle-3d-en-bois-poinsettia-rowood-tf001-p222	0	1	0	8
https://fr.robotoys.eu/casse-tete-3d-en-bois/fleurs/puzzle-3d-en-bois-rose-rose-rowood-tw041-p111	0	2	0	3
https://fr.robotoys.eu/casse-tete-3d-en-bois/fleurs/puzzle-3d-en-bois-rose-rouge-rowood-tw042-p101	0	22	0	7.14
https://fr.robotoys.eu/casse-tete-3d-en-bois/fleurs/puzzle-3d-en-bois-sakura-bonsai-rolife-tg415-p142	0	12	0	6.83
https://fr.robotoys.eu/casse-tete-3d-en-bois/fleurs/puzzle-3d-en-bois-tournesol-dore-rowood-th002-p193	0	3	0	4
https://fr.robotoys.eu/casse-tete-3d-en-bois/fleurs/puzzle-3d-en-bois-tournesol-rowood-tw011-p113	0	6	0	6
https://fr.robotoys.eu/casse-tete-3d-en-bois/fleurs/puzzle-3d-en-bois-tulipe-orange-rowood-tw081-p145	0	4	0	2.25
https://fr.robotoys.eu/casse-tete-3d-en-bois/fleurs/puzzle-3d-en-bois-tulipe-rose-rowood-tw082-p161	0	3	0	4.33
https://fr.robotoys.eu/casse-tete-3d-en-bois/horloges-et-calendriers	0	1	0	12
https://fr.robotoys.eu/casse-tete-3d-en-bois/horloges-et-calendriers/calendrier-perpetuel-rokr-lk201-p55	0	3	0	11.33
https://fr.robotoys.eu/casse-tete-3d-en-bois/horloges-et-calendriers/chouette-horloge-rokr-lk503-p6	0	28	0	6.5
https://fr.robotoys.eu/casse-tete-3d-en-bois/horloges-et-calendriers/horloge-murale-romantique-rokr-lc701-p56	0	5	0	8.2
https://fr.robotoys.eu/casse-tete-3d-en-bois/horloges-et-calendriers/horloge-murale-zodiac-rokr-lc601-p52	0	11	0	10.91
https://fr.robotoys.eu/casse-tete-3d-en-bois/horloges-et-calendriers/puzzle-mecanique-3d-en-bois-horloge-a-coucou-couleur-bois-rokr-lc901-p217	0	9	0	5.56
https://fr.robotoys.eu/casse-tete-3d-en-bois/horloges-et-calendriers/puzzle-mecanique-3d-en-bois-horloge-a-coucou-rokr-lc901c-p198	0	13	0	7.85
https://fr.robotoys.eu/casse-tete-3d-en-bois/instruments-de-musique	0	8	0	12.25
https://fr.robotoys.eu/casse-tete-3d-en-bois/instruments-de-musique/accordeon-rolife-tg410-p41	0	9	0	10.56
https://fr.robotoys.eu/casse-tete-3d-en-bois/instruments-de-musique/batterie-rolife-tg409-p81	0	13	0	7.38
https://fr.robotoys.eu/casse-tete-3d-en-bois/instruments-de-musique/modele-de-guitare-electrique-rokr-tg605k-p33	0	1	0	56
https://fr.robotoys.eu/casse-tete-3d-en-bois/instruments-de-musique/puzzle-3d-en-bois-piano-a-queue-rolife-tg402-p200	0	10	0	8.3
https://fr.robotoys.eu/casse-tete-3d-en-bois/instruments-de-musique/puzzle-3d-en-bois-violoncelle-rolife-tg411-p85	0	8	0	5.88
https://fr.robotoys.eu/casse-tete-3d-en-bois/instruments-de-musique/violon-capriccio-rokr-tg604k-p66	0	17	0	8.47
https://fr.robotoys.eu/casse-tete-3d-en-bois/les-animaux/puzzle-3d-en-bois-abeille-little-story-d001-p128	0	9	0	1.67
https://fr.robotoys.eu/casse-tete-3d-en-bois/les-animaux/puzzle-3d-en-bois-chouette-little-story-d009-p132	0	1	0	1
https://fr.robotoys.eu/casse-tete-3d-en-bois/les-animaux/puzzle-3d-en-bois-elephant-little-story-d012-p120	0	10	0	6.9
https://fr.robotoys.eu/casse-tete-3d-en-bois/les-animaux/puzzle-3d-en-bois-flamingo-little-story-d007-p116	0	6	0	5
https://fr.robotoys.eu/casse-tete-3d-en-bois/les-animaux/puzzle-3d-en-bois-girafe-little-story-d013-p121	0	2	0	11
https://fr.robotoys.eu/casse-tete-3d-en-bois/les-animaux/puzzle-3d-en-bois-kangourou-little-story-d014-p122	0	2	0	8
https://fr.robotoys.eu/casse-tete-3d-en-bois/les-animaux/puzzle-3d-en-bois-lion-little-story-d011-p119	0	26	0	8.58
https://fr.robotoys.eu/casse-tete-3d-en-bois/les-animaux/puzzle-3d-en-bois-parasaurus-little-story-d008-p117	0	8	0	1
https://fr.robotoys.eu/casse-tete-3d-en-bois/les-animaux/puzzle-3d-en-bois-stegosaure-little-story-d010-p118	0	30	0	6.1
https://fr.robotoys.eu/casse-tete-3d-en-bois/les-animaux/puzzle-3d-en-bois-t-rex-little-story-d006-p115	0	17	0	2.76
https://fr.robotoys.eu/casse-tete-3d-en-bois/les-animaux/puzzle-mecanique-3d-en-bois-velociraptor-rokr-ld01-p220	0	5	0	2.6
https://fr.robotoys.eu/casse-tete-3d-en-bois/lunivers	0	3	0	8.33
https://fr.robotoys.eu/casse-tete-3d-en-bois/lunivers/globe-lumineux-rokr-st003-p3	0	57	0	15.77
https://fr.robotoys.eu/casse-tete-3d-en-bois/lunivers/puzzle-3d-mecanique-en-bois-voiture-solaire-harbinger-rover-rokr-ls402-p14	0	4	0	7.75
https://fr.robotoys.eu/casse-tete-3d-en-bois/lunivers/puzzle-mecanique-3d-en-bois-navette-spatiale-rokr-lka02-p253	0	1	0	9
https://fr.robotoys.eu/casse-tete-3d-en-bois/lunivers/systeme-solaire-rokr-st001-p71	0	6	0	8
https://fr.robotoys.eu/casse-tete-3d-en-bois/lunivers/telescope-monoculaire-rokr-st004-p8	0	14	0	6.64
https://fr.robotoys.eu/casse-tete-3d-en-bois/stem-lab	0	1	0	9
https://fr.robotoys.eu/casse-tete-3d-en-bois/stem-lab/coffre-fort-rokr-lk502-p57	0	5	0	11.4
https://fr.robotoys.eu/casse-tete-3d-en-bois/stem-lab/marble-night-city-rokr-lga01-p2	0	3	0	7
https://fr.robotoys.eu/casse-tete-3d-en-bois/stem-lab/marble-parkour-rokr-lg501-p42	0	29	0	8.31
https://fr.robotoys.eu/casse-tete-3d-en-bois/stem-lab/pinball-rokr-eg01-p43	0	49	0	11.02
https://fr.robotoys.eu/casse-tete-3d-en-bois/stem-lab/projecteur-de-cinema-vitascope-rokr-lk601-p5	0	10	0	15.8
https://fr.robotoys.eu/casse-tete-3d-en-bois/stem-lab/puzzle-3d-en-bois-telephone-retro-eco-wood-art-p156	0	18	0	5.89
https://fr.robotoys.eu/casse-tete-3d-en-bois/stem-lab/puzzle-3d-mecanique-en-bois-imprimante-classique-rokr-lk602-p90	0	23	0	4.48
https://fr.robotoys.eu/casse-tete-3d-en-bois/stem-lab/puzzle-3d-mecanique-en-bois-machine-a-vapeur-rokr-lka01-p104	0	2	0	8.5
https://fr.robotoys.eu/casse-tete-3d-en-bois/stem-lab/puzzle-mecanique-3d-en-bois-fabrique-de-cadeaux-de-reve-rokr-eab01-p202	0	14	0	6.36
https://fr.robotoys.eu/casse-tete-3d-en-bois/stem-lab/puzzle-mecanique-3d-en-bois-gear-ball-challenge-rokr-egc01-p213	0	6	0	8
https://fr.robotoys.eu/casse-tete-3d-en-bois/stem-lab/puzzle-mecanique-3d-en-bois-machine-a-ecrire-mecanique-version-classique-rokr-lk703b-p265	0	12	0	8.92
https://fr.robotoys.eu/casse-tete-3d-en-bois/stem-lab/puzzle-mecanique-3d-en-bois-machine-a-ecrire-mecanique-version-magique-rokr-lk703c-p266	0	8	0	5.12
https://fr.robotoys.eu/casse-tete-3d-en-bois/vehicules	0	4	0	7
https://fr.robotoys.eu/casse-tete-3d-en-bois/vehicules/camion-benne-modele-rokr-tg603k-p34	0	3	0	3.33
https://fr.robotoys.eu/casse-tete-3d-en-bois/vehicules/locomotive-rokr-lk701-p7	0	20	0	6
https://fr.robotoys.eu/casse-tete-3d-en-bois/vehicules/maquette-bulldozer-rokr-tg509k-p32	0	2	0	1
https://fr.robotoys.eu/casse-tete-3d-en-bois/vehicules/maquette-locomotive-a-vapeur-rokr-mc501-p13	0	6	0	11.83
https://fr.robotoys.eu/casse-tete-3d-en-bois/vehicules/maquette-voilier-rolife-tg305-p21	0	9	0	5.33
https://fr.robotoys.eu/casse-tete-3d-en-bois/vehicules/maquette-voiture-grand-prix-rokr-mc401-p16	0	133	0	20.85
https://fr.robotoys.eu/casse-tete-3d-en-bois/vehicules/modele-de-camion-lourd-rokr-mc502-p27	0	5	0	6.2
https://fr.robotoys.eu/casse-tete-3d-en-bois/vehicules/modele-triplan-rolife-tg301-p46	0	8	0	4.62
https://fr.robotoys.eu/casse-tete-3d-en-bois/vehicules/modele-veteran-rolife-tg504-p53	0	6	0	17.5
https://fr.robotoys.eu/casse-tete-3d-en-bois/vehicules/montgolfiere-rolife-tg406-p84	0	5	0	11.6
https://fr.robotoys.eu/casse-tete-3d-en-bois/vehicules/moto-cruiser-rokr-lk504-p12	0	19	0	6.79
https://fr.robotoys.eu/casse-tete-3d-en-bois/vehicules/puzzle-3d-en-bois-avion-little-story-d016-p130	0	15	0	3.13
https://fr.robotoys.eu/casse-tete-3d-en-bois/vehicules/puzzle-3d-en-bois-bateau-a-vapeur-river-princess-eco-wood-art-p159	0	10	0	4.4
https://fr.robotoys.eu/casse-tete-3d-en-bois/vehicules/puzzle-3d-en-bois-bateau-de-croisiere-little-story-e026-p229	0	5	0	6.8
https://fr.robotoys.eu/casse-tete-3d-en-bois/vehicules/puzzle-3d-en-bois-bateau-de-croisiere-rolife-tg306-p87	0	45	0	18.27
https://fr.robotoys.eu/casse-tete-3d-en-bois/vehicules/puzzle-3d-en-bois-bus-little-story-d002-p166	0	4	0	6.25
https://fr.robotoys.eu/casse-tete-3d-en-bois/vehicules/puzzle-3d-en-bois-caleche-royale-rolife-tg302-p62	0	4	0	11
https://fr.robotoys.eu/casse-tete-3d-en-bois/vehicules/puzzle-3d-en-bois-camion-benne-de-terrassement-moaz-75053-eco-wood-art-p235	0	1	0	5
https://fr.robotoys.eu/casse-tete-3d-en-bois/vehicules/puzzle-3d-en-bois-camion-little-story-d004-p168	0	3	0	2.33
https://fr.robotoys.eu/casse-tete-3d-en-bois/vehicules/puzzle-3d-en-bois-camion-little-story-e013-p169	0	3	0	2.67
https://fr.robotoys.eu/casse-tete-3d-en-bois/vehicules/puzzle-3d-en-bois-char-amx-13-105-little-story-wot05-p177	0	85	0	3.27
https://fr.robotoys.eu/casse-tete-3d-en-bois/vehicules/puzzle-3d-en-bois-char-fv4005-little-story-wot09-p236	0	9	0	3.56
https://fr.robotoys.eu/casse-tete-3d-en-bois/vehicules/puzzle-3d-en-bois-comanche-motorcycle-little-story-e023-p175	0	3	0	1
https://fr.robotoys.eu/casse-tete-3d-en-bois/vehicules/puzzle-3d-en-bois-eternal-atlantic-voyager-1912-rolife-tgl02-p223	0	9	0	5.89
https://fr.robotoys.eu/casse-tete-3d-en-bois/vehicules/puzzle-3d-en-bois-excavatrice-rokr-tg508k-p197	0	2	0	8
https://fr.robotoys.eu/casse-tete-3d-en-bois/vehicules/puzzle-3d-en-bois-grand-prix-moto-little-story-e021-p173	0	108	0	3.12
https://fr.robotoys.eu/casse-tete-3d-en-bois/vehicules/puzzle-3d-en-bois-helicoptere-little-story-d017-p131	0	12	0	3.83
https://fr.robotoys.eu/casse-tete-3d-en-bois/vehicules/puzzle-3d-en-bois-hot-rod-eco-wood-art-p231	0	1	0	13
https://fr.robotoys.eu/casse-tete-3d-en-bois/vehicules/puzzle-3d-en-bois-jeep-de-larmee-modele-rokr-mc701-p54	0	10	0	3.8
https://fr.robotoys.eu/casse-tete-3d-en-bois/vehicules/puzzle-3d-en-bois-jeep-little-story-d003-p167	0	10	0	5.8
https://fr.robotoys.eu/casse-tete-3d-en-bois/vehicules/puzzle-3d-en-bois-jeep-militaire-little-story-e014-p170	0	18	0	4.61
https://fr.robotoys.eu/casse-tete-3d-en-bois/vehicules/puzzle-3d-en-bois-locomotive-little-story-e012-p124	0	16	0	4.06
https://fr.robotoys.eu/casse-tete-3d-en-bois/vehicules/puzzle-3d-en-bois-m4a38-sherman-little-story-wot01-p137	0	8	0	2.25
https://fr.robotoys.eu/casse-tete-3d-en-bois/vehicules/puzzle-3d-en-bois-modele-cylindre-routier-rokr-tg701k-p49	0	6	0	1
https://fr.robotoys.eu/casse-tete-3d-en-bois/vehicules/puzzle-3d-en-bois-moto-comanche-grise-little-story-e023g-p247	0	2	0	30
https://fr.robotoys.eu/casse-tete-3d-en-bois/vehicules/puzzle-3d-en-bois-moto-comanche-rouge-little-story-e023r-p248	0	4	0	3
https://fr.robotoys.eu/casse-tete-3d-en-bois/vehicules/puzzle-3d-en-bois-moto-grand-prix-rouge-little-story-e021r-p243	0	12	0	4.92
https://fr.robotoys.eu/casse-tete-3d-en-bois/vehicules/puzzle-3d-en-bois-moto-jaune-grand-prix-little-story-e021y-p244	0	2	0	10.5
https://fr.robotoys.eu/casse-tete-3d-en-bois/vehicules/puzzle-3d-en-bois-moto-speedway-bleue-little-story-e019b-p239	0	6	0	2.33
https://fr.robotoys.eu/casse-tete-3d-en-bois/vehicules/puzzle-3d-en-bois-moto-speedway-little-story-e019-p171	0	31	0	3.94
https://fr.robotoys.eu/casse-tete-3d-en-bois/vehicules/puzzle-3d-en-bois-moto-speedway-verte-little-story-e019g-p240	0	6	0	2.83
https://fr.robotoys.eu/casse-tete-3d-en-bois/vehicules/puzzle-3d-en-bois-motorcycle-speedtail-little-story-e020-p172	0	4	0	5.5
https://fr.robotoys.eu/casse-tete-3d-en-bois/vehicules/puzzle-3d-en-bois-navire-a-vapeur-little-story-e025-p230	0	1	0	9
https://fr.robotoys.eu/casse-tete-3d-en-bois/vehicules/puzzle-3d-en-bois-navire-diplomatique-japonais-rolife-tg307-p199	0	16	0	10.19
https://fr.robotoys.eu/casse-tete-3d-en-bois/vehicules/puzzle-3d-en-bois-polonez-1500-little-story-e003-p95	0	1	0	2
https://fr.robotoys.eu/casse-tete-3d-en-bois/vehicules/puzzle-3d-en-bois-remorque-de-camion-a-benne-basculante-road-king-eco-wood-art-p207	0	1	0	1
https://fr.robotoys.eu/casse-tete-3d-en-bois/vehicules/puzzle-3d-en-bois-sakura-journey-rolife-tgs02-p105	0	10	0	6.7
https://fr.robotoys.eu/casse-tete-3d-en-bois/vehicules/puzzle-3d-en-bois-semi-remorque-citerne-pour-camion-road-king-eco-wood-art-p155	0	10	0	3.3
https://fr.robotoys.eu/casse-tete-3d-en-bois/vehicules/puzzle-3d-en-bois-sting-scooter-little-story-e022-p174	0	13	0	1.38
https://fr.robotoys.eu/casse-tete-3d-en-bois/vehicules/puzzle-3d-en-bois-supercar-eco-wood-art-p215	0	1	0	2
https://fr.robotoys.eu/casse-tete-3d-en-bois/vehicules/puzzle-3d-en-bois-tank-leopard-1-little-story-wot07-p179	0	29	0	3.31
https://fr.robotoys.eu/casse-tete-3d-en-bois/vehicules/puzzle-3d-en-bois-tank-maus-little-story-wot10-p237	0	6	0	3
https://fr.robotoys.eu/casse-tete-3d-en-bois/vehicules/puzzle-3d-en-bois-tank-t-34-85-little-story-wot02-p135	0	12	0	7.58
https://fr.robotoys.eu/casse-tete-3d-en-bois/vehicules/puzzle-3d-en-bois-tigre-i-little-story-wot03-p136	0	29	0	3.76
https://fr.robotoys.eu/casse-tete-3d-en-bois/vehicules/puzzle-3d-en-bois-tondeuse-a-gazon-autotractee-cs-150c-eco-wood-art-p234	0	6	0	3.67
https://fr.robotoys.eu/casse-tete-3d-en-bois/vehicules/puzzle-3d-en-bois-tramway-urbain-classique-rokr-lk801-p88	0	8	0	5.38
https://fr.robotoys.eu/casse-tete-3d-en-bois/vehicules/puzzle-3d-en-bois-trottinette-rose-little-story-e022r-p246	0	6	0	1.67
https://fr.robotoys.eu/casse-tete-3d-en-bois/vehicules/puzzle-3d-en-bois-voilier-djong-eco-wood-art-p232	0	9	0	7.22
https://fr.robotoys.eu/casse-tete-3d-en-bois/vehicules/puzzle-3d-en-bois-voilier-lord-of-the-seas-eco-wood-art-p216	0	7	0	5
https://fr.robotoys.eu/casse-tete-3d-en-bois/vehicules/puzzle-3d-en-bois-voiture-de-police-eco-wood-art-p214	0	6	0	4.33
https://fr.robotoys.eu/casse-tete-3d-en-bois/vehicules/puzzle-3d-en-bois-warszawa-m20-little-story-e006-p98	0	5	0	2.8
https://fr.robotoys.eu/casse-tete-3d-en-bois/vehicules/puzzle-3d-en-bois-yacht-little-story-d015-p129	0	1	0	2
https://fr.robotoys.eu/casse-tete-3d-en-bois/vehicules/puzzle-3d-mecanique-en-bois-diligence-rokr-amka1-p99	0	12	0	10.17
https://fr.robotoys.eu/casse-tete-3d-en-bois/vehicules/puzzle-3d-mecanique-en-bois-maz-5309rr-eco-wood-art-p153	0	4	0	2
https://fr.robotoys.eu/casse-tete-3d-en-bois/vehicules/puzzle-3d-mecanique-en-bois-voiture-de-course-rouge-eco-wood-art-p152	0	396	0	16.41
https://fr.robotoys.eu/casse-tete-3d-en-bois/vehicules/puzzle-3d-mecanique-en-bois-voiture-retro-eco-wood-art-p157	0	6	0	11.67
https://fr.robotoys.eu/casse-tete-3d-en-bois/vehicules/puzzle-mecanique-3d-en-bois-camion-benne-eco-wood-art-p205	0	6	0	8
https://fr.robotoys.eu/casse-tete-3d-en-bois/vehicules/puzzle-mecanique-3d-en-bois-camion-de-pompiers-eco-wood-art-p208	0	4	0	8.25
https://fr.robotoys.eu/casse-tete-3d-en-bois/vehicules/puzzle-mecanique-3d-en-bois-camion-road-king-eco-wood-art-p206	0	1	0	2
https://fr.robotoys.eu/casse-tete-3d-en-bois/vehicules/puzzle-mecanique-3d-en-bois-chargeur-eco-wood-art-p204	0	21	0	1.67
https://fr.robotoys.eu/casse-tete-3d-en-bois/vehicules/puzzle-mecanique-3d-en-bois-moto-cruiser-eco-wood-art-p150	0	5	0	5.6
https://fr.robotoys.eu/casse-tete-3d-en-bois/vehicules/puzzle-mecanique-3d-en-bois-tracteur-eco-wood-art-p233	0	8	0	7.5
https://fr.robotoys.eu/casse-tete-3d-en-bois/vehicules/puzzle-mecanique-3d-en-bois-voilier-hippocampe-rokr-mcb02-p212	0	17	0	4.82
https://fr.robotoys.eu/casse-tete-3d-en-bois/vehicules/puzzle-mecanique-3d-en-bois-voiture-de-course-rokr-lk505-p141	0	17	0	5.76
https://fr.robotoys.eu/casse-tete-3d-en-bois/vehicules/tramway-historique-rolife-tg505-p40	0	22	0	5.18
https://fr.robotoys.eu/casse-tete-3d-en-bois/vehicules/voiture-ancienne-rokr-mc801-p72	0	3	0	15.33
https://fr.robotoys.eu/concours-de-puzzle/boite-a-musique-violoncelle-magique-rokr-amk63-1	0	1	0	6
https://fr.robotoys.eu/concours-de-puzzle/cafe-a-simon-rolife-dg109-64	0	2	0	6
https://fr.robotoys.eu/concours-de-puzzle/calendrier-perpetuel-rokr-lk201-55	0	1	0	4
https://fr.robotoys.eu/concours-de-puzzle/camomille-rowood-tw061-109	0	2	0	7
https://fr.robotoys.eu/concours-de-puzzle/carnaval-au-coucher-du-soleil-rolife-amt01-79	0	2	0	8
https://fr.robotoys.eu/concours-de-puzzle/char-fv4005-little-story-wot09-236	0	1	0	9
https://fr.robotoys.eu/concours-de-puzzle/chouette-horloge-rokr-lk503-6	0	1	0	5
https://fr.robotoys.eu/concours-de-puzzle/circuit-a-billes-londres-rokr-egb01-264	0	2	0	6.5
https://fr.robotoys.eu/concours-de-puzzle/coffre-fort-rokr-lk502-57	0	2	0	5
https://fr.robotoys.eu/concours-de-puzzle/diligence-rokr-amka1-99	0	3	0	7.33
https://fr.robotoys.eu/concours-de-puzzle/gerbera-orange-clair-rowood-tw111-196	0	1	0	9
https://fr.robotoys.eu/concours-de-puzzle/harpe-magique-rokr-amk71-254	0	1	0	8
https://fr.robotoys.eu/concours-de-puzzle/horloge-a-coucou-rokr-lc901c-198	0	1	0	7
https://fr.robotoys.eu/concours-de-puzzle/horloge-murale-romantique-rokr-lc701-56	0	1	0	5
https://fr.robotoys.eu/concours-de-puzzle/horloge-murale-zodiac-rokr-lc601-52	0	1	0	9
https://fr.robotoys.eu/concours-de-puzzle/livre-de-fleurs-en-bois-rowood-tw04h-228	0	3	0	9
https://fr.robotoys.eu/concours-de-puzzle/locomotive-rokr-lk701-7	0	2	0	6
https://fr.robotoys.eu/concours-de-puzzle/lys-rose-rowood-tw071-144	0	7	0	9.29
https://fr.robotoys.eu/concours-de-puzzle/m4a38-sherman-little-story-wot01-137	0	1	0	5
https://fr.robotoys.eu/concours-de-puzzle/machine-a-ecrire-mecanique-version-classique-rokr-lk703b-265	0	4	0	10
https://fr.robotoys.eu/concours-de-puzzle/machine-a-ecrire-mecanique-version-magique-rokr-lk703c-266	0	17	0	8.29
https://fr.robotoys.eu/concours-de-puzzle/maquette-bateau-de-peche-rolife-tg308-38	0	1	0	8
https://fr.robotoys.eu/concours-de-puzzle/maquette-dirigeable-rolife-tg407-22	0	1	0	4
https://fr.robotoys.eu/concours-de-puzzle/maquette-locomotive-a-vapeur-rokr-mc501-13	0	2	0	10
https://fr.robotoys.eu/concours-de-puzzle/maquette-voilier-rolife-tg305-21	0	1	0	10
https://fr.robotoys.eu/concours-de-puzzle/maquette-voiture-grand-prix-rokr-mc401-16	0	2	0	6
https://fr.robotoys.eu/concours-de-puzzle/modele-de-chariot-elevateur-rokr-tg413k-48	0	1	0	8
https://fr.robotoys.eu/concours-de-puzzle/modele-triplan-rolife-tg301-46	0	1	0	8
https://fr.robotoys.eu/concours-de-puzzle/montgolfiere-rolife-tg406-84	0	1	0	1
https://fr.robotoys.eu/concours-de-puzzle/panier-de-fleurs-en-bois-rowood-tw03h-210	0	1	0	2
https://fr.robotoys.eu/concours-de-puzzle/parc-dattractions-feerique-rolife-tgb17-257	0	2	0	7
https://fr.robotoys.eu/concours-de-puzzle/pavillon-sakura-rolife-tga07-268	0	6	0	9.5
https://fr.robotoys.eu/concours-de-puzzle/projecteur-de-cinema-vitascope-rokr-lk601-5	0	1	0	11
https://fr.robotoys.eu/concours-de-puzzle/remorque-de-camion-a-benne-basculante-road-king-eco-wood-art-207	0	1	0	10
https://fr.robotoys.eu/concours-de-puzzle/rose-rose-rowood-tw041-111	0	2	0	8
https://fr.robotoys.eu/concours-de-puzzle/rose-rouge-rowood-tw042-101	0	1	0	8
https://fr.robotoys.eu/concours-de-puzzle/sakura-bonsai-rolife-tg415-142	0	2	0	9
https://fr.robotoys.eu/concours-de-puzzle/sakura-rowood-tw101-195	0	4	0	9.5
https://fr.robotoys.eu/concours-de-puzzle/sapin-de-noel-melodique-rolife-ams01-138	0	3	0	2
https://fr.robotoys.eu/concours-de-puzzle/saxophone-rolife-tg309-26	0	1	0	13
https://fr.robotoys.eu/concours-de-puzzle/systeme-solaire-rokr-st001-71	0	4	0	8.25
https://fr.robotoys.eu/concours-de-puzzle/telescope-monoculaire-rokr-st004-8	0	1	0	9
https://fr.robotoys.eu/concours-de-puzzle/tour-eiffel-illuminee-rolife-tgl01-73	0	1	0	10
https://fr.robotoys.eu/concours-de-puzzle/tourne-disque-electrique-rokr-lkb01d-68	0	1	0	9
https://fr.robotoys.eu/concours-de-puzzle/trottinette-blue-sting-little-story-e022b-245	0	1	0	10
https://fr.robotoys.eu/concours-de-puzzle/voilier-lord-of-the-seas-eco-wood-art-216	0	1	0	6
https://fr.robotoys.eu/concours-de-puzzle/warszawa-m20-little-story-e006-98	0	1	0	4
https://fr.robotoys.eu/idees-de-cadeau/cadeaux-danniversaire	0	7	0	2.29
https://fr.robotoys.eu/idees-de-cadeau/cadeaux-pour-enfants	0	6	0	1
https://fr.robotoys.eu/idees-de-cadeau/cadeaux-pour-lui	0	1	0	10
https://fr.robotoys.eu/idees-de-cadeau/cadeaux-pour-noel	0	1	0	8
https://fr.robotoys.eu/le-puzzle-3d-en-bois-le-plus-cher	0	4	0	28.5
https://fr.robotoys.eu/le-puzzle-3d-en-bois-le-plus-populaire	0	1	0	10
https://fr.robotoys.eu/le-puzzle-3d-en-bois-le-plus-vendu	0	1	0	11
https://fr.robotoys.eu/les-cadeaux-les-plus-chers-pour-les-enfants	0	24	0	5.42
https://fr.robotoys.eu/les-derniers-produits-de-la-marque-rokr	0	2	0	7.5
https://fr.robotoys.eu/les-maisons-miniatures-les-moins-cheres	0	4	0	16.25
https://fr.robotoys.eu/les-maisons-miniatures-les-plus-vendues	0	322	0	8.72
https://fr.robotoys.eu/les-produits-les-mieux-notes-de-la-marque-rokr	0	2	0	7.5
https://fr.robotoys.eu/les-produits-les-moins-chers-de-la-marque-rokr	0	1	0	9
https://fr.robotoys.eu/les-produits-les-plus-chers-de-la-marque-rokr	0	1	0	5
https://fr.robotoys.eu/les-produits-les-plus-chers-de-la-marque-rolife	0	6	0	7.17
https://fr.robotoys.eu/les-produits-les-plus-vendus-de-la-marque-rolife	0	5	0	6.6
https://fr.robotoys.eu/liens-utiles/a-propos-de-la-societe	0	9	0	1.89
https://fr.robotoys.eu/liens-utiles/a-propos-de-la-societe/contact	0	2	0	1
https://fr.robotoys.eu/liens-utiles/a-propos-de-la-societe/de-gros	0	6	0	3.67
https://fr.robotoys.eu/liens-utiles/tout-sur-les-achats	0	2	0	5.5
https://fr.robotoys.eu/maisons-miniatures-150-a-199-pcs	0	5	0	6.8
https://fr.robotoys.eu/maisons-miniatures-difficulte-moyenne	0	4	0	11.5
https://fr.robotoys.eu/maisons-miniatures-en-vente	0	1	0	14
https://fr.robotoys.eu/maisons-miniatures-les-mieux-notees	0	2	0	6.5
https://fr.robotoys.eu/maisons-miniatures-temps-de-montage-sous-3-a-5-heures	0	1	0	6
https://fr.robotoys.eu/maisons-miniatures/boutiques-miniatures	0	28	0	49.36
https://fr.robotoys.eu/maisons-miniatures/boutiques-miniatures/cafe-a-simon-rolife-dg109-p64	0	63	0	7.29
https://fr.robotoys.eu/maisons-miniatures/boutiques-miniatures/fleuriste-emily-rolife-dg145-p25	0	53	0	25.28
https://fr.robotoys.eu/maisons-miniatures/boutiques-miniatures/maison-miniature-bonbons-fleuris-et-thes-rolife-dg146-p92	0	4	0	14
https://fr.robotoys.eu/maisons-miniatures/boutiques-miniatures/maison-miniature-le-magasin-de-the-dalice-rolife-dg156-p61	0	6	0	12.83
https://fr.robotoys.eu/maisons-miniatures/boutiques-miniatures/maison-miniature-magasin-de-creme-glacee-au-miel-rolife-dg148-p65	0	3	0	13.33
https://fr.robotoys.eu/maisons-miniatures/boutiques-miniatures/maison-miniature-restaurant-tipsy-rolife-dg167-p209	0	16	0	13
https://fr.robotoys.eu/maisons-miniatures/chambres-miniatures/agence-de-detectives-de-mose-rolife-dg157-p24	0	1	0	8
https://fr.robotoys.eu/maisons-miniatures/chambres-miniatures/bibliotheque-detude-de-sam-rolife-dg102-p86	0	17	0	6.47
https://fr.robotoys.eu/maisons-miniatures/chambres-miniatures/jardin-de-m-miller-rolife-dg108-p23	0	46	0	5.2
https://fr.robotoys.eu/maisons-miniatures/chambres-miniatures/maison-miniature-cuisine-cosy-rolife-dg159-p89	0	21	0	5.62
https://fr.robotoys.eu/maisons-miniatures/chambres-miniatures/maison-miniature-ecole-de-magie-rolife-dg166-p163	0	2	0	7.5
https://fr.robotoys.eu/maisons-miniatures/chambres-miniatures/maison-miniature-le-grenier-de-dora-rolife-dg12-p91	0	31	0	8.06
https://fr.robotoys.eu/maisons-miniatures/chambres-miniatures/maison-miniature-porche-de-lily-rolife-dg11-p93	0	5	0	8.8
https://fr.robotoys.eu/maisons-miniatures/chambres-miniatures/maison-miniature-villa-confortable-pour-chiots-rolife-dg169-p149	0	7	0	7.14
https://fr.robotoys.eu/maisons-miniatures/chambres-miniatures/serre-de-mme-cathy-rolife-dg104-p28	0	62	0	5.65
https://fr.robotoys.eu/maisons-miniatures/coin-livres/abri-de-jardin-de-vacances-rolife-tgb06-p78	0	7	0	3.71
https://fr.robotoys.eu/maisons-miniatures/coin-livres/bookstore-rolife-tgb07-p76	0	8	0	12.88
https://fr.robotoys.eu/maisons-miniatures/coin-livres/insert-de-bibliotheque-allee-des-vins-sous-les-cerisiers-rolife-tgb11-p164	0	4	0	9.5
https://fr.robotoys.eu/maisons-miniatures/coin-livres/insert-de-bibliotheque-arcade-dating-rolife-tgb10-p148	0	21	0	6.52
https://fr.robotoys.eu/maisons-miniatures/coin-livres/insert-de-bibliotheque-coin-fleuri-rolife-tgb09-p108	0	5	0	6
https://fr.robotoys.eu/maisons-miniatures/coin-livres/insert-de-bibliotheque-falling-sakura-rolife-tgb05-p50	0	1	0	8
https://fr.robotoys.eu/maisons-miniatures/coin-livres/insert-de-bibliotheque-rue-de-noel-rolife-tgc06-p139	0	5	0	4.8
https://fr.robotoys.eu/maisons-miniatures/coin-livres/insert-de-bibliotheque-scene-dinterieur-de-noel-rolife-tgc07-p140	0	8	0	3.5
https://fr.robotoys.eu/maisons-miniatures/coin-livres/insert-de-bibliotheque-venise-romantique-rolife-tgb08-p107	0	7	0	5.14
https://fr.robotoys.eu/maisons-miniatures/coin-livres/insert-de-bibliotheque-voyage-au-pays-des-merveilles-rolife-tgb12-p165	0	25	0	2.8
https://fr.robotoys.eu/maisons-miniatures/coin-livres/insert-detagere-bibliotheque-des-merveilles-rolife-tgb16-p226	0	4	0	12.25
https://fr.robotoys.eu/maisons-miniatures/coin-livres/insert-detagere-coin-magique-et-fantastique-rolife-tgb14-p221	0	2	0	3.5
https://fr.robotoys.eu/maisons-miniatures/coin-livres/insert-detagere-holiday-cafe-rolife-tgb15-p225	0	4	0	10
https://fr.robotoys.eu/maisons-miniatures/coin-livres/insert-detagere-scene-de-rue-rolife-tgb13-p256	0	15	0	2.93
https://fr.robotoys.eu/maisons-miniatures/coin-livres/maison-magique-rolife-tgb03-p58	0	2	0	6
https://fr.robotoys.eu/maisons-miniatures/coin-livres/sunshine-town-rolife-tgb02-p30	0	7	0	24.43
https://fr.robotoys.eu/maisons-miniatures/coin-livres/voyage-dans-le-temps-rolife-tgb04-p60	0	1	0	3
https://fr.robotoys.eu/marques	0	5	0	1
https://fr.robotoys.eu/marques/eco-wood-art	0	17	0	5.65
https://fr.robotoys.eu/marques/rokr	0	28	0	9.71
https://fr.robotoys.eu/marques/rolife	0	4	0	8
https://fr.robotoys.eu/produits-de-la-marque-rokr-en-vente	0	4	0	8.75
https://fr.robotoys.eu/produits-de-la-marque-rolife-en-vente	0	1	0	18
https://fr.robotoys.eu/puzzle-3d-en-bois-200-a-299-mcx	0	3	0	39.67
https://fr.robotoys.eu/puzzle-3d-en-bois-difficulte-facile	0	276	0	24.9
https://fr.robotoys.eu/puzzle-3d-en-bois-difficulte-moyenne	0	2	0	48
https://fr.robotoys.eu/puzzle-3d-en-bois-moins-de-100-mcx	0	2	0	7.5
https://fr.robotoys.eu/puzzle-3d-en-bois-plus-de-300-mcx	0	2	0	22
https://fr.robotoys.eu/puzzle-3d-en-bois-temps-de-montage-jusqua-1-heure	0	4	0	7
https://fr.robotoys.eu/puzzle-3d-en-bois-temps-de-montage-sous-1-a-3-heures	0	3	0	25.67
https://fr.robotoys.eu/puzzle-3d-en-bois-temps-de-montage-sous-3-a-5-heures	0	14	0	15
https://fr.robotoys.eu/puzzle-3d-en-bois-temps-de-montage-superieur-a-5-heures	0	2	0	7.5
https://fr.robotoys.eu/vente-de-cadeaux-pour-femmes-et-filles?page=3	0	1	0	1
https://fr.robotoys.eu/vente-de-maisons-miniatures	0	2	0	8.5
https://fr.robotoys.eu/vente-de-produits-de-la-marque-rokr	0	3	0	6.67
https://fr.robotoys.eu/vente-de-produits-de-la-marque-rolife	0	2	0	21.5
https://fr.robotoys.eu/vente-de-puzzles-3d-en-bois	0	7	0	18.29
https://gr.robotoys.eu/diagonismos-pazl/bibliothhkh-dipla-sthn-paralia-261	0	1	0	8
https://gr.robotoys.eu/diagonismos-pazl/blue-sting-scooter-little-story-e022b-245	0	1	0	3
https://gr.robotoys.eu/diagonismos-pazl/gwnia-loyloydiwn-rolife-tgb09-108	0	2	0	3.5
https://gr.robotoys.eu/diagonismos-pazl/lion-little-story-d011-119	0	1	0	7
https://gr.robotoys.eu/diagonismos-pazl/mhxanikh-grafomhxanh-magic-ekdosh-rokr-lk703c-266	0	1	0	5
https://gr.robotoys.eu/diagonismos-pazl/montelo-toy-pyrgoy-toy-aifel-rolife-tg501-17	0	1	0	3
https://gr.robotoys.eu/diagonismos-pazl/proboleas-tainiwn-vitascope-rokr-lk601-5	0	2	0	8.5
https://gr.robotoys.eu/diagonismos-pazl/roloi-koykos-rokr-lc901c-198	0	1	0	5
https://gr.robotoys.eu/diagonismos-pazl/romantiko-roloi-toixoy-rokr-lc701-56	0	1	0	2
https://gr.robotoys.eu/diagonismos-pazl/tselo-rolife-tg411-85	0	1	0	52
https://gr.robotoys.eu/idees-gia-dwra-me-koryfaia-bathmologia	0	1	0	19
https://gr.robotoys.eu/idees-gia-dwra/dwra-gia-diakosmhsh	0	1	0	9
https://gr.robotoys.eu/idees-gia-dwra/dwra-gia-ta-xristoygenna	0	1	0	8
https://gr.robotoys.eu/istologio	0	2	0	3
https://gr.robotoys.eu/istologio/10-ergaleia-poy-xreiazeste-otan-synarmologeite-ena-ksylino-trisdiastato-pazl	0	1	0	9
https://gr.robotoys.eu/istologio/5-kalytera-dwra-gia-thn-hmera-toy-agioy-balentinoy-poy-tha-eyxaristhsoyn-oloys	0	7	0	21.29
https://gr.robotoys.eu/istologio/7-akatamaxhtes-idees-gia-dwra-gia-gynaikes	0	2	0	8
https://gr.robotoys.eu/istologio/balte-ton-egkefalo-sas-se-kinhsh-me-trisdiastata-ksylina-mhxanika-pazl	0	8	0	6.38
https://gr.robotoys.eu/istologio/ena-dwro-gia-ton-antra-poy-ta-exei-hdh-ola-24-prwtotypes-symboyles-poy-tha-ton-ekplhksoyn-pragmatika	0	2	0	12.5
https://gr.robotoys.eu/istologio/ena-ksylino-mpoyketo-poy-den-marainetai-pote-anakalypste-th-mageia-twn-trisdiastatwn-pazl-loyloydiwn	0	2	0	3.5
https://gr.robotoys.eu/istologio/fthinopwro-2025-epoxh-arghs-zwhs-idoy-h-apodeiksh	0	1	0	4
https://gr.robotoys.eu/istologio/h-tash-toy-tiktok-xompi-me-ntopaminh-ti-shmainei-kai-giati-ta-pazl-einai-mia-koryfaia-epilogh	0	1	0	2
https://gr.robotoys.eu/istologio/istoria-twn-3d-ksylinwn-pazl-apo-tis-arxes-ews-to-paron	0	2	0	20
https://gr.robotoys.eu/istologio/ksylina-trisdiastata-pazl-pws-na-epileksete-to-prwto-sas-kit-kataskeyhs-kai-ti-na-proetoimasete	0	1	0	15
https://gr.robotoys.eu/istologio/rokr-h-eisodos-sas-ston-kosmo-ths-dhmioyrgikothtas-kai-ths-psyxagwgias	0	2	0	6.5
https://gr.robotoys.eu/istologio/stem-kai-ksylina-montela	0	2	0	6
https://gr.robotoys.eu/istologio/top-5-drasthriothtes-poy-yposthrizoyn-thn-anaptyksh-twn-kinhtikwn-deksiothtwn	0	6	0	6.17
https://gr.robotoys.eu/istologio/world-of-tanks-twra-sto-rafi-sas	0	7	0	7.14
https://gr.robotoys.eu/ksylino-trisdiastato-pazl	0	1	0	6
https://gr.robotoys.eu/ksylino-trisdiastato-pazl-100-ews-149-tem	0	6	0	3.5
https://gr.robotoys.eu/ksylino-trisdiastato-pazl-eykolh-dyskolia	0	1	0	8
https://gr.robotoys.eu/ksylino-trisdiastato-pazl-meshs-dyskolias	0	1	0	5
https://gr.robotoys.eu/ksylino-trisdiastato-pazl-perissotera-apo-300-tmx	0	1	0	9
https://gr.robotoys.eu/ksylino-trisdiastato-pazl-xronos-synarmologhshs-mesa-se-1-ews-3-wres	0	1	0	9
https://gr.robotoys.eu/ksylino-trisdiastato-pazl-xronos-synarmologhshs-panw-apo-5-wres	0	1	0	7
https://gr.robotoys.eu/ksylino-trisdiastato-pazl-ypshlhs-dyskolias	0	1	0	2
https://gr.robotoys.eu/ksylino-trisdiastato-pazl/arxitektonikh	0	4	0	7.25
https://gr.robotoys.eu/ksylino-trisdiastato-pazl/arxitektonikh/ksylino-mhxaniko-trisdiastato-pazl-marmarinh-pista-londino-rokr-egb01-p264	0	2	0	3
https://gr.robotoys.eu/ksylino-trisdiastato-pazl/arxitektonikh/ksylino-trisdiastato-pazl-colosseum-little-story-e016-p126	0	1	0	3
https://gr.robotoys.eu/ksylino-trisdiastato-pazl/arxitektonikh/ksylino-trisdiastato-pazl-leaning-tower-of-pisa-little-story-e009-p114	0	2	0	3
https://gr.robotoys.eu/ksylino-trisdiastato-pazl/arxitektonikh/ksylino-trisdiastato-pazl-mini-sale-boynoy-me-plaisio-a-rolife-dg181-p227	0	5	0	1.6
https://gr.robotoys.eu/ksylino-trisdiastato-pazl/arxitektonikh/ksylino-trisdiastato-pazl-notre-dame-cathedral-little-story-e017-p127	0	3	0	2
https://gr.robotoys.eu/ksylino-trisdiastato-pazl/arxitektonikh/ksylino-trisdiastato-pazl-opera-toy-sidnei-little-story-e028-p238	0	1	0	1
https://gr.robotoys.eu/ksylino-trisdiastato-pazl/arxitektonikh/ksylino-trisdiastato-pazl-sagrada-familia-little-story-e018-p133	0	3	0	5.33
https://gr.robotoys.eu/ksylino-trisdiastato-pazl/arxitektonikh/ksylino-trisdiastato-pazl-sakura-pavilion-rolife-tga07-p268	0	1	0	4
https://gr.robotoys.eu/ksylino-trisdiastato-pazl/arxitektonikh/ksylino-trisdiastato-pazl-sakura-treehouse-rolife-tgs04-p201	0	2	0	6.5
https://gr.robotoys.eu/ksylino-trisdiastato-pazl/arxitektonikh/ksylino-trisdiastato-pazl-victory-arch-little-story-e011-p123	0	1	0	2
https://gr.robotoys.eu/ksylino-trisdiastato-pazl/arxitektonikh/montelo-big-ben-me-fwtismo-led-rolife-tg507-p20	0	4	0	1.75
https://gr.robotoys.eu/ksylino-trisdiastato-pazl/arxitektonikh/montelo-tower-bridge-me-fwtismo-led-rolife-tg412-p19	0	2	0	2.5
https://gr.robotoys.eu/ksylino-trisdiastato-pazl/arxitektonikh/montelo-toy-pyrgoy-toy-aifel-rolife-tg501-p17	0	2	0	26
https://gr.robotoys.eu/ksylino-trisdiastato-pazl/arxitektonikh/pentawrofh-pagoda-rolife-tgn02-p45	0	1	0	9
https://gr.robotoys.eu/ksylino-trisdiastato-pazl/loyloydia	0	4	0	9.25
https://gr.robotoys.eu/ksylino-trisdiastato-pazl/loyloydia/ksylino-3d-pazl-ksylino-biblio-loyloydiwn-rowood-tw04h-p228	0	1	0	5
https://gr.robotoys.eu/ksylino-trisdiastato-pazl/loyloydia/ksylino-trisdiastato-pazl-elafi-dipla-se-mia-oreinh-limnh-p260	0	1	0	6
https://gr.robotoys.eu/ksylino-trisdiastato-pazl/loyloydia/ksylino-trisdiastato-pazl-kokkinh-kamelia-rowood-tw031-p102	0	1	0	6
https://gr.robotoys.eu/ksylino-trisdiastato-pazl/loyloydia/ksylino-trisdiastato-pazl-kokkino-garyfallo-rowood-tw052-p112	0	1	0	2
https://gr.robotoys.eu/ksylino-trisdiastato-pazl/loyloydia/ksylino-trisdiastato-pazl-ksylino-kalathi-me-loyloydia-rowood-tw03h-p210	0	1	0	10
https://gr.robotoys.eu/ksylino-trisdiastato-pazl/loyloydia/ksylino-trisdiastato-pazl-mpoyketo-loyloydia-rowood-tw01h-p100	0	1	0	1
https://gr.robotoys.eu/ksylino-trisdiastato-pazl/loyloydia/ksylino-trisdiastato-pazl-portokali-toylipa-rowood-tw081-p145	0	1	0	21
https://gr.robotoys.eu/ksylino-trisdiastato-pazl/loyloydia/ksylino-trisdiastato-pazl-sakura-bonsai-rolife-tg415-p142	0	10	0	3.4
https://gr.robotoys.eu/ksylino-trisdiastato-pazl/loyloydia/ksylino-trisdiastato-pazl-sunny-beach-me-faro-p263	0	1	0	2
https://gr.robotoys.eu/ksylino-trisdiastato-pazl/loyloydia/ksylino-trisdiastato-pazl-xryso-hliotropio-rowood-th002-p193	0	2	0	8
https://gr.robotoys.eu/ksylino-trisdiastato-pazl/moysika-koytia	0	31	0	8.55
https://gr.robotoys.eu/ksylino-trisdiastato-pazl/moysika-koytia/biktwriano-fanari-rokr-amk61-p80	0	1	0	10
https://gr.robotoys.eu/ksylino-trisdiastato-pazl/moysika-koytia/karnabali-sto-hliobasilema-rolife-amt01-p79	0	1	0	2
https://gr.robotoys.eu/ksylino-trisdiastato-pazl/moysika-koytia/ksylino-mhxaniko-trisdiastato-pazl-klasiko-karoyzel-rolife-amc01-p146	0	18	0	11.78
https://gr.robotoys.eu/ksylino-trisdiastato-pazl/moysika-koytia/ksylino-mhxaniko-trisdiastato-pazl-magikh-arpa-rokr-amk71-p254	0	1	0	26
https://gr.robotoys.eu/ksylino-trisdiastato-pazl/moysika-koytia/ksylino-mhxaniko-trisdiastato-pazl-symfwnia-twn-omorfwn-oneirwn-rokr-amk63m-p211	0	1	0	4
https://gr.robotoys.eu/ksylino-trisdiastato-pazl/moysika-koytia/moysiko-koyti-magiko-tselo-rokr-amk63-p1	0	7	0	3.29
https://gr.robotoys.eu/ksylino-trisdiastato-pazl/moysika-koytia/moysiko-koyti-swing-ride-rokr-ea02-p4	0	2	0	4
https://gr.robotoys.eu/ksylino-trisdiastato-pazl/moysika-koytia/roda-loyna-park-rolife-tgn01-p18	0	7	0	4.29
https://gr.robotoys.eu/ksylino-trisdiastato-pazl/moysika-organa	0	20	0	6.2
https://gr.robotoys.eu/ksylino-trisdiastato-pazl/moysika-organa/drums-rolife-tg409-p81	0	2	0	6.5
https://gr.robotoys.eu/ksylino-trisdiastato-pazl/moysika-organa/hlektrikh-kithara-montelo-rokr-tg605k-p33	0	2	0	8.5
https://gr.robotoys.eu/ksylino-trisdiastato-pazl/moysika-organa/ksylino-trisdiastato-pazl-piano-me-oyra-rolife-tg402-p200	0	30	0	24.33
https://gr.robotoys.eu/ksylino-trisdiastato-pazl/moysika-organa/ksylino-trisdiastato-pazl-tselo-rolife-tg411-p85	0	2	0	3.5
https://gr.robotoys.eu/ksylino-trisdiastato-pazl/moysika-organa/magiko-piano-rokr-amk81-p70	0	58	0	4.67
https://gr.robotoys.eu/ksylino-trisdiastato-pazl/moysika-organa/saxophone-rolife-tg309-p26	0	1	0	1
https://gr.robotoys.eu/ksylino-trisdiastato-pazl/opla	0	3	0	8
https://gr.robotoys.eu/ksylino-trisdiastato-pazl/opla/ak-47-rifle-rokr-lq901-p67	0	2	0	4.5
https://gr.robotoys.eu/ksylino-trisdiastato-pazl/opla/ksylino-mhxaniko-trisdiastato-pazl-antiaeroporiko-oplo-rokr-lqm01-p255	0	3	0	2
https://gr.robotoys.eu/ksylino-trisdiastato-pazl/opla/ksylino-mhxaniko-trisdiastato-pazl-polybolo-me-peristrefomenh-kannh-rokr-lqa01-p218	0	18	0	5.67
https://gr.robotoys.eu/ksylino-trisdiastato-pazl/opla/poliorkhtikh-mhxanh-ballista-rokr-kw401-p15	0	16	0	4.38
https://gr.robotoys.eu/ksylino-trisdiastato-pazl/oxhmata	0	1	0	1
https://gr.robotoys.eu/ksylino-trisdiastato-pazl/oxhmata/aerostato-rolife-tg406-p84	0	6	0	1.5
https://gr.robotoys.eu/ksylino-trisdiastato-pazl/oxhmata/istoriko-tram-rolife-tg505-p40	0	1	0	3
https://gr.robotoys.eu/ksylino-trisdiastato-pazl/oxhmata/ksylino-3d-pazl-asthenoforo-eco-wood-art-p203	0	1	0	1
https://gr.robotoys.eu/ksylino-trisdiastato-pazl/oxhmata/ksylino-3d-pazl-tank-leopard-1-little-story-wot07-p179	0	1	0	6
https://gr.robotoys.eu/ksylino-trisdiastato-pazl/oxhmata/ksylino-3d-pazl-tank-tortoise-little-story-wot08-p180	0	1	0	5
https://gr.robotoys.eu/ksylino-trisdiastato-pazl/oxhmata/ksylino-mhxaniko-trisdiastato-pazl-anatrepomeno-forthgo-eco-wood-art-p205	0	1	0	1
https://gr.robotoys.eu/ksylino-trisdiastato-pazl/oxhmata/ksylino-mhxaniko-trisdiastato-pazl-forthgo-road-king-eco-wood-art-p206	0	1	0	1
https://gr.robotoys.eu/ksylino-trisdiastato-pazl/oxhmata/ksylino-mhxaniko-trisdiastato-pazl-istioforo-ippokampos-rokr-mcb02-p212	0	4	0	9.5
https://gr.robotoys.eu/ksylino-trisdiastato-pazl/oxhmata/ksylino-mhxaniko-trisdiastato-pazl-kokkino-agwnistiko-aytokinhto-eco-wood-art-p152	0	1	0	7
https://gr.robotoys.eu/ksylino-trisdiastato-pazl/oxhmata/ksylino-mhxaniko-trisdiastato-pazl-motosikleta-cruiser-eco-wood-art-p150	0	1	0	1
https://gr.robotoys.eu/ksylino-trisdiastato-pazl/oxhmata/ksylino-mhxaniko-trisdiastato-pazl-retro-aytokinhto-eco-wood-art-p157	0	1	0	6
https://gr.robotoys.eu/ksylino-trisdiastato-pazl/oxhmata/ksylino-mhxaniko-trisdiastato-pazl-trakter-eco-wood-art-p233	0	1	0	2
https://gr.robotoys.eu/ksylino-trisdiastato-pazl/oxhmata/ksylino-trisdiastato-pazl-astynomiko-aytokinhto-eco-wood-art-p214	0	2	0	5.5
https://gr.robotoys.eu/ksylino-trisdiastato-pazl/oxhmata/ksylino-trisdiastato-pazl-aytokinoymenh-xlookoptikh-mhxanh-cs-150c-eco-wood-art-p234	0	1	0	4
https://gr.robotoys.eu/ksylino-trisdiastato-pazl/oxhmata/ksylino-trisdiastato-pazl-basilikh-amaksa-rolife-tg302-p62	0	2	0	2
https://gr.robotoys.eu/ksylino-trisdiastato-pazl/oxhmata/ksylino-trisdiastato-pazl-comanche-motorcycle-little-story-e023-p175	0	3	0	14.33
https://gr.robotoys.eu/ksylino-trisdiastato-pazl/oxhmata/ksylino-trisdiastato-pazl-ekskafeas-rokr-tg508k-p197	0	1	0	12
https://gr.robotoys.eu/ksylino-trisdiastato-pazl/oxhmata/ksylino-trisdiastato-pazl-eternal-atlantic-voyager-1912-rolife-tgl02-p223	0	1	0	5
https://gr.robotoys.eu/ksylino-trisdiastato-pazl/oxhmata/ksylino-trisdiastato-pazl-forthgo-little-story-e013-p169	0	1	0	1
https://gr.robotoys.eu/ksylino-trisdiastato-pazl/oxhmata/ksylino-trisdiastato-pazl-gkri-motosikleta-comanche-little-story-e023g-p247	0	1	0	12
https://gr.robotoys.eu/ksylino-trisdiastato-pazl/oxhmata/ksylino-trisdiastato-pazl-grand-prix-motorcycle-little-story-e021-p173	0	1	0	1
https://gr.robotoys.eu/ksylino-trisdiastato-pazl/oxhmata/ksylino-trisdiastato-pazl-helicopter-little-story-d017-p131	0	2	0	10
https://gr.robotoys.eu/ksylino-trisdiastato-pazl/oxhmata/ksylino-trisdiastato-pazl-hmirymoylkoymeno-bytioforo-gia-truck-road-king-eco-wood-art-p155	0	1	0	7
https://gr.robotoys.eu/ksylino-trisdiastato-pazl/oxhmata/ksylino-trisdiastato-pazl-iapwniko-diplwmatiko-ploio-rolife-tg307-p199	0	2	0	6
https://gr.robotoys.eu/ksylino-trisdiastato-pazl/oxhmata/ksylino-trisdiastato-pazl-istioforo-lord-of-the-seas-eco-wood-art-p216	0	2	0	13
https://gr.robotoys.eu/ksylino-trisdiastato-pazl/oxhmata/ksylino-trisdiastato-pazl-jeep-little-story-d003-p167	0	3	0	3
https://gr.robotoys.eu/ksylino-trisdiastato-pazl/oxhmata/ksylino-trisdiastato-pazl-klasiko-tram-polhs-rokr-lk801-p88	0	1	0	3
https://gr.robotoys.eu/ksylino-trisdiastato-pazl/oxhmata/ksylino-trisdiastato-pazl-kokkinh-motosikleta-comanche-little-story-e023r-p248	0	1	0	2
https://gr.robotoys.eu/ksylino-trisdiastato-pazl/oxhmata/ksylino-trisdiastato-pazl-kokkinh-motosikleta-grand-prix-little-story-e021r-p243	0	1	0	2
https://gr.robotoys.eu/ksylino-trisdiastato-pazl/oxhmata/ksylino-trisdiastato-pazl-kroyazieroploio-little-story-e026-p229	0	3	0	3
https://gr.robotoys.eu/ksylino-trisdiastato-pazl/oxhmata/ksylino-trisdiastato-pazl-kroyazieroploio-rolife-tg306-p87	0	2	0	3
https://gr.robotoys.eu/ksylino-trisdiastato-pazl/oxhmata/ksylino-trisdiastato-pazl-montelo-psarobarkas-rolife-tg308-p38	0	2	0	6
https://gr.robotoys.eu/ksylino-trisdiastato-pazl/oxhmata/ksylino-trisdiastato-pazl-motorcycle-speedtail-little-story-e020-p172	0	2	0	10.5
https://gr.robotoys.eu/ksylino-trisdiastato-pazl/oxhmata/ksylino-trisdiastato-pazl-motosikleta-green-speedway-little-story-e019g-p240	0	3	0	2.33
https://gr.robotoys.eu/ksylino-trisdiastato-pazl/oxhmata/ksylino-trisdiastato-pazl-mwb-motosikleta-speedtail-little-story-e020p-p242	0	1	0	4
https://gr.robotoys.eu/ksylino-trisdiastato-pazl/oxhmata/ksylino-trisdiastato-pazl-polonez-1500-little-story-e003-p95	0	2	0	2
https://gr.robotoys.eu/ksylino-trisdiastato-pazl/oxhmata/ksylino-trisdiastato-pazl-portokali-yankee-chopper-little-story-e024r-p250	0	1	0	11
https://gr.robotoys.eu/ksylino-trisdiastato-pazl/oxhmata/ksylino-trisdiastato-pazl-roz-skoyter-sting-little-story-e022r-p246	0	1	0	3
https://gr.robotoys.eu/ksylino-trisdiastato-pazl/oxhmata/ksylino-trisdiastato-pazl-sakura-journey-rolife-tgs02-p105	0	2	0	3.5
https://gr.robotoys.eu/ksylino-trisdiastato-pazl/oxhmata/ksylino-trisdiastato-pazl-sting-scooter-little-story-e022-p174	0	3	0	1.67
https://gr.robotoys.eu/ksylino-trisdiastato-pazl/oxhmata/ksylino-trisdiastato-pazl-stratiwtiko-tzip-montelo-rokr-mc701-p54	0	2	0	1
https://gr.robotoys.eu/ksylino-trisdiastato-pazl/oxhmata/ksylino-trisdiastato-pazl-tank-amx-13-105-little-story-wot05-p177	0	7	0	3.29
https://gr.robotoys.eu/ksylino-trisdiastato-pazl/oxhmata/ksylino-trisdiastato-pazl-thalamhgos-little-story-d015-p129	0	1	0	4
https://gr.robotoys.eu/ksylino-trisdiastato-pazl/oxhmata/ksylino-trisdiastato-pazl-tiger-i-little-story-wot03-p136	0	2	0	2
https://gr.robotoys.eu/ksylino-trisdiastato-pazl/oxhmata/ksylino-trisdiastato-pazl-toyristiko-lewforeio-toy-londinoy-rolife-tgm02-p106	0	2	0	24.5
https://gr.robotoys.eu/ksylino-trisdiastato-pazl/oxhmata/ksylino-trisdiastato-pazl-yankee-chopper-little-story-e024-p176	0	1	0	14
https://gr.robotoys.eu/ksylino-trisdiastato-pazl/oxhmata/motorcycle-cruiser-rokr-lk504-p12	0	3	0	49.33
https://gr.robotoys.eu/ksylino-trisdiastato-pazl/oxhmata/triplano-montelo-rolife-tg301-p46	0	1	0	8
https://gr.robotoys.eu/ksylino-trisdiastato-pazl/oxhmata?page=2	0	1	0	5
https://gr.robotoys.eu/ksylino-trisdiastato-pazl/rologia-hmerologia	0	1	0	9
https://gr.robotoys.eu/ksylino-trisdiastato-pazl/rologia-hmerologia/ksylino-mhxaniko-trisdiastato-pazl-roloi-koykos-ksylino-xrwma-rokr-lc901-p217	0	3	0	7.67
https://gr.robotoys.eu/ksylino-trisdiastato-pazl/rologia-hmerologia/ksylino-mhxaniko-trisdiastato-pazl-roloi-koykos-rokr-lc901c-p198	0	12	0	6.08
https://gr.robotoys.eu/ksylino-trisdiastato-pazl/rologia-hmerologia/roloi-koykoybagia-rokr-lk503-p6	0	3	0	6.33
https://gr.robotoys.eu/ksylino-trisdiastato-pazl/rologia-hmerologia/roloi-toixoy-zodiac-rokr-lc601-p52	0	4	0	5.75
https://gr.robotoys.eu/ksylino-trisdiastato-pazl/stem-lab/fliper-rokr-eg01-p43	0	5	0	15.2
https://gr.robotoys.eu/ksylino-trisdiastato-pazl/stem-lab/ksylino-3d-pazl-retro-thlefwno-eco-wood-art-p156	0	9	0	7.33
https://gr.robotoys.eu/ksylino-trisdiastato-pazl/stem-lab/ksylino-mhxaniko-trisdiastato-pazl-atmomhxanh-rokr-lka01-p104	0	1	0	5
https://gr.robotoys.eu/ksylino-trisdiastato-pazl/stem-lab/ksylino-mhxaniko-trisdiastato-pazl-ergostasio-dwrwn-oneirwn-rokr-eab01-p202	0	3	0	3
https://gr.robotoys.eu/ksylino-trisdiastato-pazl/stem-lab/ksylino-mhxaniko-trisdiastato-pazl-gear-ball-challenge-rokr-egc01-p213	0	1	0	15
https://gr.robotoys.eu/ksylino-trisdiastato-pazl/stem-lab/ksylino-mhxaniko-trisdiastato-pazl-grafomhxanh-eco-wood-art-p158	0	3	0	1.33
https://gr.robotoys.eu/ksylino-trisdiastato-pazl/stem-lab/ksylino-mhxaniko-trisdiastato-pazl-mhxanikh-grafomhxanh-magic-ekdosh-rokr-lk703c-p266	0	3	0	3.33
https://gr.robotoys.eu/ksylino-trisdiastato-pazl/stem-lab/marble-parkour-rokr-lg501-p42	0	3	0	16.33
https://gr.robotoys.eu/ksylino-trisdiastato-pazl/ta-zwa	0	1	0	4
https://gr.robotoys.eu/ksylino-trisdiastato-pazl/ta-zwa/ksylino-trisdiastato-pazl-melissa-little-story-d001-p128	0	2	0	2
https://gr.robotoys.eu/ksylino-trisdiastato-pazl/ta-zwa/ksylino-trisdiastato-pazl-t-rex-little-story-d006-p115	0	2	0	12
https://gr.robotoys.eu/ksylino-trisdiastato-pazl/to-sympan	0	1	0	10
https://gr.robotoys.eu/ksylino-trisdiastato-pazl/to-sympan/fwteinh-sfaira-rokr-st003-p3	0	4	0	7
https://gr.robotoys.eu/ksylino-trisdiastato-pazl/to-sympan/monofthalmo-thleskopio-rokr-st004-p8	0	11	0	2.36
https://gr.robotoys.eu/markes/rokr	0	53	0	7.85
https://gr.robotoys.eu/markes/rolife?page=2	0	1	0	6
https://gr.robotoys.eu/mikroskopika-spitia	0	1	0	6
https://gr.robotoys.eu/mikroskopika-spitia-100-ews-149-tem	0	4	0	8.25
https://gr.robotoys.eu/mikroskopika-spitia/biblia-nook/bookstore-rolife-tgb07-p76	0	8	0	5.5
https://gr.robotoys.eu/mikroskopika-spitia/biblia-nook/eksoxiko-khpo-rolife-tgb06-p78	0	1	0	2
https://gr.robotoys.eu/mikroskopika-spitia/biblia-nook/entheto-bibliothhkhs-holiday-cafe-rolife-tgb15-p225	0	2	0	3.5
https://gr.robotoys.eu/mikroskopika-spitia/biblia-nook/entheto-bibliothhkhs-library-of-wonders-rolife-tgb16-p226	0	2	0	4.5
https://gr.robotoys.eu/mikroskopika-spitia/biblia-nook/entheto-bibliothhkhs-skhnh-dromoy-rolife-tgb13-p256	0	4	0	3
https://gr.robotoys.eu/mikroskopika-spitia/biblia-nook/entheto-bibliothhkhs-taksidi-sth-xwra-twn-thaymatwn-rolife-tgb12-p165	0	4	0	5.25
https://gr.robotoys.eu/mikroskopika-spitia/biblia-nook/entheto-bibliothhkhs-thematiko-parko-paramythioy-rolife-tgb17-p257	0	5	0	6.4
https://gr.robotoys.eu/mikroskopika-spitia/biblia-nook/entheto-rafi-arcade-dating-rolife-tgb10-p148	0	4	0	1.5
https://gr.robotoys.eu/mikroskopika-spitia/biblia-nook/entheto-rafi-romantic-venice-rolife-tgb08-p107	0	3	0	1.33
https://gr.robotoys.eu/mikroskopika-spitia/biblia-nook/entheto-rafi-xristoygenniatikh-eswterikh-skhnh-rolife-tgc07-p140	0	5	0	6.6
https://gr.robotoys.eu/mikroskopika-spitia/biblia-nook/entheto-rafi-xristoygenniatikh-odos-rolife-tgc06-p139	0	1	0	1
https://gr.robotoys.eu/mikroskopika-spitia/biblia-nook/entheto-rafioy-falling-sakura-rolife-tgb05-p50	0	4	0	6
https://gr.robotoys.eu/mikroskopika-spitia/biblia-nook/entheto-rafioy-gwnia-loyloydiwn-rolife-tgb09-p108	0	2	0	6
https://gr.robotoys.eu/mikroskopika-spitia/biblia-nook/magical-house-rolife-tgb03-p58	0	1	0	9
https://gr.robotoys.eu/mikroskopika-spitia/magazia-me-miniatoyres/kafe-sto-saimon-rolife-dg109-p64	0	29	0	5.69
https://gr.robotoys.eu/mikroskopika-spitia/magazia-me-miniatoyres/miniatoyra-spiti-estiatorio-tipsy-rolife-dg167-p209	0	2	0	6.5
https://gr.robotoys.eu/mikroskopika-spitia/magazia-me-miniatoyres/witch-shop-kiki-rolife-dg155-p31	0	1	0	12
https://gr.robotoys.eu/mikroskopika-spitia/mikroskopika-dwmatia/bibliothhkh-meleths-toy-sam-rolife-dg102-p86	0	33	0	1.58
https://gr.robotoys.eu/mikroskopika-spitia/mikroskopika-dwmatia/miniatoyra-spiti-zesth-koyzina-rolife-dg159-p89	0	9	0	5.11
https://gr.robotoys.eu/mikroskopika-spitia/mikroskopika-dwmatia/mr-millers-garden-rolife-dg108-p23	0	1	0	4
https://gr.robotoys.eu/mikroskopika-spitia/mikroskopika-dwmatia/spiti-miniatoyra-sofita-ths-ntoras-rolife-dg12-p91	0	5	0	7
https://gr.robotoys.eu/proionta-markas-rokr-pros-pwlhsh	0	3	0	4.67
https://gr.robotoys.eu/pwlhsh-mikrwn-spitiwn	0	6	0	1
https://gr.robotoys.eu/pwlhsh-proiontwn-markas-rokr	0	2	0	8
https://gr.robotoys.eu/pwlhsh-proiontwn-markas-rolife	0	1	0	10
https://gr.robotoys.eu/ta-fthhnotera-proionta-ths-markas-rokr	0	3	0	7.67
https://gr.robotoys.eu/ta-fthhnotera-spitia-se-miniatoyres	0	1	0	6
https://gr.robotoys.eu/ta-pio-akriba-dwra-gia-andres-kai-agoria	0	14	0	5.43
https://gr.robotoys.eu/ta-pio-akriba-dwra-gia-diakosmhsh	0	2	0	7.5
https://gr.robotoys.eu/ta-pio-akriba-dwra-gia-ta-xristoygenna	0	1	0	4
https://gr.robotoys.eu/ta-pio-akriba-spitia-se-miniatoyres	0	1	0	10
https://gr.robotoys.eu/ta-pio-oikonomika-dwra-gia-gynaikes-kai-koritsia	0	1	0	6
https://gr.robotoys.eu/ta-proionta-me-tis-megalyteres-pwlhseis-ths-markas-rolife	0	1	0	9
https://gr.robotoys.eu/ta-teleytaia-proionta-ths-markas-rokr	0	2	0	8
https://gr.robotoys.eu/xrhsimoi-syndesmoi/ola-gia-pswnia	0	6	0	3.83
https://gr.robotoys.eu/xrhsimoi-syndesmoi/sxetika-me-thn-etaireia	0	22	0	7.95
https://gr.robotoys.eu/xrhsimoi-syndesmoi/sxetika-me-thn-etaireia/epikoinwnia	0	23	0	12.35
https://gr.robotoys.eu/xrhsimoi-syndesmoi/sxetika-me-thn-etaireia/sxetika-me-emas	0	12	0	18.92
https://gr.robotoys.eu/xrhsimoi-syndesmoi/sxetika-me-thn-etaireia/xondriko-emporio	0	5	0	33.4
https://gr.robotoys.eu/xrhsimoi-syndesmoi/syxnes-erwthseis	0	1	0	10
https://hr.robotoys.eu/blog/10-alata-koji-su-vam-potrebni-za-sastavljanje-drvene-3d-slagalice	0	1	0	5
https://hr.robotoys.eu/blog/5-najboljih-poklona-za-valentinovo-koji-ce-se-svidjeti-svima	0	2	0	14.5
https://hr.robotoys.eu/blog/5-prednosti-kreativnih-gradivnih-blokova-za-razvoj-fine-motorike-i-koncentracije	0	5	0	5
https://hr.robotoys.eu/blog/drvene-3d-slagalice-kako-odabrati-svoj-prvi-komplet-za-slaganje-i-na-sto-se-pripremiti	0	7	0	4.57
https://hr.robotoys.eu/blog/drveni-buket-koji-nikad-ne-vene-otkrijte-caroliju-3d-cvjetnih-slagalica	0	4	0	8.75
https://hr.robotoys.eu/blog/kako-odabrati-najbolji-ukras-za-dom-savjeti-i-trikovi	0	1	0	8
https://hr.robotoys.eu/blog/kako-se-rijesiti-stresa-10-ucinkovitih-savjeta	0	6	0	20
https://hr.robotoys.eu/blog/mala-prica-3d-kompleti-za-gradnju-koji-spajaju-kreativnost-zabavu-i-kvalitetu	0	1	0	6
https://hr.robotoys.eu/blog/najbolji-poklon-za-njega-original-s-daskom-povijesti	0	2	0	5
https://hr.robotoys.eu/blog/prica-o-poznatom-tower-bridgeu-kako-dovesti-london-u-svoj-dom	0	183	0	7.86
https://hr.robotoys.eu/blog/rokr-vas-ulazak-u-svijet-kreativnosti-i-zabave	0	1	0	7
https://hr.robotoys.eu/blog/rolife-ljepota-sporog-zivota-i-diy-kreativnost	0	2	0	6.5
https://hr.robotoys.eu/blog/sto-pripremiti-prije-prvog-sastavljanja-drvene-3d-slagalice	0	1	0	3
https://hr.robotoys.eu/blog/tiktok-trend-dopaminski-hobi-sto-to-znaci-i-zasto-su-zagonetke-odlican-izbor	0	2	0	2.5
https://hr.robotoys.eu/blog/top-5-aktivnosti-koje-podupiru-razvoj-motrickih-sposobnosti	0	1	0	1
https://hr.robotoys.eu/brendovi	0	4	0	9.75
https://hr.robotoys.eu/brendovi/little-story	0	5	0	5.4
https://hr.robotoys.eu/drvena-3d-slagalica-100-do-149-kom	0	2	0	5.5
https://hr.robotoys.eu/drvena-3d-slagalica-manje-od-100-kom	0	6	0	12.5
https://hr.robotoys.eu/drvena-3d-slagalica-srednje-tezine	0	4	0	12
https://hr.robotoys.eu/drvena-3d-slagalica-vise-od-300-kom	0	5	0	7
https://hr.robotoys.eu/drvena-3d-slagalica-visoka-tezina	0	1	0	11
https://hr.robotoys.eu/drvena-3d-slagalica-vrijeme-sastavljanja-do-1-sat	0	1	0	18
https://hr.robotoys.eu/drvena-3d-slagalica/arhitektura/big-ben-maketa-sa-led-rasvjetom-rolife-tg507-p20	0	1	0	17
https://hr.robotoys.eu/drvena-3d-slagalica/arhitektura/drvena-3d-puzzle-brandenburska-vrata-little-story-e015-p125	0	7	0	2.71
https://hr.robotoys.eu/drvena-3d-slagalica/arhitektura/drvena-3d-puzzle-colosseum-little-story-e016-p126	0	6	0	1.83
https://hr.robotoys.eu/drvena-3d-slagalica/arhitektura/drvena-3d-puzzle-katedrale-notre-dame-little-story-e017-p127	0	8	0	3.25
https://hr.robotoys.eu/drvena-3d-slagalica/arhitektura/drvena-3d-puzzle-krivi-toranj-u-pisi-little-story-e009-p114	0	2	0	8
https://hr.robotoys.eu/drvena-3d-slagalica/arhitektura/drvena-3d-puzzle-pobjednicki-luk-little-story-e011-p123	0	12	0	2.33
https://hr.robotoys.eu/drvena-3d-slagalica/arhitektura/drvena-3d-puzzle-pobjednicki-luk-rolife-tg502-p47	0	2	0	2.5
https://hr.robotoys.eu/drvena-3d-slagalica/arhitektura/drvena-3d-slagalica-kucica-na-drvetu-sakura-rolife-tgs04-p201	0	7	0	1.29
https://hr.robotoys.eu/drvena-3d-slagalica/arhitektura/drvena-3d-slagalica-mini-planinska-koliba-u-obliku-slova-a-rolife-dg181-p227	0	20	0	3
https://hr.robotoys.eu/drvena-3d-slagalica/arhitektura/drvena-mehanicka-3d-slagalica-windmill-eco-wood-art-p154	0	1	0	19
https://hr.robotoys.eu/drvena-3d-slagalica/arhitektura/model-kosog-tornja-u-pisi-rolife-tg304-p37	0	9	0	1
https://hr.robotoys.eu/drvena-3d-slagalica/arhitektura/model-tower-bridge-sa-led-rasvjetom-rolife-tg412-p19	0	1	0	9
https://hr.robotoys.eu/drvena-3d-slagalica/arhitektura/peterokatna-pagoda-rolife-tgn02-p45	0	4	0	7.25
https://hr.robotoys.eu/drvena-3d-slagalica/arhitektura/svjetleci-eiffelov-toranj-rolife-tgl01-p73	0	12	0	7
https://hr.robotoys.eu/drvena-3d-slagalica/cvijece	0	5	0	4.4
https://hr.robotoys.eu/drvena-3d-slagalica/cvijece/drvena-3d-puzzle-buket-cvijeca-rowood-tw01h-p100	0	91	0	11.21
https://hr.robotoys.eu/drvena-3d-slagalica/cvijece/drvena-3d-puzzle-crvena-ruza-rowood-tw042-p101	0	4	0	2.5
https://hr.robotoys.eu/drvena-3d-slagalica/cvijece/drvena-3d-puzzle-lilac-rowood-tw021-p103	0	1	0	20
https://hr.robotoys.eu/drvena-3d-slagalica/cvijece/drvena-3d-puzzle-narancasti-tulipan-rowood-tw081-p145	0	1	0	1
https://hr.robotoys.eu/drvena-3d-slagalica/cvijece/drvena-3d-puzzle-ruzicasta-ruza-rowood-tw041-p111	0	7	0	6.86
https://hr.robotoys.eu/drvena-3d-slagalica/cvijece/drvena-3d-puzzle-ruzicasti-karanfil-rowood-tw051-p110	0	1	0	11
https://hr.robotoys.eu/drvena-3d-slagalica/cvijece/drvena-3d-puzzle-ruzicasti-ljiljan-rowood-tw071-p144	0	3	0	1.33
https://hr.robotoys.eu/drvena-3d-slagalica/cvijece/drvena-3d-puzzle-sakura-rowood-tw101-p195	0	4	0	4.25
https://hr.robotoys.eu/drvena-3d-slagalica/cvijece/drvena-3d-slagalica-bozicna-zvijezda-rowood-tf001-p222	0	3	0	4.33
https://hr.robotoys.eu/drvena-3d-slagalica/cvijece/drvena-3d-slagalica-drvena-kutija-za-cvijece-rowood-tw02h-p162	0	7	0	4.86
https://hr.robotoys.eu/drvena-3d-slagalica/cvijece/drvena-3d-slagalica-jelen-uz-planinsko-jezero-p260	0	1	0	8
https://hr.robotoys.eu/drvena-3d-slagalica/cvijece/drvena-3d-slagalica-ljubicasta-orhideja-leptir-rowood-tw091-p194	0	4	0	7.5
https://hr.robotoys.eu/drvena-3d-slagalica/cvijece/drvena-3d-slagalica-sakura-bonsai-rolife-tg415-p142	0	7	0	2
https://hr.robotoys.eu/drvena-3d-slagalica/cvijece/drvena-3d-slagalica-suncana-plaza-sa-svjetionikom-p263	0	1	0	3
https://hr.robotoys.eu/drvena-3d-slagalica/cvijece/drvena-3d-slagalica-svijetlo-narancasti-gerber-rowood-tw111-p196	0	2	0	3.5
https://hr.robotoys.eu/drvena-3d-slagalica/cvijece/drvena-3d-slagalica-zimzeleni-bor-bonsai-rolife-tg510-p143	0	5	0	1.8
https://hr.robotoys.eu/drvena-3d-slagalica/cvijece/drvena-3d-slagalica-zlatni-suncokret-rowood-th002-p193	0	2	0	2.5
https://hr.robotoys.eu/drvena-3d-slagalica/glazbene-kutije/drvena-mehanicka-3d-slagalica-carobna-harfa-rokr-amk71-p254	0	1	0	5
https://hr.robotoys.eu/drvena-3d-slagalica/glazbene-kutije/drvena-mehanicka-3d-slagalica-diva-gramofon-rokr-amk82-p267	0	1	0	12
https://hr.robotoys.eu/drvena-3d-slagalica/glazbene-kutije/drvena-mehanicka-3d-slagalica-klasicni-vrtuljak-rolife-amc01-p146	0	4	0	7.25
https://hr.robotoys.eu/drvena-3d-slagalica/glazbene-kutije/drvena-mehanicka-3d-slagalica-sakura-dreamy-tour-rolife-amt02-p219	0	4	0	9
https://hr.robotoys.eu/drvena-3d-slagalica/glazbene-kutije/elektricni-gramofon-rokr-lkb01d-p68	0	13	0	8.54
https://hr.robotoys.eu/drvena-3d-slagalica/glazbene-kutije/glazbena-kutija-carobno-violoncelo-rokr-amk63-p1	0	3	0	9.33
https://hr.robotoys.eu/drvena-3d-slagalica/glazbene-kutije/glazbena-kutija-swing-ride-rokr-ea02-p4	0	2	0	5
https://hr.robotoys.eu/drvena-3d-slagalica/glazbene-kutije/glazbena-kutija-zvjezdana-noc-rokr-amk51-p11	0	2	0	2.5
https://hr.robotoys.eu/drvena-3d-slagalica/glazbeni-instrumenti	0	6	0	4.67
https://hr.robotoys.eu/drvena-3d-slagalica/glazbeni-instrumenti/carobni-klavir-rokr-amk81-p70	0	7	0	3.71
https://hr.robotoys.eu/drvena-3d-slagalica/glazbeni-instrumenti/drvena-3d-puzzle-cello-rolife-tg411-p85	0	1	0	23
https://hr.robotoys.eu/drvena-3d-slagalica/glazbeni-instrumenti/drvena-3d-slagalica-veliki-klavir-rolife-tg402-p200	0	2	0	4
https://hr.robotoys.eu/drvena-3d-slagalica/glazbeni-instrumenti/harmonika-rolife-tg410-p41	0	9	0	2.33
https://hr.robotoys.eu/drvena-3d-slagalica/oruzje	0	2	0	3
https://hr.robotoys.eu/drvena-3d-slagalica/oruzje/drvena-mehanicka-3d-slagalica-mini-pistolj-rokr-lq502-p147	0	10	0	2.7
https://hr.robotoys.eu/drvena-3d-slagalica/oruzje/drvena-mehanicka-3d-slagalica-mitraljez-s-rotirajucom-cijevi-rokr-lqa01-p218	0	1	0	1
https://hr.robotoys.eu/drvena-3d-slagalica/oruzje/drvena-mehanicka-3d-slagalica-protuzracni-top-rokr-lqm01-p255	0	5	0	3.8
https://hr.robotoys.eu/drvena-3d-slagalica/oruzje/revolver-corsac-m60-rokr-lq401-p35	0	1	0	7
https://hr.robotoys.eu/drvena-3d-slagalica/oruzje/thompson-rokr-lqb01-p74	0	2	0	5
https://hr.robotoys.eu/drvena-3d-slagalica/satovi-i-kalendari	0	1	0	2
https://hr.robotoys.eu/drvena-3d-slagalica/satovi-i-kalendari/drvena-mehanicka-3d-slagalica-sat-s-kukavicom-drvena-boja-rokr-lc901-p217	0	1	0	8
https://hr.robotoys.eu/drvena-3d-slagalica/satovi-i-kalendari/drvena-mehanicka-3d-slagalica-sat-s-kukavicom-rokr-lc901c-p198	0	4	0	3.5
https://hr.robotoys.eu/drvena-3d-slagalica/satovi-i-kalendari/romanticni-zidni-sat-rokr-lc701-p56	0	5	0	3.2
https://hr.robotoys.eu/drvena-3d-slagalica/satovi-i-kalendari/sat-sova-rokr-lk503-p6	0	3	0	3.33
https://hr.robotoys.eu/drvena-3d-slagalica/satovi-i-kalendari/zidni-sat-zodiac-rokr-lc601-p52	0	2	0	5
https://hr.robotoys.eu/drvena-3d-slagalica/stem-lab	0	5	0	8.6
https://hr.robotoys.eu/drvena-3d-slagalica/stem-lab/drvena-3d-slagalica-retro-telefon-eco-wood-art-p156	0	5	0	4
https://hr.robotoys.eu/drvena-3d-slagalica/stem-lab/drvena-mehanicka-3d-puzzle-classic-printer-rokr-lk602-p90	0	1	0	2
https://hr.robotoys.eu/drvena-3d-slagalica/stem-lab/drvena-mehanicka-3d-slagalica-gear-ball-challenge-rokr-egc01-p213	0	1	0	12
https://hr.robotoys.eu/drvena-3d-slagalica/stem-lab/drvena-mehanicka-3d-slagalica-parni-stroj-rokr-lka01-p104	0	2	0	5.5
https://hr.robotoys.eu/drvena-3d-slagalica/stem-lab/drvena-mehanicka-3d-slagalica-pisaci-stroj-eco-wood-art-p158	0	6	0	4.33
https://hr.robotoys.eu/drvena-3d-slagalica/stem-lab/drvena-mehanicka-3d-slagalica-tvornica-cokolade-rokr-lga02-p75	0	1	0	7
https://hr.robotoys.eu/drvena-3d-slagalica/stem-lab/drvena-mehanicka-3d-slagalica-tvornica-poklona-iz-snova-rokr-eab01-p202	0	4	0	6.75
https://hr.robotoys.eu/drvena-3d-slagalica/stem-lab/filmski-projektor-vitascope-rokr-lk601-p5	0	2	0	6
https://hr.robotoys.eu/drvena-3d-slagalica/stem-lab/fliper-rokr-eg01-p43	0	1	0	3
https://hr.robotoys.eu/drvena-3d-slagalica/stem-lab/sef-za-pohranu-rokr-lk502-p57	0	1	0	10
https://hr.robotoys.eu/drvena-3d-slagalica/svemir	0	4	0	7.5
https://hr.robotoys.eu/drvena-3d-slagalica/svemir/drvena-mehanicka-3d-slagalica-space-shuttle-rokr-lka02-p253	0	1	0	6
https://hr.robotoys.eu/drvena-3d-slagalica/svemir/suncev-sustav-rokr-st001-p71	0	13	0	2.23
https://hr.robotoys.eu/drvena-3d-slagalica/svemir/svjetleci-globus-rokr-st003-p3	0	2	0	2.5
https://hr.robotoys.eu/drvena-3d-slagalica/vozila/balon-na-topli-zrak-rolife-tg406-p84	0	1	0	4
https://hr.robotoys.eu/drvena-3d-slagalica/vozila/drvena-3d-puzzle-helikopter-little-story-d017-p131	0	5	0	3.2
https://hr.robotoys.eu/drvena-3d-slagalica/vozila/drvena-3d-puzzle-jahta-little-story-d015-p129	0	7	0	1.14
https://hr.robotoys.eu/drvena-3d-slagalica/vozila/drvena-3d-puzzle-kraljevska-kocija-rolife-tg302-p62	0	12	0	2.67
https://hr.robotoys.eu/drvena-3d-slagalica/vozila/drvena-3d-puzzle-lokomotiva-little-story-e012-p124	0	7	0	1.57
https://hr.robotoys.eu/drvena-3d-slagalica/vozila/drvena-3d-puzzle-londonski-turisticki-autobus-rolife-tgm02-p106	0	6	0	11.17
https://hr.robotoys.eu/drvena-3d-slagalica/vozila/drvena-3d-puzzle-model-ribarskog-broda-rolife-tg308-p38	0	1	0	4
https://hr.robotoys.eu/drvena-3d-slagalica/vozila/drvena-3d-puzzle-tenk-t-34-85-little-story-wot02-p135	0	2	0	5.5
https://hr.robotoys.eu/drvena-3d-slagalica/vozila/drvena-3d-puzzle-viljuskar-model-rokr-tg413k-p48	0	1	0	2
https://hr.robotoys.eu/drvena-3d-slagalica/vozila/drvena-3d-slagalica-bager-rokr-tg508k-p197	0	7	0	2.57
https://hr.robotoys.eu/drvena-3d-slagalica/vozila/drvena-3d-slagalica-cisterna-poluprikolica-za-kamion-road-king-eco-wood-art-p155	0	2	0	2
https://hr.robotoys.eu/drvena-3d-slagalica/vozila/drvena-3d-slagalica-japanski-diplomatski-brod-rolife-tg307-p199	0	4	0	8.25
https://hr.robotoys.eu/drvena-3d-slagalica/vozila/drvena-3d-slagalica-jedrenjak-gospodar-mora-eco-wood-art-p216	0	2	0	5.5
https://hr.robotoys.eu/drvena-3d-slagalica/vozila/drvena-3d-slagalica-parobrod-little-story-e025-p230	0	1	0	6
https://hr.robotoys.eu/drvena-3d-slagalica/vozila/drvena-3d-slagalica-parobrod-river-princess-eco-wood-art-p159	0	2	0	9.5
https://hr.robotoys.eu/drvena-3d-slagalica/vozila/drvena-3d-slagalica-plavi-motocikl-za-speedway-little-story-e019b-p239	0	2	0	4.5
https://hr.robotoys.eu/drvena-3d-slagalica/vozila/drvena-3d-slagalica-policijski-auto-eco-wood-art-p214	0	3	0	4.33
https://hr.robotoys.eu/drvena-3d-slagalica/vozila/drvena-3d-slagalica-prikolica-kiper-kamiona-road-king-eco-wood-art-p207	0	3	0	2.33
https://hr.robotoys.eu/drvena-3d-slagalica/vozila/drvena-3d-slagalica-samohodna-kosilica-cs-150c-eco-wood-art-p234	0	1	0	9
https://hr.robotoys.eu/drvena-3d-slagalica/vozila/drvena-3d-slagalica-speedway-motocikl-little-story-e019-p171	0	2	0	3.5
https://hr.robotoys.eu/drvena-3d-slagalica/vozila/drvena-3d-slagalica-tenk-amx-13-105-little-story-wot05-p177	0	7	0	3.71
https://hr.robotoys.eu/drvena-3d-slagalica/vozila/drvena-3d-slagalica-tenk-leopard-1-little-story-wot07-p179	0	8	0	3.62
https://hr.robotoys.eu/drvena-3d-slagalica/vozila/drvena-3d-slagalica-tigar-i-little-story-wot03-p136	0	1	0	1
https://hr.robotoys.eu/drvena-3d-slagalica/vozila/drvena-3d-slagalica-vojni-dzip-little-story-e014-p170	0	3	0	4.33
https://hr.robotoys.eu/drvena-3d-slagalica/vozila/drvena-mehanicka-3d-slagalica-cruiser-motor-eco-wood-art-p150	0	3	0	8
https://hr.robotoys.eu/drvena-3d-slagalica/vozila/drvena-mehanicka-3d-slagalica-crveni-trkaci-automobil-eco-wood-art-p152	0	41	0	2.24
https://hr.robotoys.eu/drvena-3d-slagalica/vozila/drvena-mehanicka-3d-slagalica-dilizansa-rokr-amka1-p99	0	14	0	8.93
https://hr.robotoys.eu/drvena-3d-slagalica/vozila/drvena-mehanicka-3d-slagalica-jedrilica-morski-konjic-rokr-mcb02-p212	0	1	0	8
https://hr.robotoys.eu/drvena-3d-slagalica/vozila/drvena-mehanicka-3d-slagalica-kamion-road-king-eco-wood-art-p206	0	3	0	13.67
https://hr.robotoys.eu/drvena-3d-slagalica/vozila/drvena-mehanicka-3d-slagalica-kombajn-za-zito-gh800-eco-wood-art-p160	0	18	0	2.17
https://hr.robotoys.eu/drvena-3d-slagalica/vozila/drvena-mehanicka-3d-slagalica-traktor-eco-wood-art-p233	0	4	0	4
https://hr.robotoys.eu/drvena-3d-slagalica/vozila/drvena-mehanicka-3d-slagalica-trkaci-auto-rokr-lk505-p141	0	4	0	3.5
https://hr.robotoys.eu/drvena-3d-slagalica/vozila/drvena-mehanicka-3d-slagalica-utovarivac-eco-wood-art-p204	0	1	0	7
https://hr.robotoys.eu/drvena-3d-slagalica/vozila/drvena-mehanicka-3d-slagalica-zuti-trkaci-automobil-eco-wood-art-p151	0	3	0	5
https://hr.robotoys.eu/drvena-3d-slagalica/vozila/grand-prix-model-automobila-rokr-mc401-p16	0	2	0	3.5
https://hr.robotoys.eu/drvena-3d-slagalica/vozila/lokomotiva-rokr-lk701-p7	0	5	0	2.6
https://hr.robotoys.eu/drvena-3d-slagalica/vozila/model-jedrilice-rolife-tg305-p21	0	4	0	19.75
https://hr.robotoys.eu/drvena-3d-slagalica/vozila/motocikl-cruiser-rokr-lk504-p12	0	1	0	18
https://hr.robotoys.eu/drvena-3d-slagalica/vozila/vintage-auto-rokr-mc801-p72	0	1	0	2
https://hr.robotoys.eu/drvena-3d-slagalica/zivotinje	0	1	0	3
https://hr.robotoys.eu/drvena-3d-slagalica/zivotinje/drvena-3d-puzzle-klokan-little-story-d014-p122	0	6	0	2.33
https://hr.robotoys.eu/drvena-3d-slagalica/zivotinje/drvena-3d-puzzle-pcela-little-story-d001-p128	0	9	0	4.44
https://hr.robotoys.eu/drvena-3d-slagalica/zivotinje/drvena-3d-puzzle-slon-little-story-d012-p120	0	2	0	7.5
https://hr.robotoys.eu/drvena-3d-slagalica/zivotinje/drvena-3d-puzzle-sova-little-story-d009-p132	0	3	0	20.67
https://hr.robotoys.eu/drvena-3d-slagalica/zivotinje/drvena-3d-puzzle-t-rex-little-story-d006-p115	0	1	0	4
https://hr.robotoys.eu/drvena-3d-slagalica/zivotinje/drvena-3d-puzzle-zirafa-little-story-d013-p121	0	6	0	4
https://hr.robotoys.eu/drvena-3d-slagalica/zivotinje/drvena-mehanicka-3d-slagalica-velociraptor-rokr-ld01-p220	0	1	0	5
https://hr.robotoys.eu/ideje-za-darove	0	2	0	7.5
https://hr.robotoys.eu/ideje-za-darove/pokloni-za-dekoraciju	0	2	0	5
https://hr.robotoys.eu/ideje-za-darove/pokloni-za-djecu	0	1	0	3
https://hr.robotoys.eu/ideje-za-darove/pokloni-za-nju	0	1	0	16
https://hr.robotoys.eu/ideje-za-poklone-prodaja?page=2	0	1	0	13
https://hr.robotoys.eu/korisni-linkovi/cesto-postavljana-pitanja	0	1	0	2
https://hr.robotoys.eu/korisni-linkovi/o-drustvu	0	1	0	6
https://hr.robotoys.eu/minijaturne-kuce-na-prodaju	0	2	0	7.5
https://hr.robotoys.eu/minijaturne-kuce-visoka-tezina	0	1	0	10
https://hr.robotoys.eu/minijaturne-kuce/knjige-nook/knjizara-rolife-tgb07-p76	0	4	0	12
https://hr.robotoys.eu/minijaturne-kuce/knjige-nook/sunshine-town-rolife-tgb02-p30	0	6	0	9.17
https://hr.robotoys.eu/minijaturne-kuce/knjige-nook/ulozak-za-police-bozicna-ulica-rolife-tgc06-p139	0	1	0	15
https://hr.robotoys.eu/minijaturne-kuce/knjige-nook/ulozak-za-policu-za-knjige-putovanje-u-zemlju-cudesa-rolife-tgb12-p165	0	1	0	8
https://hr.robotoys.eu/minijaturne-kuce/knjige-nook/umetak-za-police-cvjetni-kutak-rolife-tgb09-p108	0	5	0	7
https://hr.robotoys.eu/minijaturne-kuce/knjige-nook/umetak-za-police-romantic-venice-rolife-tgb08-p107	0	8	0	8.38
https://hr.robotoys.eu/minijaturne-kuce/knjige-nook/umetak-za-policu-za-knjige-knjiznica-cuda-rolife-tgb16-p226	0	4	0	2.75
https://hr.robotoys.eu/minijaturne-kuce/knjige-nook/umetak-za-policu-za-knjige-ulicni-prizor-rolife-tgb13-p256	0	21	0	5.48
https://hr.robotoys.eu/minijaturne-kuce/knjige-nook/vrtna-kucica-za-odmor-rolife-tgb06-p78	0	7	0	12.71
https://hr.robotoys.eu/minijaturne-kuce/minijaturne-sobe	0	1	0	5
https://hr.robotoys.eu/minijaturne-kuce/minijaturne-sobe/samova-radna-biblioteka-rolife-dg102-p86	0	19	0	5.47
https://hr.robotoys.eu/minijaturne-kuce/minijaturne-trgovine/cvjecarna-emily-rolife-dg145-p25	0	2	0	5
https://hr.robotoys.eu/minijaturne-kuce/minijaturne-trgovine/minijaturna-kuca-aliceina-trgovina-cajem-rolife-dg156-p61	0	2	0	7
https://hr.robotoys.eu/minijaturne-kuce/minijaturne-trgovine/minijaturna-kuca-prodavaonica-sladoleda-honey-rolife-dg148-p65	0	3	0	5.33
https://hr.robotoys.eu/minijaturne-kuce/minijaturne-trgovine/minijaturna-kucica-cvjetni-slatkisi-i-cajevi-rolife-dg146-p92	0	1	0	7
https://hr.robotoys.eu/minijaturne-kuce/minijaturne-trgovine/trgovina-vjesticama-kiki-rolife-dg155-p31	0	3	0	5.33
https://hr.robotoys.eu/minijaturne-kucice-150-do-199-kom	0	1	0	7
https://hr.robotoys.eu/minijaturne-kucice-200-do-299-kom	0	1	0	26
https://hr.robotoys.eu/minijaturne-kucice-vise-od-300-kom	0	19	0	16.42
https://hr.robotoys.eu/minijaturne-kucice-vrijeme-sastavljanja-unutar-1-do-3-sata	0	1	0	13
https://hr.robotoys.eu/minijaturne-kucice-vrijeme-sastavljanja-unutar-3-do-5-sati	0	1	0	8
https://hr.robotoys.eu/minijaturne-kucice-vrijeme-sastavljanja-vise-od-5-sati	0	31	0	19.03
https://hr.robotoys.eu/najjeftinija-drvena-3d-slagalica	0	1	0	8
https://hr.robotoys.eu/najjeftiniji-pokloni-za-djecu	0	1	0	9
https://hr.robotoys.eu/najjeftiniji-pokloni-za-zene-i-djevojke	0	1	0	5
https://hr.robotoys.eu/najpopularnija-drvena-3d-slagalica	0	1	0	7
https://hr.robotoys.eu/najpopularniji-proizvodi-robne-marke-rokr	0	2	0	10
https://hr.robotoys.eu/najprodavanije-minijaturne-kuce	0	1	0	4
https://hr.robotoys.eu/najprodavaniji-proizvodi-robne-marke-rokr	0	1	0	10
https://hr.robotoys.eu/najskuplji-darovi-za-muskarce-i-djecake	0	3	0	4.67
https://hr.robotoys.eu/najskuplji-pokloni-za-zene-i-djevojke	0	3	0	4.33
https://hr.robotoys.eu/najskuplji-proizvodi-marke-rokr	0	1	0	8
https://hr.robotoys.eu/najskuplji-rodendanski-pokloni	0	1	0	121
https://hr.robotoys.eu/natjecanje-u-slagalicama/balon-na-topli-zrak-rolife-tg406-84	0	1	0	9
https://hr.robotoys.eu/natjecanje-u-slagalicama/bubnjevi-rolife-tg409-81	0	1	0	8
https://hr.robotoys.eu/natjecanje-u-slagalicama/buket-cvijeca-rowood-tw01h-100	0	1	0	2
https://hr.robotoys.eu/natjecanje-u-slagalicama/cisterna-poluprikolica-za-kamion-road-king-eco-wood-art-155	0	3	0	1
https://hr.robotoys.eu/natjecanje-u-slagalicama/classic-printer-rokr-lk602-90	0	1	0	11
https://hr.robotoys.eu/natjecanje-u-slagalicama/crveni-trkaci-automobil-eco-wood-art-152	0	1	0	8
https://hr.robotoys.eu/natjecanje-u-slagalicama/cvjecarna-emily-rolife-dg145-25	0	1	0	10
https://hr.robotoys.eu/natjecanje-u-slagalicama/gear-ball-challenge-rokr-egc01-213	0	1	0	17
https://hr.robotoys.eu/natjecanje-u-slagalicama/harmonika-rolife-tg410-41	0	1	0	2
https://hr.robotoys.eu/natjecanje-u-slagalicama/hot-rod-eco-wood-art-231	0	1	0	8
https://hr.robotoys.eu/natjecanje-u-slagalicama/jahta-little-story-d015-129	0	1	0	10
https://hr.robotoys.eu/natjecanje-u-slagalicama/kamion-little-story-e013-169	0	1	0	10
https://hr.robotoys.eu/natjecanje-u-slagalicama/kamion-road-king-eco-wood-art-206	0	3	0	1
https://hr.robotoys.eu/natjecanje-u-slagalicama/kamion-za-zemljane-radove-moaz-75053-eco-wood-art-235	0	2	0	6
https://hr.robotoys.eu/natjecanje-u-slagalicama/knjiznica-cuda-rolife-tgb16-226	0	1	0	9
https://hr.robotoys.eu/natjecanje-u-slagalicama/kombajn-za-zito-gh800-eco-wood-art-160	0	1	0	1
https://hr.robotoys.eu/natjecanje-u-slagalicama/lopoci-ispod-vrtnog-mosta-258	0	1	0	4
https://hr.robotoys.eu/natjecanje-u-slagalicama/marble-parkour-rokr-lg501-42	0	1	0	25
https://hr.robotoys.eu/natjecanje-u-slagalicama/model-jedrilice-rolife-tg305-21	0	2	0	22.5
https://hr.robotoys.eu/natjecanje-u-slagalicama/monokularni-teleskop-rokr-st004-8	0	1	0	3
https://hr.robotoys.eu/natjecanje-u-slagalicama/narancasti-yankee-chopper-little-story-e024r-250	0	1	0	6
https://hr.robotoys.eu/natjecanje-u-slagalicama/pisaci-stroj-eco-wood-art-158	0	1	0	9
https://hr.robotoys.eu/natjecanje-u-slagalicama/prodavaonica-sladoleda-honey-rolife-dg148-65	0	1	0	10
https://hr.robotoys.eu/natjecanje-u-slagalicama/ruzicasta-ruza-rowood-tw041-111	0	1	0	9
https://hr.robotoys.eu/natjecanje-u-slagalicama/sat-s-kukavicom-rokr-lc901c-198	0	1	0	5
https://hr.robotoys.eu/natjecanje-u-slagalicama/simfonija-lijepih-snova-rokr-amk63m-211	0	1	0	16
https://hr.robotoys.eu/natjecanje-u-slagalicama/skola-magije-rolife-dg166-163	0	1	0	10
https://hr.robotoys.eu/natjecanje-u-slagalicama/svjetleci-eiffelov-toranj-rolife-tgl01-73	0	1	0	11
https://hr.robotoys.eu/natjecanje-u-slagalicama/svjetleci-globus-rokr-st003-3	0	1	0	1
https://hr.robotoys.eu/natjecanje-u-slagalicama/tvornica-cokolade-rokr-lga02-75	0	2	0	16
https://hr.robotoys.eu/natjecanje-u-slagalicama/vinska-aleja-ispod-sakura-rolife-tgb11-164	0	2	0	3.5
https://hr.robotoys.eu/natjecanje-u-slagalicama/violina-capriccio-rokr-tg604k-66	0	1	0	3
https://hr.robotoys.eu/natjecanje-u-slagalicama/zimzeleni-bor-bonsai-rolife-tg510-143	0	1	0	1
https://hr.robotoys.eu/natjecanje-u-slagalicama/zlatni-suncokret-rowood-th002-193	0	1	0	2
https://hr.robotoys.eu/natjecanje-u-slagalicama/zuti-trkaci-automobil-eco-wood-art-151	0	1	0	1
https://hr.robotoys.eu/prodaja-3d-drvenih-slagalica	0	1	0	1
https://hr.robotoys.eu/prodaja-minijaturnih-kuca	0	1	0	5
https://hr.robotoys.eu/prodaja-poklona-za-zene-i-djevojke	0	1	0	6
https://hr.robotoys.eu/proizvodi-marke-rolife-na-akciji	0	3	0	5.33
https://hr.robotoys.eu/rodendanski-pokloni-na-akciji	0	2	0	6.5
https://hu.robotoys.eu/a-legdragabb-fabol-keszult-3d-puzzle	0	1	0	10
https://hu.robotoys.eu/a-legdragabb-fabol-keszult-3d-puzzle?page=2	0	1	0	8
https://hu.robotoys.eu/a-legdragabb-miniatur-hazak	0	2	0	6
https://hu.robotoys.eu/a-legdragabb-szuletesnapi-ajandekok	0	17	0	42.18
https://hu.robotoys.eu/a-legjobb-ertekelesu-fabol-keszult-3d-puzzle	0	23	0	31.22
https://hu.robotoys.eu/a-legjobbra-ertekelt-ajandekok-noknek-es-lanyoknak?page=2	0	1	0	6
https://hu.robotoys.eu/a-legjobbra-ertekelt-szuletesnapi-ajandekok?page=3	0	1	0	8
https://hu.robotoys.eu/a-legkeresettebb-fa-3d-puzzle	0	1	0	10
https://hu.robotoys.eu/a-legnepszerubb-fa-3d-puzzle	0	1	0	6
https://hu.robotoys.eu/a-legolcsobb-fa-3d-puzzle	0	1	0	10
https://hu.robotoys.eu/a-legolcsobb-rolife-markatermekek	0	2	0	7
https://hu.robotoys.eu/a-legujabb-fabol-keszult-3d-puzzle	0	1	0	9
https://hu.robotoys.eu/a-rokr-marka-legdragabb-termekei	0	1	0	5
https://hu.robotoys.eu/a-rokr-marka-legjobbra-ertekelt-termekei	0	1	0	7
https://hu.robotoys.eu/a-rokr-marka-legkeresettebb-termekei	0	7	0	10.86
https://hu.robotoys.eu/a-rokr-marka-legujabb-termekei	0	1	0	7
https://hu.robotoys.eu/a-rolife-marka-legkelendobb-termekei	0	1	0	8
https://hu.robotoys.eu/ajandekok-gyerekeknek-eladok	0	1	0	11
https://hu.robotoys.eu/ajandekotletek	0	1	0	1
https://hu.robotoys.eu/ajandekotletek-eladok	0	1	0	1
https://hu.robotoys.eu/ajandekotletek/ajandekok-disziteshez	0	2	0	9
https://hu.robotoys.eu/ajandekotletek/ajandekok-gyerekeknek	0	2	0	4.5
https://hu.robotoys.eu/ajandekotletek/ajandekok-karacsonyra	0	3	0	10.33
https://hu.robotoys.eu/ajandekotletek/ajandekok-neki	0	7	0	8.71
https://hu.robotoys.eu/ajandekotletek/ajandekok-noknek	0	2	0	12
https://hu.robotoys.eu/ajandekotletek/szuletesnapi-ajandekok	0	10	0	8.8
https://hu.robotoys.eu/blog	0	3	0	21.33
https://hu.robotoys.eu/blog/10-eszkoz-amire-szukseged-lesz-egy-fabol-keszult-3d-puzzle-osszeallitasahoz	0	17	0	4.65
https://hu.robotoys.eu/blog/2025-osze-a-lassu-elet-szezonja-ime-a-bizonyitek	0	1	0	1
https://hu.robotoys.eu/blog/5-legjobb-valentin-napi-ajandek-ami-mindenkinek-tetszeni-fog	0	66	0	19.77
https://hu.robotoys.eu/blog/7-ellenallhatatlan-ajandekotlet-noknek	0	10	0	18.8
https://hu.robotoys.eu/blog/a-3d-fa-kirakok-tortenete-a-kezdetektol-a-jelenig	0	2	0	8.5
https://hu.robotoys.eu/blog/a-legjobb-ajandek-neki-eredeti-egy-kis-tortenelemmel	0	57	0	14.05
https://hu.robotoys.eu/blog/ajandek-annak-a-ferfinak-akinek-mar-mindene-megvan-24-eredeti-tipp-amivel-igazan-meglepi-majd	0	14	0	13
https://hu.robotoys.eu/blog/fa-3d-s-kirakok-hogyan-valasszuk-ki-az-elso-epitokeszletunket-es-mire-kell-felkeszulnunk	0	11	0	15.36
https://hu.robotoys.eu/blog/hogyan-szabaduljunk-meg-a-stressztol-10-hatekony-tipp	0	5	0	9.2
https://hu.robotoys.eu/blog/kis-tortenet-3d-epitokeszletek-amelyek-otvozik-a-kreativitast-a-szorakozast-es-a-minoseget	0	1	0	7
https://hu.robotoys.eu/blog/mit-kell-elokesziteni-mielott-eloszor-osszeraknank-egy-3d-s-fa-puzzle-t	0	4	0	3.25
https://hu.robotoys.eu/blog/mozgassa-az-agyat-a-3d-fa-mechanikus-rejtvenyekkel	0	1	0	5
https://hu.robotoys.eu/blog/rejtvenyek-epitese-a-legjobb-tevekenyseg-nyugdijasok-szamara	0	11	0	4.36
https://hu.robotoys.eu/blog/rokr-belepes-a-kreativitas-es-a-szorakozas-vilagaba	0	1	0	10
https://hu.robotoys.eu/blog/stem-es-fa-modellek	0	2	0	1.5
https://hu.robotoys.eu/blog/the-story-of-the-famous-tower-bridge-how-to-bring-london-to-your-home	0	126	0	11.01
https://hu.robotoys.eu/blog/tiktok-trend-dopamin-hobbi-mit-jelent-es-miert-a-rejtvenyek-a-legjobb-valasztas	0	10	0	5.1
https://hu.robotoys.eu/elado-rokr-markaju-termekek	0	21	0	10.1
https://hu.robotoys.eu/fa-3d-puzzle-kevesebb-mint-100-db	0	4	0	33
https://hu.robotoys.eu/fa-3d-puzzle-konnyu-nehezseg	0	15	0	6.93
https://hu.robotoys.eu/fa-3d-puzzle-kozepes-nehezsegu	0	1	0	8
https://hu.robotoys.eu/fa-3d-puzzle-osszeszerelesi-ido-1-3-ora	0	1	0	1
https://hu.robotoys.eu/fa-3d-puzzle-osszeszerelesi-ido-3-5-ora	0	4	0	6
https://hu.robotoys.eu/fa-3d-puzzle-osszeszerelesi-ido-tobb-mint-5-ora	0	2	0	9.5
https://hu.robotoys.eu/fa-3d-puzzle-tobb-mint-300-db	0	16	0	18.25
https://hu.robotoys.eu/fabol-keszult-3d-puzzle-150-199-db	0	1	0	8
https://hu.robotoys.eu/fabol-keszult-3d-puzzle-200-299-db	0	6	0	8.83
https://hu.robotoys.eu/fabol-keszult-3d-puzzle/az-allatok/fa-3d-puzzle-bagoly-little-story-d009-p132	0	13	0	16.62
https://hu.robotoys.eu/fabol-keszult-3d-puzzle/az-allatok/fa-3d-puzzle-flamingo-little-story-d007-p116	0	9	0	5.56
https://hu.robotoys.eu/fabol-keszult-3d-puzzle/az-allatok/fa-3d-puzzle-kenguru-little-story-d014-p122	0	6	0	13.67
https://hu.robotoys.eu/fabol-keszult-3d-puzzle/az-allatok/fa-3d-puzzle-meh-little-story-d001-p128	0	12	0	4.25
https://hu.robotoys.eu/fabol-keszult-3d-puzzle/az-allatok/fa-3d-puzzle-oroszlan-little-story-d011-p119	0	14	0	1.57
https://hu.robotoys.eu/fabol-keszult-3d-puzzle/az-allatok/fa-3d-puzzle-parasaurus-little-story-d008-p117	0	3	0	1
https://hu.robotoys.eu/fabol-keszult-3d-puzzle/az-allatok/fa-3d-puzzle-stegosaurus-little-story-d010-p118	0	3	0	4
https://hu.robotoys.eu/fabol-keszult-3d-puzzle/az-allatok/fa-3d-puzzle-t-rex-little-story-d006-p115	0	27	0	6.41
https://hu.robotoys.eu/fabol-keszult-3d-puzzle/az-allatok/fa-3d-puzzle-zsiraf-little-story-d013-p121	0	8	0	3.75
https://hu.robotoys.eu/fabol-keszult-3d-puzzle/az-allatok/fa-mechanikus-3d-kirako-velociraptor-rokr-ld01-p220	0	1	0	7
https://hu.robotoys.eu/fabol-keszult-3d-puzzle/az-univerzum	0	3	0	4.33
https://hu.robotoys.eu/fabol-keszult-3d-puzzle/az-univerzum/monokularis-teleszkop-rokr-st004-p8	0	4	0	6
https://hu.robotoys.eu/fabol-keszult-3d-puzzle/az-univerzum/napelemes-rendszer-rokr-st001-p71	0	6	0	7.67
https://hu.robotoys.eu/fabol-keszult-3d-puzzle/az-univerzum/vilagito-foldgomb-rokr-st003-p3	0	27	0	6.67
https://hu.robotoys.eu/fabol-keszult-3d-puzzle/epiteszet	0	9	0	10.44
https://hu.robotoys.eu/fabol-keszult-3d-puzzle/epiteszet/az-eiffel-torony-modellje-rolife-tg501-p17	0	8	0	6.88
https://hu.robotoys.eu/fabol-keszult-3d-puzzle/epiteszet/big-ben-modell-led-vilagitassal-rolife-tg507-p20	0	10	0	6.6
https://hu.robotoys.eu/fabol-keszult-3d-puzzle/epiteszet/fa-3d-kirako-konyvesbolt-egy-regi-sikatorban-p262	0	9	0	6.78
https://hu.robotoys.eu/fabol-keszult-3d-puzzle/epiteszet/fa-3d-kirako-konyvtar-a-tengerparton-p261	0	14	0	8.64
https://hu.robotoys.eu/fabol-keszult-3d-puzzle/epiteszet/fa-3d-kirako-mini-a-keretu-hegyi-fahaz-rolife-dg181-p227	0	5	0	1.6
https://hu.robotoys.eu/fabol-keszult-3d-puzzle/epiteszet/fa-3d-kirako-parizsi-katedralis-rowood-tg511-p224	0	4	0	5.75
https://hu.robotoys.eu/fabol-keszult-3d-puzzle/epiteszet/fa-3d-kirako-sakura-treehouse-rolife-tgs04-p201	0	35	0	5.71
https://hu.robotoys.eu/fabol-keszult-3d-puzzle/epiteszet/fa-3d-kirako-sydney-operahaz-little-story-e028-p238	0	3	0	4
https://hu.robotoys.eu/fabol-keszult-3d-puzzle/epiteszet/fa-3d-puzzle-brandenburgi-kapu-little-story-e015-p125	0	4	0	3.25
https://hu.robotoys.eu/fabol-keszult-3d-puzzle/epiteszet/fa-3d-puzzle-colosseum-little-story-e016-p126	0	17	0	8.65
https://hu.robotoys.eu/fabol-keszult-3d-puzzle/epiteszet/fa-3d-puzzle-gyozelmi-iv-little-story-e011-p123	0	87	0	4.9
https://hu.robotoys.eu/fabol-keszult-3d-puzzle/epiteszet/fa-3d-puzzle-pisai-ferde-torony-little-story-e009-p114	0	24	0	3
https://hu.robotoys.eu/fabol-keszult-3d-puzzle/epiteszet/fa-mechanikus-3d-kirako-szelmalom-eco-wood-art-p154	0	5	0	2
https://hu.robotoys.eu/fabol-keszult-3d-puzzle/epiteszet/fabol-keszult-3d-puzzle-gyozelmi-iv-rolife-tg502-p47	0	1	0	9
https://hu.robotoys.eu/fabol-keszult-3d-puzzle/epiteszet/fabol-keszult-3d-puzzle-pisai-ferde-torony-modellje-rolife-tg304-p37	0	4	0	12.5
https://hu.robotoys.eu/fabol-keszult-3d-puzzle/epiteszet/ot-emeletes-pagoda-rolife-tgn02-p45	0	24	0	4
https://hu.robotoys.eu/fabol-keszult-3d-puzzle/epiteszet/tower-bridge-modell-led-vilagitassal-rolife-tg412-p19	0	15	0	5.87
https://hu.robotoys.eu/fabol-keszult-3d-puzzle/epiteszet/vilagito-eiffel-torony-rolife-tgl01-p73	0	25	0	6.36
https://hu.robotoys.eu/fabol-keszult-3d-puzzle/fegyverek/fa-mechanikus-3d-kirako-legvedelmi-agyu-rokr-lqm01-p255	0	11	0	5.36
https://hu.robotoys.eu/fabol-keszult-3d-puzzle/fegyverek/fabol-keszult-mechanikus-3d-puzzle-mini-pisztoly-rokr-lq502-p147	0	12	0	3.33
https://hu.robotoys.eu/fabol-keszult-3d-puzzle/fegyverek/ostromagyu-rokr-kw801-p51	0	1	0	5
https://hu.robotoys.eu/fabol-keszult-3d-puzzle/fegyverek/ostromgep-ballista-rokr-kw401-p15	0	3	0	6.33
https://hu.robotoys.eu/fabol-keszult-3d-puzzle/fegyverek/revolver-corsac-m60-rokr-lq401-p35	0	1	0	1
https://hu.robotoys.eu/fabol-keszult-3d-puzzle/fegyverek/terminator-m870-rokr-lq501-p36	0	10	0	4
https://hu.robotoys.eu/fabol-keszult-3d-puzzle/fegyverek/thompson-rokr-lqb01-p74	0	5	0	6.4
https://hu.robotoys.eu/fabol-keszult-3d-puzzle/hangszerek	0	12	0	3.17
https://hu.robotoys.eu/fabol-keszult-3d-puzzle/hangszerek/dobok-rolife-tg409-p81	0	3	0	4.67
https://hu.robotoys.eu/fabol-keszult-3d-puzzle/hangszerek/fa-3d-puzzle-cello-rolife-tg411-p85	0	3	0	4.67
https://hu.robotoys.eu/fabol-keszult-3d-puzzle/hangszerek/fa-3d-puzzle-gramophone-rolife-tg408-p39	0	2	0	4.5
https://hu.robotoys.eu/fabol-keszult-3d-puzzle/hangszerek/hegedu-capriccio-rokr-tg604k-p66	0	8	0	2.25
https://hu.robotoys.eu/fabol-keszult-3d-puzzle/hangszerek/saxophone-rolife-tg309-p26	0	2	0	4.5
https://hu.robotoys.eu/fabol-keszult-3d-puzzle/hangszerek/varazszongora-rokr-amk81-p70	0	3	0	1.33
https://hu.robotoys.eu/fabol-keszult-3d-puzzle/jarmuvek/buldozer-modell-rokr-tg509k-p32	0	1	0	50
https://hu.robotoys.eu/fabol-keszult-3d-puzzle/jarmuvek/domper-modell-rokr-tg603k-p34	0	5	0	5
https://hu.robotoys.eu/fabol-keszult-3d-puzzle/jarmuvek/fa-3d-kirako-busz-little-story-d002-p166	0	4	0	23.5
https://hu.robotoys.eu/fabol-keszult-3d-puzzle/jarmuvek/fa-3d-kirako-domper-utanfuto-road-king-eco-wood-art-p207	0	1	0	4
https://hu.robotoys.eu/fabol-keszult-3d-puzzle/jarmuvek/fa-3d-kirako-gozhajo-little-story-e025-p230	0	3	0	3
https://hu.robotoys.eu/fabol-keszult-3d-puzzle/jarmuvek/fa-3d-kirako-japan-diplomaciai-hajo-rolife-tg307-p199	0	14	0	3.93
https://hu.robotoys.eu/fabol-keszult-3d-puzzle/jarmuvek/fa-3d-kirako-kotrogep-rokr-tg508k-p197	0	3	0	6
https://hu.robotoys.eu/fabol-keszult-3d-puzzle/jarmuvek/fa-3d-kirako-lapatos-gozhajo-river-princess-eco-wood-art-p159	0	18	0	4.44
https://hu.robotoys.eu/fabol-keszult-3d-puzzle/jarmuvek/fa-3d-kirako-mentoauto-eco-wood-art-p203	0	15	0	3.07
https://hu.robotoys.eu/fabol-keszult-3d-puzzle/jarmuvek/fa-3d-kirako-piros-comanche-motorkerekpar-little-story-e023r-p248	0	2	0	3.5
https://hu.robotoys.eu/fabol-keszult-3d-puzzle/jarmuvek/fa-3d-kirako-piros-grand-prix-motorkerekpar-little-story-e021r-p243	0	1	0	2
https://hu.robotoys.eu/fabol-keszult-3d-puzzle/jarmuvek/fa-3d-kirako-rendorauto-eco-wood-art-p214	0	2	0	5
https://hu.robotoys.eu/fabol-keszult-3d-puzzle/jarmuvek/fa-3d-kirako-rozsaszin-sting-roller-little-story-e022r-p246	0	1	0	9
https://hu.robotoys.eu/fabol-keszult-3d-puzzle/jarmuvek/fa-3d-kirako-speedway-motorkerekpar-little-story-e019-p171	0	3	0	5
https://hu.robotoys.eu/fabol-keszult-3d-puzzle/jarmuvek/fa-3d-kirako-szuperauto-eco-wood-art-p215	0	2	0	4.5
https://hu.robotoys.eu/fabol-keszult-3d-puzzle/jarmuvek/fa-3d-kirako-szurke-comanche-motorkerekpar-little-story-e023g-p247	0	1	0	1
https://hu.robotoys.eu/fabol-keszult-3d-puzzle/jarmuvek/fa-3d-kirako-tank-char-b1-little-story-wot06-p178	0	4	0	2.75
https://hu.robotoys.eu/fabol-keszult-3d-puzzle/jarmuvek/fa-3d-kirako-tank-leopard-1-little-story-wot07-p179	0	15	0	1.53
https://hu.robotoys.eu/fabol-keszult-3d-puzzle/jarmuvek/fa-3d-kirako-tank-maus-little-story-wot10-p237	0	5	0	1.8
https://hu.robotoys.eu/fabol-keszult-3d-puzzle/jarmuvek/fa-3d-kirako-tank-tortoise-little-story-wot08-p180	0	16	0	2.75
https://hu.robotoys.eu/fabol-keszult-3d-puzzle/jarmuvek/fa-3d-kirako-teherauto-little-story-d004-p168	0	2	0	51.5
https://hu.robotoys.eu/fabol-keszult-3d-puzzle/jarmuvek/fa-3d-kirako-teherauto-little-story-e013-p169	0	1	0	86
https://hu.robotoys.eu/fabol-keszult-3d-puzzle/jarmuvek/fa-3d-kirako-vitorlashajo-djong-eco-wood-art-p232	0	1	0	5
https://hu.robotoys.eu/fabol-keszult-3d-puzzle/jarmuvek/fa-3d-kirako-vitorlashajo-lord-of-the-seas-eco-wood-art-p216	0	1	0	14
https://hu.robotoys.eu/fabol-keszult-3d-puzzle/jarmuvek/fa-3d-kirako-zold-speedway-motorkerekpar-little-story-e019g-p240	0	3	0	2
https://hu.robotoys.eu/fabol-keszult-3d-puzzle/jarmuvek/fa-3d-puzzle-bat-chatillon-bourrasque-little-story-wot04-p134	0	2	0	6
https://hu.robotoys.eu/fabol-keszult-3d-puzzle/jarmuvek/fa-3d-puzzle-cruise-ship-little-story-e026-p229	0	1	0	20
https://hu.robotoys.eu/fabol-keszult-3d-puzzle/jarmuvek/fa-3d-puzzle-dzsip-little-story-d003-p167	0	2	0	6.5
https://hu.robotoys.eu/fabol-keszult-3d-puzzle/jarmuvek/fa-3d-puzzle-fiat-125p-little-story-e002-p94	0	3	0	3
https://hu.robotoys.eu/fabol-keszult-3d-puzzle/jarmuvek/fa-3d-puzzle-fiat-126p-little-story-e005-p97	0	4	0	2.25
https://hu.robotoys.eu/fabol-keszult-3d-puzzle/jarmuvek/fa-3d-puzzle-helikopter-little-story-d017-p131	0	15	0	3.8
https://hu.robotoys.eu/fabol-keszult-3d-puzzle/jarmuvek/fa-3d-puzzle-katonai-dzsip-little-story-e014-p170	0	3	0	1.33
https://hu.robotoys.eu/fabol-keszult-3d-puzzle/jarmuvek/fa-3d-puzzle-kiralyi-hinto-rolife-tg302-p62	0	9	0	2.44
https://hu.robotoys.eu/fabol-keszult-3d-puzzle/jarmuvek/fa-3d-puzzle-klasszikus-varosi-villamos-rokr-lk801-p88	0	11	0	5.73
https://hu.robotoys.eu/fabol-keszult-3d-puzzle/jarmuvek/fa-3d-puzzle-komancs-motorkerekpar-little-story-e023-p175	0	6	0	3.33
https://hu.robotoys.eu/fabol-keszult-3d-puzzle/jarmuvek/fa-3d-puzzle-london-turistabusz-rolife-tgm02-p106	0	6	0	6.83
https://hu.robotoys.eu/fabol-keszult-3d-puzzle/jarmuvek/fa-3d-puzzle-motorcycle-speedtail-little-story-e020-p172	0	3	0	3
https://hu.robotoys.eu/fabol-keszult-3d-puzzle/jarmuvek/fa-3d-puzzle-nagydij-motorkerekpar-little-story-e021-p173	0	3	0	3.33
https://hu.robotoys.eu/fabol-keszult-3d-puzzle/jarmuvek/fa-3d-puzzle-polonez-1500-little-story-e003-p95	0	7	0	5.14
https://hu.robotoys.eu/fabol-keszult-3d-puzzle/jarmuvek/fa-3d-puzzle-repulogep-little-story-d016-p130	0	39	0	5
https://hu.robotoys.eu/fabol-keszult-3d-puzzle/jarmuvek/fa-3d-puzzle-sakura-journey-rolife-tgs02-p105	0	4	0	5
https://hu.robotoys.eu/fabol-keszult-3d-puzzle/jarmuvek/fa-3d-puzzle-sting-scooter-little-story-e022-p174	0	3	0	3.33
https://hu.robotoys.eu/fabol-keszult-3d-puzzle/jarmuvek/fa-3d-puzzle-syrena-105-little-story-e004-p96	0	5	0	4.6
https://hu.robotoys.eu/fabol-keszult-3d-puzzle/jarmuvek/fa-3d-puzzle-tank-amx-13-105-little-story-wot05-p177	0	26	0	4.23
https://hu.robotoys.eu/fabol-keszult-3d-puzzle/jarmuvek/fa-3d-puzzle-tank-fv4005-little-story-wot09-p236	0	7	0	3.86
https://hu.robotoys.eu/fabol-keszult-3d-puzzle/jarmuvek/fa-3d-puzzle-tank-t-34-85-little-story-wot02-p135	0	15	0	3.07
https://hu.robotoys.eu/fabol-keszult-3d-puzzle/jarmuvek/fa-3d-puzzle-targonca-modell-rokr-tg413k-p48	0	7	0	4.57
https://hu.robotoys.eu/fabol-keszult-3d-puzzle/jarmuvek/fa-3d-puzzle-tartalyos-felpotkocsi-truck-road-king-eco-wood-art-p155	0	2	0	16
https://hu.robotoys.eu/fabol-keszult-3d-puzzle/jarmuvek/fa-3d-puzzle-tigris-i-little-story-wot03-p136	0	25	0	6
https://hu.robotoys.eu/fabol-keszult-3d-puzzle/jarmuvek/fa-3d-puzzle-uthengeres-modell-rokr-tg701k-p49	0	4	0	7.75
https://hu.robotoys.eu/fabol-keszult-3d-puzzle/jarmuvek/fa-3d-puzzle-warszawa-m20-little-story-e006-p98	0	13	0	3.69
https://hu.robotoys.eu/fabol-keszult-3d-puzzle/jarmuvek/fa-mechanikus-3d-kirako-cruiser-motorkerekpar-eco-wood-art-p150	0	2	0	8
https://hu.robotoys.eu/fabol-keszult-3d-puzzle/jarmuvek/fa-mechanikus-3d-kirako-domper-eco-wood-art-p205	0	1	0	9
https://hu.robotoys.eu/fabol-keszult-3d-puzzle/jarmuvek/fa-mechanikus-3d-kirako-gabonabetakarito-gh800-eco-wood-art-p160	0	2	0	3.5
https://hu.robotoys.eu/fabol-keszult-3d-puzzle/jarmuvek/fa-mechanikus-3d-kirako-maz-5309rr-eco-wood-art-p153	0	3	0	6
https://hu.robotoys.eu/fabol-keszult-3d-puzzle/jarmuvek/fa-mechanikus-3d-kirako-piros-versenyauto-eco-wood-art-p152	0	6	0	5.33
https://hu.robotoys.eu/fabol-keszult-3d-puzzle/jarmuvek/fa-mechanikus-3d-kirako-rakodo-eco-wood-art-p204	0	10	0	2.8
https://hu.robotoys.eu/fabol-keszult-3d-puzzle/jarmuvek/fa-mechanikus-3d-kirako-retro-auto-eco-wood-art-p157	0	6	0	5.83
https://hu.robotoys.eu/fabol-keszult-3d-puzzle/jarmuvek/fa-mechanikus-3d-kirako-sarga-versenyauto-eco-wood-art-p151	0	8	0	5.75
https://hu.robotoys.eu/fabol-keszult-3d-puzzle/jarmuvek/fa-mechanikus-3d-kirako-teherauto-road-king-eco-wood-art-p206	0	1	0	2
https://hu.robotoys.eu/fabol-keszult-3d-puzzle/jarmuvek/fa-mechanikus-3d-kirako-traktor-eco-wood-art-p233	0	8	0	4.5
https://hu.robotoys.eu/fabol-keszult-3d-puzzle/jarmuvek/fa-mechanikus-3d-kirako-tuzoltoauto-eco-wood-art-p208	0	1	0	2
https://hu.robotoys.eu/fabol-keszult-3d-puzzle/jarmuvek/fa-mechanikus-3d-kirako-vitorlashajo-tengeri-csiko-rokr-mcb02-p212	0	6	0	3
https://hu.robotoys.eu/fabol-keszult-3d-puzzle/jarmuvek/fabol-keszult-3d-puzzle-katonai-terepjaro-rokr-mc701-p54	0	13	0	1.38
https://hu.robotoys.eu/fabol-keszult-3d-puzzle/jarmuvek/fabol-keszult-3d-puzzle-tengerjaro-hajo-rolife-tg306-p87	0	1	0	15
https://hu.robotoys.eu/fabol-keszult-3d-puzzle/jarmuvek/fabol-keszult-mechanikus-3d-puzzle-stagecoach-rokr-amka1-p99	0	3	0	5.67
https://hu.robotoys.eu/fabol-keszult-3d-puzzle/jarmuvek/fabol-keszult-mechanikus-3d-puzzle-versenyauto-rokr-lk505-p141	0	2	0	5
https://hu.robotoys.eu/fabol-keszult-3d-puzzle/jarmuvek/gozmozdony-modell-rokr-mc501-p13	0	5	0	2.2
https://hu.robotoys.eu/fabol-keszult-3d-puzzle/jarmuvek/grand-prix-automodell-rokr-mc401-p16	0	6	0	4.67
https://hu.robotoys.eu/fabol-keszult-3d-puzzle/jarmuvek/holegballon-rolife-tg406-p84	0	21	0	6.81
https://hu.robotoys.eu/fabol-keszult-3d-puzzle/jarmuvek/leghajo-modell-rolife-tg407-p22	0	10	0	2.2
https://hu.robotoys.eu/fabol-keszult-3d-puzzle/jarmuvek/motorcycle-cruiser-rokr-lk504-p12	0	10	0	18.1
https://hu.robotoys.eu/fabol-keszult-3d-puzzle/jarmuvek/mozdony-rokr-lk701-p7	0	2	0	1
https://hu.robotoys.eu/fabol-keszult-3d-puzzle/jarmuvek/nehez-teherauto-modell-rokr-mc502-p27	0	1	0	2
https://hu.robotoys.eu/fabol-keszult-3d-puzzle/jarmuvek/tortenelmi-villamos-rolife-tg505-p40	0	11	0	6.55
https://hu.robotoys.eu/fabol-keszult-3d-puzzle/jarmuvek/tripla-modell-rolife-tg301-p46	0	1	0	2
https://hu.robotoys.eu/fabol-keszult-3d-puzzle/jarmuvek/veteran-auto-rokr-mc801-p72	0	91	0	4.6
https://hu.robotoys.eu/fabol-keszult-3d-puzzle/jarmuvek/veteran-modell-rolife-tg504-p53	0	5	0	1.6
https://hu.robotoys.eu/fabol-keszult-3d-puzzle/jarmuvek/vitorlas-modell-rolife-tg305-p21	0	4	0	2
https://hu.robotoys.eu/fabol-keszult-3d-puzzle/orak-naptarak	0	1	0	10
https://hu.robotoys.eu/fabol-keszult-3d-puzzle/orak-naptarak/fa-3d-puzzle-asztali-naptar-rokr-lc801-p44	0	1	0	9
https://hu.robotoys.eu/fabol-keszult-3d-puzzle/orak-naptarak/orabagoly-rokr-lk503-p6	0	6	0	2.5
https://hu.robotoys.eu/fabol-keszult-3d-puzzle/orak-naptarak/oroknaptar-rokr-lk201-p55	0	1	0	8
https://hu.robotoys.eu/fabol-keszult-3d-puzzle/orak-naptarak/romantikus-faliora-rokr-lc701-p56	0	9	0	2.22
https://hu.robotoys.eu/fabol-keszult-3d-puzzle/stem-lab/ertekmegorzo-rokr-lk502-p57	0	4	0	4.75
https://hu.robotoys.eu/fabol-keszult-3d-puzzle/stem-lab/fa-3d-kirako-retro-telefon-eco-wood-art-p156	0	152	0	3.52
https://hu.robotoys.eu/fabol-keszult-3d-puzzle/stem-lab/fa-mechanikus-3d-kirako-gear-ball-challenge-rokr-egc01-p213	0	5	0	8.6
https://hu.robotoys.eu/fabol-keszult-3d-puzzle/stem-lab/fa-mechanikus-3d-kirako-irogep-eco-wood-art-p158	0	18	0	6.11
https://hu.robotoys.eu/fabol-keszult-3d-puzzle/stem-lab/fa-mechanikus-3d-kirako-mechanikus-irogep-varazslatos-valtozat-rokr-lk703c-p266	0	3	0	5.33
https://hu.robotoys.eu/fabol-keszult-3d-puzzle/stem-lab/fa-mechanikus-3d-puzzle-gozgep-rokr-lka01-p104	0	3	0	5.33
https://hu.robotoys.eu/fabol-keszult-3d-puzzle/stem-lab/fabol-keszult-mechanikus-3d-puzzle-csokoladegyar-rokr-lga02-p75	0	1	0	19
https://hu.robotoys.eu/fabol-keszult-3d-puzzle/stem-lab/fabol-keszult-mechanikus-3d-puzzle-klasszikus-nyomtato-rokr-lk602-p90	0	14	0	3
https://hu.robotoys.eu/fabol-keszult-3d-puzzle/stem-lab/marble-night-city-rokr-lga01-p2	0	6	0	8.5
https://hu.robotoys.eu/fabol-keszult-3d-puzzle/stem-lab/marvany-parkour-rokr-lg501-p42	0	3	0	5.67
https://hu.robotoys.eu/fabol-keszult-3d-puzzle/viragok/fa-3d-kirako-arany-napraforgo-rowood-th002-p193	0	8	0	4.88
https://hu.robotoys.eu/fabol-keszult-3d-puzzle/viragok/fa-3d-kirako-csillogo-tavirozsak-rowood-th001-p192	0	2	0	4.5
https://hu.robotoys.eu/fabol-keszult-3d-puzzle/viragok/fa-3d-kirako-fa-viragkonyv-rowood-tw04h-p228	0	9	0	3.44
https://hu.robotoys.eu/fabol-keszult-3d-puzzle/viragok/fa-3d-kirako-fa-viragkosar-rowood-tw03h-p210	0	8	0	31.88
https://hu.robotoys.eu/fabol-keszult-3d-puzzle/viragok/fa-3d-kirako-fa-viraglada-rowood-tw02h-p162	0	31	0	5.16
https://hu.robotoys.eu/fabol-keszult-3d-puzzle/viragok/fa-3d-kirako-lila-irisz-rowood-tw121-p251	0	1	0	16
https://hu.robotoys.eu/fabol-keszult-3d-puzzle/viragok/fa-3d-kirako-lila-pillango-orchidea-rowood-tw091-p194	0	14	0	3.21
https://hu.robotoys.eu/fabol-keszult-3d-puzzle/viragok/fa-3d-kirako-mikulasvirag-rowood-tf001-p222	0	6	0	5.17
https://hu.robotoys.eu/fabol-keszult-3d-puzzle/viragok/fa-3d-kirako-napospart-vilagitotoronnyal-p263	0	1	0	1
https://hu.robotoys.eu/fabol-keszult-3d-puzzle/viragok/fa-3d-kirako-rozsaszin-tulipan-rowood-tw082-p161	0	4	0	2.5
https://hu.robotoys.eu/fabol-keszult-3d-puzzle/viragok/fa-3d-kirako-szarvas-egy-hegyi-tonal-p260	0	1	0	39
https://hu.robotoys.eu/fabol-keszult-3d-puzzle/viragok/fa-3d-kirako-vilagos-narancssarga-gerbera-rowood-tw111-p196	0	3	0	2.67
https://hu.robotoys.eu/fabol-keszult-3d-puzzle/viragok/fa-3d-puzzle-csokor-virag-rowood-tw01h-p100	0	10	0	1.5
https://hu.robotoys.eu/fabol-keszult-3d-puzzle/viragok/fa-3d-puzzle-kamilla-rowood-tw061-p109	0	14	0	2.29
https://hu.robotoys.eu/fabol-keszult-3d-puzzle/viragok/fa-3d-puzzle-lila-rowood-tw021-p103	0	2	0	5
https://hu.robotoys.eu/fabol-keszult-3d-puzzle/viragok/fa-3d-puzzle-narancs-tulipan-rowood-tw081-p145	0	3	0	3.33
https://hu.robotoys.eu/fabol-keszult-3d-puzzle/viragok/fa-3d-puzzle-rozsaszin-liliom-rowood-2071-p144	0	3	0	8
https://hu.robotoys.eu/fabol-keszult-3d-puzzle/viragok/fa-3d-puzzle-rozsaszin-rozsa-rowood-tw041-p111	0	7	0	5.29
https://hu.robotoys.eu/fabol-keszult-3d-puzzle/viragok/fa-3d-puzzle-rozsaszin-szegfu-rowood-tw051-p110	0	1	0	22
https://hu.robotoys.eu/fabol-keszult-3d-puzzle/viragok/fa-3d-puzzle-sakura-bonsai-rolife-tg415-p142	0	58	0	4.09
https://hu.robotoys.eu/fabol-keszult-3d-puzzle/viragok/fa-3d-puzzle-voros-kamelia-rowood-tw031-p102	0	2	0	5
https://hu.robotoys.eu/fabol-keszult-3d-puzzle/viragok/fa-3d-puzzle-voros-rozsa-rowood-tw042-p101	0	10	0	6.7
https://hu.robotoys.eu/fabol-keszult-3d-puzzle/viragok/fa-3d-puzzle-voros-szegfu-rowood-tv052-p112	0	3	0	6.33
https://hu.robotoys.eu/fabol-keszult-3d-puzzle/viragok/fabol-keszult-3d-puzzle-evergreen-pine-bonsai-rolife-tg510-p143	0	8	0	4.5
https://hu.robotoys.eu/fabol-keszult-3d-puzzle/viragok/fabol-keszult-3d-puzzle-napraforgo-rowood-2011-p113	0	1	0	6
https://hu.robotoys.eu/fabol-keszult-3d-puzzle/viragok/fabol-keszult-3d-s-kirako-kolibri-viragzo-kertben-p259	0	3	0	4.33
https://hu.robotoys.eu/fabol-keszult-3d-puzzle/zenei-dobozok	0	5	0	4.2
https://hu.robotoys.eu/fabol-keszult-3d-puzzle/zenei-dobozok/elektromos-lemezjatszo-rokr-lkb01d-p68	0	9	0	5.44
https://hu.robotoys.eu/fabol-keszult-3d-puzzle/zenei-dobozok/fa-mechanikus-3d-kirako-diva-lemezjatszo-rokr-amk82-p267	0	3	0	5
https://hu.robotoys.eu/fabol-keszult-3d-puzzle/zenei-dobozok/fa-mechanikus-3d-kirako-sakura-dreamy-tour-rolife-amt02-p219	0	1	0	9
https://hu.robotoys.eu/fabol-keszult-3d-puzzle/zenei-dobozok/fa-mechanikus-3d-kirako-szep-almok-szimfoniaja-rokr-amk63m-p211	0	1	0	2
https://hu.robotoys.eu/fabol-keszult-3d-puzzle/zenei-dobozok/fa-mechanikus-3d-kirako-varazsharfa-rokr-amk71-p254	0	10	0	5.3
https://hu.robotoys.eu/fabol-keszult-3d-puzzle/zenei-dobozok/fa-mechanikus-3d-puzzle-klasszikus-korhinta-rolife-amc01-p146	0	12	0	6.42
https://hu.robotoys.eu/fabol-keszult-3d-puzzle/zenei-dobozok/fabol-keszult-mechanikus-3d-puzzle-dallamos-karacsonyfa-rolife-ams01-p138	0	7	0	3.71
https://hu.robotoys.eu/fabol-keszult-3d-puzzle/zenei-dobozok/fabol-keszult-mechanikus-3d-puzzle-jatekszekreny-orpheus-rokr-am601-p82	0	1	0	30
https://hu.robotoys.eu/fabol-keszult-3d-puzzle/zenei-dobozok/oriaskerek-rolife-tgn01-p18	0	9	0	5
https://hu.robotoys.eu/fabol-keszult-3d-puzzle/zenei-dobozok/romantikus-korhinta-rokr-amk62-p77	0	3	0	5.67
https://hu.robotoys.eu/fabol-keszult-3d-puzzle/zenei-dobozok/viktorianus-lampas-rokr-amk61-p80	0	2	0	6.5
https://hu.robotoys.eu/fabol-keszult-3d-puzzle/zenei-dobozok/zenedoboz-csillagos-ejszaka-rokr-amk51-p11	0	13	0	3.92
https://hu.robotoys.eu/fabol-keszult-3d-puzzle/zenei-dobozok/zenedoboz-swing-ride-rokr-ea02-p4	0	7	0	2.29
https://hu.robotoys.eu/fabol-keszult-3d-puzzle/zenei-dobozok/zenedoboz-varazsgordonka-rokr-amk63-p1	0	4	0	6.25
https://hu.robotoys.eu/fabol-keszult-3d-puzzle?page=2	0	3	0	13
https://hu.robotoys.eu/fabol-keszult-3d-s-puzzle-mukodes-kozben	0	3	0	22.67
https://hu.robotoys.eu/fabol-keszult-3d-s-puzzle-nagy-nehezsegi-fokozat	0	11	0	8.64
https://hu.robotoys.eu/hasznos-linkek	0	3	0	1
https://hu.robotoys.eu/hasznos-linkek/gyakran-ismetelt-kerdesek/rendeles-szallitas	0	9	0	1.67
https://hu.robotoys.eu/hasznos-linkek/minden-a-vasarlasrol	0	14	0	1.71
https://hu.robotoys.eu/hasznos-linkek/tarsasagrol	0	7	0	1
https://hu.robotoys.eu/hasznos-linkek/tarsasagrol/nagyker	0	1	0	1
https://hu.robotoys.eu/legujabb-ajandekok-ferfiaknak-es-fiuknak?page=2	0	1	0	2
https://hu.robotoys.eu/markak	0	18	0	3.78
https://hu.robotoys.eu/markak/eco-wood-art	0	11	0	3.73
https://hu.robotoys.eu/markak/little-story	0	8	0	4.12
https://hu.robotoys.eu/markak/rolife?page=2	0	1	0	6
https://hu.robotoys.eu/markak?page=3	0	1	0	8
https://hu.robotoys.eu/miniatur-hazak-100-149-db	0	5	0	13.2
https://hu.robotoys.eu/miniatur-hazak-eladasa	0	7	0	7.71
https://hu.robotoys.eu/miniatur-hazak-eladok	0	3	0	6
https://hu.robotoys.eu/miniatur-hazak-kevesebb-mint-100-db	0	1	0	2
https://hu.robotoys.eu/miniatur-hazak-osszeszerelesi-ido-1-3-oran-belul	0	3	0	5
https://hu.robotoys.eu/miniatur-hazak-osszeszerelesi-ido-3-5-oran-belul	0	2	0	4.5
https://hu.robotoys.eu/miniatur-hazak-osszeszerelesi-ido-akar-1-ora	0	2	0	6.5
https://hu.robotoys.eu/miniatur-hazak/konyvek-kucko/konyvesbolt-rolife-tgb07-p76	0	16	0	5.75
https://hu.robotoys.eu/miniatur-hazak/konyvek-kucko/konyvespolc-betet-arkad-tarskereso-rolife-tgb10-p148	0	8	0	7.38
https://hu.robotoys.eu/miniatur-hazak/konyvek-kucko/konyvespolc-betet-csodaorszagba-utazas-rolife-tgb12-p165	0	3	0	5
https://hu.robotoys.eu/miniatur-hazak/konyvek-kucko/konyvespolc-betet-holiday-cafe-rolife-tgb15-p225	0	3	0	2.67
https://hu.robotoys.eu/miniatur-hazak/konyvek-kucko/konyvespolc-betet-karacsony-utca-rolife-tgc06-p139	0	20	0	5.2
https://hu.robotoys.eu/miniatur-hazak/konyvek-kucko/konyvespolc-betet-karacsonyi-belso-jelenet-rolife-tgc07-p140	0	6	0	6.83
https://hu.robotoys.eu/miniatur-hazak/konyvek-kucko/konyvespolc-betet-mesebeli-vidampark-rolife-tgb17-p257	0	4	0	5.5
https://hu.robotoys.eu/miniatur-hazak/konyvek-kucko/konyvespolc-betet-romantic-venice-rolife-tgb08-p107	0	11	0	3.45
https://hu.robotoys.eu/miniatur-hazak/konyvek-kucko/konyvespolc-betet-utcakep-rolife-tgb13-p256	0	2	0	20
https://hu.robotoys.eu/miniatur-hazak/konyvek-kucko/konyvespolc-betet-varazslatos-fantazia-sarok-rolife-tgb14-p221	0	1	0	8
https://hu.robotoys.eu/miniatur-hazak/konyvek-kucko/konyvespolc-betet-virag-sarok-rolife-tgb09-p108	0	25	0	6.28
https://hu.robotoys.eu/miniatur-hazak/konyvek-kucko/nyaralo-kertes-haz-rolife-tgb06-p78	0	17	0	7.41
https://hu.robotoys.eu/miniatur-hazak/konyvek-kucko/sakura-densya-rolife-tgb01-p29	0	19	0	3.16
https://hu.robotoys.eu/miniatur-hazak/konyvek-kucko/sunshine-town-rolife-tgb02-p30	0	7	0	5
https://hu.robotoys.eu/miniatur-hazak/konyvek-kucko/time-travel-rolife-tgb04-p60	0	3	0	2.33
https://hu.robotoys.eu/miniatur-hazak/miniatur-szobak/miniatur-haz-dora-padlasa-rolife-dg12-p91	0	5	0	4.4
https://hu.robotoys.eu/miniatur-hazak/miniatur-szobak/miniatur-haz-hangulatos-konyha-rolife-dg159-p89	0	6	0	14.67
https://hu.robotoys.eu/miniatur-hazak/miniatur-szobak/miniatur-haz-hangulatos-villa-kolyokkutyaknak-rolife-dg169-p149	0	5	0	9.2
https://hu.robotoys.eu/miniatur-hazak/miniatur-szobak/miniatur-haz-liliom-veranda-rolife-dg11-p93	0	1	0	9
https://hu.robotoys.eu/miniatur-hazak/miniatur-szobak/miniatur-haz-varazsiskola-rolife-dg166-p163	0	9	0	2.56
https://hu.robotoys.eu/miniatur-hazak/miniatur-szobak/mose-nyomozoirodaja-a-rolife-dg157-p24	0	2	0	8.5
https://hu.robotoys.eu/miniatur-hazak/miniatur-szobak/mr-millers-garden-rolife-dg108-p23	0	20	0	7.65
https://hu.robotoys.eu/miniatur-hazak/miniatur-uzletek	0	12	0	9.33
https://hu.robotoys.eu/miniatur-hazak/miniatur-uzletek/boszorkanybolt-kiki-rolife-dg155-p31	0	30	0	7.67
https://hu.robotoys.eu/miniatur-hazak/miniatur-uzletek/kavezo-a-simon-rolife-dg109-p64	0	11	0	5.82
https://hu.robotoys.eu/miniatur-hazak/miniatur-uzletek/miniatur-haz-alice-teazoja-rolife-dg156-p61	0	4	0	5
https://hu.robotoys.eu/miniatur-hazak/miniatur-uzletek/miniatur-haz-viragos-edessegek-es-teak-rolife-dg146-p92	0	3	0	2.33
https://hu.robotoys.eu/miniatur-hazak/miniatur-uzletek/viragbolt-emily-rolife-dg145-p25	0	7	0	5.57
https://hu.robotoys.eu/puzzle-verseny/boszorkanybolt-kiki-rolife-dg155-31	0	6	0	5.5
https://hu.robotoys.eu/puzzle-verseny/brandenburgi-kapu-little-story-e015-125	0	1	0	6
https://hu.robotoys.eu/puzzle-verseny/colosseum-little-story-e016-126	0	1	0	6
https://hu.robotoys.eu/puzzle-verseny/elektromos-lemezjatszo-rokr-lkb01d-68	0	1	0	5
https://hu.robotoys.eu/puzzle-verseny/etterem-tipsy-rolife-dg167-209	0	1	0	10
https://hu.robotoys.eu/puzzle-verseny/faliora-zodiac-rokr-lc601-52	0	1	0	1
https://hu.robotoys.eu/puzzle-verseny/gozhajo-little-story-e025-230	0	1	0	12
https://hu.robotoys.eu/puzzle-verseny/holegballon-rolife-tg406-84	0	1	0	9
https://hu.robotoys.eu/puzzle-verseny/katonai-terepjaro-rokr-mc701-54	0	5	0	6
https://hu.robotoys.eu/puzzle-verseny/kiralyi-hinto-rolife-tg302-62	0	1	0	35
https://hu.robotoys.eu/puzzle-verseny/konyvesbolt-egy-regi-sikatorban-262	0	3	0	8.67
https://hu.robotoys.eu/puzzle-verseny/kotrogep-rokr-tg508k-197	0	1	0	2
https://hu.robotoys.eu/puzzle-verseny/leghajo-modell-rolife-tg407-22	0	1	0	8
https://hu.robotoys.eu/puzzle-verseny/legvedelmi-agyu-rokr-lqm01-255	0	2	0	10
https://hu.robotoys.eu/puzzle-verseny/lila-irisz-rowood-tw121-251	0	1	0	10
https://hu.robotoys.eu/puzzle-verseny/lila-pillango-orchidea-rowood-tw091-194	0	1	0	8
https://hu.robotoys.eu/puzzle-verseny/marvany-parkour-rokr-lg501-42	0	3	0	8
https://hu.robotoys.eu/puzzle-verseny/marvanypalya-london-rokr-egb01-264	0	1	0	10
https://hu.robotoys.eu/puzzle-verseny/mechanikus-irogep-klasszikus-valtozat-rokr-lk703b-265	0	1	0	1
https://hu.robotoys.eu/puzzle-verseny/mentoauto-eco-wood-art-203	0	1	0	6
https://hu.robotoys.eu/puzzle-verseny/monokularis-teleszkop-rokr-st004-8	0	3	0	10
https://hu.robotoys.eu/puzzle-verseny/napospart-vilagitotoronnyal-263	0	1	0	8
https://hu.robotoys.eu/puzzle-verseny/ostromgep-ballista-rokr-kw401-15	0	1	0	7
https://hu.robotoys.eu/puzzle-verseny/repulogep-little-story-d016-130	0	1	0	8
https://hu.robotoys.eu/puzzle-verseny/romantikus-faliora-rokr-lc701-56	0	3	0	10.33
https://hu.robotoys.eu/puzzle-verseny/romantikus-korhinta-rokr-amk62-77	0	1	0	1
https://hu.robotoys.eu/puzzle-verseny/rozsaszin-liliom-rowood-2071-144	0	8	0	7.75
https://hu.robotoys.eu/puzzle-verseny/sagrada-familia-little-story-e018-133	0	3	0	4.33
https://hu.robotoys.eu/puzzle-verseny/sam-dolgozoszoba-konyvtara-rolife-dg102-86	0	3	0	7.67
https://hu.robotoys.eu/puzzle-verseny/sarga-versenyauto-eco-wood-art-151	0	1	0	8
https://hu.robotoys.eu/puzzle-verseny/szurke-comanche-motorkerekpar-little-story-e023g-247	0	1	0	4
https://hu.robotoys.eu/puzzle-verseny/szurke-yankee-chopper-little-story-e024g-249	0	1	0	5
https://hu.robotoys.eu/puzzle-verseny/tortenelmi-villamos-rolife-tg505-40	0	1	0	9
https://hu.robotoys.eu/puzzle-verseny/tuzoltoauto-eco-wood-art-208	0	1	0	7
https://hu.robotoys.eu/puzzle-verseny/urhajo-rokr-lka02-253	0	5	0	7
https://hu.robotoys.eu/puzzle-verseny/varazsharfa-rokr-amk71-254	0	2	0	6.5
https://hu.robotoys.eu/puzzle-verseny/versenyauto-rokr-lk505-141	0	1	0	1
https://hu.robotoys.eu/puzzle-verseny/viktorianus-lampas-rokr-amk61-80	0	2	0	30.5
https://hu.robotoys.eu/puzzle-verseny/voros-szegfu-rowood-tv052-112	0	1	0	10
https://hu.robotoys.eu/puzzle-verseny/zenedoboz-csillagos-ejszaka-rokr-amk51-11	0	1	0	5
https://hu.robotoys.eu/rolife-markaju-termekek-akciosan	0	1	0	8
https://it.robotoys.eu/blog	0	3	0	13.33
https://it.robotoys.eu/blog/2-strumenti-di-cui-hai-bisogno-per-assemblare-un-puzzle-3d-in-legno	0	1	0	1
https://it.robotoys.eu/blog/7-idee-regalo-irresistibili-per-le-donne	0	24	0	8.17
https://it.robotoys.eu/blog/autunno-2025-stagione-di-vita-lenta-ecco-la-prova	0	1	0	7
https://it.robotoys.eu/blog/come-liberarsi-dello-stress-10-consigli-efficaci	0	70	0	31.73
https://it.robotoys.eu/blog/costruire-puzzle-lattivita-migliore-per-i-pensionati	0	36	0	8.11
https://it.robotoys.eu/blog/il-regalo-migliore-per-lei-un-angolo-magico-per-un-amante-dei-libri	0	1	0	5
https://it.robotoys.eu/blog/il-regalo-migliore-per-lui-originale-con-un-tocco-di-storia	0	1	0	10
https://it.robotoys.eu/blog/il-trend-di-tiktok-hobby-della-dopamina-cosa-significa-e-perche-i-puzzle-sono-tra-le-scelte-piu-gettonate	0	24	0	7.71
https://it.robotoys.eu/blog/piccola-storia-kit-di-costruzione-3d-che-uniscono-creativita-divertimento-e-qualita	0	53	0	9.36
https://it.robotoys.eu/blog/rolife-la-bellezza-della-vita-lenta-e-della-creativita-fai-da-te	0	106	0	6.71
https://it.robotoys.eu/blog/the-story-of-the-famous-tower-bridge-how-to-bring-london-to-your-home	0	505	0	8.9
https://it.robotoys.eu/blog/top-5-attivita-that-supportano-lo-sviluppo-delle-capacita-motorie	0	1	0	1
https://it.robotoys.eu/blog/un-bouquet-di-legno-che-non-appassisce-mai-scopri-la-magia-dei-puzzle-floreali-3d	0	237	0	6.05
https://it.robotoys.eu/blog/un-regalo-ideale-per-i-bambini-che-sviluppa-creativita-e-pazienza	0	3	0	8
https://it.robotoys.eu/blog/world-of-tanks-ora-disponibile-sul-tuo-scaffale	0	14	0	8.64
https://it.robotoys.eu/case-in-miniatura-da-100-a-149-pz	0	4	0	10.5
https://it.robotoys.eu/case-in-miniatura-da-150-a-199-pz	0	10	0	7.7
https://it.robotoys.eu/case-in-miniatura-da-200-a-299-pezzi	0	5	0	11
https://it.robotoys.eu/case-in-miniatura-difficolta-facile	0	7	0	9.57
https://it.robotoys.eu/case-in-miniatura-difficolta-media	0	4	0	4.5
https://it.robotoys.eu/case-in-miniatura-in-vendita	0	3	0	3.33
https://it.robotoys.eu/case-in-miniatura-piu-di-300-pezzi	0	2	0	7.5
https://it.robotoys.eu/case-in-miniatura-piu-votate	0	1	0	7
https://it.robotoys.eu/case-in-miniatura-tempo-di-montaggio-da-1-a-3-ore	0	1	0	1
https://it.robotoys.eu/case-in-miniatura-tempo-di-montaggio-entro-3-5-ore	0	2	0	8.5
https://it.robotoys.eu/case-in-miniatura-tempo-di-montaggio-fino-a-1-ora	0	4	0	5.75
https://it.robotoys.eu/case-in-miniatura-tempo-di-montaggio-superiore-a-5-ore	0	1	0	10
https://it.robotoys.eu/case-in-miniatura/angolo-dei-libri/casetta-da-giardino-per-vacanze-rolife-tgb06-p78	0	6	0	4.5
https://it.robotoys.eu/case-in-miniatura/angolo-dei-libri/inserto-libreria-angolo-floreale-rolife-tgb09-p108	0	4	0	5.25
https://it.robotoys.eu/case-in-miniatura/angolo-dei-libri/inserto-libreria-venezia-romantica-rolife-tgb08-p107	0	10	0	6.3
https://it.robotoys.eu/case-in-miniatura/angolo-dei-libri/inserto-libreria-via-di-natale-rolife-tgc06-p139	0	33	0	5.82
https://it.robotoys.eu/case-in-miniatura/angolo-dei-libri/inserto-per-libreria-angolo-magico-fantasy-rolife-tgb14-p221	0	4	0	8.5
https://it.robotoys.eu/case-in-miniatura/angolo-dei-libri/inserto-per-libreria-arcade-dating-rolife-tgb10-p148	0	20	0	6.2
https://it.robotoys.eu/case-in-miniatura/angolo-dei-libri/inserto-per-libreria-biblioteca-delle-meraviglie-rolife-tgb16-p226	0	1	0	2
https://it.robotoys.eu/case-in-miniatura/angolo-dei-libri/inserto-per-libreria-falling-sakura-rolife-tgb05-p50	0	9	0	5.67
https://it.robotoys.eu/case-in-miniatura/angolo-dei-libri/inserto-per-libreria-holiday-cafe-rolife-tgb15-p225	0	1	0	5
https://it.robotoys.eu/case-in-miniatura/angolo-dei-libri/inserto-per-libreria-parco-a-tema-fiabesco-rolife-tgb17-p257	0	5	0	7.6
https://it.robotoys.eu/case-in-miniatura/angolo-dei-libri/inserto-per-libreria-scena-di-interni-natalizi-rolife-tgc07-p140	0	6	0	5.17
https://it.robotoys.eu/case-in-miniatura/angolo-dei-libri/inserto-per-libreria-scena-di-strada-rolife-tgb13-p256	0	6	0	3.5
https://it.robotoys.eu/case-in-miniatura/angolo-dei-libri/inserto-per-libreria-viaggio-nel-paese-delle-meraviglie-rolife-tgb12-p165	0	61	0	5.15
https://it.robotoys.eu/case-in-miniatura/angolo-dei-libri/inserto-per-libreria-vicolo-del-vino-sotto-i-sakura-rolife-tgb11-p164	0	34	0	7.12
https://it.robotoys.eu/case-in-miniatura/angolo-dei-libri/magical-house-rolife-tgb03-p58	0	19	0	5.79
https://it.robotoys.eu/case-in-miniatura/angolo-dei-libri/sakura-densya-rolife-tgb01-p29	0	126	0	5.63
https://it.robotoys.eu/case-in-miniatura/angolo-dei-libri/sunshine-town-rolife-tgb02-p30	0	20	0	5.7
https://it.robotoys.eu/case-in-miniatura/angolo-dei-libri/time-travel-rolife-tgb04-p60	0	15	0	9.87
https://it.robotoys.eu/case-in-miniatura/camere-in-miniatura/casa-in-miniatura-cucina-accogliente-rolife-dg159-p89	0	31	0	6.1
https://it.robotoys.eu/case-in-miniatura/camere-in-miniatura/casa-in-miniatura-la-soffitta-di-dora-rolife-dg12-p91	0	7	0	3.86
https://it.robotoys.eu/case-in-miniatura/camere-in-miniatura/casa-in-miniatura-portico-di-lily-rolife-dg11-p93	0	2	0	4
https://it.robotoys.eu/case-in-miniatura/camere-in-miniatura/casa-in-miniatura-scuola-di-magia-rolife-dg166-p163	0	17	0	5.94
https://it.robotoys.eu/case-in-miniatura/camere-in-miniatura/casa-in-miniatura-villa-accogliente-per-cuccioli-rolife-dg169-p149	0	72	0	5.96
https://it.robotoys.eu/case-in-miniatura/negozi-in-miniatura/caffe-a-simone-rolife-dg109-p64	0	30	0	5.1
https://it.robotoys.eu/case-in-miniatura/negozi-in-miniatura/casa-in-miniatura-dolci-floreali-e-te-rolife-dg146-p92	0	2	0	6.5
https://it.robotoys.eu/case-in-miniatura/negozi-in-miniatura/casa-in-miniatura-gelateria-honey-rolife-dg148-p65	0	8	0	5.5
https://it.robotoys.eu/concorso-di-puzzle	0	1	0	5
https://it.robotoys.eu/concorso-di-puzzle/ambulanza-eco-wood-art-203	0	2	0	11
https://it.robotoys.eu/concorso-di-puzzle/ape-little-story-d001-128	0	5	0	5.2
https://it.robotoys.eu/concorso-di-puzzle/arpa-magica-rokr-amk71-254	0	5	0	13.4
https://it.robotoys.eu/concorso-di-puzzle/auto-da-corsa-gialla-eco-wood-art-151	0	1	0	9
https://it.robotoys.eu/concorso-di-puzzle/auto-da-corsa-rokr-lk505-141	0	1	0	9
https://it.robotoys.eu/concorso-di-puzzle/auto-da-corsa-rossa-eco-wood-art-152	0	3	0	9.67
https://it.robotoys.eu/concorso-di-puzzle/auto-della-polizia-eco-wood-art-214	0	8	0	10
https://it.robotoys.eu/concorso-di-puzzle/autocarro-ribaltabile-per-movimento-terra-moaz-75053-eco-wood-art-235	0	3	0	7.33
https://it.robotoys.eu/concorso-di-puzzle/barca-a-vela-cavalluccio-marino-rokr-mcb02-212	0	10	0	8.5
https://it.robotoys.eu/concorso-di-puzzle/batteria-rolife-tg409-81	0	3	0	8
https://it.robotoys.eu/concorso-di-puzzle/biblioteca-delle-meraviglie-rolife-tgb16-226	0	1	0	3
https://it.robotoys.eu/concorso-di-puzzle/biblioteca-studio-di-sam-rolife-dg102-86	0	2	0	8.5
https://it.robotoys.eu/concorso-di-puzzle/bus-turistico-londinese-rolife-tgm02-106	0	1	0	10
https://it.robotoys.eu/concorso-di-puzzle/calendario-perpetuo-rokr-lk201-55	0	1	0	7
https://it.robotoys.eu/concorso-di-puzzle/camelia-rossa-rowood-tw031-102	0	2	0	8
https://it.robotoys.eu/concorso-di-puzzle/cannone-antiaereo-rokr-lqm01-255	0	1	0	1
https://it.robotoys.eu/concorso-di-puzzle/caricatore-eco-wood-art-204	0	1	0	1
https://it.robotoys.eu/concorso-di-puzzle/carillon-swing-ride-rokr-ea02-4	0	6	0	5.5
https://it.robotoys.eu/concorso-di-puzzle/carillon-violoncello-magico-rokr-amk63-1	0	12	0	9.67
https://it.robotoys.eu/concorso-di-puzzle/carro-armato-amx-13-105-little-story-wot05-177	0	1	0	7
https://it.robotoys.eu/concorso-di-puzzle/casetta-da-giardino-per-vacanze-rolife-tgb06-78	0	3	0	10.33
https://it.robotoys.eu/concorso-di-puzzle/cattedrale-di-notre-dame-little-story-e017-127	0	1	0	10
https://it.robotoys.eu/concorso-di-puzzle/cattedrale-di-parigi-rowood-tg511-224	0	1	0	5
https://it.robotoys.eu/concorso-di-puzzle/cervo-vicino-a-un-lago-di-montagna-260	0	3	0	13
https://it.robotoys.eu/concorso-di-puzzle/cestino-di-fiori-in-legno-rowood-tw03h-210	0	2	0	8
https://it.robotoys.eu/concorso-di-puzzle/chitarra-elettrica-modello-rokr-tg605k-33	0	1	0	12
https://it.robotoys.eu/concorso-di-puzzle/chopper-yankee-arancione-little-story-e024r-250	0	1	0	8
https://it.robotoys.eu/concorso-di-puzzle/cilindro-stradale-modello-rokr-tg701k-49	0	1	0	4
https://it.robotoys.eu/concorso-di-puzzle/colosseo-little-story-e016-126	0	1	0	5
https://it.robotoys.eu/concorso-di-puzzle/cucina-accogliente-rolife-dg159-89	0	3	0	9
https://it.robotoys.eu/concorso-di-puzzle/diligenza-rokr-amka1-99	0	1	0	12
https://it.robotoys.eu/concorso-di-puzzle/eternal-atlantic-voyager-1912-rolife-tgl02-223	0	1	0	5
https://it.robotoys.eu/concorso-di-puzzle/fabbrica-di-cioccolato-rokr-lga02-75	0	3	0	7.67
https://it.robotoys.eu/concorso-di-puzzle/fisarmonica-rolife-tg410-41	0	4	0	8.75
https://it.robotoys.eu/concorso-di-puzzle/fucile-ak-47-rokr-lq901-67	0	9	0	6.89
https://it.robotoys.eu/concorso-di-puzzle/gelateria-honey-rolife-dg148-65	0	1	0	7
https://it.robotoys.eu/concorso-di-puzzle/giostra-classica-rolife-amc01-146	0	8	0	7.5
https://it.robotoys.eu/concorso-di-puzzle/giradischi-elettrico-rokr-lkb01d-68	0	5	0	8.4
https://it.robotoys.eu/concorso-di-puzzle/girasole-dorato-rowood-th002-193	0	2	0	7.5
https://it.robotoys.eu/concorso-di-puzzle/grammofono-rolife-tg408-39	0	1	0	11
https://it.robotoys.eu/concorso-di-puzzle/hot-rod-eco-wood-art-231	0	1	0	14
https://it.robotoys.eu/concorso-di-puzzle/il-giardino-di-mr-miller-rolife-dg108-23	0	2	0	8.5
https://it.robotoys.eu/concorso-di-puzzle/jeep-little-story-d003-167	0	3	0	6.67
https://it.robotoys.eu/concorso-di-puzzle/la-serra-della-signora-cathy-rolife-dg104-28	0	17	0	8.12
https://it.robotoys.eu/concorso-di-puzzle/leone-little-story-d011-119	0	1	0	5
https://it.robotoys.eu/concorso-di-puzzle/libro-dei-fiori-in-legno-rowood-tw04h-228	0	4	0	7.75
https://it.robotoys.eu/concorso-di-puzzle/locomotiva-rokr-lk701-7	0	1	0	5
https://it.robotoys.eu/concorso-di-puzzle/macchina-da-scrivere-eco-wood-art-158	0	6	0	9
https://it.robotoys.eu/concorso-di-puzzle/macchina-da-scrivere-meccanica-versione-magica-rokr-lk703c-266	0	3	0	5.33
https://it.robotoys.eu/concorso-di-puzzle/marble-night-city-rokr-lga01-2	0	1	0	13
https://it.robotoys.eu/concorso-di-puzzle/mini-chalet-di-montagna-a-forma-di-a-rolife-dg181-227	0	2	0	5.5
https://it.robotoys.eu/concorso-di-puzzle/modello-big-ben-con-illuminazione-led-rolife-tg507-20	0	2	0	10.5
https://it.robotoys.eu/concorso-di-puzzle/modello-della-torre-eiffel-rolife-tg501-17	0	1	0	9
https://it.robotoys.eu/concorso-di-puzzle/modello-di-barca-a-vela-rolife-tg305-21	0	1	0	7
https://it.robotoys.eu/concorso-di-puzzle/modello-tower-bridge-con-illuminazione-led-rolife-tg412-19	0	1	0	9
https://it.robotoys.eu/concorso-di-puzzle/moto-da-gran-premio-rossa-little-story-e021r-243	0	3	0	9
https://it.robotoys.eu/concorso-di-puzzle/moto-da-speedway-little-story-e019-171	0	1	0	4
https://it.robotoys.eu/concorso-di-puzzle/motocicletta-speedtail-viola-little-story-e020p-242	0	6	0	6.33
https://it.robotoys.eu/concorso-di-puzzle/nave-a-vela-djong-eco-wood-art-232	0	2	0	8.5
https://it.robotoys.eu/concorso-di-puzzle/nave-da-crociera-rolife-tg306-87	0	3	0	4.67
https://it.robotoys.eu/concorso-di-puzzle/ninfee-scintillanti-rowood-th001-192	0	3	0	7.33
https://it.robotoys.eu/concorso-di-puzzle/ninfee-sotto-un-ponte-da-giardino-258	0	3	0	8.33
https://it.robotoys.eu/concorso-di-puzzle/orchidea-farfalla-viola-rowood-tw091-194	0	5	0	8.6
https://it.robotoys.eu/concorso-di-puzzle/orologio-a-cucu-color-legno-rokr-lc901-217	0	17	0	10.29
https://it.robotoys.eu/concorso-di-puzzle/orologio-a-cucu-rokr-lc901c-198	0	3	0	8.67
https://it.robotoys.eu/concorso-di-puzzle/orologio-da-parete-romantico-rokr-lc701-56	0	2	0	8.5
https://it.robotoys.eu/concorso-di-puzzle/orologio-gufo-rokr-lk503-6	0	3	0	6.33
https://it.robotoys.eu/concorso-di-puzzle/padiglione-sakura-rolife-tga07-268	0	1	0	3
https://it.robotoys.eu/concorso-di-puzzle/pagoda-a-cinque-piani-rolife-tgn02-45	0	6	0	5.67
https://it.robotoys.eu/concorso-di-puzzle/parco-a-tema-fiabesco-rolife-tgb17-257	0	2	0	8.5
https://it.robotoys.eu/concorso-di-puzzle/pianoforte-a-coda-rolife-tg402-200	0	1	0	7
https://it.robotoys.eu/concorso-di-puzzle/pianoforte-magico-rokr-amk81-70	0	10	0	6
https://it.robotoys.eu/concorso-di-puzzle/piattaforma-girevole-diva-rokr-amk82-267	0	3	0	6.67
https://it.robotoys.eu/concorso-di-puzzle/pino-sempreverde-bonsai-rolife-tg510-143	0	1	0	2
https://it.robotoys.eu/concorso-di-puzzle/porta-di-brandeburgo-little-story-e015-125	0	7	0	9.43
https://it.robotoys.eu/concorso-di-puzzle/proiettore-cinematografico-vitascope-rokr-lk601-5	0	5	0	7.2
https://it.robotoys.eu/concorso-di-puzzle/rosa-rossa-rowood-tw042-101	0	1	0	10
https://it.robotoys.eu/concorso-di-puzzle/ruota-panoramica-rolife-tgn01-18	0	4	0	9.25
https://it.robotoys.eu/concorso-di-puzzle/sagrada-familia-little-story-e018-133	0	3	0	9.33
https://it.robotoys.eu/concorso-di-puzzle/sakura-bonsai-rolife-tg415-142	0	2	0	10
https://it.robotoys.eu/concorso-di-puzzle/sakura-densya-rolife-tgb01-29	0	2	0	9
https://it.robotoys.eu/concorso-di-puzzle/scena-di-interni-natalizi-rolife-tgc07-140	0	5	0	9.4
https://it.robotoys.eu/concorso-di-puzzle/scuola-di-magia-rolife-dg166-163	0	2	0	9
https://it.robotoys.eu/concorso-di-puzzle/sistema-solare-rokr-st001-71	0	6	0	6
https://it.robotoys.eu/concorso-di-puzzle/spiaggia-soleggiata-con-faro-263	0	4	0	8
https://it.robotoys.eu/concorso-di-puzzle/steamboat-little-story-e025-230	0	2	0	8
https://it.robotoys.eu/concorso-di-puzzle/stegosaurus-little-story-d010-118	0	1	0	20
https://it.robotoys.eu/concorso-di-puzzle/stella-di-natale-rowood-tf001-222	0	4	0	11.25
https://it.robotoys.eu/concorso-di-puzzle/supercar-eco-wood-art-215	0	1	0	9
https://it.robotoys.eu/concorso-di-puzzle/tank-char-b1-little-story-wot06-178	0	3	0	7.33
https://it.robotoys.eu/concorso-di-puzzle/tank-maus-little-story-wot10-237	0	1	0	10
https://it.robotoys.eu/concorso-di-puzzle/telefono-retro-eco-wood-art-156	0	1	0	10
https://it.robotoys.eu/concorso-di-puzzle/torre-eiffel-illuminata-rolife-tgl01-73	0	8	0	8.62
https://it.robotoys.eu/concorso-di-puzzle/torre-pendente-di-pisa-little-story-e009-114	0	3	0	9
https://it.robotoys.eu/concorso-di-puzzle/tram-urbano-classico-rokr-lk801-88	0	4	0	6.75
https://it.robotoys.eu/concorso-di-puzzle/trattore-eco-wood-art-233	0	2	0	6
https://it.robotoys.eu/concorso-di-puzzle/tulipano-rosa-rowood-tw082-161	0	1	0	5
https://it.robotoys.eu/concorso-di-puzzle/velociraptor-rokr-ld01-220	0	3	0	8.67
https://it.robotoys.eu/concorso-di-puzzle/venezia-romantica-rolife-tgb08-107	0	2	0	5
https://it.robotoys.eu/concorso-di-puzzle/via-di-natale-rolife-tgc06-139	0	8	0	4.62
https://it.robotoys.eu/concorso-di-puzzle/vicolo-del-vino-sotto-i-sakura-rolife-tgb11-164	0	1	0	1
https://it.robotoys.eu/concorso-di-puzzle/villa-accogliente-per-cuccioli-rolife-dg169-149	0	1	0	8
https://it.robotoys.eu/concorso-di-puzzle/violino-capriccio-rokr-tg604k-66	0	3	0	8.67
https://it.robotoys.eu/concorso-di-puzzle/yankee-chopper-little-story-e024-176	0	1	0	11
https://it.robotoys.eu/gli-ultimi-prodotti-del-marchio-rokr	0	16	0	5.81
https://it.robotoys.eu/gli-ultimi-regali-per-la-decorazione	0	1	0	5
https://it.robotoys.eu/i-prodotti-a-marchio-rolife-piu-popolari	0	15	0	7.67
https://it.robotoys.eu/i-prodotti-piu-popolari-del-marchio-rokr	0	11	0	10.73
https://it.robotoys.eu/i-prodotti-piu-venduti-del-marchio-rolife?page=2	0	3	0	6
https://it.robotoys.eu/i-regali-piu-costosi-per-i-bambini?page=4	0	1	0	9
https://it.robotoys.eu/i-regali-piu-costosi-per-natale	0	1	0	1
https://it.robotoys.eu/idee-regalo-in-offerta	0	1	0	9
https://it.robotoys.eu/idee-regalo-vendita	0	1	0	5
https://it.robotoys.eu/idee-regalo/regali-di-compleanno	0	4	0	1
https://it.robotoys.eu/idee-regalo/regali-per-bambini	0	3	0	4
https://it.robotoys.eu/idee-regalo/regali-per-lui	0	5	0	3.4
https://it.robotoys.eu/idee-regalo/regali-per-natale	0	3	0	19.33
https://it.robotoys.eu/il-puzzle-3d-in-legno-piu-costoso	0	2	0	8.5
https://it.robotoys.eu/il-puzzle-3d-in-legno-piu-popolare	0	1	0	7
https://it.robotoys.eu/il-puzzle-3d-in-legno-piu-popolare?page=2	0	1	0	11
https://it.robotoys.eu/le-case-in-miniatura-piu-costose	0	1	0	1
https://it.robotoys.eu/link-utili	0	1	0	6
https://it.robotoys.eu/link-utili/circa-la-societa	0	3	0	16.33
https://it.robotoys.eu/link-utili/circa-la-societa/contatto	0	1	0	11
https://it.robotoys.eu/link-utili/domande-frequenti	0	1	0	6
https://it.robotoys.eu/link-utili/domande-frequenti/opzioni-di-pagamento	0	1	0	3
https://it.robotoys.eu/link-utili/tutto-sullo-shopping	0	2	0	3
https://it.robotoys.eu/link-utili/tutto-sullo-shopping/condizioni-commerciali	0	1	0	7
https://it.robotoys.eu/lultimo-puzzle-3d-in-legno	0	3	0	6.67
https://it.robotoys.eu/lultimo-puzzle-3d-in-legno?page=4	0	1	0	10
https://it.robotoys.eu/marche	0	10	0	1.3
https://it.robotoys.eu/marche/eco-wood-art	0	13	0	9.62
https://it.robotoys.eu/marche/rolife?page=2	0	2	0	6
https://it.robotoys.eu/prodotti-a-marchio-rokr-in-vendita	0	39	0	8.21
https://it.robotoys.eu/puzzle-3d-in-legno	0	26	0	28.42
https://it.robotoys.eu/puzzle-3d-in-legno-da-200-a-299-pezzi	0	6	0	40.17
https://it.robotoys.eu/puzzle-3d-in-legno-difficolta-facile	0	3	0	10.33
https://it.robotoys.eu/puzzle-3d-in-legno-difficolta-media	0	2	0	9
https://it.robotoys.eu/puzzle-3d-in-legno-meno-di-100-pezzi	0	8	0	12
https://it.robotoys.eu/puzzle-3d-in-legno-tempo-di-montaggio-da-1-a-3-ore	0	2	0	3.5
https://it.robotoys.eu/puzzle-3d-in-legno-tempo-di-montaggio-entro-3-5-ore	0	4	0	14
https://it.robotoys.eu/puzzle-3d-in-legno-tempo-di-montaggio-superiore-a-5-ore	0	5	0	9.8
https://it.robotoys.eu/puzzle-3d-in-legno/architettura	0	22	0	11.09
https://it.robotoys.eu/puzzle-3d-in-legno/architettura/modello-big-ben-con-illuminazione-led-rolife-tg507-p20	0	44	0	5.84
https://it.robotoys.eu/puzzle-3d-in-legno/architettura/modello-della-torre-pendente-di-pisa-rolife-tg304-p37	0	5	0	4.2
https://it.robotoys.eu/puzzle-3d-in-legno/architettura/modello-tower-bridge-con-illuminazione-led-rolife-tg412-p19	0	21	0	4.62
https://it.robotoys.eu/puzzle-3d-in-legno/architettura/puzzle-3d-in-legno-arco-della-vittoria-little-story-e011-p123	0	292	0	2.79
https://it.robotoys.eu/puzzle-3d-in-legno/architettura/puzzle-3d-in-legno-arco-della-vittoria-rolife-tg502-p47	0	6	0	5.33
https://it.robotoys.eu/puzzle-3d-in-legno/architettura/puzzle-3d-in-legno-biblioteca-in-riva-al-mare-p261	0	6	0	10.33
https://it.robotoys.eu/puzzle-3d-in-legno/architettura/puzzle-3d-in-legno-cattedrale-di-notre-dame-little-story-e017-p127	0	39	0	4.41
https://it.robotoys.eu/puzzle-3d-in-legno/architettura/puzzle-3d-in-legno-cattedrale-di-parigi-rowood-tg511-p224	0	7	0	6.71
https://it.robotoys.eu/puzzle-3d-in-legno/architettura/puzzle-3d-in-legno-colosseo-little-story-e016-p126	0	174	0	14.66
https://it.robotoys.eu/puzzle-3d-in-legno/architettura/puzzle-3d-in-legno-libreria-in-un-vecchio-vicolo-p262	0	35	0	5.31
https://it.robotoys.eu/puzzle-3d-in-legno/architettura/puzzle-3d-in-legno-modello-della-torre-pendente-di-pisa-rolife-tg304-p37	0	3	0	1.33
https://it.robotoys.eu/puzzle-3d-in-legno/architettura/puzzle-3d-in-legno-padiglione-sakura-rolife-tga07-p268	0	5	0	4.2
https://it.robotoys.eu/puzzle-3d-in-legno/architettura/puzzle-3d-in-legno-sakura-treehouse-rolife-tgs04-p201	0	30	0	4.8
https://it.robotoys.eu/puzzle-3d-in-legno/architettura/puzzle-3d-in-legno-sydney-opera-house-little-story-e028-p238	0	4	0	4.5
https://it.robotoys.eu/puzzle-3d-in-legno/architettura/puzzle-meccanico-3d-in-legno-mulino-a-vento-eco-wood-art-p154	0	32	0	4.91
https://it.robotoys.eu/puzzle-3d-in-legno/architettura/torre-eiffel-illuminata-rolife-tgl01-p73	0	34	0	6.79
https://it.robotoys.eu/puzzle-3d-in-legno/armi/cannone-dassedio-rokr-kw801-p51	0	4	0	4.5
https://it.robotoys.eu/puzzle-3d-in-legno/armi/macchina-dassedio-balista-rokr-kw401-p15	0	5	0	3.2
https://it.robotoys.eu/puzzle-3d-in-legno/armi/puzzle-meccanico-3d-in-legno-cannone-antiaereo-rokr-lqm01-p255	0	5	0	13.6
https://it.robotoys.eu/puzzle-3d-in-legno/armi/puzzle-meccanico-3d-in-legno-mini-pistola-rokr-lq502-p147	0	24	0	4.38
https://it.robotoys.eu/puzzle-3d-in-legno/armi/puzzle-meccanico-3d-in-legno-mitragliatrice-con-canna-rotante-rokr-lqa01-p218	0	49	0	4.96
https://it.robotoys.eu/puzzle-3d-in-legno/armi/terminator-m870-rokr-lq501-p36	0	3	0	3.33
https://it.robotoys.eu/puzzle-3d-in-legno/armi/thompson-rokr-lqb01-p74	0	12	0	10.25
https://it.robotoys.eu/puzzle-3d-in-legno/carillon/carillon-notte-stellata-rokr-amk51-p11	0	44	0	6.52
https://it.robotoys.eu/puzzle-3d-in-legno/carillon/carillon-swing-ride-rokr-ea02-p4	0	25	0	3.24
https://it.robotoys.eu/puzzle-3d-in-legno/carillon/carnevale-al-tramonto-rolife-amt01-p79	0	5	0	4.4
https://it.robotoys.eu/puzzle-3d-in-legno/carillon/lanterna-vittoriana-rokr-amk61-p80	0	6	0	6.5
https://it.robotoys.eu/puzzle-3d-in-legno/carillon/puzzle-3d-meccanico-in-legno-mobile-da-gioco-orpheus-rokr-am601-p82	0	6	0	2.83
https://it.robotoys.eu/puzzle-3d-in-legno/carillon/puzzle-meccanico-3d-in-legno-arpa-magica-rokr-amk71-p254	0	22	0	5.18
https://it.robotoys.eu/puzzle-3d-in-legno/carillon/puzzle-meccanico-3d-in-legno-piattaforma-girevole-diva-rokr-amk82-p267	0	8	0	7.5
https://it.robotoys.eu/puzzle-3d-in-legno/carillon/puzzle-meccanico-3d-in-legno-sakura-dreamy-tour-rolife-amt02-p219	0	11	0	4.82
https://it.robotoys.eu/puzzle-3d-in-legno/carillon/puzzle-meccanico-3d-in-legno-sinfonia-di-sogni-meravigliosi-rokr-amk63m-p211	0	5	0	6
https://it.robotoys.eu/puzzle-3d-in-legno/fiori/puzzle-3d-in-legno-camomilla-rowood-tw061-p109	0	31	0	5.74
https://it.robotoys.eu/puzzle-3d-in-legno/fiori/puzzle-3d-in-legno-cervo-vicino-a-un-lago-di-montagna-p260	0	5	0	4
https://it.robotoys.eu/puzzle-3d-in-legno/fiori/puzzle-3d-in-legno-colibri-in-un-giardino-fiorito-p259	0	3	0	3.33
https://it.robotoys.eu/puzzle-3d-in-legno/fiori/puzzle-3d-in-legno-dalia-rosa-rowood-tw131-p252	0	2	0	2
https://it.robotoys.eu/puzzle-3d-in-legno/fiori/puzzle-3d-in-legno-fioriera-in-legno-rowood-tw02h-p162	0	24	0	6.29
https://it.robotoys.eu/puzzle-3d-in-legno/fiori/puzzle-3d-in-legno-garofano-rosa-rowood-tw051-p110	0	3	0	3
https://it.robotoys.eu/puzzle-3d-in-legno/fiori/puzzle-3d-in-legno-gerbera-arancione-chiaro-rowood-tw111-p196	0	2	0	10.5
https://it.robotoys.eu/puzzle-3d-in-legno/fiori/puzzle-3d-in-legno-giglio-rosa-rowood-tw071-p144	0	28	0	5.89
https://it.robotoys.eu/puzzle-3d-in-legno/fiori/puzzle-3d-in-legno-girasole-dorato-rowood-th002-p193	0	34	0	6.21
https://it.robotoys.eu/puzzle-3d-in-legno/fiori/puzzle-3d-in-legno-girasole-rowood-tw011-p113	0	39	0	6.08
https://it.robotoys.eu/puzzle-3d-in-legno/fiori/puzzle-3d-in-legno-libro-dei-fiori-in-legno-rowood-tw04h-p228	0	27	0	8.67
https://it.robotoys.eu/puzzle-3d-in-legno/fiori/puzzle-3d-in-legno-lilla-rowood-tw021-p103	0	8	0	8.88
https://it.robotoys.eu/puzzle-3d-in-legno/fiori/puzzle-3d-in-legno-ninfee-scintillanti-rowood-th001-p192	0	9	0	3.89
https://it.robotoys.eu/puzzle-3d-in-legno/fiori/puzzle-3d-in-legno-ninfee-sotto-un-ponte-da-giardino-p258	0	4	0	8.5
https://it.robotoys.eu/puzzle-3d-in-legno/fiori/puzzle-3d-in-legno-pino-sempreverde-bonsai-rolife-tg510-p143	0	8	0	2.12
https://it.robotoys.eu/puzzle-3d-in-legno/fiori/puzzle-3d-in-legno-rosa-rosa-rowood-tw041-p111	0	4	0	4.5
https://it.robotoys.eu/puzzle-3d-in-legno/fiori/puzzle-3d-in-legno-rosa-rossa-rowood-tw042-p101	0	80	0	8.04
https://it.robotoys.eu/puzzle-3d-in-legno/fiori/puzzle-3d-in-legno-spiaggia-soleggiata-con-faro-p263	0	2	0	12.5
https://it.robotoys.eu/puzzle-3d-in-legno/fiori/puzzle-3d-in-legno-stella-di-natale-rowood-tf001-p222	0	41	0	8.76
https://it.robotoys.eu/puzzle-3d-in-legno/fiori/puzzle-3d-in-legno-tulipano-arancione-rowood-tw081-p145	0	7	0	2.71
https://it.robotoys.eu/puzzle-3d-in-legno/fiori/puzzle-3d-in-legno-tulipano-rosa-rowood-tw082-p161	0	20	0	6.4
https://it.robotoys.eu/puzzle-3d-in-legno/gli-animali	0	88	0	6.06
https://it.robotoys.eu/puzzle-3d-in-legno/gli-animali/puzzle-3d-in-legno-elefante-little-story-d012-p120	0	21	0	7.86
https://it.robotoys.eu/puzzle-3d-in-legno/gli-animali/puzzle-3d-in-legno-flamingo-little-story-d007-p116	0	1	0	2
https://it.robotoys.eu/puzzle-3d-in-legno/gli-animali/puzzle-3d-in-legno-giraffa-little-story-d013-p121	0	127	0	7.31
https://it.robotoys.eu/puzzle-3d-in-legno/gli-animali/puzzle-3d-in-legno-gufo-little-story-d009-p132	0	5	0	7.4
https://it.robotoys.eu/puzzle-3d-in-legno/gli-animali/puzzle-3d-in-legno-leone-little-story-d011-p119	0	121	0	5.73
https://it.robotoys.eu/puzzle-3d-in-legno/gli-animali/puzzle-3d-in-legno-parasaurus-little-story-d008-p117	0	32	0	6.12
https://it.robotoys.eu/puzzle-3d-in-legno/gli-animali/puzzle-3d-in-legno-stegosaurus-little-story-d010-p118	0	6	0	9.5
https://it.robotoys.eu/puzzle-3d-in-legno/luniverso	0	6	0	1.17
https://it.robotoys.eu/puzzle-3d-in-legno/luniverso/puzzle-3d-meccanico-in-legno-auto-a-energia-solare-harbinger-rover-rokr-ls402-p14	0	1	0	6
https://it.robotoys.eu/puzzle-3d-in-legno/luniverso/telescopio-monoculare-rokr-st004-p8	0	26	0	4.42
https://it.robotoys.eu/puzzle-3d-in-legno/orologi-calendari/calendario-perpetuo-rokr-lk201-p55	0	21	0	18.24
https://it.robotoys.eu/puzzle-3d-in-legno/orologi-calendari/orologio-da-parete-romantico-rokr-lc701-p56	0	34	0	3.79
https://it.robotoys.eu/puzzle-3d-in-legno/orologi-calendari/orologio-da-parete-zodiac-rokr-lc601-p52	0	37	0	4.89
https://it.robotoys.eu/puzzle-3d-in-legno/orologi-calendari/orologio-gufo-rokr-lk503-p6	0	100	0	5.45
https://it.robotoys.eu/puzzle-3d-in-legno/stem-lab	0	14	0	7.57
https://it.robotoys.eu/puzzle-3d-in-legno/stem-lab/cassetta-di-sicurezza-rokr-lk502-p57	0	5	0	2.8
https://it.robotoys.eu/puzzle-3d-in-legno/stem-lab/marble-night-city-rokr-lga01-p2	0	13	0	4.69
https://it.robotoys.eu/puzzle-3d-in-legno/stem-lab/pinball-rokr-eg01-p43	0	86	0	8.2
https://it.robotoys.eu/puzzle-3d-in-legno/stem-lab/proiettore-cinematografico-vitascope-rokr-lk601-p5	0	67	0	4.66
https://it.robotoys.eu/puzzle-3d-in-legno/stem-lab/puzzle-3d-meccanico-in-legno-motore-a-vapore-rokr-lka01-p104	0	5	0	6.6
https://it.robotoys.eu/puzzle-3d-in-legno/stem-lab/puzzle-3d-meccanico-in-legno-stampante-classica-rokr-lk602-p90	0	115	0	6.18
https://it.robotoys.eu/puzzle-3d-in-legno/stem-lab/puzzle-meccanico-3d-in-legno-fabbrica-dei-regali-dei-sogni-rokr-eab01-p202	0	167	0	6
https://it.robotoys.eu/puzzle-3d-in-legno/stem-lab/puzzle-meccanico-3d-in-legno-gear-ball-challenge-rokr-egc01-p213	0	16	0	10.44
https://it.robotoys.eu/puzzle-3d-in-legno/stem-lab/puzzle-meccanico-3d-in-legno-macchina-da-scrivere-meccanica-versione-classica-rokr-lk703b-p265	0	41	0	4.98
https://it.robotoys.eu/puzzle-3d-in-legno/stem-lab/puzzle-meccanico-3d-in-legno-macchina-da-scrivere-meccanica-versione-magica-rokr-lk703c-p266	0	45	0	2.93
https://it.robotoys.eu/puzzle-3d-in-legno/strumenti-musicali/fisarmonica-rolife-tg410-p41	0	11	0	3
https://it.robotoys.eu/puzzle-3d-in-legno/strumenti-musicali/pianoforte-magico-rokr-amk81-p70	0	101	0	6.39
https://it.robotoys.eu/puzzle-3d-in-legno/strumenti-musicali/puzzle-3d-in-legno-pianoforte-a-coda-rolife-tg402-p200	0	26	0	5.38
https://it.robotoys.eu/puzzle-3d-in-legno/strumenti-musicali/sassofono-rolife-tg309-p26	0	39	0	4.54
https://it.robotoys.eu/puzzle-3d-in-legno/strumenti-musicali/violino-capriccio-rokr-tg604k-p66	0	35	0	3.91
https://it.robotoys.eu/puzzle-3d-in-legno/veicoli/auto-depoca-rokr-mc801-p72	0	52	0	6.29
https://it.robotoys.eu/puzzle-3d-in-legno/veicoli/modello-aeronave-rolife-tg407-p22	0	7	0	9.86
https://it.robotoys.eu/puzzle-3d-in-legno/veicoli/modello-bulldozer-rokr-tg509k-p32	0	2	0	1.5
https://it.robotoys.eu/puzzle-3d-in-legno/veicoli/modello-di-auto-grand-prix-rokr-mc401-p16	0	13	0	5.62
https://it.robotoys.eu/puzzle-3d-in-legno/veicoli/modello-locomotiva-a-vapore-rokr-mc501-p13	0	5	0	5
https://it.robotoys.eu/puzzle-3d-in-legno/veicoli/modello-veterano-rolife-tg504-p53	0	4	0	8
https://it.robotoys.eu/puzzle-3d-in-legno/veicoli/mongolfiera-rolife-tg406-p84	0	41	0	5.29
https://it.robotoys.eu/puzzle-3d-in-legno/veicoli/puzzle-3d-in-legno-aereo-little-story-d016-p130	0	81	0	10.01
https://it.robotoys.eu/puzzle-3d-in-legno/veicoli/puzzle-3d-in-legno-ambulanza-eco-wood-art-p203	0	7	0	9.71
https://it.robotoys.eu/puzzle-3d-in-legno/veicoli/puzzle-3d-in-legno-auto-della-polizia-eco-wood-art-p214	0	1	0	1
https://it.robotoys.eu/puzzle-3d-in-legno/veicoli/puzzle-3d-in-legno-autobus-little-story-d002-p166	0	9	0	5.67
https://it.robotoys.eu/puzzle-3d-in-legno/veicoli/puzzle-3d-in-legno-autocarro-ribaltabile-per-movimento-terra-moaz-75053-eco-wood-art-p235	0	2	0	4
https://it.robotoys.eu/puzzle-3d-in-legno/veicoli/puzzle-3d-in-legno-barca-da-pesca-modello-rolife-tg308-p38	0	13	0	4.69
https://it.robotoys.eu/puzzle-3d-in-legno/veicoli/puzzle-3d-in-legno-bat-chatillon-bourrasque-little-story-wot04-p134	0	1	0	2
https://it.robotoys.eu/puzzle-3d-in-legno/veicoli/puzzle-3d-in-legno-bus-turistico-londinese-rolife-tgm02-p106	0	17	0	5.82
https://it.robotoys.eu/puzzle-3d-in-legno/veicoli/puzzle-3d-in-legno-camion-little-story-d004-p168	0	6	0	6.83
https://it.robotoys.eu/puzzle-3d-in-legno/veicoli/puzzle-3d-in-legno-camion-little-story-e013-p169	0	5	0	3.6
https://it.robotoys.eu/puzzle-3d-in-legno/veicoli/puzzle-3d-in-legno-carrello-elevatore-modello-rokr-tg413k-p48	0	1	0	19
https://it.robotoys.eu/puzzle-3d-in-legno/veicoli/puzzle-3d-in-legno-carro-armato-amx-13-105-little-story-wot05-p177	0	31	0	2.58
https://it.robotoys.eu/puzzle-3d-in-legno/veicoli/puzzle-3d-in-legno-carro-armato-fv4005-little-story-wot09-p236	0	16	0	3.44
https://it.robotoys.eu/puzzle-3d-in-legno/veicoli/puzzle-3d-in-legno-carrozza-reale-rolife-tg302-p62	0	13	0	6.69
https://it.robotoys.eu/puzzle-3d-in-legno/veicoli/puzzle-3d-in-legno-chopper-yankee-arancione-little-story-e024r-p250	0	9	0	2.78
https://it.robotoys.eu/puzzle-3d-in-legno/veicoli/puzzle-3d-in-legno-chopper-yankee-grigio-little-story-e024g-p249	0	4	0	1.5
https://it.robotoys.eu/puzzle-3d-in-legno/veicoli/puzzle-3d-in-legno-cilindro-stradale-modello-rokr-tg701k-p49	0	11	0	3
https://it.robotoys.eu/puzzle-3d-in-legno/veicoli/puzzle-3d-in-legno-comanche-motorcycle-little-story-e023-p175	0	2	0	2.5
https://it.robotoys.eu/puzzle-3d-in-legno/veicoli/puzzle-3d-in-legno-escavatore-rokr-tg508k-p197	0	21	0	5.71
https://it.robotoys.eu/puzzle-3d-in-legno/veicoli/puzzle-3d-in-legno-fiat-125p-little-story-e002-p94	0	1	0	2
https://it.robotoys.eu/puzzle-3d-in-legno/veicoli/puzzle-3d-in-legno-fiat-126p-little-story-e005-p97	0	5	0	7.2
https://it.robotoys.eu/puzzle-3d-in-legno/veicoli/puzzle-3d-in-legno-grand-prix-motorcycle-little-story-e021-p173	0	11	0	5.82
https://it.robotoys.eu/puzzle-3d-in-legno/veicoli/puzzle-3d-in-legno-hot-rod-eco-wood-art-p231	0	1	0	10
https://it.robotoys.eu/puzzle-3d-in-legno/veicoli/puzzle-3d-in-legno-jeep-dellesercito-little-story-e014-p170	0	1	0	19
https://it.robotoys.eu/puzzle-3d-in-legno/veicoli/puzzle-3d-in-legno-jeep-dellesercito-modello-rokr-mc701-p54	0	14	0	3.43
https://it.robotoys.eu/puzzle-3d-in-legno/veicoli/puzzle-3d-in-legno-jeep-little-story-d003-p167	0	5	0	1.4
https://it.robotoys.eu/puzzle-3d-in-legno/veicoli/puzzle-3d-in-legno-locomotiva-little-story-e012-p124	0	8	0	2.88
https://it.robotoys.eu/puzzle-3d-in-legno/veicoli/puzzle-3d-in-legno-m4a38-sherman-little-story-wot01-p137	0	3	0	3.33
https://it.robotoys.eu/puzzle-3d-in-legno/veicoli/puzzle-3d-in-legno-moto-da-corsa-blu-little-story-e019b-p239	0	10	0	1.7
https://it.robotoys.eu/puzzle-3d-in-legno/veicoli/puzzle-3d-in-legno-moto-da-corsa-verde-little-story-e019g-p240	0	1	0	8
https://it.robotoys.eu/puzzle-3d-in-legno/veicoli/puzzle-3d-in-legno-moto-da-gran-premio-gialla-little-story-e021y-p244	0	3	0	3.33
https://it.robotoys.eu/puzzle-3d-in-legno/veicoli/puzzle-3d-in-legno-moto-da-gran-premio-rossa-little-story-e021r-p243	0	4	0	7.5
https://it.robotoys.eu/puzzle-3d-in-legno/veicoli/puzzle-3d-in-legno-moto-da-speedway-little-story-e019-p171	0	123	0	5.37
https://it.robotoys.eu/puzzle-3d-in-legno/veicoli/puzzle-3d-in-legno-moto-speedtail-little-story-e020-p172	0	21	0	3.43
https://it.robotoys.eu/puzzle-3d-in-legno/veicoli/puzzle-3d-in-legno-nave-a-vela-djong-eco-wood-art-p232	0	2	0	10
https://it.robotoys.eu/puzzle-3d-in-legno/veicoli/puzzle-3d-in-legno-nave-da-crociera-little-story-e026-p229	0	5	0	6.4
https://it.robotoys.eu/puzzle-3d-in-legno/veicoli/puzzle-3d-in-legno-nave-da-crociera-rolife-tg306-p87	0	18	0	4.28
https://it.robotoys.eu/puzzle-3d-in-legno/veicoli/puzzle-3d-in-legno-nave-diplomatica-giapponese-rolife-tg307-p199	0	10	0	4.8
https://it.robotoys.eu/puzzle-3d-in-legno/veicoli/puzzle-3d-in-legno-piroscafo-a-pale-river-princess-eco-wood-art-p159	0	4	0	2.5
https://it.robotoys.eu/puzzle-3d-in-legno/veicoli/puzzle-3d-in-legno-polonez-1500-little-story-e003-p95	0	3	0	2.33
https://it.robotoys.eu/puzzle-3d-in-legno/veicoli/puzzle-3d-in-legno-rasaerba-semovente-cs-150c-eco-wood-art-p234	0	6	0	9.33
https://it.robotoys.eu/puzzle-3d-in-legno/veicoli/puzzle-3d-in-legno-rimorchio-per-autocarro-con-cassone-ribaltabile-road-king-eco-wood-art-p207	0	2	0	3.5
https://it.robotoys.eu/puzzle-3d-in-legno/veicoli/puzzle-3d-in-legno-scooter-blue-sting-little-story-e022b-p245	0	1	0	15
https://it.robotoys.eu/puzzle-3d-in-legno/veicoli/puzzle-3d-in-legno-semirimorchio-cisterna-per-camion-road-king-eco-wood-art-p155	0	5	0	3.8
https://it.robotoys.eu/puzzle-3d-in-legno/veicoli/puzzle-3d-in-legno-sting-scooter-little-story-e022-p174	0	19	0	3.37
https://it.robotoys.eu/puzzle-3d-in-legno/veicoli/puzzle-3d-in-legno-supercar-eco-wood-art-p215	0	1	0	3
https://it.robotoys.eu/puzzle-3d-in-legno/veicoli/puzzle-3d-in-legno-tank-char-b1-little-story-wot06-p178	0	4	0	4
https://it.robotoys.eu/puzzle-3d-in-legno/veicoli/puzzle-3d-in-legno-tank-leopard-1-little-story-wot07-p179	0	2	0	4
https://it.robotoys.eu/puzzle-3d-in-legno/veicoli/puzzle-3d-in-legno-tank-tortoise-little-story-wot08-p180	0	17	0	4.65
https://it.robotoys.eu/puzzle-3d-in-legno/veicoli/puzzle-3d-in-legno-tiger-i-little-story-wot03-p136	0	178	0	6.74
https://it.robotoys.eu/puzzle-3d-in-legno/veicoli/puzzle-3d-in-legno-tram-urbano-classico-rokr-lk801-p88	0	32	0	7
https://it.robotoys.eu/puzzle-3d-in-legno/veicoli/puzzle-3d-in-legno-warszawa-m20-little-story-e006-p98	0	5	0	8.2
https://it.robotoys.eu/puzzle-3d-in-legno/veicoli/puzzle-3d-in-legno-yacht-little-story-d015-p129	0	3	0	1.67
https://it.robotoys.eu/puzzle-3d-in-legno/veicoli/puzzle-3d-in-legno-yankee-chopper-little-story-e024-p176	0	8	0	1.75
https://it.robotoys.eu/puzzle-3d-in-legno/veicoli/puzzle-3d-meccanico-in-legno-diligenza-rokr-amka1-p99	0	6	0	7.33
https://it.robotoys.eu/puzzle-3d-in-legno/veicoli/puzzle-meccanico-3d-in-legno-auto-da-corsa-gialla-eco-wood-art-p151	0	20	0	4.25
https://it.robotoys.eu/puzzle-3d-in-legno/veicoli/puzzle-meccanico-3d-in-legno-auto-da-corsa-rokr-lk505-p141	0	4	0	5.75
https://it.robotoys.eu/puzzle-3d-in-legno/veicoli/puzzle-meccanico-3d-in-legno-auto-da-corsa-rossa-eco-wood-art-p152	0	48	0	4.19
https://it.robotoys.eu/puzzle-3d-in-legno/veicoli/puzzle-meccanico-3d-in-legno-auto-retro-eco-wood-art-p157	0	2	0	6
https://it.robotoys.eu/puzzle-3d-in-legno/veicoli/puzzle-meccanico-3d-in-legno-camion-dei-pompieri-eco-wood-art-p208	0	11	0	7.36
https://it.robotoys.eu/puzzle-3d-in-legno/veicoli/puzzle-meccanico-3d-in-legno-camion-road-king-eco-wood-art-p206	0	8	0	9.25
https://it.robotoys.eu/puzzle-3d-in-legno/veicoli/puzzle-meccanico-3d-in-legno-caricatore-eco-wood-art-p204	0	2	0	10
https://it.robotoys.eu/puzzle-3d-in-legno/veicoli/puzzle-meccanico-3d-in-legno-maz-5309rr-eco-wood-art-p153	0	24	0	8.04
https://it.robotoys.eu/puzzle-3d-in-legno/veicoli/puzzle-meccanico-3d-in-legno-moto-cruiser-eco-wood-art-p150	0	18	0	6.72
https://it.robotoys.eu/puzzle-3d-in-legno/veicoli/puzzle-meccanico-3d-in-legno-trattore-eco-wood-art-p233	0	10	0	8.1
https://it.robotoys.eu/regali-per-natale-in-offerta	0	1	0	5
https://it.robotoys.eu/robotoys.eu	0	1	0	1
https://it.robotoys.eu/vendita-di-case-in-miniatura	0	3	0	5.33
https://it.robotoys.eu/vendita-di-prodotti-a-marchio-rolife	0	4	0	4.75
https://it.robotoys.eu/vendita-di-regali-di-compleanno?page=4	0	1	0	6
https://it.robotoys.eu/vendita-di-regali-per-uomini-e-ragazzi	0	1	0	7
https://lt.robotoys.eu/3d-mediniu-delioniu-pardavimas	0	1	0	90
https://lt.robotoys.eu/brangiausia-medine-3d-delione	0	2	0	65.5
https://lt.robotoys.eu/deliones-konkursas/apgulties-patranka-rokr-kw801-51	0	1	0	10
https://lt.robotoys.eu/deliones-konkursas/apzvalgos-ratas-rolife-tgn01-18	0	1	0	4
https://lt.robotoys.eu/deliones-konkursas/auksine-saulegraza-rowood-th002-193	0	4	0	5
https://lt.robotoys.eu/deliones-konkursas/burlaivis-djong-eco-wood-art-232	0	1	0	17
https://lt.robotoys.eu/deliones-konkursas/ekskavatorius-rokr-tg508k-197	0	1	0	8
https://lt.robotoys.eu/deliones-konkursas/garvezio-modelis-rokr-mc501-13	0	1	0	1
https://lt.robotoys.eu/deliones-konkursas/gegutes-laikrodis-rokr-lc901c-198	0	1	0	41
https://lt.robotoys.eu/deliones-konkursas/geliu-kampas-rolife-tgb09-108	0	1	0	3
https://lt.robotoys.eu/deliones-konkursas/geliu-puokste-rowood-tw01h-100	0	1	0	7
https://lt.robotoys.eu/deliones-konkursas/gramophone-rolife-tg408-39	0	1	0	5
https://lt.robotoys.eu/deliones-konkursas/grudu-kombainas-gh800-eco-wood-art-160	0	2	0	6
https://lt.robotoys.eu/deliones-konkursas/helicopter-little-story-d017-131	0	1	0	2
https://lt.robotoys.eu/deliones-konkursas/komancu-motociklas-little-story-e023-175	0	1	0	3
https://lt.robotoys.eu/deliones-konkursas/kulkosvaidis-su-besisukanciu-vamzdziu-rokr-lqa01-218	0	1	0	6
https://lt.robotoys.eu/deliones-konkursas/library-of-wonders-rolife-tgb16-226	0	1	0	7
https://lt.robotoys.eu/deliones-konkursas/medinis-geliu-krepselis-rowood-tw03h-210	0	1	0	7
https://lt.robotoys.eu/deliones-konkursas/mini-a-formos-kalnu-namelis-rolife-dg181-227	0	1	0	9
https://lt.robotoys.eu/deliones-konkursas/motociklas-speedway-little-story-e019-171	0	1	0	8
https://lt.robotoys.eu/deliones-konkursas/muzikine-dezute-stebuklinga-violoncele-rokr-amk63-1	0	1	0	9
https://lt.robotoys.eu/deliones-konkursas/muzikos-dezute-swing-ride-rokr-ea02-4	0	1	0	3
https://lt.robotoys.eu/deliones-konkursas/ponios-cathy-siltnamis-rolife-dg104-28	0	4	0	9
https://lt.robotoys.eu/deliones-konkursas/pono-millerio-sodas-rolife-dg108-23	0	1	0	3
https://lt.robotoys.eu/deliones-konkursas/raganu-parduotuve-kiki-rolife-dg155-31	0	4	0	7
https://lt.robotoys.eu/deliones-konkursas/rozine-lelija-rowood-tw071-144	0	1	0	5
https://lt.robotoys.eu/deliones-konkursas/sagrada-familia-little-story-e018-133	0	4	0	8
https://lt.robotoys.eu/deliones-konkursas/seifas-rokr-lk502-57	0	1	0	5
https://lt.robotoys.eu/deliones-konkursas/svajoniu-dovanu-fabrikas-rokr-eab01-202	0	2	0	7
https://lt.robotoys.eu/deliones-konkursas/svieciantis-eifelio-bokstas-rolife-tgl01-73	0	1	0	2
https://lt.robotoys.eu/deliones-konkursas/tankas-fv4005-little-story-wot09-236	0	1	0	8
https://lt.robotoys.eu/deliones-konkursas/time-travel-rolife-tgb04-60	0	4	0	2.75
https://lt.robotoys.eu/deliones-konkursas/tower-bridge-modelis-su-led-apsvietimu-rolife-tg412-19	0	1	0	1
https://lt.robotoys.eu/deliones-konkursas/triplanis-modelis-rolife-tg301-46	0	4	0	7
https://lt.robotoys.eu/deliones-konkursas/violetinis-speedtail-motociklas-little-story-e020p-242	0	3	0	4.67
https://lt.robotoys.eu/deliones-konkursas/zemes-kasimo-savivartis-moaz-75053-eco-wood-art-235	0	1	0	2
https://lt.robotoys.eu/dienorastis/5-geriausios-valentino-dienos-dovanos-kurios-patiks-visiems	0	11	0	51.91
https://lt.robotoys.eu/dienorastis/7-nenugalimos-dovanu-idejos-moterims	0	2	0	3
https://lt.robotoys.eu/dienorastis/dovana-vyrui-kuris-jau-viska-turi-24-originalus-patarimai-kurie-ji-tikrai-nustebins	0	5	0	12.4
https://lt.robotoys.eu/dienorastis/garsiojo-tauerio-tilto-istorija-kaip-pritraukti-londona-i-savo-namus	0	149	0	8.1
https://lt.robotoys.eu/dienorastis/geriausia-dovana-jai-stebuklingas-kampelis-knygu-myletojui	0	4	0	9.25
https://lt.robotoys.eu/dienorastis/kaip-atsikratyti-streso-10-efektyviu-patarimu	0	1	0	9
https://lt.robotoys.eu/dienorastis/kodel-3d-mediniai-modeliai-yra-puiki-dovana-bet-kokio-amziaus-zmonems	0	1	0	7
https://lt.robotoys.eu/dienorastis/maza-istorija-3d-konstravimo-rinkiniai-kuriuose-dera-kurybiskumas-linksmybes-ir-kokybe	0	7	0	7.86
https://lt.robotoys.eu/dienorastis/mediniai-3d-deliones-kaip-issirinkti-pirmaji-konstravimo-rinkini-ir-kam-pasiruosti	0	5	0	12
https://lt.robotoys.eu/dienorastis/pajudinkite-savo-smegenis-naudodami-3d-medinius-mechaninius-galvosukius	0	1	0	2
https://lt.robotoys.eu/dienorastis/stem-ir-mediniai-modeliai	0	1	0	3
https://lt.robotoys.eu/dienorastis/world-of-tanks-dabar-jusu-lentynoje	0	10	0	7.2
https://lt.robotoys.eu/dovanu-idejos-ispardavimas?page=4	0	1	0	10
https://lt.robotoys.eu/dovanu-idejos/dovanos-jai	0	56	0	20.66
https://lt.robotoys.eu/dovanu-idejos/dovanos-jam	0	1	0	7
https://lt.robotoys.eu/dovanu-idejos/dovanos-kaledoms	0	2	0	12.5
https://lt.robotoys.eu/dovanu-idejos/gimtadienio-dovanos	0	2	0	34.5
https://lt.robotoys.eu/geriausiai-ivertinta-medine-3d-delione	0	5	0	16.2
https://lt.robotoys.eu/medine-3d-delione-daugiau-nei-300-vnt	0	5	0	8
https://lt.robotoys.eu/medine-3d-delione-didelio-sunkumo	0	2	0	6.5
https://lt.robotoys.eu/medine-3d-delione-nuo-100-iki-149-vnt	0	2	0	39.5
https://lt.robotoys.eu/medine-3d-delione-nuo-150-iki-199-vnt	0	2	0	7.5
https://lt.robotoys.eu/medine-3d-delione-nuo-200-iki-299-vnt	0	1	0	2
https://lt.robotoys.eu/medine-3d-delione-surinkimo-laikas-daugiau-nei-5-val	0	3	0	27.67
https://lt.robotoys.eu/medine-3d-delione-surinkimo-laikas-nuo-1-iki-3-valandu	0	9	0	24.11
https://lt.robotoys.eu/medine-3d-delione-surinkimo-laikas-per-35-valandas	0	4	0	12.5
https://lt.robotoys.eu/medine-3d-delione-veikia	0	2	0	39
https://lt.robotoys.eu/medine-3d-delione/architektura	0	1	0	85
https://lt.robotoys.eu/medine-3d-delione/architektura/big-ben-modelis-su-led-apsvietimu-rolife-tg507-p20	0	1	0	1
https://lt.robotoys.eu/medine-3d-delione/architektura/eifelio-boksto-modelis-rolife-tg501-p17	0	1	0	6
https://lt.robotoys.eu/medine-3d-delione/architektura/medine-3d-delione-brandenburgo-vartai-little-story-e015-p125	0	13	0	10
https://lt.robotoys.eu/medine-3d-delione/architektura/medine-3d-delione-paryziaus-katedra-rowood-tg511-p224	0	1	0	3
https://lt.robotoys.eu/medine-3d-delione/architektura/medine-3d-delione-pergales-arka-little-story-e011-p123	0	2	0	6.5
https://lt.robotoys.eu/medine-3d-delione/architektura/medine-3d-delione-pergales-arka-rolife-tg502-p47	0	1	0	2
https://lt.robotoys.eu/medine-3d-delione/architektura/medine-3d-delione-pizos-bokstas-little-story-e009-p114	0	19	0	9.42
https://lt.robotoys.eu/medine-3d-delione/architektura/medine-3d-delione-sagrada-familia-little-story-e018-p133	0	21	0	3.62
https://lt.robotoys.eu/medine-3d-delione/architektura/medinis-3d-deliones-rinkinys-biblioteka-prie-juros-p261	0	3	0	4
https://lt.robotoys.eu/medine-3d-delione/architektura/medinis-3d-deliones-rinkinys-knygynas-senoje-alejoje-p262	0	1	0	10
https://lt.robotoys.eu/medine-3d-delione/architektura/medinis-3d-deliones-rinkinys-sakura-namelis-medziuose-rolife-tgs04-p201	0	1	0	4
https://lt.robotoys.eu/medine-3d-delione/architektura/medinis-3d-deliones-zaisliukas-mini-a-formos-kalnu-namelis-rolife-dg181-p227	0	3	0	4.33
https://lt.robotoys.eu/medine-3d-delione/architektura/medinis-mechaninis-3d-deliones-elementas-vejo-malunas-eco-wood-art-p154	0	5	0	5
https://lt.robotoys.eu/medine-3d-delione/architektura/medinis-mechaninis-3d-deliones-zaidimas-marmurinis-takelis-londone-rokr-egb01-p264	0	1	0	10
https://lt.robotoys.eu/medine-3d-delione/architektura/pizos-boksto-modelis-rolife-tg304-p37	0	4	0	1
https://lt.robotoys.eu/medine-3d-delione/architektura/svieciantis-eifelio-bokstas-rolife-tgl01-p73	0	5	0	2
https://lt.robotoys.eu/medine-3d-delione/architektura/tower-bridge-modelis-su-led-apsvietimu-rolife-tg412-p19	0	3	0	2.67
https://lt.robotoys.eu/medine-3d-delione/geles/medine-3d-delione-alyvine-rowood-tv021-p103	0	1	0	4
https://lt.robotoys.eu/medine-3d-delione/geles/medine-3d-delione-geliu-puokste-rowood-tw01h-p100	0	12	0	4.17
https://lt.robotoys.eu/medine-3d-delione/geles/medine-3d-delione-oranzine-tulpe-rowood-tw081-p145	0	3	0	5
https://lt.robotoys.eu/medine-3d-delione/geles/medine-3d-delione-raudonas-gvazdikas-rowood-tv052-p112	0	2	0	1.5
https://lt.robotoys.eu/medine-3d-delione/geles/medine-3d-delione-rozine-lelija-rowood-tw071-p144	0	2	0	4
https://lt.robotoys.eu/medine-3d-delione/geles/medine-3d-delione-rozine-roze-rowood-tv041-p111	0	1	0	6
https://lt.robotoys.eu/medine-3d-delione/geles/medine-3d-delione-sakura-bonsai-rolife-tg415-p142	0	4	0	11.75
https://lt.robotoys.eu/medine-3d-delione/geles/medine-3d-delione-saulegraza-rowood-tv011-p113	0	3	0	46.67
https://lt.robotoys.eu/medine-3d-delione/geles/medinis-3d-delione-auksine-saulegraza-rowood-th002-p193	0	2	0	2.5
https://lt.robotoys.eu/medine-3d-delione/geles/medinis-3d-deliones-rinkinys-medine-geliu-dezute-rowood-tw02h-p162	0	2	0	11
https://lt.robotoys.eu/medine-3d-delione/geles/medinis-3d-deliones-rinkinys-medine-geliu-knyga-rowood-tw04h-p228	0	1	0	15
https://lt.robotoys.eu/medine-3d-delione/geles/medinis-3d-deliones-rinkinys-medinis-geliu-krepselis-rowood-tw03h-p210	0	3	0	7
https://lt.robotoys.eu/medine-3d-delione/geles/medinis-3d-deliones-zaislas-zvilgancios-vandens-lelijos-rowood-th001-p192	0	1	0	1
https://lt.robotoys.eu/medine-3d-delione/ginklai	0	2	0	2
https://lt.robotoys.eu/medine-3d-delione/ginklai/ak-47-rifle-rokr-lq901-p67	0	11	0	3.82
https://lt.robotoys.eu/medine-3d-delione/ginklai/apgulties-patranka-rokr-kw801-p51	0	1	0	7
https://lt.robotoys.eu/medine-3d-delione/ginklai/medine-mechanine-3d-delione-mini-pistoletas-rokr-lq502-p147	0	5	0	1.8
https://lt.robotoys.eu/medine-3d-delione/ginklai/medinis-mechaninis-3d-deliones-rinkinys-prieslektuvinis-pabuklas-rokr-lqm01-p255	0	13	0	4.08
https://lt.robotoys.eu/medine-3d-delione/ginklai/revolveris-corsac-m60-rokr-lq401-p35	0	1	0	5
https://lt.robotoys.eu/medine-3d-delione/gyvunai	0	8	0	5.12
https://lt.robotoys.eu/medine-3d-delione/gyvunai/medine-3d-delione-bite-little-story-d001-p128	0	1	0	8
https://lt.robotoys.eu/medine-3d-delione/gyvunai/medine-3d-delione-dramblys-little-story-d012-p120	0	1	0	1
https://lt.robotoys.eu/medine-3d-delione/gyvunai/medine-3d-delione-kengura-little-story-d014-p122	0	2	0	1.5
https://lt.robotoys.eu/medine-3d-delione/gyvunai/medine-3d-delione-liuto-little-story-d011-p119	0	3	0	8
https://lt.robotoys.eu/medine-3d-delione/gyvunai/medine-3d-delione-parasaurus-little-story-d008-p117	0	1	0	1
https://lt.robotoys.eu/medine-3d-delione/gyvunai/medine-3d-delione-peleda-little-story-d009-p132	0	6	0	2.33
https://lt.robotoys.eu/medine-3d-delione/gyvunai/medine-3d-delione-zirafa-little-story-d013-p121	0	2	0	7.5
https://lt.robotoys.eu/medine-3d-delione/laikrodziai-kalendoriai	0	1	0	2
https://lt.robotoys.eu/medine-3d-delione/laikrodziai-kalendoriai/medinis-mechaninis-3d-deliones-komplektas-gegutes-laikrodis-medine-spalva-rokr-lc901-p217	0	2	0	7
https://lt.robotoys.eu/medine-3d-delione/laikrodziai-kalendoriai/medinis-mechaninis-3d-deliones-komplektas-gegutes-laikrodis-rokr-lc901c-p198	0	12	0	4.42
https://lt.robotoys.eu/medine-3d-delione/laikrodziai-kalendoriai/sieninis-laikrodis-zodiac-rokr-lc601-p52	0	4	0	4
https://lt.robotoys.eu/medine-3d-delione/muzikines-dezutes	0	1	0	9
https://lt.robotoys.eu/medine-3d-delione/muzikines-dezutes/elektrinis-grotuvas-rokr-lkb01d-p68	0	3	0	4.67
https://lt.robotoys.eu/medine-3d-delione/muzikines-dezutes/karnavalas-saulelydzio-metu-rolife-amt01-p79	0	3	0	3.33
https://lt.robotoys.eu/medine-3d-delione/muzikines-dezutes/medine-mechanine-3d-delione-melodine-kaledu-eglute-rolife-ams01-p138	0	1	0	2
https://lt.robotoys.eu/medine-3d-delione/muzikines-dezutes/medinis-mechaninis-3d-deliones-zaidimas-magiska-arfa-rokr-amk71-p254	0	2	0	5
https://lt.robotoys.eu/medine-3d-delione/muzikines-dezutes/muzikine-dezute-stebuklinga-violoncele-rokr-amk63-p1	0	4	0	4.5
https://lt.robotoys.eu/medine-3d-delione/muzikines-dezutes/muzikos-dezute-swing-ride-rokr-ea02-p4	0	1	0	2
https://lt.robotoys.eu/medine-3d-delione/muzikines-dezutes/romantiska-karusele-rokr-amk62-p77	0	1	0	8
https://lt.robotoys.eu/medine-3d-delione/muzikines-dezutes/viktorijos-laiku-zibintas-rokr-amk61-p80	0	1	0	2
https://lt.robotoys.eu/medine-3d-delione/muzikos-instrumentai	0	1	0	1
https://lt.robotoys.eu/medine-3d-delione/muzikos-instrumentai/magic-pianinas-rokr-amk81-p70	0	2	0	5
https://lt.robotoys.eu/medine-3d-delione/muzikos-instrumentai/medine-3d-delione-cello-rolife-tg411-p85	0	1	0	20
https://lt.robotoys.eu/medine-3d-delione/muzikos-instrumentai/medine-3d-delione-gramophone-rolife-tg408-p39	0	4	0	7
https://lt.robotoys.eu/medine-3d-delione/stem-lab	0	1	0	27
https://lt.robotoys.eu/medine-3d-delione/stem-lab/kino-projektorius-vitascope-rokr-lk601-p5	0	4	0	4.5
https://lt.robotoys.eu/medine-3d-delione/stem-lab/marble-night-city-rokr-lga01-p2	0	3	0	8
https://lt.robotoys.eu/medine-3d-delione/stem-lab/marmurinis-parkour-rokr-lg501-p42	0	1	0	3
https://lt.robotoys.eu/medine-3d-delione/stem-lab/medine-mechanine-3d-delione-garo-variklis-rokr-lka01-p104	0	1	0	4
https://lt.robotoys.eu/medine-3d-delione/stem-lab/medine-mechanine-3d-delione-klasikinis-spausdintuvas-rokr-lk602-p90	0	3	0	3.33
https://lt.robotoys.eu/medine-3d-delione/stem-lab/medinis-3d-deliones-komplektas-retro-telefonas-eco-wood-art-p156	0	3	0	3.33
https://lt.robotoys.eu/medine-3d-delione/stem-lab/medinis-mechaninis-3d-delione-svajoniu-dovanu-fabrikas-rokr-eab01-p202	0	9	0	2.56
https://lt.robotoys.eu/medine-3d-delione/stem-lab/medinis-mechaninis-3d-deliones-elementas-rasomosios-masineles-eco-wood-art-p158	0	6	0	4.17
https://lt.robotoys.eu/medine-3d-delione/stem-lab/medinis-mechaninis-3d-deliones-zaisliukas-mechanine-rasomoji-masinele-stebuklinga-versija-rokr-lk703c-p266	0	1	0	4
https://lt.robotoys.eu/medine-3d-delione/stem-lab/pinball-rokr-eg01-p43	0	1	0	8
https://lt.robotoys.eu/medine-3d-delione/transporto-priedones	0	1	0	4
https://lt.robotoys.eu/medine-3d-delione/transporto-priemones/dirizablio-modelis-rolife-tg407-p22	0	1	0	25
https://lt.robotoys.eu/medine-3d-delione/transporto-priemones/garvezio-modelis-rokr-mc501-p13	0	5	0	1.8
https://lt.robotoys.eu/medine-3d-delione/transporto-priemones/grand-prix-automobilio-modelis-rokr-mc401-p16	0	1	0	10
https://lt.robotoys.eu/medine-3d-delione/transporto-priemones/istorinis-tramvajus-rolife-tg505-p40	0	3	0	6
https://lt.robotoys.eu/medine-3d-delione/transporto-priemones/medine-3d-delione-armijos-dzipo-modelis-rokr-mc701-p54	0	1	0	1
https://lt.robotoys.eu/medine-3d-delione/transporto-priemones/medine-3d-delione-fiat-125p-little-story-e002-p94	0	3	0	7.33
https://lt.robotoys.eu/medine-3d-delione/transporto-priemones/medine-3d-delione-jachta-little-story-d015-p129	0	2	0	8
https://lt.robotoys.eu/medine-3d-delione/transporto-priemones/medine-3d-delione-japonijos-diplomatinis-laivas-rolife-tg307-p199	0	1	0	29
https://lt.robotoys.eu/medine-3d-delione/transporto-priemones/medine-3d-delione-karaliskas-vezimas-rolife-tg302-p62	0	11	0	2.91
https://lt.robotoys.eu/medine-3d-delione/transporto-priemones/medine-3d-delione-kelio-cilindro-modelis-rokr-tg701k-p49	0	1	0	5
https://lt.robotoys.eu/medine-3d-delione/transporto-priemones/medine-3d-delione-klasikinis-miesto-tramvajus-rokr-lk801-p88	0	1	0	9
https://lt.robotoys.eu/medine-3d-delione/transporto-priemones/medine-3d-delione-kruizinis-laivas-rolife-tg306-p87	0	2	0	3
https://lt.robotoys.eu/medine-3d-delione/transporto-priemones/medine-3d-delione-lektuvo-little-story-d016-p130	0	4	0	3
https://lt.robotoys.eu/medine-3d-delione/transporto-priemones/medine-3d-delione-m4a38-sherman-little-story-wot01-p137	0	3	0	6.67
https://lt.robotoys.eu/medine-3d-delione/transporto-priemones/medine-3d-delione-sakura-journey-rolife-tgs02-p105	0	2	0	7
https://lt.robotoys.eu/medine-3d-delione/transporto-priemones/medine-3d-delione-syrena-105-little-story-e004-p96	0	2	0	8
https://lt.robotoys.eu/medine-3d-delione/transporto-priemones/medine-3d-delione-tank-tortoise-little-story-wot08-p180	0	2	0	5.5
https://lt.robotoys.eu/medine-3d-delione/transporto-priemones/medine-3d-delione-tankas-amx-13-105-little-story-wot05-p177	0	7	0	3.14
https://lt.robotoys.eu/medine-3d-delione/transporto-priemones/medine-3d-delione-tankas-leopardas-1-little-story-wot07-p179	0	1	0	5
https://lt.robotoys.eu/medine-3d-delione/transporto-priemones/medine-3d-delione-tiger-i-little-story-wot03-p136	0	2	0	5.5
https://lt.robotoys.eu/medine-3d-delione/transporto-priemones/medine-mechanine-3d-delione-lenktyniu-automobilis-rokr-lk505-p141	0	1	0	7
https://lt.robotoys.eu/medine-3d-delione/transporto-priemones/medinis-3d-delione-autobusas-little-story-d002-p166	0	1	0	6
https://lt.robotoys.eu/medine-3d-delione/transporto-priemones/medinis-3d-delione-komancu-motociklas-little-story-e023-p175	0	1	0	1
https://lt.robotoys.eu/medine-3d-delione/transporto-priemones/medinis-3d-delione-motociklas-speedtail-little-story-e020-p172	0	5	0	1.4
https://lt.robotoys.eu/medine-3d-delione/transporto-priemones/medinis-3d-delione-pilkas-comanche-motociklas-little-story-e023g-p247	0	1	0	7
https://lt.robotoys.eu/medine-3d-delione/transporto-priemones/medinis-3d-delione-violetinis-speedtail-motociklas-little-story-e020p-p242	0	2	0	1
https://lt.robotoys.eu/medine-3d-delione/transporto-priemones/medinis-3d-delione-zemes-kasimo-savivartis-moaz-75053-eco-wood-art-p235	0	1	0	2
https://lt.robotoys.eu/medine-3d-delione/transporto-priemones/medinis-3d-deliones-automobilis-hot-rod-eco-wood-art-p231	0	2	0	7
https://lt.robotoys.eu/medine-3d-delione/transporto-priemones/medinis-3d-deliones-elementas-policijos-automobilis-eco-wood-art-p214	0	1	0	7
https://lt.robotoys.eu/medine-3d-delione/transporto-priemones/medinis-3d-deliones-elementas-savivartis-su-priekaba-road-king-eco-wood-art-p207	0	4	0	1.25
https://lt.robotoys.eu/medine-3d-delione/transporto-priemones/medinis-3d-deliones-elementas-supercar-eco-wood-art-p215	0	1	0	10
https://lt.robotoys.eu/medine-3d-delione/transporto-priemones/medinis-3d-deliones-rinkinys-burlaivis-djong-eco-wood-art-p232	0	1	0	11
https://lt.robotoys.eu/medine-3d-delione/transporto-priemones/medinis-3d-deliones-rinkinys-burlaivis-lord-of-the-seas-eco-wood-art-p216	0	1	0	5
https://lt.robotoys.eu/medine-3d-delione/transporto-priemones/medinis-3d-deliones-rinkinys-didziojo-prizo-motociklas-little-story-e021-p173	0	4	0	4.5
https://lt.robotoys.eu/medine-3d-delione/transporto-priemones/medinis-3d-deliones-rinkinys-garlaivis-little-story-e025-p230	0	2	0	5.5
https://lt.robotoys.eu/medine-3d-delione/transporto-priemones/medinis-3d-deliones-rinkinys-geltonas-grand-prix-motociklas-little-story-e021y-p244	0	1	0	10
https://lt.robotoys.eu/medine-3d-delione/transporto-priemones/medinis-3d-deliones-rinkinys-kruizinis-laivas-little-story-e026-p229	0	3	0	9
https://lt.robotoys.eu/medine-3d-delione/transporto-priemones/medinis-3d-deliones-rinkinys-motociklas-speedway-little-story-e019-p171	0	4	0	3
https://lt.robotoys.eu/medine-3d-delione/transporto-priemones/medinis-3d-deliones-rinkinys-raudonasis-grand-prix-motociklas-little-story-e021r-p243	0	4	0	4.5
https://lt.robotoys.eu/medine-3d-delione/transporto-priemones/medinis-3d-deliones-rinkinys-tankas-fv4005-little-story-wot09-p236	0	1	0	8
https://lt.robotoys.eu/medine-3d-delione/transporto-priemones/medinis-3d-deliones-zaidimas-savaeige-vejapjove-cs-150c-eco-wood-art-p234	0	1	0	48
https://lt.robotoys.eu/medine-3d-delione/transporto-priemones/medinis-3d-deliones-zaidimas-zaliasis-greitkelio-motociklas-little-story-e019g-p240	0	1	0	6
https://lt.robotoys.eu/medine-3d-delione/transporto-priemones/medinis-3d-deliones-zaislas-melynas-sting-paspirtukas-little-story-e022b-p245	0	2	0	7
https://lt.robotoys.eu/medine-3d-delione/transporto-priemones/medinis-3d-deliones-zaislas-rozinis-sting-paspirtukas-little-story-e022r-p246	0	1	0	4
https://lt.robotoys.eu/medine-3d-delione/transporto-priemones/medinis-3d-deliones-zaisliukas-sting-scooter-little-story-e022-p174	0	1	0	4
https://lt.robotoys.eu/medine-3d-delione/transporto-priemones/medinis-3d-deliones-zaisliukas-sunkvezimis-little-story-d004-p168	0	1	0	4
https://lt.robotoys.eu/medine-3d-delione/transporto-priemones/medinis-3d-deliones-zaisliukas-tankas-char-b1-little-story-wot06-p178	0	5	0	1.8
https://lt.robotoys.eu/medine-3d-delione/transporto-priemones/medinis-mechaninis-3d-deliones-elementas-burlaivis-juru-arkliukas-rokr-mcb02-p212	0	2	0	22.5
https://lt.robotoys.eu/medine-3d-delione/transporto-priemones/medinis-mechaninis-3d-deliones-elementas-geltonas-lenktyninis-automobilis-eco-wood-art-p151	0	3	0	3.33
https://lt.robotoys.eu/medine-3d-delione/transporto-priemones/medinis-mechaninis-3d-deliones-elementas-grudu-kombainas-gh800-eco-wood-art-p160	0	4	0	3
https://lt.robotoys.eu/medine-3d-delione/transporto-priemones/medinis-mechaninis-3d-deliones-elementas-raudonas-lenktyninis-automobilis-eco-wood-art-p152	0	3	0	4
https://lt.robotoys.eu/medine-3d-delione/transporto-priemones/medinis-mechaninis-3d-deliones-zaidimas-traktorius-eco-wood-art-p233	0	3	0	3.33
https://lt.robotoys.eu/medine-3d-delione/transporto-priemones/oro-balionas-rolife-tg406-p84	0	3	0	3.33
https://lt.robotoys.eu/medine-3d-delione/transporto-priemones/savivarcio-modelis-rokr-tg603k-p34	0	1	0	31
https://lt.robotoys.eu/medine-3d-delione/transporto-priemones/sunkiasvorio-sunkvezimio-modelis-rokr-mc502-p27	0	1	0	12
https://lt.robotoys.eu/medine-3d-delione/transporto-priemones/triplanis-modelis-rolife-tg301-p46	0	6	0	7
https://lt.robotoys.eu/medine-3d-delione/visata	0	1	0	2
https://lt.robotoys.eu/medine-3d-delione/visata/medinis-mechaninis-3d-deliones-zaidimas-kosminis-laivas-rokr-lka02-p253	0	1	0	8
https://lt.robotoys.eu/medine-3d-delione/visata/monokulinis-teleskopas-rokr-st004-p8	0	5	0	4.8
https://lt.robotoys.eu/medine-3d-delione/visata/saules-sistema-rokr-st001-p71	0	13	0	5.15
https://lt.robotoys.eu/medine-3d-delione/visata/svieciantis-gaublys-rokr-st003-p3	0	1	0	1
https://lt.robotoys.eu/medine-3d-delione?order=discount&page=3	0	1	0	91
https://lt.robotoys.eu/miniatiuriniai-namai-didelio-sudetingumo	0	3	0	13.33
https://lt.robotoys.eu/miniatiuriniai-namai-nuo-100-iki-149-vnt	0	3	0	7
https://lt.robotoys.eu/miniatiuriniai-namai-nuo-150-iki-199-vnt	0	1	0	3
https://lt.robotoys.eu/miniatiuriniai-namai-nuo-200-iki-299-vnt	0	3	0	13
https://lt.robotoys.eu/miniatiuriniai-namai-surinkimo-laikas-nuo-3-iki-5-valandu	0	5	0	7.8
https://lt.robotoys.eu/miniatiuriniai-namai/knygu-kampelis/knygu-lentynos-ideklas-geliu-kampas-rolife-tgb09-p108	0	7	0	5.29
https://lt.robotoys.eu/miniatiuriniai-namai/knygu-kampelis/knygu-lentynos-ideklas-kaledu-gatve-rolife-tgc06-p139	0	2	0	8.5
https://lt.robotoys.eu/miniatiuriniai-namai/knygu-kampelis/knygu-lentynos-ideklas-kelione-i-stebuklu-sali-rolife-tgb12-p165	0	5	0	5.4
https://lt.robotoys.eu/miniatiuriniai-namai/knygu-kampelis/knygu-lentynos-ideklas-magiskas-fantazijos-kampelis-rolife-tgb14-p221	0	1	0	12
https://lt.robotoys.eu/miniatiuriniai-namai/knygu-kampelis/knygu-lentynos-ideklas-pasaku-pramogu-parkas-rolife-tgb17-p257	0	3	0	1.67
https://lt.robotoys.eu/miniatiuriniai-namai/knygu-kampelis/knygu-lentynos-ideklas-romantiska-venice-rolife-tgb08-p107	0	1	0	5
https://lt.robotoys.eu/miniatiuriniai-namai/knygu-kampelis/knygynas-rolife-tgb07-p76	0	7	0	16.14
https://lt.robotoys.eu/miniatiuriniai-namai/knygu-kampelis/magical-house-rolife-tgb03-p58	0	1	0	1
https://lt.robotoys.eu/miniatiuriniai-namai/knygu-kampelis/sakura-densya-rolife-tgb01-p29	0	1	0	6
https://lt.robotoys.eu/miniatiuriniai-namai/knygu-kampelis/sunshine-town-rolife-tgb02-p30	0	16	0	10.19
https://lt.robotoys.eu/miniatiuriniai-namai/knygu-kampelis/time-travel-rolife-tgb04-p60	0	1	0	2
https://lt.robotoys.eu/miniatiuriniai-namai/miniatiurines-parduotuves	0	3	0	9
https://lt.robotoys.eu/miniatiuriniai-namai/miniatiurines-parduotuves/geliu-parduotuve-emily-rolife-dg145-p25	0	6	0	3.67
https://lt.robotoys.eu/miniatiuriniai-namai/miniatiurines-parduotuves/miniatiurinis-namas-alisos-arbatos-parduotuve-rolife-dg156-p61	0	5	0	6.6
https://lt.robotoys.eu/miniatiuriniai-namai/miniatiurines-parduotuves/miniatiurinis-namelis-geliu-saldainiai-ir-arbatos-rolife-dg146-p92	0	1	0	10
https://lt.robotoys.eu/miniatiuriniai-namai/miniatiurines-parduotuves/raganu-parduotuve-kiki-rolife-dg155-p31	0	10	0	7.9
https://lt.robotoys.eu/miniatiuriniai-namai/miniatiuriniai-kambariai	0	3	0	6.67
https://lt.robotoys.eu/miniatiuriniai-namai/miniatiuriniai-kambariai/miniatiurinis-namas-doros-mansarda-rolife-dg12-p91	0	5	0	3.8
https://lt.robotoys.eu/miniatiuriniai-namai/miniatiuriniai-kambariai/miniatiurinis-namas-jauki-virtuve-rolife-dg159-p89	0	1	0	23
https://lt.robotoys.eu/miniatiuriniai-namai/miniatiuriniai-kambariai/miniatiurinis-namas-lelijos-veranda-rolife-dg11-p93	0	4	0	22.5
https://lt.robotoys.eu/miniatiuriniai-namai/miniatiuriniai-kambariai/miniatiurinis-namelis-jauki-vila-suniukams-rolife-dg169-p149	0	4	0	5.25
https://lt.robotoys.eu/miniatiuriniai-namai/miniatiuriniai-kambariai/mose-detektyvu-agentura-rolife-dg157-p24	0	3	0	2
https://lt.robotoys.eu/miniatiuriniai-namai/miniatiuriniai-kambariai/ponios-cathy-siltnamis-rolife-dg104-p28	0	4	0	2.75
https://lt.robotoys.eu/miniatiuriniai-namai/miniatiuriniai-kambariai/pono-millerio-sodas-rolife-dg108-p23	0	5	0	5.6
https://lt.robotoys.eu/naudingos-nuorodos/apie-kompanija	0	1	0	2
https://lt.robotoys.eu/naudingos-nuorodos/apie-kompanija/kontaktas	0	1	0	4
https://lt.robotoys.eu/naudingos-nuorodos/daznai-uzduodami-klausimai	0	1	0	5
https://lt.robotoys.eu/naujausi-rokr-prekes-zenklo-gaminiai	0	12	0	6.92
https://lt.robotoys.eu/naujausia-medine-3d-delione	0	1	0	67
https://lt.robotoys.eu/naujausia-medine-3d-delione?page=2	0	1	0	10
https://lt.robotoys.eu/naujausios-dovanu-idejos?page=4	0	1	0	4
https://lt.robotoys.eu/parduodama-rokr-prekes-zenklo-produkcija	0	1	0	3
https://lt.robotoys.eu/parduodamos-dovanu-idejos?page=4	0	2	0	5.5
https://lt.robotoys.eu/pigiausi-rokr-prekes-zenklo-produktai	0	7	0	14.86
https://lt.robotoys.eu/pigiausios-dovanos-kaledu-proga	0	9	0	9
https://lt.robotoys.eu/populiariausios-dovanos-moterims-ir-merginoms	0	1	0	29
https://lv.robotoys.eu/dargakas-davanas-berniem	0	1	0	1
https://lv.robotoys.eu/davanu-idejas	0	4	0	6.75
https://lv.robotoys.eu/davanu-idejas/davanas-vinai	0	2	0	9.5
https://lv.robotoys.eu/davanu-idejas/davanas-vinam	0	1	0	8
https://lv.robotoys.eu/davanu-idejas/davanas-ziemassvetkos	0	6	0	17
https://lv.robotoys.eu/emuars	0	2	0	10
https://lv.robotoys.eu/emuars/10-riki-kas-nepieciesami-koka-3d-puzles-saliksanai	0	9	0	5.44
https://lv.robotoys.eu/emuars/3d-koka-puzlu-vesture-no-sakuma-lidz-musdienam	0	3	0	7.67
https://lv.robotoys.eu/emuars/5-labakas-valentindienas-davanas-kas-iepriecinas-ikvienu	0	5	0	38.4
https://lv.robotoys.eu/emuars/7-neatvairamas-davanu-idejas-sievietem	0	7	0	6.71
https://lv.robotoys.eu/emuars/davana-virietim-kuram-jau-viss-ir-24-originali-padomi-kas-vinu-patiesam-parsteigs	0	3	0	34.33
https://lv.robotoys.eu/emuars/iekustiniet-smadzenes-izmantojot-3d-koka-mehaniskas-puzles	0	3	0	3.33
https://lv.robotoys.eu/emuars/ka-atbrivoties-no-stresa-10-efektivi-padomi	0	3	0	12.33
https://lv.robotoys.eu/emuars/ka-izveleties-labako-majas-rotajumu-padomi-un-triki	0	4	0	30.25
https://lv.robotoys.eu/emuars/kapec-3d-koka-modeli-ir-lieliska-davana-visu-vecumu-cilvekiem	0	3	0	4
https://lv.robotoys.eu/emuars/koka-3d-puzles-ka-izveleties-savu-pirmo-buvesanas-komplektu-un-kam-sagatavoties	0	9	0	7.11
https://lv.robotoys.eu/emuars/koka-puskis-kas-nekad-nenovist-atklajiet-3d-ziedu-puzlu-burvibu	0	3	0	5
https://lv.robotoys.eu/emuars/labaka-davana-vinai-magisks-sturitis-gramatu-milotajam	0	1	0	9
https://lv.robotoys.eu/emuars/labaka-davana-vinam-originals-ar-vestures-piesitienu	0	1	0	31
https://lv.robotoys.eu/emuars/mazs-stasts-3d-buvniecibas-komplekti-kas-apvieno-radosumu-jautribu-un-kvalitati	0	1	0	9
https://lv.robotoys.eu/emuars/puzles-veidosana-labaka-aktivitate-pensionariem	0	1	0	10
https://lv.robotoys.eu/emuars/rokr-jusu-ienaksana-radosuma-un-izklaides-pasaule	0	1	0	9
https://lv.robotoys.eu/emuars/stem-un-koka-modeli	0	4	0	13
https://lv.robotoys.eu/emuars/top-5-aktivitates-kas-atbalsta-motorisko-prasmju-attistibu	0	11	0	5.18
https://lv.robotoys.eu/jaunakas-miniaturas-majas	0	1	0	9
https://lv.robotoys.eu/jaunakie-rolife-zimola-produkti	0	2	0	28
https://lv.robotoys.eu/jaunakie-zimola-rokr-produkti	0	1	0	7
https://lv.robotoys.eu/koka-3d-puzle-100-lidz-149-gab	0	2	0	13.5
https://lv.robotoys.eu/koka-3d-puzle-200-lidz-299-gab	0	1	0	3
https://lv.robotoys.eu/koka-3d-puzle-augstas-grutibas-pakapes	0	1	0	4
https://lv.robotoys.eu/koka-3d-puzle-mazak-neka-100-gab	0	4	0	10
https://lv.robotoys.eu/koka-3d-puzle-saliksanas-laiks-lidz-1-stundai	0	2	0	10.5
https://lv.robotoys.eu/koka-3d-puzle-saliksanas-laiks-vairak-neka-5-stundas	0	2	0	6.5
https://lv.robotoys.eu/koka-3d-puzle-vairak-neka-300-gab	0	1	0	7
https://lv.robotoys.eu/koka-3d-puzle/arhitektura	0	4	0	10
https://lv.robotoys.eu/koka-3d-puzle/arhitektura/eifela-torna-modelis-rolife-tg501-p17	0	3	0	2.33
https://lv.robotoys.eu/koka-3d-puzle/arhitektura/izgaismots-eifela-tornis-rolife-tgl01-p73	0	11	0	13.82
https://lv.robotoys.eu/koka-3d-puzle/arhitektura/koka-3d-puzle-biblioteka-juras-krasta-p261	0	3	0	6.67
https://lv.robotoys.eu/koka-3d-puzle/arhitektura/koka-3d-puzle-gramatnica-veca-aleja-p262	0	4	0	11.25
https://lv.robotoys.eu/koka-3d-puzle/arhitektura/koka-3d-puzle-pizas-tornis-little-story-e009-p114	0	1	0	5
https://lv.robotoys.eu/koka-3d-puzle/arhitektura/koka-3d-puzle-sagrada-familia-little-story-e018-p133	0	3	0	8.33
https://lv.robotoys.eu/koka-3d-puzle/arhitektura/koka-3d-puzle-sakura-paviljons-rolife-tga07-p268	0	3	0	6
https://lv.robotoys.eu/koka-3d-puzle/arhitektura/koka-3d-puzle-sakura-treehouse-rolife-tgs04-p201	0	1	0	5
https://lv.robotoys.eu/koka-3d-puzle/arhitektura/koka-3d-puzle-sidnejas-operas-nams-little-story-e028-p238	0	2	0	5.5
https://lv.robotoys.eu/koka-3d-puzle/arhitektura/koka-3d-puzle-uzvaras-arka-little-story-e011-p123	0	2	0	4.5
https://lv.robotoys.eu/koka-3d-puzle/arhitektura/koka-3d-puzle-uzvaras-arka-rolife-tg502-p47	0	3	0	3.67
https://lv.robotoys.eu/koka-3d-puzle/arhitektura/koka-mehaniska-3d-puzle-vejdzirnavas-eco-wood-art-p154	0	1	0	7
https://lv.robotoys.eu/koka-3d-puzle/dzivnieki	0	4	0	6.25
https://lv.robotoys.eu/koka-3d-puzle/dzivnieki/koka-3d-puzle-bite-little-story-d001-p128	0	1	0	7
https://lv.robotoys.eu/koka-3d-puzle/dzivnieki/koka-3d-puzle-flamingo-little-story-d007-p116	0	1	0	7
https://lv.robotoys.eu/koka-3d-puzle/dzivnieki/koka-3d-puzle-kengurs-little-story-d014-p122	0	2	0	3
https://lv.robotoys.eu/koka-3d-puzle/dzivnieki/koka-3d-puzle-lauva-little-story-d011-p119	0	1	0	6
https://lv.robotoys.eu/koka-3d-puzle/dzivnieki/koka-3d-puzle-parasaurus-little-story-d008-p117	0	2	0	6
https://lv.robotoys.eu/koka-3d-puzle/ieroci	0	5	0	4.2
https://lv.robotoys.eu/koka-3d-puzle/ieroci/ak-47-rifle-rokr-lq901-p67	0	8	0	4.12
https://lv.robotoys.eu/koka-3d-puzle/ieroci/koka-mehaniska-3d-puzle-mini-lielgabals-rokr-lq502-p147	0	2	0	2.5
https://lv.robotoys.eu/koka-3d-puzle/ieroci/thompson-rokr-lqb01-p74	0	1	0	2
https://lv.robotoys.eu/koka-3d-puzle/muzikas-instrumenti	0	1	0	7
https://lv.robotoys.eu/koka-3d-puzle/muzikas-instrumenti/akordeons-rolife-tg410-p41	0	1	0	1
https://lv.robotoys.eu/koka-3d-puzle/muzikas-instrumenti/burvju-klavieres-rokr-amk81-p70	0	4	0	4.5
https://lv.robotoys.eu/koka-3d-puzle/muzikas-instrumenti/elektriskas-gitaras-modelis-rokr-tg605k-p33	0	1	0	2
https://lv.robotoys.eu/koka-3d-puzle/muzikas-instrumenti/koka-3d-puzle-cello-rolife-tg411-p85	0	1	0	2
https://lv.robotoys.eu/koka-3d-puzle/muzikas-instrumenti/koka-3d-puzle-fligelis-rolife-tg402-p200	0	1	0	29
https://lv.robotoys.eu/koka-3d-puzle/muzikas-instrumenti/koka-3d-puzle-gramofons-rolife-tg408-p39	0	1	0	7
https://lv.robotoys.eu/koka-3d-puzle/muzikas-instrumenti/vijole-capriccio-rokr-tg604k-p66	0	1	0	6
https://lv.robotoys.eu/koka-3d-puzle/muzikas-kastes	0	4	0	7.75
https://lv.robotoys.eu/koka-3d-puzle/muzikas-kastes/elektriskais-skanuplasu-atskanotajs-rokr-lkb01d-p68	0	3	0	5
https://lv.robotoys.eu/koka-3d-puzle/muzikas-kastes/karnevals-saulrieta-rolife-amt01-p79	0	1	0	7
https://lv.robotoys.eu/koka-3d-puzle/muzikas-kastes/koka-mehaniska-3d-puzle-melodiska-ziemassvetku-eglite-rolife-ams01-p138	0	3	0	5.33
https://lv.robotoys.eu/koka-3d-puzle/muzikas-kastes/koka-mehaniska-3d-puzle-skaisto-sapnu-simfonija-rokr-amk63m-p211	0	1	0	18
https://lv.robotoys.eu/koka-3d-puzle/muzikas-kastes/muzikas-kastite-burvju-cells-rokr-amk63-p1	0	2	0	2
https://lv.robotoys.eu/koka-3d-puzle/muzikas-kastes/panoramas-rats-rolife-tgn01-p18	0	3	0	4.33
https://lv.robotoys.eu/koka-3d-puzle/muzikas-kastes/viktorijas-laika-laterna-rokr-amk61-p80	0	2	0	7
https://lv.robotoys.eu/koka-3d-puzle/pulksteni-kalendari/koka-mehaniska-3d-puzle-dzeguzes-pulkstenis-koka-krasa-rokr-lc901-p217	0	14	0	3.36
https://lv.robotoys.eu/koka-3d-puzle/pulksteni-kalendari/koka-mehaniska-3d-puzle-dzeguzes-pulkstenis-rokr-lc901c-p198	0	4	0	9
https://lv.robotoys.eu/koka-3d-puzle/pulksteni-kalendari/perpetualais-kalendars-rokr-lk201-p55	0	2	0	9
https://lv.robotoys.eu/koka-3d-puzle/pulksteni-kalendari/pulkstenpuce-rokr-lk503-p6	0	1	0	7
https://lv.robotoys.eu/koka-3d-puzle/pulksteni-kalendari/romantisks-sienas-pulkstenis-rokr-lc701-p56	0	1	0	3
https://lv.robotoys.eu/koka-3d-puzle/pulksteni-kalendari/sienas-pulkstenis-zodiac-rokr-lc601-p52	0	9	0	4.11
https://lv.robotoys.eu/koka-3d-puzle/stem-lab/filmu-projektors-vitascope-rokr-lk601-p5	0	1	0	6
https://lv.robotoys.eu/koka-3d-puzle/stem-lab/koka-3d-puzle-retro-telefons-eco-wood-art-p156	0	1	0	3
https://lv.robotoys.eu/koka-3d-puzle/stem-lab/koka-mehaniska-3d-puzle-klasisks-printeris-rokr-lk602-p90	0	1	0	5
https://lv.robotoys.eu/koka-3d-puzle/stem-lab/koka-mehaniska-3d-puzle-mehaniska-rakstammasina-klasiska-versija-rokr-lk703b-p265	0	2	0	18
https://lv.robotoys.eu/koka-3d-puzle/stem-lab/koka-mehaniska-3d-puzle-rakstammasina-eco-wood-art-p158	0	2	0	6
https://lv.robotoys.eu/koka-3d-puzle/stem-lab/koka-mehaniska-3d-puzle-sapnu-davanu-fabrika-rokr-eab01-p202	0	1	0	1
https://lv.robotoys.eu/koka-3d-puzle/stem-lab/koka-mehaniska-3d-puzle-tvaika-dzinejs-rokr-lka01-p104	0	7	0	9.14
https://lv.robotoys.eu/koka-3d-puzle/stem-lab/marble-night-city-rokr-lga01-p2	0	1	0	3
https://lv.robotoys.eu/koka-3d-puzle/transportlidzekli	0	1	0	5
https://lv.robotoys.eu/koka-3d-puzle/transportlidzekli/buldozera-modelis-rokr-tg509k-p32	0	2	0	4.5
https://lv.robotoys.eu/koka-3d-puzle/transportlidzekli/buru-laivas-modelis-rolife-tg305-p21	0	15	0	4.13
https://lv.robotoys.eu/koka-3d-puzle/transportlidzekli/dirizabla-modelis-rolife-tg407-p22	0	1	0	4
https://lv.robotoys.eu/koka-3d-puzle/transportlidzekli/gaisa-balons-rolife-tg406-p84	0	1	0	4
https://lv.robotoys.eu/koka-3d-puzle/transportlidzekli/grand-prix-auto-modelis-rokr-mc401-p16	0	2	0	4.5
https://lv.robotoys.eu/koka-3d-puzle/transportlidzekli/koka-3d-puzle-airu-tvaikonis-river-princess-eco-wood-art-p159	0	1	0	23
https://lv.robotoys.eu/koka-3d-puzle/transportlidzekli/koka-3d-puzle-armijas-dzips-little-story-e014-p170	0	1	0	2
https://lv.robotoys.eu/koka-3d-puzle/transportlidzekli/koka-3d-puzle-burukugis-lord-of-the-seas-eco-wood-art-p216	0	1	0	8
https://lv.robotoys.eu/koka-3d-puzle/transportlidzekli/koka-3d-puzle-cela-cilindra-modelis-rokr-tg701k-p49	0	2	0	6
https://lv.robotoys.eu/koka-3d-puzle/transportlidzekli/koka-3d-puzle-cisterna-puspiekabe-kravas-automasinai-road-king-eco-wood-art-p155	0	1	0	34
https://lv.robotoys.eu/koka-3d-puzle/transportlidzekli/koka-3d-puzle-ekskavators-rokr-tg508k-p197	0	1	0	3
https://lv.robotoys.eu/koka-3d-puzle/transportlidzekli/koka-3d-puzle-helikopters-little-story-d017-p131	0	1	0	1
https://lv.robotoys.eu/koka-3d-puzle/transportlidzekli/koka-3d-puzle-jahta-little-story-d015-p129	0	3	0	2.67
https://lv.robotoys.eu/koka-3d-puzle/transportlidzekli/koka-3d-puzle-japanas-diplomatiskais-kugis-rolife-tg307-p199	0	2	0	13.5
https://lv.robotoys.eu/koka-3d-puzle/transportlidzekli/koka-3d-puzle-karaliska-kariete-rolife-tg302-p62	0	1	0	1
https://lv.robotoys.eu/koka-3d-puzle/transportlidzekli/koka-3d-puzle-klasisks-pilsetas-tramvajs-rokr-lk801-p88	0	1	0	2
https://lv.robotoys.eu/koka-3d-puzle/transportlidzekli/koka-3d-puzle-kruiza-kugis-rolife-tg306-p87	0	2	0	12
https://lv.robotoys.eu/koka-3d-puzle/transportlidzekli/koka-3d-puzle-lidmasinas-little-story-d016-p130	0	31	0	3.9
https://lv.robotoys.eu/koka-3d-puzle/transportlidzekli/koka-3d-puzle-policijas-automasina-eco-wood-art-p214	0	1	0	5
https://lv.robotoys.eu/koka-3d-puzle/transportlidzekli/koka-3d-puzle-polonez-1500-little-story-e003-p95	0	1	0	4
https://lv.robotoys.eu/koka-3d-puzle/transportlidzekli/koka-3d-puzle-sting-scooter-little-story-e022-p174	0	1	0	2
https://lv.robotoys.eu/koka-3d-puzle/transportlidzekli/koka-3d-puzle-tank-tortoise-little-story-wot08-p180	0	5	0	3.4
https://lv.robotoys.eu/koka-3d-puzle/transportlidzekli/koka-3d-puzle-tanks-leopards-1-little-story-wot07-p179	0	2	0	5.5
https://lv.robotoys.eu/koka-3d-puzle/transportlidzekli/koka-3d-puzle-tvaikonis-little-story-e025-p230	0	1	0	14
https://lv.robotoys.eu/koka-3d-puzle/transportlidzekli/koka-3d-puzle-violets-speedtail-motocikls-little-story-e020p-p242	0	1	0	6
https://lv.robotoys.eu/koka-3d-puzle/transportlidzekli/koka-3d-puzle-zals-spidveja-motocikls-little-story-e019g-p240	0	6	0	5.83
https://lv.robotoys.eu/koka-3d-puzle/transportlidzekli/koka-3d-puzle-zils-spidveja-motocikls-little-story-e019b-p239	0	1	0	5
https://lv.robotoys.eu/koka-3d-puzle/transportlidzekli/koka-3d-puzle-zvejas-laivas-modelis-rolife-tg308-p38	0	11	0	3.82
https://lv.robotoys.eu/koka-3d-puzle/transportlidzekli/koka-mehaniska-3d-puzle-burulaiva-juras-zirdzins-rokr-mcb02-p212	0	4	0	3
https://lv.robotoys.eu/koka-3d-puzle/transportlidzekli/koka-mehaniska-3d-puzle-graudu-kombains-gh800-eco-wood-art-p160	0	1	0	2
https://lv.robotoys.eu/koka-3d-puzle/transportlidzekli/koka-mehaniska-3d-puzle-lekravejs-eco-wood-art-p204	0	1	0	10
https://lv.robotoys.eu/koka-3d-puzle/transportlidzekli/koka-mehaniska-3d-puzle-maz-5309rr-eco-wood-art-p153	0	1	0	2
https://lv.robotoys.eu/koka-3d-puzle/transportlidzekli/koka-mehaniska-3d-puzle-stagecoach-rokr-amka1-p99	0	1	0	10
https://lv.robotoys.eu/koka-3d-puzle/transportlidzekli/koka-mehaniska-3d-puzle-traktors-eco-wood-art-p233	0	1	0	2
https://lv.robotoys.eu/koka-3d-puzle/transportlidzekli/lokomotive-rokr-lk701-p7	0	1	0	9
https://lv.robotoys.eu/koka-3d-puzle/transportlidzekli/smagas-kravas-automasinas-modelis-rokr-mc502-p27	0	1	0	7
https://lv.robotoys.eu/koka-3d-puzle/transportlidzekli/vesturiskais-tramvajs-rolife-tg505-p40	0	2	0	10.5
https://lv.robotoys.eu/koka-3d-puzle/transportlidzekli/vintage-auto-rokr-mc801-p72	0	2	0	5
https://lv.robotoys.eu/koka-3d-puzle/visums/gaismas-globuss-rokr-st003-p3	0	4	0	7.25
https://lv.robotoys.eu/koka-3d-puzle/visums/monokularais-teleskops-rokr-st004-p8	0	2	0	4.5
https://lv.robotoys.eu/koka-3d-puzle/visums/saules-sistema-rokr-st001-p71	0	4	0	6
https://lv.robotoys.eu/koka-3d-puzle/ziedi/koka-3d-puzle-cerini-rowood-tw021-p103	0	1	0	4
https://lv.robotoys.eu/koka-3d-puzle/ziedi/koka-3d-puzle-gaisi-oranza-gerbera-rowood-tw111-p196	0	1	0	10
https://lv.robotoys.eu/koka-3d-puzle/ziedi/koka-3d-puzle-koka-puku-grozs-rowood-tw03h-p210	0	1	0	1
https://lv.robotoys.eu/koka-3d-puzle/ziedi/koka-3d-puzle-koka-puku-kaste-rowood-tw02h-p162	0	1	0	5
https://lv.robotoys.eu/koka-3d-puzle/ziedi/koka-3d-puzle-kolibri-ziedosa-darza-p259	0	1	0	6
https://lv.robotoys.eu/koka-3d-puzle/ziedi/koka-3d-puzle-roza-roze-rowood-tv041-p111	0	1	0	10
https://lv.robotoys.eu/koka-3d-puzle/ziedi/koka-3d-puzle-roza-tulpe-rowood-tw082-p161	0	3	0	2.33
https://lv.robotoys.eu/koka-3d-puzle/ziedi/koka-3d-puzle-sakura-bonsai-rolife-tg415-p142	0	1	0	4
https://lv.robotoys.eu/koka-3d-puzle/ziedi/koka-3d-puzle-sakura-rowood-tw101-p195	0	2	0	8
https://lv.robotoys.eu/koka-3d-puzle/ziedi/koka-3d-puzle-sarkana-roze-rowood-tw042-p101	0	1	0	1
https://lv.robotoys.eu/koka-3d-puzle/ziedi/koka-3d-puzle-saulespuke-rowood-tv011-p113	0	1	0	5
https://lv.robotoys.eu/koka-3d-puzle/ziedi/koka-3d-puzle-violeta-taurina-orhideja-rowood-tw091-p194	0	2	0	12.5
https://lv.robotoys.eu/koka-3d-puzle/ziedi/koka-3d-puzle-zelta-saulespuke-rowood-th002-p193	0	3	0	11.33
https://lv.robotoys.eu/koka-3d-puzle/ziedi/koka-3d-puzle-ziedu-puskis-rowood-tw01h-p100	0	5	0	2.4
https://lv.robotoys.eu/letakie-rolife-zimola-produkti	0	1	0	71
https://lv.robotoys.eu/miniaturas-majas-200-lidz-299-gab	0	18	0	8.67
https://lv.robotoys.eu/miniaturas-majas-vairak-neka-300-gab	0	1	0	7
https://lv.robotoys.eu/miniaturas-majas-videjas-grutibas-pakapes	0	1	0	8
https://lv.robotoys.eu/miniaturas-majas/gramatas-nook/bookstore-rolife-tgb07-p76	0	8	0	4.88
https://lv.robotoys.eu/miniaturas-majas/gramatas-nook/brivdienu-darza-maja-rolife-tgb06-p78	0	1	0	7
https://lv.robotoys.eu/miniaturas-majas/gramatas-nook/gramatu-plaukta-ieliktnis-arkades-iepazisanas-rolife-tgb10-p148	0	1	0	26
https://lv.robotoys.eu/miniaturas-majas/gramatas-nook/gramatu-plaukta-ieliktnis-celojums-uz-brinumzemi-rolife-tgb12-p165	0	1	0	8
https://lv.robotoys.eu/miniaturas-majas/gramatas-nook/gramatu-plaukta-ieliktnis-falling-sakura-rolife-tgb05-p50	0	1	0	6
https://lv.robotoys.eu/miniaturas-majas/gramatas-nook/gramatu-plaukta-ieliktnis-holiday-cafe-rolife-tgb15-p225	0	8	0	6.5
https://lv.robotoys.eu/miniaturas-majas/gramatas-nook/gramatu-plaukta-ieliktnis-ielas-aina-rolife-tgb13-p256	0	4	0	13.25
https://lv.robotoys.eu/miniaturas-majas/gramatas-nook/gramatu-plaukta-ieliktnis-library-of-wonders-rolife-tgb16-p226	0	4	0	22.5
https://lv.robotoys.eu/miniaturas-majas/gramatas-nook/gramatu-plaukta-ieliktnis-romantic-venice-rolife-tgb08-p107	0	1	0	1
https://lv.robotoys.eu/miniaturas-majas/gramatas-nook/gramatu-plaukta-ieliktnis-vina-aleja-zem-sakuru-kokiem-rolife-tgb11-p164	0	1	0	7
https://lv.robotoys.eu/miniaturas-majas/gramatas-nook/gramatu-plaukta-ieliktnis-ziedu-sturitis-rolife-tgb09-p108	0	1	0	2
https://lv.robotoys.eu/miniaturas-majas/gramatas-nook/gramatu-plaukta-ieliktnis-ziemassvetku-iela-rolife-tgc06-p139	0	2	0	4
https://lv.robotoys.eu/miniaturas-majas/gramatas-nook/gramatu-plaukta-ieliktnis-ziemassvetku-interjera-aina-rolife-tgc07-p140	0	1	0	1
https://lv.robotoys.eu/miniaturas-majas/gramatas-nook/magical-house-rolife-tgb03-p58	0	1	0	7
https://lv.robotoys.eu/miniaturas-majas/gramatas-nook/sakura-densya-rolife-tgb01-p29	0	4	0	2.5
https://lv.robotoys.eu/miniaturas-majas/gramatas-nook/sunshine-town-rolife-tgb02-p30	0	1	0	16
https://lv.robotoys.eu/miniaturas-majas/miniaturas-istabas/millera-kunga-darzs-rolife-dg108-p23	0	3	0	4.33
https://lv.robotoys.eu/miniaturas-majas/miniaturas-istabas/miniatura-maja-burvju-skola-rolife-dg166-p163	0	3	0	5.33
https://lv.robotoys.eu/miniaturas-majas/miniaturas-istabas/miniatura-maja-doras-benini-rolife-dg12-p91	0	6	0	5
https://lv.robotoys.eu/miniaturas-majas/miniaturas-istabas/miniatura-maja-lilijas-lievenis-rolife-dg11-p93	0	2	0	2.5
https://lv.robotoys.eu/miniaturas-majas/miniaturas-istabas/miniatura-maja-majiga-virtuve-rolife-dg159-p89	0	26	0	6.5
https://lv.robotoys.eu/miniaturas-majas/miniaturie-veikali/miniatura-maja-alises-tejas-veikals-rolife-dg156-p61	0	7	0	8.14
https://lv.robotoys.eu/miniaturas-majas/miniaturie-veikali/miniatura-maja-restorans-tipsy-rolife-dg167-p209	0	25	0	5.52
https://lv.robotoys.eu/miniaturas-majas/miniaturie-veikali/miniatura-maja-saldejuma-veikals-honey-rolife-dg148-p65	0	4	0	6.25
https://lv.robotoys.eu/miniaturas-majas/miniaturie-veikali/raganu-veikals-kiki-rolife-dg155-p31	0	16	0	15.06
https://lv.robotoys.eu/miniaturas-majas/miniaturie-veikali/ziedu-veikals-emily-rolife-dg145-p25	0	4	0	5.75
https://lv.robotoys.eu/miniaturu-maju-pardosana	0	6	0	10.5
https://lv.robotoys.eu/popularakas-davanas-berniem	0	1	0	5
https://lv.robotoys.eu/popularakas-davanas-sievietem-un-meitenem	0	1	0	25
https://lv.robotoys.eu/popularakas-davanas-ziemassvetkos	0	2	0	15.5
https://lv.robotoys.eu/popularakas-miniaturas-majas	0	25	0	10
https://lv.robotoys.eu/puzles-konkurss/airu-tvaikonis-river-princess-eco-wood-art-159	0	1	0	5
https://lv.robotoys.eu/puzles-konkurss/aplenkuma-lielgabals-rokr-kw801-51	0	1	0	13
https://lv.robotoys.eu/puzles-konkurss/arkades-iepazisanas-rolife-tgb10-148	0	1	0	1
https://lv.robotoys.eu/puzles-konkurss/bat-chatillon-bourrasque-little-story-wot04-134	0	1	0	8
https://lv.robotoys.eu/puzles-konkurss/biblioteka-juras-krasta-261	0	1	0	9
https://lv.robotoys.eu/puzles-konkurss/burulaiva-juras-zirdzins-rokr-mcb02-212	0	1	0	8
https://lv.robotoys.eu/puzles-konkurss/diva-atskanotajs-rokr-amk82-267	0	1	0	10
https://lv.robotoys.eu/puzles-konkurss/doras-benini-rolife-dg12-91	0	1	0	6
https://lv.robotoys.eu/puzles-konkurss/gaisi-oranza-gerbera-rowood-tw111-196	0	1	0	2
https://lv.robotoys.eu/puzles-konkurss/gaismas-globuss-rokr-st003-3	0	2	0	7.5
https://lv.robotoys.eu/puzles-konkurss/galda-kalendars-rokr-lc801-44	0	1	0	5
https://lv.robotoys.eu/puzles-konkurss/grand-prix-auto-modelis-rokr-mc401-16	0	1	0	8
https://lv.robotoys.eu/puzles-konkurss/izgaismots-eifela-tornis-rolife-tgl01-73	0	1	0	3
https://lv.robotoys.eu/puzles-konkurss/japanas-diplomatiskais-kugis-rolife-tg307-199	0	1	0	9
https://lv.robotoys.eu/puzles-konkurss/koka-ziedu-gramata-rowood-tw04h-228	0	1	0	1
https://lv.robotoys.eu/puzles-konkurss/lauva-little-story-d011-119	0	1	0	12
https://lv.robotoys.eu/puzles-konkurss/majiga-virtuve-rolife-dg159-89	0	1	0	10
https://lv.robotoys.eu/puzles-konkurss/mehaniska-rakstammasina-magiska-versija-rokr-lk703c-266	0	1	0	7
https://lv.robotoys.eu/puzles-konkurss/mini-a-veida-kalnu-namins-rolife-dg181-227	0	1	0	6
https://lv.robotoys.eu/puzles-konkurss/oranza-tulpe-rowood-tw081-145	0	1	0	27
https://lv.robotoys.eu/puzles-konkurss/panoramas-rats-rolife-tgn01-18	0	3	0	5.67
https://lv.robotoys.eu/puzles-konkurss/polonez-1500-little-story-e003-95	0	1	0	11
https://lv.robotoys.eu/puzles-konkurss/raganu-veikals-kiki-rolife-dg155-31	0	3	0	13.33
https://lv.robotoys.eu/puzles-konkurss/sakura-densya-rolife-tgb01-29	0	1	0	9
https://lv.robotoys.eu/puzles-konkurss/sakura-journey-rolife-tgs02-105	0	1	0	4
https://lv.robotoys.eu/puzles-konkurss/thompson-rokr-lqb01-74	0	1	0	10
https://lv.robotoys.eu/puzles-konkurss/uzvaras-arka-rolife-tg502-47	0	1	0	7
https://lv.robotoys.eu/puzles-konkurss/vesturiskais-tramvajs-rolife-tg505-40	0	1	0	10
https://lv.robotoys.eu/puzles-konkurss/violeta-irisa-rowood-tw121-251	0	1	0	5
https://lv.robotoys.eu/puzles-konkurss/violeta-taurina-orhideja-rowood-tw091-194	0	2	0	8.5
https://lv.robotoys.eu/puzles-konkurss/ziedu-veikals-emily-rolife-dg145-25	0	1	0	9
https://lv.robotoys.eu/puzles-konkurss/ziemassvetku-interjera-aina-rolife-tgc07-140	0	1	0	11
https://lv.robotoys.eu/visaugstak-novertetas-davanas-dekoresanai?page=2	0	1	0	17
https://lv.robotoys.eu/vislabak-pardotas-davanas-viriesiem-un-zeniem	0	1	0	31
https://lv.robotoys.eu/vislabak-pardotas-miniaturas-majas	0	52	0	6.67
https://lv.robotoys.eu/visvairak-pardota-koka-3d-puzle?page=2	0	1	0	10
https://lv.robotoys.eu/zimoli/eco-wood-art	0	2	0	15
https://lv.robotoys.eu/zimoli/rowood	0	2	0	6
https://nl.robotoys.eu/best-beoordeelde-houten-3d-puzzel	0	1	0	4
https://nl.robotoys.eu/blog/10-gereedschappen-die-je-nodig-hebt-bij-het-samenstellen-van-een-houten-3d-puzzel	0	115	0	10.47
https://nl.robotoys.eu/blog/5-beste-valentijnsdagcadeaus-die-iedereen-zullen-plezieren	0	10	0	11.1
https://nl.robotoys.eu/blog/7-onweerstaanbare-cadeau-ideeen-voor-vrouwen	0	245	0	60.94
https://nl.robotoys.eu/blog/een-cadeau-voor-de-man-die-alles-al-heeft-24-originele-tips-die-hem-echt-zullen-verrassen	0	9	0	9.44
https://nl.robotoys.eu/blog/een-houten-boeket-dat-nooit-verwelkt-ontdek-de-magie-van-3d-bloemenpuzzels	0	17	0	10.76
https://nl.robotoys.eu/blog/geschiedenis-van-3d-houten-puzzels-van-het-begin-tot-het-heden	0	15	0	14.6
https://nl.robotoys.eu/blog/herfst-2025-slow-life-seizoen-hier-is-het-bewijs	0	1	0	10
https://nl.robotoys.eu/blog/het-verhaal-van-de-beroemde-tower-bridge-hoe-je-londen-bij-je-thuis-brengt	0	405	0	8.99
https://nl.robotoys.eu/blog/hoe-u-de-beste-woondecoratie-kiest-tips-en-trucs	0	2	0	11
https://nl.robotoys.eu/blog/hoe-zich-te-ontdoen-van-stress-10-effectieve-tips	0	27	0	91.52
https://nl.robotoys.eu/blog/houten-3d-puzzels-hoe-kies-je-je-eerste-bouwset-en-waar-moet-je-je-op-voorbereiden	0	26	0	7.92
https://nl.robotoys.eu/blog/little-story-3d-bouwpakketten-die-creativiteit-plezier-en-kwaliteit-combineren	0	4	0	5
https://nl.robotoys.eu/blog/puzzels-bouwen-de-beste-activiteit-voor-gepensioneerden	0	11	0	10.18
https://nl.robotoys.eu/blog/rokr-jouw-toegang-tot-de-wereld-van-creativiteit-en-entertainment	0	13	0	7.38
https://nl.robotoys.eu/blog/rolife-de-schoonheid-van-een-langzaam-leven-en-doe-het-zelf-creativiteit	0	5	0	9.4
https://nl.robotoys.eu/blog/waarom-zijn-3d-houten-modellen-het-perfecte-cadeau-voor-alle-leeftijden	0	1	0	1
https://nl.robotoys.eu/blog/wat-is-het-beste-cadeau-voor-haar-een-magische-hoek-voor-een-boekenliefhebber	0	4	0	7
https://nl.robotoys.eu/blog/wat-is-het-beste-cadeau-voor-hem-origineel-met-een-vleugje-geschiedenis	0	8	0	25.88
https://nl.robotoys.eu/cadeau-ideeen	0	8	0	1
https://nl.robotoys.eu/cadeau-ideeen/cadeaus-voor-haar	0	1	0	4
https://nl.robotoys.eu/cadeau-ideeen/cadeaus-voor-kerstmis	0	4	0	6.25
https://nl.robotoys.eu/cadeau-ideeen/cadeaus-voor-kinderen	0	5	0	1
https://nl.robotoys.eu/cadeau-ideeen/geschenken-voor-decoratie	0	1	0	21
https://nl.robotoys.eu/cadeau-ideeen/verjaardag-cadeaus	0	51	0	41.08
https://nl.robotoys.eu/de-best-beoordeelde-producten-van-het-merk-rokr	0	2	0	2
https://nl.robotoys.eu/de-best-beoordeelde-producten-van-het-merk-rolife	0	1	0	3
https://nl.robotoys.eu/de-best-verkochte-miniatuurhuizen	0	1	0	10
https://nl.robotoys.eu/de-duurste-cadeaus-voor-vrouwen-en-meisjes	0	8	0	7.5
https://nl.robotoys.eu/de-duurste-houten-3d-puzzel	0	1	0	6
https://nl.robotoys.eu/de-duurste-miniatuurhuizen	0	1	0	6
https://nl.robotoys.eu/de-duurste-producten-van-het-merk-rokr	0	2	0	2
https://nl.robotoys.eu/de-goedkoopste-producten-van-het-merk-rolife	0	2	0	6.5
https://nl.robotoys.eu/de-meest-populaire-miniatuurhuizen	0	2	0	6.5
https://nl.robotoys.eu/de-meest-populaire-producten-van-het-merk-rokr	0	4	0	6
https://nl.robotoys.eu/de-nieuwste-producten-van-het-merk-rokr	0	9	0	7.11
https://nl.robotoys.eu/de-nieuwste-producten-van-het-merk-rolife	0	2	0	5.5
https://nl.robotoys.eu/handige-links/alles-over-winkelen	0	6	0	1
https://nl.robotoys.eu/handige-links/over-bedrijf	0	18	0	14.11
https://nl.robotoys.eu/handige-links/over-bedrijf/contact	0	8	0	1.62
https://nl.robotoys.eu/handige-links/over-bedrijf/over-ons	0	1	0	3
https://nl.robotoys.eu/handige-links/veel-gestelde-vragen	0	4	0	2.5
https://nl.robotoys.eu/hoogst-gewaardeerde-miniatuurhuizen	0	2	0	5.5
https://nl.robotoys.eu/houten-3d-puzzel	0	1	0	13
https://nl.robotoys.eu/houten-3d-puzzel-gemakkelijke-moeilijkheidsgraad	0	2	0	8.5
https://nl.robotoys.eu/houten-3d-puzzel-gemiddelde-moeilijkheidsgraad	0	2	0	8
https://nl.robotoys.eu/houten-3d-puzzel-meer-dan-300-stuks	0	1	0	3
https://nl.robotoys.eu/houten-3d-puzzel-minder-dan-100-stuks	0	3	0	31
https://nl.robotoys.eu/houten-3d-puzzel-montagetijd-binnen-1-tot-3-uur	0	1	0	8
https://nl.robotoys.eu/houten-3d-puzzel-montagetijd-binnen-3-tot-5-uur	0	1	0	8
https://nl.robotoys.eu/houten-3d-puzzel/architectuur/big-ben-model-met-led-verlichting-rolife-tg507-p20	0	37	0	7.51
https://nl.robotoys.eu/houten-3d-puzzel/architectuur/houten-3d-puzzel-bibliotheek-aan-zee-p261	0	2	0	7
https://nl.robotoys.eu/houten-3d-puzzel/architectuur/houten-3d-puzzel-boekhandel-in-een-oude-steeg-p262	0	20	0	9
https://nl.robotoys.eu/houten-3d-puzzel/architectuur/houten-3d-puzzel-colosseum-little-story-e016-p126	0	19	0	6.16
https://nl.robotoys.eu/houten-3d-puzzel/architectuur/houten-3d-puzzel-kathedraal-van-parijs-rowood-tg511-p224	0	4	0	8.25
https://nl.robotoys.eu/houten-3d-puzzel/architectuur/houten-3d-puzzel-mini-a-frame-bergchalet-rolife-dg181-p227	0	6	0	5
https://nl.robotoys.eu/houten-3d-puzzel/architectuur/houten-3d-puzzel-model-van-de-scheve-toren-van-pisa-rolife-tg304-p37	0	2	0	4
https://nl.robotoys.eu/houten-3d-puzzel/architectuur/houten-3d-puzzel-notre-dame-kathedraal-little-story-e017-p127	0	72	0	4.99
https://nl.robotoys.eu/houten-3d-puzzel/architectuur/houten-3d-puzzel-overwinningsboog-little-story-e011-p123	0	7	0	3.71
https://nl.robotoys.eu/houten-3d-puzzel/architectuur/houten-3d-puzzel-sakura-paviljoen-rolife-tga07-p268	0	20	0	8.2
https://nl.robotoys.eu/houten-3d-puzzel/architectuur/houten-3d-puzzel-sakura-treehouse-rolife-tgs04-p201	0	4	0	22.5
https://nl.robotoys.eu/houten-3d-puzzel/architectuur/houten-3d-puzzel-sydney-opera-house-little-story-e028-p238	0	9	0	6.22
https://nl.robotoys.eu/houten-3d-puzzel/architectuur/houten-mechanische-3d-puzzel-marble-track-london-rokr-egb01-p264	0	6	0	12.83
https://nl.robotoys.eu/houten-3d-puzzel/architectuur/houten-mechanische-3d-puzzel-windmolen-eco-wood-art-p154	0	29	0	4.62
https://nl.robotoys.eu/houten-3d-puzzel/architectuur/model-van-de-scheve-toren-van-pisa-rolife-tg304-p37	0	14	0	3.71
https://nl.robotoys.eu/houten-3d-puzzel/architectuur/pagode-van-vijf-verdiepingen-rolife-tgn02-p45	0	26	0	8.58
https://nl.robotoys.eu/houten-3d-puzzel/architectuur/tower-bridge-model-met-led-verlichting-rolife-tg412-p19	0	34	0	5.82
https://nl.robotoys.eu/houten-3d-puzzel/bloemen/houten-3d-puzzel-boeket-bloemen-rowood-tw01h-p100	0	15	0	3
https://nl.robotoys.eu/houten-3d-puzzel/bloemen/houten-3d-puzzel-evergreen-pine-bonsai-rolife-tg510-p143	0	4	0	7.25
https://nl.robotoys.eu/houten-3d-puzzel/bloemen/houten-3d-puzzel-glinsterende-waterlelies-rowood-th001-p192	0	4	0	8
https://nl.robotoys.eu/houten-3d-puzzel/bloemen/houten-3d-puzzel-gouden-zonnebloem-rowood-th002-p193	0	4	0	8.75
https://nl.robotoys.eu/houten-3d-puzzel/bloemen/houten-3d-puzzel-hert-bij-een-bergmeer-p260	0	1	0	8
https://nl.robotoys.eu/houten-3d-puzzel/bloemen/houten-3d-puzzel-houten-bloembak-rowood-tw02h-p162	0	4	0	8.5
https://nl.robotoys.eu/houten-3d-puzzel/bloemen/houten-3d-puzzel-kamille-rowood-tw061-p109	0	2	0	9.5
https://nl.robotoys.eu/houten-3d-puzzel/bloemen/houten-3d-puzzel-kerstster-rowood-tf001-p222	0	2	0	7
https://nl.robotoys.eu/houten-3d-puzzel/bloemen/houten-3d-puzzel-kolibrie-in-een-bloeiende-tuin-p259	0	6	0	6.83
https://nl.robotoys.eu/houten-3d-puzzel/bloemen/houten-3d-puzzel-lichtoranje-gerbera-rowood-tw111-p196	0	1	0	11
https://nl.robotoys.eu/houten-3d-puzzel/bloemen/houten-3d-puzzel-lila-rowood-tw021-p103	0	6	0	3
https://nl.robotoys.eu/houten-3d-puzzel/bloemen/houten-3d-puzzel-oranje-tulp-rowood-tw081-p145	0	6	0	7.17
https://nl.robotoys.eu/houten-3d-puzzel/bloemen/houten-3d-puzzel-paarse-iris-rowood-tw121-p251	0	6	0	3.5
https://nl.robotoys.eu/houten-3d-puzzel/bloemen/houten-3d-puzzel-paarse-vlinderorchidee-rowood-tw091-p194	0	1	0	7
https://nl.robotoys.eu/houten-3d-puzzel/bloemen/houten-3d-puzzel-rode-anjer-rowood-tw052-p112	0	3	0	8.33
https://nl.robotoys.eu/houten-3d-puzzel/bloemen/houten-3d-puzzel-rode-roos-rowood-tw042-p101	0	1	0	8
https://nl.robotoys.eu/houten-3d-puzzel/bloemen/houten-3d-puzzel-roze-anjer-rowood-tw051-p110	0	3	0	3.67
https://nl.robotoys.eu/houten-3d-puzzel/bloemen/houten-3d-puzzel-roze-dahlia-rowood-tw131-p252	0	1	0	5
https://nl.robotoys.eu/houten-3d-puzzel/bloemen/houten-3d-puzzel-roze-roos-rowood-tw041-p111	0	6	0	6.83
https://nl.robotoys.eu/houten-3d-puzzel/bloemen/houten-3d-puzzel-roze-tulp-rowood-tw082-p161	0	2	0	7.5
https://nl.robotoys.eu/houten-3d-puzzel/bloemen/houten-3d-puzzel-sakura-rowood-tw101-p195	0	13	0	6
https://nl.robotoys.eu/houten-3d-puzzel/bloemen/houten-3d-puzzel-sunny-beach-met-vuurtoren-p263	0	1	0	2
https://nl.robotoys.eu/houten-3d-puzzel/bloemen/houten-3d-puzzel-zonnebloem-rowood-tw011-p113	0	3	0	11.67
https://nl.robotoys.eu/houten-3d-puzzel/de-dieren/houten-3d-puzzel-bee-little-story-d001-p128	0	7	0	3.29
https://nl.robotoys.eu/houten-3d-puzzel/de-dieren/houten-3d-puzzel-flamingo-little-story-d007-p116	0	20	0	6.85
https://nl.robotoys.eu/houten-3d-puzzel/de-dieren/houten-3d-puzzel-giraf-little-story-d013-p121	0	9	0	9.78
https://nl.robotoys.eu/houten-3d-puzzel/de-dieren/houten-3d-puzzel-kangoeroe-little-story-d014-p122	0	10	0	4.7
https://nl.robotoys.eu/houten-3d-puzzel/de-dieren/houten-3d-puzzel-leeuw-little-story-d011-p119	0	3	0	3
https://nl.robotoys.eu/houten-3d-puzzel/de-dieren/houten-3d-puzzel-olifant-little-story-d012-p120	0	15	0	5.4
https://nl.robotoys.eu/houten-3d-puzzel/de-dieren/houten-3d-puzzel-parasaurus-little-story-d008-p117	0	8	0	3.25
https://nl.robotoys.eu/houten-3d-puzzel/de-dieren/houten-3d-puzzel-stegosaurus-little-story-d010-p118	0	8	0	3
https://nl.robotoys.eu/houten-3d-puzzel/de-dieren/houten-3d-puzzel-t-rex-little-story-d006-p115	0	10	0	10
https://nl.robotoys.eu/houten-3d-puzzel/de-dieren/houten-3d-puzzel-uil-little-story-d009-p132	0	3	0	13.33
https://nl.robotoys.eu/houten-3d-puzzel/het-heelal/houten-mechanische-3d-puzzel-ruimteveer-rokr-lka02-p253	0	7	0	8.86
https://nl.robotoys.eu/houten-3d-puzzel/het-heelal/lichtgevende-wereldbol-rokr-st003-p3	0	30	0	12.7
https://nl.robotoys.eu/houten-3d-puzzel/het-heelal/monoculaire-telescoop-rokr-st004-p8	0	6	0	6.17
https://nl.robotoys.eu/houten-3d-puzzel/het-heelal/zonnestelsel-rokr-st001-p71	0	35	0	11.51
https://nl.robotoys.eu/houten-3d-puzzel/klokken-kalenders	0	30	0	7.67
https://nl.robotoys.eu/houten-3d-puzzel/klokken-kalenders/eeuwigdurende-kalender-rokr-lk201-p55	0	12	0	9.92
https://nl.robotoys.eu/houten-3d-puzzel/klokken-kalenders/houten-mechanische-3d-puzzel-koekoeksklok-houtkleur-rokr-lc901-p217	0	4	0	15
https://nl.robotoys.eu/houten-3d-puzzel/klokken-kalenders/houten-mechanische-3d-puzzel-koekoeksklok-rokr-lc901c-p198	0	30	0	5.47
https://nl.robotoys.eu/houten-3d-puzzel/klokken-kalenders/klokuil-rokr-lk503-p6	0	36	0	5.36
https://nl.robotoys.eu/houten-3d-puzzel/klokken-kalenders/romantische-wandklok-rokr-lc701-p56	0	4	0	6.5
https://nl.robotoys.eu/houten-3d-puzzel/muziekdoosjes	0	2	0	10.5
https://nl.robotoys.eu/houten-3d-puzzel/muziekdoosjes/carnaval-bij-zonsondergang-rolife-amt01-p79	0	1	0	3
https://nl.robotoys.eu/houten-3d-puzzel/muziekdoosjes/houten-mechanische-3d-puzzel-diva-draaitafel-rokr-amk82-p267	0	5	0	12.2
https://nl.robotoys.eu/houten-3d-puzzel/muziekdoosjes/houten-mechanische-3d-puzzel-klassieke-carrousel-rolife-amc01-p146	0	29	0	7.45
https://nl.robotoys.eu/houten-3d-puzzel/muziekdoosjes/houten-mechanische-3d-puzzel-magische-harp-rokr-amk71-p254	0	5	0	7.2
https://nl.robotoys.eu/houten-3d-puzzel/muziekdoosjes/houten-mechanische-3d-puzzel-melodische-kerstboom-rolife-ams01-p138	0	32	0	4.84
https://nl.robotoys.eu/houten-3d-puzzel/muziekdoosjes/houten-mechanische-3d-puzzel-sakura-dreamy-tour-rolife-amt02-p219	0	3	0	7
https://nl.robotoys.eu/houten-3d-puzzel/muziekdoosjes/houten-mechanische-3d-puzzel-spelkast-orpheus-rokr-am601-p82	0	9	0	3.89
https://nl.robotoys.eu/houten-3d-puzzel/muziekdoosjes/houten-mechanische-3d-puzzel-symfonie-van-prachtige-dromen-rokr-amk63m-p211	0	17	0	8.29
https://nl.robotoys.eu/houten-3d-puzzel/muziekdoosjes/muziekdoos-magische-cello-rokr-amk63-p1	0	6	0	7.5
https://nl.robotoys.eu/houten-3d-puzzel/muziekdoosjes/muziekdoos-sterrennacht-rokr-amk51-p11	0	20	0	8.1
https://nl.robotoys.eu/houten-3d-puzzel/muziekdoosjes/muziekdoos-swing-ride-rokr-ea02-p4	0	9	0	9.22
https://nl.robotoys.eu/houten-3d-puzzel/muziekdoosjes/reuzenrad-rolife-tgn01-p18	0	32	0	7.78
https://nl.robotoys.eu/houten-3d-puzzel/muziekdoosjes/romantische-carrousel-rokr-amk62-p77	0	21	0	11.76
https://nl.robotoys.eu/houten-3d-puzzel/muziekinstrumenten/drums-rolife-tg409-p81	0	11	0	5.55
https://nl.robotoys.eu/houten-3d-puzzel/muziekinstrumenten/elektrische-gitaar-model-rokr-tg605k-p33	0	23	0	7.7
https://nl.robotoys.eu/houten-3d-puzzel/muziekinstrumenten/houten-3d-puzzel-cello-rolife-tg411-p85	0	3	0	12
https://nl.robotoys.eu/houten-3d-puzzel/muziekinstrumenten/houten-3d-puzzel-vleugelpiano-rolife-tg402-p200	0	2	0	5.5
https://nl.robotoys.eu/houten-3d-puzzel/muziekinstrumenten/saxofoon-rolife-tg309-p26	0	18	0	6.5
https://nl.robotoys.eu/houten-3d-puzzel/muziekinstrumenten/viool-capriccio-rokr-tg604k-p66	0	6	0	7.33
https://nl.robotoys.eu/houten-3d-puzzel/stem-lab	0	6	0	6.67
https://nl.robotoys.eu/houten-3d-puzzel/stem-lab/flipperkast-rokr-eg01-p43	0	33	0	12.85
https://nl.robotoys.eu/houten-3d-puzzel/stem-lab/houten-mechanische-3d-puzzel-chocoladefabriek-rokr-lga02-p75	0	3	0	7.67
https://nl.robotoys.eu/houten-3d-puzzel/stem-lab/houten-mechanische-3d-puzzel-droomcadeaufabriek-rokr-eab01-p202	0	16	0	9.25
https://nl.robotoys.eu/houten-3d-puzzel/stem-lab/houten-mechanische-3d-puzzel-gear-ball-challenge-rokr-egc01-p213	0	9	0	10.22
https://nl.robotoys.eu/houten-3d-puzzel/stem-lab/houten-mechanische-3d-puzzel-klassieke-printer-rokr-lk602-p90	0	36	0	7.86
https://nl.robotoys.eu/houten-3d-puzzel/stem-lab/houten-mechanische-3d-puzzel-mechanische-typemachine-klassieke-versie-rokr-lk703b-p265	0	25	0	10.44
https://nl.robotoys.eu/houten-3d-puzzel/stem-lab/houten-mechanische-3d-puzzel-mechanische-typemachine-magic-versie-rokr-lk703c-p266	0	6	0	6.5
https://nl.robotoys.eu/houten-3d-puzzel/stem-lab/houten-mechanische-3d-puzzel-typemachine-eco-wood-art-p158	0	37	0	4.81
https://nl.robotoys.eu/houten-3d-puzzel/stem-lab/marble-night-city-rokr-lga01-p2	0	11	0	5.36
https://nl.robotoys.eu/houten-3d-puzzel/stem-lab/marmer-parkour-rokr-lg501-p42	0	7	0	7
https://nl.robotoys.eu/houten-3d-puzzel/voertuigen/grand-prix-automodel-rokr-mc401-p16	0	16	0	8.44
https://nl.robotoys.eu/houten-3d-puzzel/voertuigen/historische-tram-rolife-tg505-p40	0	30	0	3.2
https://nl.robotoys.eu/houten-3d-puzzel/voertuigen/houten-3d-puzzel-ambulance-eco-wood-art-p203	0	6	0	3
https://nl.robotoys.eu/houten-3d-puzzel/voertuigen/houten-3d-puzzel-bat-chatillon-bourrasque-little-story-wot04-p134	0	1	0	1
https://nl.robotoys.eu/houten-3d-puzzel/voertuigen/houten-3d-puzzel-blauwe-speedway-motor-little-story-e019b-p239	0	16	0	6.25
https://nl.robotoys.eu/houten-3d-puzzel/voertuigen/houten-3d-puzzel-blauwe-sting-scooter-little-story-e022b-p245	0	11	0	4.55
https://nl.robotoys.eu/houten-3d-puzzel/voertuigen/houten-3d-puzzel-bus-little-story-d002-p166	0	5	0	2.4
https://nl.robotoys.eu/houten-3d-puzzel/voertuigen/houten-3d-puzzel-comanche-motorcycle-little-story-e023-p175	0	6	0	5.67
https://nl.robotoys.eu/houten-3d-puzzel/voertuigen/houten-3d-puzzel-cruiseschip-little-story-e026-p229	0	3	0	9.33
https://nl.robotoys.eu/houten-3d-puzzel/voertuigen/houten-3d-puzzel-cruiseschip-rolife-tg306-p87	0	21	0	7.05
https://nl.robotoys.eu/houten-3d-puzzel/voertuigen/houten-3d-puzzel-eternal-atlantic-voyager-1912-rolife-tgl02-p223	0	16	0	6.5
https://nl.robotoys.eu/houten-3d-puzzel/voertuigen/houten-3d-puzzel-fiat-125p-little-story-e002-p94	0	4	0	2.5
https://nl.robotoys.eu/houten-3d-puzzel/voertuigen/houten-3d-puzzel-fiat-126p-little-story-e005-p97	0	2	0	1
https://nl.robotoys.eu/houten-3d-puzzel/voertuigen/houten-3d-puzzel-gele-grand-prix-motor-little-story-e021y-p244	0	2	0	5.5
https://nl.robotoys.eu/houten-3d-puzzel/voertuigen/houten-3d-puzzel-graafmachine-rokr-tg508k-p197	0	4	0	12.75
https://nl.robotoys.eu/houten-3d-puzzel/voertuigen/houten-3d-puzzel-grand-prix-motorcycle-little-story-e021-p173	0	4	0	6
https://nl.robotoys.eu/houten-3d-puzzel/voertuigen/houten-3d-puzzel-grijze-comanche-motorfiets-little-story-e023g-p247	0	3	0	17.67
https://nl.robotoys.eu/houten-3d-puzzel/voertuigen/houten-3d-puzzel-grijze-speedtail-motorfiets-little-story-e020g-p241	0	6	0	8
https://nl.robotoys.eu/houten-3d-puzzel/voertuigen/houten-3d-puzzel-grijze-yankee-chopper-little-story-e024g-p249	0	3	0	2.33
https://nl.robotoys.eu/houten-3d-puzzel/voertuigen/houten-3d-puzzel-groene-speedway-motorfiets-little-story-e019g-p240	0	13	0	2.92
https://nl.robotoys.eu/houten-3d-puzzel/voertuigen/houten-3d-puzzel-grondverzetwagen-moaz-75053-eco-wood-art-p235	0	4	0	2.75
https://nl.robotoys.eu/houten-3d-puzzel/voertuigen/houten-3d-puzzel-heftruckmodel-rokr-tg413k-p48	0	5	0	7.2
https://nl.robotoys.eu/houten-3d-puzzel/voertuigen/houten-3d-puzzel-helikopter-little-story-d017-p131	0	12	0	5
https://nl.robotoys.eu/houten-3d-puzzel/voertuigen/houten-3d-puzzel-hot-rod-eco-wood-art-p231	0	1	0	8
https://nl.robotoys.eu/houten-3d-puzzel/voertuigen/houten-3d-puzzel-jacht-little-story-d015-p129	0	8	0	4.62
https://nl.robotoys.eu/houten-3d-puzzel/voertuigen/houten-3d-puzzel-japans-diplomatiek-schip-rolife-tg307-p199	0	2	0	7
https://nl.robotoys.eu/houten-3d-puzzel/voertuigen/houten-3d-puzzel-jeep-little-story-d003-p167	0	6	0	8.67
https://nl.robotoys.eu/houten-3d-puzzel/voertuigen/houten-3d-puzzel-klassieke-stadstram-rokr-lk801-p88	0	26	0	7.38
https://nl.robotoys.eu/houten-3d-puzzel/voertuigen/houten-3d-puzzel-koninklijke-koets-rolife-tg302-p62	0	27	0	7.33
https://nl.robotoys.eu/houten-3d-puzzel/voertuigen/houten-3d-puzzel-legerjeep-model-rokr-mc701-p54	0	2	0	10
https://nl.robotoys.eu/houten-3d-puzzel/voertuigen/houten-3d-puzzel-locomotief-little-story-e012-p124	0	22	0	5.14
https://nl.robotoys.eu/houten-3d-puzzel/voertuigen/houten-3d-puzzel-londense-toeristenbus-rolife-tgm02-p106	0	20	0	5.05
https://nl.robotoys.eu/houten-3d-puzzel/voertuigen/houten-3d-puzzel-m4a38-sherman-little-story-wot01-p137	0	1	0	1
https://nl.robotoys.eu/houten-3d-puzzel/voertuigen/houten-3d-puzzel-motorcycle-speedtail-little-story-e020-p172	0	12	0	2.58
https://nl.robotoys.eu/houten-3d-puzzel/voertuigen/houten-3d-puzzel-oranje-yankee-chopper-little-story-e024r-p250	0	5	0	5
https://nl.robotoys.eu/houten-3d-puzzel/voertuigen/houten-3d-puzzel-paarse-speedtail-motorfiets-little-story-e020p-p242	0	4	0	16
https://nl.robotoys.eu/houten-3d-puzzel/voertuigen/houten-3d-puzzel-politieauto-eco-wood-art-p214	0	4	0	6.25
https://nl.robotoys.eu/houten-3d-puzzel/voertuigen/houten-3d-puzzel-polonez-1500-little-story-e003-p95	0	2	0	4
https://nl.robotoys.eu/houten-3d-puzzel/voertuigen/houten-3d-puzzel-raderstoomboot-river-princess-eco-wood-art-p159	0	4	0	6.75
https://nl.robotoys.eu/houten-3d-puzzel/voertuigen/houten-3d-puzzel-rode-comanche-motorfiets-little-story-e023r-p248	0	2	0	5.5
https://nl.robotoys.eu/houten-3d-puzzel/voertuigen/houten-3d-puzzel-rode-grand-prix-motor-little-story-e021r-p243	0	9	0	14.33
https://nl.robotoys.eu/houten-3d-puzzel/voertuigen/houten-3d-puzzel-roze-sting-scooter-little-story-e022r-p246	0	4	0	6.25
https://nl.robotoys.eu/houten-3d-puzzel/voertuigen/houten-3d-puzzel-sakura-journey-rolife-tgs02-p105	0	3	0	7.67
https://nl.robotoys.eu/houten-3d-puzzel/voertuigen/houten-3d-puzzel-speedway-motorfiets-little-story-e019-p171	0	4	0	7.5
https://nl.robotoys.eu/houten-3d-puzzel/voertuigen/houten-3d-puzzel-sting-scooter-little-story-e022-p174	0	27	0	5.89
https://nl.robotoys.eu/houten-3d-puzzel/voertuigen/houten-3d-puzzel-stoomschip-little-story-e025-p230	0	1	0	10
https://nl.robotoys.eu/houten-3d-puzzel/voertuigen/houten-3d-puzzel-supercar-eco-wood-art-p215	0	4	0	4.25
https://nl.robotoys.eu/houten-3d-puzzel/voertuigen/houten-3d-puzzel-tank-amx-13-105-little-story-wot05-p177	0	26	0	2.85
https://nl.robotoys.eu/houten-3d-puzzel/voertuigen/houten-3d-puzzel-tank-fv4005-little-story-wot09-p236	0	11	0	5.82
https://nl.robotoys.eu/houten-3d-puzzel/voertuigen/houten-3d-puzzel-tank-maus-little-story-wot10-p237	0	1	0	1
https://nl.robotoys.eu/houten-3d-puzzel/voertuigen/houten-3d-puzzel-tank-t-34-85-little-story-wot02-p135	0	17	0	5.18
https://nl.robotoys.eu/houten-3d-puzzel/voertuigen/houten-3d-puzzel-tank-tortoise-little-story-wot08-p180	0	24	0	4.96
https://nl.robotoys.eu/houten-3d-puzzel/voertuigen/houten-3d-puzzel-tankoplegger-voor-truck-road-king-eco-wood-art-p155	0	19	0	3.42
https://nl.robotoys.eu/houten-3d-puzzel/voertuigen/houten-3d-puzzel-tijger-i-little-story-wot03-p136	0	7	0	2.29
https://nl.robotoys.eu/houten-3d-puzzel/voertuigen/houten-3d-puzzel-vissersboot-model-rolife-tg308-p38	0	1	0	1
https://nl.robotoys.eu/houten-3d-puzzel/voertuigen/houten-3d-puzzel-vrachtwagen-little-story-d004-p168	0	59	0	6.56
https://nl.robotoys.eu/houten-3d-puzzel/voertuigen/houten-3d-puzzel-vrachtwagen-little-story-e013-p169	0	11	0	3
https://nl.robotoys.eu/houten-3d-puzzel/voertuigen/houten-3d-puzzel-warszawa-m20-little-story-e006-p98	0	1	0	3
https://nl.robotoys.eu/houten-3d-puzzel/voertuigen/houten-3d-puzzel-yankee-chopper-little-story-e024-p176	0	9	0	4.67
https://nl.robotoys.eu/houten-3d-puzzel/voertuigen/houten-3d-puzzel-zeilschip-djong-eco-wood-art-p232	0	12	0	6
https://nl.robotoys.eu/houten-3d-puzzel/voertuigen/houten-3d-puzzel-zeilschip-lord-of-the-seas-eco-wood-art-p216	0	2	0	14.5
https://nl.robotoys.eu/houten-3d-puzzel/voertuigen/houten-3d-puzzel-zelfrijdende-grasmaaier-cs-150c-eco-wood-art-p234	0	12	0	4.83
https://nl.robotoys.eu/houten-3d-puzzel/voertuigen/houten-mechanische-3d-puzzel-brandweerwagen-eco-wood-art-p208	0	4	0	1.75
https://nl.robotoys.eu/houten-3d-puzzel/voertuigen/houten-mechanische-3d-puzzel-cruiser-motorfiets-eco-wood-art-p150	0	3	0	6.33
https://nl.robotoys.eu/houten-3d-puzzel/voertuigen/houten-mechanische-3d-puzzel-gele-raceauto-eco-wood-art-p151	0	5	0	3.8
https://nl.robotoys.eu/houten-3d-puzzel/voertuigen/houten-mechanische-3d-puzzel-graanoogstmachine-gh800-eco-wood-art-p160	0	6	0	6.33
https://nl.robotoys.eu/houten-3d-puzzel/voertuigen/houten-mechanische-3d-puzzel-kiepwagen-eco-wood-art-p205	0	5	0	1.8
https://nl.robotoys.eu/houten-3d-puzzel/voertuigen/houten-mechanische-3d-puzzel-lader-eco-wood-art-p204	0	10	0	5.1
https://nl.robotoys.eu/houten-3d-puzzel/voertuigen/houten-mechanische-3d-puzzel-postkoets-rokr-amka1-p99	0	3	0	5.33
https://nl.robotoys.eu/houten-3d-puzzel/voertuigen/houten-mechanische-3d-puzzel-raceauto-rokr-lk505-p141	0	12	0	6.17
https://nl.robotoys.eu/houten-3d-puzzel/voertuigen/houten-mechanische-3d-puzzel-retro-auto-eco-wood-art-p157	0	10	0	3.2
https://nl.robotoys.eu/houten-3d-puzzel/voertuigen/houten-mechanische-3d-puzzel-rode-raceauto-eco-wood-art-p152	0	20	0	2
https://nl.robotoys.eu/houten-3d-puzzel/voertuigen/houten-mechanische-3d-puzzel-vrachtwagen-road-king-eco-wood-art-p206	0	27	0	2.22
https://nl.robotoys.eu/houten-3d-puzzel/voertuigen/houten-mechanische-3d-puzzel-zeilboot-zeepaardje-rokr-mcb02-p212	0	19	0	4.95
https://nl.robotoys.eu/houten-3d-puzzel/voertuigen/kiepwagen-model-rokr-tg603k-p34	0	8	0	3.88
https://nl.robotoys.eu/houten-3d-puzzel/voertuigen/locomotief-rokr-lk701-p7	0	2	0	5
https://nl.robotoys.eu/houten-3d-puzzel/voertuigen/luchtballon-rolife-tg406-p84	0	8	0	6.12
https://nl.robotoys.eu/houten-3d-puzzel/voertuigen/luchtschip-model-rolife-tg407-p22	0	3	0	2.33
https://nl.robotoys.eu/houten-3d-puzzel/voertuigen/motorkruiser-rokr-lk504-p12	0	18	0	22.06
https://nl.robotoys.eu/houten-3d-puzzel/voertuigen/oldtimer-rokr-mc801-p72	0	7	0	8
https://nl.robotoys.eu/houten-3d-puzzel/voertuigen/veteraanmodel-rolife-tg504-p53	0	1	0	10
https://nl.robotoys.eu/houten-3d-puzzel/voertuigen/zeilbootmodel-rolife-tg305-p21	0	7	0	5.14
https://nl.robotoys.eu/houten-3d-puzzel/voertuigen/zware-vrachtwagenmodel-rokr-mc502-p27	0	1	0	8
https://nl.robotoys.eu/houten-3d-puzzel/wapens/ak-47-geweer-rokr-lq901-p67	0	22	0	7.18
https://nl.robotoys.eu/houten-3d-puzzel/wapens/houten-mechanische-3d-puzzel-luchtdoelkanon-rokr-lqm01-p255	0	4	0	6
https://nl.robotoys.eu/houten-3d-puzzel/wapens/houten-mechanische-3d-puzzel-machinegeweer-met-draaibare-loop-rokr-lqa01-p218	0	2	0	3.5
https://nl.robotoys.eu/houten-3d-puzzel/wapens/houten-mechanische-3d-puzzel-mini-pistool-rokr-lq502-p147	0	14	0	7.5
https://nl.robotoys.eu/houten-3d-puzzel/wapens/thompson-rokr-lqb01-p74	0	15	0	10.6
https://nl.robotoys.eu/merken	0	6	0	1
https://nl.robotoys.eu/merken/eco-wood-art	0	14	0	8.57
https://nl.robotoys.eu/merken/little-story	0	6	0	5.33
https://nl.robotoys.eu/merken/rolife	0	4	0	10.75
https://nl.robotoys.eu/miniatuur-huizen/boeken-hoekje/boekenplankinzet-falling-sakura-rolife-tgb05-p50	0	10	0	9.7
https://nl.robotoys.eu/miniatuur-huizen/boeken-hoekje/boekenplankinzet-kerstinterieurscene-rolife-tgc07-p140	0	1	0	6
https://nl.robotoys.eu/miniatuur-huizen/boeken-hoekje/boekenplankinzet-kerststraat-rolife-tgc06-p139	0	6	0	5.67
https://nl.robotoys.eu/miniatuur-huizen/boeken-hoekje/boekenplankinzet-romantisch-venetie-rolife-tgb08-p107	0	11	0	10
https://nl.robotoys.eu/miniatuur-huizen/boeken-hoekje/boekenplankinzetstuk-arcade-dating-rolife-tgb10-p148	0	2	0	9.5
https://nl.robotoys.eu/miniatuur-huizen/boeken-hoekje/boekenplankinzetstuk-journey-to-wonderland-rolife-tgb12-p165	0	4	0	11.25
https://nl.robotoys.eu/miniatuur-huizen/boeken-hoekje/boekenplankinzetstuk-wijnpad-onder-de-sakurabomen-rolife-tgb11-p164	0	1	0	2
https://nl.robotoys.eu/miniatuur-huizen/boeken-hoekje/bookstore-rolife-tgb07-p76	0	2	0	3
https://nl.robotoys.eu/miniatuur-huizen/boeken-hoekje/inlegvel-voor-boekenplank-bibliotheek-der-wonderen-rolife-tgb16-p226	0	1	0	10
https://nl.robotoys.eu/miniatuur-huizen/boeken-hoekje/inlegvel-voor-in-de-boekenkast-sprookjesthemapark-rolife-tgb17-p257	0	1	0	7
https://nl.robotoys.eu/miniatuur-huizen/boeken-hoekje/inzetstuk-voor-boekenplank-holiday-cafe-rolife-tgb15-p225	0	5	0	4.8
https://nl.robotoys.eu/miniatuur-huizen/boeken-hoekje/inzetstuk-voor-boekenplank-magische-fantasiehoek-rolife-tgb14-p221	0	20	0	6.8
https://nl.robotoys.eu/miniatuur-huizen/boeken-hoekje/magisch-huis-rolife-tgb03-p58	0	2	0	7
https://nl.robotoys.eu/miniatuur-huizen/boeken-hoekje/sakura-densya-rolife-tgb01-p29	0	10	0	9.1
https://nl.robotoys.eu/miniatuur-huizen/boeken-hoekje/sunshine-town-rolife-tgb02-p30	0	13	0	8.54
https://nl.robotoys.eu/miniatuur-huizen/boeken-hoekje/tijdreizen-rolife-tgb04-p60	0	2	0	5
https://nl.robotoys.eu/miniatuur-huizen/boeken-hoekje/vakantietuinhuis-rolife-tgb06-p78	0	2	0	11
https://nl.robotoys.eu/miniatuur-huizen/miniatuur-winkels	0	138	0	22.42
https://nl.robotoys.eu/miniatuur-huizen/miniatuur-winkels/bloemenwinkel-emily-rolife-dg145-p25	0	36	0	13.28
https://nl.robotoys.eu/miniatuur-huizen/miniatuur-winkels/cafe-in-simon-rolife-dg109-p64	0	9	0	7.67
https://nl.robotoys.eu/miniatuur-huizen/miniatuur-winkels/heksenwinkel-kiki-rolife-dg155-p31	0	272	0	24.3
https://nl.robotoys.eu/miniatuur-huizen/miniatuur-winkels/miniatuurhuis-alices-theewinkel-rolife-dg156-p61	0	3	0	7.33
https://nl.robotoys.eu/miniatuur-huizen/miniatuur-winkels/miniatuurhuis-bloemensnoepjes-en-thee-rolife-dg146-p92	0	5	0	5.8
https://nl.robotoys.eu/miniatuur-huizen/miniatuur-winkels/miniatuurhuis-restaurant-tipsy-rolife-dg167-p209	0	36	0	11.64
https://nl.robotoys.eu/miniatuur-huizen/miniatuurkamers	0	3	0	7.67
https://nl.robotoys.eu/miniatuur-huizen/miniatuurkamers/de-kas-van-mevrouw-cathy-rolife-dg104-p28	0	120	0	5.08
https://nl.robotoys.eu/miniatuur-huizen/miniatuurkamers/miniatuurhuis-doras-zolder-rolife-dg12-p91	0	8	0	4.38
https://nl.robotoys.eu/miniatuur-huizen/miniatuurkamers/miniatuurhuis-gezellige-keuken-rolife-dg159-p89	0	27	0	14.19
https://nl.robotoys.eu/miniatuur-huizen/miniatuurkamers/miniatuurhuis-gezellige-villa-voor-puppys-rolife-dg169-p149	0	4	0	5.75
https://nl.robotoys.eu/miniatuur-huizen/miniatuurkamers/miniatuurhuis-lilys-veranda-rolife-dg11-p93	0	5	0	5.8
https://nl.robotoys.eu/miniatuur-huizen/miniatuurkamers/miniatuurhuis-magische-school-rolife-dg166-p163	0	14	0	8.43
https://nl.robotoys.eu/miniatuur-huizen/miniatuurkamers/moses-detectivebureau-rolife-dg157-p24	0	5	0	57.2
https://nl.robotoys.eu/miniatuur-huizen/miniatuurkamers/sams-studiebibliotheek-rolife-dg102-p86	0	6	0	5.83
https://nl.robotoys.eu/miniatuurhuisjes-100-tot-149-st	0	1	0	10
https://nl.robotoys.eu/miniatuurhuisjes-150-tot-199-st	0	10	0	8.4
https://nl.robotoys.eu/miniatuurhuisjes-montagetijd-binnen-1-tot-3-uur	0	13	0	5.77
https://nl.robotoys.eu/miniatuurhuisjes-montagetijd-binnen-3-tot-5-uur	0	1	0	9
https://nl.robotoys.eu/miniatuurhuizen-gemiddelde-moeilijkheidsgraad	0	1	0	4
https://nl.robotoys.eu/puzzelwedstrijd/droomcadeaufabriek-rokr-eab01-202	0	1	0	8
https://nl.robotoys.eu/puzzelwedstrijd/elektrische-gitaar-model-rokr-tg605k-33	0	1	0	81
https://nl.robotoys.eu/puzzelwedstrijd/fiat-125p-little-story-e002-94	0	1	0	11
https://nl.robotoys.eu/puzzelwedstrijd/grammofoon-rolife-tg408-39	0	4	0	92
https://nl.robotoys.eu/puzzelwedstrijd/grand-prix-automodel-rokr-mc401-16	0	1	0	9
https://nl.robotoys.eu/puzzelwedstrijd/journey-to-wonderland-rolife-tgb12-165	0	3	0	5
https://nl.robotoys.eu/puzzelwedstrijd/kangoeroe-little-story-d014-122	0	1	0	6
https://nl.robotoys.eu/puzzelwedstrijd/kerststraat-rolife-tgc06-139	0	6	0	9
https://nl.robotoys.eu/puzzelwedstrijd/melodische-kerstboom-rolife-ams01-138	0	1	0	7
https://nl.robotoys.eu/puzzelwedstrijd/motorkruiser-rokr-lk504-12	0	2	0	8
https://nl.robotoys.eu/puzzelwedstrijd/restaurant-tipsy-rolife-dg167-209	0	1	0	7
https://nl.robotoys.eu/puzzelwedstrijd/sakura-journey-rolife-tgs02-105	0	1	0	8
https://nl.robotoys.eu/puzzelwedstrijd/sakura-paviljoen-rolife-tga07-268	0	5	0	8.6
https://nl.robotoys.eu/puzzelwedstrijd/tank-fv4005-little-story-wot09-236	0	1	0	8
https://nl.robotoys.eu/puzzelwedstrijd/tank-leopard-1-little-story-wot07-179	0	1	0	3
https://nl.robotoys.eu/puzzelwedstrijd/tractor-eco-wood-art-233	0	2	0	5
https://nl.robotoys.eu/puzzelwedstrijd/vakantietuinhuis-rolife-tgb06-78	0	2	0	3
https://nl.robotoys.eu/puzzelwedstrijd/victoriaanse-lantaarn-rokr-amk61-80	0	1	0	7
https://nl.robotoys.eu/puzzelwedstrijd/vissersboot-model-rolife-tg308-38	0	4	0	68.75
https://nl.robotoys.eu/rolife-merkproducten-in-de-uitverkoop	0	4	0	5.25
https://nl.robotoys.eu/verjaardagscadeautjes-te-koop	0	1	0	5
https://nl.robotoys.eu/verkoop-van-3d-houten-puzzels	0	2	0	12
https://pl.robotoys.eu/bestsellerowe-produkty-marki-rolife	0	2	0	7
https://pl.robotoys.eu/blog/5-najlepszych-prezentow-walentynkowych-ktore-uciesza-kazdego	0	2	0	47
https://pl.robotoys.eu/blog/7-nieodpartych-pomyslow-na-prezent-dla-kobiet	0	1	0	11
https://pl.robotoys.eu/blog/budowanie-puzzli-najlepsza-aktywnosc-dla-emeryta	0	17	0	9.76
https://pl.robotoys.eu/blog/co-musisz-wiedziec-przed-budowa-miniaturowych-domow	0	34	0	7.09
https://pl.robotoys.eu/blog/co-przygotowac-przed-pierwszym-zlozeniem-drewnianej-ukladanki-3d	0	11	0	6.73
https://pl.robotoys.eu/blog/drewniane-puzzle-3d-jak-wybrac-swoj-pierwszy-zestaw-do-budowania-i-na-co-sie-przygotowac	0	113	0	5.72
https://pl.robotoys.eu/blog/drewniany-bukiet-ktory-nigdy-nie-zwiednie-odkryj-magie-trojwymiarowych-puzzli-kwiatowych	0	23	0	8.13
https://pl.robotoys.eu/blog/historia-3d-drewnianych-puzzli-od-poczatkow-do-terazniejszosci	0	20	0	10.7
https://pl.robotoys.eu/blog/jak-wybrac-najlepsza-dekoracje-domu-porady-i-wskazowki	0	6	0	7.83
https://pl.robotoys.eu/blog/jesien-2025-sezon-slow-life-oto-dowod	0	1	0	1
https://pl.robotoys.eu/blog/little-story-zestawy-konstrukcyjne-3d-ktore-lacza-kreatywnosc-zabawe-i-jakosc	0	5	0	8.4
https://pl.robotoys.eu/blog/modele-stem-i-drewniane	0	47	0	10.55
https://pl.robotoys.eu/blog/najlepszy-prezent-dla-niego-oryginal-z-nuta-historii	0	1	0	7
https://pl.robotoys.eu/blog/najlepszy-prezent-dla-niej-magiczny-kacik-dla-milosnika-ksiazek	0	4	0	15.75
https://pl.robotoys.eu/blog/prezent-dla-mezczyzny-ktory-ma-juz-wszystko-24-oryginalne-porady-ktore-naprawde-go-zaskocza	0	6	0	16.67
https://pl.robotoys.eu/blog/rokr-twoje-wejs-cie-do-swiata-kreatywnosci-i-rozrywki	0	1	0	1
https://pl.robotoys.eu/blog/rolife-piekno-slow-life-i-kreatywnosci-diy	0	30	0	6.4
https://pl.robotoys.eu/blog/rolife-piekno-slow-life-i-kreatywnosti-diy	0	2	0	1
https://pl.robotoys.eu/blog/the-story-of-the-famous-tower-bridge-how-to-bring-london-to-your-home	0	658	0	10.22
https://pl.robotoys.eu/blog/top-5-zajec-wspierajace-motoryczne	0	1	0	1
https://pl.robotoys.eu/blog/top-5-zajec-wspierajacych-rozwoj-umiejetnosci-motorycznych	0	99	0	7.34
https://pl.robotoys.eu/blog/trend-na-tiktoku-hobby-dopaminowe-co-oznacza-i-dlaczego-lamiglowki-sa-najlepszym-wyborem	0	4	0	1.25
https://pl.robotoys.eu/blog/world-of-tanks-juz-na-twajej-polce	0	1	0	1
https://pl.robotoys.eu/blog/world-of-tanks-juz-na-twojej-polce	0	33	0	9.88
https://pl.robotoys.eu/domki-miniaturowe-czas-montazu-od-1-do-3-godzin	0	4	0	8.25
https://pl.robotoys.eu/domki-miniaturowe-czas-montazu-od-3-do-5-godzin	0	15	0	6.47
https://pl.robotoys.eu/domki-miniaturowe-czas-montazu-powyzej-5-godzin	0	16	0	18.44
https://pl.robotoys.eu/drewniane-puzzle-3d	0	69	0	8.59
https://pl.robotoys.eu/drewniane-puzzle-3d-czas-montazu-od-3-do-5-godzin	0	2	0	8.5
https://pl.robotoys.eu/drewniane-puzzle-3d-czas-montazu-ponad-5-godzin	0	3	0	8.33
https://pl.robotoys.eu/drewniane-puzzle-3d-czas-ulozenia-do-1-godziny	0	1	0	3
https://pl.robotoys.eu/drewniane-puzzle-3d-latwy-poziom-trudnosci	0	17	0	2.29
https://pl.robotoys.eu/drewniane-puzzle-3d-od-100-do-149-szt	0	8	0	18.88
https://pl.robotoys.eu/drewniane-puzzle-3d-od-200-do-299-szt	0	16	0	4.25
https://pl.robotoys.eu/drewniane-puzzle-3d-ponad-300-el	0	11	0	8.91
https://pl.robotoys.eu/drewniane-puzzle-3d-wysoki-poziom-trudnosci	0	9	0	6.78
https://pl.robotoys.eu/drewniane-puzzle-3d/architektura/drewniana-mechaniczna-ukladanka-3d-marmurowy-tor-londyn-rokr-egb01-p264	0	4	0	3.5
https://pl.robotoys.eu/drewniane-puzzle-3d/architektura/drewniana-mechaniczna-ukladanka-3d-wiatrak-eco-wood-art-p154	0	18	0	5
https://pl.robotoys.eu/drewniane-puzzle-3d/architektura/drewniana-ukladanka-3d-biblioteka-nad-morzem-p261	0	11	0	10.09
https://pl.robotoys.eu/drewniane-puzzle-3d/architektura/drewniana-ukladanka-3d-opera-w-sydney-little-story-e028-p238	0	8	0	5
https://pl.robotoys.eu/drewniane-puzzle-3d/architektura/drewniane-puzzle-3d-katedra-notre-dame-little-story-e017-p127	0	186	0	6.78
https://pl.robotoys.eu/drewniane-puzzle-3d/architektura/drewniane-puzzle-3d-krzywa-wieza-w-pizie-little-story-e009-p114	0	18	0	5.56
https://pl.robotoys.eu/drewniane-puzzle-3d/architektura/drewniane-puzzle-3d-model-krzywej-wiezy-w-pizie-rolife-tg304-p37	0	3	0	2.67
https://pl.robotoys.eu/drewniane-puzzle-3d/architektura/luk-zwyciestwa-rolife-tg502-p47	0	1	0	10
https://pl.robotoys.eu/drewniane-puzzle-3d/architektura/model-big-bena-z-oswietleniem-led-rolife-tg507-p20	0	10	0	5.2
https://pl.robotoys.eu/drewniane-puzzle-3d/architektura/model-wiezy-eiffla-rolife-tg501-p17	0	30	0	6.87
https://pl.robotoys.eu/drewniane-puzzle-3d/architektura/podswietlana-wieza-eiffla-p73	0	1	0	1
https://pl.robotoys.eu/drewniane-puzzle-3d/bronie/drewniana-mechaniczna-ukladanka-3d-dzialo-przeciwlotnicze-rokr-lqm01-p255	0	10	0	3.2
https://pl.robotoys.eu/drewniane-puzzle-3d/bronie/drewniana-mechaniczna-ukladanka-3d-karabin-maszynowy-z-obrotowa-lufa-rokr-lqa01-p218	0	52	0	4.25
https://pl.robotoys.eu/drewniane-puzzle-3d/bronie/drewniana-mechaniczna-ukladanka-3d-mini-pistolet-rokr-lq502-p147	0	122	0	3.39
https://pl.robotoys.eu/drewniane-puzzle-3d/bronie/dzialo-obleznicze-rokr-kw801-p51	0	23	0	10.35
https://pl.robotoys.eu/drewniane-puzzle-3d/bronie/terminator-m870-rokr-lq501-p36	0	23	0	5.26
https://pl.robotoys.eu/drewniane-puzzle-3d/instrumenty-muzyczne/akordeon-rolife-tg410-p41	0	12	0	2.67
https://pl.robotoys.eu/drewniane-puzzle-3d/instrumenty-muzyczne/bebny-rolife-tg409-p81	0	3	0	9
https://pl.robotoys.eu/drewniane-puzzle-3d/instrumenty-muzyczne/drewniana-ukladanka-3d-fortepian-rolife-tg402-p200	0	22	0	6.68
https://pl.robotoys.eu/drewniane-puzzle-3d/instrumenty-muzyczne/drewniane-puzzle-3d-gramofon-rolife-tg408-p39	0	44	0	4.68
https://pl.robotoys.eu/drewniane-puzzle-3d/instrumenty-muzyczne/drewniane-puzzle-3d-wiolonczela-rolife-tg411-p85	0	21	0	5.57
https://pl.robotoys.eu/drewniane-puzzle-3d/instrumenty-muzyczne/skrzypce-capriccio-rokr-tg604k-p66	0	29	0	4.34
https://pl.robotoys.eu/drewniane-puzzle-3d/kwiaty/drewniana-ukladanka-3d-blyszczace-lilie-wodne-rowood-th001-p192	0	5	0	5.6
https://pl.robotoys.eu/drewniane-puzzle-3d/kwiaty/drewniana-ukladanka-3d-drewniana-ksiazka-z-kwiatami-rowood-tw04h-p228	0	9	0	2.56
https://pl.robotoys.eu/drewniane-puzzle-3d/kwiaty/drewniana-ukladanka-3d-drewniana-skrzynka-na-kwiaty-rowood-tw02h-p162	0	1	0	1
https://pl.robotoys.eu/drewniane-puzzle-3d/kwiaty/drewniana-ukladanka-3d-drewniany-kosz-na-kwiaty-rowood-tw03h-p210	0	11	0	3.27
https://pl.robotoys.eu/drewniane-puzzle-3d/kwiaty/drewniana-ukladanka-3d-fioletowy-irys-rowood-tw121-p251	0	6	0	2.83
https://pl.robotoys.eu/drewniane-puzzle-3d/kwiaty/drewniana-ukladanka-3d-koliber-w-kwitnacym-ogrodzie-p259	0	3	0	6.67
https://pl.robotoys.eu/drewniane-puzzle-3d/kwiaty/drewniana-ukladanka-3d-lilie-wodne-pod-ogrodowym-mostkiem-p258	0	1	0	4
https://pl.robotoys.eu/drewniane-puzzle-3d/kwiaty/drewniana-ukladanka-3d-poinsecja-rowood-tf001-p222	0	4	0	4.75
https://pl.robotoys.eu/drewniane-puzzle-3d/kwiaty/drewniana-ukladanka-3d-pomaranczowy-tulipan-rowood-tw081-p145	0	3	0	4.67
https://pl.robotoys.eu/drewniane-puzzle-3d/kwiaty/drewniana-ukladanka-3d-rozowa-dalia-rowood-tw131-p252	0	7	0	5.14
https://pl.robotoys.eu/drewniane-puzzle-3d/kwiaty/drewniana-ukladanka-3d-rozowy-tulipan-rowood-tw082-p161	0	10	0	1.4
https://pl.robotoys.eu/drewniane-puzzle-3d/kwiaty/drewniana-ukladanka-3d-sakura-bonsai-rolife-tg415-p142	0	44	0	5.36
https://pl.robotoys.eu/drewniane-puzzle-3d/kwiaty/drewniana-ukladanka-3d-sloneczny-brzeg-z-latarnia-morska-p263	0	1	0	1
https://pl.robotoys.eu/drewniane-puzzle-3d/kwiaty/drewniana-ukladanka-3d-sosna-wiecznie-zielona-bonsai-rolife-tg510-p143	0	7	0	4.86
https://pl.robotoys.eu/drewniane-puzzle-3d/kwiaty/drewniana-ukladanka-3d-zloty-slonecznik-rowood-th002-p193	0	5	0	3.8
https://pl.robotoys.eu/drewniane-puzzle-3d/kwiaty/drewniane-puzzle-3d-bukiet-kwiatow-rowood-tw01h-p100	0	37	0	4.7
https://pl.robotoys.eu/drewniane-puzzle-3d/kwiaty/drewniane-puzzle-3d-czerwona-roza-rowood-tw042-p101	0	84	0	3.69
https://pl.robotoys.eu/drewniane-puzzle-3d/kwiaty/drewniane-puzzle-3d-czerwony-gozdzik-rowood-tw052-p112	0	5	0	2.6
https://pl.robotoys.eu/drewniane-puzzle-3d/kwiaty/drewniane-puzzle-3d-liliowy-rowood-tw021-p103	0	60	0	4.7
https://pl.robotoys.eu/drewniane-puzzle-3d/kwiaty/drewniane-puzzle-3d-rozowa-roza-rowood-tw041-p111	0	27	0	3.89
https://pl.robotoys.eu/drewniane-puzzle-3d/kwiaty/drewniane-puzzle-3d-rozowy-gozdzik-rowood-tw051-p110	0	2	0	4.5
https://pl.robotoys.eu/drewniane-puzzle-3d/kwiaty/drewniane-puzzle-3d-rumianek-rowood-tw061-p109	0	7	0	2.14
https://pl.robotoys.eu/drewniane-puzzle-3d/kwiaty/drewniane-puzzle-3d-sakura-rowood-tw101-p195	0	25	0	3.64
https://pl.robotoys.eu/drewniane-puzzle-3d/kwiaty/drewniane-puzzle-3d-slonecznik-rowood-tw011-p113	0	8	0	3.62
https://pl.robotoys.eu/drewniane-puzzle-3d/pojazdy/balon-na-ogrzane-powietrze-rolife-tg406-p84	0	19	0	5.47
https://pl.robotoys.eu/drewniane-puzzle-3d/pojazdy/drewniana-mechaniczna-ukladanka-3d-ciezarowka-road-king-eco-wood-art-p206	0	3	0	5
https://pl.robotoys.eu/drewniane-puzzle-3d/pojazdy/drewniana-mechaniczna-ukladanka-3d-czerwony-samochod-wyscigowy-eco-wood-art-p152	0	16	0	3.5
https://pl.robotoys.eu/drewniane-puzzle-3d/pojazdy/drewniana-mechaniczna-ukladanka-3d-ladowarka-eco-wood-art-p204	0	20	0	2.4
https://pl.robotoys.eu/drewniane-puzzle-3d/pojazdy/drewniana-mechaniczna-ukladanka-3d-maz-5309rr-eco-wood-art-p153	0	3	0	8
https://pl.robotoys.eu/drewniane-puzzle-3d/pojazdy/drewniana-mechaniczna-ukladanka-3d-motocykl-cruiser-eco-wood-art-p150	0	3	0	8
https://pl.robotoys.eu/drewniane-puzzle-3d/pojazdy/drewniana-mechaniczna-ukladanka-3d-retro-samochod-eco-wood-art-p157	0	3	0	7.67
https://pl.robotoys.eu/drewniane-puzzle-3d/pojazdy/drewniana-mechaniczna-ukladanka-3d-samochod-wyscigowy-rokr-lk505-p141	0	6	0	4.17
https://pl.robotoys.eu/drewniane-puzzle-3d/pojazdy/drewniana-mechaniczna-ukladanka-3d-traktor-eco-wood-art-p233	0	12	0	7.83
https://pl.robotoys.eu/drewniane-puzzle-3d/pojazdy/drewniana-mechaniczna-ukladanka-3d-woz-strazacki-eco-wood-art-p208	0	13	0	7.69
https://pl.robotoys.eu/drewniane-puzzle-3d/pojazdy/drewniana-mechaniczna-ukladanka-3d-wywrotka-eco-wood-art-p205	0	2	0	4
https://pl.robotoys.eu/drewniane-puzzle-3d/pojazdy/drewniana-mechaniczna-ukladanka-3d-zaglowka-konik-morski-rokr-mcb02-p212	0	18	0	3.72
https://pl.robotoys.eu/drewniane-puzzle-3d/pojazdy/drewniana-mechaniczna-ukladanka-3d-zolty-samochod-wyscigowy-eco-wood-art-p151	0	9	0	13
https://pl.robotoys.eu/drewniane-puzzle-3d/pojazdy/drewniana-ukladanka-3d-ambulans-eco-wood-art-p203	0	2	0	2.5
https://pl.robotoys.eu/drewniane-puzzle-3d/pojazdy/drewniana-ukladanka-3d-autobus-little-story-d002-p166	0	7	0	6.29
https://pl.robotoys.eu/drewniane-puzzle-3d/pojazdy/drewniana-ukladanka-3d-ciezarowka-little-story-d004-p168	0	11	0	8.82
https://pl.robotoys.eu/drewniane-puzzle-3d/pojazdy/drewniana-ukladanka-3d-ciezarowka-little-story-e013-p169	0	3	0	7.33
https://pl.robotoys.eu/drewniane-puzzle-3d/pojazdy/drewniana-ukladanka-3d-comanche-motorcycle-little-story-e023-p175	0	3	0	3.67
https://pl.robotoys.eu/drewniane-puzzle-3d/pojazdy/drewniana-ukladanka-3d-cysterna-naczepa-do-ciezarowki-road-king-eco-wood-art-p155	0	10	0	3.5
https://pl.robotoys.eu/drewniane-puzzle-3d/pojazdy/drewniana-ukladanka-3d-czolg-amx-13-105-little-story-wot05-p177	0	4	0	3.5
https://pl.robotoys.eu/drewniane-puzzle-3d/pojazdy/drewniana-ukladanka-3d-czolg-fv4005-little-story-wot09-p236	0	24	0	5.79
https://pl.robotoys.eu/drewniane-puzzle-3d/pojazdy/drewniana-ukladanka-3d-eternal-atlantic-voyager-1912-rolife-tgl02-p223	0	4	0	6
https://pl.robotoys.eu/drewniane-puzzle-3d/pojazdy/drewniana-ukladanka-3d-fioletowy-motocykl-speedtail-little-story-e020p-p242	0	2	0	8.5
https://pl.robotoys.eu/drewniane-puzzle-3d/pojazdy/drewniana-ukladanka-3d-grand-prix-motocykl-little-story-e021-p173	0	5	0	3.8
https://pl.robotoys.eu/drewniane-puzzle-3d/pojazdy/drewniana-ukladanka-3d-hulajnoga-blue-sting-little-story-e022b-p245	0	2	0	11
https://pl.robotoys.eu/drewniane-puzzle-3d/pojazdy/drewniana-ukladanka-3d-hulajnoga-sting-little-story-e022-p174	0	16	0	5.62
https://pl.robotoys.eu/drewniane-puzzle-3d/pojazdy/drewniana-ukladanka-3d-japonski-statek-dyplomatyczny-rolife-tg307-p199	0	118	0	9.61
https://pl.robotoys.eu/drewniane-puzzle-3d/pojazdy/drewniana-ukladanka-3d-jeep-little-story-d003-p167	0	3	0	7.33
https://pl.robotoys.eu/drewniane-puzzle-3d/pojazdy/drewniana-ukladanka-3d-koparka-rokr-tg508k-p197	0	54	0	4.35
https://pl.robotoys.eu/drewniane-puzzle-3d/pojazdy/drewniana-ukladanka-3d-kosiarka-samojezdna-cs-150c-eco-wood-art-p234	0	4	0	6.25
https://pl.robotoys.eu/drewniane-puzzle-3d/pojazdy/drewniana-ukladanka-3d-motocykl-blue-speedway-little-story-e019b-p239	0	6	0	6.17
https://pl.robotoys.eu/drewniane-puzzle-3d/pojazdy/drewniana-ukladanka-3d-motocykl-green-speedway-little-story-e019g-p240	0	15	0	7.13
https://pl.robotoys.eu/drewniane-puzzle-3d/pojazdy/drewniana-ukladanka-3d-motocykl-speedtail-little-story-e020-p172	0	2	0	2
https://pl.robotoys.eu/drewniane-puzzle-3d/pojazdy/drewniana-ukladanka-3d-motocykl-zuzlowy-little-story-e019-p171	0	29	0	6.41
https://pl.robotoys.eu/drewniane-puzzle-3d/pojazdy/drewniana-ukladanka-3d-parowiec-little-story-e025-p230	0	1	0	16
https://pl.robotoys.eu/drewniane-puzzle-3d/pojazdy/drewniana-ukladanka-3d-pomaranczowy-yankee-chopper-little-story-e024r-p250	0	1	0	1
https://pl.robotoys.eu/drewniane-puzzle-3d/pojazdy/drewniana-ukladanka-3d-przyczepa-wywrotki-road-king-eco-wood-art-p207	0	5	0	2.8
https://pl.robotoys.eu/drewniane-puzzle-3d/pojazdy/drewniana-ukladanka-3d-rozowy-skuter-sting-little-story-e022r-p246	0	2	0	6.5
https://pl.robotoys.eu/drewniane-puzzle-3d/pojazdy/drewniana-ukladanka-3d-samochod-policyjny-eco-wood-art-p214	0	5	0	4.6
https://pl.robotoys.eu/drewniane-puzzle-3d/pojazdy/drewniana-ukladanka-3d-statek-wycieczkowy-little-story-e026-p229	0	3	0	3.33
https://pl.robotoys.eu/drewniane-puzzle-3d/pojazdy/drewniana-ukladanka-3d-supercar-eco-wood-art-p215	0	3	0	3.67
https://pl.robotoys.eu/drewniane-puzzle-3d/pojazdy/drewniana-ukladanka-3d-szary-motocykl-comanche-little-story-e023g-p247	0	3	0	7.33
https://pl.robotoys.eu/drewniane-puzzle-3d/pojazdy/drewniana-ukladanka-3d-tank-char-b1-little-story-wot06-p178	0	3	0	4.67
https://pl.robotoys.eu/drewniane-puzzle-3d/pojazdy/drewniana-ukladanka-3d-tank-leopard-1-little-story-wot07-p179	0	14	0	7.14
https://pl.robotoys.eu/drewniane-puzzle-3d/pojazdy/drewniana-ukladanka-3d-tank-tortoise-little-story-wot08-p180	0	167	0	13.13
https://pl.robotoys.eu/drewniane-puzzle-3d/pojazdy/drewniana-ukladanka-3d-wojskowy-jeep-little-story-e014-p170	0	1	0	1
https://pl.robotoys.eu/drewniane-puzzle-3d/pojazdy/drewniana-ukladanka-3d-wywrotka-ziemna-moaz-75053-eco-wood-art-p235	0	3	0	16.33
https://pl.robotoys.eu/drewniane-puzzle-3d/pojazdy/drewniana-ukladanka-3d-yankee-chopper-little-story-e024-p176	0	1	0	9
https://pl.robotoys.eu/drewniane-puzzle-3d/pojazdy/drewniana-ukladanka-3d-zaglowiec-djong-eco-wood-art-p232	0	2	0	8.5
https://pl.robotoys.eu/drewniane-puzzle-3d/pojazdy/drewniana-ukladanka-3d-zaglowiec-wladca-morz-eco-wood-art-p216	0	2	0	6
https://pl.robotoys.eu/drewniane-puzzle-3d/pojazdy/drewniane-mechaniczne-puzzle-3d-dylizans-rokr-amka1-p99	0	1814	0	3.16
https://pl.robotoys.eu/drewniane-puzzle-3d/pojazdy/drewniane-puzzle-3d-bat-chatillon-bourrasque-little-story-wot04-p134	0	4	0	4.25
https://pl.robotoys.eu/drewniane-puzzle-3d/pojazdy/drewniane-puzzle-3d-fiat-126p-little-story-e005-p97	0	61	0	6.62
https://pl.robotoys.eu/drewniane-puzzle-3d/pojazdy/drewniane-puzzle-3d-helikopter-little-story-d017-p131	0	9	0	5.78
https://pl.robotoys.eu/drewniane-puzzle-3d/pojazdy/drewniane-puzzle-3d-jacht-little-story-d015-p129	0	25	0	4.8
https://pl.robotoys.eu/drewniane-puzzle-3d/pojazdy/drewniane-puzzle-3d-klasyczny-tramwaj-miejski-rokr-lk801-p88	0	69	0	5.59
https://pl.robotoys.eu/drewniane-puzzle-3d/pojazdy/drewniane-puzzle-3d-lokomotywa-little-story-e012-p124	0	111	0	5.85
https://pl.robotoys.eu/drewniane-puzzle-3d/pojazdy/drewniane-puzzle-3d-londynski-autobus-turystyczny-rolife-tgm02-p106	0	37	0	6.86
https://pl.robotoys.eu/drewniane-puzzle-3d/pojazdy/drewniane-puzzle-3d-m4a38-sherman-little-story-wot01-p137	0	6	0	5.17
https://pl.robotoys.eu/drewniane-puzzle-3d/pojazdy/drewniane-puzzle-3d-model-cylindra-drogowego-rokr-tg701k-p49	0	9	0	7.11
https://pl.robotoys.eu/drewniane-puzzle-3d/pojazdy/drewniane-puzzle-3d-model-jeepa-wojskowego-rokr-mc701-p54	0	4	0	4
https://pl.robotoys.eu/drewniane-puzzle-3d/pojazdy/drewniane-puzzle-3d-model-lodzi-rybackiej-rolife-tg308-p38	0	8	0	6.62
https://pl.robotoys.eu/drewniane-puzzle-3d/pojazdy/drewniane-puzzle-3d-model-wozka-widlowego-rokr-tg413k-p48	0	6	0	1.83
https://pl.robotoys.eu/drewniane-puzzle-3d/pojazdy/drewniane-puzzle-3d-polonez-1500-little-story-e003-p95	0	41	0	6.8
https://pl.robotoys.eu/drewniane-puzzle-3d/pojazdy/drewniane-puzzle-3d-powoz-krolewski-rolife-tg302-p62	0	11	0	7.91
https://pl.robotoys.eu/drewniane-puzzle-3d/pojazdy/drewniane-puzzle-3d-sakura-journey-rolife-tgs02-p105	0	31	0	4.61
https://pl.robotoys.eu/drewniane-puzzle-3d/pojazdy/drewniane-puzzle-3d-samolot-little-story-d016-p130	0	83	0	4.81
https://pl.robotoys.eu/drewniane-puzzle-3d/pojazdy/drewniane-puzzle-3d-tygrys-i-little-story-wot03-p136	0	13	0	5.46
https://pl.robotoys.eu/drewniane-puzzle-3d/pojazdy/model-lokomotywy-parowej-rokr-mc501-p13	0	67	0	6.19
https://pl.robotoys.eu/drewniane-puzzle-3d/pojazdy/model-sterowca-rolife-tg407-p22	0	16	0	4.38
https://pl.robotoys.eu/drewniane-puzzle-3d/pojazdy/model-trojplatowca-rolife-tg301-p46	0	1	0	7
https://pl.robotoys.eu/drewniane-puzzle-3d/pojazdy/model-weteran-rolife-tg504-p53	0	5	0	5.4
https://pl.robotoys.eu/drewniane-puzzle-3d/pojazdy/model-zaglowki-rolife-tg305-p21	0	4	0	5
https://pl.robotoys.eu/drewniane-puzzle-3d/pojazdy/motocykl-cruiser-rokr-lk504-p12	0	14	0	7.57
https://pl.robotoys.eu/drewniane-puzzle-3d/pojazdy/wywrotka-model-rokr-tg603k-p34	0	3	0	3.33
https://pl.robotoys.eu/drewniane-puzzle-3d/pojazdy/zabytkowy-tramwaj-rolife-tg505-p40	0	18	0	3.28
https://pl.robotoys.eu/drewniane-puzzle-3d/pozytywki/diabelski-mlyn-rolife-tgn01-p18	0	21	0	4.67
https://pl.robotoys.eu/drewniane-puzzle-3d/pozytywki/drewniana-mechaniczna-ukladanka-3d-gramofon-diva-rokr-amk82-p267	0	10	0	4.3
https://pl.robotoys.eu/drewniane-puzzle-3d/pozytywki/drewniana-mechaniczna-ukladanka-3d-klasyczna-karuzela-rolife-amc01-p146	0	120	0	11.59
https://pl.robotoys.eu/drewniane-puzzle-3d/pozytywki/drewniana-mechaniczna-ukladanka-3d-sakura-dreamy-tour-rolife-amt02-p219	0	17	0	6.24
https://pl.robotoys.eu/drewniane-puzzle-3d/pozytywki/drewniana-mechaniczna-ukladanka-3d-symfonia-pieknych-snow-rokr-amk63m-p211	0	5	0	7.2
https://pl.robotoys.eu/drewniane-puzzle-3d/pozytywki/drewniane-mechaniczne-puzzle-3d-melodyczna-choinka-rolife-ams01-p138	0	16	0	1.25
https://pl.robotoys.eu/drewniane-puzzle-3d/pozytywki/drewniane-mechaniczne-puzzle-3d-szafka-do-gier-orpheus-rokr-am601-p82	0	2	0	3
https://pl.robotoys.eu/drewniane-puzzle-3d/pozytywki/karnawal-o-zachodzie-slonca-rolife-amt01-p79	0	6	0	3.5
https://pl.robotoys.eu/drewniane-puzzle-3d/pozytywki/wiktorianska-latarnia-rokr-amk61-p80	0	9	0	5.22
https://pl.robotoys.eu/drewniane-puzzle-3d/stem-lab	0	6	0	10
https://pl.robotoys.eu/drewniane-puzzle-3d/stem-lab/drewniana-mechaniczna-ukladanka-3d-gear-ball-challenge-rokr-egc01-p213	0	14	0	5
https://pl.robotoys.eu/drewniane-puzzle-3d/stem-lab/drewniana-mechaniczna-ukladanka-3d-mechaniczna-maszyna-do-pisania-wersja-klasyczna-rokr-lk703b-p265	0	16	0	5.06
https://pl.robotoys.eu/drewniane-puzzle-3d/stem-lab/drewniana-mechaniczna-ukladanka-3d-mechaniczna-maszyna-do-pisania-wersja-magic-rokr-lk703c-p266	0	15	0	4.07
https://pl.robotoys.eu/drewniane-puzzle-3d/stem-lab/drewniana-ukladanka-3d-telefon-retro-eco-wood-art-p156	0	18	0	5.56
https://pl.robotoys.eu/drewniane-puzzle-3d/stem-lab/drewniane-mechaniczne-puzzle-3d-fabryka-czekolady-rokr-lga02-p75	0	8	0	3.25
https://pl.robotoys.eu/drewniane-puzzle-3d/stem-lab/marble-night-city-rokr-lga01-p2	0	17	0	4.88
https://pl.robotoys.eu/drewniane-puzzle-3d/wszechswiat	0	2	0	4
https://pl.robotoys.eu/drewniane-puzzle-3d/wszechswiat/drewniane-mechaniczne-puzzle-3d-samochod-zasilany-energia-sloneczna-harbinger-rover-rokr-ls402-p14	0	5	0	3.8
https://pl.robotoys.eu/drewniane-puzzle-3d/wszechswiat/monokularowy-teleskop-rokr-st004-p8	0	10	0	8.2
https://pl.robotoys.eu/drewniane-puzzle-3d/zegary-i-kalendarze/drewniana-mechaniczna-ukladanka-3d-zegar-z-kukulka-kolor-drewna-rokr-lc901-p217	0	3	0	7.33
https://pl.robotoys.eu/drewniane-puzzle-3d/zegary-i-kalendarze/drewniane-puzzle-3d-kalendarz-stolowy-rokr-lc801-p44	0	2	0	5
https://pl.robotoys.eu/drewniane-puzzle-3d/zegary-i-kalendarze/romantyczny-zegar-scienny-rokr-lc701-p56	0	12	0	5.42
https://pl.robotoys.eu/drewniane-puzzle-3d/zegary-i-kalendarze/wieczny-kalendarz-rokr-lk201-p55	0	10	0	3.8
https://pl.robotoys.eu/drewniane-puzzle-3d/zegary-i-kalendarze/zegar-scienny-zodiac-rokr-lc601-p52	0	21	0	3.14
https://pl.robotoys.eu/drewniane-puzzle-3d/zwierzeta/drewniana-mechaniczna-ukladanka-3d-velociraptor-rokr-ld01-p220	0	1	0	3
https://pl.robotoys.eu/drewniane-puzzle-3d/zwierzeta/drewniane-puzzle-3d-flaming-little-story-d007-p116	0	13	0	2.69
https://pl.robotoys.eu/drewniane-puzzle-3d/zwierzeta/drewniane-puzzle-3d-kangur-little-story-d014-p122	0	23	0	6.65
https://pl.robotoys.eu/drewniane-puzzle-3d/zwierzeta/drewniane-puzzle-3d-lew-little-story-d011-p119	0	5	0	3.6
https://pl.robotoys.eu/drewniane-puzzle-3d/zwierzeta/drewniane-puzzle-3d-parazaur-little-story-d008-p117	0	7	0	7.14
https://pl.robotoys.eu/drewniane-puzzle-3d/zwierzeta/drewniane-puzzle-3d-pszczola-little-story-d001-p128	0	4	0	22.5
https://pl.robotoys.eu/drewniane-puzzle-3d/zwierzeta/drewniane-puzzle-3d-slon-little-story-d012-p120	0	4	0	8.75
https://pl.robotoys.eu/drewniane-puzzle-3d/zwierzeta/drewniane-puzzle-3d-sowa-little-story-d009-p132	0	3	0	2
https://pl.robotoys.eu/drewniane-puzzle-3d/zwierzeta/drewniane-puzzle-3d-stegozaur-little-story-d010-p118	0	2	0	7
https://pl.robotoys.eu/drewniane-puzzle-3d/zwierzeta/drewniane-puzzle-3d-t-rex-little-story-d006-p115	0	20	0	4.35
https://pl.robotoys.eu/drewniane-puzzle-3d/zwierzeta/drewniane-puzzle-3d-zyrafa-little-story-d013-p121	0	1	0	11
https://pl.robotoys.eu/konkurs-puzzli	0	1	0	10
https://pl.robotoys.eu/konkurs-puzzli/arcade-randki-rolife-tgb10-148	0	1	0	10
https://pl.robotoys.eu/konkurs-puzzli/balista-machiny-oblezniczej-rokr-kw401-15	0	2	0	8.5
https://pl.robotoys.eu/konkurs-puzzli/biblioteka-do-nauki-sama-rolife-dg102-86	0	1	0	10
https://pl.robotoys.eu/konkurs-puzzli/biblioteka-nad-morzem-261	0	1	0	5
https://pl.robotoys.eu/konkurs-puzzli/brama-brandenburska-little-story-e015-125	0	7	0	7.14
https://pl.robotoys.eu/konkurs-puzzli/ciezarowka-road-king-eco-wood-art-206	0	2	0	8.5
https://pl.robotoys.eu/konkurs-puzzli/comanche-motorcycle-little-story-e023-175	0	1	0	6
https://pl.robotoys.eu/konkurs-puzzli/cysterna-naczepa-do-ciezarowki-road-king-eco-wood-art-155	0	1	0	6
https://pl.robotoys.eu/konkurs-puzzli/czolg-fv4005-little-story-wot09-236	0	1	0	5
https://pl.robotoys.eu/konkurs-puzzli/eternal-atlantic-voyager-1912-rolife-tgl02-223	0	1	0	3
https://pl.robotoys.eu/konkurs-puzzli/fabryka-czekolady-rokr-lga02-75	0	3	0	4.67
https://pl.robotoys.eu/konkurs-puzzli/fiat-125p-little-story-e002-94	0	1	0	3
https://pl.robotoys.eu/konkurs-puzzli/fioletowy-motyl-orchidea-rowood-tw091-194	0	1	0	7
https://pl.robotoys.eu/konkurs-puzzli/herbaciarnia-alicji-rolife-dg156-61	0	3	0	10
https://pl.robotoys.eu/konkurs-puzzli/hulajnoga-blue-sting-little-story-e022b-245	0	1	0	7
https://pl.robotoys.eu/konkurs-puzzli/hulajnoga-sting-little-story-e022-174	0	5	0	7.8
https://pl.robotoys.eu/konkurs-puzzli/karabin-ak-47-rokr-lq901-67	0	4	0	8
https://pl.robotoys.eu/konkurs-puzzli/karabin-maszynowy-z-obrotowa-lufa-rokr-lqa01-218	0	1	0	11
https://pl.robotoys.eu/konkurs-puzzli/katedra-notre-dame-little-story-e017-127	0	1	0	10
https://pl.robotoys.eu/konkurs-puzzli/klasyczna-karuzela-rolife-amc01-146	0	1	0	8
https://pl.robotoys.eu/konkurs-puzzli/klasyczny-tramwaj-miejski-rokr-lk801-88	0	1	0	6
https://pl.robotoys.eu/konkurs-puzzli/kosiarka-samojezdna-cs-150c-eco-wood-art-234	0	1	0	2
https://pl.robotoys.eu/konkurs-puzzli/ksiegarnia-w-starej-uliczce-262	0	4	0	6.5
https://pl.robotoys.eu/konkurs-puzzli/kwiaciarnia-emily-rolife-dg145-25	0	1	0	46
https://pl.robotoys.eu/konkurs-puzzli/lodziarnia-honey-rolife-dg148-65	0	1	0	12
https://pl.robotoys.eu/konkurs-puzzli/lokomotywa-rokr-lk701-7	0	3	0	7.33
https://pl.robotoys.eu/konkurs-puzzli/magiczna-harfa-rokr-amk71-254	0	1	0	8
https://pl.robotoys.eu/konkurs-puzzli/magiczne-pianino-rokr-amk81-70	0	1	0	6
https://pl.robotoys.eu/konkurs-puzzli/mechaniczna-maszyna-do-pisania-wersja-klasyczna-rokr-lk703b-265	0	3	0	9.67
https://pl.robotoys.eu/konkurs-puzzli/mechaniczna-maszyna-do-pisania-wersja-magic-rokr-lk703c-266	0	2	0	7.5
https://pl.robotoys.eu/konkurs-puzzli/mini-domek-gorski-w-ksztalcie-litery-a-rolife-dg181-227	0	1	0	7
https://pl.robotoys.eu/konkurs-puzzli/model-zaglowki-rolife-tg305-21	0	1	0	10
https://pl.robotoys.eu/konkurs-puzzli/motocykl-zuzlowy-little-story-e019-171	0	2	0	21.5
https://pl.robotoys.eu/konkurs-puzzli/parowiec-little-story-e025-230	0	1	0	7
https://pl.robotoys.eu/konkurs-puzzli/podswietlana-wieza-eiffla-rolife-tgl01-73	0	2	0	10
https://pl.robotoys.eu/konkurs-puzzli/pozytywka-swing-ride-rokr-ea02-4	0	2	0	2.5
https://pl.robotoys.eu/konkurs-puzzli/prom-kosmiczny-rokr-lka02-253	0	1	0	4
https://pl.robotoys.eu/konkurs-puzzli/przytulna-kuchnia-rolife-dg159-89	0	1	0	8
https://pl.robotoys.eu/konkurs-puzzli/przytulna-willa-dla-szczeniat-rolife-dg169-149	0	2	0	5
https://pl.robotoys.eu/konkurs-puzzli/restauracja-tipsy-rolife-dg167-209	0	1	0	9
https://pl.robotoys.eu/konkurs-puzzli/romantyczna-karuzela-rokr-amk62-77	0	1	0	11
https://pl.robotoys.eu/konkurs-puzzli/rozowa-lilia-rowood-tw071-144	0	1	0	7
https://pl.robotoys.eu/konkurs-puzzli/rozowa-roza-rowood-tw041-111	0	2	0	19
https://pl.robotoys.eu/konkurs-puzzli/rozowy-tulipan-rowood-tw082-161	0	1	0	11
https://pl.robotoys.eu/konkurs-puzzli/rumianek-rowood-tw061-109	0	1	0	9
https://pl.robotoys.eu/konkurs-puzzli/sakura-densya-rolife-tgb01-29	0	2	0	5
https://pl.robotoys.eu/konkurs-puzzli/samochod-policyjny-eco-wood-art-214	0	1	0	9
https://pl.robotoys.eu/konkurs-puzzli/sejf-rokr-lk502-57	0	1	0	3
https://pl.robotoys.eu/konkurs-puzzli/silnik-parowy-rokr-lka01-104	0	1	0	10
https://pl.robotoys.eu/konkurs-puzzli/sloneczny-brzeg-z-latarnia-morska-263	0	1	0	9
https://pl.robotoys.eu/konkurs-puzzli/syrena-105-little-story-e004-96	0	1	0	10
https://pl.robotoys.eu/konkurs-puzzli/szafka-do-gier-orpheus-rokr-am601-82	0	3	0	11.67
https://pl.robotoys.eu/konkurs-puzzli/terminator-m870-rokr-lq501-36	0	1	0	3
https://pl.robotoys.eu/konkurs-puzzli/wieczny-kalendarz-rokr-lk201-55	0	2	0	6
https://pl.robotoys.eu/konkurs-puzzli/wiktorianska-latarnia-rokr-amk61-80	0	2	0	8.5
https://pl.robotoys.eu/konkurs-puzzli/wywrotka-model-rokr-tg603k-34	0	1	0	2
https://pl.robotoys.eu/konkurs-puzzli/zloty-slonecznik-rowood-th002-193	0	1	0	1
https://pl.robotoys.eu/konkurs-puzzli/zolty-samochod-wyscigowy-eco-wood-art-151	0	1	0	9
https://pl.robotoys.eu/marki	0	1	0	1
https://pl.robotoys.eu/marki/eco-wood-art	0	3	0	5
https://pl.robotoys.eu/miniaturowe-domki-od-150-do-199-szt	0	7	0	10
https://pl.robotoys.eu/miniaturowe-domki-od-200-do-299-szt	0	7	0	7.29
https://pl.robotoys.eu/miniaturowe-domki/kacik-ksiazek/domek-ogrodowy-rolife-tgb06-p78	0	4	0	7.75
https://pl.robotoys.eu/miniaturowe-domki/kacik-ksiazek/ksiegarnia-rolife-tgb07-p76	0	17	0	5.06
https://pl.robotoys.eu/miniaturowe-domki/kacik-ksiazek/magiczny-dom-rolife-tgb03-p58	0	5	0	3.2
https://pl.robotoys.eu/miniaturowe-domki/kacik-ksiazek/sakura-densya-rolife-tgb01-p29	0	23	0	7.3
https://pl.robotoys.eu/miniaturowe-domki/kacik-ksiazek/sunshine-town-rolife-tgb02-p30	0	9	0	3
https://pl.robotoys.eu/miniaturowe-domki/kacik-ksiazek/wklad-do-regalu-aleja-winna-pod-drzewami-sakura-rolife-tgb11-p164	0	11	0	2.82
https://pl.robotoys.eu/miniaturowe-domki/kacik-ksiazek/wklad-na-polke-na-ksiazki-naroznik-kwiatowy-rolife-tgb09-p108	0	13	0	6.31
https://pl.robotoys.eu/miniaturowe-domki/kacik-ksiazek/wklad-na-polke-na-ksiazki-ulica-bozonarodzeniowa-rolife-tgc06-p139	0	10	0	6.1
https://pl.robotoys.eu/miniaturowe-domki/kacik-ksiazek/wkladka-do-regalu-arcade-randki-rolife-tgb10-p148	0	1	0	7
https://pl.robotoys.eu/miniaturowe-domki/kacik-ksiazek/wkladka-do-regalu-bajkowy-park-rozrywki-rolife-tgb17-p257	0	10	0	21.1
https://pl.robotoys.eu/miniaturowe-domki/kacik-ksiazek/wkladka-do-regalu-biblioteka-cudow-rolife-tgb16-p226	0	4	0	6
https://pl.robotoys.eu/miniaturowe-domki/kacik-ksiazek/wkladka-do-regalu-holiday-cafe-rolife-tgb15-p225	0	4	0	9.25
https://pl.robotoys.eu/miniaturowe-domki/kacik-ksiazek/wkladka-do-regalu-magiczny-kacik-fantasy-rolife-tgb14-p221	0	3	0	5.33
https://pl.robotoys.eu/miniaturowe-domki/kacik-ksiazek/wkladka-do-regalu-podroz-do-krainy-czarow-rolife-tgb12-p165	0	1	0	10
https://pl.robotoys.eu/miniaturowe-domki/kacik-ksiazek/wkladka-do-regalu-scena-uliczna-rolife-tgb13-p256	0	8	0	5
https://pl.robotoys.eu/miniaturowe-domki/kacik-ksiazek/wkladka-na-polke-na-ksiazki-falling-sakura-rolife-tgb05-p50	0	4	0	1.25
https://pl.robotoys.eu/miniaturowe-domki/kacik-ksiazek/wkladka-na-polke-na-ksiazki-romantyczna-wenecja-rolife-tgb08-p107	0	3	0	4
https://pl.robotoys.eu/miniaturowe-domki/kacik-ksiazek/wkladka-na-polke-na-ksiazki-swiateczna-scena-wnetrza-rolife-tgc07-p140	0	5	0	5.6
https://pl.robotoys.eu/miniaturowe-domki/miniaturowe-pokoje	0	48	0	6.38
https://pl.robotoys.eu/miniaturowe-domki/miniaturowe-pokoje/domek-miniaturowy-przytulna-willa-dla-szczeniat-rolife-dg169-p149	0	7	0	5.29
https://pl.robotoys.eu/miniaturowe-domki/miniaturowe-pokoje/miniaturowy-domek-weranda-lily-rolife-dg11-p93	0	8	0	1.75
https://pl.robotoys.eu/miniaturowe-domki/sklepy-z-miniaturami/domek-miniaturowy-herbaciarnia-alicji-rolife-dg156-p61	0	11	0	5
https://pl.robotoys.eu/miniaturowe-domki/sklepy-z-miniaturami/domek-miniaturowy-lodziarnia-honey-rolife-dg148-p65	0	3	0	5
https://pl.robotoys.eu/miniaturowe-domki/sklepy-z-miniaturami/domek-w-miniaturze-restauracja-tipsy-rolife-dg167-p209	0	24	0	6.25
https://pl.robotoys.eu/miniaturowe-domki/sklepy-z-miniaturami/kawiarnia-u-szymon-rolife-dg109-p64	0	25	0	7.56
https://pl.robotoys.eu/miniaturowe-domki/sklepy-z-miniaturami/miniaturowy-domek-kwiatowe-slodycze-i-herbaty-rolife-dg146-p92	0	2	0	3
https://pl.robotoys.eu/miniaturowe-domki/sklepy-z-miniaturami/sklep-czarownic-kiki-rolife-dg155-p31	0	41	0	11.46
https://pl.robotoys.eu/miniaturowe-domy-latwy-poziom-trudnosci	0	4	0	5.5
https://pl.robotoys.eu/miniaturowe-domy-sredni-poziom-trudnosci	0	5	0	5
https://pl.robotoys.eu/miniaturowe-domy-wysoki-poziom-trudnosci	0	1	0	7
https://pl.robotoys.eu/najdrozsze-pomysly-na-prezenty	0	23	0	31.65
https://pl.robotoys.eu/najdrozsze-prezenty-dla-kobiet-i-dziewczat	0	9	0	7.11
https://pl.robotoys.eu/najdrozsze-prezenty-dla-mezczyzn-i-chlopcow	0	66	0	31.45
https://pl.robotoys.eu/najdrozsze-produkty-marki-rokr	0	4	0	4.5
https://pl.robotoys.eu/najdrozsze-produkty-marki-rolife	0	9	0	8.67
https://pl.robotoys.eu/najlepiej-oceniane-produkty-marki-rokr	0	53	0	4.42
https://pl.robotoys.eu/najlepiej-sprzedajace-sie-drewniane-puzzle-3d	0	3	0	7.33
https://pl.robotoys.eu/najlepiej-sprzedajace-sie-pomysly-na-prezenty	0	2	0	6.5
https://pl.robotoys.eu/najlepiej-sprzedajace-sie-prezenty-dla-dzieci?page=4	0	3	0	5.67
https://pl.robotoys.eu/najlepiej-sprzedajace-sie-prezenty-dla-mezczyzn-i-chlopcow	0	1	0	3
https://pl.robotoys.eu/najlepiej-sprzedajace-sie-produkty-marki-rokr	0	1	0	5
https://pl.robotoys.eu/najnowsze-drewniane-puzzle-3d	0	6	0	4.33
https://pl.robotoys.eu/najnowsze-prezenty-dla-dzieci	0	1	0	14
https://pl.robotoys.eu/najnowsze-prezenty-dla-mezczyzn-i-chlopcow	0	3	0	23.33
https://pl.robotoys.eu/najnowsze-prezenty-do-dekoracji	0	3	0	11
https://pl.robotoys.eu/najnowsze-prezenty-na-swieta-bozego-narodzenia	0	5	0	7.2
https://pl.robotoys.eu/najnowsze-prezenty-urodzinowe	0	1	0	1
https://pl.robotoys.eu/najnowsze-produkty-marki-rolife	0	9	0	4
https://pl.robotoys.eu/najpopularniejsza-drewniana-ukladanka-3d	0	18	0	8.28
https://pl.robotoys.eu/najpopularniejsze-pomysly-na-prezenty?page=4	0	3	0	4.67
https://pl.robotoys.eu/najpopularniejsze-produkty-marki-rokr	0	159	0	1.79
https://pl.robotoys.eu/najpopularniejsze-produkty-marki-rolife	0	1	0	8
https://pl.robotoys.eu/najtansze-prezenty-do-dekoracji?page=4	0	1	0	4
https://pl.robotoys.eu/najtansze-produkty-marki-rokr	0	30	0	9.83
https://pl.robotoys.eu/najtansze-produkty-marki-rolife	0	3	0	6.67
https://pl.robotoys.eu/najwyzej-oceniane-drewniane-puzzle-3d	0	17	0	11.41
https://pl.robotoys.eu/najwyzej-oceniane-pomysly-na-prezenty	0	1	0	10
https://pl.robotoys.eu/najwyzej-oceniane-prezenty-dla-dzieci	0	5	0	8.6
https://pl.robotoys.eu/najwyzej-oceniane-prezenty-urodzinowe	0	4	0	6.25
https://pl.robotoys.eu/pomysly-na-prezent	0	13	0	6.54
https://pl.robotoys.eu/pomysly-na-prezent/prezenty-dla-dzieci	0	1	0	12
https://pl.robotoys.eu/pomysly-na-prezent/prezenty-dla-niego	0	1	0	8
https://pl.robotoys.eu/pomysly-na-prezent/prezenty-dla-niej	0	1	0	9
https://pl.robotoys.eu/przydatne-linki	0	12	0	6.92
https://pl.robotoys.eu/przydatne-linki/czesto-zadawane-pytania/dostawa-zamowienia	0	1	0	1
https://pl.robotoys.eu/przydatne-linki/o-firmie	0	16	0	7
https://pl.robotoys.eu/przydatne-linki/o-firmie/hurt	0	9	0	3.11
https://pl.robotoys.eu/przydatne-linki/o-firmie/kontakt	0	4	0	3.5
https://pl.robotoys.eu/przydatne-linki/o-firmie/o-nas	0	2	0	1
https://pl.robotoys.eu/przydatne-linki/wszystko-o-zakupach	0	8	0	4.25
https://pl.robotoys.eu/przydatne-linki/wszystko-o-zakupach/warunki-reklamacji	0	1	0	10
https://pl.robotoys.eu/sprzedaz-produktow-marki-rokr	0	1	0	7
https://pl.robotoys.eu/sprzedaz-produktow-marki-rolife	0	2	0	4.5
https://pl.robotoys.eu/w-sprzedazy-prezenty-do-dekoracji	0	1	0	6
https://pl.robotoys.eu/w-sprzedazy-produkty-marki-rokr	0	21	0	4.86
https://pl.robotoys.eu/w-sprzedazy-produkty-marki-rolife	0	11	0	8
https://pl.robotoys.eu/wyprzedaz-prezentow-dla-kobiet?page=3	0	1	0	27
https://pl.robotoys.eu/wyprzedaz-prezentow-na-swieta-bozego-narodzenia	0	1	0	4
https://pl.robotoys.eu/wyprzedaz-puzzli-drewnianych-3d	0	51	0	15.16
https://pt.robotoys.eu/as-casas-em-miniatura-mais-populares	0	5	0	7.4
https://pt.robotoys.eu/blogue	0	2	0	8
https://pt.robotoys.eu/blogue/5-melhores-presentes-de-dia-dos-namorados-que-agradarao-a-todos	0	1	0	9
https://pt.robotoys.eu/blogue/5-vantagens-dos-blocos-de-construcao-criativos-para-o-desenvolvimento-de-habilidades-motoras-finas-e-concentracao	0	16	0	5.25
https://pt.robotoys.eu/blogue/7-ideias-de-presentes-irresistiveis-para-mulheres	0	34	0	35.38
https://pt.robotoys.eu/blogue/a-historia-famosa-tower-bridge-como-levar-londres-para-a-sua-casa	0	1	0	1
https://pt.robotoys.eu/blogue/a-tendencia-do-tiktok-hobby-da-dopamina-o-que-significa-e-por-que-os-quebra-cabecas-sao-uma-otima-opcao	0	20	0	8.55
https://pt.robotoys.eu/blogue/coloque-seu-cerebro-em-movimento-com-quebra-cabecas-mecanicos-de-madeira-em-3d	0	12	0	7.92
https://pt.robotoys.eu/blogue/como-escolher-a-melhor-decoracao-para-a-casa-dicas-e-truques	0	1	0	18
https://pt.robotoys.eu/blogue/historia-dos-quebra-cabecas-de-madeira-em-3d-do-inicio-ao-presente	0	11	0	5.82
https://pt.robotoys.eu/blogue/o-melhor-presente-para-ela-um-canto-magico-para-um-amante-de-livros	0	1	0	8
https://pt.robotoys.eu/blogue/o-melhor-presente-para-ele-original-com-um-toque-de-historia	0	3	0	11
https://pt.robotoys.eu/blogue/o-que-voce-precisa-saber-antes-de-construir-casas-em-miniatura	0	27	0	6.19
https://pt.robotoys.eu/blogue/pequena-historia-kits-de-construcao-3d-que-combinam-criatividade-diversao-e-qualidade	0	7	0	6.29
https://pt.robotoys.eu/blogue/rokr-sua-entrada-no-mundo-da-criatividade-e-do-entretenimento	0	9	0	10
https://pt.robotoys.eu/blogue/stem-e-modelos-de-madeira	0	5	0	5.6
https://pt.robotoys.eu/blogue/um-buque-de-madeira-que-nunca-murcha-descubra-a-magia-dos-quebra-cabecas-de-flores-3d	0	7	0	14
https://pt.robotoys.eu/blogue/world-of-tanks-ja-na-sua-estante	0	2	0	7.5
https://pt.robotoys.eu/casas-em-miniatura-100-a-149-unid	0	53	0	7.3
https://pt.robotoys.eu/casas-em-miniatura-200-a-299-unid	0	2	0	7
https://pt.robotoys.eu/casas-em-miniatura-a-venda	0	1	0	7
https://pt.robotoys.eu/casas-em-miniatura-dificuldade-media	0	1	0	10
https://pt.robotoys.eu/casas-em-miniatura-mais-de-300-pecas	0	2	0	4.5
https://pt.robotoys.eu/casas-em-miniatura-tempo-de-montagem-de-3-a-5-horas	0	6	0	6.33
https://pt.robotoys.eu/casas-em-miniatura-tempo-de-montagem-superior-a-5-horas	0	9	0	5.44
https://pt.robotoys.eu/casas-em-miniatura/lojas-de-miniaturas/cafe-em-simao-rolife-dg109-p64	0	13	0	5
https://pt.robotoys.eu/casas-em-miniatura/lojas-de-miniaturas/casa-em-miniatura-loja-de-cha-de-alice-rolife-dg156-p61	0	44	0	4.41
https://pt.robotoys.eu/casas-em-miniatura/lojas-de-miniaturas/casa-em-miniatura-restaurante-tipsy-rolife-dg167-p209	0	9	0	4.56
https://pt.robotoys.eu/casas-em-miniatura/lojas-de-miniaturas/casa-miniatura-doces-e-chas-de-flores-rolife-dg146-p92	0	3	0	4.67
https://pt.robotoys.eu/casas-em-miniatura/lojas-de-miniaturas/casa-miniatura-sorveteria-honey-rolife-dg148-p65	0	2	0	4
https://pt.robotoys.eu/casas-em-miniatura/lojas-de-miniaturas/floricultura-emily-rolife-dg145-p25	0	22	0	5.86
https://pt.robotoys.eu/casas-em-miniatura/lojas-de-miniaturas/loja-de-bruxas-kiki-rolife-dg155-p31	0	15	0	12.87
https://pt.robotoys.eu/casas-em-miniatura/quartos-em-miniatura	0	4	0	15
https://pt.robotoys.eu/casas-em-miniatura/quartos-em-miniatura/agencia-de-detetives-de-mose-rolife-dg157-p24	0	1	0	2
https://pt.robotoys.eu/casas-em-miniatura/quartos-em-miniatura/biblioteca-de-estudo-de-sam-rolife-dg102-p86	0	49	0	4.29
https://pt.robotoys.eu/casas-em-miniatura/quartos-em-miniatura/casa-em-miniatura-cozinha-aconchegante-rolife-dg159-p89	0	6	0	5.17
https://pt.robotoys.eu/casas-em-miniatura/quartos-em-miniatura/casa-em-miniatura-sotao-de-dora-rolife-dg12-p91	0	4	0	7.75
https://pt.robotoys.eu/casas-em-miniatura/quartos-em-miniatura/casa-em-miniatura-varanda-de-lily-rolife-dg11-p93	0	5	0	4.8
https://pt.robotoys.eu/casas-em-miniatura/quartos-em-miniatura/casa-em-miniatura-vila-aconchegante-para-filhotes-rolife-dg169-p149	0	2	0	7
https://pt.robotoys.eu/casas-em-miniatura/quartos-em-miniatura/estufa-da-sra-cathy-rolife-dg104-p28	0	14	0	3.21
https://pt.robotoys.eu/casas-em-miniatura/recanto-dos-livros	0	2	0	4.5
https://pt.robotoys.eu/casas-em-miniatura/recanto-dos-livros/casa-de-jardim-de-ferias-rolife-tgb06-p78	0	7	0	3.71
https://pt.robotoys.eu/casas-em-miniatura/recanto-dos-livros/encaixe-para-estante-cantinho-de-fantasia-magica-rolife-tgb14-p221	0	3	0	8
https://pt.robotoys.eu/casas-em-miniatura/recanto-dos-livros/encarte-de-estante-arcade-namoro-rolife-tgb10-p148	0	1	0	9
https://pt.robotoys.eu/casas-em-miniatura/recanto-dos-livros/encarte-de-estante-beco-de-vinhos-sob-as-cerejeiras-rolife-tgb11-p164	0	3	0	7.33
https://pt.robotoys.eu/casas-em-miniatura/recanto-dos-livros/encarte-de-estante-viagem-ao-pais-das-maravilhas-rolife-tgb12-p165	0	7	0	3.71
https://pt.robotoys.eu/casas-em-miniatura/recanto-dos-livros/encarte-para-estante-biblioteca-das-maravilhas-rolife-tgb16-p226	0	5	0	6.6
https://pt.robotoys.eu/casas-em-miniatura/recanto-dos-livros/encarte-para-estante-cena-de-rua-rolife-tgb13-p256	0	5	0	4.4
https://pt.robotoys.eu/casas-em-miniatura/recanto-dos-livros/encarte-para-estante-holiday-cafe-rolife-tgb15-p225	0	1	0	6
https://pt.robotoys.eu/casas-em-miniatura/recanto-dos-livros/insercao-de-estante-canto-de-flores-rolife-tgb09-p108	0	5	0	3.2
https://pt.robotoys.eu/casas-em-miniatura/recanto-dos-livros/insercao-de-estante-cena-interior-de-natal-rolife-tgc07-p140	0	9	0	9.44
https://pt.robotoys.eu/casas-em-miniatura/recanto-dos-livros/insercao-de-estante-rua-de-natal-rolife-tgc06-p139	0	8	0	14.25
https://pt.robotoys.eu/casas-em-miniatura/recanto-dos-livros/insercao-de-estante-veneza-romantica-rolife-tgb08-p107	0	5	0	5
https://pt.robotoys.eu/casas-em-miniatura/recanto-dos-livros/livraria-rolife-tgb07-p76	0	12	0	8
https://pt.robotoys.eu/casas-em-miniatura/recanto-dos-livros/magical-house-rolife-tgb03-p58	0	5	0	3.8
https://pt.robotoys.eu/casas-em-miniatura/recanto-dos-livros/sakura-densya-rolife-tgb01-p29	0	33	0	3.61
https://pt.robotoys.eu/casas-em-miniatura/recanto-dos-livros/sunshine-town-rolife-tgb02-p30	0	19	0	3.63
https://pt.robotoys.eu/casas-em-miniatura/recanto-dos-livros/viagem-no-tempo-rolife-tgb04-p60	0	5	0	5.4
https://pt.robotoys.eu/casinhas-em-miniatura-tempo-de-montagem-ate-1-hora	0	15	0	6.47
https://pt.robotoys.eu/concurso-de-quebra-cabeca/ambulancia-eco-wood-art-203	0	1	0	7
https://pt.robotoys.eu/concurso-de-quebra-cabeca/arvore-de-natal-melodica-rolife-ams01-138	0	1	0	5
https://pt.robotoys.eu/concurso-de-quebra-cabeca/balao-de-ar-quente-rolife-tg406-84	0	1	0	11
https://pt.robotoys.eu/concurso-de-quebra-cabeca/barco-a-vela-cavalo-marinho-rokr-mcb02-212	0	3	0	9
https://pt.robotoys.eu/concurso-de-quebra-cabeca/beija-flor-em-um-jardim-florido-259	0	3	0	7
https://pt.robotoys.eu/concurso-de-quebra-cabeca/biblioteca-a-beira-mar-261	0	2	0	8.5
https://pt.robotoys.eu/concurso-de-quebra-cabeca/caixa-de-flores-de-madeira-rowood-tw02h-162	0	1	0	9
https://pt.robotoys.eu/concurso-de-quebra-cabeca/caixa-de-musica-noite-estrelada-rokr-amk51-11	0	1	0	5
https://pt.robotoys.eu/concurso-de-quebra-cabeca/cena-interior-de-natal-rolife-tgc07-140	0	1	0	15
https://pt.robotoys.eu/concurso-de-quebra-cabeca/cesta-de-flores-de-madeira-rowood-tw03h-210	0	1	0	12
https://pt.robotoys.eu/concurso-de-quebra-cabeca/dirigivel-modelo-rolife-tg407-22	0	2	0	8.5
https://pt.robotoys.eu/concurso-de-quebra-cabeca/estufa-da-sra-cathy-rolife-dg104-28	0	6	0	8.67
https://pt.robotoys.eu/concurso-de-quebra-cabeca/gear-ball-challenge-rokr-egc01-213	0	1	0	7
https://pt.robotoys.eu/concurso-de-quebra-cabeca/girafa-little-story-d013-121	0	2	0	8
https://pt.robotoys.eu/concurso-de-quebra-cabeca/girassol-dourado-rowood-th002-193	0	2	0	10
https://pt.robotoys.eu/concurso-de-quebra-cabeca/globo-luminoso-rokr-st003-3	0	3	0	8
https://pt.robotoys.eu/concurso-de-quebra-cabeca/harpa-magica-rokr-amk71-254	0	1	0	4
https://pt.robotoys.eu/concurso-de-quebra-cabeca/iris-roxa-rowood-tw121-251	0	1	0	9
https://pt.robotoys.eu/concurso-de-quebra-cabeca/lanterna-vitoriana-rokr-amk61-80	0	3	0	6.67
https://pt.robotoys.eu/concurso-de-quebra-cabeca/livro-de-flores-de-madeira-rowood-tw04h-228	0	1	0	8
https://pt.robotoys.eu/concurso-de-quebra-cabeca/magical-house-rolife-tgb03-58	0	1	0	3
https://pt.robotoys.eu/concurso-de-quebra-cabeca/maquina-de-escrever-mecanica-versao-classica-rokr-lk703b-265	0	2	0	6
https://pt.robotoys.eu/concurso-de-quebra-cabeca/maquina-de-escrever-mecanica-versao-magica-rokr-lk703c-266	0	2	0	10
https://pt.robotoys.eu/concurso-de-quebra-cabeca/mini-arma-rokr-lq502-147	0	1	0	8
https://pt.robotoys.eu/concurso-de-quebra-cabeca/modelo-de-caminhao-basculante-rokr-tg603k-34	0	1	0	6
https://pt.robotoys.eu/concurso-de-quebra-cabeca/modelo-de-caminhao-pesado-rokr-mc502-27	0	1	0	10
https://pt.robotoys.eu/concurso-de-quebra-cabeca/modelo-de-jipe-do-exercito-rokr-mc701-54	0	1	0	19
https://pt.robotoys.eu/concurso-de-quebra-cabeca/modelo-de-veleiro-rolife-tg305-21	0	1	0	1
https://pt.robotoys.eu/concurso-de-quebra-cabeca/moto-cruiser-eco-wood-art-150	0	1	0	12
https://pt.robotoys.eu/concurso-de-quebra-cabeca/navio-diplomatico-japones-rolife-tg307-199	0	2	0	6.5
https://pt.robotoys.eu/concurso-de-quebra-cabeca/onibus-espacial-rokr-lka02-253	0	1	0	1
https://pt.robotoys.eu/concurso-de-quebra-cabeca/parque-tematico-de-contos-de-fadas-rolife-tgb17-257	0	1	0	11
https://pt.robotoys.eu/concurso-de-quebra-cabeca/relogio-coruja-rokr-lk503-6	0	1	0	8
https://pt.robotoys.eu/concurso-de-quebra-cabeca/relogio-cuco-rokr-lc901c-198	0	10	0	7.2
https://pt.robotoys.eu/concurso-de-quebra-cabeca/relogio-de-parede-romantico-rokr-lc701-56	0	1	0	10
https://pt.robotoys.eu/concurso-de-quebra-cabeca/relogio-de-parede-zodiac-rokr-lc601-52	0	1	0	6
https://pt.robotoys.eu/concurso-de-quebra-cabeca/sagrada-familia-little-story-e018-133	0	1	0	6
https://pt.robotoys.eu/concurso-de-quebra-cabeca/sakura-bonsai-rolife-tg415-142	0	2	0	6.5
https://pt.robotoys.eu/concurso-de-quebra-cabeca/saxofone-rolife-tg309-26	0	3	0	11
https://pt.robotoys.eu/concurso-de-quebra-cabeca/syrena-105-little-story-e004-96	0	1	0	11
https://pt.robotoys.eu/concurso-de-quebra-cabeca/tank-char-b1-little-story-wot06-178	0	1	0	6
https://pt.robotoys.eu/concurso-de-quebra-cabeca/tanque-t-34-85-little-story-wot02-135	0	1	0	16
https://pt.robotoys.eu/concurso-de-quebra-cabeca/tiger-i-little-story-wot03-136	0	1	0	10
https://pt.robotoys.eu/concurso-de-quebra-cabeca/tulipa-laranja-rowood-tw081-145	0	2	0	7
https://pt.robotoys.eu/concurso-de-quebra-cabeca/violoncelo-rolife-tg411-85	0	1	0	10
https://pt.robotoys.eu/concurso-de-quebra-cabeca/windmill-eco-wood-art-154	0	1	0	5
https://pt.robotoys.eu/ideias-de-presentes	0	4	0	2
https://pt.robotoys.eu/ideias-de-presentes/presentes-de-aniversario	0	3	0	1
https://pt.robotoys.eu/ideias-de-presentes/presentes-de-natal	0	2	0	30.5
https://pt.robotoys.eu/ideias-de-presentes/presentes-para-criancas	0	1	0	7
https://pt.robotoys.eu/ideias-de-presentes/presentes-para-ela	0	3	0	1
https://pt.robotoys.eu/ideias-de-presentes/presentes-para-ele	0	3	0	1
https://pt.robotoys.eu/links-uteis	0	1	0	6
https://pt.robotoys.eu/links-uteis/perguntas-frequentes	0	1	0	1
https://pt.robotoys.eu/links-uteis/sobre-companhia	0	10	0	3.9
https://pt.robotoys.eu/links-uteis/sobre-companhia/atacado	0	8	0	6.62
https://pt.robotoys.eu/links-uteis/sobre-companhia/contato	0	4	0	2.25
https://pt.robotoys.eu/links-uteis/tudo-sobre-compras	0	5	0	1.4
https://pt.robotoys.eu/marcas	0	6	0	1
https://pt.robotoys.eu/marcas/eco-wood-art	0	1	0	2
https://pt.robotoys.eu/marcas/little-story	0	1	0	10
https://pt.robotoys.eu/o-quebra-cabeca-3d-de-madeira-mais-popular	0	2	0	6.5
https://pt.robotoys.eu/os-mais-recentes-produtos-da-marca-rolife	0	4	0	7
https://pt.robotoys.eu/os-mais-recentes-produtos-da-marca-rolife?page=2	0	3	0	8.33
https://pt.robotoys.eu/os-presentes-mais-caros-para-mulheres-e-meninas	0	1	0	10
https://pt.robotoys.eu/os-presentes-mais-populares-para-mulheres-e-meninas	0	7	0	7.86
https://pt.robotoys.eu/os-produtos-mais-baratos-da-marca-rokr	0	1	0	75
https://pt.robotoys.eu/os-produtos-mais-baratos-da-marca-rolife	0	3	0	4.67
https://pt.robotoys.eu/os-produtos-mais-populares-da-marca-rokr	0	4	0	7.25
https://pt.robotoys.eu/os-produtos-mais-vendidos-da-marca-rokr	0	1	0	3
https://pt.robotoys.eu/os-produtos-mais-vendidos-da-marca-rolife	0	1	0	10
https://pt.robotoys.eu/quebra-cabeca-3d-de-madeira	0	28	0	6.07
https://pt.robotoys.eu/quebra-cabeca-3d-de-madeira-100-a-149-pecas	0	1	0	4
https://pt.robotoys.eu/quebra-cabeca-3d-de-madeira-200-a-299-pecas	0	1	0	3
https://pt.robotoys.eu/quebra-cabeca-3d-de-madeira-dificuldade-alta	0	2	0	6
https://pt.robotoys.eu/quebra-cabeca-3d-de-madeira-dificuldade-facil	0	2	0	6.5
https://pt.robotoys.eu/quebra-cabeca-3d-de-madeira-dificuldade-media	0	4	0	9.75
https://pt.robotoys.eu/quebra-cabeca-3d-de-madeira-em-acao	0	1	0	5
https://pt.robotoys.eu/quebra-cabeca-3d-de-madeira-menos-de-100-unidades	0	1	0	6
https://pt.robotoys.eu/quebra-cabeca-3d-de-madeira-tempo-de-montagem-de-1-a-3-horas	0	3	0	5
https://pt.robotoys.eu/quebra-cabeca-3d-de-madeira-tempo-de-montagem-de-3-a-5-horas	0	4	0	7
https://pt.robotoys.eu/quebra-cabeca-3d-de-madeira-tempo-de-montagem-de-ate-1-hora	0	1	0	10
https://pt.robotoys.eu/quebra-cabeca-3d-de-madeira-tempo-de-montagem-superior-a-5-horas	0	1	0	5
https://pt.robotoys.eu/quebra-cabeca-3d-de-madeira/armas	0	28	0	7.04
https://pt.robotoys.eu/quebra-cabeca-3d-de-madeira/armas/quebra-cabeca-mecanico-3d-de-madeira-canhao-antiaereo-rokr-lqm01-p255	0	2	0	2
https://pt.robotoys.eu/quebra-cabeca-3d-de-madeira/armas/quebra-cabeca-mecanico-3d-de-madeira-metralhadora-com-cano-giratorio-rokr-lqa01-p218	0	5	0	5.2
https://pt.robotoys.eu/quebra-cabeca-3d-de-madeira/armas/revolver-corsac-m60-rokr-lq401-p35	0	8	0	3.25
https://pt.robotoys.eu/quebra-cabeca-3d-de-madeira/armas/rifle-ak-47-rokr-lq901-p67	0	17	0	3.41
https://pt.robotoys.eu/quebra-cabeca-3d-de-madeira/armas/thompson-rokr-lqb01-p74	0	12	0	3.25
https://pt.robotoys.eu/quebra-cabeca-3d-de-madeira/arquitetura	0	27	0	9.07
https://pt.robotoys.eu/quebra-cabeca-3d-de-madeira/arquitetura/modelo-da-torre-inclinada-de-pisa-rolife-tg304-p37	0	1	0	9
https://pt.robotoys.eu/quebra-cabeca-3d-de-madeira/arquitetura/pagode-de-cinco-andares-rolife-tgn02-p45	0	11	0	5.55
https://pt.robotoys.eu/quebra-cabeca-3d-de-madeira/arquitetura/quebra-cabeca-3d-de-madeira-arco-da-vitoria-little-story-e011-p123	0	10	0	3.4
https://pt.robotoys.eu/quebra-cabeca-3d-de-madeira/arquitetura/quebra-cabeca-3d-de-madeira-biblioteca-a-beira-mar-p261	0	3	0	7
https://pt.robotoys.eu/quebra-cabeca-3d-de-madeira/arquitetura/quebra-cabeca-3d-de-madeira-catedral-de-paris-rowood-tg511-p224	0	1	0	3
https://pt.robotoys.eu/quebra-cabeca-3d-de-madeira/arquitetura/quebra-cabeca-3d-de-madeira-coliseu-little-story-e016-p126	0	14	0	4.93
https://pt.robotoys.eu/quebra-cabeca-3d-de-madeira/arquitetura/quebra-cabeca-3d-de-madeira-livraria-em-um-beco-antigo-p262	0	5	0	7.2
https://pt.robotoys.eu/quebra-cabeca-3d-de-madeira/arquitetura/quebra-cabeca-3d-de-madeira-mini-chale-de-montanha-em-a-rolife-dg181-p227	0	10	0	2.9
https://pt.robotoys.eu/quebra-cabeca-3d-de-madeira/arquitetura/quebra-cabeca-3d-de-madeira-opera-de-sydney-little-story-e028-p238	0	4	0	5.25
https://pt.robotoys.eu/quebra-cabeca-3d-de-madeira/arquitetura/quebra-cabeca-3d-de-madeira-portao-de-brandemburgo-little-story-e015-p125	0	10	0	2.6
https://pt.robotoys.eu/quebra-cabeca-3d-de-madeira/arquitetura/quebra-cabeca-3d-de-madeira-sakura-treehouse-rolife-tgs04-p201	0	31	0	5.13
https://pt.robotoys.eu/quebra-cabeca-3d-de-madeira/arquitetura/quebra-cabeca-3d-de-madeira-torre-inclinada-de-pisa-little-story-e009-p114	0	12	0	6.08
https://pt.robotoys.eu/quebra-cabeca-3d-de-madeira/arquitetura/quebra-cabeca-mecanico-3d-de-madeira-pista-de-marmore-londres-rokr-egb01-p264	0	4	0	3.5
https://pt.robotoys.eu/quebra-cabeca-3d-de-madeira/arquitetura/torre-eiffel-iluminada-rolife-tgl01-p73	0	7	0	3
https://pt.robotoys.eu/quebra-cabeca-3d-de-madeira/caixas-de-musica/caixa-de-musica-noite-estrelada-rokr-amk51-p11	0	21	0	3.67
https://pt.robotoys.eu/quebra-cabeca-3d-de-madeira/caixas-de-musica/caixa-de-musica-swing-ride-rokr-ea02-p4	0	18	0	7.94
https://pt.robotoys.eu/quebra-cabeca-3d-de-madeira/caixas-de-musica/lanterna-vitoriana-rokr-amk61-p80	0	2	0	4
https://pt.robotoys.eu/quebra-cabeca-3d-de-madeira/caixas-de-musica/quebra-cabeca-3d-mecanico-de-madeira-arvore-de-natal-melodica-rolife-ams01-p138	0	28	0	3.57
https://pt.robotoys.eu/quebra-cabeca-3d-de-madeira/caixas-de-musica/quebra-cabeca-mecanico-3d-de-madeira-carrossel-classico-rolife-amc01-p146	0	50	0	4.24
https://pt.robotoys.eu/quebra-cabeca-3d-de-madeira/caixas-de-musica/quebra-cabeca-mecanico-3d-de-madeira-harpa-magica-rokr-amk71-p254	0	3	0	2.67
https://pt.robotoys.eu/quebra-cabeca-3d-de-madeira/caixas-de-musica/quebra-cabeca-mecanico-3d-de-madeira-plataforma-giratoria-diva-rokr-amk82-p267	0	1	0	5
https://pt.robotoys.eu/quebra-cabeca-3d-de-madeira/caixas-de-musica/quebra-cabeca-mecanico-3d-de-madeira-sakura-dreamy-tour-rolife-amt02-p219	0	2	0	2.5
https://pt.robotoys.eu/quebra-cabeca-3d-de-madeira/caixas-de-musica/roda-gigante-rolife-tgn01-p18	0	8	0	3.62
https://pt.robotoys.eu/quebra-cabeca-3d-de-madeira/caixas-de-musica/toca-discos-eletrico-rokr-lkb01d-p68	0	6	0	4.83
https://pt.robotoys.eu/quebra-cabeca-3d-de-madeira/flores	0	10	0	3.5
https://pt.robotoys.eu/quebra-cabeca-3d-de-madeira/flores/quebra-cabeca-3d-de-madeira-beija-flor-em-um-jardim-florido-p259	0	1	0	1
https://pt.robotoys.eu/quebra-cabeca-3d-de-madeira/flores/quebra-cabeca-3d-de-madeira-bonsai-de-pinho-perene-rolife-tg510-p143	0	5	0	5.2
https://pt.robotoys.eu/quebra-cabeca-3d-de-madeira/flores/quebra-cabeca-3d-de-madeira-buque-de-flores-rowood-tw01h-p100	0	13	0	2.77
https://pt.robotoys.eu/quebra-cabeca-3d-de-madeira/flores/quebra-cabeca-3d-de-madeira-caixa-de-flores-de-madeira-rowood-tw02h-p162	0	2	0	6
https://pt.robotoys.eu/quebra-cabeca-3d-de-madeira/flores/quebra-cabeca-3d-de-madeira-camelia-vermelha-rowood-tw031-p102	0	4	0	4.25
https://pt.robotoys.eu/quebra-cabeca-3d-de-madeira/flores/quebra-cabeca-3d-de-madeira-camomila-rowood-tw061-p109	0	3	0	5.67
https://pt.robotoys.eu/quebra-cabeca-3d-de-madeira/flores/quebra-cabeca-3d-de-madeira-cesta-de-flores-de-madeira-rowood-tw03h-p210	0	1	0	10
https://pt.robotoys.eu/quebra-cabeca-3d-de-madeira/flores/quebra-cabeca-3d-de-madeira-cravo-rosa-rowood-tw051-p110	0	6	0	4.17
https://pt.robotoys.eu/quebra-cabeca-3d-de-madeira/flores/quebra-cabeca-3d-de-madeira-dalia-rosa-rowood-tw131-p252	0	1	0	6
https://pt.robotoys.eu/quebra-cabeca-3d-de-madeira/flores/quebra-cabeca-3d-de-madeira-gerbera-laranja-claro-rowood-tw111-p196	0	3	0	2.67
https://pt.robotoys.eu/quebra-cabeca-3d-de-madeira/flores/quebra-cabeca-3d-de-madeira-girassol-dourado-rowood-th002-p193	0	3	0	7
https://pt.robotoys.eu/quebra-cabeca-3d-de-madeira/flores/quebra-cabeca-3d-de-madeira-girassol-rowood-tw011-p113	0	15	0	6.33
https://pt.robotoys.eu/quebra-cabeca-3d-de-madeira/flores/quebra-cabeca-3d-de-madeira-iris-roxa-rowood-tw121-p251	0	2	0	13
https://pt.robotoys.eu/quebra-cabeca-3d-de-madeira/flores/quebra-cabeca-3d-de-madeira-lilas-rowood-tw021-p103	0	1	0	1
https://pt.robotoys.eu/quebra-cabeca-3d-de-madeira/flores/quebra-cabeca-3d-de-madeira-lirio-rosa-rowood-tw071-p144	0	10	0	2.8
https://pt.robotoys.eu/quebra-cabeca-3d-de-madeira/flores/quebra-cabeca-3d-de-madeira-livro-de-flores-de-madeira-rowood-tw04h-p228	0	13	0	2.85
https://pt.robotoys.eu/quebra-cabeca-3d-de-madeira/flores/quebra-cabeca-3d-de-madeira-nenufares-brilhantes-rowood-th001-p192	0	1	0	2
https://pt.robotoys.eu/quebra-cabeca-3d-de-madeira/flores/quebra-cabeca-3d-de-madeira-orquidea-borboleta-roxa-rowood-tw091-p194	0	7	0	7.86
https://pt.robotoys.eu/quebra-cabeca-3d-de-madeira/flores/quebra-cabeca-3d-de-madeira-rosa-vermelha-rowood-tw042-p101	0	3	0	6.33
https://pt.robotoys.eu/quebra-cabeca-3d-de-madeira/flores/quebra-cabeca-3d-de-madeira-sakura-bonsai-rolife-tg415-p142	0	13	0	6.54
https://pt.robotoys.eu/quebra-cabeca-3d-de-madeira/flores/quebra-cabeca-3d-de-madeira-sakura-rowood-tw101-p195	0	1	0	10
https://pt.robotoys.eu/quebra-cabeca-3d-de-madeira/flores/quebra-cabeca-3d-de-madeira-tulipa-laranja-rowood-tw081-p145	0	4	0	3.5
https://pt.robotoys.eu/quebra-cabeca-3d-de-madeira/flores/quebra-cabeca-3d-de-madeira-tulipa-rosa-rowood-tw082-p161	0	1	0	2
https://pt.robotoys.eu/quebra-cabeca-3d-de-madeira/instrumentos-musicais/acordeao-rolife-tg410-p41	0	1	0	23
https://pt.robotoys.eu/quebra-cabeca-3d-de-madeira/instrumentos-musicais/bateria-rolife-tg409-p81	0	10	0	3.4
https://pt.robotoys.eu/quebra-cabeca-3d-de-madeira/instrumentos-musicais/modelo-de-guitarra-eletrica-rokr-tg605k-p33	0	18	0	7.22
https://pt.robotoys.eu/quebra-cabeca-3d-de-madeira/instrumentos-musicais/quebra-cabeca-3d-de-madeira-piano-de-cauda-rolife-tg402-p200	0	6	0	3.67
https://pt.robotoys.eu/quebra-cabeca-3d-de-madeira/instrumentos-musicais/quebra-cabeca-3d-de-madeira-violoncelo-rolife-tg411-p85	0	13	0	4.46
https://pt.robotoys.eu/quebra-cabeca-3d-de-madeira/instrumentos-musicais/saxofone-rolife-tg309-p26	0	5	0	2.4
https://pt.robotoys.eu/quebra-cabeca-3d-de-madeira/instrumentos-musicais/violino-capriccio-rokr-tg604k-p66	0	12	0	6
https://pt.robotoys.eu/quebra-cabeca-3d-de-madeira/o-universo	0	4	0	6.5
https://pt.robotoys.eu/quebra-cabeca-3d-de-madeira/o-universo/telescopio-monocular-rokr-st004-p8	0	5	0	5.4
https://pt.robotoys.eu/quebra-cabeca-3d-de-madeira/os-animais/quebra-cabeca-3d-de-madeira-abelha-little-story-d001-p128	0	4	0	4
https://pt.robotoys.eu/quebra-cabeca-3d-de-madeira/os-animais/quebra-cabeca-3d-de-madeira-canguru-little-story-d014-p122	0	13	0	3.08
https://pt.robotoys.eu/quebra-cabeca-3d-de-madeira/os-animais/quebra-cabeca-3d-de-madeira-coruja-little-story-d009-p132	0	4	0	5.25
https://pt.robotoys.eu/quebra-cabeca-3d-de-madeira/os-animais/quebra-cabeca-3d-de-madeira-elefante-little-story-d012-p120	0	3	0	1
https://pt.robotoys.eu/quebra-cabeca-3d-de-madeira/os-animais/quebra-cabeca-3d-de-madeira-flamingo-little-story-d007-p116	0	1	0	8
https://pt.robotoys.eu/quebra-cabeca-3d-de-madeira/os-animais/quebra-cabeca-3d-de-madeira-girafa-little-story-d013-p121	0	5	0	2.8
https://pt.robotoys.eu/quebra-cabeca-3d-de-madeira/os-animais/quebra-cabeca-3d-de-madeira-leao-little-story-d011-p119	0	35	0	8.26
https://pt.robotoys.eu/quebra-cabeca-3d-de-madeira/os-animais/quebra-cabeca-3d-de-madeira-stegosaurus-little-story-d010-p118	0	6	0	2.83
https://pt.robotoys.eu/quebra-cabeca-3d-de-madeira/os-animais/quebra-cabeca-3d-de-madeira-t-rex-little-story-d006-p115	0	3	0	6.33
https://pt.robotoys.eu/quebra-cabeca-3d-de-madeira/os-animais/quebra-cabeca-mecanico-3d-de-madeira-velociraptor-rokr-ld01-p220	0	11	0	6.82
https://pt.robotoys.eu/quebra-cabeca-3d-de-madeira/relogios-calendarios/calendario-perpetuo-rokr-lk201-p55	0	9	0	7
https://pt.robotoys.eu/quebra-cabeca-3d-de-madeira/relogios-calendarios/quebra-cabeca-mecanico-3d-de-madeira-relogio-cuco-cor-madeira-rokr-lc901-p217	0	4	0	4.75
https://pt.robotoys.eu/quebra-cabeca-3d-de-madeira/relogios-calendarios/quebra-cabeca-mecanico-3d-de-madeira-relogio-cuco-rokr-lc901c-p198	0	42	0	6.71
https://pt.robotoys.eu/quebra-cabeca-3d-de-madeira/relogios-calendarios/relogio-coruja-rokr-lk503-p6	0	16	0	5.81
https://pt.robotoys.eu/quebra-cabeca-3d-de-madeira/relogios-calendarios/relogio-de-parede-romantico-rokr-lc701-p56	0	2	0	3.5
https://pt.robotoys.eu/quebra-cabeca-3d-de-madeira/relogios-calendarios/relogio-de-parede-zodiac-rokr-lc601-p52	0	7	0	4.29
https://pt.robotoys.eu/quebra-cabeca-3d-de-madeira/stem-lab	0	1	0	10
https://pt.robotoys.eu/quebra-cabeca-3d-de-madeira/stem-lab/cofre-rokr-lk502-p57	0	4	0	7.25
https://pt.robotoys.eu/quebra-cabeca-3d-de-madeira/stem-lab/marble-night-city-rokr-lga01-p2	0	9	0	4
https://pt.robotoys.eu/quebra-cabeca-3d-de-madeira/stem-lab/marble-parkour-rokr-lg501-p42	0	5	0	9.8
https://pt.robotoys.eu/quebra-cabeca-3d-de-madeira/stem-lab/projetor-de-filme-vitascope-rokr-lk601-p5	0	5	0	3
https://pt.robotoys.eu/quebra-cabeca-3d-de-madeira/stem-lab/quebra-cabeca-3d-de-madeira-telefone-retro-eco-wood-art-p156	0	6	0	5.83
https://pt.robotoys.eu/quebra-cabeca-3d-de-madeira/stem-lab/quebra-cabeca-3d-mecanico-de-madeira-fabrica-de-chocolate-rokr-lga02-p75	0	2	0	9
https://pt.robotoys.eu/quebra-cabeca-3d-de-madeira/stem-lab/quebra-cabeca-3d-mecanico-de-madeira-fabrica-de-presentes-de-sonho-rokr-eab01-p202	0	5	0	3.6
https://pt.robotoys.eu/quebra-cabeca-3d-de-madeira/stem-lab/quebra-cabeca-3d-mecanico-de-madeira-motor-a-vapor-rokr-lka01-p104	0	1	0	4
https://pt.robotoys.eu/quebra-cabeca-3d-de-madeira/stem-lab/quebra-cabeca-mecanico-3d-de-madeira-gear-ball-challenge-rokr-egc01-p213	0	30	0	4.73
https://pt.robotoys.eu/quebra-cabeca-3d-de-madeira/stem-lab/quebra-cabeca-mecanico-3d-de-madeira-maquina-de-escrever-eco-wood-art-p158	0	2	0	4
https://pt.robotoys.eu/quebra-cabeca-3d-de-madeira/stem-lab/quebra-cabeca-mecanico-3d-de-madeira-maquina-de-escrever-mecanica-versao-classica-rokr-lk703b-p265	0	2	0	4
https://pt.robotoys.eu/quebra-cabeca-3d-de-madeira/stem-lab/quebra-cabeca-mecanico-3d-de-madeira-maquina-de-escrever-mecanica-versao-magica-rokr-lk703c-p266	0	7	0	6.86
https://pt.robotoys.eu/quebra-cabeca-3d-de-madeira/veiculos/bodelo-de-escavadeira-rokr-tg509k-p32	0	2	0	9.5
https://pt.robotoys.eu/quebra-cabeca-3d-de-madeira/veiculos/bonde-historico-rolife-tg505-p40	0	2	0	23
https://pt.robotoys.eu/quebra-cabeca-3d-de-madeira/veiculos/locomotiva-rokr-lk701-p7	0	7	0	5.57
https://pt.robotoys.eu/quebra-cabeca-3d-de-madeira/veiculos/modelo-de-caminhao-basculante-rokr-tg603k-p34	0	3	0	1.67
https://pt.robotoys.eu/quebra-cabeca-3d-de-madeira/veiculos/modelo-de-caminhao-pesado-rokr-mc502-p27	0	2	0	3.5
https://pt.robotoys.eu/quebra-cabeca-3d-de-madeira/veiculos/modelo-de-carro-grand-prix-rokr-mc401-p16	0	8	0	4.5
https://pt.robotoys.eu/quebra-cabeca-3d-de-madeira/veiculos/modelo-de-locomotiva-a-vapor-rokr-mc501-p13	0	9	0	2.22
https://pt.robotoys.eu/quebra-cabeca-3d-de-madeira/veiculos/modelo-de-veleiro-rolife-tg305-p21	0	3	0	3
https://pt.robotoys.eu/quebra-cabeca-3d-de-madeira/veiculos/modelo-triplano-rolife-tg301-p46	0	3	0	6
https://pt.robotoys.eu/quebra-cabeca-3d-de-madeira/veiculos/modelo-veterano-rolife-tg504-p53	0	3	0	2.67
https://pt.robotoys.eu/quebra-cabeca-3d-de-madeira/veiculos/motorcycle-cruiser-rokr-lk504-p12	0	4	0	6.5
https://pt.robotoys.eu/quebra-cabeca-3d-de-madeira/veiculos/quebra-cabeca-3d-de-madeira-ambulancia-eco-wood-art-p203	0	5	0	7.6
https://pt.robotoys.eu/quebra-cabeca-3d-de-madeira/veiculos/quebra-cabeca-3d-de-madeira-aviao-little-story-d016-p130	0	22	0	6.05
https://pt.robotoys.eu/quebra-cabeca-3d-de-madeira/veiculos/quebra-cabeca-3d-de-madeira-barco-a-vapor-river-princess-eco-wood-art-p159	0	10	0	6.1
https://pt.robotoys.eu/quebra-cabeca-3d-de-madeira/veiculos/quebra-cabeca-3d-de-madeira-barco-de-pesca-modelo-rolife-tg308-p38	0	15	0	3.53
https://pt.robotoys.eu/quebra-cabeca-3d-de-madeira/veiculos/quebra-cabeca-3d-de-madeira-bonde-urbano-classico-rokr-lk801-p88	0	16	0	5
https://pt.robotoys.eu/quebra-cabeca-3d-de-madeira/veiculos/quebra-cabeca-3d-de-madeira-bus-little-story-d002-p166	0	2	0	2
https://pt.robotoys.eu/quebra-cabeca-3d-de-madeira/veiculos/quebra-cabeca-3d-de-madeira-carro-de-policia-eco-wood-art-p214	0	2	0	10
https://pt.robotoys.eu/quebra-cabeca-3d-de-madeira/veiculos/quebra-cabeca-3d-de-madeira-carruagem-real-rolife-tg302-p62	0	7	0	9.86
https://pt.robotoys.eu/quebra-cabeca-3d-de-madeira/veiculos/quebra-cabeca-3d-de-madeira-cilindro-rodoviario-modelo-rokr-tg701k-p49	0	1	0	1
https://pt.robotoys.eu/quebra-cabeca-3d-de-madeira/veiculos/quebra-cabeca-3d-de-madeira-comanche-motorcycle-little-story-e023-p175	0	2	0	10
https://pt.robotoys.eu/quebra-cabeca-3d-de-madeira/veiculos/quebra-cabeca-3d-de-madeira-cortador-de-grama-autopropelido-cs-150c-eco-wood-art-p234	0	1	0	9
https://pt.robotoys.eu/quebra-cabeca-3d-de-madeira/veiculos/quebra-cabeca-3d-de-madeira-cruzeiro-little-story-e026-p229	0	1	0	5
https://pt.robotoys.eu/quebra-cabeca-3d-de-madeira/veiculos/quebra-cabeca-3d-de-madeira-empilhadeira-modelo-rokr-tg413k-p48	0	3	0	1
https://pt.robotoys.eu/quebra-cabeca-3d-de-madeira/veiculos/quebra-cabeca-3d-de-madeira-escavadeira-rokr-tg508k-p197	0	6	0	9.33
https://pt.robotoys.eu/quebra-cabeca-3d-de-madeira/veiculos/quebra-cabeca-3d-de-madeira-fiat-126p-little-story-e005-p97	0	1	0	11
https://pt.robotoys.eu/quebra-cabeca-3d-de-madeira/veiculos/quebra-cabeca-3d-de-madeira-grand-prix-motorcycle-little-story-e021-p173	0	3	0	4
https://pt.robotoys.eu/quebra-cabeca-3d-de-madeira/veiculos/quebra-cabeca-3d-de-madeira-helicoptero-little-story-d017-p131	0	5	0	4
https://pt.robotoys.eu/quebra-cabeca-3d-de-madeira/veiculos/quebra-cabeca-3d-de-madeira-hot-rod-eco-wood-art-p231	0	1	0	8
https://pt.robotoys.eu/quebra-cabeca-3d-de-madeira/veiculos/quebra-cabeca-3d-de-madeira-jeep-little-story-d003-p167	0	1	0	1
https://pt.robotoys.eu/quebra-cabeca-3d-de-madeira/veiculos/quebra-cabeca-3d-de-madeira-jipe-do-exercito-little-story-e014-p170	0	1	0	2
https://pt.robotoys.eu/quebra-cabeca-3d-de-madeira/veiculos/quebra-cabeca-3d-de-madeira-late-little-story-d015-p129	0	2	0	5.5
https://pt.robotoys.eu/quebra-cabeca-3d-de-madeira/veiculos/quebra-cabeca-3d-de-madeira-locomotiva-little-story-e012-p124	0	4	0	3.25
https://pt.robotoys.eu/quebra-cabeca-3d-de-madeira/veiculos/quebra-cabeca-3d-de-madeira-m4a38-sherman-little-story-wot01-p137	0	2	0	5.5
https://pt.robotoys.eu/quebra-cabeca-3d-de-madeira/veiculos/quebra-cabeca-3d-de-madeira-modelo-de-jipe-do-exercito-rokr-mc701-p54	0	10	0	3.1
https://pt.robotoys.eu/quebra-cabeca-3d-de-madeira/veiculos/quebra-cabeca-3d-de-madeira-moto-speedway-little-story-e019-p171	0	29	0	5.1
https://pt.robotoys.eu/quebra-cabeca-3d-de-madeira/veiculos/quebra-cabeca-3d-de-madeira-motocicleta-amarela-de-grande-premio-little-story-e021y-p244	0	1	0	1
https://pt.robotoys.eu/quebra-cabeca-3d-de-madeira/veiculos/quebra-cabeca-3d-de-madeira-motocicleta-speedtail-cinza-little-story-e020g-p241	0	1	0	2
https://pt.robotoys.eu/quebra-cabeca-3d-de-madeira/veiculos/quebra-cabeca-3d-de-madeira-motocicleta-speedtail-roxa-little-story-e020p-p242	0	3	0	4
https://pt.robotoys.eu/quebra-cabeca-3d-de-madeira/veiculos/quebra-cabeca-3d-de-madeira-motocicleta-speedway-azul-little-story-e019b-p239	0	1	0	2
https://pt.robotoys.eu/quebra-cabeca-3d-de-madeira/veiculos/quebra-cabeca-3d-de-madeira-motocicleta-vermelha-de-grande-premio-little-story-e021r-p243	0	1	0	10
https://pt.robotoys.eu/quebra-cabeca-3d-de-madeira/veiculos/quebra-cabeca-3d-de-madeira-motorcycle-speedtail-little-story-e020-p172	0	2	0	2
https://pt.robotoys.eu/quebra-cabeca-3d-de-madeira/veiculos/quebra-cabeca-3d-de-madeira-navio-a-vela-senhor-dos-mares-eco-wood-art-p216	0	1	0	4
https://pt.robotoys.eu/quebra-cabeca-3d-de-madeira/veiculos/quebra-cabeca-3d-de-madeira-navio-de-cruzeiro-rolife-tg306-p87	0	1	0	2
https://pt.robotoys.eu/quebra-cabeca-3d-de-madeira/veiculos/quebra-cabeca-3d-de-madeira-navio-diplomatico-japones-rolife-tg307-p199	0	2	0	2
https://pt.robotoys.eu/quebra-cabeca-3d-de-madeira/veiculos/quebra-cabeca-3d-de-madeira-onibus-turistico-de-londres-rolife-tgm02-p106	0	8	0	10.38
https://pt.robotoys.eu/quebra-cabeca-3d-de-madeira/veiculos/quebra-cabeca-3d-de-madeira-orange-yankee-chopper-little-story-e024r-p250	0	1	0	1
https://pt.robotoys.eu/quebra-cabeca-3d-de-madeira/veiculos/quebra-cabeca-3d-de-madeira-patinete-blue-sting-little-story-e022b-p245	0	2	0	2.5
https://pt.robotoys.eu/quebra-cabeca-3d-de-madeira/veiculos/quebra-cabeca-3d-de-madeira-patinete-sting-rosa-little-story-e022r-p246	0	2	0	4.5
https://pt.robotoys.eu/quebra-cabeca-3d-de-madeira/veiculos/quebra-cabeca-3d-de-madeira-polonez-1500-little-story-e003-p95	0	2	0	10
https://pt.robotoys.eu/quebra-cabeca-3d-de-madeira/veiculos/quebra-cabeca-3d-de-madeira-sakura-journey-rolife-tgs02-p105	0	2	0	6.5
https://pt.robotoys.eu/quebra-cabeca-3d-de-madeira/veiculos/quebra-cabeca-3d-de-madeira-semi-reboque-tanque-para-caminhao-road-king-eco-wood-art-p155	0	3	0	6.33
https://pt.robotoys.eu/quebra-cabeca-3d-de-madeira/veiculos/quebra-cabeca-3d-de-madeira-steamboat-little-story-e025-p230	0	1	0	10
https://pt.robotoys.eu/quebra-cabeca-3d-de-madeira/veiculos/quebra-cabeca-3d-de-madeira-supercarro-eco-wood-art-p215	0	1	0	1
https://pt.robotoys.eu/quebra-cabeca-3d-de-madeira/veiculos/quebra-cabeca-3d-de-madeira-syrena-105-little-story-e004-p96	0	2	0	2.5
https://pt.robotoys.eu/quebra-cabeca-3d-de-madeira/veiculos/quebra-cabeca-3d-de-madeira-tank-char-b1-little-story-wot06-p178	0	4	0	6.5
https://pt.robotoys.eu/quebra-cabeca-3d-de-madeira/veiculos/quebra-cabeca-3d-de-madeira-tank-maus-little-story-wot10-p237	0	4	0	9.75
https://pt.robotoys.eu/quebra-cabeca-3d-de-madeira/veiculos/quebra-cabeca-3d-de-madeira-tank-tortoise-little-story-wot08-p180	0	2	0	2.5
https://pt.robotoys.eu/quebra-cabeca-3d-de-madeira/veiculos/quebra-cabeca-3d-de-madeira-tanque-amx-13-105-little-story-wot05-p177	0	4	0	7.5
https://pt.robotoys.eu/quebra-cabeca-3d-de-madeira/veiculos/quebra-cabeca-3d-de-madeira-tanque-t-34-85-little-story-wot02-p135	0	6	0	10.17
https://pt.robotoys.eu/quebra-cabeca-3d-de-madeira/veiculos/quebra-cabeca-3d-de-madeira-tiger-i-little-story-wot03-p136	0	5	0	5
https://pt.robotoys.eu/quebra-cabeca-3d-de-madeira/veiculos/quebra-cabeca-3d-de-madeira-warszawa-m20-little-story-e006-p98	0	2	0	3
https://pt.robotoys.eu/quebra-cabeca-3d-de-madeira/veiculos/quebra-cabeca-3d-de-madeira-yankee-chopper-little-story-e024-p176	0	2	0	2.5
https://pt.robotoys.eu/quebra-cabeca-3d-de-madeira/veiculos/quebra-cabeca-mecanico-3d-de-madeira-barco-a-vela-cavalo-marinho-rokr-mcb02-p212	0	7	0	5.71
https://pt.robotoys.eu/quebra-cabeca-3d-de-madeira/veiculos/quebra-cabeca-mecanico-3d-de-madeira-caminhao-road-king-eco-wood-art-p206	0	1	0	1
https://pt.robotoys.eu/quebra-cabeca-3d-de-madeira/veiculos/quebra-cabeca-mecanico-3d-de-madeira-carro-de-corrida-amarelo-eco-wood-art-p151	0	2	0	3.5
https://pt.robotoys.eu/quebra-cabeca-3d-de-madeira/veiculos/quebra-cabeca-mecanico-3d-de-madeira-carro-de-corrida-rokr-lk505-p141	0	17	0	4.18
https://pt.robotoys.eu/quebra-cabeca-3d-de-madeira/veiculos/quebra-cabeca-mecanico-3d-de-madeira-carro-retro-eco-wood-art-p157	0	3	0	7
https://pt.robotoys.eu/quebra-cabeca-3d-de-madeira/veiculos/quebra-cabeca-mecanico-3d-de-madeira-colheitadeira-de-graos-gh800-eco-wood-art-p160	0	10	0	8.2
https://pt.robotoys.eu/quebra-cabeca-3d-de-madeira/veiculos/quebra-cabeca-mecanico-3d-de-madeira-maz-5309rr-eco-wood-art-p153	0	2	0	7.5
https://pt.robotoys.eu/quebra-cabeca-3d-de-madeira/veiculos/quebra-cabeca-mecanico-3d-de-madeira-trator-eco-wood-art-p233	0	2	0	8
https://pt.robotoys.eu/venda-de-produtos-da-marca-rokr	0	1	0	5
https://pt.robotoys.eu/venda-de-quebra-cabecas-de-madeira-3d	0	2	0	8
https://ro.robotoys.eu/	0	2	0	4
https://ro.robotoys.eu/blog/10-unelte-de-care-aveti-nevoie-atunci-cand-asamblati-un-puzzle-3d-din-lemn	0	8	0	6.12
https://ro.robotoys.eu/blog/5-cele-mai-bune-cadouri-de-ziua-indragostitilor-care-vor-multumi-pe-toata-lumea	0	14	0	13.29
https://ro.robotoys.eu/blog/7-idei-de-cadouri-irezistibile-pentru-femei	0	5	0	9.2
https://ro.robotoys.eu/blog/ce-trebuie-sa-pregatesti-inainte-de-a-asambla-un-puzzle-3d-din-lemn-pentru-prima-data	0	1	0	9
https://ro.robotoys.eu/blog/cum-sa-scapi-de-stres-10-sfaturi-eficiente	0	15	0	25.8
https://ro.robotoys.eu/blog/istoria-puzzle-urilor-din-lemn-3d-de-la-inceputuri-pana-in-prezent	0	19	0	8
https://ro.robotoys.eu/blog/misca-ti-creierul-cu-puzzle-uri-mecanice-din-lemn-3d	0	2	0	8
https://ro.robotoys.eu/blog/puzzle-uri-3d-din-lemn-cum-sa-alegi-primul-tau-kit-de-constructie-si-pentru-ce-sa-te-pregatesti	0	2	0	8.5
https://ro.robotoys.eu/blog/tendinta-tiktok-hobby-ul-dopaminei-ce-inseamna-si-de-ce-puzzle-urile-sunt-o-alegere-de-top	0	14	0	25.07
https://ro.robotoys.eu/blog/top-5-activitati-care-sustin-dezvoltarea-abilitatilor-motorii	0	35	0	7.83
https://ro.robotoys.eu/blog/un-buchet-din-lemn-care-nu-se-ofileste-niciodata-descopera-magia-puzzle-urilor-3d-cu-flori	0	1	0	7
https://ro.robotoys.eu/blog/un-cadou-ideal-pentru-copii-care-dezvolta-creativitatea-si-rabdarea	0	1	0	7
https://ro.robotoys.eu/blog/un-cadou-pentru-barbatul-care-are-deja-totul-24-de-sfaturi-originale-care-il-vor-surprinde-cu-adevarat	0	11	0	41.82
https://ro.robotoys.eu/blog/world-of-tanks-acum-pe-raftul-tau	0	8	0	7.12
https://ro.robotoys.eu/case-in-miniatura-200-pana-la-299-buc	0	4	0	8.25
https://ro.robotoys.eu/case-in-miniatura-de-vanzare	0	1	0	9
https://ro.robotoys.eu/case-in-miniatura-dificultate-usoara	0	4	0	8.25
https://ro.robotoys.eu/case-miniaturale	0	1	0	10
https://ro.robotoys.eu/case-miniaturale-timp-de-asamblare-mai-mult-de-5-ore	0	1	0	8
https://ro.robotoys.eu/case-miniaturale/camere-miniaturale	0	5	0	3.8
https://ro.robotoys.eu/case-miniaturale/camere-miniaturale/agentia-de-detectivi-a-lui-mose-rolife-dg157-p24	0	2	0	10.5
https://ro.robotoys.eu/case-miniaturale/camere-miniaturale/casa-in-miniatura-bucatarie-confortabila-rolife-dg159-p89	0	3	0	4.33
https://ro.robotoys.eu/case-miniaturale/camere-miniaturale/casa-in-miniatura-scoala-de-magie-rolife-dg166-p163	0	3	0	5.33
https://ro.robotoys.eu/case-miniaturale/camere-miniaturale/casa-in-miniatura-vila-confortabila-pentru-catelusi-rolife-dg169-p149	0	1	0	2
https://ro.robotoys.eu/case-miniaturale/camere-miniaturale/gradina-domnului-miller-rolife-dg108-p23	0	2	0	6
https://ro.robotoys.eu/case-miniaturale/camere-miniaturale/sera-doamnei-cathy-rolife-dg104-p28	0	6	0	5
https://ro.robotoys.eu/case-miniaturale/carti-nook	0	5	0	6.8
https://ro.robotoys.eu/case-miniaturale/carti-nook/casa-magica-rolife-tgb03-p58	0	1	0	12
https://ro.robotoys.eu/case-miniaturale/carti-nook/insert-de-raft-romantic-venice-rolife-tgb08-p107	0	2	0	3
https://ro.robotoys.eu/case-miniaturale/carti-nook/insert-de-raft-strada-de-craciun-rolife-tgc06-p139	0	2	0	1.5
https://ro.robotoys.eu/case-miniaturale/carti-nook/insertie-pentru-biblioteca-alee-de-vinuri-sub-copacii-sakura-rolife-tgb11-p164	0	2	0	2.5
https://ro.robotoys.eu/case-miniaturale/carti-nook/insertie-pentru-biblioteca-calatorie-in-tara-minunilor-rolife-tgb12-p165	0	2	0	6.5
https://ro.robotoys.eu/case-miniaturale/carti-nook/insertie-pentru-biblioteca-colt-magic-si-fantastic-rolife-tgb14-p221	0	1	0	3
https://ro.robotoys.eu/case-miniaturale/carti-nook/insertie-pentru-biblioteca-parc-tematic-de-basm-rolife-tgb17-p257	0	1	0	5
https://ro.robotoys.eu/case-miniaturale/carti-nook/insertie-pentru-raft-de-carti-scena-stradala-rolife-tgb13-p256	0	2	0	10
https://ro.robotoys.eu/case-miniaturale/carti-nook/sakura-densya-rolife-tgb01-p29	0	5	0	13.8
https://ro.robotoys.eu/case-miniaturale/carti-nook/sunshine-town-rolife-tgb02-p30	0	1	0	5
https://ro.robotoys.eu/case-miniaturale/magazine-in-miniatura	0	4	0	5.75
https://ro.robotoys.eu/case-miniaturale/magazine-in-miniatura/cafenea-la-simon-rolife-dg109-p64	0	2	0	4
https://ro.robotoys.eu/case-miniaturale/magazine-in-miniatura/casa-in-miniatura-ceainariatul-alice-rolife-dg156-p61	0	1	0	2
https://ro.robotoys.eu/case-miniaturale/magazine-in-miniatura/casuta-in-miniatura-restaurant-tipsy-rolife-dg167-p209	0	4	0	6.75
https://ro.robotoys.eu/case-miniaturale/magazine-in-miniatura/florarie-emily-rolife-dg145-p25	0	4	0	5.75
https://ro.robotoys.eu/case-miniaturale/magazine-in-miniatura/magazinul-de-vrajitoare-kiki-rolife-dg155-p31	0	11	0	2.18
https://ro.robotoys.eu/cel-mai-bine-vandut-puzzle-3d-din-lemn	0	1	0	9
https://ro.robotoys.eu/cele-mai-scumpe-cadouri-pentru-copii	0	3	0	3.67
https://ro.robotoys.eu/concurs-de-puzzle/albina-little-story-d001-128	0	1	0	7
https://ro.robotoys.eu/concurs-de-puzzle/biblioteca-minunilor-rolife-tgb16-226	0	1	0	5
https://ro.robotoys.eu/concurs-de-puzzle/carusel-clasic-rolife-amc01-146	0	1	0	13
https://ro.robotoys.eu/concurs-de-puzzle/carusel-romantic-rokr-amk62-77	0	1	0	10
https://ro.robotoys.eu/concurs-de-puzzle/ceas-cu-cuc-rokr-lc901c-198	0	1	0	9
https://ro.robotoys.eu/concurs-de-puzzle/ceas-de-perete-romantic-rokr-lc701-56	0	1	0	7
https://ro.robotoys.eu/concurs-de-puzzle/cutie-muzicala-violoncel-magic-rokr-amk63-1	0	2	0	9
https://ro.robotoys.eu/concurs-de-puzzle/dulap-de-jocuri-orpheus-rokr-am601-82	0	1	0	14
https://ro.robotoys.eu/concurs-de-puzzle/elicopter-little-story-d017-131	0	1	0	10
https://ro.robotoys.eu/concurs-de-puzzle/fabrica-de-cadouri-de-vis-rokr-eab01-202	0	1	0	8
https://ro.robotoys.eu/concurs-de-puzzle/masina-de-scris-mecanica-versiunea-clasica-rokr-lk703b-265	0	1	0	4
https://ro.robotoys.eu/concurs-de-puzzle/nava-cu-panze-djong-eco-wood-art-232	0	1	0	6
https://ro.robotoys.eu/concurs-de-puzzle/telescop-monocular-rokr-st004-8	0	1	0	7
https://ro.robotoys.eu/idei-de-cadouri-la-reducere?page=4	0	1	0	2
https://ro.robotoys.eu/idei-de-cadouri/cadouri-de-craciun	0	5	0	11.4
https://ro.robotoys.eu/idei-de-cadouri/cadouri-de-ziua-de-nastere	0	3	0	20
https://ro.robotoys.eu/idei-de-cadouri/cadouri-pentru-decor	0	1	0	8
https://ro.robotoys.eu/link-uri-utile/despre-companie/despre-noi	0	1	0	9
https://ro.robotoys.eu/marci/eco-wood-art	0	7	0	6.57
https://ro.robotoys.eu/marci/rokr	0	57	0	5.21
https://ro.robotoys.eu/marci/rolife	0	19	0	10.95
https://ro.robotoys.eu/produse-marca-rokr-la-vanzare	0	2	0	2.5
https://ro.robotoys.eu/puzzle-3d-din-lemn-150-pana-la-199-buc	0	2	0	7
https://ro.robotoys.eu/puzzle-3d-din-lemn-200-pana-la-299-buc	0	2	0	10
https://ro.robotoys.eu/puzzle-3d-din-lemn-dificultate-mare	0	2	0	11.5
https://ro.robotoys.eu/puzzle-3d-din-lemn-dificultate-medie	0	3	0	9
https://ro.robotoys.eu/puzzle-3d-din-lemn-dificultate-usoara	0	2	0	9.5
https://ro.robotoys.eu/puzzle-3d-din-lemn-mai-putin-de-100-buc	0	4	0	9.5
https://ro.robotoys.eu/puzzle-3d-din-lemn-timp-de-asamblare-de-pana-la-1-ora	0	1	0	5
https://ro.robotoys.eu/puzzle-3d-din-lemn-timp-de-asamblare-in-3-pana-la-5-ore	0	2	0	7
https://ro.robotoys.eu/puzzle-3d-din-lemn-timp-de-asamblare-mai-mult-de-5-ore	0	1	0	6
https://ro.robotoys.eu/puzzle-3d-din-lemn/animalele	0	2	0	7
https://ro.robotoys.eu/puzzle-3d-din-lemn/animalele/puzzle-3d-din-lemn-albina-little-story-d001-p128	0	2	0	8
https://ro.robotoys.eu/puzzle-3d-din-lemn/animalele/puzzle-3d-din-lemn-elefant-little-story-d012-p120	0	1	0	1
https://ro.robotoys.eu/puzzle-3d-din-lemn/animalele/puzzle-3d-din-lemn-flamingo-little-story-d007-p116	0	2	0	1
https://ro.robotoys.eu/puzzle-3d-din-lemn/animalele/puzzle-3d-din-lemn-kangaroo-little-story-d014-p122	0	1	0	4
https://ro.robotoys.eu/puzzle-3d-din-lemn/animalele/puzzle-3d-din-lemn-leu-little-story-d011-p119	0	1	0	19
https://ro.robotoys.eu/puzzle-3d-din-lemn/animalele/puzzle-3d-din-lemn-parasaurus-little-story-d008-p117	0	3	0	1
https://ro.robotoys.eu/puzzle-3d-din-lemn/animalele/puzzle-3d-din-lemn-t-rex-little-story-d006-p115	0	3	0	6
https://ro.robotoys.eu/puzzle-3d-din-lemn/arhitectura	0	11	0	6.73
https://ro.robotoys.eu/puzzle-3d-din-lemn/arhitectura/model-big-ben-cu-iluminare-led-rolife-tg507-p20	0	1	0	2
https://ro.robotoys.eu/puzzle-3d-din-lemn/arhitectura/model-tower-bridge-cu-iluminare-led-rolife-tg412-p19	0	5	0	11.8
https://ro.robotoys.eu/puzzle-3d-din-lemn/arhitectura/modelul-turnului-eiffel-rolife-tg501-p17	0	3	0	8.67
https://ro.robotoys.eu/puzzle-3d-din-lemn/arhitectura/pagoda-cu-cinci-etaje-rolife-tgn02-p45	0	2	0	6
https://ro.robotoys.eu/puzzle-3d-din-lemn/arhitectura/puzzle-3d-din-lemn-arcul-victoriei-little-story-e011-p123	0	75	0	4.99
https://ro.robotoys.eu/puzzle-3d-din-lemn/arhitectura/puzzle-3d-din-lemn-casuta-in-copac-sakura-rolife-tgs04-p201	0	1	0	2
https://ro.robotoys.eu/puzzle-3d-din-lemn/arhitectura/puzzle-3d-din-lemn-catedrala-din-paris-rowood-tg511-p224	0	1	0	2
https://ro.robotoys.eu/puzzle-3d-din-lemn/arhitectura/puzzle-3d-din-lemn-catedrala-notre-dame-little-story-e017-p127	0	9	0	2.11
https://ro.robotoys.eu/puzzle-3d-din-lemn/arhitectura/puzzle-3d-din-lemn-colosseum-little-story-e016-p126	0	2	0	2
https://ro.robotoys.eu/puzzle-3d-din-lemn/arhitectura/puzzle-3d-din-lemn-mini-cabana-de-munte-cu-cadru-in-a-rolife-dg181-p227	0	26	0	3.08
https://ro.robotoys.eu/puzzle-3d-din-lemn/arhitectura/puzzle-3d-din-lemn-povestea-operei-din-sydney-e028-p238	0	1	0	1
https://ro.robotoys.eu/puzzle-3d-din-lemn/arhitectura/puzzle-3d-din-lemn-sagrada-familia-little-story-e018-p133	0	9	0	7.89
https://ro.robotoys.eu/puzzle-3d-din-lemn/arhitectura/puzzle-3d-din-lemn-turnul-inclinat-din-pisa-little-story-e009-p114	0	3	0	5.67
https://ro.robotoys.eu/puzzle-3d-din-lemn/arhitectura/puzzle-3d-mecanic-din-lemn-moara-de-vant-eco-wood-art-p154	0	3	0	6.67
https://ro.robotoys.eu/puzzle-3d-din-lemn/arhitectura/puzzle-mecanic-3d-din-lemn-pista-de-marmura-londra-rokr-egb01-p264	0	2	0	20
https://ro.robotoys.eu/puzzle-3d-din-lemn/arhitectura/turnul-eiffel-iluminat-rolife-tgl01-p73	0	7	0	2
https://ro.robotoys.eu/puzzle-3d-din-lemn/arme	0	1	0	5
https://ro.robotoys.eu/puzzle-3d-din-lemn/arme/ak-47-rifle-rokr-lq901-p67	0	5	0	5
https://ro.robotoys.eu/puzzle-3d-din-lemn/arme/puzzle-3d-mecanic-din-lemn-mitraliera-cu-teava-rotativa-rokr-lqa01-p218	0	3	0	3.33
https://ro.robotoys.eu/puzzle-3d-din-lemn/arme/revolver-corsac-m60-rokr-lq401-p35	0	1	0	1
https://ro.robotoys.eu/puzzle-3d-din-lemn/arme/thompson-rokr-lqb01-p74	0	1	0	2
https://ro.robotoys.eu/puzzle-3d-din-lemn/ceasuri-calendare	0	4	0	7.5
https://ro.robotoys.eu/puzzle-3d-din-lemn/ceasuri-calendare/calendar-perpetuu-rokr-lk201-p55	0	1	0	5
https://ro.robotoys.eu/puzzle-3d-din-lemn/ceasuri-calendare/ceas-bufnita-rokr-lk503-p6	0	5	0	6.8
https://ro.robotoys.eu/puzzle-3d-din-lemn/ceasuri-calendare/ceas-de-perete-romantic-rokr-lc701-p56	0	2	0	25.5
https://ro.robotoys.eu/puzzle-3d-din-lemn/ceasuri-calendare/ceas-de-perete-zodiac-rokr-lc601-p52	0	2	0	7
https://ro.robotoys.eu/puzzle-3d-din-lemn/ceasuri-calendare/puzzle-mecanic-3d-din-lemn-ceas-cu-cuc-culoarea-lemnului-rokr-lc901-p217	0	1	0	1
https://ro.robotoys.eu/puzzle-3d-din-lemn/cutii-muzicale	0	9	0	6.33
https://ro.robotoys.eu/puzzle-3d-din-lemn/cutii-muzicale/carusel-romantic-rokr-amk62-p77	0	2	0	4.5
https://ro.robotoys.eu/puzzle-3d-din-lemn/cutii-muzicale/cutie-muzicala-violoncel-magic-rokr-amk63-p1	0	5	0	8.4
https://ro.robotoys.eu/puzzle-3d-din-lemn/cutii-muzicale/felinar-victorian-rokr-amk61-p80	0	3	0	6
https://ro.robotoys.eu/puzzle-3d-din-lemn/cutii-muzicale/puzzle-3d-mecanic-din-lemn-carusel-clasic-rolife-amc01-p146	0	4	0	8.75
https://ro.robotoys.eu/puzzle-3d-din-lemn/cutii-muzicale/puzzle-mecanic-3d-din-lemn-brad-melodic-rolife-ams01-p138	0	2	0	10
https://ro.robotoys.eu/puzzle-3d-din-lemn/cutii-muzicale/puzzle-mecanic-3d-din-lemn-sakura-dreamy-tour-rolife-amt02-p219	0	2	0	9.5
https://ro.robotoys.eu/puzzle-3d-din-lemn/cutii-muzicale/roata-ferris-rolife-tgn01-p18	0	1	0	81
https://ro.robotoys.eu/puzzle-3d-din-lemn/flori	0	18	0	10.67
https://ro.robotoys.eu/puzzle-3d-din-lemn/flori/puzzle-3d-din-lemn-buchet-de-flori-rowood-tw01h-p100	0	6	0	5
https://ro.robotoys.eu/puzzle-3d-din-lemn/flori/puzzle-3d-din-lemn-carte-cu-flori-din-lemn-rowood-tw04h-p228	0	1	0	1
https://ro.robotoys.eu/puzzle-3d-din-lemn/flori/puzzle-3d-din-lemn-cerb-langa-un-lac-de-munte-p260	0	2	0	7.5
https://ro.robotoys.eu/puzzle-3d-din-lemn/flori/puzzle-3d-din-lemn-cutie-de-flori-din-lemn-rowood-tw02h-p162	0	1	0	8
https://ro.robotoys.eu/puzzle-3d-din-lemn/flori/puzzle-3d-din-lemn-dalie-roz-rowood-tw131-p252	0	1	0	8
https://ro.robotoys.eu/puzzle-3d-din-lemn/flori/puzzle-3d-din-lemn-evergreen-pine-bonsai-rolife-tg510-p143	0	4	0	6.5
https://ro.robotoys.eu/puzzle-3d-din-lemn/flori/puzzle-3d-din-lemn-garoafa-rosie-rowood-tw052-p112	0	2	0	3
https://ro.robotoys.eu/puzzle-3d-din-lemn/flori/puzzle-3d-din-lemn-gerbera-portocaliu-deschis-rowood-tw111-p196	0	1	0	8
https://ro.robotoys.eu/puzzle-3d-din-lemn/flori/puzzle-3d-din-lemn-lalea-portocalie-rowood-tw081-p145	0	1	0	1
https://ro.robotoys.eu/puzzle-3d-din-lemn/flori/puzzle-3d-din-lemn-musetel-rowood-tw061-p109	0	1	0	2
https://ro.robotoys.eu/puzzle-3d-din-lemn/flori/puzzle-3d-din-lemn-orhidee-fluture-violet-rowood-tw091-p194	0	1	0	8
https://ro.robotoys.eu/puzzle-3d-din-lemn/flori/puzzle-3d-din-lemn-poinsettia-rowood-tf001-p222	0	1	0	2
https://ro.robotoys.eu/puzzle-3d-din-lemn/flori/puzzle-3d-din-lemn-sakura-bonsai-rolife-tg415-p142	0	7	0	8
https://ro.robotoys.eu/puzzle-3d-din-lemn/flori/puzzle-3d-din-lemn-trandafir-roz-rowood-tw041-p111	0	5	0	4.8
https://ro.robotoys.eu/puzzle-3d-din-lemn/instrumente-muzicale	0	3	0	7.33
https://ro.robotoys.eu/puzzle-3d-din-lemn/instrumente-muzicale/acordeon-rolife-tg410-p41	0	3	0	1.33
https://ro.robotoys.eu/puzzle-3d-din-lemn/instrumente-muzicale/chitara-electrica-model-rokr-tg605k-p33	0	12	0	4.5
https://ro.robotoys.eu/puzzle-3d-din-lemn/instrumente-muzicale/pian-magic-rokr-amk81-p70	0	2	0	6
https://ro.robotoys.eu/puzzle-3d-din-lemn/instrumente-muzicale/puzzle-3d-din-lemn-gramofon-rolife-tg408-p39	0	1	0	3
https://ro.robotoys.eu/puzzle-3d-din-lemn/instrumente-muzicale/puzzle-3d-din-lemn-pian-cu-coada-rolife-tg402-p200	0	3	0	12.33
https://ro.robotoys.eu/puzzle-3d-din-lemn/instrumente-muzicale/puzzle-3d-din-lemn-violoncel-rolife-tg411-p85	0	3	0	8.33
https://ro.robotoys.eu/puzzle-3d-din-lemn/instrumente-muzicale/saxofon-rolife-tg309-p26	0	1	0	8
https://ro.robotoys.eu/puzzle-3d-din-lemn/instrumente-muzicale/tobe-rolife-tg409-p81	0	2	0	6.5
https://ro.robotoys.eu/puzzle-3d-din-lemn/instrumente-muzicale/vioara-capriccio-rokr-tg604k-p66	0	5	0	4.4
https://ro.robotoys.eu/puzzle-3d-din-lemn/stem-lab/pinball-rokr-eg01-p43	0	2	0	10
https://ro.robotoys.eu/puzzle-3d-din-lemn/stem-lab/proiector-de-film-vitascope-rokr-lk601-p5	0	1	0	1
https://ro.robotoys.eu/puzzle-3d-din-lemn/stem-lab/puzzle-3d-din-lemn-telefon-retro-eco-wood-art-p156	0	3	0	1.33
https://ro.robotoys.eu/puzzle-3d-din-lemn/stem-lab/puzzle-3d-mecanic-din-lemn-imprimanta-clasica-rokr-lk602-p90	0	7	0	4.14
https://ro.robotoys.eu/puzzle-3d-din-lemn/stem-lab/puzzle-3d-mecanic-din-lemn-masina-de-scris-eco-wood-art-p158	0	4	0	1.5
https://ro.robotoys.eu/puzzle-3d-din-lemn/stem-lab/puzzle-3d-mecanic-din-lemn-masina-de-scris-mecanica-versiunea-clasica-rokr-lk703b-p265	0	7	0	7.14
https://ro.robotoys.eu/puzzle-3d-din-lemn/stem-lab/puzzle-mecanic-3d-din-lemn-fabrica-de-cadouri-de-vis-rokr-eab01-p202	0	11	0	6.91
https://ro.robotoys.eu/puzzle-3d-din-lemn/stem-lab/puzzle-mecanic-3d-din-lemn-motor-cu-aburi-rokr-lka01-p104	0	1	0	53
https://ro.robotoys.eu/puzzle-3d-din-lemn/universul/glob-luminos-rokr-st003-p3	0	2	0	18.5
https://ro.robotoys.eu/puzzle-3d-din-lemn/universul/sistem-solar-rokr-st001-p71	0	10	0	6.8
https://ro.robotoys.eu/puzzle-3d-din-lemn/universul/telescop-monocular-rokr-st004-p8	0	1	0	4
https://ro.robotoys.eu/puzzle-3d-din-lemn/vehicule/balon-cu-aer-cald-rolife-tg406-p84	0	4	0	10.25
https://ro.robotoys.eu/puzzle-3d-din-lemn/vehicule/basculanta-model-rokr-tg603k-p34	0	4	0	9
https://ro.robotoys.eu/puzzle-3d-din-lemn/vehicule/dirijabil-model-rolife-tg407-p22	0	1	0	18
https://ro.robotoys.eu/puzzle-3d-din-lemn/vehicule/masina-de-epoca-rokr-mc801-p72	0	3	0	6.33
https://ro.robotoys.eu/puzzle-3d-din-lemn/vehicule/model-de-camion-greu-rokr-mc502-p27	0	2	0	4
https://ro.robotoys.eu/puzzle-3d-din-lemn/vehicule/model-de-masina-grand-prix-rokr-mc401-p16	0	3	0	5.33
https://ro.robotoys.eu/puzzle-3d-din-lemn/vehicule/model-veteran-rolife-tg504-p53	0	1	0	3
https://ro.robotoys.eu/puzzle-3d-din-lemn/vehicule/motorcycle-cruiser-rokr-lk504-p12	0	1	0	6
https://ro.robotoys.eu/puzzle-3d-din-lemn/vehicule/puzzle-3d-din-lemn-ambulanta-eco-wood-art-p203	0	1	0	6
https://ro.robotoys.eu/puzzle-3d-din-lemn/vehicule/puzzle-3d-din-lemn-autobuz-turistic-londonez-rolife-tgm02-p106	0	4	0	4.5
https://ro.robotoys.eu/puzzle-3d-din-lemn/vehicule/puzzle-3d-din-lemn-avion-little-story-d016-p130	0	4	0	10.25
https://ro.robotoys.eu/puzzle-3d-din-lemn/vehicule/puzzle-3d-din-lemn-barca-de-pescuit-model-rolife-tg308-p38	0	5	0	3.4
https://ro.robotoys.eu/puzzle-3d-din-lemn/vehicule/puzzle-3d-din-lemn-bat-chatillon-bourrasque-little-story-wot04-p134	0	1	0	4
https://ro.robotoys.eu/puzzle-3d-din-lemn/vehicule/puzzle-3d-din-lemn-camion-basculant-pentru-terasamente-moaz-75053-eco-wood-art-p235	0	1	0	9
https://ro.robotoys.eu/puzzle-3d-din-lemn/vehicule/puzzle-3d-din-lemn-carura-regala-rolife-tg302-p62	0	7	0	4.86
https://ro.robotoys.eu/puzzle-3d-din-lemn/vehicule/puzzle-3d-din-lemn-elicopter-little-story-d017-p131	0	3	0	1
https://ro.robotoys.eu/puzzle-3d-din-lemn/vehicule/puzzle-3d-din-lemn-fiat-125p-little-story-e002-p94	0	3	0	3
https://ro.robotoys.eu/puzzle-3d-din-lemn/vehicule/puzzle-3d-din-lemn-jeep-little-story-d003-p167	0	1	0	1
https://ro.robotoys.eu/puzzle-3d-din-lemn/vehicule/puzzle-3d-din-lemn-jeep-militar-little-story-e014-p170	0	1	0	1
https://ro.robotoys.eu/puzzle-3d-din-lemn/vehicule/puzzle-3d-din-lemn-jeep-militar-model-rokr-mc701-p54	0	1	0	6
https://ro.robotoys.eu/puzzle-3d-din-lemn/vehicule/puzzle-3d-din-lemn-locomotiva-little-story-e012-p124	0	2	0	4
https://ro.robotoys.eu/puzzle-3d-din-lemn/vehicule/puzzle-3d-din-lemn-masina-de-politie-eco-wood-art-p214	0	3	0	11.67
https://ro.robotoys.eu/puzzle-3d-din-lemn/vehicule/puzzle-3d-din-lemn-masina-de-tuns-iarba-autopropulsata-cs-150c-eco-wood-art-p234	0	1	0	1
https://ro.robotoys.eu/puzzle-3d-din-lemn/vehicule/puzzle-3d-din-lemn-motocicleta-comanche-little-story-e023-p175	0	1	0	1
https://ro.robotoys.eu/puzzle-3d-din-lemn/vehicule/puzzle-3d-din-lemn-motocicleta-comanche-rosie-little-story-e023r-p248	0	3	0	10
https://ro.robotoys.eu/puzzle-3d-din-lemn/vehicule/puzzle-3d-din-lemn-motocicleta-de-mare-premiu-little-story-e021-p173	0	6	0	4.33
https://ro.robotoys.eu/puzzle-3d-din-lemn/vehicule/puzzle-3d-din-lemn-motocicleta-galbena-de-grand-prix-little-story-e021y-p244	0	1	0	1
https://ro.robotoys.eu/puzzle-3d-din-lemn/vehicule/puzzle-3d-din-lemn-motocicleta-gri-comanche-little-story-e023g-p247	0	1	0	1
https://ro.robotoys.eu/puzzle-3d-din-lemn/vehicule/puzzle-3d-din-lemn-motocicleta-rosie-de-grand-prix-little-story-e021r-p243	0	1	0	5
https://ro.robotoys.eu/puzzle-3d-din-lemn/vehicule/puzzle-3d-din-lemn-nava-diplomatica-japoneza-rolife-tg307-p199	0	2	0	2
https://ro.robotoys.eu/puzzle-3d-din-lemn/vehicule/puzzle-3d-din-lemn-polonez-1500-little-story-e003-p95	0	3	0	13.67
https://ro.robotoys.eu/puzzle-3d-din-lemn/vehicule/puzzle-3d-din-lemn-sakura-journey-rolife-tgs02-p105	0	3	0	9.33
https://ro.robotoys.eu/puzzle-3d-din-lemn/vehicule/puzzle-3d-din-lemn-semiremorca-cisterna-pentru-camion-road-king-eco-wood-art-p155	0	3	0	2
https://ro.robotoys.eu/puzzle-3d-din-lemn/vehicule/puzzle-3d-din-lemn-syrena-105-little-story-e004-p96	0	2	0	1
https://ro.robotoys.eu/puzzle-3d-din-lemn/vehicule/puzzle-3d-din-lemn-tancul-amx-13-105-little-story-wot05-p177	0	4	0	5.25
https://ro.robotoys.eu/puzzle-3d-din-lemn/vehicule/puzzle-3d-din-lemn-tank-char-b1-little-story-wot06-p178	0	1	0	1
https://ro.robotoys.eu/puzzle-3d-din-lemn/vehicule/puzzle-3d-din-lemn-tank-fv4005-little-story-wot09-p236	0	2	0	7
https://ro.robotoys.eu/puzzle-3d-din-lemn/vehicule/puzzle-3d-din-lemn-tank-maus-little-story-wot10-p237	0	2	0	11
https://ro.robotoys.eu/puzzle-3d-din-lemn/vehicule/puzzle-3d-din-lemn-tank-tortoise-little-story-wot08-p180	0	10	0	2
https://ro.robotoys.eu/puzzle-3d-din-lemn/vehicule/puzzle-3d-din-lemn-tiger-i-little-story-wot03-p136	0	2	0	2
https://ro.robotoys.eu/puzzle-3d-din-lemn/vehicule/puzzle-3d-din-lemn-tramvai-urban-clasic-rokr-lk801-p88	0	3	0	8
https://ro.robotoys.eu/puzzle-3d-din-lemn/vehicule/puzzle-3d-din-lemn-vapor-cu-zbaturi-river-princess-eco-wood-art-p159	0	8	0	8.25
https://ro.robotoys.eu/puzzle-3d-din-lemn/vehicule/puzzle-3d-mecanic-din-lemn-barca-cu-panze-calut-de-mare-rokr-mcb02-p212	0	2	0	4.5
https://ro.robotoys.eu/puzzle-3d-din-lemn/vehicule/puzzle-3d-mecanic-din-lemn-camion-road-king-eco-wood-art-p206	0	3	0	5
https://ro.robotoys.eu/puzzle-3d-din-lemn/vehicule/puzzle-3d-mecanic-din-lemn-incarcator-eco-wood-art-p204	0	1	0	3
https://ro.robotoys.eu/puzzle-3d-din-lemn/vehicule/puzzle-3d-mecanic-din-lemn-masina-retro-eco-wood-art-p157	0	4	0	10
https://ro.robotoys.eu/puzzle-3d-din-lemn/vehicule/puzzle-3d-mecanic-din-lemn-motocicleta-cruiser-eco-wood-art-p150	0	3	0	1.33
https://ro.robotoys.eu/puzzle-3d-din-lemn/vehicule/puzzle-3d-mecanic-din-lemn-stagecoach-rokr-amka1-p99	0	1	0	7
https://ro.robotoys.eu/puzzle-3d-din-lemn/vehicule/puzzle-3d-mecanic-din-lemn-tractor-eco-wood-art-p233	0	1	0	7
https://ro.robotoys.eu/puzzle-3d-din-lemn/vehicule/puzzle-mecanic-3d-din-lemn-basculanta-eco-wood-art-p205	0	6	0	4
https://ro.robotoys.eu/puzzle-3d-din-lemn/vehicule/puzzle-mecanic-3d-din-lemn-masina-de-curse-rokr-lk505-p141	0	2	0	3.5
https://ro.robotoys.eu/puzzle-3d-din-lemn/vehicule/puzzle-mecanic-3d-din-lemn-masina-de-curse-rosie-eco-wood-art-p152	0	2	0	5
https://ro.robotoys.eu/puzzle-3d-din-lemn/vehicule/puzzle-mecanic-3d-din-lemn-masina-de-recoltat-cereale-gh800-eco-wood-art-p160	0	1	0	1
https://ro.robotoys.eu/ultimele-cadouri-de-ziua-de-nastere	0	2	0	9.5
https://ro.robotoys.eu/vanzare-cadouri-pentru-ziua-de-nastere?page=4	0	1	0	5
https://ro.robotoys.eu/vanzare-puzzle-uri-3d-din-lemn	0	4	0	13.5
https://ro.robotoys.eu/vanzarea-produselor-marca-rokr	0	1	0	4
https://robotoys.eu/blog	0	19	0	4.37
https://robotoys.eu/blog/5-best-valentines-day-gifts-that-will-please-everyone	0	3	0	63.33
https://robotoys.eu/blog/7-irresistible-gift-ideas-for-women	0	1	0	11
https://robotoys.eu/blog/a-gift-for-the-man-who-already-has-everything-24-original-tips-that-will-really-surprise-him	0	1	0	9
https://robotoys.eu/blog/building-puzzles-the-best-activity-for-retirees	0	31	0	8.87
https://robotoys.eu/blog/fall-2025-slow-life-season-heres-the-proof	0	2	0	8.5
https://robotoys.eu/blog/get-your-brain-moving-with-3d-wooden-mechanical-puzzles	0	25	0	8.44
https://robotoys.eu/blog/how-to-choose-the-best-home-decoration-tips-and-tricks	0	4	0	6
https://robotoys.eu/blog/little-story-3d-construction-kits-that-combine-creativity-fun-and-quality	0	12	0	5.5
https://robotoys.eu/blog/main-blog/the-fascinating-history-of-wooden-3d-puzzles-from-ancient-craft-to-mo	0	1	0	1
https://robotoys.eu/blog/stem-and-wooden-models	0	41	0	8.1
https://robotoys.eu/blog/the-best-gift-for-her-a-magical-corner-for-a-book-lover	0	5	0	6.4
https://robotoys.eu/blog/the-best-gift-for-him-original-with-a-touch-of-history	0	20	0	12.15
https://robotoys.eu/blog/tiktok-trend-dopamine-hobby-what-it-means-and-why-puzzles-are-a-top-choice	0	38	0	4.71
https://robotoys.eu/blog/top-5-activities-that-support-the-development-of-motor-skills	0	30	0	10.33
https://robotoys.eu/blog/why-are-3d-wooden-models-the-perfect-gift-for-all-ages	0	6	0	5
https://robotoys.eu/blog/world-of-tanks-now-on-your-shelf	0	23	0	7.43
https://robotoys.eu/brands	0	13	0	4.85
https://robotoys.eu/brands/eco-wood-art	0	17	0	7.82
https://robotoys.eu/brands?page=3	0	4	0	2.75
https://robotoys.eu/brands?page=4	0	2	0	4
https://robotoys.eu/gift-ideas-sale	0	1	0	8
https://robotoys.eu/gift-ideas/birthday-gifts	0	8	0	24.25
https://robotoys.eu/gift-ideas/gifts-for-children	0	2	0	11.5
https://robotoys.eu/gift-ideas/gifts-for-christmas	0	1	0	10
https://robotoys.eu/gift-ideas/gifts-for-her	0	3	0	5
https://robotoys.eu/gift-ideas/gifts-for-him	0	3	0	5.33
https://robotoys.eu/latest-gift-ideas?page=4	0	1	0	7
https://robotoys.eu/latest-gifts-for-children?page=2	0	1	0	9
https://robotoys.eu/miniature-houses-100-to-149-pcs	0	7	0	7.57
https://robotoys.eu/miniature-houses-assembly-time-more-than-5-hours	0	1	0	4
https://robotoys.eu/miniature-houses-assembly-time-up-to-1-hour	0	3	0	2.67
https://robotoys.eu/miniature-houses-assembly-time-within-1-to-3-hours	0	4	0	7.5
https://robotoys.eu/miniature-houses-assembly-time-within-3-to-5-hours	0	8	0	7
https://robotoys.eu/miniature-houses-easy-difficulty	0	3	0	11
https://robotoys.eu/miniature-houses-high-difficulty	0	42	0	10.88
https://robotoys.eu/miniature-houses-less-than-100-pcs	0	1	0	1
https://robotoys.eu/miniature-houses-medium-difficulty	0	16	0	10.56
https://robotoys.eu/miniature-houses-more-than-300-pcs	0	5	0	7.6
https://robotoys.eu/miniature-houses/books-nook/bookshelf-insert-fairytale-theme-park-rolife-tgb17-p257	0	104	0	6.68
https://robotoys.eu/miniature-houses/books-nook/bookshelf-insert-fall-into-wonder-rolife-tgb12-p165	0	12	0	6.75
https://robotoys.eu/miniature-houses/books-nook/bookshelf-insert-falling-sakura-rolife-tgb05-p50	0	16	0	6.44
https://robotoys.eu/miniature-houses/books-nook/bookshelf-insert-flower-corner-rolife-tgb09-p108	0	44	0	9.73
https://robotoys.eu/miniature-houses/books-nook/bookshelf-insert-library-of-wonders-rolife-tgb16-p226	0	14	0	7.5
https://robotoys.eu/miniature-houses/books-nook/bookshelf-insert-magical-fantasy-corner-rolife-tgb14-p221	0	13	0	6.69
https://robotoys.eu/miniature-houses/books-nook/bookshelf-insert-magical-fantasy-corner-rolife-tgb14-p221/	0	1	0	1
https://robotoys.eu/miniature-houses/books-nook/bookshelf-insert-romantic-venice-rolife-tgb08-p107	0	15	0	6.33
https://robotoys.eu/miniature-houses/books-nook/bookshelf-insert-street-scene-rolife-tgb13-p256	0	14	0	7
https://robotoys.eu/miniature-houses/books-nook/holiday-garden-house-rolife-tgb06-p78	0	35	0	7.66
https://robotoys.eu/miniature-houses/books-nook/magical-house-rolife-tgb03-p58	0	2	0	11
https://robotoys.eu/miniature-houses/books-nook/sunshine-town-rolife-tgb02-p30	0	78	0	7.95
https://robotoys.eu/miniature-houses/books-nook/time-travel-rolife-tgb04-p60	0	11	0	8.36
https://robotoys.eu/miniature-houses/miniature-rooms/miniature-house-cozy-kitchen-rolife-dg159-p89	0	27	0	7
https://robotoys.eu/miniature-houses/miniature-rooms/miniature-house-puppys-cozy-villa-rolife-dg169-p149	0	37	0	7.86
https://robotoys.eu/miniature-houses/miniature-rooms/miniature-house-the-magic-study-rolife-dg166-p163	0	20	0	13.25
https://robotoys.eu/miniature-houses/miniature-stores/kikis-magic-emporium-rolife-dg155-p31	0	60	0	7.9
https://robotoys.eu/miniature-houses/miniature-stores/miniature-house-alices-tea-shop-rolife-dg156-p61	0	39	0	9.18
https://robotoys.eu/miniature-houses/miniature-stores/miniature-house-restaurant-tipsy-rolife-dg167-p209	0	143	0	6.88
https://robotoys.eu/puzzle-competition/accordion-rolife-tg410-41	0	6	0	6.17
https://robotoys.eu/puzzle-competition/anti-aircraft-gun-rokr-lqm01-255	0	8	0	5.25
https://robotoys.eu/puzzle-competition/arc-de-triomphe-rolife-tg502-47	0	2	0	5.5
https://robotoys.eu/puzzle-competition/army-jeep-little-story-e014-170	0	3	0	5
https://robotoys.eu/puzzle-competition/bat-chatillon-bourrasque-little-story-wot04-134	0	1	0	7
https://robotoys.eu/puzzle-competition/bookstore-in-an-old-alley-262	0	3	0	7
https://robotoys.eu/puzzle-competition/bus-little-story-d002-166	0	1	0	4
https://robotoys.eu/puzzle-competition/cathys-flower-house-rolife-dg104-28	0	1	0	10
https://robotoys.eu/puzzle-competition/classic-city-tram-rokr-lk801-88	0	1	0	9
https://robotoys.eu/puzzle-competition/clock-owl-rokr-lk503-6	0	1	0	7
https://robotoys.eu/puzzle-competition/cruise-ship-rolife-tg306-87	0	4	0	8.25
https://robotoys.eu/puzzle-competition/cuckoo-clock-rokr-lc901c-198	0	3	0	7.67
https://robotoys.eu/puzzle-competition/cuckoo-clock-wooden-color-rokr-lc901-217	0	1	0	7
https://robotoys.eu/puzzle-competition/diva-turntable-rokr-amk82-267	0	12	0	6.08
https://robotoys.eu/puzzle-competition/electric-guitar-model-rokr-tg605k-33	0	5	0	9.2
https://robotoys.eu/puzzle-competition/excavator-rokr-tg508k-197	0	15	0	8.27
https://robotoys.eu/puzzle-competition/fiat-126p-little-story-e005-97	0	1	0	6
https://robotoys.eu/puzzle-competition/fishing-boat-model-rolife-tg308-38	0	3	0	4.33
https://robotoys.eu/puzzle-competition/game-cabinet-orpheus-rokr-am601-82	0	1	0	8
https://robotoys.eu/puzzle-competition/grand-piano-rolife-tg402-200	0	3	0	9.33
https://robotoys.eu/puzzle-competition/gray-comanche-motorcycle-little-story-e023g-247	0	1	0	9
https://robotoys.eu/puzzle-competition/honey-ice-cream-store-rolife-dg148-65	0	1	0	8
https://robotoys.eu/puzzle-competition/illuminated-eiffel-tower-rolife-tgl01-73	0	1	0	9
https://robotoys.eu/puzzle-competition/kangaroo-little-story-d014-122	0	2	0	10
https://robotoys.eu/puzzle-competition/kvetinovy-kutik-rolife-tgb09-108	0	2	0	2.5
https://robotoys.eu/puzzle-competition/library-by-the-seashore-261	0	3	0	17
https://robotoys.eu/puzzle-competition/lilac-rowood-tw021-103	0	2	0	7
https://robotoys.eu/puzzle-competition/machine-gun-with-rotating-barrel-rokr-lqa01-218	0	1	0	6
https://robotoys.eu/puzzle-competition/magic-harp-rokr-amk71-254	0	1	0	2
https://robotoys.eu/puzzle-competition/magic-piano-rokr-amk81-70	0	1	0	4
https://robotoys.eu/puzzle-competition/marble-night-city-rokr-lga01-2	0	2	0	6.5
https://robotoys.eu/puzzle-competition/marble-parkour-rokr-lg501-42	0	1	0	11
https://robotoys.eu/puzzle-competition/marble-track-london-rokr-egb01-264	0	17	0	9.94
https://robotoys.eu/puzzle-competition/mechanical-typewriter-classic-version-rokr-lk703b-265	0	8	0	6.75
https://robotoys.eu/puzzle-competition/mechanical-typewriter-magic-version-rokr-lk703c-266	0	23	0	8.22
https://robotoys.eu/puzzle-competition/model-of-the-leaning-tower-of-pisa-rolife-tg304-37	0	1	0	7
https://robotoys.eu/puzzle-competition/orange-tulip-rowood-tw081-145	0	1	0	10
https://robotoys.eu/puzzle-competition/patposchodova-pagoda-rolife-tgn02-45	0	2	0	7.5
https://robotoys.eu/puzzle-competition/perpetual-calendar-rokr-lk201-55	0	11	0	10.73
https://robotoys.eu/puzzle-competition/pink-carnation-rowood-tw051-110	0	8	0	9.38
https://robotoys.eu/puzzle-competition/pink-lily-rowood-tw071-144	0	1	0	7
https://robotoys.eu/puzzle-competition/pink-rose-rowood-tw041-111	0	1	0	9
https://robotoys.eu/puzzle-competition/pink-tulip-rowood-tw082-161	0	2	0	10.5
https://robotoys.eu/puzzle-competition/police-car-eco-wood-art-214	0	1	0	6
https://robotoys.eu/puzzle-competition/purple-moth-orchid-rowood-tw091-194	0	1	0	12
https://robotoys.eu/puzzle-competition/red-camellia-rowood-tw031-102	0	1	0	10
https://robotoys.eu/puzzle-competition/restaurant-tipsy-rolife-dg167-209	0	2	0	8
https://robotoys.eu/puzzle-competition/revolver-corsac-m60-rokr-lq401-35	0	1	0	2
https://robotoys.eu/puzzle-competition/romantic-note-wall-clock-rokr-lc701-56	0	8	0	8
https://robotoys.eu/puzzle-competition/royal-carriage-rolife-tg302-62	0	1	0	2
https://robotoys.eu/puzzle-competition/sailing-ship-djong-eco-wood-art-232	0	1	0	10
https://robotoys.eu/puzzle-competition/sailing-ship-lord-of-the-seas-eco-wood-art-216	0	1	0	8
https://robotoys.eu/puzzle-competition/sakura-bonsai-rolife-tg415-142	0	1	0	10
https://robotoys.eu/puzzle-competition/sakura-pavilion-rolife-tga07-268	0	48	0	7
https://robotoys.eu/puzzle-competition/sakura-treehouse-rolife-tgs04-201	0	2	0	9
https://robotoys.eu/puzzle-competition/sakura-wine-alley-rolife-tgb11-164	0	1	0	5
https://robotoys.eu/puzzle-competition/sams-study-library-rolife-dg102-86	0	1	0	6
https://robotoys.eu/puzzle-competition/saxophone-rolife-tg309-26	0	1	0	11
https://robotoys.eu/puzzle-competition/space-shuttle-rokr-lka02-253	0	8	0	10.75
https://robotoys.eu/puzzle-competition/stagecoach-rokr-amka1-99	0	1	0	9
https://robotoys.eu/puzzle-competition/steamboat-little-story-e025-230	0	2	0	4.5
https://robotoys.eu/puzzle-competition/sunflower-rowood-tw011-113	0	1	0	10
https://robotoys.eu/puzzle-competition/sunny-beach-with-lighthouse-263	0	5	0	11.4
https://robotoys.eu/puzzle-competition/svietiaci-globus-rokr-st003-3	0	6	0	7
https://robotoys.eu/puzzle-competition/symphony-of-beautiful-dreams-rokr-amk63m-211	0	1	0	4
https://robotoys.eu/puzzle-competition/syrena-105-little-story-e004-96	0	1	0	4
https://robotoys.eu/puzzle-competition/tank-amx-13-105-little-story-wot05-177	0	1	0	4
https://robotoys.eu/puzzle-competition/tank-semi-trailer-for-truck-road-king-eco-wood-art-155	0	1	0	10
https://robotoys.eu/puzzle-competition/terminator-m870-rokr-lq501-36	0	2	0	6.5
https://robotoys.eu/puzzle-competition/the-magic-study-rolife-dg166-163	0	3	0	6.67
https://robotoys.eu/puzzle-competition/the-seahorse-barque-rokr-mcb02-212	0	2	0	10
https://robotoys.eu/puzzle-competition/tiger-i-little-story-wot03-136	0	2	0	7.5
https://robotoys.eu/puzzle-competition/triplane-model-rolife-tg301-46	0	5	0	4.8
https://robotoys.eu/puzzle-competition/truck-little-story-e013-169	0	2	0	6.5
https://robotoys.eu/puzzle-competition/truck-road-king-eco-wood-art-206	0	2	0	2
https://robotoys.eu/puzzle-competition/veteran-model-rolife-tg504-53	0	1	0	8
https://robotoys.eu/puzzle-competition/victorian-lantern-rokr-amk61-80	0	15	0	7.87
https://robotoys.eu/puzzle-competition/vintage-car-rokr-mc801-72	0	2	0	12.5
https://robotoys.eu/puzzle-competition/violin-capriccio-rokr-tg604k-66	0	2	0	4
https://robotoys.eu/puzzle-competition/warszawa-m20-little-story-e006-98	0	1	0	2
https://robotoys.eu/puzzle-competition/yankee-chopper-little-story-e024-176	0	1	0	4
https://robotoys.eu/rolife-brand-products-on-sale	0	6	0	5
https://robotoys.eu/sale-of-3d-wooden-puzzles	0	3	0	2.67
https://robotoys.eu/sale-of-gifts-for-children?page=3	0	2	0	6
https://robotoys.eu/the-best-selling-miniature-houses	0	2	0	2
https://robotoys.eu/the-best-selling-products-of-the-rolife-brand	0	1	0	4
https://robotoys.eu/the-best-selling-wooden-3d-puzzle	0	1	0	2
https://robotoys.eu/the-best-selling-wooden-3d-puzzle?page=2	0	3	0	4.33
https://robotoys.eu/the-cheapest-birthday-gifts?page=3	0	4	0	4.75
https://robotoys.eu/the-cheapest-gifts-for-children	0	1	0	5
https://robotoys.eu/the-cheapest-gifts-for-christmas	0	1	0	9
https://robotoys.eu/the-cheapest-gifts-for-women-and-girls	0	1	0	6
https://robotoys.eu/the-cheapest-miniature-houses	0	3	0	4.67
https://robotoys.eu/the-cheapest-wooden-3d-puzzle	0	2	0	7
https://robotoys.eu/the-cheapest-wooden-3d-puzzle?page=3	0	6	0	8.5
https://robotoys.eu/the-latest-products-of-the-rokr-brand	0	2	0	9
https://robotoys.eu/the-latest-rolife-brand-products	0	4	0	12
https://robotoys.eu/the-most-expensive-gifts-for-christmas	0	1	0	3
https://robotoys.eu/the-most-expensive-gifts-for-christmas?page=4	0	1	0	2
https://robotoys.eu/the-most-expensive-gifts-for-decoration	0	4	0	8.5
https://robotoys.eu/the-most-expensive-gifts-for-men-and-boys	0	21	0	14.14
https://robotoys.eu/the-most-expensive-miniature-houses	0	7	0	6.29
https://robotoys.eu/the-most-expensive-products-of-the-rokr-brand	0	2	0	2
https://robotoys.eu/the-most-expensive-products-of-the-rolife-brand	0	29	0	5.14
https://robotoys.eu/the-most-popular-birthday-gifts?page=3	0	1	0	6
https://robotoys.eu/the-most-popular-products-of-the-rokr-brand	0	2	0	7
https://robotoys.eu/the-most-popular-rolife-brand-products	0	7	0	6
https://robotoys.eu/the-most-popular-wooden-3d-puzzle	0	1	0	8
https://robotoys.eu/top-rated-birthday-gifts?page=2	0	1	0	19
https://robotoys.eu/top-rated-gifts-for-women-and-girls	0	1	0	6
https://robotoys.eu/top-rated-miniature-houses	0	19	0	8.26
https://robotoys.eu/top-rated-wooden-3d-puzzle	0	14	0	6.36
https://robotoys.eu/useful-links	0	1	0	10
https://robotoys.eu/useful-links/about-company/about-us	0	53	0	8.04
https://robotoys.eu/useful-links/about-company/wholesale	0	44	0	13.98
https://robotoys.eu/useful-links/all-about-shopping	0	31	0	26.65
https://robotoys.eu/useful-links/all-about-shopping/complaint-conditions	0	6	0	6.67
https://robotoys.eu/useful-links/all-about-shopping/privacy	0	1	0	8
https://robotoys.eu/useful-links/frequently-asked-questions	0	9	0	5.89
https://robotoys.eu/useful-links/frequently-asked-questions/order-delivery	0	4	0	5
https://robotoys.eu/useful-links/frequently-asked-questions/returns-refunds	0	70	0	5.5
https://robotoys.eu/wooden-3d-puzzle	0	12	0	6.42
https://robotoys.eu/wooden-3d-puzzle-150-to-199-pcs	0	9	0	8.22
https://robotoys.eu/wooden-3d-puzzle-200-to-299-pcs	0	8	0	11.88
https://robotoys.eu/wooden-3d-puzzle-assembly-time-more-than-5-hours	0	15	0	9.2
https://robotoys.eu/wooden-3d-puzzle-assembly-time-up-to-1-hour	0	6	0	13
https://robotoys.eu/wooden-3d-puzzle-assembly-time-within-1-to-3-hours	0	14	0	6.14
https://robotoys.eu/wooden-3d-puzzle-assembly-time-within-3-to-5-hours	0	21	0	8.52
https://robotoys.eu/wooden-3d-puzzle-easy-difficulty	0	12	0	7.17
https://robotoys.eu/wooden-3d-puzzle-less-than-100-pcs	0	4	0	5.75
https://robotoys.eu/wooden-3d-puzzle-medium-difficulty	0	8	0	6.12
https://robotoys.eu/wooden-3d-puzzle-more-than-300-pcs	0	5	0	18.2
https://robotoys.eu/wooden-3d-puzzle/architecture/illuminated-eiffel-tower-rolife-tgl01-p73	0	71	0	7.06
https://robotoys.eu/wooden-3d-puzzle/architecture/wooden-3d-puzzle-arc-de-triomphe-rolife-tg502-p47	0	12	0	7.67
https://robotoys.eu/wooden-3d-puzzle/architecture/wooden-3d-puzzle-bookstore-in-an-old-alley-p262	0	27	0	11.33
https://robotoys.eu/wooden-3d-puzzle/architecture/wooden-3d-puzzle-brandenburg-gate-little-story-e015-p125	0	54	0	5.65
https://robotoys.eu/wooden-3d-puzzle/architecture/wooden-3d-puzzle-leaning-tower-of-pisa-little-story-e009-p114	0	7	0	4.86
https://robotoys.eu/wooden-3d-puzzle/architecture/wooden-3d-puzzle-library-by-the-seashore-p261	0	28	0	7.57
https://robotoys.eu/wooden-3d-puzzle/architecture/wooden-3d-puzzle-mini-a-frame-mountain-chalet-rolife-dg181-p227	0	35	0	5.4
https://robotoys.eu/wooden-3d-puzzle/architecture/wooden-3d-puzzle-notre-dame-cathedral-little-story-e017-p127	0	84	0	4.99
https://robotoys.eu/wooden-3d-puzzle/architecture/wooden-3d-puzzle-paris-cathedral-rowood-tg511-p224	0	7	0	7.14
https://robotoys.eu/wooden-3d-puzzle/architecture/wooden-3d-puzzle-victory-arch-little-story-e011-p123	0	100	0	4.79
https://robotoys.eu/wooden-3d-puzzle/clocks-calendars	0	23	0	10.09
https://robotoys.eu/wooden-3d-puzzle/clocks-calendars/perpetual-calendar-rokr-lk201-p55	0	1	0	19
https://robotoys.eu/wooden-3d-puzzle/clocks-calendars/romantic-note-wall-clock-rokr-lc701-p56	0	21	0	7.81
https://robotoys.eu/wooden-3d-puzzle/clocks-calendars/wall-clock-zodiac-rokr-lc601-p52	0	67	0	4.79
https://robotoys.eu/wooden-3d-puzzle/clocks-calendars/wooden-3d-puzzle-table-calendar-rokr-lc801-p44	0	4	0	2.5
https://robotoys.eu/wooden-3d-puzzle/clocks-calendars/wooden-mechanical-3d-puzzle-cuckoo-clock-rokr-lc901c-p198	0	40	0	7.12
https://robotoys.eu/wooden-3d-puzzle/clocks-calendars/wooden-mechanical-3d-puzzle-cuckoo-clock-wooden-color-rokr-lc901-p217	0	21	0	6.71
https://robotoys.eu/wooden-3d-puzzle/flowers/wooden-3d-puzzle-chamomile-rowood-tw061-p109	0	19	0	7.74
https://robotoys.eu/wooden-3d-puzzle/flowers/wooden-3d-puzzle-deer-by-a-mountain-lake-p260	0	4	0	3.75
https://robotoys.eu/wooden-3d-puzzle/flowers/wooden-3d-puzzle-glittering-water-lily-rowood-th001-p192	0	54	0	9.85
https://robotoys.eu/wooden-3d-puzzle/flowers/wooden-3d-puzzle-hummingbird-in-a-blooming-garden-p259	0	6	0	5
https://robotoys.eu/wooden-3d-puzzle/flowers/wooden-3d-puzzle-light-orange-gerbera-rowood-tw111-p196	0	16	0	4.62
https://robotoys.eu/wooden-3d-puzzle/flowers/wooden-3d-puzzle-lilac-rowood-tw021-p103	0	34	0	5.15
https://robotoys.eu/wooden-3d-puzzle/flowers/wooden-3d-puzzle-orange-tulip-rowood-tw081-p145	0	39	0	6.56
https://robotoys.eu/wooden-3d-puzzle/flowers/wooden-3d-puzzle-pink-carnation-rowood-tw051-p110	0	14	0	8.29
https://robotoys.eu/wooden-3d-puzzle/flowers/wooden-3d-puzzle-pink-lily-rowood-tw071-p144	0	38	0	7.76
https://robotoys.eu/wooden-3d-puzzle/flowers/wooden-3d-puzzle-pink-rose-rowood-tw041-p111	0	20	0	8.35
https://robotoys.eu/wooden-3d-puzzle/flowers/wooden-3d-puzzle-pink-tulip-rowood-tw082-p161	0	26	0	6.23
https://robotoys.eu/wooden-3d-puzzle/flowers/wooden-3d-puzzle-purple-iris-rowood-tw121-p251	0	9	0	14.89
https://robotoys.eu/wooden-3d-puzzle/flowers/wooden-3d-puzzle-purple-moth-orchid-rowood-tw091-p194	0	14	0	8.14
https://robotoys.eu/wooden-3d-puzzle/flowers/wooden-3d-puzzle-red-camellia-rowood-tw031-p102	0	25	0	7.36
https://robotoys.eu/wooden-3d-puzzle/flowers/wooden-3d-puzzle-red-carnation-rowood-tw052-p112	0	33	0	6.67
https://robotoys.eu/wooden-3d-puzzle/flowers/wooden-3d-puzzle-red-rose-rowood-tw042-p101	0	34	0	5.56
https://robotoys.eu/wooden-3d-puzzle/flowers/wooden-3d-puzzle-sunny-beach-with-lighthouse-p263	0	1	0	11
https://robotoys.eu/wooden-3d-puzzle/flowers/wooden-3d-puzzle-water-lilies-under-a-garden-bridge-p258	0	6	0	4.5
https://robotoys.eu/wooden-3d-puzzle/flowers/wooden-3d-puzzle-wooden-bloom-box-rowood-tw02h-p162	0	24	0	10.54
https://robotoys.eu/wooden-3d-puzzle/flowers/wooden-3d-puzzle-wooden-blooming-book-rowood-tw04h-p228	0	2	0	1.5
https://robotoys.eu/wooden-3d-puzzle/flowers/wooden-3d-puzzle-wooden-flower-basket-rowood-tw03h-p210	0	43	0	7.7
https://robotoys.eu/wooden-3d-puzzle/music-boxes/carnival-at-sunset-rolife-amt01-p79	0	10	0	8.8
https://robotoys.eu/wooden-3d-puzzle/music-boxes/electric-record-player-rokr-lkb01d-p68	0	18	0	8.89
https://robotoys.eu/wooden-3d-puzzle/music-boxes/ferris-wheel-rolife-tgn01-p18	0	64	0	5.7
https://robotoys.eu/wooden-3d-puzzle/music-boxes/romantic-carousel-rokr-amk62-p77	0	23	0	9.65
https://robotoys.eu/wooden-3d-puzzle/music-boxes/swing-ride-music-box-rokr-ea02-p4	0	69	0	6.38
https://robotoys.eu/wooden-3d-puzzle/music-boxes/victorian-lantern-rokr-amk61-p80	0	25	0	4.68
https://robotoys.eu/wooden-3d-puzzle/music-boxes/wooden-mechanical-3d-puzzle-diva-turntable-rokr-amk82-p267	0	19	0	5.26
https://robotoys.eu/wooden-3d-puzzle/music-boxes/wooden-mechanical-3d-puzzle-game-cabinet-orpheus-rokr-am601-p82	0	17	0	7.53
https://robotoys.eu/wooden-3d-puzzle/music-boxes/wooden-mechanical-3d-puzzle-melodic-christmas-tree-rolife-ams01-p138	0	27	0	6.19
https://robotoys.eu/wooden-3d-puzzle/music-boxes/wooden-mechanical-3d-puzzle-symphony-of-beautiful-dreams-rokr-amk63m-p211	0	6	0	8.83
https://robotoys.eu/wooden-3d-puzzle/musical-instruments/drum-kit-rolife-tg409-p81	0	33	0	6.94
https://robotoys.eu/wooden-3d-puzzle/musical-instruments/electric-guitar-model-rokr-tg605k-p33	0	47	0	8.09
https://robotoys.eu/wooden-3d-puzzle/musical-instruments/magic-piano-rokr-amk81-p70	0	65	0	8.05
https://robotoys.eu/wooden-3d-puzzle/musical-instruments/violin-capriccio-rokr-tg604k-p66	0	43	0	7.35
https://robotoys.eu/wooden-3d-puzzle/stem-lab	0	28	0	7.57
https://robotoys.eu/wooden-3d-puzzle/stem-lab/treasure-box-rokr-lk502-p57	0	13	0	8.38
https://robotoys.eu/wooden-3d-puzzle/stem-lab/wooden-3d-puzzle-retro-telephone-eco-wood-art-p156	0	13	0	3.85
https://robotoys.eu/wooden-3d-puzzle/stem-lab/wooden-mechanical-3d-puzzle-chocolate-factory-rokr-lga02-p75	0	30	0	8.4
https://robotoys.eu/wooden-3d-puzzle/stem-lab/wooden-mechanical-3d-puzzle-dream-gift-factory-rokr-eab01-p202	0	266	0	9.3
https://robotoys.eu/wooden-3d-puzzle/stem-lab/wooden-mechanical-3d-puzzle-gear-ball-challenge-rokr-egc01-p213	0	42	0	14.33
https://robotoys.eu/wooden-3d-puzzle/stem-lab/wooden-mechanical-3d-puzzle-steam-engine-rokr-lka01-p104	0	6	0	8.33
https://robotoys.eu/wooden-3d-puzzle/stem-lab/wooden-mechanical-3d-puzzle-typewriter-eco-wood-art-p158	0	121	0	6.09
https://robotoys.eu/wooden-3d-puzzle/the-animals/wooden-3d-puzzle-bee-little-story-d001-p128	0	8	0	3.75
https://robotoys.eu/wooden-3d-puzzle/the-animals/wooden-3d-puzzle-elephant-little-story-d012-p120	0	38	0	7.5
https://robotoys.eu/wooden-3d-puzzle/the-animals/wooden-3d-puzzle-flamingo-little-story-d007-p116	0	63	0	15.06
https://robotoys.eu/wooden-3d-puzzle/the-animals/wooden-3d-puzzle-kangaroo-little-story-d014-p122	0	1	0	1
https://robotoys.eu/wooden-3d-puzzle/the-animals/wooden-3d-puzzle-owl-little-story-d009-p132	0	8	0	6.88
https://robotoys.eu/wooden-3d-puzzle/the-animals/wooden-3d-puzzle-parasaurus-little-story-d008-p117	0	141	0	3.11
https://robotoys.eu/wooden-3d-puzzle/the-animals/wooden-3d-puzzle-stegosaurus-little-story-d010-p118	0	36	0	6.53
https://robotoys.eu/wooden-3d-puzzle/the-animals/wooden-3d-puzzle-t-rex-little-story-d006-p115	0	73	0	7.1
https://robotoys.eu/wooden-3d-puzzle/the-animals/wooden-mechanical-3d-puzzle-velociraptor-rokr-ld01-p220	0	11	0	7.73
https://robotoys.eu/wooden-3d-puzzle/the-universe	0	18	0	8.67
https://robotoys.eu/wooden-3d-puzzle/the-universe/luminous-globe-rokr-st003-p3	0	163	0	9.04
https://robotoys.eu/wooden-3d-puzzle/the-universe/monocular-telescope-rokr-st004-p8	0	46	0	7.41
https://robotoys.eu/wooden-3d-puzzle/the-universe/solar-system-rokr-st001-p71	0	49	0	7.49
https://robotoys.eu/wooden-3d-puzzle/the-universe/wooden-mechanical-3d-puzzle-solar-powered-car-harbinger-rover-rokr-ls402-p14	0	29	0	6.76
https://robotoys.eu/wooden-3d-puzzle/vehicles/airship-model-rolife-tg407-p22	0	23	0	8.39
https://robotoys.eu/wooden-3d-puzzle/vehicles/bulldozer-model-rokr-tg509k-p32	0	7	0	2.71
https://robotoys.eu/wooden-3d-puzzle/vehicles/heavy-truck-model-rokr-mc502-p27	0	19	0	5.63
https://robotoys.eu/wooden-3d-puzzle/vehicles/locomotive-rokr-lk701-p7	0	212	0	12.74
https://robotoys.eu/wooden-3d-puzzle/vehicles/veteran-model-rolife-tg504-p53	0	7	0	4.14
https://robotoys.eu/wooden-3d-puzzle/vehicles/vintage-car-rokr-mc801-p72	0	16	0	9.19
https://robotoys.eu/wooden-3d-puzzle/vehicles/wooden-3d-puzzle-army-jeep-little-story-e014-p170	0	6	0	10.67
https://robotoys.eu/wooden-3d-puzzle/vehicles/wooden-3d-puzzle-army-jeep-model-rokr-mc701-p54	0	16	0	17.56
https://robotoys.eu/wooden-3d-puzzle/vehicles/wooden-3d-puzzle-bat-chatillon-bourrasque-little-story-wot04-p134	0	58	0	7.98
https://robotoys.eu/wooden-3d-puzzle/vehicles/wooden-3d-puzzle-blue-sting-scooter-little-story-e022b-p245	0	2	0	6.5
https://robotoys.eu/wooden-3d-puzzle/vehicles/wooden-3d-puzzle-bus-little-story-d002-p166	0	2	0	3
https://robotoys.eu/wooden-3d-puzzle/vehicles/wooden-3d-puzzle-classic-city-tram-rokr-lk801-p88	0	59	0	5.36
https://robotoys.eu/wooden-3d-puzzle/vehicles/wooden-3d-puzzle-dump-truck-trailer-road-king-eco-wood-art-p207	0	1	0	10
https://robotoys.eu/wooden-3d-puzzle/vehicles/wooden-3d-puzzle-earthmoving-dump-truck-moaz-75053-eco-wood-art-p235	0	7	0	13.29
https://robotoys.eu/wooden-3d-puzzle/vehicles/wooden-3d-puzzle-eternal-atlantic-voyager-1912-rolife-tgl02-p223	0	4	0	9
https://robotoys.eu/wooden-3d-puzzle/vehicles/wooden-3d-puzzle-fiat-126p-little-story-e005-p97	0	16	0	2.62
https://robotoys.eu/wooden-3d-puzzle/vehicles/wooden-3d-puzzle-forklift-model-rokr-tg413k-p48	0	19	0	5.42
https://robotoys.eu/wooden-3d-puzzle/vehicles/wooden-3d-puzzle-gray-speedtail-motorcycle-little-story-e020g-p241	0	2	0	4.5
https://robotoys.eu/wooden-3d-puzzle/vehicles/wooden-3d-puzzle-helicopter-little-story-d017-p131	0	54	0	5.8
https://robotoys.eu/wooden-3d-puzzle/vehicles/wooden-3d-puzzle-hot-rod-eco-wood-art-p231	0	3	0	5.33
https://robotoys.eu/wooden-3d-puzzle/vehicles/wooden-3d-puzzle-japanese-diplomatic-ship-rolife-tg307-p199	0	13	0	11.38
https://robotoys.eu/wooden-3d-puzzle/vehicles/wooden-3d-puzzle-jeep-little-story-d003-p167	0	2	0	2.5
https://robotoys.eu/wooden-3d-puzzle/vehicles/wooden-3d-puzzle-locomotive-little-story-e012-p124	0	37	0	7.97
https://robotoys.eu/wooden-3d-puzzle/vehicles/wooden-3d-puzzle-london-tourist-bus-rolife-tgm02-p106	0	18	0	8.06
https://robotoys.eu/wooden-3d-puzzle/vehicles/wooden-3d-puzzle-m4a38-sherman-little-story-wot01-p137	0	40	0	5
https://robotoys.eu/wooden-3d-puzzle/vehicles/wooden-3d-puzzle-motorcycle-speedtail-little-story-e020-p172	0	12	0	5.92
https://robotoys.eu/wooden-3d-puzzle/vehicles/wooden-3d-puzzle-orange-yankee-chopper-little-story-e024r-p250	0	4	0	1
https://robotoys.eu/wooden-3d-puzzle/vehicles/wooden-3d-puzzle-police-car-eco-wood-art-p214	0	5	0	7
https://robotoys.eu/wooden-3d-puzzle/vehicles/wooden-3d-puzzle-polonez-1500-little-story-e003-p95	0	2	0	4.5
https://robotoys.eu/wooden-3d-puzzle/vehicles/wooden-3d-puzzle-purple-speedtail-motorcycle-little-story-e020p-p242	0	5	0	2.6
https://robotoys.eu/wooden-3d-puzzle/vehicles/wooden-3d-puzzle-red-comanche-motorcycle-little-story-e023r-p248	0	1	0	1
https://robotoys.eu/wooden-3d-puzzle/vehicles/wooden-3d-puzzle-red-grand-prix-motorbike-little-story-e021r-p243	0	5	0	4.8
https://robotoys.eu/wooden-3d-puzzle/vehicles/wooden-3d-puzzle-road-cylinder-model-rokr-tg701k-p49	0	12	0	5.08
https://robotoys.eu/wooden-3d-puzzle/vehicles/wooden-3d-puzzle-sailing-ship-lord-of-the-seas-eco-wood-art-p216	0	15	0	6.33
https://robotoys.eu/wooden-3d-puzzle/vehicles/wooden-3d-puzzle-sakura-journey-rolife-tgs02-p105	0	107	0	6.92
https://robotoys.eu/wooden-3d-puzzle/vehicles/wooden-3d-puzzle-steamboat-little-story-e025-p230	0	2	0	5.5
https://robotoys.eu/wooden-3d-puzzle/vehicles/wooden-3d-puzzle-sting-scooter-little-story-e022-p174	0	2	0	1.5
https://robotoys.eu/wooden-3d-puzzle/vehicles/wooden-3d-puzzle-supercar-eco-wood-art-p215	0	1	0	6
https://robotoys.eu/wooden-3d-puzzle/vehicles/wooden-3d-puzzle-syrena-105-little-story-e004-p96	0	8	0	6.62
https://robotoys.eu/wooden-3d-puzzle/vehicles/wooden-3d-puzzle-tank-amx-13-105-little-story-wot05-p177	0	122	0	5.94
https://robotoys.eu/wooden-3d-puzzle/vehicles/wooden-3d-puzzle-tank-char-b1-little-story-wot06-p178	0	1	0	6
https://robotoys.eu/wooden-3d-puzzle/vehicles/wooden-3d-puzzle-tank-fv4005-little-story-wot09-p236	0	4	0	7.5
https://robotoys.eu/wooden-3d-puzzle/vehicles/wooden-3d-puzzle-tank-leopard-1-little-story-wot07-p179	0	135	0	5.14
https://robotoys.eu/wooden-3d-puzzle/vehicles/wooden-3d-puzzle-tank-leopard-1-wot07-p179	0	1	0	4
https://robotoys.eu/wooden-3d-puzzle/vehicles/wooden-3d-puzzle-tank-maus-little-story-wot10-p237	0	9	0	6.11
https://robotoys.eu/wooden-3d-puzzle/vehicles/wooden-3d-puzzle-tank-semi-trailer-for-truck-road-king-eco-wood-art-p155	0	65	0	1.71
https://robotoys.eu/wooden-3d-puzzle/vehicles/wooden-3d-puzzle-tank-t-34-85-little-story-wot02-p135	0	11	0	3.36
https://robotoys.eu/wooden-3d-puzzle/vehicles/wooden-3d-puzzle-truck-little-story-d004-p168	0	2	0	2.5
https://robotoys.eu/wooden-3d-puzzle/vehicles/wooden-3d-puzzle-truck-little-story-e013-p169	0	3	0	1.67
https://robotoys.eu/wooden-3d-puzzle/vehicles/wooden-3d-puzzle-warszawa-m20-little-story-e006-p98	0	4	0	5.25
https://robotoys.eu/wooden-3d-puzzle/vehicles/wooden-3d-puzzle-yacht-little-story-d015-p129	0	14	0	3.93
https://robotoys.eu/wooden-3d-puzzle/vehicles/wooden-3d-puzzle-yankee-chopper-little-story-e024-p176	0	3	0	8
https://robotoys.eu/wooden-3d-puzzle/vehicles/wooden-3d-puzzle-yellow-grand-prix-motorbike-little-story-e021y-p244	0	2	0	9.5
https://robotoys.eu/wooden-3d-puzzle/vehicles/wooden-mechanical-3d-puzzle-cruiser-motorbike-eco-wood-art-p150	0	4	0	5.25
https://robotoys.eu/wooden-3d-puzzle/vehicles/wooden-mechanical-3d-puzzle-dump-truck-eco-wood-art-p205	0	15	0	3.53
https://robotoys.eu/wooden-3d-puzzle/vehicles/wooden-mechanical-3d-puzzle-maz-5309rr-eco-wood-art-p153	0	6	0	3.67
https://robotoys.eu/wooden-3d-puzzle/vehicles/wooden-mechanical-3d-puzzle-racing-car-rokr-lk505-p141	0	33	0	7.55
https://robotoys.eu/wooden-3d-puzzle/vehicles/wooden-mechanical-3d-puzzle-red-racing-car-eco-wood-art-p152	0	20	0	12.05
https://robotoys.eu/wooden-3d-puzzle/vehicles/wooden-mechanical-3d-puzzle-retro-car-eco-wood-art-p157	0	1	0	20
https://robotoys.eu/wooden-3d-puzzle/vehicles/wooden-mechanical-3d-puzzle-stagecoach-rokr-amka1-p99	0	6	0	13.17
https://robotoys.eu/wooden-3d-puzzle/vehicles/wooden-mechanical-3d-puzzle-tractor-eco-wood-art-p233	0	4	0	15.5
https://robotoys.eu/wooden-3d-puzzle/vehicles/wooden-mechanical-3d-puzzle-truck-road-king-eco-wood-art-p206	0	40	0	7.78
https://robotoys.eu/wooden-3d-puzzle/vehicles/wooden-mechanical-3d-puzzle-yellow-racing-car-eco-wood-art-p151	0	14	0	3.71
https://robotoys.eu/wooden-3d-puzzle/weapons	0	17	0	8.35
https://robotoys.eu/wooden-3d-puzzle/weapons/revolver-corsac-m60-rokr-lq401-p35	0	28	0	7.96
https://robotoys.eu/wooden-3d-puzzle/weapons/siege-cannon-rokr-kw801-p51	0	3	0	1.67
https://robotoys.eu/wooden-3d-puzzle/weapons/siege-machine-ballista-rokr-kw401-p15	0	3	0	9.67
https://robotoys.eu/wooden-3d-puzzle/weapons/terminator-m870-rokr-lq501-p36	0	8	0	16.62
https://robotoys.eu/wooden-3d-puzzle/weapons/thompson-rokr-lqb01-p74	0	29	0	10.1
https://robotoys.eu/wooden-3d-puzzle/weapons/wooden-mechanical-3d-puzzle-anti-aircraft-gun-rokr-lqm01-p255	0	2	0	1
https://robotoys.eu/wooden-3d-puzzle/weapons/wooden-mechanical-3d-puzzle-machine-gun-with-rotating-barrel-rokr-lqa01-p218	0	17	0	15.65
https://robotoys.eu/wooden-3d-puzzle/weapons/wooden-mechanical-3d-puzzle-mini-gun-rokr-lq502-p147	0	27	0	8.44
https://robotoys.eu/wooden-3d-puzzle/weapons/wooden-mechanical-3d-puzzle-siege-cannon-rokr-kw801-p51	0	1	0	1
https://se.robotoys.eu/3d-pussel-i-tra-150-till-199-st	0	1	0	10
https://se.robotoys.eu/3d-pussel-i-tra-200-till-299-st	0	3	0	36
https://se.robotoys.eu/3d-pussel-i-tra-mindre-an-100-st	0	12	0	9
https://se.robotoys.eu/3d-pussel-i-tra/arkitektur	0	3	0	7.67
https://se.robotoys.eu/3d-pussel-i-tra/arkitektur/big-ben-modell-med-led-belysning-rolife-tg507-p20	0	18	0	7.22
https://se.robotoys.eu/3d-pussel-i-tra/arkitektur/fem-vaningar-pagod-rolife-tgn02-p45	0	2	0	1
https://se.robotoys.eu/3d-pussel-i-tra/arkitektur/mekaniskt-3d-pussel-i-tra-marmorbana-london-rokr-egb01-p264	0	10	0	9.4
https://se.robotoys.eu/3d-pussel-i-tra/arkitektur/mekaniskt-3d-pussel-i-tra-windmill-eco-wood-art-p154	0	5	0	10.6
https://se.robotoys.eu/3d-pussel-i-tra/arkitektur/modell-av-eiffeltornet-rolife-tg501-p17	0	59	0	5.03
https://se.robotoys.eu/3d-pussel-i-tra/arkitektur/tower-bridge-modell-med-led-belysning-rolife-tg412-p19	0	11	0	7.18
https://se.robotoys.eu/3d-pussel-i-tra/arkitektur/tra-3d-pussel-brandenburger-tor-little-story-e015-p125	0	3	0	6
https://se.robotoys.eu/3d-pussel-i-tra/arkitektur/tra-3d-pussel-colosseum-little-story-e016-p126	0	166	0	5.12
https://se.robotoys.eu/3d-pussel-i-tra/arkitektur/tra-3d-pussel-lutande-tornet-i-pisa-little-story-e009-p114	0	11	0	13
https://se.robotoys.eu/3d-pussel-i-tra/arkitektur/tra-3d-pussel-victory-arch-little-story-e011-p123	0	228	0	10.46
https://se.robotoys.eu/3d-pussel-i-tra/arkitektur/trapussel-i-3d-mini-a-rams-fjallstuga-rolife-dg181-p227	0	1	0	19
https://se.robotoys.eu/3d-pussel-i-tra/arkitektur/trapussel-i-3d-sakura-pavilion-rolife-tga07-p268	0	1	0	8
https://se.robotoys.eu/3d-pussel-i-tra/arkitektur/trapussel-i-3d-sakura-tradhus-rolife-tgs04-p201	0	4	0	23.5
https://se.robotoys.eu/3d-pussel-i-tra/arkitektur/upplyst-eiffeltorn-rolife-tgl01-p73	0	3	0	7
https://se.robotoys.eu/3d-pussel-i-tra/arkitektur/victory-arch-rolife-tg502-p47	0	1	0	12
https://se.robotoys.eu/3d-pussel-i-tra/blommor	0	7	0	5.14
https://se.robotoys.eu/3d-pussel-i-tra/blommor/3d-pussel-i-tra-chamomile-rowood-tw061-p109	0	1	0	3
https://se.robotoys.eu/3d-pussel-i-tra/blommor/3d-pussel-i-tra-rod-kamelia-rowood-tw031-p102	0	2	0	3
https://se.robotoys.eu/3d-pussel-i-tra/blommor/3d-pussel-i-tra-rod-ros-rowood-tw042-p101	0	1	0	1
https://se.robotoys.eu/3d-pussel-i-tra/blommor/3d-pussel-i-tra-sakura-bonsai-rolife-tg415-p142	0	7	0	3.86
https://se.robotoys.eu/3d-pussel-i-tra/blommor/3d-pussel-i-tra-sunflower-rowood-tw011-p113	0	1	0	4
https://se.robotoys.eu/3d-pussel-i-tra/blommor/tra-3d-pussel-bukett-blommor-rowood-tw01h-p100	0	11	0	3.27
https://se.robotoys.eu/3d-pussel-i-tra/blommor/tra-3d-pussel-evergreen-pine-bonsai-rolife-tg510-p143	0	1	0	2
https://se.robotoys.eu/3d-pussel-i-tra/blommor/tra-3d-pussel-orange-tulpan-rowood-tw081-p145	0	3	0	1.67
https://se.robotoys.eu/3d-pussel-i-tra/blommor/tra-3d-pussel-rod-nejlika-rowood-tw052-p112	0	1	0	1
https://se.robotoys.eu/3d-pussel-i-tra/blommor/tra-3d-pussel-rosa-nejlika-rowood-tw051-p110	0	6	0	4.17
https://se.robotoys.eu/3d-pussel-i-tra/blommor/tra-3d-pussel-rosa-ros-rowood-tw041-p111	0	2	0	3
https://se.robotoys.eu/3d-pussel-i-tra/blommor/trapussel-3d-gyllene-solros-rowood-th002-p193	0	4	0	2.75
https://se.robotoys.eu/3d-pussel-i-tra/blommor/trapussel-3d-lila-fjarilsorkide-rowood-tw091-p194	0	2	0	2
https://se.robotoys.eu/3d-pussel-i-tra/blommor/trapussel-3d-trablomkorg-rowood-tw03h-p210	0	1	0	6
https://se.robotoys.eu/3d-pussel-i-tra/blommor/trapussel-i-3d-blomlada-i-tra-rowood-tw02h-p162	0	3	0	8.67
https://se.robotoys.eu/3d-pussel-i-tra/blommor/trapussel-i-3d-blommor-i-tra-rowood-tw04h-p228	0	2	0	10
https://se.robotoys.eu/3d-pussel-i-tra/blommor/trapussel-i-3d-hjort-vid-en-fjallsjo-p260	0	1	0	1
https://se.robotoys.eu/3d-pussel-i-tra/blommor/trapussel-i-3d-julstjarna-rowood-tf001-p222	0	1	0	14
https://se.robotoys.eu/3d-pussel-i-tra/blommor/trapussel-i-3d-kolibri-i-en-blommande-tradgard-p259	0	2	0	10
https://se.robotoys.eu/3d-pussel-i-tra/blommor/trapussel-i-3d-ljusorange-gerbera-rowood-tw111-p196	0	2	0	8
https://se.robotoys.eu/3d-pussel-i-tra/djuren	0	7	0	10.86
https://se.robotoys.eu/3d-pussel-i-tra/djuren/3d-pussel-i-tra-parasaurus-little-story-d008-p117	0	3	0	3.67
https://se.robotoys.eu/3d-pussel-i-tra/djuren/3d-pussel-i-tra-t-rex-little-story-d006-p115	0	6	0	6
https://se.robotoys.eu/3d-pussel-i-tra/djuren/mekaniskt-3d-pussel-i-tra-velociraptor-rokr-ld01-p220	0	1	0	4
https://se.robotoys.eu/3d-pussel-i-tra/djuren/tra-3d-pussel-bi-little-story-d001-p128	0	6	0	5
https://se.robotoys.eu/3d-pussel-i-tra/djuren/tra-3d-pussel-elefant-little-story-d012-p120	0	5	0	4.2
https://se.robotoys.eu/3d-pussel-i-tra/djuren/tra-3d-pussel-flamingo-little-story-d007-p116	0	12	0	3.5
https://se.robotoys.eu/3d-pussel-i-tra/djuren/tra-3d-pussel-giraffe-little-story-d013-p121	0	1	0	1
https://se.robotoys.eu/3d-pussel-i-tra/djuren/tra-3d-pussel-kangaroo-little-story-d014-p122	0	5	0	4.6
https://se.robotoys.eu/3d-pussel-i-tra/djuren/tra-3d-pussel-lejon-little-story-d011-p119	0	53	0	4.51
https://se.robotoys.eu/3d-pussel-i-tra/djuren/tra-3d-pussel-stegosaurus-little-story-d010-p118	0	3	0	3.67
https://se.robotoys.eu/3d-pussel-i-tra/fordon/3d-pussel-i-tra-armejeep-modell-rokr-mc701-p54	0	1	0	2
https://se.robotoys.eu/3d-pussel-i-tra/fordon/3d-pussel-i-tra-fiat-125p-little-story-e002-p94	0	2	0	5
https://se.robotoys.eu/3d-pussel-i-tra/fordon/3d-pussel-i-tra-hjulangare-river-princess-eco-wood-art-p159	0	2	0	8.5
https://se.robotoys.eu/3d-pussel-i-tra/fordon/3d-pussel-i-tra-royal-vagn-rolife-tg302-p62	0	7	0	5.43
https://se.robotoys.eu/3d-pussel-i-tra/fordon/3d-pussel-i-tra-sakura-journey-rolife-tgs02-p105	0	2	0	2.5
https://se.robotoys.eu/3d-pussel-i-tra/fordon/angloksmodell-rokr-mc501-p13	0	3	0	2.67
https://se.robotoys.eu/3d-pussel-i-tra/fordon/dumper-modell-rokr-tg603k-p34	0	1	0	6
https://se.robotoys.eu/3d-pussel-i-tra/fordon/grand-prix-bilmodell-rokr-mc401-p16	0	9	0	4.11
https://se.robotoys.eu/3d-pussel-i-tra/fordon/historisk-sparvagn-rolife-tg505-p40	0	1	0	3
https://se.robotoys.eu/3d-pussel-i-tra/fordon/lok-rokr-lk701-p7	0	2	0	3
https://se.robotoys.eu/3d-pussel-i-tra/fordon/luftballong-rolife-tg406-p84	0	3	0	4.67
https://se.robotoys.eu/3d-pussel-i-tra/fordon/luftskeppsmodell-rolife-tg407-p22	0	1	0	3
https://se.robotoys.eu/3d-pussel-i-tra/fordon/mekaniskt-3d-pussel-i-tra-brandbil-eco-wood-art-p208	0	3	0	8.33
https://se.robotoys.eu/3d-pussel-i-tra/fordon/mekaniskt-3d-pussel-i-tra-cruiser-motorcykel-eco-wood-art-p150	0	4	0	5
https://se.robotoys.eu/3d-pussel-i-tra/fordon/mekaniskt-3d-pussel-i-tra-gul-racerbil-eco-wood-art-p151	0	12	0	10.17
https://se.robotoys.eu/3d-pussel-i-tra/fordon/mekaniskt-3d-pussel-i-tra-lastbil-road-king-eco-wood-art-p206	0	28	0	4.18
https://se.robotoys.eu/3d-pussel-i-tra/fordon/mekaniskt-3d-pussel-i-tra-retrobil-eco-wood-art-p157	0	3	0	26.67
https://se.robotoys.eu/3d-pussel-i-tra/fordon/mekaniskt-3d-pussel-i-tra-rod-racerbil-eco-wood-art-p152	0	2	0	2
https://se.robotoys.eu/3d-pussel-i-tra/fordon/mekaniskt-3d-pussel-i-tra-tippbil-eco-wood-art-p205	0	3	0	5.33
https://se.robotoys.eu/3d-pussel-i-tra/fordon/mekaniskt-3d-pussel-i-tra-traktor-eco-wood-art-p233	0	6	0	4.33
https://se.robotoys.eu/3d-pussel-i-tra/fordon/motorcykel-cruiser-rokr-lk504-p12	0	6	0	2.67
https://se.robotoys.eu/3d-pussel-i-tra/fordon/segelbatsmodell-rolife-tg305-p21	0	8	0	2.5
https://se.robotoys.eu/3d-pussel-i-tra/fordon/tra-3d-pussel-airplane-little-story-d016-p130	0	12	0	4.17
https://se.robotoys.eu/3d-pussel-i-tra/fordon/tra-3d-pussel-bat-chatillon-bourrasque-little-story-wot04-p134	0	5	0	4
https://se.robotoys.eu/3d-pussel-i-tra/fordon/tra-3d-pussel-fiskebat-modell-rolife-tg308-p38	0	1	0	3
https://se.robotoys.eu/3d-pussel-i-tra/fordon/tra-3d-pussel-helikopter-little-story-d017-p131	0	9	0	4
https://se.robotoys.eu/3d-pussel-i-tra/fordon/tra-3d-pussel-kryssningsfartyg-rolife-tg306-p87	0	1	0	7
https://se.robotoys.eu/3d-pussel-i-tra/fordon/tra-3d-pussel-locomotive-little-story-e012-p124	0	3	0	8.33
https://se.robotoys.eu/3d-pussel-i-tra/fordon/tra-3d-pussel-london-turistbuss-rolife-tgm02-p106	0	2	0	8.5
https://se.robotoys.eu/3d-pussel-i-tra/fordon/tra-3d-pussel-tank-t-34-85-little-story-wot02-p135	0	7	0	5.43
https://se.robotoys.eu/3d-pussel-i-tra/fordon/tra-3d-pussel-tiger-i-little-story-wot03-p136	0	10	0	1.7
https://se.robotoys.eu/3d-pussel-i-tra/fordon/tramekaniskt-3d-pussel-racingbil-rokr-lk505-p141	0	2	0	5
https://se.robotoys.eu/3d-pussel-i-tra/fordon/tramekaniskt-3d-pussel-segelbat-sjohast-rokr-mcb02-p212	0	6	0	5.5
https://se.robotoys.eu/3d-pussel-i-tra/fordon/trapussel-3d-angare-little-story-e025-p230	0	2	0	8.5
https://se.robotoys.eu/3d-pussel-i-tra/fordon/trapussel-3d-bla-speedway-motorcykel-little-story-e019b-p239	0	3	0	1
https://se.robotoys.eu/3d-pussel-i-tra/fordon/trapussel-3d-comanche-motorcykel-little-story-e023-p175	0	1	0	5
https://se.robotoys.eu/3d-pussel-i-tra/fordon/trapussel-3d-gra-comanche-motorcykel-little-story-e023g-p247	0	1	0	5
https://se.robotoys.eu/3d-pussel-i-tra/fordon/trapussel-3d-grand-prix-motorcykel-little-story-e021-p173	0	1	0	10
https://se.robotoys.eu/3d-pussel-i-tra/fordon/trapussel-3d-gravmaskin-rokr-tg508k-p197	0	5	0	8.4
https://se.robotoys.eu/3d-pussel-i-tra/fordon/trapussel-3d-gron-speedway-motorcykel-little-story-e019g-p240	0	5	0	3
https://se.robotoys.eu/3d-pussel-i-tra/fordon/trapussel-3d-kryssningsfartyg-little-story-e026-p229	0	1	0	2
https://se.robotoys.eu/3d-pussel-i-tra/fordon/trapussel-3d-polisbil-eco-wood-art-p214	0	2	0	15
https://se.robotoys.eu/3d-pussel-i-tra/fordon/trapussel-3d-segelskepp-djong-eco-wood-art-p232	0	2	0	28.5
https://se.robotoys.eu/3d-pussel-i-tra/fordon/trapussel-3d-speedway-motorcykel-little-story-e019-p171	0	1	0	3
https://se.robotoys.eu/3d-pussel-i-tra/fordon/trapussel-3d-sting-scooter-little-story-e022-p174	0	7	0	5.43
https://se.robotoys.eu/3d-pussel-i-tra/fordon/trapussel-3d-tank-amx-13-105-little-story-wot05-p177	0	4	0	1.75
https://se.robotoys.eu/3d-pussel-i-tra/fordon/trapussel-3d-tank-char-b1-little-story-wot06-p178	0	32	0	6.72
https://se.robotoys.eu/3d-pussel-i-tra/fordon/trapussel-3d-tank-leopard-1-little-story-wot07-p179	0	1	0	3
https://se.robotoys.eu/3d-pussel-i-tra/fordon/trapussel-i-3d-ambulans-eco-wood-art-p203	0	1	0	4
https://se.robotoys.eu/3d-pussel-i-tra/fordon/trapussel-i-3d-bla-sting-scooter-little-story-e022b-p245	0	2	0	3
https://se.robotoys.eu/3d-pussel-i-tra/fordon/trapussel-i-3d-gra-yankee-chopper-little-story-e024g-p249	0	1	0	1
https://se.robotoys.eu/3d-pussel-i-tra/fordon/trapussel-i-3d-japanskt-diplomatiskt-skepp-rolife-tg307-p199	0	6	0	9
https://se.robotoys.eu/3d-pussel-i-tra/fordon/trapussel-i-3d-lastbil-little-story-e013-p169	0	2	0	5.5
https://se.robotoys.eu/3d-pussel-i-tra/fordon/trapussel-i-3d-orange-yankee-chopper-little-story-e024r-p250	0	1	0	1
https://se.robotoys.eu/3d-pussel-i-tra/fordon/trapussel-i-3d-rod-grand-prix-motorcykel-little-story-e021r-p243	0	3	0	7.33
https://se.robotoys.eu/3d-pussel-i-tra/fordon/trapussel-i-3d-rosa-sting-scooter-little-story-e022r-p246	0	3	0	15
https://se.robotoys.eu/3d-pussel-i-tra/fordon/trapussel-i-3d-sjalvgaende-grasklippare-cs-150c-eco-wood-art-p234	0	4	0	10.75
https://se.robotoys.eu/3d-pussel-i-tra/fordon/trapussel-i-3d-tank-fv4005-little-story-wot09-p236	0	1	0	11
https://se.robotoys.eu/3d-pussel-i-tra/fordon/trapussel-i-3d-tank-semitrailer-for-truck-road-king-eco-wood-art-p155	0	1	0	8
https://se.robotoys.eu/3d-pussel-i-tra/fordon/trapussel-med-3d-motiv-schaktbil-moaz-75053-eco-wood-art-p235	0	27	0	26.41
https://se.robotoys.eu/3d-pussel-i-tra/fordon/triplansmodell-rolife-tg301-p46	0	3	0	6.33
https://se.robotoys.eu/3d-pussel-i-tra/fordon/veteranbil-rokr-mc801-p72	0	1	0	11
https://se.robotoys.eu/3d-pussel-i-tra/fordon?page=2	0	1	0	9
https://se.robotoys.eu/3d-pussel-i-tra/klockor-kalendrar/klockuggla-rokr-lk503-p6	0	6	0	9
https://se.robotoys.eu/3d-pussel-i-tra/klockor-kalendrar/mekaniskt-3d-pussel-i-tra-gokur-trafarg-rokr-lc901-p217	0	6	0	4.17
https://se.robotoys.eu/3d-pussel-i-tra/klockor-kalendrar/romantisk-vaggklocka-rokr-lc701-p56	0	3	0	7
https://se.robotoys.eu/3d-pussel-i-tra/klockor-kalendrar/tra-3d-pussel-bordskalender-rokr-lc801-p44	0	1	0	69
https://se.robotoys.eu/3d-pussel-i-tra/klockor-kalendrar/tramekaniskt-3d-pussel-gokur-rokr-lc901c-p198	0	42	0	6.45
https://se.robotoys.eu/3d-pussel-i-tra/klockor-kalendrar/vaggklocka-zodiac-rokr-lc601-p52	0	5	0	9
https://se.robotoys.eu/3d-pussel-i-tra/musikinstrument/3d-pussel-i-tra-cello-rolife-tg411-p85	0	5	0	5.8
https://se.robotoys.eu/3d-pussel-i-tra/musikinstrument/3d-pussel-i-tra-gramophone-rolife-tg408-p39	0	1	0	10
https://se.robotoys.eu/3d-pussel-i-tra/musikinstrument/drums-rolife-tg409-p81	0	2	0	3.5
https://se.robotoys.eu/3d-pussel-i-tra/musikinstrument/elgitarr-modell-rokr-tg605k-p33	0	11	0	6.91
https://se.robotoys.eu/3d-pussel-i-tra/musikinstrument/magiskt-piano-rokr-amk81-p70	0	3	0	9
https://se.robotoys.eu/3d-pussel-i-tra/musikinstrument/saxofon-rolife-tg309-p26	0	8	0	4.12
https://se.robotoys.eu/3d-pussel-i-tra/musikinstrument/violin-capriccio-rokr-tg604k-p66	0	4	0	4.5
https://se.robotoys.eu/3d-pussel-i-tra/speldosor	0	6	0	6.5
https://se.robotoys.eu/3d-pussel-i-tra/speldosor/mekaniskt-3d-pussel-i-tra-klassisk-karusell-rolife-amc01-p146	0	275	0	12.12
https://se.robotoys.eu/3d-pussel-i-tra/speldosor/mekaniskt-3d-pussel-i-tra-magisk-harpa-rokr-amk71-p254	0	12	0	6.83
https://se.robotoys.eu/3d-pussel-i-tra/speldosor/mekaniskt-3d-pussel-i-tra-melodisk-julgran-rolife-ams01-p138	0	5	0	3.2
https://se.robotoys.eu/3d-pussel-i-tra/speldosor/mekaniskt-3d-pussel-i-tra-sakura-dreamy-tour-rolife-amt02-p219	0	6	0	9
https://se.robotoys.eu/3d-pussel-i-tra/speldosor/mekaniskt-3d-pussel-i-tra-spelskap-orpheus-rokr-am601-p82	0	3	0	5.67
https://se.robotoys.eu/3d-pussel-i-tra/speldosor/pariserhjul-rolife-tgn01-p18	0	11	0	3.27
https://se.robotoys.eu/3d-pussel-i-tra/speldosor/romantisk-karusell-rokr-amk62-p77	0	7	0	8.86
https://se.robotoys.eu/3d-pussel-i-tra/speldosor/speldosa-magisk-cello-rokr-amk63-p1	0	6	0	8.33
https://se.robotoys.eu/3d-pussel-i-tra/speldosor/speldosa-stjarnklar-natt-rokr-amk51-p11	0	5	0	4.6
https://se.robotoys.eu/3d-pussel-i-tra/speldosor/speldosa-swing-ride-rokr-ea02-p4	0	5	0	3.2
https://se.robotoys.eu/3d-pussel-i-tra/speldosor/tramekaniskt-3d-pussel-symfoni-av-vackra-drommar-rokr-amk63m-p211	0	3	0	4.67
https://se.robotoys.eu/3d-pussel-i-tra/speldosor/viktoriansk-lykta-rokr-amk61-p80	0	2	0	8.5
https://se.robotoys.eu/3d-pussel-i-tra/stem-lab	0	5	0	6.4
https://se.robotoys.eu/3d-pussel-i-tra/stem-lab/marble-night-city-rokr-lga01-p2	0	4	0	7.75
https://se.robotoys.eu/3d-pussel-i-tra/stem-lab/marble-parkour-rokr-lg501-p42	0	6	0	3.67
https://se.robotoys.eu/3d-pussel-i-tra/stem-lab/mekaniskt-3d-pussel-i-tra-drompresentfabriken-rokr-eab01-p202	0	21	0	6.19
https://se.robotoys.eu/3d-pussel-i-tra/stem-lab/mekaniskt-3d-pussel-i-tra-skrivmaskin-eco-wood-art-p158	0	1	0	5
https://se.robotoys.eu/3d-pussel-i-tra/stem-lab/pinball-rokr-eg01-p43	0	40	0	4.88
https://se.robotoys.eu/3d-pussel-i-tra/stem-lab/tramekaniskt-3d-pussel-angmaskin-rokr-lka01-p104	0	6	0	26.67
https://se.robotoys.eu/3d-pussel-i-tra/stem-lab/tramekaniskt-3d-pussel-chokladfabrik-rokr-lga02-p75	0	1	0	7
https://se.robotoys.eu/3d-pussel-i-tra/stem-lab/tramekaniskt-3d-pussel-gear-ball-challenge-rokr-egc01-p213	0	1	0	7
https://se.robotoys.eu/3d-pussel-i-tra/stem-lab/tramekaniskt-3d-pussel-klassisk-skrivare-rokr-lk602-p90	0	8	0	4.38
https://se.robotoys.eu/3d-pussel-i-tra/stem-lab/tramekaniskt-3d-pussel-mekanisk-skrivmaskin-klassisk-version-rokr-lk703b-p265	0	8	0	9.5
https://se.robotoys.eu/3d-pussel-i-tra/stem-lab/trapussel-i-3d-retrotelefon-eco-wood-art-p156	0	1	0	4
https://se.robotoys.eu/3d-pussel-i-tra/stem-lab/vardeskap-rokr-lk502-p57	0	3	0	6.33
https://se.robotoys.eu/3d-pussel-i-tra/universum/lysande-glob-rokr-st003-p3	0	22	0	6.23
https://se.robotoys.eu/3d-pussel-i-tra/universum/solsystem-rokr-st001-p71	0	7	0	4
https://se.robotoys.eu/3d-pussel-i-tra/vapen	0	7	0	8.71
https://se.robotoys.eu/3d-pussel-i-tra/vapen/ak-47-gevar-rokr-lq901-p67	0	14	0	4
https://se.robotoys.eu/3d-pussel-i-tra/vapen/mekaniskt-3d-pussel-i-tra-minipistol-rokr-lq502-p147	0	13	0	5.38
https://se.robotoys.eu/3d-pussel-i-tra/vapen/siege-cannon-rokr-kw801-p51	0	3	0	4.33
https://se.robotoys.eu/3d-pussel-i-tra/vapen/siege-machine-ballista-rokr-kw401-p15	0	2	0	4
https://se.robotoys.eu/3d-pussel-i-tra/vapen/terminator-m870-rokr-lq501-p36	0	4	0	3.25
https://se.robotoys.eu/3d-pussel-i-tra/vapen/thompson-rokr-lqb01-p74	0	6	0	4.67
https://se.robotoys.eu/3d-pussel-i-tra/vapen/tramekaniskt-3d-pussel-kulspruta-med-roterande-pipa-rokr-lqa01-p218	0	5	0	2.6
https://se.robotoys.eu/anvandbara-lankar/allt-om-shopping	0	4	0	1.5
https://se.robotoys.eu/anvandbara-lankar/om-foretag	0	5	0	3.6
https://se.robotoys.eu/anvandbara-lankar/om-foretag/kontakt	0	1	0	2
https://se.robotoys.eu/anvandbara-lankar/om-foretag/om-oss	0	1	0	2
https://se.robotoys.eu/anvandbara-lankar/vanliga-fragor/en-bestallning	0	1	0	4
https://se.robotoys.eu/anvandbara-lankar/vanliga-fragor/returer-aterbetalningar	0	1	0	1
https://se.robotoys.eu/bastsaljande-fodelsedagspresenter	0	1	0	3
https://se.robotoys.eu/blogg	0	6	0	10.83
https://se.robotoys.eu/blogg/5-basta-alla-hjartans-dag-presenter-som-kommer-att-gladja-alla	0	4	0	10.25
https://se.robotoys.eu/blogg/5-fordelar-med-kreativa-byggstenar-for-utveckling-av-finmotorik-och-koncentration	0	1	0	5
https://se.robotoys.eu/blogg/7-oemotstandliga-presentideer-for-kvinnor	0	4	0	7.25
https://se.robotoys.eu/blogg/basta-presenten-till-henne-ett-magiskt-horn-for-en-bokalskare	0	7	0	8.71
https://se.robotoys.eu/blogg/basta-presenten-till-honom-original-med-en-touch-av-historia	0	19	0	7.63
https://se.robotoys.eu/blogg/en-trabukett-som-aldrig-vissnar-upptack-magin-med-3d-blompussel	0	1	0	34
https://se.robotoys.eu/blogg/fa-din-hjarna-i-rorelse-med-mekaniska-3d-pussel-i-tra#fordelar-med-att-losa-mekaniska-3d-pussel-i-tra	0	5	0	5.8
https://se.robotoys.eu/blogg/fa-din-hjarna-i-rorelse-med-mekaniska-3d-pussel-i-tra#hur-man-valjer-ratt-mekaniskt-3d-trapussel	0	5	0	5.8
https://se.robotoys.eu/blogg/fa-din-hjarna-i-rorelse-med-mekaniska-3d-pussel-i-tra#introduktion-till-mekaniska-3d-pussel-i-tra	0	5	0	5.8
https://se.robotoys.eu/blogg/fa-din-hjarna-i-rorelse-med-mekaniska-3d-pussel-i-tra#kit-for-att-bygga-dina-egna-mekaniska-3d-pussel-i-tra	0	5	0	5.8
https://se.robotoys.eu/blogg/fa-din-hjarna-i-rorelse-med-mekaniska-3d-pussel-i-tra#olika-typer-av-mekaniska-3d-pussel-i-tra	0	5	0	5.8
https://se.robotoys.eu/blogg/fa-din-hjarna-i-rorelse-med-mekaniska-3d-pussel-i-tra#tips-for-att-losa-mekaniska-3d-pussel-i-tra	0	5	0	5.8
https://se.robotoys.eu/blogg/fa-din-hjarna-i-rorelse-med-mekaniska-3d-pussel-i-tra#var-kan-man-kopa-mekaniskt-3d-pussel-i-tra	0	5	0	5.8
https://se.robotoys.eu/blogg/historien-om-3d-trapussel-fran-borjan-till-nutid	0	13	0	7.31
https://se.robotoys.eu/blogg/hur-man-blir-av-med-stress-10-effektiva-tips	0	7	0	52.57
https://se.robotoys.eu/blogg/hur-man-valjer-den-basta-heminredningen-tips-och-tricks	0	1	0	1
https://se.robotoys.eu/blogg/little-story-3d-byggsatser-som-kombinerar-kreativitet-noje-och-kvalitet	0	6	0	8.83
https://se.robotoys.eu/blogg/rokr-ditt-intrade-i-en-varld-av-kreativitet-och-underhallning	0	2	0	20
https://se.robotoys.eu/blogg/rolife-skonheten-med-langsamt-liv-och-diy-kreativitet	0	8	0	7.75
https://se.robotoys.eu/blogg/stem-och-tramodeller	0	6	0	6.67
https://se.robotoys.eu/blogg/tiktok-trenden-dopaminhobby-vad-det-betyder-och-varfor-pussel-ar-ett-toppval	0	4	0	5.25
https://se.robotoys.eu/blogg/vad-man-ska-forbereda-innan-man-satter-ihop-ett-3d-pussel-i-tra-for-forsta-gangen	0	2	0	2
https://se.robotoys.eu/blogg/varfor-ar-3d-tramodeller-den-perfekta-presenten-for-alla-aldrar	0	2	0	6
https://se.robotoys.eu/blogg/world-of-tanks-nu-pa-hyllan	0	5	0	7.2
https://se.robotoys.eu/de-dyraste-miniatyrhusen	0	16	0	8.38
https://se.robotoys.eu/de-dyraste-presenterna-for-barn?page=3	0	1	0	10
https://se.robotoys.eu/de-dyraste-presenterna-for-dekoration	0	1	0	7
https://se.robotoys.eu/de-dyraste-produkterna-av-market-rokr	0	21	0	5.95
https://se.robotoys.eu/de-mest-populara-presenterna-for-kvinnor-och-flickor	0	1	0	4
https://se.robotoys.eu/de-mest-populara-produkterna-fran-varumarket-rokr	0	2	0	11
https://se.robotoys.eu/det-dyraste-3d-pusslet-i-tra?page=2	0	2	0	9
https://se.robotoys.eu/det-senaste-3d-pusslet-i-tra	0	1	0	1
https://se.robotoys.eu/forsaljning-av-produkter-av-market-rokr	0	7	0	9.14
https://se.robotoys.eu/marken	0	23	0	16.57
https://se.robotoys.eu/marken/eco-wood-art	0	3	0	4
https://se.robotoys.eu/marken/little-story	0	2	0	3.5
https://se.robotoys.eu/marken/rolife?page=2	0	2	0	20
https://se.robotoys.eu/marken?page=4	0	1	0	1
https://se.robotoys.eu/miniatyrhus/bocker-nook	0	5	0	8.6
https://se.robotoys.eu/miniatyrhus/bocker-nook/bokhandel-rolife-tgb07-p76	0	14	0	8.36
https://se.robotoys.eu/miniatyrhus/bocker-nook/bokhylla-falling-sakura-rolife-tgb05-p50	0	3	0	7.33
https://se.robotoys.eu/miniatyrhus/bocker-nook/bokhylla-inlagg-arkad-dating-rolife-tgb10-p148	0	5	0	8
https://se.robotoys.eu/miniatyrhus/bocker-nook/bokhylla-inlagg-julgatan-rolife-tgc06-p139	0	3	0	7.33
https://se.robotoys.eu/miniatyrhus/bocker-nook/bokhylla-inlagg-julinteriorscen-rolife-tgc07-p140	0	5	0	14.4
https://se.robotoys.eu/miniatyrhus/bocker-nook/bokhylla-romantic-venice-rolife-tgb08-p107	0	2	0	8
https://se.robotoys.eu/miniatyrhus/bocker-nook/bokhyllinsats-gatubild-rolife-tgb13-p256	0	2	0	6.5
https://se.robotoys.eu/miniatyrhus/bocker-nook/bokhyllinsats-holiday-cafe-rolife-tgb15-p225	0	40	0	3.92
https://se.robotoys.eu/miniatyrhus/bocker-nook/bokhyllinsats-library-of-wonders-rolife-tgb16-p226	0	1	0	11
https://se.robotoys.eu/miniatyrhus/bocker-nook/bokhyllinsats-magisk-fantasihorna-rolife-tgb14-p221	0	21	0	3.67
https://se.robotoys.eu/miniatyrhus/bocker-nook/bokhyllinsats-resa-till-underlandet-rolife-tgb12-p165	0	6	0	2.83
https://se.robotoys.eu/miniatyrhus/bocker-nook/bokhyllinsats-sagopark-rolife-tgb17-p257	0	22	0	4.23
https://se.robotoys.eu/miniatyrhus/bocker-nook/bokhyllinsats-vinhall-under-sakuratraden-rolife-tgb11-p164	0	8	0	8.5
https://se.robotoys.eu/miniatyrhus/bocker-nook/magical-house-rolife-tgb03-p58	0	17	0	5.24
https://se.robotoys.eu/miniatyrhus/bocker-nook/sakura-densya-rolife-tgb01-p29	0	34	0	6.85
https://se.robotoys.eu/miniatyrhus/bocker-nook/semestertradgardshus-rolife-tgb06-p78	0	1	0	7
https://se.robotoys.eu/miniatyrhus/bocker-nook/sunshine-town-rolife-tgb02-p30	0	18	0	6.33
https://se.robotoys.eu/miniatyrhus/bocker-nook/time-travel-rolife-tgb04-p60	0	2	0	5
https://se.robotoys.eu/miniatyrhus/miniatyrbutiker	0	3	0	4
https://se.robotoys.eu/miniatyrhus/miniatyrbutiker/blomsteraffar-emily-rolife-dg145-p25	0	9	0	5.78
https://se.robotoys.eu/miniatyrhus/miniatyrbutiker/cafe-pa-simon-rolife-dg109-p64	0	6	0	7.67
https://se.robotoys.eu/miniatyrhus/miniatyrbutiker/miniatyrhus-alices-tebutik-rolife-dg156-p61	0	1	0	13
https://se.robotoys.eu/miniatyrhus/miniatyrbutiker/miniatyrhus-restaurang-tipsy-rolife-dg167-p209	0	9	0	8.78
https://se.robotoys.eu/miniatyrhus/miniatyrrum	0	14	0	12.21
https://se.robotoys.eu/miniatyrhus/miniatyrrum/miniatyrhus-doras-vind-rolife-dg12-p91	0	4	0	5.25
https://se.robotoys.eu/miniatyrhus/miniatyrrum/miniatyrhus-lilys-veranda-rolife-dg11-p93	0	2	0	4
https://se.robotoys.eu/miniatyrhus/miniatyrrum/miniatyrhus-magiskola-rolife-dg166-p163	0	8	0	4.5
https://se.robotoys.eu/miniatyrhus/miniatyrrum/miniatyrhus-mysig-villa-for-valpar-rolife-dg169-p149	0	3	0	7
https://se.robotoys.eu/miniatyrhus/miniatyrrum/miniatyrhus-mysigt-kok-rolife-dg159-p89	0	1	0	100
https://se.robotoys.eu/miniatyrhus/miniatyrrum/mrs-cathys-vaxthus-rolife-dg104-p28	0	8	0	4
https://se.robotoys.eu/present-ideer	0	4	0	1
https://se.robotoys.eu/present-ideer/fodelsedagspresenter	0	1	0	1
https://se.robotoys.eu/present-ideer/presenter-till-barn	0	2	0	15
https://se.robotoys.eu/present-ideer/presenter-till-henne	0	2	0	9
https://se.robotoys.eu/present-ideer/presenter-till-honom	0	13	0	9.15
https://se.robotoys.eu/present-ideer?page=2	0	1	0	6
https://se.robotoys.eu/presenter-for-dekoration-till-forsaljning	0	1	0	1
https://se.robotoys.eu/pusseltavling	0	4	0	8.5
https://se.robotoys.eu/pusseltavling/bla-sting-scooter-little-story-e022b-245	0	1	0	7
https://se.robotoys.eu/pusseltavling/cafe-pa-simon-rolife-dg109-64	0	1	0	9
https://se.robotoys.eu/pusseltavling/colosseum-little-story-e016-126	0	1	0	11
https://se.robotoys.eu/pusseltavling/dragspel-rolife-tg410-41	0	1	0	12
https://se.robotoys.eu/pusseltavling/fem-vaningar-pagod-rolife-tgn02-45	0	1	0	4
https://se.robotoys.eu/pusseltavling/fiat-125p-little-story-e002-94	0	2	0	3.5
https://se.robotoys.eu/pusseltavling/glittrande-nackrosor-rowood-th001-192	0	1	0	10
https://se.robotoys.eu/pusseltavling/gokur-rokr-lc901c-198	0	1	0	13
https://se.robotoys.eu/pusseltavling/gravmaskin-rokr-tg508k-197	0	2	0	25.5
https://se.robotoys.eu/pusseltavling/gron-speedway-motorcykel-little-story-e019g-240	0	1	0	13
https://se.robotoys.eu/pusseltavling/gyllene-solros-rowood-th002-193	0	1	0	8
https://se.robotoys.eu/pusseltavling/helikopter-little-story-d017-131	0	1	0	3
https://se.robotoys.eu/pusseltavling/japanskt-diplomatiskt-skepp-rolife-tg307-199	0	1	0	8
https://se.robotoys.eu/pusseltavling/kolibri-i-en-blommande-tradgard-259	0	1	0	7
https://se.robotoys.eu/pusseltavling/kryssningsfartyg-little-story-e026-229	0	1	0	1
https://se.robotoys.eu/pusseltavling/kulspruta-med-roterande-pipa-rokr-lqa01-218	0	2	0	9.5
https://se.robotoys.eu/pusseltavling/library-of-wonders-rolife-tgb16-226	0	1	0	10
https://se.robotoys.eu/pusseltavling/ljusorange-gerbera-rowood-tw111-196	0	2	0	4.5
https://se.robotoys.eu/pusseltavling/luftballong-rolife-tg406-84	0	1	0	11
https://se.robotoys.eu/pusseltavling/lutande-tornet-i-pisa-little-story-e009-114	0	3	0	6.67
https://se.robotoys.eu/pusseltavling/magisk-fantasihorna-rolife-tgb14-221	0	1	0	11
https://se.robotoys.eu/pusseltavling/magiskola-rolife-dg166-163	0	1	0	12
https://se.robotoys.eu/pusseltavling/minipistol-rokr-lq502-147	0	1	0	10
https://se.robotoys.eu/pusseltavling/mrs-cathys-vaxthus-rolife-dg104-28	0	1	0	10
https://se.robotoys.eu/pusseltavling/mysig-villa-for-valpar-rolife-dg169-149	0	4	0	5
https://se.robotoys.eu/pusseltavling/orange-tulpan-rowood-tw081-145	0	1	0	8
https://se.robotoys.eu/pusseltavling/romantisk-karusell-rokr-amk62-77	0	1	0	38
https://se.robotoys.eu/pusseltavling/sakura-densya-rolife-tgb01-29	0	2	0	8
https://se.robotoys.eu/pusseltavling/sakura-tradhus-rolife-tgs04-201	0	1	0	8
https://se.robotoys.eu/pusseltavling/schaktbil-moaz-75053-eco-wood-art-235	0	11	0	47.91
https://se.robotoys.eu/pusseltavling/siege-cannon-rokr-kw801-51	0	2	0	8
https://se.robotoys.eu/pusseltavling/skrivmaskin-eco-wood-art-158	0	1	0	19
https://se.robotoys.eu/pusseltavling/speedway-motorcykel-little-story-e019-171	0	4	0	5.75
https://se.robotoys.eu/pusseltavling/speldosa-swing-ride-rokr-ea02-4	0	1	0	6
https://se.robotoys.eu/pusseltavling/sunny-beach-med-fyr-263	0	2	0	13.5
https://se.robotoys.eu/pusseltavling/tank-semitrailer-for-truck-road-king-eco-wood-art-155	0	1	0	3
https://se.robotoys.eu/pusseltavling/tiger-i-little-story-wot03-136	0	1	0	8
https://se.robotoys.eu/pusseltavling/vinhall-under-sakuratraden-rolife-tgb11-164	0	1	0	17
https://se.robotoys.eu/rolifes-produkter-till-forsaljning	0	8	0	6
https://se.robotoys.eu/tra-3d-pussel-latt-svarighetsgrad	0	2	0	3.5
https://se.robotoys.eu/tra-3d-pussel-monteringstid-inom-3-till-5-timmar?page=2	0	1	0	15
https://se.robotoys.eu/tra-3d-pussel-monteringstid-upp-till-1-timme	0	1	0	5
https://si.robotoys.eu/blagovne-znamke/eco-wood-art	0	5	0	5
https://si.robotoys.eu/blagovne-znamke/rokr	0	4	0	4
https://si.robotoys.eu/blagovne-znamke/rolife	0	10	0	1.8
https://si.robotoys.eu/blagovne-znamke/rowood	0	5	0	2.2
https://si.robotoys.eu/blog	0	1	0	5
https://si.robotoys.eu/blog/10-orodij-ki-jih-potrebujete-pri-sestavljanju-lesene-3d-sestavljanke	0	12	0	5.75
https://si.robotoys.eu/blog/5-najboljsih-daril-za-valentinovo-ki-bodo-razveselila-vsakogar	0	6	0	7.33
https://si.robotoys.eu/blog/7-neustavljivih-idej-za-darila-za-zenske	0	14	0	11.57
https://si.robotoys.eu/blog/idealno-darilo-za-otroke-ki-razvija-ustvarjalnost-in-potrpezljivost	0	5	0	12.4
https://si.robotoys.eu/blog/jesen-2025-sezona-umirjenega-zivljenja-tukaj-je-dokaz	0	2	0	6
https://si.robotoys.eu/blog/kaj-morate-vedeti-preden-zgradite-miniaturne-hise	0	2	0	8
https://si.robotoys.eu/blog/kaj-pripraviti-pred-prvim-sestavljanjem-lesene-3d-sestavljanke	0	1	0	4
https://si.robotoys.eu/blog/kako-izbrati-najboljso-dekoracijo-za-dom-nasveti-in-triki	0	2	0	9.5
https://si.robotoys.eu/blog/kako-se-znebiti-stresa-10-ucinkovitih-nasvetov	0	147	0	29.82
https://si.robotoys.eu/blog/lesene-3d-sestavljanke-kako-izbrati-svoj-prvi-komplet-za-sestavljanje-in-na-kaj-se-pripraviti	0	18	0	6
https://si.robotoys.eu/blog/rolife-lepota-pocasnega-zivljenja-in-diy-ustvarjalnost	0	6	0	4.17
https://si.robotoys.eu/blog/sestavljanje-ugank-najboljsa-dejavnost-za-upokojence	0	2	0	2.5
https://si.robotoys.eu/blog/stem-in-leseni-modeli	0	4	0	7
https://si.robotoys.eu/blog/the-story-of-the-famous-tower-bridge-how-to-bring-london-to-your-home	0	55	0	6.29
https://si.robotoys.eu/blog/zakaj-so-3d-leseni-modeli-popolno-darilo-za-vse-starosti	0	4	0	7.75
https://si.robotoys.eu/ideje-za-darila-prodaja?page=4	0	1	0	6
https://si.robotoys.eu/ideje-za-darila/darila-za-bozic	0	19	0	20.74
https://si.robotoys.eu/ideje-za-darila/darila-za-otroke	0	3	0	13
https://si.robotoys.eu/ideje-za-darila/darila-zanjo	0	2	0	7.5
https://si.robotoys.eu/lesena-3d-sestavljanka-cas-sestavljanja-v-3-do-5-urah	0	1	0	2
https://si.robotoys.eu/lesena-3d-sestavljanka-cas-sestavljanja-vec-kot-5-ur	0	2	0	8.5
https://si.robotoys.eu/lesena-3d-sestavljanka-manj-kot-100-kosov	0	1	0	7
https://si.robotoys.eu/lesena-3d-sestavljanka-srednje-zahtevna	0	3	0	7.67
https://si.robotoys.eu/lesena-3d-sestavljanka-vec-kot-300-kosov	0	1	0	9
https://si.robotoys.eu/lesena-3d-sestavljanka/arhitektura	0	2	0	5
https://si.robotoys.eu/lesena-3d-sestavljanka/arhitektura/lesena-3d-sestavljanka-brandenburska-vrata-little-story-e015-p125	0	7	0	3.71
https://si.robotoys.eu/lesena-3d-sestavljanka/arhitektura/lesena-3d-sestavljanka-hisica-na-drevesu-sakura-rolife-tgs04-p201	0	2	0	1
https://si.robotoys.eu/lesena-3d-sestavljanka/arhitektura/lesena-3d-sestavljanka-knjiznica-ob-morski-obali-p261	0	2	0	3.5
https://si.robotoys.eu/lesena-3d-sestavljanka/arhitektura/lesena-3d-sestavljanka-kolosej-little-story-e016-p126	0	3	0	1.67
https://si.robotoys.eu/lesena-3d-sestavljanka/arhitektura/lesena-3d-sestavljanka-lok-zmage-rolife-tg502-p47	0	1	0	1
https://si.robotoys.eu/lesena-3d-sestavljanka/arhitektura/lesena-3d-sestavljanka-mini-gorska-koca-v-obliki-crke-a-rolife-dg181-p227	0	4	0	22.75
https://si.robotoys.eu/lesena-3d-sestavljanka/arhitektura/lesena-3d-sestavljanka-operne-hise-v-sydneyju-little-story-e028-p238	0	1	0	8
https://si.robotoys.eu/lesena-3d-sestavljanka/arhitektura/lesena-3d-sestavljanka-pariska-katedrala-rowood-tg511-p224	0	5	0	3.8
https://si.robotoys.eu/lesena-3d-sestavljanka/arhitektura/lesena-3d-sestavljanka-paviljon-sakure-rolife-tga07-p268	0	1	0	6
https://si.robotoys.eu/lesena-3d-sestavljanka/arhitektura/lesena-3d-sestavljanka-sagrada-familia-little-story-e018-p133	0	1	0	1
https://si.robotoys.eu/lesena-3d-sestavljanka/arhitektura/maketa-posevnega-stolpa-v-pisi-rolife-tg304-p37	0	1	0	11
https://si.robotoys.eu/lesena-3d-sestavljanka/arhitektura/petnadstropna-pagoda-rolife-tgn02-p45	0	6	0	5.5
https://si.robotoys.eu/lesena-3d-sestavljanka/glasbene-skrinjice/elektricni-gramofon-rokr-lkb01d-p68	0	7	0	1.71
https://si.robotoys.eu/lesena-3d-sestavljanka/glasbene-skrinjice/glasbena-skrinjica-carobno-violoncelo-rokr-amk63-p1	0	3	0	3.33
https://si.robotoys.eu/lesena-3d-sestavljanka/glasbene-skrinjice/glasbena-skrinjica-swing-ride-rokr-ea02-p4	0	3	0	5.33
https://si.robotoys.eu/lesena-3d-sestavljanka/glasbene-skrinjice/glasbena-skrinjica-zvezdna-noc-rokr-amk51-p11	0	4	0	29.75
https://si.robotoys.eu/lesena-3d-sestavljanka/glasbene-skrinjice/lesena-mehanska-3d-sestavljanka-carobna-harfa-rokr-amk71-p254	0	4	0	8.25
https://si.robotoys.eu/lesena-3d-sestavljanka/glasbene-skrinjice/lesena-mehanska-3d-sestavljanka-melodicno-bozicno-drevo-rolife-ams01-p138	0	3	0	1
https://si.robotoys.eu/lesena-3d-sestavljanka/glasbene-skrinjice/panoramsko-kolo-rolife-tgn01-p18	0	4	0	3.25
https://si.robotoys.eu/lesena-3d-sestavljanka/glasbene-skrinjice/viktorijanska-lanterna-rokr-amk61-p80	0	1	0	45
https://si.robotoys.eu/lesena-3d-sestavljanka/glasbila/bobni-rolife-tg409-p81	0	2	0	1.5
https://si.robotoys.eu/lesena-3d-sestavljanka/glasbila/carobni-klavir-rokr-amk81-p70	0	9	0	4.89
https://si.robotoys.eu/lesena-3d-sestavljanka/orozje	0	4	0	3.25
https://si.robotoys.eu/lesena-3d-sestavljanka/orozje/lesena-mehanska-3d-sestavljanka-mitraljez-z-vrtljivo-cevjo-rokr-lqa01-p218	0	2	0	5
https://si.robotoys.eu/lesena-3d-sestavljanka/orozje/oblegovalni-top-rokr-kw801-p51	0	2	0	2.5
https://si.robotoys.eu/lesena-3d-sestavljanka/orozje/puska-ak-47-rokr-lq901-p67	0	16	0	2.38
https://si.robotoys.eu/lesena-3d-sestavljanka/roze/lesena-3d-sestavljanka-bozicna-zvezda-rowood-tf001-p222	0	1	0	2
https://si.robotoys.eu/lesena-3d-sestavljanka/roze/lesena-3d-sestavljanka-kolibri-v-cvetocem-vrtu-p259	0	1	0	10
https://si.robotoys.eu/lesena-3d-sestavljanka/roze/lesena-3d-sestavljanka-lesena-knjiga-z-rozami-rowood-tw04h-p228	0	3	0	2
https://si.robotoys.eu/lesena-3d-sestavljanka/roze/lesena-3d-sestavljanka-lesena-kosara-za-roze-rowood-tw03h-p210	0	3	0	1.33
https://si.robotoys.eu/lesena-3d-sestavljanka/roze/lesena-3d-sestavljanka-lesena-skatla-za-roze-rowood-tw02h-p162	0	3	0	2
https://si.robotoys.eu/lesena-3d-sestavljanka/roze/lesena-3d-sestavljanka-rdeca-kamelija-rowood-tw031-p102	0	1	0	1
https://si.robotoys.eu/lesena-3d-sestavljanka/roze/lesena-3d-sestavljanka-rdeca-vrtnica-rowood-tw042-p101	0	5	0	4
https://si.robotoys.eu/lesena-3d-sestavljanka/roze/lesena-3d-sestavljanka-roza-dalija-rowood-tw131-p252	0	2	0	1
https://si.robotoys.eu/lesena-3d-sestavljanka/roze/lesena-3d-sestavljanka-roza-nagelj-rowood-tw051-p110	0	3	0	2.67
https://si.robotoys.eu/lesena-3d-sestavljanka/roze/lesena-3d-sestavljanka-roznata-lilija-rowood-tw071-p144	0	9	0	2.11
https://si.robotoys.eu/lesena-3d-sestavljanka/roze/lesena-3d-sestavljanka-sakura-bonsai-rolife-tg415-p142	0	2	0	2
https://si.robotoys.eu/lesena-3d-sestavljanka/roze/lesena-3d-sestavljanka-sakura-rowood-tw101-p195	0	5	0	1.8
https://si.robotoys.eu/lesena-3d-sestavljanka/roze/lesena-3d-sestavljanka-soncnica-rowood-tw011-p113	0	3	0	22
https://si.robotoys.eu/lesena-3d-sestavljanka/roze/lesena-3d-sestavljanka-sopek-roz-rowood-tw01h-p100	0	26	0	3.73
https://si.robotoys.eu/lesena-3d-sestavljanka/roze/lesena-3d-sestavljanka-svetlo-oranzna-gerbera-rowood-tw111-p196	0	1	0	2
https://si.robotoys.eu/lesena-3d-sestavljanka/roze/lesena-3d-sestavljanka-vijolicna-orhideja-metulj-rowood-tw091-p194	0	17	0	8.71
https://si.robotoys.eu/lesena-3d-sestavljanka/roze/lesena-3d-sestavljanka-zlata-soncnica-rowood-th002-p193	0	3	0	3.67
https://si.robotoys.eu/lesena-3d-sestavljanka/stem-lab	0	1	0	12
https://si.robotoys.eu/lesena-3d-sestavljanka/stem-lab/lesena-3d-sestavljanka-retro-telefon-eco-wood-art-p156	0	7	0	4.29
https://si.robotoys.eu/lesena-3d-sestavljanka/stem-lab/lesena-mehanska-3d-sestavljanka-gear-ball-challenge-rokr-egc01-p213	0	1	0	10
https://si.robotoys.eu/lesena-3d-sestavljanka/stem-lab/lesena-mehanska-3d-sestavljanka-mehanski-pisalni-stroj-klasicna-razlicica-rokr-lk703b-p265	0	4	0	6.75
https://si.robotoys.eu/lesena-3d-sestavljanka/stem-lab/lesena-mehanska-3d-sestavljanka-mehanski-pisalni-stroj-magic-version-rokr-lk703c-p266	0	1	0	8
https://si.robotoys.eu/lesena-3d-sestavljanka/stem-lab/lesena-mehanska-3d-sestavljanka-parni-stroj-rokr-lka01-p104	0	2	0	4
https://si.robotoys.eu/lesena-3d-sestavljanka/stem-lab/lesena-mehanska-3d-sestavljanka-pisalni-stroj-eco-wood-art-p158	0	30	0	9.97
https://si.robotoys.eu/lesena-3d-sestavljanka/stem-lab/lesena-mehanska-3d-sestavljanka-tovarna-daril-sanj-rokr-eab01-p202	0	1	0	9
https://si.robotoys.eu/lesena-3d-sestavljanka/ure-in-koledarji/lesena-mehanska-3d-sestavljanka-kukavicja-ura-lesena-barva-rokr-lc901-p217	0	5	0	5.2
https://si.robotoys.eu/lesena-3d-sestavljanka/ure-in-koledarji/romanticna-stenska-ura-rokr-lc701-p56	0	3	0	3.67
https://si.robotoys.eu/lesena-3d-sestavljanka/ure-in-koledarji/stenska-ura-zodiac-rokr-lc601-p52	0	5	0	3.6
https://si.robotoys.eu/lesena-3d-sestavljanka/ure-in-koledarji/ura-sova-rokr-lk503-p6	0	3	0	2
https://si.robotoys.eu/lesena-3d-sestavljanka/ure-in-koledarji/vecni-koledar-rokr-lk201-p55	0	1	0	2
https://si.robotoys.eu/lesena-3d-sestavljanka/vesolje/lesena-mehanska-3d-sestavljanka-vesoljski-raketoplan-rokr-lka02-p253	0	2	0	2
https://si.robotoys.eu/lesena-3d-sestavljanka/vesolje/monokularni-teleskop-rokr-st004-p8	0	11	0	3.27
https://si.robotoys.eu/lesena-3d-sestavljanka/vesolje/soncni-sistem-rokr-st001-p71	0	1	0	9
https://si.robotoys.eu/lesena-3d-sestavljanka/vesolje/svetleci-globus-rokr-st003-p3	0	26	0	2.73
https://si.robotoys.eu/lesena-3d-sestavljanka/vozila	0	13	0	4.38
https://si.robotoys.eu/lesena-3d-sestavljanka/vozila/lesena-3d-sestavljanka-cisterna-polprikolica-za-tovornjak-road-king-eco-wood-art-p155	0	1	0	1
https://si.robotoys.eu/lesena-3d-sestavljanka/vozila/lesena-3d-sestavljanka-fiat-126p-little-story-e005-p97	0	1	0	2
https://si.robotoys.eu/lesena-3d-sestavljanka/vozila/lesena-3d-sestavljanka-jadrnica-djong-eco-wood-art-p232	0	10	0	3.2
https://si.robotoys.eu/lesena-3d-sestavljanka/vozila/lesena-3d-sestavljanka-jadrnica-lord-of-the-seas-eco-wood-art-p216	0	4	0	3.25
https://si.robotoys.eu/lesena-3d-sestavljanka/vozila/lesena-3d-sestavljanka-jahta-little-story-d015-p129	0	2	0	5
https://si.robotoys.eu/lesena-3d-sestavljanka/vozila/lesena-3d-sestavljanka-japonska-diplomatska-ladja-rolife-tg307-p199	0	1	0	5
https://si.robotoys.eu/lesena-3d-sestavljanka/vozila/lesena-3d-sestavljanka-komanski-motor-little-story-e023-p175	0	4	0	4.75
https://si.robotoys.eu/lesena-3d-sestavljanka/vozila/lesena-3d-sestavljanka-kraljevska-kocija-rolife-tg302-p62	0	1	0	3
https://si.robotoys.eu/lesena-3d-sestavljanka/vozila/lesena-3d-sestavljanka-krizarka-little-story-e026-p229	0	4	0	1.25
https://si.robotoys.eu/lesena-3d-sestavljanka/vozila/lesena-3d-sestavljanka-letalo-little-story-d016-p130	0	12	0	4.17
https://si.robotoys.eu/lesena-3d-sestavljanka/vozila/lesena-3d-sestavljanka-lokomotiva-little-story-e012-p124	0	1	0	2
https://si.robotoys.eu/lesena-3d-sestavljanka/vozila/lesena-3d-sestavljanka-londonski-turisticni-avtobus-rolife-tgm02-p106	0	6	0	1.83
https://si.robotoys.eu/lesena-3d-sestavljanka/vozila/lesena-3d-sestavljanka-motocikel-speedway-little-story-e019-p171	0	1	0	4
https://si.robotoys.eu/lesena-3d-sestavljanka/vozila/lesena-3d-sestavljanka-oranzni-yankee-chopper-little-story-e024r-p250	0	1	0	9
https://si.robotoys.eu/lesena-3d-sestavljanka/vozila/lesena-3d-sestavljanka-parnik-little-story-e025-p230	0	8	0	2.75
https://si.robotoys.eu/lesena-3d-sestavljanka/vozila/lesena-3d-sestavljanka-parnik-z-lopaticami-river-princess-eco-wood-art-p159	0	8	0	3
https://si.robotoys.eu/lesena-3d-sestavljanka/vozila/lesena-3d-sestavljanka-policijski-avto-eco-wood-art-p214	0	3	0	2
https://si.robotoys.eu/lesena-3d-sestavljanka/vozila/lesena-3d-sestavljanka-prikolica-za-prekucnik-road-king-eco-wood-art-p207	0	1	0	2
https://si.robotoys.eu/lesena-3d-sestavljanka/vozila/lesena-3d-sestavljanka-rdec-motor-comanche-little-story-e023r-p248	0	2	0	7
https://si.robotoys.eu/lesena-3d-sestavljanka/vozila/lesena-3d-sestavljanka-samohodna-kosilnica-cs-150c-eco-wood-art-p234	0	1	0	1
https://si.robotoys.eu/lesena-3d-sestavljanka/vozila/lesena-3d-sestavljanka-siv-motor-comanche-little-story-e023g-p247	0	3	0	5
https://si.robotoys.eu/lesena-3d-sestavljanka/vozila/lesena-3d-sestavljanka-tank-amx-13-105-little-story-wot05-p177	0	2	0	1
https://si.robotoys.eu/lesena-3d-sestavljanka/vozila/lesena-3d-sestavljanka-tank-leopard-1-little-story-wot07-p179	0	1	0	3
https://si.robotoys.eu/lesena-3d-sestavljanka/vozila/lesena-3d-sestavljanka-tank-tortoise-little-story-wot08-p180	0	1	0	1
https://si.robotoys.eu/lesena-3d-sestavljanka/vozila/lesena-3d-sestavljanka-tovornjak-little-story-d004-p168	0	3	0	1.33
https://si.robotoys.eu/lesena-3d-sestavljanka/vozila/lesena-mehanska-3d-sestavljanka-gasilski-tovornjak-eco-wood-art-p208	0	1	0	2
https://si.robotoys.eu/lesena-3d-sestavljanka/vozila/lesena-mehanska-3d-sestavljanka-tovornjak-road-king-eco-wood-art-p206	0	1	0	2
https://si.robotoys.eu/lesena-3d-sestavljanka/vozila/lesena-mehanska-3d-sestavljanka-traktor-eco-wood-art-p233	0	6	0	5
https://si.robotoys.eu/lesena-3d-sestavljanka/vozila/lokomotiva-rokr-lk701-p7	0	1	0	2
https://si.robotoys.eu/lesena-3d-sestavljanka/vozila/motorno-kolo-cruiser-rokr-lk504-p12	0	1	0	1
https://si.robotoys.eu/lesena-3d-sestavljanka/vozila/starodobni-avto-rokr-mc801-p72	0	7	0	3.43
https://si.robotoys.eu/lesena-3d-sestavljanka/vozila/toplozracni-balon-rolife-tg406-p84	0	1	0	26
https://si.robotoys.eu/lesena-3d-sestavljanka/zivali/lesena-3d-sestavljanka-cebela-little-story-d001-p128	0	2	0	1.5
https://si.robotoys.eu/lesena-3d-sestavljanka/zivali/lesena-3d-sestavljanka-lion-little-story-d011-p119	0	1	0	4
https://si.robotoys.eu/lesena-3d-sestavljanka/zivali/lesena-3d-sestavljanka-parasaurus-little-story-d008-p117	0	1	0	2
https://si.robotoys.eu/lesena-3d-sestavljanka/zivali/lesena-3d-sestavljanka-sova-little-story-d009-p132	0	9	0	2.56
https://si.robotoys.eu/lesena-3d-sestavljanka/zivali/lesena-3d-sestavljanka-t-rex-little-story-d006-p115	0	2	0	13
https://si.robotoys.eu/miniaturne-hise-cas-sestavljanja-vec-kot-5-ur	0	4	0	8.25
https://si.robotoys.eu/miniaturne-hise-naprodaj	0	12	0	14
https://si.robotoys.eu/miniaturne-hise/knjige-nook/carobna-hisa-rolife-tgb03-p58	0	1	0	3
https://si.robotoys.eu/miniaturne-hise/knjige-nook/knjigarna-rolife-tgb07-p76	0	3	0	4
https://si.robotoys.eu/miniaturne-hise/knjige-nook/knjizni-vlozek-cvetlicni-koticek-rolife-tgb09-p108	0	8	0	9.38
https://si.robotoys.eu/miniaturne-hise/knjige-nook/sakura-densya-rolife-tgb01-p29	0	4	0	6.25
https://si.robotoys.eu/miniaturne-hise/knjige-nook/sunshine-town-rolife-tgb02-p30	0	1	0	3
https://si.robotoys.eu/miniaturne-hise/knjige-nook/time-travel-rolife-tgb04-p60	0	12	0	5.83
https://si.robotoys.eu/miniaturne-hise/knjige-nook/vlozek-za-knjizno-polico-bozicna-notranja-scena-rolife-tgc07-p140	0	4	0	3.75
https://si.robotoys.eu/miniaturne-hise/knjige-nook/vlozek-za-knjizno-polico-bozicna-ulica-rolife-tgc06-p139	0	7	0	3.29
https://si.robotoys.eu/miniaturne-hise/knjige-nook/vlozek-za-knjizno-polico-carobni-fantazijski-koticek-rolife-tgb14-p221	0	4	0	9
https://si.robotoys.eu/miniaturne-hise/knjige-nook/vlozek-za-knjizno-polico-falling-sakura-rolife-tgb05-p50	0	1	0	5
https://si.robotoys.eu/miniaturne-hise/knjige-nook/vlozek-za-knjizno-polico-holiday-cafe-rolife-tgb15-p225	0	3	0	3
https://si.robotoys.eu/miniaturne-hise/knjige-nook/vlozek-za-knjizno-polico-knjiznica-cudes-rolife-tgb16-p226	0	1	0	2
https://si.robotoys.eu/miniaturne-hise/knjige-nook/vlozek-za-knjizno-polico-potovanje-v-cudezno-dezelo-rolife-tgb12-p165	0	12	0	4.83
https://si.robotoys.eu/miniaturne-hise/knjige-nook/vlozek-za-knjizno-polico-romantic-venice-rolife-tgb08-p107	0	1	0	2
https://si.robotoys.eu/miniaturne-hise/knjige-nook/vlozek-za-knjizno-polico-ulicni-prizor-rolife-tgb13-p256	0	2	0	2.5
https://si.robotoys.eu/miniaturne-hise/miniaturne-sobe	0	2	0	6
https://si.robotoys.eu/miniaturne-hise/miniaturne-sobe/miniaturna-hisa-carobna-sola-rolife-dg166-p163	0	5	0	6.8
https://si.robotoys.eu/miniaturne-hise/miniaturne-sobe/miniaturna-hisa-lilys-porch-rolife-dg11-p93	0	1	0	5
https://si.robotoys.eu/miniaturne-hise/miniaturne-sobe/miniaturna-hiska-dorina-mansarda-rolife-dg12-p91	0	4	0	7.25
https://si.robotoys.eu/miniaturne-hise/miniaturne-sobe/miniaturna-hiska-prijetna-vila-za-mladicke-rolife-dg169-p149	0	4	0	3.75
https://si.robotoys.eu/miniaturne-hise/miniaturne-sobe/mosejeva-detektivska-agencija-rolife-dg157-p24	0	1	0	2
https://si.robotoys.eu/miniaturne-hise/miniaturne-sobe/rastlinjak-gospe-cathy-rolife-dg104-p28	0	4	0	4
https://si.robotoys.eu/miniaturne-hise/miniaturne-sobe/vrt-gospoda-millerja-rolife-dg108-p23	0	1	0	1
https://si.robotoys.eu/miniaturne-hise/miniaturne-trgovine	0	2	0	1
https://si.robotoys.eu/miniaturne-hise/miniaturne-trgovine/carovnica-kiki-rolife-dg155-p31	0	4	0	3.25
https://si.robotoys.eu/miniaturne-hise/miniaturne-trgovine/cvetlicarna-emily-rolife-dg145-p25	0	1	0	2
https://si.robotoys.eu/miniaturne-hise/miniaturne-trgovine/kavarna-na-naslovu-simon-rolife-dg109-p64	0	6	0	7.83
https://si.robotoys.eu/miniaturne-hise/miniaturne-trgovine/miniaturna-hisa-aliceina-trgovina-s-cajem-rolife-dg156-p61	0	6	0	7.33
https://si.robotoys.eu/miniaturne-hisice-cas-sestave-v-3-do-5-urah	0	1	0	6
https://si.robotoys.eu/miniaturne-hisice-vec-kot-300-kosov	0	1	0	10
https://si.robotoys.eu/najbolj-priljubljena-darila-za-moske-in-fante	0	1	0	10
https://si.robotoys.eu/najbolj-priljubljeni-izdelki-blagovne-znamke-rokr	0	1	0	10
https://si.robotoys.eu/najbolje-ocenjena-darila-za-okras	0	1	0	8
https://si.robotoys.eu/najbolje-ocenjena-darila-za-zenske-in-dekleta	0	1	0	38
https://si.robotoys.eu/najbolje-ocenjena-darila-za-zenske-in-dekleta?page=3	0	1	0	75
https://si.robotoys.eu/najbolje-ocenjena-lesena-3d-sestavljanka	0	1	0	7
https://si.robotoys.eu/najbolje-ocenjene-miniaturne-hise	0	2	0	9
https://si.robotoys.eu/najbolje-ocenjeni-izdelki-blagovne-znamke-rolife	0	1	0	3
https://si.robotoys.eu/najbolje-prodajana-darila-za-otroke	0	1	0	7
https://si.robotoys.eu/najcenejsa-darila-za-bozic?page=4	0	1	0	1
https://si.robotoys.eu/najdrazja-darila-za-bozic?page=4	0	1	0	11
https://si.robotoys.eu/najdrazja-darila-za-okras	0	1	0	9
https://si.robotoys.eu/najdrazja-darila-za-rojstni-dan	0	2	0	4.5
https://si.robotoys.eu/najdrazja-darila-za-rojstni-dan?page=4	0	2	0	65
https://si.robotoys.eu/najdrazji-izdelki-blagovne-znamke-rolife	0	7	0	3
https://si.robotoys.eu/najnovejsa-darila-za-okras	0	1	0	7
https://si.robotoys.eu/najnovejsa-darila-za-okras?page=4	0	1	0	10
https://si.robotoys.eu/najnovejse-miniaturne-hise	0	1	0	2
https://si.robotoys.eu/prodaja-bozicnih-daril	0	1	0	19
https://si.robotoys.eu/prodaja-daril-za-dekoracijo?page=2	0	2	0	7.5
https://si.robotoys.eu/prodaja-izdelkov-blagovne-znamke-rolife	0	3	0	1
https://si.robotoys.eu/tekmovanje-v-sestavljanju-sestavljank/ambulance-eco-wood-art-203	0	2	0	10
https://si.robotoys.eu/tekmovanje-v-sestavljanju-sestavljank/autobus-little-story-d002-166	0	1	0	3
https://si.robotoys.eu/tekmovanje-v-sestavljanju-sestavljank/bager-rokr-tg508k-197	0	1	0	10
https://si.robotoys.eu/tekmovanje-v-sestavljanju-sestavljank/bozicna-ulica-rolife-tgc06-139	0	1	0	6
https://si.robotoys.eu/tekmovanje-v-sestavljanju-sestavljank/bozicna-zvezda-rowood-tf001-222	0	3	0	6.67
https://si.robotoys.eu/tekmovanje-v-sestavljanju-sestavljank/carobna-hisa-rolife-tgb03-58	0	1	0	2
https://si.robotoys.eu/tekmovanje-v-sestavljanju-sestavljank/carobna-sola-rolife-dg166-163	0	3	0	8.67
https://si.robotoys.eu/tekmovanje-v-sestavljanju-sestavljank/carobni-fantazijski-koticek-rolife-tgb14-221	0	2	0	14
https://si.robotoys.eu/tekmovanje-v-sestavljanju-sestavljank/carovnica-kiki-rolife-dg155-31	0	3	0	4
https://si.robotoys.eu/tekmovanje-v-sestavljanju-sestavljank/falling-sakura-rolife-tgb05-50	0	1	0	10
https://si.robotoys.eu/tekmovanje-v-sestavljanju-sestavljank/filmski-projektor-vitascope-rokr-lk601-5	0	1	0	35
https://si.robotoys.eu/tekmovanje-v-sestavljanju-sestavljank/gasilski-tovornjak-eco-wood-art-208	0	1	0	3
https://si.robotoys.eu/tekmovanje-v-sestavljanju-sestavljank/gear-ball-challenge-rokr-egc01-213	0	1	0	7
https://si.robotoys.eu/tekmovanje-v-sestavljanju-sestavljank/harmonika-rolife-tg410-41	0	1	0	6
https://si.robotoys.eu/tekmovanje-v-sestavljanju-sestavljank/helikopter-little-story-d017-131	0	1	0	6
https://si.robotoys.eu/tekmovanje-v-sestavljanju-sestavljank/hisica-na-drevesu-sakura-rolife-tgs04-201	0	1	0	42
https://si.robotoys.eu/tekmovanje-v-sestavljanju-sestavljank/jahta-little-story-d015-129	0	1	0	5
https://si.robotoys.eu/tekmovanje-v-sestavljanju-sestavljank/kamion-little-story-d004-168	0	1	0	5
https://si.robotoys.eu/tekmovanje-v-sestavljanju-sestavljank/klasicni-mestni-tramvaj-rokr-lk801-88	0	1	0	3
https://si.robotoys.eu/tekmovanje-v-sestavljanju-sestavljank/kolibri-v-cvetocem-vrtu-259	0	1	0	3
https://si.robotoys.eu/tekmovanje-v-sestavljanju-sestavljank/kombajn-za-zito-gh800-eco-wood-art-160	0	1	0	10
https://si.robotoys.eu/tekmovanje-v-sestavljanju-sestavljank/kraljevska-kocija-rolife-tg302-62	0	1	0	10
https://si.robotoys.eu/tekmovanje-v-sestavljanju-sestavljank/krizarka-little-story-e026-229	0	1	0	1
https://si.robotoys.eu/tekmovanje-v-sestavljanju-sestavljank/kukavicja-ura-lesena-barva-rokr-lc901-217	0	1	0	4
https://si.robotoys.eu/tekmovanje-v-sestavljanju-sestavljank/kukavicja-ura-rokr-lc901c-198	0	1	0	11
https://si.robotoys.eu/tekmovanje-v-sestavljanju-sestavljank/lesena-kosara-za-roze-rowood-tw03h-210	0	2	0	3.5
https://si.robotoys.eu/tekmovanje-v-sestavljanju-sestavljank/lesena-skatla-za-roze-rowood-tw02h-162	0	1	0	7
https://si.robotoys.eu/tekmovanje-v-sestavljanju-sestavljank/londonski-turisticni-avtobus-rolife-tgm02-106	0	1	0	51
https://si.robotoys.eu/tekmovanje-v-sestavljanju-sestavljank/mehanski-pisalni-stroj-klasicna-razlicica-rokr-lk703b-265	0	2	0	1.5
https://si.robotoys.eu/tekmovanje-v-sestavljanju-sestavljank/mehanski-pisalni-stroj-magic-version-rokr-lk703c-266	0	2	0	12.5
https://si.robotoys.eu/tekmovanje-v-sestavljanju-sestavljank/model-avtomobila-grand-prix-rokr-mc401-16	0	1	0	4
https://si.robotoys.eu/tekmovanje-v-sestavljanju-sestavljank/model-elektricne-kitare-rokr-tg605k-33	0	1	0	10
https://si.robotoys.eu/tekmovanje-v-sestavljanju-sestavljank/model-jadrnice-rolife-tg305-21	0	3	0	8
https://si.robotoys.eu/tekmovanje-v-sestavljanju-sestavljank/monokularni-teleskop-rokr-st004-8	0	1	0	10
https://si.robotoys.eu/tekmovanje-v-sestavljanju-sestavljank/mosejeva-detektivska-agencija-rolife-dg157-24	0	2	0	4.5
https://si.robotoys.eu/tekmovanje-v-sestavljanju-sestavljank/motocikel-speedway-little-story-e019-171	0	1	0	3
https://si.robotoys.eu/tekmovanje-v-sestavljanju-sestavljank/nakladalnik-eco-wood-art-204	0	1	0	10
https://si.robotoys.eu/tekmovanje-v-sestavljanju-sestavljank/notre-dame-cathedral-little-story-e017-127	0	1	0	26
https://si.robotoys.eu/tekmovanje-v-sestavljanju-sestavljank/oblegovalni-stroj-balista-rokr-kw401-15	0	1	0	8
https://si.robotoys.eu/tekmovanje-v-sestavljanju-sestavljank/osvetljeni-eifflov-stolp-rolife-tgl01-73	0	2	0	5
https://si.robotoys.eu/tekmovanje-v-sestavljanju-sestavljank/pariska-katedrala-rowood-tg511-224	0	1	0	5
https://si.robotoys.eu/tekmovanje-v-sestavljanju-sestavljank/parnik-little-story-e025-230	0	1	0	10
https://si.robotoys.eu/tekmovanje-v-sestavljanju-sestavljank/pisalni-stroj-eco-wood-art-158	0	1	0	9
https://si.robotoys.eu/tekmovanje-v-sestavljanju-sestavljank/policijski-avto-eco-wood-art-214	0	1	0	4
https://si.robotoys.eu/tekmovanje-v-sestavljanju-sestavljank/posevni-stolp-v-pisi-little-story-e009-114	0	1	0	10
https://si.robotoys.eu/tekmovanje-v-sestavljanju-sestavljank/puska-ak-47-rokr-lq901-67	0	1	0	10
https://si.robotoys.eu/tekmovanje-v-sestavljanju-sestavljank/rdeca-vrtnica-rowood-tw042-101	0	1	0	6
https://si.robotoys.eu/tekmovanje-v-sestavljanju-sestavljank/rumen-dirkalnik-eco-wood-art-151	0	1	0	30
https://si.robotoys.eu/tekmovanje-v-sestavljanju-sestavljank/soncnica-rowood-tw011-113	0	2	0	5.5
https://si.robotoys.eu/tekmovanje-v-sestavljanju-sestavljank/sopek-roz-rowood-tw01h-100	0	3	0	5.67
https://si.robotoys.eu/tekmovanje-v-sestavljanju-sestavljank/supercar-eco-wood-art-215	0	1	0	5
https://si.robotoys.eu/tekmovanje-v-sestavljanju-sestavljank/svetleci-globus-rokr-st003-3	0	4	0	7
https://si.robotoys.eu/tekmovanje-v-sestavljanju-sestavljank/tank-fv4005-little-story-wot09-236	0	1	0	6
https://si.robotoys.eu/tekmovanje-v-sestavljanju-sestavljank/tank-leopard-1-little-story-wot07-179	0	1	0	10
https://si.robotoys.eu/tekmovanje-v-sestavljanju-sestavljank/terminator-m870-rokr-lq501-36	0	1	0	4
https://si.robotoys.eu/tekmovanje-v-sestavljanju-sestavljank/toplozracni-balon-rolife-tg406-84	0	2	0	3
https://si.robotoys.eu/tekmovanje-v-sestavljanju-sestavljank/tovornjak-za-zemeljska-dela-moaz-75053-eco-wood-art-235	0	1	0	10
https://si.robotoys.eu/tekmovanje-v-sestavljanju-sestavljank/ura-sova-rokr-lk503-6	0	3	0	5.67
https://si.robotoys.eu/tekmovanje-v-sestavljanju-sestavljank/vesoljski-raketoplan-rokr-lka02-253	0	1	0	10
https://si.robotoys.eu/tekmovanje-v-sestavljanju-sestavljank/vrt-gospoda-millerja-rolife-dg108-23	0	2	0	91.5
https://si.robotoys.eu/tekmovanje-v-sestavljanju-sestavljank/zlata-soncnica-rowood-th002-193	0	1	0	2
https://si.robotoys.eu/uporabne-povezave/o-podjetju	0	3	0	13
https://si.robotoys.eu/uporabne-povezave/o-podjetju/kontakt	0	3	0	3.33
https://si.robotoys.eu/uporabne-povezave/o-podjetju/o-nas	0	2	0	1
https://si.robotoys.eu/uporabne-povezave/o-podjetju/trgovina-na-debelo	0	1	0	1
https://si.robotoys.eu/uporabne-povezave/vse-o-nakupovanju	0	1	0	1
https://si.robotoys.eu/uporabne-povezave/vse-o-nakupovanju/pogoji-poslovanja	0	1	0	4
https://si.robotoys.eu/uporabne-povezave/vse-o-nakupovanju/pogoji-reklamacije	0	3	0	7.33
https://www.robotoys.eu/casas-en-miniatura/tiendas-de-miniaturas	0	1	0	1
https://www.robotoys.eu/drewniane-puzzle-3d/architektura/podswietlana-wieza-eiffla-rolife-tgl01-p73	0	1	0	4
https://www.robotoys.eu/houten-3d-puzzel/klokken-kalenders/klokuil-rokr-lk503-p6	0	1	0	1
