query	page	clicks	impressions	ctr	position
rowood	https://it.robotoys.eu/marche/rowood	17	88	0.193182	1.61
robotoys	https://robotoys.eu/	10	48	0.208333	3.98
robotoys	https://cz.robotoys.eu/	9	20	0.45	1.75
rokr	https://pl.robotoys.eu/marki/rokr	8	47	0.170213	1.36
rolife	https://bg.robotoys.eu/marky/rolife	6	45	0.133333	3.82
robotoys	https://es.robotoys.eu/	5	8	0.625	2.88
rowood	https://robotoys.eu/brands/rowood	5	190	0.026316	7.04
robotoys	https://nl.robotoys.eu/	4	7	0.571429	1.14
rokr stavebnice	https://cz.robotoys.eu/znacky/rokr	4	21	0.190476	2.05
rolife	https://cz.robotoys.eu/znacky/rolife	4	71	0.056338	2.04
rolife	https://it.robotoys.eu/marche/rolife	4	342	0.011696	4.96
rolife	https://pl.robotoys.eu/marki/rolife	4	114	0.035088	3.6
rowood	https://es.robotoys.eu/marcas/rowood	4	72	0.055556	3.93
puzzle 3d	https://fr.robotoys.eu/casse-tete-3d-en-bois/architecture/puzzle-3d-en-bois-sagrada-familia-little-story-e018-p133	3	2417	0.001241	4.91
rokr byggsats	https://se.robotoys.eu/marken/rokr	3	25	0.12	1.44
rowood	https://pl.robotoys.eu/marki/rowood	3	9	0.333333	1
rowood fiori	https://it.robotoys.eu/puzzle-3d-in-legno/fiori	3	28	0.107143	1.43
rowood flower	https://robotoys.eu/brands/rowood	3	97	0.030928	8.09
3d puzzel volwassenen	https://nl.robotoys.eu/houten-3d-puzzel/architectuur/houten-3d-puzzel-sagrada-familia-little-story-e018-p133	2	44	0.045455	4.45
3d puzzel voor volwassenen	https://nl.robotoys.eu/houten-3d-puzzel/architectuur/houten-3d-puzzel-sagrada-familia-little-story-e018-p133	2	86	0.023256	4.08
3d puzzle	https://de.robotoys.eu/3d-puzzle-aus-holz/die-architektur/3d-puzzle-aus-holz-sagrada-familia-little-story-e018-p133	2	1908	0.001048	5.33
fa 3d puzzle	https://hu.robotoys.eu/fabol-keszult-3d-puzzle	2	12	0.166667	2.33
fleur rowood	https://fr.robotoys.eu/marques/rowood	2	10	0.2	3.1
houten 3d puzzel	https://nl.robotoys.eu/houten-3d-puzzel/architectuur/houten-3d-puzzel-sagrada-familia-little-story-e018-p133	2	53	0.037736	4.04
miniatyrhus	https://se.robotoys.eu/miniatyrhus	2	40	0.05	3.08
puzzle 3d	https://fr.robotoys.eu/casse-tete-3d-en-bois/architecture/puzzle-3d-en-bois-arc-de-la-victoire-little-story-e011-p123	2	1805	0.001108	4.38
robtoys	https://pt.robotoys.eu/	2	2	1	1
rokr	https://bg.robotoys.eu/marky/rokr	2	6	0.333333	3.5
rokr	https://it.robotoys.eu/marche/rokr	2	201	0.00995	4.19
rokr modele	https://pl.robotoys.eu/marki/rokr	2	11	0.181818	1.73
rolife	https://ee.robotoys.eu/kaubamargid/rolife	2	24	0.083333	3.38
rolife	https://gr.robotoys.eu/markes/rolife	2	18	0.111111	9.11
rolife	https://hu.robotoys.eu/markak/rolife	2	68	0.029412	3.4
rolife цена	https://bg.robotoys.eu/marky/rolife	2	7	0.285714	4.14
rowood	https://fr.robotoys.eu/marques/rowood	2	99	0.020202	3.88
rowood	https://pt.robotoys.eu/marcas/rowood	2	7	0.285714	3
rowood flores	https://es.robotoys.eu/marcas/rowood	2	24	0.083333	4
rowood flowers	https://robotoys.eu/brands/rowood	2	72	0.027778	8.01
rowood puzzle	https://it.robotoys.eu/marche/rowood	2	5	0.4	1.2
tower bridge historie	https://dk.robotoys.eu/blog/historien-om-den-beromte-tower-bridge-sadan-bringer-du-london-til-dit-hjem	2	4	0.5	1.75
3d fa puzzle	https://hu.robotoys.eu/fabol-keszult-3d-puzzle	1	15	0.066667	2.27
3d fa puzzle felnőtteknek	https://hu.robotoys.eu/fabol-keszult-3d-puzzle	1	19	0.052632	2.32
3d fa puzzle felnőtteknek	https://hu.robotoys.eu/fabol-keszult-3d-puzzle/epiteszet/fa-3d-puzzle-sagrada-familia-little-story-e018-p133	1	18	0.055556	2.11
3d houten puzzel	https://nl.robotoys.eu/houten-3d-puzzel/architectuur/houten-3d-puzzel-sagrada-familia-little-story-e018-p133	1	37	0.027027	3.35
3d pussel	https://se.robotoys.eu/3d-pussel-i-tra/arkitektur/3d-pussel-i-tra-sagrada-familia-little-story-e018-p133	1	227	0.004405	3.89
3d puzzel	https://nl.robotoys.eu/houten-3d-puzzel/architectuur/houten-3d-puzzel-sagrada-familia-little-story-e018-p133	1	403	0.002481	3.15
3d puzzel hout	https://nl.robotoys.eu/houten-3d-puzzel/architectuur/houten-3d-puzzel-sagrada-familia-little-story-e018-p133	1	56	0.017857	2.66
3d puzzle	https://de.robotoys.eu/3d-puzzle-aus-holz/die-architektur/3d-puzzle-aus-holz-siegesbogen-little-story-e011-p123	1	1889	0.000529	5.1
3d puzzle dřevěné	https://cz.robotoys.eu/drevene-3d-puzzle	1	7	0.142857	2.14
3d puzzle tank	https://hu.robotoys.eu/fabol-keszult-3d-puzzle/jarmuvek	1	1	1	2
3d puzzle za odrasle	https://hr.robotoys.eu/drvena-3d-slagalica/arhitektura/drvena-3d-puzzle-sagrada-familia-little-story-e018-p133	1	12	0.083333	2.58
3d træ puslespil	https://dk.robotoys.eu/trae-3d-puslespil	1	6	0.166667	3.5
3d дървени пъзели	https://bg.robotoys.eu/drven-3d-pzel	1	4	0.25	5
3д пъзел за възрастни	https://bg.robotoys.eu/drven-3d-pzel	1	2	0.5	13
architektur puzzle	https://de.robotoys.eu/3d-puzzle-aus-holz/die-architektur	1	1	1	11
book nook	https://hr.robotoys.eu/minijaturne-kuce/knjige-nook	1	13	0.076923	9.85
book nook hrvatska	https://hr.robotoys.eu/minijaturne-kuce/knjige-nook	1	12	0.083333	10
book nook rolife	https://cz.robotoys.eu/miniaturni-domecky/books-nook	1	4	0.25	2
book nook цена	https://bg.robotoys.eu/mynyatiurny-kshchy/knygy-nook	1	7	0.142857	9
bygga miniatyrhus material	https://se.robotoys.eu/blogg/vad-du-behover-veta-innan-du-bygger-miniatyrhus	1	8	0.125	3.62
casas en miniatura para construir	https://es.robotoys.eu/casas-en-miniatura/tiendas-de-miniaturas	1	1	1	17
casitas de miniatura	https://es.robotoys.eu/casas-en-miniatura-mejor-valoradas	1	2	0.5	10
dove acquistarlo	https://it.robotoys.eu/puzzle-3d-in-legno/fiori/puzzle-3d-in-legno-cestino-di-fiori-in-legno-rowood-tw03h-p210	1	1	1	2
dřevěné 3d puzzle	https://cz.robotoys.eu/drevene-3d-puzzle	1	29	0.034483	3.28
dřevěné 3d stavebnice	https://cz.robotoys.eu/drevene-3d-puzzle	1	1	1	4
dřevěné stavebnice pro dospělé	https://cz.robotoys.eu/drevene-3d-puzzle/architektura/drevene-3d-puzzle-sagrada-familia-little-story-e018-p133	1	20	0.05	3.65
fa puzzle felnőtteknek	https://hu.robotoys.eu/fabol-keszult-3d-puzzle	1	8	0.125	7.12
gdzie kupic w polsce	https://pl.robotoys.eu/drewniane-puzzle-3d/pozytywki/drewniana-mechaniczna-ukladanka-3d-magiczna-harfa-rokr-amk71-p254	1	1	1	1
houten 3d puzzels volwassenen	https://nl.robotoys.eu/houten-3d-puzzel/architectuur/houten-3d-puzzel-sagrada-familia-little-story-e018-p133	1	13	0.076923	2.62
igen szeretném	https://hu.robotoys.eu/miniatur-hazak/miniatur-szobak/sam-dolgozoszoba-konyvtara-rolife-dg102-p86	1	1	1	2
kde koupit	https://cz.robotoys.eu/drevene-3d-puzzle/vozidla/model-parni-lokomotivy-rokr-mc501-p13	1	1	1	33
kur pigiausia	https://robotoys.eu/the-cheapest-rolife-brand-products	1	1	1	1
linkami	https://it.robotoys.eu/puzzle-3d-in-legno/architettura/modello-della-torre-eiffel-rolife-tg501-p17	1	1	1	1
little story puzzle 3d	https://de.robotoys.eu/marken/little-story	1	1	1	2
little story puzzle 3d	https://pl.robotoys.eu/marki/little-story	1	2	0.5	3
lk703c	https://robotoys.eu/wooden-3d-puzzle/stem-lab/wooden-mechanical-3d-puzzle-mechanical-typewriter-magic-version-rokr-lk703c-p266	1	2	0.5	5.5
mini pistola	https://si.robotoys.eu/lesena-3d-sestavljanka/orozje/lesena-mehanska-3d-sestavljanka-mini-pistola-rokr-lq502-p147	1	1	1	1
miniatura maja	https://lv.robotoys.eu/letakas-miniaturas-majas	1	3	0.333333	3
miniaturní domečky	https://cz.robotoys.eu/miniaturni-domky-stredni-obtiznost	1	16	0.0625	5.94
miniatyrhus diy	https://se.robotoys.eu/miniatyrhus	1	5	0.2	14
miniatūru māja cenas	https://lv.robotoys.eu/miniaturas-majas	1	5	0.2	4
negozi in miniatura	https://it.robotoys.eu/case-in-miniatura/negozi-in-miniatura	1	5	0.2	7
per i commercianti	https://it.robotoys.eu/link-utili/circa-la-societa/vendita-allingrosso	1	1	1	1
playful mario 3d wood puzzle	https://robotoys.eu/wooden-3d-puzzle-100-to-149-pcs	1	9	0.111111	7.44
puzzle 3d	https://pl.robotoys.eu/drewniane-puzzle-3d/architektura/drewniane-puzzle-3d-luk-zwyciestwa-little-story-e011-p123	1	1704	0.000587	4.4
puzzle 3d madera	https://es.robotoys.eu/rompecabezas-3d-de-madera/arquitectura/puzzle-3d-de-madera-sagrada-familia-little-story-e018-p133	1	78	0.012821	3.13
puzzle 3d sakura	https://it.robotoys.eu/puzzle-3d-in-legno/veicoli/puzzle-3d-in-legno-sakura-journey-rolife-tgs02-p105	1	1	1	8
puzzle architektura	https://pl.robotoys.eu/drewniane-puzzle-3d/architektura/drewniane-puzzle-3d-sagrada-familia-little-story-e018-p133	1	8	0.125	3.12
puzzle drewniane 3d	https://pl.robotoys.eu/drewniane-puzzle-3d/architektura/drewniane-puzzle-3d-sagrada-familia-little-story-e018-p133	1	64	0.015625	3.78
puzzle sagrada familia	https://de.robotoys.eu/3d-puzzle-aus-holz/die-architektur/3d-puzzle-aus-holz-sagrada-familia-little-story-e018-p133	1	7	0.142857	1
quebra cabeça 3d	https://pt.robotoys.eu/quebra-cabeca-3d-de-madeira/stem-lab/quebra-cabeca-3d-mecanico-de-madeira-impressora-classica-rokr-lk602-p90	1	9	0.111111	11.89
regalos caros para niños	https://es.robotoys.eu/los-regalos-mas-caros-para-ninos	1	3	0.333333	1.33
robotime	https://robotoys.eu/	1	4	0.25	35.25
robotime 3d puzzle	https://cz.robotoys.eu/drevene-3d-puzzle	1	11	0.090909	3.55
robotime bg	https://bg.robotoys.eu/	1	21	0.047619	6.71
robotoys	https://de.robotoys.eu/	1	3	0.333333	3.67
robotoys	https://es.robotoys.eu/enlaces-utiles/todo-sobre-compras	1	6	0.166667	1
robotoys	https://es.robotoys.eu/venta-de-puzzles-de-madera-3d	1	5	0.2	1
rokr	https://cz.robotoys.eu/znacky/rokr	1	26	0.038462	1.85
rokr	https://es.robotoys.eu/marcas/rokr	1	160	0.00625	5.31
rokr	https://hr.robotoys.eu/brendovi/rokr	1	7	0.142857	6.14
rokr	https://pl.robotoys.eu/najnowsze-produkty-marki-rokr	1	24	0.041667	1.17
rokr 3d pinball	https://robotoys.eu/wooden-3d-puzzle/stem-lab/pinball-rokr-eg01-p43	1	4	0.25	2.25
rokr 3d puzzle	https://cz.robotoys.eu/znacky/rokr	1	2	0.5	1
rokr 3d puzzle	https://hu.robotoys.eu/markak/rokr	1	7	0.142857	6
rokr ak 47	https://hr.robotoys.eu/drvena-3d-slagalica/oruzje/ak-47-puska-rokr-lq901-p67	1	1	1	1
rokr españa	https://es.robotoys.eu/marcas/rokr	1	5	0.2	2
rokr italia	https://it.robotoys.eu/marche/rokr	1	9	0.111111	1.56
rokr macchina da scrivere	https://it.robotoys.eu/concorso-di-puzzle/macchina-da-scrivere-meccanica-versione-classica-rokr-lk703b-265	1	10	0.1	4.5
rokr modele	https://pl.robotoys.eu/blog/rokr-twoje-wejscie-do-swiata-kreatywnosci-i-rozrywki	1	9	0.111111	5.22
rokr space shuttle 3d wooden puzzle lka02	https://robotoys.eu/wooden-3d-puzzle/the-universe/wooden-mechanical-3d-puzzle-space-shuttle-rokr-lka02-p253	1	2	0.5	10.5
rokr vitascope	https://pl.robotoys.eu/drewniane-puzzle-3d/stem-lab/projektor-filmowy-vitascope-rokr-lk601-p5	1	2	0.5	4
rolife	https://lt.robotoys.eu/prekiniai-zenklai/rolife	1	14	0.071429	4.71
rolife	https://pt.robotoys.eu/marcas/rolife	1	97	0.010309	5.01
rolife 3d puzzle	https://pl.robotoys.eu/marki/rolife	1	1	1	3
rolife book nook	https://lv.robotoys.eu/miniaturas-majas/gramatas-nook	1	1	1	8
rolife classic carousel 3d wooden puzzle amc01	https://robotoys.eu/wooden-3d-puzzle/music-boxes/wooden-mechanical-3d-puzzle-classic-carousel-rolife-amc01-p146	1	1	1	3
rolife eesti	https://ee.robotoys.eu/kaubamargid/rolife	1	4	0.25	1.25
rolife italy	https://it.robotoys.eu/marche/rolife	1	2	0.5	3.5
rolife makett	https://hu.robotoys.eu/markak/rolife	1	14	0.071429	2.36
rolife puzzle 3d	https://it.robotoys.eu/marche/rolife	1	22	0.045455	5.09
rolife sverige	https://se.robotoys.eu/marken/rolife	1	12	0.083333	3.17
romantiline kingitus naisele	https://ee.robotoys.eu/blogi/7-vastupandamatut-kingiideed-naistele	1	9	0.111111	6.67
rowood	https://cz.robotoys.eu/znacky/rowood	1	6	0.166667	1.17
rowood fiori	https://it.robotoys.eu/marche/rowood	1	27	0.037037	3.48
sagrada familia 3d puzzle	https://robotoys.eu/wooden-3d-puzzle/architecture/wooden-3d-puzzle-sagrada-familia-little-story-e018-p133	1	10	0.1	1.3
sagrada familia modell	https://de.robotoys.eu/3d-puzzle-aus-holz/die-architektur/3d-puzzle-aus-holz-sagrada-familia-little-story-e018-p133	1	11	0.090909	8.36
sakura dream tour	https://it.robotoys.eu/concorso-di-puzzle/sakura-dreamy-tour-rolife-amt02-219	1	3	0.333333	6
speedway motorrad modell	https://de.robotoys.eu/3d-puzzle-aus-holz/fahrzeuge/3d-puzzle-aus-holz-blaues-speedway-motorrad-little-story-e019b-p239	1	9	0.111111	7.56
tgb01	https://fr.robotoys.eu/maisons-miniatures/coin-livres/sakura-densya-rolife-tgb01-p29	1	1	1	8
tgb17	https://fr.robotoys.eu/maisons-miniatures/coin-livres/insert-detagere-parc-dattractions-feerique-rolife-tgb17-p257	1	1	1	1
tower bridge histoire	https://fr.robotoys.eu/blog/lhistoire-du-celebre-tower-bridge-comment-amener-londres-chez-vous	1	28	0.035714	7.82
tower bridge model	https://cz.robotoys.eu/drevene-3d-puzzle/architektura/model-tower-bridge-s-led-osvetlenim-rolife-tg412-p19	1	1	1	1
wieża eiffla puzzle 3d	https://pl.robotoys.eu/drewniane-puzzle-3d/architektura/podswietlana-wieza-eiffla-rolife-tgl01-p73	1	1	1	1
wooden windmill kit	https://robotoys.eu/wooden-3d-puzzle/architecture/wooden-mechanical-3d-puzzle-windmill-eco-wood-art-p154	1	1	1	1
дървени пъзели	https://bg.robotoys.eu/drven-3d-pzel	1	1	1	20
дървени пъзели за възрастни	https://bg.robotoys.eu/drven-3d-pzel	1	3	0.333333	11
с латвии	https://lv.robotoys.eu/miniaturas-majas/miniaturas-istabas	1	1	1	3
таур	https://bg.robotoys.eu/blog/ystoryiata-na-prochutyia-taur-brydzh-kak-da-prenesete-london-v-doma-sy	1	1	1	1
тауър бридж	https://bg.robotoys.eu/blog/ystoryiata-na-prochutyia-taur-brydzh-kak-da-prenesete-london-v-doma-sy	1	35	0.028571	3.26
13*105	https://fr.robotoys.eu/casse-tete-3d-en-bois/vehicules/puzzle-3d-en-bois-char-amx-13-105-little-story-wot05-p177	0	1	0	10
1912 eternal atlantic voyager	https://nl.robotoys.eu/houten-3d-puzzel/voertuigen/houten-3d-puzzel-eternal-atlantic-voyager-1912-rolife-tgl02-p223	0	2	0	6
2	https://nl.robotoys.eu/miniatuur-huizen/boeken-hoekje/inzetstuk-voor-boekenplank-holiday-cafe-rolife-tgb15-p225	0	1	0	8
3 d puslespil	https://dk.robotoys.eu/trae-3d-puslespil/arkitektur/trae-3d-puslespil-sagrada-familia-little-story-e018-p133	0	4	0	2
3 d pussel	https://se.robotoys.eu/3d-pussel-i-tra/arkitektur/3d-pussel-i-tra-sagrada-familia-little-story-e018-p133	0	14	0	3.64
3 d puzle	https://de.robotoys.eu/3d-puzzle-aus-holz/die-architektur/3d-puzzle-aus-holz-siegesbogen-little-story-e011-p123	0	1	0	17
3 d puzzel	https://de.robotoys.eu/3d-puzzle-aus-holz/die-architektur/3d-puzzle-aus-holz-sagrada-familia-little-story-e018-p133	0	13	0	4.85
3 d puzzel	https://de.robotoys.eu/3d-puzzle-aus-holz/die-architektur/3d-puzzle-aus-holz-siegesbogen-little-story-e011-p123	0	12	0	4.67
3 d puzzel	https://nl.robotoys.eu/houten-3d-puzzel/architectuur/houten-3d-puzzel-sagrada-familia-little-story-e018-p133	0	15	0	2.53
3 d puzzels	https://nl.robotoys.eu/houten-3d-puzzel/architectuur/houten-3d-puzzel-sagrada-familia-little-story-e018-p133	0	4	0	4.5
3 d puzzle	https://de.robotoys.eu/3d-puzzle-aus-holz/die-architektur/3d-puzzle-aus-holz-sagrada-familia-little-story-e018-p133	0	207	0	4.34
3 dpuzzle	https://de.robotoys.eu/3d-puzzle-aus-holz/die-architektur/3d-puzzle-aus-holz-sagrada-familia-little-story-e018-p133	0	3	0	4
3 dpuzzle	https://de.robotoys.eu/3d-puzzle-aus-holz/die-architektur/3d-puzzle-aus-holz-siegesbogen-little-story-e011-p123	0	3	0	3
3d animal puzzles for adults	https://robotoys.eu/wooden-3d-puzzle/the-animals	0	1	0	7
3d auta	https://cz.robotoys.eu/drevene-3d-puzzle/vozidla/drevene-mechanicke-3d-puzzle-cervene-zavodni-auto-eco-wood-art-p152	0	1	0	2
3d auta	https://cz.robotoys.eu/drevene-3d-puzzle/vozidla/model-auta-grand-prix-rokr-mc401-p16	0	2	0	7.5
3d autobus	https://cz.robotoys.eu/drevene-3d-puzzle/vozidla/drevene-3d-puzzle-londynsky-turisticky-autobus-rolife-tgm02-p106	0	4	0	4
3d biene	https://de.robotoys.eu/3d-puzzle-aus-holz/die-tiere/3d-puzzle-aus-holz-biene-little-story-d001-p128	0	1	0	4
3d bo	https://robotoys.eu/	0	1	0	11
3d building puzzle	https://robotoys.eu/blog/wooden-3d-puzzles-how-to-choose-your-first-building-kit-and-what-to-prepare-for	0	1	0	12
3d building puzzles	https://robotoys.eu/wooden-3d-puzzle/architecture	0	1	0	4
3d buzzle	https://de.robotoys.eu/3d-puzzle-aus-holz/die-architektur/3d-puzzle-aus-holz-sagrada-familia-little-story-e018-p133	0	1	0	5
3d buzzle	https://de.robotoys.eu/3d-puzzle-aus-holz/die-architektur/3d-puzzle-aus-holz-siegesbogen-little-story-e011-p123	0	1	0	6
3d cardboard puzzle	https://it.robotoys.eu/blog/storia-dei-puzzle-in-legno-3d-dalle-origini-al-presente	0	1	0	11
3d colosseum puzzle	https://de.robotoys.eu/3d-puzzle-aus-holz/die-architektur/3d-puzzle-aus-holz-colosseum-little-story-e016-p126	0	1	0	11
3d delione	https://lt.robotoys.eu/medine-3d-delione	0	1	0	11
3d drevene puzzle	https://cz.robotoys.eu/drevene-3d-puzzle	0	3	0	2.67
3d drevene puzzle	https://cz.robotoys.eu/drevene-3d-puzzle/architektura/drevene-3d-puzzle-sagrada-familia-little-story-e018-p133	0	2	0	6.5
3d dřevěné puzzle	https://cz.robotoys.eu/blog/drevene-3d-puzzle-jak-vybrat-svoji-prvni-stavebnice-a-na-co-se-pripravit	0	1	0	29
3d dřevěné puzzle	https://cz.robotoys.eu/drevene-3d-puzzle	0	10	0	3
3d dřevěné puzzle	https://cz.robotoys.eu/drevene-3d-puzzle/architektura/drevene-3d-puzzle-sagrada-familia-little-story-e018-p133	0	8	0	4.12
3d dřevěné stavebnice	https://cz.robotoys.eu/drevene-3d-puzzle	0	5	0	5.6
3d dřevěné stavebnice	https://cz.robotoys.eu/drevene-3d-puzzle/architektura/drevene-3d-puzzle-sagrada-familia-little-story-e018-p133	0	7	0	3
3d eiffel tower model	https://robotoys.eu/wooden-3d-puzzle/architecture/model-of-the-eiffel-tower-rolife-tg501-p17	0	2	0	11
3d fa kirakó	https://hu.robotoys.eu/fabol-keszult-3d-puzzle	0	5	0	1.8
3d fa kirakó	https://hu.robotoys.eu/fabol-keszult-3d-puzzle/stem-lab/fa-3d-kirako-retro-telefon-eco-wood-art-p156	0	5	0	3
3d fa kirakó	https://hu.robotoys.eu/fabol-keszult-3d-puzzle/viragok/fa-3d-kirako-fa-viraglada-rowood-tw02h-p162	0	5	0	3
3d fa makett	https://hu.robotoys.eu/fabol-keszult-3d-puzzle	0	3	0	5.33
3d fa makett	https://hu.robotoys.eu/fabol-keszult-3d-puzzle/epiteszet/fa-3d-puzzle-sagrada-familia-little-story-e018-p133	0	1	0	2
3d fa puzzle	https://hu.robotoys.eu/a-legjobb-ertekelesu-fabol-keszult-3d-puzzle	0	2	0	53
3d fa puzzle	https://hu.robotoys.eu/fa-3d-puzzle-kevesebb-mint-100-db	0	2	0	27
3d fa puzzle	https://hu.robotoys.eu/fa-3d-puzzle-tobb-mint-300-db	0	2	0	49.5
3d fa puzzle	https://hu.robotoys.eu/fabol-keszult-3d-puzzle/az-allatok	0	2	0	52
3d fa puzzle	https://hu.robotoys.eu/fabol-keszult-3d-puzzle/epiteszet/fa-3d-puzzle-gyozelmi-iv-little-story-e011-p123	0	1	0	1
3d fa puzzle	https://hu.robotoys.eu/fabol-keszult-3d-puzzle/epiteszet/fa-3d-puzzle-sagrada-familia-little-story-e018-p133	0	15	0	3.4
3d fa puzzle	https://hu.robotoys.eu/fabol-keszult-3d-puzzle/viragok	0	3	0	40
3d fa puzzle gyerekeknek	https://hu.robotoys.eu/fabol-keszult-3d-puzzle	0	4	0	1.75
3d flipper	https://de.robotoys.eu/3d-puzzle-aus-holz/stem-lab/flipper-rokr-eg01-p43	0	1	0	23
3d flipper	https://hu.robotoys.eu/fabol-keszult-3d-puzzle/stem-lab/flipper-rokr-eg01-p43	0	1	0	2
3d flower puzzle	https://robotoys.eu/blog/a-wooden-bouquet-that-never-withers-discover-the-magic-of-3d-flower-puzzles	0	14	0	5.79
3d flower puzzle	https://robotoys.eu/wooden-3d-puzzle/flowers	0	14	0	7.86
3d flower puzzles	https://robotoys.eu/blog/a-wooden-bouquet-that-never-withers-discover-the-magic-of-3d-flower-puzzles	0	3	0	2
3d globus	https://cz.robotoys.eu/drevene-3d-puzzle/vesmir/svitici-globus-rokr-st003-p3	0	11	0	6.09
3d hodiny	https://cz.robotoys.eu/drevene-3d-puzzle/hodiny-kalendare/romanticke-nastenne-hodiny-rokr-lc701-p56	0	3	0	5
3d holz	https://de.robotoys.eu/3d-puzzle-aus-holz-200-bis-299-teile	0	2	0	43
3d holz model	https://de.robotoys.eu/3d-puzzle-aus-holz/die-architektur/3d-puzzle-aus-holz-colosseum-little-story-e016-p126	0	12	0	2.5
3d holzpuzzle tiere	https://de.robotoys.eu/3d-puzzle-aus-holz/die-tiere	0	1	0	10
3d holzpuzzle uhr	https://de.robotoys.eu/3d-puzzle-aus-holz/uhren-kalender	0	1	0	28
3d houten puzzel	https://nl.robotoys.eu/houten-3d-puzzel/architectuur	0	1	0	10
3d houten puzzel volwassenen	https://nl.robotoys.eu/houten-3d-puzzel/architectuur/houten-3d-puzzel-sagrada-familia-little-story-e018-p133	0	35	0	3.17
3d houten puzzels	https://nl.robotoys.eu/houten-3d-puzzel/architectuur/houten-3d-puzzel-sagrada-familia-little-story-e018-p133	0	7	0	4.29
3d houten puzzels	https://nl.robotoys.eu/houten-3d-puzzel/voertuigen/houten-3d-puzzel-locomotief-little-story-e012-p124	0	1	0	4
3d houten puzzels voor volwassenen	https://nl.robotoys.eu/houten-3d-puzzel/architectuur/houten-3d-puzzel-sagrada-familia-little-story-e018-p133	0	6	0	3.33
3d hračky	https://cz.robotoys.eu/	0	1	0	7
3d hračky	https://cz.robotoys.eu/drevene-3d-puzzle/stem-lab/drevene-mechanicke-3d-puzzle-klasicka-tiskarna-rokr-lk602-p90	0	1	0	5
3d kirako	https://hu.robotoys.eu/fabol-keszult-3d-puzzle	0	7	0	9.86
3d kirako	https://hu.robotoys.eu/fabol-keszult-3d-puzzle/epiteszet/fa-3d-kirako-sakura-treehouse-rolife-tgs04-p201	0	7	0	4.57
3d kirakó	https://hu.robotoys.eu/fabol-keszult-3d-puzzle	0	4	0	10.75
3d kirakó	https://hu.robotoys.eu/fabol-keszult-3d-puzzle/stem-lab/fa-3d-kirako-retro-telefon-eco-wood-art-p156	0	13	0	3
3d kirakó felnőtteknek	https://hu.robotoys.eu/fabol-keszult-3d-puzzle	0	10	0	6.4
3d kirakó felnőtteknek	https://hu.robotoys.eu/fabol-keszult-3d-puzzle/epiteszet/fa-3d-puzzle-sagrada-familia-little-story-e018-p133	0	4	0	2.25
3d kirakó gyerekeknek	https://hu.robotoys.eu/fabol-keszult-3d-puzzle	0	2	0	8
3d koka puzles	https://lv.robotoys.eu/	0	1	0	9
3d library puzzle	https://robotoys.eu/wooden-3d-puzzle/architecture/wooden-3d-puzzle-library-by-the-seashore-p261	0	1	0	9
3d luzzle	https://de.robotoys.eu/3d-puzzle-aus-holz/die-architektur/3d-puzzle-aus-holz-sagrada-familia-little-story-e018-p133	0	1	0	3
3d mechanické puzzle	https://cz.robotoys.eu/drevene-3d-puzzle	0	1	0	4
3d mechanické puzzle	https://cz.robotoys.eu/drevene-3d-puzzle/stem-lab/drevene-mechanicke-3d-puzzle-klasicka-tiskarna-rokr-lk602-p90	0	1	0	3
3d medines deliones	https://lt.robotoys.eu/medine-3d-delione	0	6	0	9.83
3d mudelid	https://ee.robotoys.eu/blogi/miks-on-3d-puidust-mudelid-ideaalne-kingitus-igas-vanuses	0	2	0	1
3d notre dame	https://de.robotoys.eu/3d-puzzle-aus-holz/die-architektur/3d-puzzle-aus-holz-kathedrale-notre-dame-little-story-e017-p127	0	1	0	5
3d ouzzles	https://de.robotoys.eu/3d-puzzle-aus-holz/die-architektur/3d-puzzle-aus-holz-siegesbogen-little-story-e011-p123	0	1	0	3
3d pazzle	https://de.robotoys.eu/3d-puzzle-aus-holz/die-architektur/3d-puzzle-aus-holz-sagrada-familia-little-story-e018-p133	0	1	0	3
3d pazzle	https://de.robotoys.eu/3d-puzzle-aus-holz/die-architektur/3d-puzzle-aus-holz-siegesbogen-little-story-e011-p123	0	2	0	5
3d pinball machine	https://de.robotoys.eu/3d-puzzle-aus-holz/stem-lab/flipper-rokr-eg01-p43	0	1	0	12
3d pinball rokr	https://de.robotoys.eu/3d-puzzle-aus-holz/stem-lab/flipper-rokr-eg01-p43	0	1	0	7
3d pinball rokr	https://fr.robotoys.eu/casse-tete-3d-en-bois/stem-lab/pinball-rokr-eg01-p43	0	1	0	8
3d pizzle	https://de.robotoys.eu/3d-puzzle-aus-holz/die-architektur/3d-puzzle-aus-holz-sagrada-familia-little-story-e018-p133	0	2	0	6.5
3d pizzle	https://de.robotoys.eu/3d-puzzle-aus-holz/die-architektur/3d-puzzle-aus-holz-siegesbogen-little-story-e011-p123	0	5	0	4
3d pusle	https://ee.robotoys.eu/puidust-3d-pusle	0	10	0	6.6
3d pusle	https://ee.robotoys.eu/puidust-3d-pusle-korge-raskusastmega	0	1	0	9
3d pusle	https://ee.robotoys.eu/puidust-3d-pusle/arhitektuur/puidust-3d-pusle-colosseumi-little-story-e016-p126	0	16	0	44.06
3d pusle	https://ee.robotoys.eu/puidust-3d-pusle/arhitektuur/puidust-3d-pusle-sagrada-familia-little-story-e018-p133	0	19	0	27.47
3d pusled	https://ee.robotoys.eu/puidust-3d-pusle	0	7	0	6.14
3d pusled	https://ee.robotoys.eu/puidust-3d-pusle/arhitektuur/puidust-3d-pusle-sagrada-familia-little-story-e018-p133	0	17	0	76
3d puslespil	https://dk.robotoys.eu/trae-3d-puslespil/arkitektur/trae-3d-puslespil-notre-dame-cathedral-little-story-e017-p127	0	5	0	12.6
3d puslespil	https://dk.robotoys.eu/trae-3d-puslespil/arkitektur/trae-3d-puslespil-sagrada-familia-little-story-e018-p133	0	131	0	3.15
3d puslespil	https://dk.robotoys.eu/trae-3d-puslespil/arkitektur/trae-3d-puslespil-victory-arch-little-story-e011-p123	0	17	0	12.47
3d puslespil træ	https://dk.robotoys.eu/blog/3d-puslespil-i-trae-sadan-vaelger-du-dit-forste-byggesaet-og-hvad-du-skal-forberede-dig-pa	0	2	0	10.5
3d puslespil træ	https://dk.robotoys.eu/trae-3d-puslespil	0	5	0	4
3d puslespil træ	https://dk.robotoys.eu/trae-3d-puslespil/arkitektur/trae-3d-puslespil-sagrada-familia-little-story-e018-p133	0	5	0	5
3d puslespil træ	https://dk.robotoys.eu/trae-3d-puslespil/arkitektur/trae-3d-puslespil-victory-arch-little-story-e011-p123	0	3	0	6
3d puslespil voksne	https://dk.robotoys.eu/trae-3d-puslespil/arkitektur/trae-3d-puslespil-sagrada-familia-little-story-e018-p133	0	10	0	3.8
3d pussel	https://se.robotoys.eu/3d-pussel-i-tra/arkitektur/tra-3d-pussel-victory-arch-little-story-e011-p123	0	14	0	17.5
3d pussel bil	https://se.robotoys.eu/3d-pussel-i-tra/fordon/mekaniskt-3d-pussel-i-tra-gul-racerbil-eco-wood-art-p151	0	2	0	17.5
3d pussel djur	https://se.robotoys.eu/3d-pussel-i-tra/djuren/tra-3d-pussel-lejon-little-story-d011-p119	0	2	0	2
3d pussel eiffeltornet	https://se.robotoys.eu/3d-pussel-i-tra/arkitektur/modell-av-eiffeltornet-rolife-tg501-p17	0	1	0	1
3d pussel trä	https://se.robotoys.eu/3d-pussel-i-tra	0	17	0	6.71
3d pussel trä	https://se.robotoys.eu/3d-pussel-i-tra-200-till-299-st	0	1	0	47
3d pussel trä	https://se.robotoys.eu/3d-pussel-i-tra/arkitektur/3d-pussel-i-tra-sagrada-familia-little-story-e018-p133	0	10	0	10.7
3d pussel trä	https://se.robotoys.eu/3d-pussel-i-tra/arkitektur/tra-3d-pussel-victory-arch-little-story-e011-p123	0	19	0	4.74
3d pussel trä	https://se.robotoys.eu/blogg/fa-din-hjarna-i-rorelse-med-mekaniska-3d-pussel-i-tra	0	5	0	20.2
3d pussel trä	https://se.robotoys.eu/tra-3d-pussel-latt-svarighetsgrad	0	2	0	3.5
3d pussel vuxen	https://se.robotoys.eu/3d-pussel-i-tra/arkitektur/3d-pussel-i-tra-sagrada-familia-little-story-e018-p133	0	11	0	4.36
3d pussel vuxna	https://se.robotoys.eu/3d-pussel-i-tra	0	15	0	12.13
3d pussel vuxna	https://se.robotoys.eu/3d-pussel-i-tra/arkitektur/3d-pussel-i-tra-sagrada-familia-little-story-e018-p133	0	66	0	4.05
3d pussel vuxna	https://se.robotoys.eu/3d-pussel-i-tra/arkitektur/tra-3d-pussel-colosseum-little-story-e016-p126	0	26	0	8.38
3d pussle	https://de.robotoys.eu/3d-puzzle-aus-holz/die-architektur/3d-puzzle-aus-holz-sagrada-familia-little-story-e018-p133	0	2	0	6
3d pussle	https://de.robotoys.eu/3d-puzzle-aus-holz/die-architektur/3d-puzzle-aus-holz-siegesbogen-little-story-e011-p123	0	2	0	6
3d putzle	https://de.robotoys.eu/3d-puzzle-aus-holz/die-architektur/3d-puzzle-aus-holz-sagrada-familia-little-story-e018-p133	0	3	0	3.33
3d putzle	https://de.robotoys.eu/3d-puzzle-aus-holz/die-architektur/3d-puzzle-aus-holz-siegesbogen-little-story-e011-p123	0	3	0	3.33
3d puze	https://nl.robotoys.eu/houten-3d-puzzel/architectuur/houten-3d-puzzel-sagrada-familia-little-story-e018-p133	0	6	0	2
3d puzle	https://de.robotoys.eu/3d-puzzle-aus-holz/die-architektur/3d-puzzle-aus-holz-sagrada-familia-little-story-e018-p133	0	12	0	5.83
3d puzle	https://de.robotoys.eu/3d-puzzle-aus-holz/die-architektur/3d-puzzle-aus-holz-siegesbogen-little-story-e011-p123	0	10	0	4.3
3d puzles	https://lv.robotoys.eu/koka-3d-puzle	0	7	0	10.71
3d puzz	https://de.robotoys.eu/3d-puzzle-aus-holz/die-architektur/3d-puzzle-aus-holz-sagrada-familia-little-story-e018-p133	0	3	0	5.33
3d puzz	https://de.robotoys.eu/3d-puzzle-aus-holz/die-architektur/3d-puzzle-aus-holz-siegesbogen-little-story-e011-p123	0	4	0	5
3d puzz	https://nl.robotoys.eu/houten-3d-puzzel/architectuur/houten-3d-puzzel-sagrada-familia-little-story-e018-p133	0	1	0	2
3d puzze	https://de.robotoys.eu/3d-puzzle-aus-holz/die-architektur/3d-puzzle-aus-holz-sagrada-familia-little-story-e018-p133	0	4	0	4
3d puzze	https://de.robotoys.eu/3d-puzzle-aus-holz/die-architektur/3d-puzzle-aus-holz-siegesbogen-little-story-e011-p123	0	5	0	4
3d puzzel	https://de.robotoys.eu/3d-puzzle-aus-holz/die-architektur/3d-puzzle-aus-holz-sagrada-familia-little-story-e018-p133	0	59	0	4.75
3d puzzel	https://de.robotoys.eu/3d-puzzle-aus-holz/die-architektur/3d-puzzle-aus-holz-siegesbogen-little-story-e011-p123	0	52	0	4.25
3d puzzel colosseum	https://nl.robotoys.eu/houten-3d-puzzel/architectuur/houten-3d-puzzel-colosseum-little-story-e016-p126	0	3	0	6.33
3d puzzel gebouwen	https://nl.robotoys.eu/houten-3d-puzzel/architectuur/houten-3d-puzzel-sagrada-familia-little-story-e018-p133	0	19	0	4.74
3d puzzel hout	https://nl.robotoys.eu/houten-3d-puzzel/architectuur/houten-3d-puzzel-notre-dame-kathedraal-little-story-e017-p127	0	4	0	6.75
3d puzzel kopen	https://nl.robotoys.eu/houten-3d-puzzel/architectuur/houten-3d-puzzel-sagrada-familia-little-story-e018-p133	0	9	0	15.11
3d puzzel notre dame	https://nl.robotoys.eu/houten-3d-puzzel/architectuur/houten-3d-puzzel-notre-dame-kathedraal-little-story-e017-p127	0	2	0	11
3d puzzel vliegtuig	https://nl.robotoys.eu/houten-3d-puzzel/voertuigen/houten-3d-puzzel-vliegtuig-little-story-d016-p130	0	1	0	1
3d puzzels	https://de.robotoys.eu/3d-puzzle-aus-holz/die-architektur/3d-puzzle-aus-holz-sagrada-familia-little-story-e018-p133	0	3	0	5.33
3d puzzels	https://de.robotoys.eu/3d-puzzle-aus-holz/die-architektur/3d-puzzle-aus-holz-siegesbogen-little-story-e011-p123	0	1	0	7
3d puzzels	https://nl.robotoys.eu/houten-3d-puzzel/architectuur/houten-3d-puzzel-sagrada-familia-little-story-e018-p133	0	151	0	5.72
3d puzzels hout	https://nl.robotoys.eu/houten-3d-puzzel/architectuur/houten-3d-puzzel-sagrada-familia-little-story-e018-p133	0	3	0	2.67
3d puzzels volwassenen	https://nl.robotoys.eu/houten-3d-puzzel/architectuur/houten-3d-puzzel-sagrada-familia-little-story-e018-p133	0	5	0	5.8
3d puzzels voor volwassenen	https://nl.robotoys.eu/houten-3d-puzzel/architectuur/houten-3d-puzzel-sagrada-familia-little-story-e018-p133	0	25	0	4.04
3d puzzl	https://de.robotoys.eu/3d-puzzle-aus-holz/die-architektur/3d-puzzle-aus-holz-sagrada-familia-little-story-e018-p133	0	3	0	6.67
3d puzzl	https://de.robotoys.eu/3d-puzzle-aus-holz/die-architektur/3d-puzzle-aus-holz-siegesbogen-little-story-e011-p123	0	3	0	7
3d puzzle	https://cz.robotoys.eu/drevene-3d-puzzle	0	20	0	15.05
3d puzzle	https://cz.robotoys.eu/drevene-3d-puzzle/architektura/drevene-3d-puzzle-sagrada-familia-little-story-e018-p133	0	2	0	1
3d puzzle	https://cz.robotoys.eu/drevene-3d-puzzle/stem-lab/drevene-mechanicke-3d-puzzle-klasicka-tiskarna-rokr-lk602-p90	0	1	0	2
3d puzzle	https://it.robotoys.eu/blog/storia-dei-puzzle-in-legno-3d-dalle-origini-al-presente	0	2	0	9
3d puzzle	https://nl.robotoys.eu/houten-3d-puzzel/architectuur/houten-3d-puzzel-sagrada-familia-little-story-e018-p133	0	1	0	2
3d puzzle	https://robotoys.eu/wooden-3d-puzzle/architecture	0	1	0	1
3d puzzle action	https://fr.robotoys.eu/puzzle-3d-en-bois-en-action	0	1	0	12
3d puzzle airplane	https://robotoys.eu/wooden-3d-puzzle/vehicles/wooden-3d-puzzle-airplane-little-story-d016-p130	0	1	0	1
3d puzzle arc de triomphe	https://robotoys.eu/wooden-3d-puzzle/architecture/wooden-3d-puzzle-victory-arch-little-story-e011-p123	0	1	0	1
3d puzzle architecture	https://robotoys.eu/wooden-3d-puzzle/architecture	0	2	0	4
3d puzzle assembly	https://robotoys.eu/wooden-3d-puzzle-assembly-time-more-than-5-hours	0	1	0	9
3d puzzle aus holz	https://de.robotoys.eu/3d-puzzle-aus-holz/die-architektur/3d-puzzle-aus-holz-colosseum-little-story-e016-p126	0	1	0	3
3d puzzle auto	https://cz.robotoys.eu/drevene-3d-puzzle/vozidla	0	5	0	3.4
3d puzzle auto	https://cz.robotoys.eu/drevene-3d-puzzle/vozidla/drevene-mechanicke-3d-puzzle-cervene-zavodni-auto-eco-wood-art-p152	0	2	0	5.5
3d puzzle auto	https://hu.robotoys.eu/fabol-keszult-3d-puzzle/jarmuvek/veteran-auto-rokr-mc801-p72	0	1	0	2
3d puzzle auto	https://it.robotoys.eu/puzzle-3d-in-legno/veicoli	0	3	0	4.33
3d puzzle auto	https://robotoys.eu/wooden-3d-puzzle/vehicles	0	1	0	27
3d puzzle autó	https://hu.robotoys.eu/fabol-keszult-3d-puzzle/jarmuvek/veteran-auto-rokr-mc801-p72	0	2	0	2
3d puzzle bauwerke	https://de.robotoys.eu/3d-puzzle-aus-holz/die-architektur	0	1	0	21
3d puzzle blumen	https://de.robotoys.eu/3d-puzzle-aus-holz/blumen	0	8	0	8.38
3d puzzle bois	https://fr.robotoys.eu/casse-tete-3d-en-bois/architecture/puzzle-3d-en-bois-sagrada-familia-little-story-e018-p133	0	1	0	11
3d puzzle bonsai	https://robotoys.eu/wooden-3d-puzzle/flowers/wooden-3d-puzzle-sakura-bonsai-rolife-tg415-p142	0	1	0	10
3d puzzle bota	https://cz.robotoys.eu/drevene-3d-puzzle	0	1	0	27
3d puzzle brandenburger tor	https://de.robotoys.eu/3d-puzzle-aus-holz/die-architektur/3d-puzzle-aus-holz-brandenburger-tor-little-story-e015-p125	0	7	0	5.14
3d puzzle brandenburger tor beleuchtet	https://de.robotoys.eu/3d-puzzle-aus-holz/die-architektur/3d-puzzle-aus-holz-brandenburger-tor-little-story-e015-p125	0	1	0	10
3d puzzle buildings	https://robotoys.eu/wooden-3d-puzzle/architecture	0	1	0	19
3d puzzle buy	https://robotoys.eu/wooden-3d-puzzle/vehicles/wooden-3d-puzzle-royal-carriage-rolife-tg302-p62	0	1	0	44
3d puzzle clock	https://robotoys.eu/wooden-3d-puzzle/clocks-calendars	0	3	0	4
3d puzzle colosseum	https://robotoys.eu/wooden-3d-puzzle/architecture/wooden-3d-puzzle-colosseum-little-story-e016-p126	0	5	0	9
3d puzzle colosseum	https://se.robotoys.eu/3d-pussel-i-tra/arkitektur/tra-3d-pussel-colosseum-little-story-e016-p126	0	2	0	1
3d puzzle creation set sakura bonsai	https://robotoys.eu/wooden-3d-puzzle/flowers/wooden-3d-puzzle-sakura-bonsai-rolife-tg415-p142	0	2	0	3.5
3d puzzle dřevěné	https://cz.robotoys.eu/drevene-3d-puzzle/architektura/drevene-3d-puzzle-koloseum-little-story-e016-p126	0	1	0	1
3d puzzle dřevěné	https://cz.robotoys.eu/drevene-3d-puzzle/architektura/drevene-3d-puzzle-sagrada-familia-little-story-e018-p133	0	7	0	2.57
3d puzzle dřevěné	https://cz.robotoys.eu/drevene-3d-puzzle/stem-lab/drevene-3d-puzzle-retro-telefon-eco-wood-art-p156	0	2	0	6
3d puzzle felnőtteknek	https://hu.robotoys.eu/fabol-keszult-3d-puzzle	0	38	0	9.63
3d puzzle felnőtteknek	https://hu.robotoys.eu/fabol-keszult-3d-puzzle/epiteszet/fa-3d-puzzle-sagrada-familia-little-story-e018-p133	0	51	0	2.75
3d puzzle flower	https://robotoys.eu/blog/a-wooden-bouquet-that-never-withers-discover-the-magic-of-3d-flower-puzzles	0	1	0	3
3d puzzle flower	https://robotoys.eu/wooden-3d-puzzle/flowers	0	3	0	4.67
3d puzzle flower bouquet	https://robotoys.eu/blog/a-wooden-bouquet-that-never-withers-discover-the-magic-of-3d-flower-puzzles	0	1	0	11
3d puzzle flower bouquet	https://robotoys.eu/wooden-3d-puzzle/flowers	0	2	0	9
3d puzzle flowers	https://robotoys.eu/blog/a-wooden-bouquet-that-never-withers-discover-the-magic-of-3d-flower-puzzles	0	2	0	1
3d puzzle flowers	https://robotoys.eu/wooden-3d-puzzle/flowers	0	2	0	6.5
3d puzzle flugzeug	https://de.robotoys.eu/3d-puzzle-aus-holz/fahrzeuge/3d-puzzle-aus-holz-flugzeug-little-story-d016-p130	0	13	0	7.85
3d puzzle globus	https://cz.robotoys.eu/drevene-3d-puzzle/vesmir/svitici-globus-rokr-st003-p3	0	4	0	1.25
3d puzzle helicopter	https://robotoys.eu/wooden-3d-puzzle/vehicles/wooden-3d-puzzle-helicopter-little-story-d017-p131	0	3	0	1
3d puzzle holz	https://de.robotoys.eu/3d-puzzle-aus-holz/die-architektur/3d-puzzle-aus-holz-colosseum-little-story-e016-p126	0	3	0	11
3d puzzle holz	https://de.robotoys.eu/3d-puzzle-aus-holz/die-architektur/3d-puzzle-aus-holz-sagrada-familia-little-story-e018-p133	0	9	0	15.11
3d puzzle holz	https://de.robotoys.eu/3d-puzzle-aus-holz/fahrzeuge/3d-puzzle-aus-holz-sting-scooter-little-story-e022-p174	0	14	0	14.57
3d puzzle holz	https://de.robotoys.eu/3d-puzzle-aus-holz/fahrzeuge/3d-puzzle-aus-holz-tiger-i-little-story-wot03-p136	0	3	0	11
3d puzzle holz schiff	https://de.robotoys.eu/3d-puzzle-aus-holz/fahrzeuge/3d-puzzle-aus-holz-segelschiff-lord-of-the-seas-eco-wood-art-p216	0	8	0	9
3d puzzle images	https://robotoys.eu/wooden-3d-puzzle/architecture/wooden-3d-puzzle-sagrada-familia-little-story-e018-p133	0	4	0	1
3d puzzle images	https://robotoys.eu/wooden-3d-puzzle/architecture/wooden-3d-puzzle-victory-arch-little-story-e011-p123	0	3	0	1
3d puzzle koloseum	https://cz.robotoys.eu/drevene-3d-puzzle/architektura/drevene-3d-puzzle-koloseum-little-story-e016-p126	0	4	0	4.25
3d puzzle koloseum	https://robotoys.eu/wooden-3d-puzzle/architecture/wooden-3d-puzzle-colosseum-little-story-e016-p126	0	1	0	11
3d puzzle kolosseum	https://de.robotoys.eu/3d-puzzle-aus-holz/die-architektur/3d-puzzle-aus-holz-colosseum-little-story-e016-p126	0	1	0	6
3d puzzle készítése	https://hu.robotoys.eu/blog/10-eszkoz-amire-szukseged-lesz-egy-fabol-keszult-3d-puzzle-osszeallitasahoz	0	1	0	3
3d puzzle library	https://robotoys.eu/wooden-3d-puzzle/architecture/wooden-3d-puzzle-library-by-the-seashore-p261	0	1	0	10
3d puzzle lokomotive	https://de.robotoys.eu/3d-puzzle-aus-holz/fahrzeuge/3d-puzzle-aus-holz-lokomotive-little-story-e012-p124	0	10	0	1
3d puzzle motorrad	https://de.robotoys.eu/3d-puzzle-aus-holz/fahrzeuge/3d-puzzle-aus-holz-gelbes-grand-prix-motorrad-little-story-e021y-p244	0	2	0	12
3d puzzle motorrad	https://de.robotoys.eu/3d-puzzle-aus-holz/fahrzeuge/3d-puzzle-aus-holz-grand-prix-motorrad-little-story-e021-p173	0	4	0	6
3d puzzle motorrad	https://de.robotoys.eu/3d-puzzle-aus-holz/fahrzeuge/3d-puzzle-aus-holz-grunes-speedway-motorrad-little-story-e019g-p240	0	1	0	12
3d puzzle motorrad	https://de.robotoys.eu/3d-puzzle-aus-holz/fahrzeuge/3d-puzzle-aus-holz-lila-speedtail-motorrad-little-story-e020p-p242	0	1	0	12
3d puzzle motorrad	https://de.robotoys.eu/3d-puzzle-aus-holz/fahrzeuge/holz-3d-puzzle-motorrad-speedtail-little-story-e020-p172	0	1	0	12
3d puzzle motorrad	https://de.robotoys.eu/3d-puzzle-aus-holz/fahrzeuge/mechanisches-3d-puzzle-aus-holz-cruiser-motorrad-eco-wood-art-p150	0	1	0	14
3d puzzle notre dame	https://robotoys.eu/wooden-3d-puzzle/architecture/wooden-3d-puzzle-notre-dame-cathedral-little-story-e017-p127	0	3	0	1
3d puzzle of flower bouquet	https://robotoys.eu/wooden-3d-puzzle/flowers	0	2	0	7.5
3d puzzle piano	https://robotoys.eu/wooden-3d-puzzle/musical-instruments/magic-piano-rokr-amk81-p70	0	1	0	8
3d puzzle pisa	https://de.robotoys.eu/3d-puzzle-aus-holz/die-architektur/3d-puzzle-aus-holz-schiefer-turm-von-pisa-little-story-e009-p114	0	1	0	5
3d puzzle plane	https://robotoys.eu/wooden-3d-puzzle/vehicles/wooden-3d-puzzle-airplane-little-story-d016-p130	0	1	0	1
3d puzzle rolife	https://hu.robotoys.eu/markak/rolife	0	1	0	2
3d puzzle rolife	https://it.robotoys.eu/puzzle-3d-in-legno/fiori	0	1	0	7
3d puzzle sagrada familia	https://cz.robotoys.eu/drevene-3d-puzzle/architektura/drevene-3d-puzzle-sagrada-familia-little-story-e018-p133	0	1	0	1
3d puzzle sagrada familia	https://de.robotoys.eu/3d-puzzle-aus-holz/die-architektur/3d-puzzle-aus-holz-sagrada-familia-little-story-e018-p133	0	3	0	1
3d puzzle sagrada familia	https://robotoys.eu/wooden-3d-puzzle/architecture/wooden-3d-puzzle-sagrada-familia-little-story-e018-p133	0	1	0	1
3d puzzle sakura	https://de.robotoys.eu/3d-puzzle-aus-holz/fahrzeuge/3d-puzzle-aus-holz-sakura-journey-rolife-tgs02-p105	0	3	0	6.67
3d puzzle sakura	https://hu.robotoys.eu/fabol-keszult-3d-puzzle/viragok/fa-3d-puzzle-sakura-bonsai-rolife-tg415-p142	0	1	0	1
3d puzzle sakura	https://hu.robotoys.eu/fabol-keszult-3d-puzzle/viragok/fa-3d-puzzle-sakura-rowood-tw101-p195	0	1	0	5
3d puzzle sakura bonsai	https://es.robotoys.eu/rompecabezas-3d-de-madera/flores/rompecabezas-3d-de-madera-sakura-bonsai-rolife-tg415-p142	0	2	0	8
3d puzzle sakura bonsai	https://robotoys.eu/wooden-3d-puzzle/flowers/wooden-3d-puzzle-sakura-bonsai-rolife-tg415-p142	0	2	0	6.5
3d puzzle schiefer turm von pisa	https://de.robotoys.eu/3d-puzzle-aus-holz/die-architektur/3d-puzzle-aus-holz-schiefer-turm-von-pisa-little-story-e009-p114	0	5	0	6.2
3d puzzle schiff	https://de.robotoys.eu/3d-puzzle-aus-holz/fahrzeuge/3d-puzzle-aus-holz-segelschiff-lord-of-the-seas-eco-wood-art-p216	0	5	0	19.8
3d puzzle schwer	https://de.robotoys.eu/3d-puzzle-aus-holz/die-architektur/3d-puzzle-aus-holz-sagrada-familia-little-story-e018-p133	0	2	0	5
3d puzzle segelschiff	https://de.robotoys.eu/3d-puzzle-aus-holz/fahrzeuge/3d-puzzle-aus-holz-segelschiff-lord-of-the-seas-eco-wood-art-p216	0	6	0	11.33
3d puzzle t rex	https://cz.robotoys.eu/drevene-3d-puzzle/zvirata/drevene-3d-puzzle-t-rex-little-story-d006-p115	0	1	0	1
3d puzzle t rex	https://pl.robotoys.eu/drewniane-puzzle-3d/zwierzeta/drewniane-puzzle-3d-t-rex-little-story-d006-p115	0	1	0	1
3d puzzle tank	https://hu.robotoys.eu/fabol-keszult-3d-puzzle/jarmuvek/fa-3d-kirako-tank-leopard-1-little-story-wot07-p179	0	1	0	1
3d puzzle tank	https://robotoys.eu/wooden-3d-puzzle/vehicles/wooden-3d-puzzle-tank-leopard-1-little-story-wot07-p179	0	5	0	1.8
3d puzzle tiere	https://de.robotoys.eu/3d-puzzle-aus-holz/die-tiere	0	5	0	19.4
3d puzzle travel vessel	https://fr.robotoys.eu/casse-tete-3d-en-bois/vehicules/puzzle-3d-en-bois-bateau-de-croisiere-rolife-tg306-p87	0	1	0	10
3d puzzle vehicle	https://robotoys.eu/wooden-3d-puzzle/vehicles	0	1	0	23
3d puzzle vlak	https://cz.robotoys.eu/drevene-3d-puzzle/vozidla/model-parni-lokomotivy-rokr-mc501-p13	0	1	0	4
3d puzzle wood	https://it.robotoys.eu/blog/storia-dei-puzzle-in-legno-3d-dalle-origini-al-presente	0	3	0	9
3d puzzle zvířata	https://cz.robotoys.eu/drevene-3d-puzzle/zvirata/drevene-3d-puzzle-klokan-little-story-d014-p122	0	1	0	1
3d puzzle zvířata	https://cz.robotoys.eu/drevene-3d-puzzle/zvirata/drevene-3d-puzzle-lev-little-story-d011-p119	0	1	0	1
3d puzzles	https://de.robotoys.eu/bloggen/bringen-sie-ihr-gehirn-mit-mechanischen-3d-puzzles-aus-holz-in-schwung	0	1	0	23
3d puzzles	https://es.robotoys.eu/venta-de-puzzles-de-madera-3d	0	1	0	46
3d puzzles architecture	https://robotoys.eu/wooden-3d-puzzle/architecture	0	2	0	4.5
3d puzzles buildings	https://robotoys.eu/wooden-3d-puzzle/architecture	0	5	0	21
3d puzzles cars	https://robotoys.eu/wooden-3d-puzzle/vehicles	0	1	0	32
3d puzzlr	https://de.robotoys.eu/3d-puzzle-aus-holz/die-architektur/3d-puzzle-aus-holz-sagrada-familia-little-story-e018-p133	0	2	0	3.5
3d puzzlr	https://de.robotoys.eu/3d-puzzle-aus-holz/die-architektur/3d-puzzle-aus-holz-siegesbogen-little-story-e011-p123	0	2	0	3.5
3d rosa	https://se.robotoys.eu/3d-pussel-i-tra/blommor/tra-3d-pussel-rosa-ros-rowood-tw041-p111	0	1	0	3
3d rouwbloemen	https://nl.robotoys.eu/houten-3d-puzzel/bloemen	0	1	0	21
3d ruze	https://cz.robotoys.eu/drevene-3d-puzzle/kvety/drevene-3d-puzzle-cervena-ruze-rowood-tw042-p101	0	1	0	1
3d sakura	https://cz.robotoys.eu/drevene-3d-puzzle/kvety/drevene-3d-puzzle-sakura-bonsai-rolife-tg415-p142	0	2	0	6
3d sakura	https://hu.robotoys.eu/fabol-keszult-3d-puzzle/viragok/fa-3d-puzzle-sakura-bonsai-rolife-tg415-p142	0	1	0	1
3d scooter	https://nl.robotoys.eu/houten-3d-puzzel/voertuigen/houten-3d-puzzel-sting-scooter-little-story-e022-p174	0	1	0	6
3d sestavljanka	https://si.robotoys.eu/lesena-3d-sestavljanka	0	4	0	8
3d sestavljanke	https://si.robotoys.eu/lesena-3d-sestavljanka	0	5	0	3.6
3d stavebnice	https://cz.robotoys.eu/blog/little-story-3d-stavebnice-ktere-spojuji-kreativitu-zabavu-a-kvalitu	0	2	0	5
3d stavebnice pro dospělé	https://cz.robotoys.eu/blog/drevene-3d-puzzle-jak-vybrat-svoji-prvni-stavebnice-a-na-co-se-pripravit	0	1	0	10
3d stavebnice pro dospělé	https://cz.robotoys.eu/drevene-3d-puzzle/architektura/drevene-3d-puzzle-sagrada-familia-little-story-e018-p133	0	3	0	2.67
3d steckpuzzle	https://de.robotoys.eu/3d-puzzle-aus-holz/die-architektur/3d-puzzle-aus-holz-sagrada-familia-little-story-e018-p133	0	4	0	5.25
3d story	https://es.robotoys.eu/rompecabezas-3d-de-madera/los-animales/puzzle-3d-de-madera-t-rex-little-story-d006-p115	0	1	0	24
3d story	https://es.robotoys.eu/rompecabezas-3d-de-madera/vehiculos/puzzle-3d-de-madera-tigre-i-little-story-wot03-p136	0	1	0	11
3d story	https://es.robotoys.eu/rompecabezas-3d-de-madera/vehiculos/rompecabezas-3d-de-madera-motocicleta-comanche-roja-little-story-e023r-p248	0	1	0	31
3d tiger puzzle	https://de.robotoys.eu/3d-puzzle-aus-holz/fahrzeuge/3d-puzzle-aus-holz-tiger-i-little-story-wot03-p136	0	1	0	1
3d toys	https://robotoys.eu/	0	1	0	9
3d träpussel	https://se.robotoys.eu/3d-pussel-i-tra	0	13	0	4.92
3d træ puslespil	https://dk.robotoys.eu/trae-3d-puslespil/arkitektur/trae-3d-puslespil-notre-dame-cathedral-little-story-e017-p127	0	1	0	1
3d træ puslespil	https://dk.robotoys.eu/trae-3d-puslespil/arkitektur/trae-3d-puslespil-sagrada-familia-little-story-e018-p133	0	6	0	1.5
3d voiture	https://fr.robotoys.eu/casse-tete-3d-en-bois/vehicules/puzzle-3d-mecanique-en-bois-voiture-de-course-rouge-eco-wood-art-p152	0	4	0	14.5
3d wood animals	https://robotoys.eu/wooden-3d-puzzle/the-animals	0	3	0	1
3d wood puzzle	https://it.robotoys.eu/blog/storia-dei-puzzle-in-legno-3d-dalle-origini-al-presente	0	1	0	8
3d wood puzzles for adults	https://robotoys.eu/blog/wooden-3d-puzzles-how-to-choose-your-first-building-kit-and-what-to-prepare-for	0	1	0	6
3d wooden animal puzzles	https://robotoys.eu/wooden-3d-puzzle/the-animals	0	1	0	1
3d wooden animals	https://robotoys.eu/wooden-3d-puzzle/the-animals	0	1	0	7
3d wooden flower puzzle	https://robotoys.eu/wooden-3d-puzzle/flowers	0	2	0	6
3d wooden puzzle	https://it.robotoys.eu/blog/storia-dei-puzzle-in-legno-3d-dalle-origini-al-presente	0	1	0	8
3d wooden puzzle	https://robotoys.eu/wooden-3d-puzzle/vehicles/wooden-3d-puzzle-eternal-atlantic-voyager-1912-rolife-tgl02-p223	0	1	0	15
3d wooden puzzle airplane	https://robotoys.eu/wooden-3d-puzzle/vehicles/wooden-3d-puzzle-airplane-little-story-d016-p130	0	1	0	2
3d wooden puzzle clock	https://robotoys.eu/wooden-3d-puzzle/clocks-calendars	0	1	0	39
3d wooden puzzle colosseum	https://robotoys.eu/wooden-3d-puzzle/architecture/wooden-3d-puzzle-colosseum-little-story-e016-p126	0	2	0	1
3d wooden puzzle flower	https://robotoys.eu/blog/a-wooden-bouquet-that-never-withers-discover-the-magic-of-3d-flower-puzzles	0	4	0	6.25
3d wooden puzzle flower	https://robotoys.eu/wooden-3d-puzzle/flowers	0	1	0	4
3d wooden puzzle grand piano	https://it.robotoys.eu/puzzle-3d-in-legno/strumenti-musicali/pianoforte-magico-rokr-amk81-p70	0	1	0	2
3d wooden puzzles	https://robotoys.eu/	0	1	0	9
3d wooden puzzles	https://robotoys.eu/wooden-3d-puzzle/architecture/five-story-pagoda-rolife-tgn02-p45	0	1	0	28
3d wooden puzzles	https://robotoys.eu/wooden-3d-puzzle/architecture/wooden-3d-puzzle-sakura-treehouse-rolife-tgs04-p201	0	1	0	9
3d wooden puzzles	https://robotoys.eu/wooden-3d-puzzle/music-boxes/wooden-mechanical-3d-puzzle-magic-harp-rokr-amk71-p254	0	1	0	9
3d wooden puzzles	https://robotoys.eu/wooden-3d-puzzle/the-universe/wooden-mechanical-3d-puzzle-space-shuttle-rokr-lka02-p253	0	1	0	9
3d wooden puzzles eiffel tower	https://robotoys.eu/wooden-3d-puzzle/architecture/illuminated-eiffel-tower-rolife-tgl01-p73	0	1	0	11
3d állatok	https://hu.robotoys.eu/fabol-keszult-3d-puzzle/az-allatok	0	10	0	12.2
3d дървен пъзел	https://bg.robotoys.eu/	0	5	0	8
3d дървен пъзел	https://bg.robotoys.eu/drven-3d-pzel	0	5	0	1.2
3d дървен пъзел	https://bg.robotoys.eu/drven-3d-pzel/arkhytektura/drven-3d-pzel-arka-na-pobedata-little-story-e011-p123	0	3	0	13
3d дървен пъзел	https://bg.robotoys.eu/drven-3d-pzel/arkhytektura/drven-3d-pzel-sagrada-familia-little-story-e018-p133	0	3	0	1
3d пъзел	https://bg.robotoys.eu/drven-3d-pzel	0	1	0	10
3d пъзели	https://bg.robotoys.eu/drven-3d-pzel	0	7	0	7.57
3d пъзели	https://bg.robotoys.eu/drven-3d-pzel/arkhytektura/drven-3d-pzel-sagrada-familia-little-story-e018-p133	0	12	0	17.25
3d-pussel trä	https://se.robotoys.eu/3d-pussel-i-tra	0	8	0	6.12
3dpuzzel	https://de.robotoys.eu/3d-puzzle-aus-holz/die-architektur/3d-puzzle-aus-holz-sagrada-familia-little-story-e018-p133	0	2	0	3.5
3dpuzzel	https://de.robotoys.eu/3d-puzzle-aus-holz/die-architektur/3d-puzzle-aus-holz-siegesbogen-little-story-e011-p123	0	2	0	3.5
3dpuzzel	https://nl.robotoys.eu/houten-3d-puzzel/architectuur/houten-3d-puzzel-sagrada-familia-little-story-e018-p133	0	1	0	6
3dpuzzle	https://de.robotoys.eu/3d-puzzle-aus-holz/die-architektur/3d-puzzle-aus-holz-sagrada-familia-little-story-e018-p133	0	10	0	6.1
3dpuzzle	https://de.robotoys.eu/3d-puzzle-aus-holz/die-architektur/3d-puzzle-aus-holz-siegesbogen-little-story-e011-p123	0	9	0	6
3д пъзел	https://bg.robotoys.eu/drven-3d-pzel	0	4	0	11
3д пъзел	https://bg.robotoys.eu/drven-3d-pzel-vreme-za-sglobiavane-nad-5-chasa	0	6	0	10.17
3д пъзел	https://bg.robotoys.eu/drven-3d-pzel-vreme-za-sglobiavane-ot-1-do-3-chasa	0	3	0	15
3д пъзел	https://bg.robotoys.eu/drven-3d-pzel-vreme-za-sglobiavane-ot-3-do-5-chasa	0	8	0	7.75
3д пъзели	https://bg.robotoys.eu/drven-3d-pzel	0	2	0	12.5
3д пъзели	https://bg.robotoys.eu/drven-3d-pzel/arkhytektura/drven-3d-pzel-sagrada-familia-little-story-e018-p133	0	1	0	12
3д пъзели от дърво	https://bg.robotoys.eu/drven-3d-pzel	0	6	0	4.17
539*5	https://dk.robotoys.eu/trae-3d-puslespil/musikdaser/mekanisk-3d-puslespil-i-trae-klassisk-karrusel-rolife-amc01-p146	0	1	0	10
[heimdekoration]	https://de.robotoys.eu/bloggen/so-wahlen-sie-die-beste-heimdekoration-aus-tipps-und-tricks	0	3	0	23.33
a frame	https://cz.robotoys.eu/drevene-3d-puzzle/architektura/drevene-3d-puzzle-mini-horska-chata-a-frame-rolife-dg181-p227	0	4	0	3.25
a może ten?	https://pl.robotoys.eu/drewniane-puzzle-3d/instrumenty-muzyczne/drewniane-puzzle-3d-wiolonczela-rolife-tg411-p85	0	1	0	5
a night in the city	https://cz.robotoys.eu/drevene-3d-puzzle/stem-lab/marble-night-city-rokr-lga01-p2	0	1	0	37
a puzzle	https://cz.robotoys.eu/drevene-3d-puzzle/stem-lab/drevene-mechanicke-3d-puzzle-klasicka-tiskarna-rokr-lk602-p90	0	1	0	5
a tower bridge	https://pt.robotoys.eu/blogue/a-historia-da-famosa-tower-bridge-como-levar-londres-para-a-sua-casa	0	1	0	10
a-frame	https://cz.robotoys.eu/drevene-3d-puzzle/architektura/drevene-3d-puzzle-mini-horska-chata-a-frame-rolife-dg181-p227	0	3	0	3.33
aanhangwagen puzzel	https://nl.robotoys.eu/houten-3d-puzzel/voertuigen/houten-3d-puzzel-kiepwagen-met-aanhanger-road-king-eco-wood-art-p207	0	1	0	4
action 3d puzzle	https://fr.robotoys.eu/puzzle-3d-en-bois-en-action	0	1	0	14
action puzzle 3d	https://fr.robotoys.eu/puzzle-3d-en-bois-en-action	0	22	0	8.41
action puzzle 3d bois	https://fr.robotoys.eu/puzzle-3d-en-bois-en-action	0	1	0	11
action puzzle bois	https://fr.robotoys.eu/puzzle-3d-en-bois-en-action	0	5	0	5.8
aeronave	https://it.robotoys.eu/puzzle-3d-in-legno/veicoli/modello-aeronave-rolife-tg407-p22	0	1	0	22
afstresning	https://dk.robotoys.eu/blog/hvordan-man-slipper-af-med-stress-10-effektive-tips	0	6	0	13.83
afstressende aktiviteter	https://dk.robotoys.eu/blog/hvordan-man-slipper-af-med-stress-10-effektive-tips	0	5	0	17.2
agencia detectives	https://es.robotoys.eu/casas-en-miniatura/habitaciones-en-miniatura/agencia-de-detectives-de-mose-rolife-dg157-p24	0	13	0	53.46
ajándékötlet nőknek	https://hu.robotoys.eu/blog/7-ellenallhatatlan-ajandekotlet-noknek	0	2	0	20.5
ak 399	https://hu.robotoys.eu/fabol-keszult-3d-puzzle/fegyverek/ak-47-rifle-rokr-lq901-p67	0	1	0	12
ak 47	https://pl.robotoys.eu/drewniane-puzzle-3d/bronie/karabin-ak-47-rokr-lq901-p67	0	38	0	1
ak147	https://es.robotoys.eu/rompecabezas-3d-de-madera/armas/rifle-ak-47-rokr-lq901-p67	0	1	0	27
ak47 giocattolo	https://it.robotoys.eu/puzzle-3d-in-legno/armi/fucile-ak-47-rokr-lq901-p67	0	3	0	5.33
ak47 skins cs	https://pl.robotoys.eu/drewniane-puzzle-3d/bronie/karabin-ak-47-rokr-lq901-p67	0	1	0	55
ako sa zbavit stresu	https://cz.robotoys.eu/blog/jak-se-zbavit-stresu-10-ucinnych-tipu	0	1	0	10
ako sa zbaviť stresu	https://cz.robotoys.eu/blog/jak-se-zbavit-stresu-10-ucinnych-tipu	0	3	0	7
al 47	https://pl.robotoys.eu/drewniane-puzzle-3d/bronie/karabin-ak-47-rokr-lq901-p67	0	1	0	1
albero puzzle	https://it.robotoys.eu/puzzle-3d-in-legno/carillon/puzzle-3d-meccanico-in-legno-albero-di-natale-melodico-rolife-ams01-p138	0	1	0	21
alice in wonderland rolife	https://es.robotoys.eu/casas-en-miniatura/tiendas-de-miniaturas/casa-en-miniatura-la-tienda-de-te-de-alice-rolife-dg156-p61	0	1	0	2
alice tea	https://it.robotoys.eu/case-in-miniatura/negozi-in-miniatura/casa-in-miniatura-negozio-di-te-di-alice-rolife-dg156-p61	0	1	0	1
alice tea store	https://it.robotoys.eu/case-in-miniatura/negozi-in-miniatura/casa-in-miniatura-negozio-di-te-di-alice-rolife-dg156-p61	0	2	0	1
alice tea store rolife	https://it.robotoys.eu/case-in-miniatura/negozi-in-miniatura/casa-in-miniatura-negozio-di-te-di-alice-rolife-dg156-p61	0	1	0	1
alice's tea store	https://it.robotoys.eu/case-in-miniatura/negozi-in-miniatura/casa-in-miniatura-negozio-di-te-di-alice-rolife-dg156-p61	0	1	0	2
aliexpress	https://es.robotoys.eu/rompecabezas-3d-de-madera/stem-lab/marmol-parkour-rokr-lg501-p42	0	1	0	17
altezza tower bridge	https://it.robotoys.eu/blog/the-story-of-the-famous-tower-bridge-how-to-bring-london-to-your-home	0	1	0	13
altro	https://it.robotoys.eu/puzzle-3d-in-legno/stem-lab/puzzle-3d-meccanico-in-legno-stampante-classica-rokr-lk602-p90	0	1	0	1
altro	https://it.robotoys.eu/puzzle-3d-in-legno/veicoli/puzzle-3d-meccanico-in-legno-diligenza-rokr-amka1-p99	0	1	0	1
am601	https://es.robotoys.eu/rompecabezas-3d-de-madera/cajas-de-musica/puzzle-3d-mecanico-de-madera-mueble-de-juego-orpheus-rokr-am601-p82	0	1	0	3
am601	https://robotoys.eu/wooden-3d-puzzle/music-boxes/wooden-mechanical-3d-puzzle-game-cabinet-orpheus-rokr-am601-p82	0	1	0	6
ambulance eco	https://fr.robotoys.eu/casse-tete-3d-en-bois/vehicules/puzzle-3d-en-bois-ambulance-eco-wood-art-p203	0	4	0	12
ambulance puzzle	https://robotoys.eu/wooden-3d-puzzle/vehicles/wooden-3d-puzzle-ambulance-eco-wood-art-p203	0	1	0	11
ambulancia eco	https://es.robotoys.eu/rompecabezas-3d-de-madera/vehiculos/rompecabezas-3d-de-madera-ambulancia-eco-wood-art-p203	0	2	0	7
amc01	https://nl.robotoys.eu/houten-3d-puzzel/muziekdoosjes/houten-mechanische-3d-puzzel-klassieke-carrousel-rolife-amc01-p146	0	1	0	3
amc01	https://robotoys.eu/wooden-3d-puzzle/music-boxes/wooden-mechanical-3d-puzzle-classic-carousel-rolife-amc01-p146	0	1	0	2
amk81	https://fr.robotoys.eu/casse-tete-3d-en-bois/instruments-de-musique/piano-magique-rokr-amk81-p70	0	2	0	8
amk82	https://de.robotoys.eu/3d-puzzle-aus-holz/spieluhren	0	2	0	6.5
amk82	https://de.robotoys.eu/marken/rokr	0	1	0	7
amk82	https://nl.robotoys.eu/de-nieuwste-producten-van-het-merk-rokr	0	1	0	9
amt01	https://es.robotoys.eu/rompecabezas-3d-de-madera/cajas-de-musica/carnaval-al-atardecer-rolife-amt01-p79	0	1	0	7
amt01	https://fr.robotoys.eu/casse-tete-3d-en-bois/boites-a-musique/carnaval-au-coucher-du-soleil-rolife-amt01-p79	0	1	0	10
amx 13 105	https://cz.robotoys.eu/drevene-3d-puzzle/vozidla/drevene-3d-puzzle-tank-amx-13-105-little-story-wot05-p177	0	7	0	5.86
amx 13 105	https://fr.robotoys.eu/casse-tete-3d-en-bois/vehicules/puzzle-3d-en-bois-char-amx-13-105-little-story-wot05-p177	0	1	0	4
amx 13 105	https://hu.robotoys.eu/fabol-keszult-3d-puzzle/jarmuvek/fa-3d-puzzle-tank-amx-13-105-little-story-wot05-p177	0	2	0	5.5
amx 13 105	https://robotoys.eu/wooden-3d-puzzle/vehicles/wooden-3d-puzzle-tank-amx-13-105-little-story-wot05-p177	0	9	0	6.33
amx 13 model	https://robotoys.eu/wooden-3d-puzzle/vehicles/wooden-3d-puzzle-tank-amx-13-105-little-story-wot05-p177	0	1	0	7
amx-13 105	https://dk.robotoys.eu/trae-3d-puslespil/koretojer/trae-3d-puslespil-tank-amx-13-105-little-story-wot05-p177	0	1	0	5
amx-13-105	https://robotoys.eu/wooden-3d-puzzle/vehicles/wooden-3d-puzzle-tank-amx-13-105-little-story-wot05-p177	0	1	0	7
amx-13/105	https://dk.robotoys.eu/trae-3d-puslespil/koretojer/trae-3d-puslespil-tank-amx-13-105-little-story-wot05-p177	0	1	0	7
amx-13/105	https://pt.robotoys.eu/quebra-cabeca-3d-de-madeira/veiculos/quebra-cabeca-3d-de-madeira-tanque-amx-13-105-little-story-wot05-p177	0	1	0	9
andere	https://robotoys.eu/blog/wooden-3d-puzzles-how-to-choose-your-first-building-kit-and-what-to-prepare-for	0	1	0	2
animal 3d puzzle	https://robotoys.eu/wooden-3d-puzzle/the-animals	0	1	0	9
animal puzzle 3d	https://it.robotoys.eu/puzzle-3d-in-legno/gli-animali	0	1	0	3
anime rose tower wood	https://robotoys.eu/wooden-3d-puzzle/flowers/wooden-3d-puzzle-red-rose-rowood-tw042-p101	0	1	0	6
ano de surgimento	https://robotoys.eu/blog/history-of-3d-wooden-puzzles-from-beginnings-to-the-present	0	1	0	1
arcade dating	https://it.robotoys.eu/case-in-miniatura/angolo-dei-libri/inserto-per-libreria-arcade-dating-rolife-tgb10-p148	0	2	0	7
arch puzzle	https://robotoys.eu/wooden-3d-puzzle/architecture/wooden-3d-puzzle-victory-arch-little-story-e011-p123	0	1	0	3
architect 3d puzzle	https://robotoys.eu/wooden-3d-puzzle/architecture	0	13	0	5.23
architectural puzzles	https://robotoys.eu/wooden-3d-puzzle/architecture	0	3	0	13.33
architecture puzzle	https://robotoys.eu/wooden-3d-puzzle/architecture	0	5	0	2
architecture puzzles 3d	https://robotoys.eu/wooden-3d-puzzle/architecture	0	4	0	6.5
arkitektur	https://dk.robotoys.eu/trae-3d-puslespil/arkitektur/fem-etagers-pagode-rolife-tgn02-p45	0	1	0	1
armas rompecabezas	https://es.robotoys.eu/rompecabezas-3d-de-madera/armas	0	1	0	9
arme casse tete	https://fr.robotoys.eu/casse-tete-3d-en-bois/armes	0	2	0	9.5
assemblaggio puzzle	https://it.robotoys.eu/blog	0	1	0	19
assemblaggio puzzle	https://it.robotoys.eu/blog/10-strumenti-di-cui-hai-bisogno-per-assemblare-un-puzzle-3d-in-legno	0	2	0	8.5
atividades coordenação motora	https://pt.robotoys.eu/blogue/top-5-atividades-que-apoiam-o-desenvolvimento-de-habilidades-motoras	0	1	0	22
aurumootor	https://ee.robotoys.eu/puidust-3d-pusle/stem-lab/puidust-mehaaniline-3d-pusle-aurumootor-rokr-lka01-p104	0	1	0	12
auto puzzle	https://es.robotoys.eu/rompecabezas-3d-de-madera/vehiculos	0	1	0	3
auto puzzle 3d	https://it.robotoys.eu/puzzle-3d-in-legno/veicoli	0	2	0	5
autobus de madera	https://es.robotoys.eu/rompecabezas-3d-de-madera/vehiculos/puzzle-3d-de-madera-autobus-turistico-de-londres-rolife-tgm02-p106	0	1	0	1
autós puzzle	https://hu.robotoys.eu/fabol-keszult-3d-puzzle/jarmuvek/veteran-auto-rokr-mc801-p72	0	1	0	2
bajkowy park rozrywki	https://pl.robotoys.eu/miniaturowe-domki/kacik-ksiazek/wkladka-do-regalu-bajkowy-park-rozrywki-rolife-tgb17-p257	0	1	0	22
balista	https://pl.robotoys.eu/drewniane-puzzle-3d/bronie/balista-machiny-oblezniczej-rokr-kw401-p15	0	1	0	1
barevné	https://cz.robotoys.eu/drevene-3d-puzzle/architektura/petipatrova-pagoda-rolife-tgn02-p45	0	1	0	1
bat chatillon bourrasque	https://robotoys.eu/wooden-3d-puzzle/vehicles/wooden-3d-puzzle-bat-chatillon-bourrasque-little-story-wot04-p134	0	1	0	9
bedste gave til ham	https://dk.robotoys.eu/blog/den-bedste-gave-til-ham-original-med-et-strejf-af-historie	0	1	0	13
bekende schilderijen nabootsen	https://nl.robotoys.eu/blog/geschiedenis-van-3d-houten-puzzels-van-het-begin-tot-het-heden	0	1	0	117
best rokr	https://robotoys.eu/the-best-rated-products-of-the-rokr-brand	0	1	0	6
best rokr puzzle	https://robotoys.eu/the-best-rated-products-of-the-rokr-brand	0	4	0	7.5
best rokr sets	https://robotoys.eu/the-best-rated-products-of-the-rokr-brand	0	2	0	9.5
betalingsmuligheder	https://dk.robotoys.eu/nyttige-links/ofte-stillede-sporgsmal/betalingsmuligheder	0	1	0	76
bewegende decoratie puzzel	https://nl.robotoys.eu/blog/houten-3d-puzzels-hoe-kies-je-je-eerste-bouwset-en-waar-moet-je-je-op-voorbereiden	0	1	0	11
biblio bookstore	https://fr.robotoys.eu/maisons-miniatures/coin-livres/bookstore-rolife-tgb07-p76	0	1	0	37
biblioteca miniatura	https://es.robotoys.eu/casas-en-miniatura/habitaciones-en-miniatura/biblioteca-de-estudio-de-sam-rolife-dg102-p86	0	4	0	1.75
biblioteca miniatura	https://pt.robotoys.eu/casas-em-miniatura/quartos-em-miniatura/biblioteca-de-estudo-de-sam-rolife-dg102-p86	0	2	0	3
big ben model	https://cz.robotoys.eu/drevene-3d-puzzle/architektura/model-big-ben-s-led-osvetlenim-rolife-tg507-p20	0	1	0	1
bilittle	https://dk.robotoys.eu/trae-3d-puslespil/dyrene/trae-3d-puslespil-bi-little-story-d001-p128	0	6	0	6.83
bilmodel	https://dk.robotoys.eu/trae-3d-puslespil/koretojer/grand-prix-bilmodel-rokr-mc401-p16	0	1	0	68
bite 3d	https://lv.robotoys.eu/koka-3d-puzle/dzivnieki/koka-3d-puzle-bite-little-story-d001-p128	0	1	0	7
blijvend cadeau vrouw	https://nl.robotoys.eu/blog/7-onweerstaanbare-cadeau-ideeen-voor-vrouwen	0	1	0	43
bloemensnoepjes	https://nl.robotoys.eu/miniatuur-huizen/miniatuur-winkels/miniatuurhuis-bloemensnoepjes-en-thee-rolife-dg146-p92	0	1	0	1
blog emeryta	https://pl.robotoys.eu/blog/budowanie-puzzli-najlepsza-aktywnosc-dla-emeryta	0	2	0	36.5
blomsterbutik	https://dk.robotoys.eu/miniaturehuse/miniature-butikker/blomsterbutik-emily-rolife-dg145-p25	0	1	0	18
blomsterkurv	https://dk.robotoys.eu/puslespil-konkurrence/trae-blomsterkurv-rowood-tw03h-210	0	1	0	58
blomsterkurv	https://dk.robotoys.eu/trae-3d-puslespil/blomster/trae-3d-puslespil-trae-blomsterkurv-rowood-tw03h-p210	0	1	0	24
bonsai 3d puzzle	https://de.robotoys.eu/3d-puzzle-aus-holz/blumen/holz-3d-puzzle-immergruner-kiefernbonsai-rolife-tg510-p143	0	3	0	2.67
bonsai 3d puzzle	https://hu.robotoys.eu/fabol-keszult-3d-puzzle/viragok/fa-3d-puzzle-sakura-bonsai-rolife-tg415-p142	0	1	0	1
bonsai 3d puzzle	https://hu.robotoys.eu/fabol-keszult-3d-puzzle/viragok/fabol-keszult-3d-puzzle-evergreen-pine-bonsai-rolife-tg510-p143	0	1	0	1
bonsai 3d puzzle	https://robotoys.eu/wooden-3d-puzzle/flowers/wooden-3d-puzzle-sakura-bonsai-rolife-tg415-p142	0	1	0	7
bonsai puzzle 3d	https://es.robotoys.eu/rompecabezas-3d-de-madera/flores/rompecabezas-3d-de-madera-bonsai-de-pino-perenne-rolife-tg510-p143	0	2	0	11
bonsai puzzle 3d	https://fr.robotoys.eu/casse-tete-3d-en-bois/fleurs/puzzle-3d-en-bois-pin-a-feuilles-persistantes-bonsai-rolife-tg510-p143	0	1	0	4
bonsai puzzle 3d	https://robotoys.eu/wooden-3d-puzzle/flowers/wooden-3d-puzzle-evergreen-pine-bonsai-rolife-tg510-p143	0	1	0	9
bonsai puzzle 3d	https://robotoys.eu/wooden-3d-puzzle/flowers/wooden-3d-puzzle-sakura-bonsai-rolife-tg415-p142	0	1	0	2
bonsai sakura	https://cz.robotoys.eu/drevene-3d-puzzle/kvety/drevene-3d-puzzle-sakura-bonsai-rolife-tg415-p142	0	2	0	3
bonsai sakura	https://it.robotoys.eu/concorso-di-puzzle/sakura-bonsai-rolife-tg415-142	0	1	0	15
bonsai sakura	https://pl.robotoys.eu/drewniane-puzzle-3d/kwiaty/drewniana-ukladanka-3d-sakura-bonsai-rolife-tg415-p142	0	1	0	1
bonsai sakura	https://robotoys.eu/wooden-3d-puzzle/flowers/wooden-3d-puzzle-sakura-bonsai-rolife-tg415-p142	0	1	0	1
bonsai sakura	https://si.robotoys.eu/lesena-3d-sestavljanka/roze/lesena-3d-sestavljanka-sakura-bonsai-rolife-tg415-p142	0	1	0	2
bonsai tree puzzle	https://robotoys.eu/wooden-3d-puzzle/flowers/wooden-3d-puzzle-sakura-bonsai-rolife-tg415-p142	0	2	0	4.5
book look	https://it.robotoys.eu/case-in-miniatura/angolo-dei-libri/inserto-libreria-venezia-romantica-rolife-tgb08-p107	0	1	0	1
book nook	https://bg.robotoys.eu/mynyatiurny-kshchy/knygy-nook	0	5	0	5
book nook	https://cz.robotoys.eu/miniaturni-domecky/books-nook	0	12	0	12.58
book nook	https://robotoys.eu/miniature-houses/books-nook	0	14	0	3
book nook	https://si.robotoys.eu/miniaturne-hise/knjige-nook	0	1	0	2
book nook bg	https://bg.robotoys.eu/mynyatiurny-kshchy/knygy-nook	0	2	0	7.5
book nook eesti	https://ee.robotoys.eu/miniatuursed-majad/raamatud-nook	0	4	0	4.25
book nook mladinska knjiga	https://si.robotoys.eu/miniaturne-hise/knjige-nook	0	10	0	3.5
book nook rolife	https://hu.robotoys.eu/miniatur-hazak/konyvek-kucko/konyvespolc-betet-virag-sarok-rolife-tgb09-p108	0	1	0	10
book nook rolife garden house	https://robotoys.eu/miniature-houses/books-nook/holiday-garden-house-rolife-tgb06-p78	0	1	0	29
book nook sakura densya	https://it.robotoys.eu/case-in-miniatura/angolo-dei-libri/sakura-densya-rolife-tgb01-p29	0	8	0	6
book nook sakura densya	https://robotoys.eu/miniature-houses/books-nook/sakura-densya-rolife-tgb01-p29	0	3	0	8.33
book nook slovenija	https://si.robotoys.eu/miniaturne-hise/knjige-nook	0	1	0	1
book nook sunshine town	https://cz.robotoys.eu/miniaturni-domecky/books-nook/sunshine-town-rolife-tgb02-p30	0	1	0	1
book nook tgb09	https://robotoys.eu/miniature-houses/books-nook/bookshelf-insert-flower-corner-rolife-tgb09-p108	0	4	0	11.75
book nook wonderland sakura densya	https://it.robotoys.eu/case-in-miniatura/angolo-dei-libri/sakura-densya-rolife-tgb01-p29	0	1	0	9
book noook	https://cz.robotoys.eu/miniaturni-domecky/books-nook	0	1	0	10
booknook rolife	https://si.robotoys.eu/miniaturne-hise/knjige-nook/knjizni-vlozek-cvetlicni-koticek-rolife-tgb09-p108	0	1	0	7
boutique objet miniature	https://fr.robotoys.eu/maisons-miniatures/boutiques-miniatures	0	1	0	48
božična darila zanjo	https://si.robotoys.eu/ideje-za-darila/darila-za-bozic	0	1	0	29
božična darila zanjo	https://si.robotoys.eu/najdrazja-darila-za-bozic?page=4	0	1	0	11
brandenburger tor 3d puzzle	https://de.robotoys.eu/3d-puzzle-aus-holz/die-architektur/3d-puzzle-aus-holz-brandenburger-tor-little-story-e015-p125	0	4	0	6.75
brandenburger tor puzzle	https://de.robotoys.eu/3d-puzzle-aus-holz/die-architektur/3d-puzzle-aus-holz-brandenburger-tor-little-story-e015-p125	0	1	0	3
brandenburgi värav	https://ee.robotoys.eu/puidust-3d-pusle/arhitektuur/puidust-3d-pusle-brandenburgi-varav-little-story-e015-p125	0	1	0	2
brandenburgo vartai	https://lt.robotoys.eu/medine-3d-delione/architektura/medine-3d-delione-brandenburgo-vartai-little-story-e015-p125	0	1	0	13
bridge tower	https://gr.robotoys.eu/istologio/h-istoria-ths-diashmhs-gefyras-tower-bridge-pws-na-fereis-to-londino-sto-spiti-soy	0	1	0	8
bridge tower londres	https://pt.robotoys.eu/blogue/a-historia-da-famosa-tower-bridge-como-levar-londres-para-a-sua-casa	0	1	0	27
brique motricité	https://fr.robotoys.eu/blog/5-avantages-des-briques-creatives-pour-le-developpement-de-la-motricite-fine-et-de-la-concentration	0	1	0	5
bro i london	https://dk.robotoys.eu/blog/historien-om-den-beromte-tower-bridge-sadan-bringer-du-london-til-dit-hjem	0	8	0	12.25
bruder tuletõrjeauto	https://ee.robotoys.eu/puidust-3d-pusle/soidukid/puidust-mehaaniline-3d-pusle-tuletorjeauto-eco-wood-art-p208	0	3	0	22
bruksanvisning	https://se.robotoys.eu/3d-pussel-i-tra/djuren/tra-3d-pussel-kangaroo-little-story-d014-p122	0	1	0	10
brücke in london name	https://de.robotoys.eu/bloggen/die-geschichte-der-beruhmten-tower-bridge-wie-sie-london-zu-ihnen-nach-hause-holen	0	1	0	29
build a mini room kit	https://robotoys.eu/miniature-houses/miniature-rooms	0	1	0	8
build a room kit	https://robotoys.eu/miniature-houses/miniature-rooms	0	1	0	9
build mini room	https://robotoys.eu/miniature-houses/miniature-rooms	0	1	0	9
build your mini room	https://robotoys.eu/miniature-houses/miniature-rooms	0	7	0	7.57
build your mini room story room	https://robotoys.eu/miniature-houses/miniature-rooms	0	4	0	8.5
build your own mini room	https://robotoys.eu/miniature-houses/miniature-rooms	0	4	0	7
building kits for adults	https://robotoys.eu/wooden-3d-puzzle/architecture/five-story-pagoda-rolife-tgn02-p45	0	1	0	33
buket cvijeća	https://hr.robotoys.eu/drvena-3d-slagalica/cvijece/drvena-3d-puzzle-buket-cvijeca-rowood-tw01h-p100	0	12	0	12.67
bukietowy 3d	https://pl.robotoys.eu/drewniane-puzzle-3d/kwiaty/drewniane-puzzle-3d-bukiet-kwiatow-rowood-tw01h-p100	0	3	0	5.33
bygga miniatyrer	https://se.robotoys.eu/blogg/vad-du-behover-veta-innan-du-bygger-miniatyrhus	0	2	0	10
bygga miniatyrhus	https://se.robotoys.eu/blogg/vad-du-behover-veta-innan-du-bygger-miniatyrhus	0	14	0	7.07
byggesæt i træ	https://dk.robotoys.eu/blog/lille-historie-3d-byggesaet-der-kombinerer-kreativitet-sjov-og-kvalitet	0	2	0	10
byggesæt i træ til voksne	https://dk.robotoys.eu/blog/lille-historie-3d-byggesaet-der-kombinerer-kreativitet-sjov-og-kvalitet	0	11	0	8.82
byggsats miniatyrhus	https://se.robotoys.eu/miniatyrhus	0	6	0	9
c'è ne sono in vendita?	https://it.robotoys.eu/puzzle-3d-in-legno/architettura/puzzle-3d-in-legno-colosseo-little-story-e016-p126	0	1	0	16
cabeça instrumentos musicais	https://pt.robotoys.eu/quebra-cabeca-3d-de-madeira/instrumentos-musicais	0	1	0	7
cadeau 23 jaar vrouw	https://nl.robotoys.eu/blog/7-onweerstaanbare-cadeau-ideeen-voor-vrouwen	0	1	0	4
cadeau ideeën vrouw	https://nl.robotoys.eu/blog/7-onweerstaanbare-cadeau-ideeen-voor-vrouwen	0	1	0	50
cadeau pour femmes	https://fr.robotoys.eu/blog/7-idees-cadeaux-irresistibles-pour-les-femmes	0	1	0	11
cadeau pour homme qui a deja tout	https://fr.robotoys.eu/blog/un-cadeau-pour-lhomme-qui-a-deja-tout-24-astuces-originales-qui-le-surprendront-vraiment	0	1	0	33
cadeau tips voor vrouwen	https://nl.robotoys.eu/blog/7-onweerstaanbare-cadeau-ideeen-voor-vrouwen	0	1	0	47
cadeau-ideeën voor vrouwen	https://nl.robotoys.eu/blog/7-onweerstaanbare-cadeau-ideeen-voor-vrouwen	0	3	0	43.67
cadeautip voor haar	https://nl.robotoys.eu/blog/7-onweerstaanbare-cadeau-ideeen-voor-vrouwen	0	1	0	12
cadeautips dames	https://nl.robotoys.eu/blog/7-onweerstaanbare-cadeau-ideeen-voor-vrouwen	0	5	0	52.6
cadeautips voor haar	https://nl.robotoys.eu/blog/7-onweerstaanbare-cadeau-ideeen-voor-vrouwen	0	3	0	13.67
cadeautips vrouw	https://nl.robotoys.eu/blog/7-onweerstaanbare-cadeau-ideeen-voor-vrouwen	0	2	0	58
cadou iubitor de cărți	https://ro.robotoys.eu/blog/cel-mai-bun-cadou-pentru-ea-un-colt-magic-pentru-un-iubitor-de-carte	0	2	0	6
cadou pentru un barbat care are de toate	https://ro.robotoys.eu/blog/un-cadou-pentru-barbatul-care-are-deja-totul-24-de-sfaturi-originale-care-il-vor-surprinde-cu-adevarat	0	1	0	41
cadouri de ziua lui	https://ro.robotoys.eu/idei-de-cadouri/cadouri-de-ziua-de-nastere	0	1	0	45
cafe miniature	https://fr.robotoys.eu/maisons-miniatures/boutiques-miniatures/cafe-a-simon-rolife-dg109-p64	0	4	0	14.5
camión de bomberos	https://es.robotoys.eu/rompecabezas-3d-de-madera/vehiculos/rompecabezas-mecanico-3d-de-madera-camion-de-bomberos-eco-wood-art-p208	0	6	0	1
can you show me them?	https://robotoys.eu/wooden-3d-puzzle/vehicles/wooden-mechanical-3d-puzzle-red-racing-car-eco-wood-art-p152	0	1	0	26
capriccio	https://dk.robotoys.eu/puslespil-konkurrence/violin-capriccio-rokr-tg604k-66	0	1	0	75
care e mai frumoasă	https://robotoys.eu/wooden-3d-puzzle/architecture/wooden-3d-puzzle-sagrada-familia-little-story-e018-p133	0	1	0	6
care sunt beneficiile hobby-urilor pentru sanatatea fizica	https://ro.robotoys.eu/blog/cum-sa-scapi-de-stres-10-sfaturi-eficiente	0	1	0	67
care sunt hobby-urile care combina sport si relaxare	https://ro.robotoys.eu/blog/un-cadou-pentru-barbatul-care-are-deja-totul-24-de-sfaturi-originale-care-il-vor-surprinde-cu-adevarat	0	3	0	60
carrossel de madeira	https://pt.robotoys.eu/quebra-cabeca-3d-de-madeira/caixas-de-musica/quebra-cabeca-mecanico-3d-de-madeira-carrossel-classico-rolife-amc01-p146	0	1	0	4
carura	https://ro.robotoys.eu/puzzle-3d-din-lemn/vehicule/puzzle-3d-din-lemn-carura-regala-rolife-tg302-p62	0	1	0	6
casa das miniaturas	https://pt.robotoys.eu/as-casas-em-miniatura-mais-populares	0	1	0	10
casa de madeira miniatura	https://pt.robotoys.eu/casas-em-miniatura	0	4	0	7.5
casa de miniatura	https://es.robotoys.eu/casas-en-miniatura/tiendas-de-miniaturas	0	1	0	19
casa em miniatura	https://pt.robotoys.eu/casas-em-miniatura	0	1	0	9
casa em miniatura para montar	https://pt.robotoys.eu/casas-em-miniatura-tempo-de-montagem-superior-a-5-horas	0	1	0	3
casa in miniatura	https://it.robotoys.eu/case-in-miniatura	0	15	0	9.13
casa mini	https://it.robotoys.eu/case-in-miniatura	0	2	0	20.5
casa miniatura	https://it.robotoys.eu/case-in-miniatura	0	2	0	11
casa miniatura	https://pt.robotoys.eu/casas-em-miniatura	0	1	0	6
casa miniatura para montar	https://es.robotoys.eu/casas-en-miniatura/tiendas-de-miniaturas	0	1	0	38
casa miniaturas	https://es.robotoys.eu/casas-en-miniatura-mejor-valoradas	0	3	0	8
casas de miniatura	https://pt.robotoys.eu/casas-em-miniatura	0	2	0	7.5
casas de miniaturas	https://es.robotoys.eu/casas-en-miniatura-dificultad-alta	0	1	0	1
casas em miniatura	https://pt.robotoys.eu/casas-em-miniatura	0	1	0	11
casas em miniatura	https://pt.robotoys.eu/casas-em-miniatura-100-a-149-unid	0	4	0	9
casas miniatura	https://es.robotoys.eu/casas-en-miniatura-dificultad-alta	0	4	0	10.25
casas miniatura	https://pt.robotoys.eu/casas-em-miniatura-100-a-149-unid	0	3	0	7.67
casas miniatura reales	https://es.robotoys.eu/las-casas-en-miniatura-mas-populares	0	3	0	7.33
casas miniaturas	https://pt.robotoys.eu/casas-em-miniatura	0	2	0	15.5
casas miniaturas	https://pt.robotoys.eu/casas-em-miniatura/lojas-de-miniaturas	0	1	0	13
casas miniaturas	https://pt.robotoys.eu/casas-em-miniatura/lojas-de-miniaturas/casa-em-miniatura-loja-de-cha-de-alice-rolife-dg156-p61	0	6	0	6.67
casas miniaturas para construir	https://es.robotoys.eu/casas-en-miniatura/tiendas-de-miniaturas	0	1	0	25
casas miniaturas para construir	https://pt.robotoys.eu/casas-em-miniatura	0	7	0	7.14
case da costruire in miniatura	https://it.robotoys.eu/case-in-miniatura	0	7	0	7
case in miniatura	https://it.robotoys.eu/case-in-miniatura	0	17	0	9.82
case in miniatura	https://it.robotoys.eu/case-in-miniatura/camere-in-miniatura	0	1	0	1
case in miniatura	https://ro.robotoys.eu/blog/ce-trebuie-sa-stiti-inainte-de-a-construi-case-in-miniatura	0	1	0	11
case in miniatura da collezione	https://it.robotoys.eu/case-in-miniatura	0	1	0	26
case in miniatura da collezione	https://it.robotoys.eu/case-in-miniatura/camere-in-miniatura	0	3	0	9.33
case in miniatura da collezione	https://it.robotoys.eu/le-case-in-miniatura-piu-popolari	0	4	0	16
case in miniatura da costruire	https://it.robotoys.eu/case-in-miniatura	0	29	0	9.9
case miniatura	https://it.robotoys.eu/case-in-miniatura	0	3	0	8
case miniatura	https://it.robotoys.eu/case-in-miniatura/camere-in-miniatura	0	1	0	2
casetta in miniatura	https://it.robotoys.eu/case-in-miniatura	0	10	0	8.8
casetta libri	https://it.robotoys.eu/case-in-miniatura/angolo-dei-libri	0	2	0	12
casetta per libri	https://it.robotoys.eu/case-in-miniatura/angolo-dei-libri	0	1	0	11
casetta rialzata interna	https://it.robotoys.eu/case-in-miniatura	0	4	0	71.75
casette da costruire	https://it.robotoys.eu/case-in-miniatura	0	1	0	11
casette da costruire in miniatura	https://it.robotoys.eu/case-in-miniatura	0	15	0	8.4
casette di legno in miniatura	https://it.robotoys.eu/case-in-miniatura	0	2	0	9.5
casette in legno in miniatura	https://it.robotoys.eu/case-in-miniatura	0	1	0	10
casette in miniatura	https://it.robotoys.eu/case-in-miniatura	0	10	0	8.2
casette in miniatura da collezione	https://it.robotoys.eu/case-in-miniatura	0	3	0	13.33
casette in miniatura da collezione	https://it.robotoys.eu/case-in-miniatura/camere-in-miniatura	0	1	0	11
casette in miniatura da collezione	https://it.robotoys.eu/le-case-in-miniatura-piu-popolari	0	1	0	30
casette in miniatura da costruire	https://it.robotoys.eu/case-in-miniatura	0	5	0	11.2
casette in miniatura in legno	https://it.robotoys.eu/case-in-miniatura	0	2	0	10
casette in miniatura vendita	https://it.robotoys.eu/case-in-miniatura	0	1	0	9
casette miniatura	https://it.robotoys.eu/case-in-miniatura	0	4	0	8
casinha miniatura	https://pt.robotoys.eu/casas-em-miniatura/lojas-de-miniaturas	0	1	0	5
casinhas em miniatura	https://pt.robotoys.eu/casas-em-miniatura	0	1	0	9
casitas de brujas	https://es.robotoys.eu/casas-en-miniatura/tiendas-de-miniaturas/tienda-bruja-kiki-rolife-dg155-p31	0	1	0	1
casitas en miniatura	https://es.robotoys.eu/casas-en-miniatura-mejor-valoradas	0	1	0	36
casitas en miniatura	https://es.robotoys.eu/casas-en-miniatura/tiendas-de-miniaturas	0	1	0	22
casitas miniaturas	https://es.robotoys.eu/casas-en-miniatura-mejor-valoradas	0	1	0	19
casse tete arme	https://fr.robotoys.eu/casse-tete-3d-en-bois/armes	0	1	0	9
casse-tête 3d	https://fr.robotoys.eu/casse-tete-3d-en-bois/architecture	0	1	0	45
casse-tête 3d en bois	https://fr.robotoys.eu/puzzle-3d-en-bois-difficulte-elevee	0	1	0	11
cathedral puzzle	https://fr.robotoys.eu/casse-tete-3d-en-bois/architecture/puzzle-3d-en-bois-cathedrale-notre-dame-little-story-e017-p127	0	1	0	1
cathy flower house	https://robotoys.eu/miniature-houses/miniature-rooms/cathys-flower-house-rolife-dg104-p28	0	2	0	10
cathy's flower house	https://robotoys.eu/miniature-houses/miniature-rooms/cathys-flower-house-rolife-dg104-p28	0	7	0	25.29
cathys flower house	https://robotoys.eu/miniature-houses/miniature-rooms/cathys-flower-house-rolife-dg104-p28	0	1	0	11
cathy’s flower house	https://robotoys.eu/miniature-houses/miniature-rooms/cathys-flower-house-rolife-dg104-p28	0	2	0	9
ce inseamna hobby	https://ro.robotoys.eu/blog/tendinta-tiktok-hobby-ul-dopaminei-ce-inseamna-si-de-ce-puzzle-urile-sunt-o-alegere-de-top	0	9	0	35.67
cele mai frumoase cadouri	https://ro.robotoys.eu/blog/5-cele-mai-bune-cadouri-de-ziua-indragostitilor-care-vor-multumi-pe-toata-lumea	0	8	0	3
cena	https://pl.robotoys.eu/drewniane-puzzle-3d/pojazdy/drewniana-ukladanka-3d-jeep-little-story-d003-p167	0	1	0	1
cena	https://pl.robotoys.eu/drewniane-puzzle-3d/pozytywki/drewniana-mechaniczna-ukladanka-3d-klasyczna-karuzela-rolife-amc01-p146	0	1	0	29
cena?	https://cz.robotoys.eu/drevene-3d-puzzle/vesmir/svitici-globus-rokr-st003-p3	0	1	0	3
chalet de montagne	https://fr.robotoys.eu/casse-tete-3d-en-bois/architecture/puzzle-3d-en-bois-mini-chalet-de-montagne-en-forme-de-a-rolife-dg181-p227	0	1	0	2
char fordon	https://se.robotoys.eu/3d-pussel-i-tra/fordon/trapussel-3d-tank-char-b1-little-story-wot06-p178	0	7	0	6.57
chcete-li	https://cz.robotoys.eu/blog/nejlepsi-darek-pro-nej-originalni-s-dotekem-historie	0	1	0	9
chocolate factory rokr	https://fr.robotoys.eu/casse-tete-3d-en-bois/stem-lab/puzzle-3d-mecanique-en-bois-chocolaterie-rokr-lga02-p75	0	1	0	9
chocolate factory rokr	https://it.robotoys.eu/puzzle-3d-in-legno/stem-lab/puzzle-3d-meccanico-in-legno-fabbrica-di-cioccolato-rokr-lga02-p75	0	2	0	5
chopper naranja	https://es.robotoys.eu/rompecabezas-3d-de-madera/vehiculos/rompecabezas-3d-de-madera-chopper-yankee-naranja-little-story-e024r-p250	0	1	0	1
ciekawe prezenty dla mężczyzny	https://pl.robotoys.eu/blog/prezent-dla-mezczyzny-ktory-ma-juz-wszystko-24-oryginalne-porady-ktore-naprawde-go-zaskocza	0	1	0	7
cijena	https://hr.robotoys.eu/minijaturne-kuce/knjige-nook/ulozak-za-police-bozicna-ulica-rolife-tgc06-p139	0	1	0	15
cim prekvapit zenu	https://cz.robotoys.eu/blog/7-neodolatelnych-tipu-na-darky-pro-zenu	0	1	0	33
co pomáhá proti stresu	https://cz.robotoys.eu/blog/jak-se-zbavit-stresu-10-ucinnych-tipu	0	1	0	6
cocina miniatura	https://es.robotoys.eu/casas-en-miniatura/habitaciones-en-miniatura/casa-en-miniatura-cocina-acogedora-rolife-dg159-p89	0	4	0	3.75
coleção completa	https://pt.robotoys.eu/casas-em-miniatura/quartos-em-miniatura/casa-em-miniatura-cozinha-aconchegante-rolife-dg159-p89	0	1	0	10
coleção completa	https://pt.robotoys.eu/casas-em-miniatura/quartos-em-miniatura/jardim-do-sr-miller-rolife-dg108-p23	0	1	0	5
colosseo 3d puzzle	https://it.robotoys.eu/puzzle-3d-in-legno/architettura/puzzle-3d-in-legno-colosseo-little-story-e016-p126	0	2	0	16
colosseum 3d puzzle	https://de.robotoys.eu/3d-puzzle-aus-holz/die-architektur/3d-puzzle-aus-holz-colosseum-little-story-e016-p126	0	2	0	11.5
colosseum 3d puzzle	https://robotoys.eu/wooden-3d-puzzle/architecture/wooden-3d-puzzle-colosseum-little-story-e016-p126	0	1	0	1
colosseum 3d wooden puzzle	https://robotoys.eu/wooden-3d-puzzle/architecture/wooden-3d-puzzle-colosseum-little-story-e016-p126	0	1	0	3
colosseum puzzle	https://de.robotoys.eu/3d-puzzle-aus-holz/die-architektur/3d-puzzle-aus-holz-colosseum-little-story-e016-p126	0	1	0	10
colosseum puzzle 3d	https://robotoys.eu/wooden-3d-puzzle/architecture/wooden-3d-puzzle-colosseum-little-story-e016-p126	0	1	0	6
colosseum wooden puzzle	https://robotoys.eu/wooden-3d-puzzle/architecture/wooden-3d-puzzle-colosseum-little-story-e016-p126	0	1	0	1
com imagens	https://pt.robotoys.eu/quebra-cabeca-3d-de-madeira/stem-lab/marble-night-city-rokr-lga01-p2	0	1	0	2
com imagens	https://pt.robotoys.eu/quebra-cabeca-3d-de-madeira/stem-lab/marble-parkour-rokr-lg501-p42	0	1	0	3
combaterea stresului	https://ro.robotoys.eu/blog/cum-sa-scapi-de-stres-10-sfaturi-eficiente	0	1	0	45
come eliminare lo stress	https://it.robotoys.eu/blog/come-liberarsi-dello-stress-10-consigli-efficaci	0	3	0	45.67
come montare	https://it.robotoys.eu/puzzle-3d-in-legno/fiori/puzzle-3d-in-legno-libro-dei-fiori-in-legno-rowood-tw04h-p228	0	1	0	24
come scaricare lo stress	https://it.robotoys.eu/blog/come-liberarsi-dello-stress-10-consigli-efficaci	0	1	0	39
come si risolve	https://it.robotoys.eu/blog/metti-in-movimento-il-tuo-cervello-con-i-puzzle-meccanici-in-legno-3d	0	1	0	1
como construir um	https://pt.robotoys.eu/quebra-cabeca-3d-de-madeira/os-animais/quebra-cabeca-3d-de-madeira-leao-little-story-d011-p119	0	1	0	20
comprar puzzles de madera al por mayor	https://es.robotoys.eu/el-rompecabezas-3d-de-madera-mas-caro	0	1	0	49
con animazione	https://it.robotoys.eu/puzzle-3d-in-legno/carillon/ruota-panoramica-rolife-tgn01-p18	0	1	0	3
construction tower bridge	https://fr.robotoys.eu/blog/lhistoire-du-celebre-tower-bridge-comment-amener-londres-chez-vous	0	8	0	7.5
converta	https://pt.robotoys.eu/quebra-cabeca-3d-de-madeira/arquitetura/modelo-tower-bridge-com-iluminacao-led-rolife-tg412-p19	0	1	0	3
corsac m60	https://nl.robotoys.eu/houten-3d-puzzel/wapens/revolver-corsac-m60-rokr-lq401-p35	0	1	0	2
corsac m60	https://pl.robotoys.eu/drewniane-puzzle-3d/bronie/rewolwer-corsac-m60-rokr-lq401-p35	0	1	0	1
corsac m60	https://robotoys.eu/wooden-3d-puzzle/weapons/revolver-corsac-m60-rokr-lq401-p35	0	1	0	26
cosas para armar	https://es.robotoys.eu/rompecabezas-3d-de-madera/arquitectura	0	1	0	2
costo	https://it.robotoys.eu/puzzle-3d-in-legno/carillon/carillon-violoncello-magico-rokr-amk63-p1	0	1	0	2
costo	https://it.robotoys.eu/puzzle-3d-in-legno/orologi-calendari/orologio-gufo-rokr-lk503-p6	0	1	0	11
costo?	https://it.robotoys.eu/puzzle-3d-in-legno/luniverso/globo-luminoso-rokr-st003-p3	0	1	0	7
costruire case in miniatura	https://it.robotoys.eu/blog/cosa-devi-sapere-prima-di-costruire-case-in-miniatura	0	1	0	7
costruire casette in miniatura	https://it.robotoys.eu/case-in-miniatura	0	1	0	10
costruzioni 3d	https://it.robotoys.eu/blog/piccola-storia-kit-di-costruzione-3d-che-uniscono-creativita-divertimento-e-qualita	0	16	0	8
costruzioni 3d legno	https://it.robotoys.eu/blog/piccola-storia-kit-di-costruzione-3d-che-uniscono-creativita-divertimento-e-qualita	0	1	0	11
costruzioni 3d legno	https://it.robotoys.eu/puzzle-3d-in-legno/architettura/puzzle-3d-in-legno-sagrada-familia-little-story-e018-p133	0	1	0	5
costruzioni in miniatura	https://it.robotoys.eu/case-in-miniatura	0	5	0	10.6
couleur du pont de londres	https://fr.robotoys.eu/blog/lhistoire-du-celebre-tower-bridge-comment-amener-londres-chez-vous	0	2	0	9
couleur tower bridge	https://fr.robotoys.eu/blog/lhistoire-du-celebre-tower-bridge-comment-amener-londres-chez-vous	0	8	0	6.88
cruiser puzzle	https://es.robotoys.eu/rompecabezas-3d-de-madera/vehiculos/moto-cruiser-rokr-lk504-p12	0	1	0	6
crveni trkaci auto	https://hr.robotoys.eu/drvena-3d-slagalica/vozila/drvena-mehanicka-3d-slagalica-crveni-trkaci-automobil-eco-wood-art-p152	0	1	0	2
crveni trkaci auto	https://hr.robotoys.eu/natjecanje-u-slagalicama/crveni-trkaci-automobil-eco-wood-art-152	0	1	0	8
cuando se construyo el puente de londres	https://es.robotoys.eu/blog/the-story-of-the-famous-tower-bridge-how-to-bring-london-to-your-home	0	3	0	9.33
cuando se construyo el tower bridge	https://es.robotoys.eu/blog/the-story-of-the-famous-tower-bridge-how-to-bring-london-to-your-home	0	1	0	6
cucina per bambini molto kitchen con lampada	https://it.robotoys.eu/case-in-miniatura/camere-in-miniatura/casa-in-miniatura-cucina-accogliente-rolife-dg159-p89	0	1	0	48
cuckoo clock lc901c	https://robotoys.eu/wooden-3d-puzzle/clocks-calendars/wooden-mechanical-3d-puzzle-cuckoo-clock-rokr-lc901c-p198	0	1	0	8
cum sa scapi de stres	https://ro.robotoys.eu/blog/cum-sa-scapi-de-stres-10-sfaturi-eficiente	0	1	0	20
curious discovery luminous globe	https://robotoys.eu/wooden-3d-puzzle/the-universe/luminous-globe-rokr-st003-p3	0	1	0	27
czołg fv4005	https://pl.robotoys.eu/drewniane-puzzle-3d/pojazdy/drewniana-ukladanka-3d-czolg-fv4005-little-story-wot09-p236	0	2	0	11
czołg z drewna	https://pl.robotoys.eu/drewniane-puzzle-3d/pojazdy/drewniane-puzzle-3d-czolg-t-34-85-little-story-wot02-p135	0	2	0	3
czy znasz sprawdzony sklep z miniaturowymi domkami z wysyłką w polsce?	https://pl.robotoys.eu/miniaturowe-domki	0	7	0	1.86
części żużlowe sklep	https://pl.robotoys.eu/drewniane-puzzle-3d/pojazdy/drewniana-ukladanka-3d-motocykl-zuzlowy-little-story-e019-p171	0	1	0	16
da	https://robotoys.eu/brands/rolife	0	1	0	6
daj link	https://robotoys.eu/wooden-3d-puzzle/flowers/wooden-3d-puzzle-sunflower-rowood-tw011-p113	0	1	0	5
damplokomotiv model	https://dk.robotoys.eu/trae-3d-puslespil/koretojer/damplokomotiv-model-rokr-mc501-p13	0	1	0	2
danske butikker	https://dk.robotoys.eu/maerker/rolife	0	1	0	6
darila	https://si.robotoys.eu/ideje-za-darila/darila-za-bozic	0	1	0	32
darila za božič	https://si.robotoys.eu/ideje-za-darila/darila-za-bozic	0	2	0	20.5
darila za praznike	https://si.robotoys.eu/ideje-za-darila/darila-za-bozic	0	2	0	27
darila za ženo	https://si.robotoys.eu/blog/7-neustavljivih-idej-za-darila-za-zenske	0	2	0	6
darila zanjo	https://si.robotoys.eu/ideje-za-darila/darila-zanjo	0	1	0	10
darilo za božička	https://si.robotoys.eu/ideje-za-darila/darila-za-bozic	0	1	0	6
darilo za moškega ki ima vse	https://si.robotoys.eu/blog/darilo-za-moskega-ki-ze-ima-vse-24-izvirnih-nasvetov-ki-ga-bodo-resnicno-presenetili	0	21	0	9.52
darilo za žensko	https://si.robotoys.eu/blog/7-neustavljivih-idej-za-darila-za-zenske	0	6	0	9.33
darilo zanj	https://si.robotoys.eu/blog/najboljse-darilo-zanj-original-s-pridihom-zgodovine	0	2	0	10
date construction tower bridge	https://fr.robotoys.eu/blog/lhistoire-du-celebre-tower-bridge-comment-amener-londres-chez-vous	0	5	0	9.4
date construction tower bridge	https://robotoys.eu/blog/the-story-of-the-famous-tower-bridge-how-to-bring-london-to-your-home	0	4	0	9.75
de madera	https://es.robotoys.eu/rompecabezas-3d-de-madera/cajas-de-musica/rompecabezas-mecanico-3d-de-madera-carrusel-clasico-rolife-amc01-p146	0	1	0	1
decoraciones en miniatura tienda online	https://es.robotoys.eu/casas-en-miniatura/tiendas-de-miniaturas	0	1	0	14
dekorace do domácnosti	https://cz.robotoys.eu/blog/jak-vybrat-nejlepsi-dekoraci-do-domacnosti-tipy-a-triky	0	1	0	3
dekoracja	https://pl.robotoys.eu/blog/jak-wybrac-najlepsza-dekoracje-domu-porady-i-wskazowki	0	1	0	6
deliones 3d	https://lt.robotoys.eu/	0	2	0	28
deliżans	https://pl.robotoys.eu/drewniane-puzzle-3d/pojazdy/drewniane-mechaniczne-puzzle-3d-dylizans-rokr-amka1-p99	0	5	0	3.8
descrizione	https://it.robotoys.eu/puzzle-3d-in-legno/veicoli/puzzle-3d-in-legno-eternal-atlantic-voyager-1912-rolife-tgl02-p223	0	1	0	3
det skæve tårn i pisa	https://dk.robotoys.eu/trae-3d-puslespil/arkitektur/trae-3d-puslespil-det-skaeve-tarn-i-pisa-little-story-e009-p114	0	6	0	12.67
detalles regalos para mujer	https://es.robotoys.eu/blog/7-ideas-de-regalos-irresistibles-para-mujeres	0	1	0	10
detectivebureau	https://nl.robotoys.eu/miniatuur-huizen/miniatuurkamers/moses-detectivebureau-rolife-dg157-p24	0	1	0	93
detektivbüro	https://de.robotoys.eu/miniaturhauser/miniaturraume/moses-detektivburo-rolife-dg157-p24	0	9	0	29.89
dg102	https://es.robotoys.eu/casas-en-miniatura/habitaciones-en-miniatura/biblioteca-de-estudio-de-sam-rolife-dg102-p86	0	1	0	2
dg102	https://se.robotoys.eu/miniatyrhus/miniatyrrum/sams-studiebibliotek-rolife-dg102-p86	0	1	0	1
dg104	https://robotoys.eu/miniature-houses/miniature-rooms/cathys-flower-house-rolife-dg104-p28	0	2	0	1
dg108	https://de.robotoys.eu/miniaturhauser/miniaturraume/mr-millers-garden-rolife-dg108-p23	0	1	0	6
dg108	https://robotoys.eu/miniature-houses/miniature-rooms/mr-millers-garden-rolife-dg108-p23	0	11	0	3
dg12	https://lt.robotoys.eu/miniatiuriniai-namai/miniatiuriniai-kambariai/miniatiurinis-namas-doros-mansarda-rolife-dg12-p91	0	2	0	1
dg145	https://bg.robotoys.eu/mynyatiurny-kshchy/mynyatiurny-magazyny/magazyn-za-tsvetia-emily-rolife-dg145-p25	0	1	0	7
dg145	https://pt.robotoys.eu/casas-em-miniatura/lojas-de-miniaturas/floricultura-emily-rolife-dg145-p25	0	1	0	1
dg146	https://es.robotoys.eu/casas-en-miniatura/tiendas-de-miniaturas/casa-en-miniatura-dulces-y-tes-de-flores-rolife-dg146-p92	0	1	0	7
dg146	https://pt.robotoys.eu/casas-em-miniatura/lojas-de-miniaturas/casa-miniatura-doces-e-chas-de-flores-rolife-dg146-p92	0	1	0	1
dg146	https://robotoys.eu/miniature-houses/miniature-stores/miniature-house-flower-sweets-and-teas-rolife-dg146-p92	0	1	0	2
dg166	https://de.robotoys.eu/miniaturhauser/miniaturraume/miniaturhaus-zauberschule-rolife-dg166-p163	0	1	0	8
dg167	https://robotoys.eu/miniature-houses/miniature-stores/miniature-house-restaurant-tipsy-rolife-dg167-p209	0	1	0	2
dg181	https://lt.robotoys.eu/deliones-konkursas/mini-a-formos-kalnu-namelis-rolife-dg181-227	0	1	0	9
dg181	https://pl.robotoys.eu/drewniane-puzzle-3d/architektura/drewniana-ukladanka-3d-mini-domek-gorski-w-ksztalcie-litery-a-rolife-dg181-p227	0	1	0	1
dica de presente para mulher	https://pt.robotoys.eu/blogue/7-ideias-de-presentes-irresistiveis-para-mulheres	0	1	0	77
dicas de presentes para mulheres	https://pt.robotoys.eu/blogue/7-ideias-de-presentes-irresistiveis-para-mulheres	0	1	0	72
dicas presentes femininos	https://pt.robotoys.eu/blogue/7-ideias-de-presentes-irresistiveis-para-mulheres	0	1	0	62
dilizansa	https://hr.robotoys.eu/drvena-3d-slagalica/vozila/drvena-mehanicka-3d-slagalica-dilizansa-rokr-amka1-p99	0	1	0	4
dime mas cosas	https://es.robotoys.eu/rompecabezas-3d-de-madera/stem-lab/marble-night-city-rokr-lga01-p2	0	1	0	1
dinosaure puzzle 3d	https://fr.robotoys.eu/casse-tete-3d-en-bois/les-animaux/puzzle-3d-en-bois-t-rex-little-story-d006-p115	0	1	0	1
discontinued?	https://robotoys.eu/miniature-houses/miniature-rooms	0	1	0	20
discontinued?	https://robotoys.eu/miniature-houses/miniature-rooms/miniature-house-doras-loft-rolife-dg12-p91	0	1	0	14
diy miniature 3d emily's flower shop - rolife - 258 pièces	https://fr.robotoys.eu/maisons-miniatures/boutiques-miniatures/fleuriste-emily-rolife-dg145-p25	0	8	0	34
diy miniature house emily's flower shop	https://es.robotoys.eu/casas-en-miniatura/tiendas-de-miniaturas/floristeria-emily-rolife-dg145-p25	0	2	0	6
diy miniature house miller's garden	https://robotoys.eu/miniature-houses/miniature-rooms/mr-millers-garden-rolife-dg108-p23	0	1	0	4
diy miniature house simon's coffee	https://robotoys.eu/miniature-houses/miniature-stores/simons-coffee-shop-rolife-dg109-p64	0	1	0	14
diy miniature room	https://robotoys.eu/miniature-houses/miniature-rooms	0	3	0	8
diy miniature room kit	https://robotoys.eu/miniature-houses/miniature-rooms	0	1	0	10
diy miniatűr ház	https://hu.robotoys.eu/blog/amit-miniatur-hazak-epitese-elott-tudni-kell	0	5	0	6.6
diy miniatűr ház	https://hu.robotoys.eu/miniatur-hazak	0	11	0	3.73
diy rolife	https://pl.robotoys.eu/marki/rolife	0	2	0	5
diy wooden 3d mechanical model set road king	https://robotoys.eu/wooden-3d-puzzle/vehicles/wooden-3d-puzzle-tank-semi-trailer-for-truck-road-king-eco-wood-art-p155	0	4	0	1
djong	https://fr.robotoys.eu/casse-tete-3d-en-bois/vehicules/puzzle-3d-en-bois-voilier-djong-eco-wood-art-p232	0	1	0	10
djong	https://pl.robotoys.eu/drewniane-puzzle-3d/pojazdy/drewniana-ukladanka-3d-zaglowiec-djong-eco-wood-art-p232	0	1	0	8
dla kobiet	https://pl.robotoys.eu/najdrozsze-prezenty-dla-kobiet-i-dziewczat	0	1	0	3
doll houses miniatures	https://robotoys.eu/miniature-houses/miniature-rooms/cathys-flower-house-rolife-dg104-p28	0	1	0	51
dolls house building	https://robotoys.eu/miniature-houses/miniature-rooms/miniature-house-doras-loft-rolife-dg12-p91	0	1	0	34
dolls house building	https://robotoys.eu/miniature-houses/miniature-rooms/miniature-house-the-magic-study-rolife-dg166-p163	0	1	0	32
dom do ry	https://pl.robotoys.eu/miniaturowe-domki/miniaturowe-pokoje/miniaturowy-dom-poddasze-dory-rolife-dg12-p91	0	1	0	10
domek interaktywny	https://cz.robotoys.eu/miniaturni-domky-200-az-299ks	0	1	0	20
domek miniaturowy	https://pl.robotoys.eu/miniaturowe-domki/miniaturowe-pokoje/ogrod-pana-millera-rolife-dg108-p23	0	1	0	7
domek w kształcie litery a	https://pl.robotoys.eu/drewniane-puzzle-3d/architektura/drewniana-ukladanka-3d-mini-domek-gorski-w-ksztalcie-litery-a-rolife-dg181-p227	0	5	0	1.2
domki miniaturowe	https://pl.robotoys.eu/miniaturowe-domki	0	1	0	8
domki miniaturowe	https://pl.robotoys.eu/miniaturowe-domki-od-200-do-299-szt	0	1	0	9
domky	https://cz.robotoys.eu/nejprodavanejsi-miniaturni-domky	0	1	0	16
donde comprar	https://es.robotoys.eu/casas-en-miniatura/habitaciones-en-miniatura/biblioteca-de-estudio-de-sam-rolife-dg102-p86	0	1	0	22
donde comprar	https://es.robotoys.eu/rompecabezas-3d-de-madera/flores/puzzle-3d-de-madera-rosa-rosa-rowood-tw041-p111	0	1	0	12
donde comprar mas barato	https://es.robotoys.eu/casas-en-miniatura/rincon-de-libros/casa-de-jardin-de-vacaciones-rolife-tgb06-p78	0	1	0	22
dora casas	https://es.robotoys.eu/casas-en-miniatura/habitaciones-en-miniatura/casa-en-miniatura-el-atico-de-dora-rolife-dg12-p91	0	1	0	6
dora's loft rolife	https://nl.robotoys.eu/miniatuur-huizen/miniatuurkamers/miniatuurhuis-doras-zolder-rolife-dg12-p91	0	1	0	3
dora's loft rolife	https://robotoys.eu/miniature-houses/miniature-rooms/miniature-house-doras-loft-rolife-dg12-p91	0	1	0	9
doras loft	https://nl.robotoys.eu/miniatuur-huizen/miniatuurkamers/miniatuurhuis-doras-zolder-rolife-dg12-p91	0	1	0	5
doras loft	https://robotoys.eu/miniature-houses/miniature-rooms/miniature-house-doras-loft-rolife-dg12-p91	0	3	0	5.33
dorino	https://cz.robotoys.eu/miniaturni-domecky/miniaturni-pokoje/miniaturni-domek-dorino-podkrovi-rolife-dg12-p91	0	1	0	2
dostavnik	https://cz.robotoys.eu/drevene-3d-puzzle/vozidla/drevene-mechanicke-3d-puzzle-dostavnik-rokr-amka1-p99	0	8	0	3.25
dostavník	https://cz.robotoys.eu/drevene-3d-puzzle/vozidla/drevene-mechanicke-3d-puzzle-dostavnik-rokr-amka1-p99	0	6	0	3.83
dovana jai	https://lt.robotoys.eu/dovanu-idejos/dovanos-jai	0	1	0	10
dovanos jai	https://lt.robotoys.eu/dovanu-idejos/dovanos-jai	0	9	0	22.22
dovanos jam kaledu proga	https://lt.robotoys.eu/pigiausios-dovanos-kaledu-proga	0	5	0	8.2
dove acquistarlo	https://it.robotoys.eu/puzzle-3d-in-legno/fiori/puzzle-3d-in-legno-camomilla-rowood-tw061-p109	0	1	0	13
dove acquistarlo	https://it.robotoys.eu/puzzle-3d-in-legno/fiori/puzzle-3d-in-legno-fioriera-in-legno-rowood-tw02h-p162	0	1	0	22
dove acquistarlo	https://it.robotoys.eu/puzzle-3d-in-legno/fiori/puzzle-3d-in-legno-garofano-rosso-rowood-tw052-p112	0	1	0	24
dove acquistarlo	https://it.robotoys.eu/puzzle-3d-in-legno/fiori/puzzle-3d-in-legno-libro-dei-fiori-in-legno-rowood-tw04h-p228	0	1	0	8
dove acquistarlo	https://robotoys.eu/wooden-3d-puzzle/flowers	0	1	0	26
dove acquistarlo	https://robotoys.eu/wooden-3d-puzzle/flowers/wooden-3d-puzzle-wooden-flower-basket-rowood-tw03h-p210	0	1	0	25
dove trovarli	https://it.robotoys.eu/puzzle-3d-in-legno/fiori/puzzle-3d-in-legno-giglio-rosa-rowood-tw071-p144	0	1	0	5
drahé dárky pro děti	https://cz.robotoys.eu/nejdrazsi-darky-pro-deti	0	6	0	8
dream gift factory	https://es.robotoys.eu/rompecabezas-3d-de-madera/stem-lab/rompecabezas-mecanico-3d-de-madera-fabrica-de-regalos-de-ensueno-rokr-eab01-p202	0	1	0	8
dream gift factory	https://it.robotoys.eu/puzzle-3d-in-legno/stem-lab/puzzle-meccanico-3d-in-legno-fabbrica-dei-regali-dei-sogni-rokr-eab01-p202	0	5	0	5.8
dream gift factory	https://robotoys.eu/wooden-3d-puzzle/stem-lab/wooden-mechanical-3d-puzzle-dream-gift-factory-rokr-eab01-p202	0	1	0	33
dream gift factory eab01	https://robotoys.eu/wooden-3d-puzzle/stem-lab/wooden-mechanical-3d-puzzle-dream-gift-factory-rokr-eab01-p202	0	1	0	15
dream gift factory rokr	https://it.robotoys.eu/puzzle-3d-in-legno/stem-lab/puzzle-meccanico-3d-in-legno-fabbrica-dei-regali-dei-sogni-rokr-eab01-p202	0	3	0	5.67
dream gift factory rokr	https://robotoys.eu/wooden-3d-puzzle/stem-lab/wooden-mechanical-3d-puzzle-dream-gift-factory-rokr-eab01-p202	0	1	0	15
dream world magical construction	https://robotoys.eu/blog/what-you-need-to-know-before-building-miniature-houses	0	1	0	8
drevene 3d puzzle	https://cz.robotoys.eu/drevene-3d-puzzle	0	6	0	4.67
drevene 3d puzzle	https://cz.robotoys.eu/drevene-3d-puzzle/architektura/drevene-3d-puzzle-sagrada-familia-little-story-e018-p133	0	5	0	2.4
drevene 3d puzzle	https://cz.robotoys.eu/nejprodavanejsi-drevene-3d-puzzle	0	1	0	4
drevene auto	https://cz.robotoys.eu/drevene-3d-puzzle/vozidla/vintage-auto-rokr-mc801-p72	0	3	0	2
drevene puzzle	https://cz.robotoys.eu/drevene-3d-puzzle	0	1	0	19
drevene puzzle 3d	https://cz.robotoys.eu/drevene-3d-puzzle	0	1	0	4
drevene puzzle 3d	https://cz.robotoys.eu/drevene-3d-puzzle/architektura/drevene-3d-puzzle-sagrada-familia-little-story-e018-p133	0	2	0	3
dreveny	https://cz.robotoys.eu/drevene-3d-puzzle/vozidla/drevene-3d-puzzle-motorka-grand-prix-little-story-e021-p173	0	1	0	1
drevené puzzle	https://cz.robotoys.eu/drevene-3d-puzzle	0	1	0	18
drewniane kwiaty	https://pl.robotoys.eu/drewniane-puzzle-3d/kwiaty	0	8	0	7.5
drewniane puzzle 3d	https://pl.robotoys.eu/drewniane-puzzle-3d	0	13	0	9.62
drewniane puzzle 3d	https://pl.robotoys.eu/drewniane-puzzle-3d-mniej-niz-100-szt	0	2	0	39
drewniane puzzle 3d	https://pl.robotoys.eu/drewniane-puzzle-3d-od-100-do-149-szt	0	1	0	7
drewniane puzzle 3d	https://pl.robotoys.eu/drewniane-puzzle-3d/architektura	0	26	0	12.38
drewniane puzzle 3d	https://pl.robotoys.eu/drewniane-puzzle-3d/architektura/drewniane-puzzle-3d-sagrada-familia-little-story-e018-p133	0	116	0	3.92
drewniane puzzle 3d	https://pl.robotoys.eu/drewniane-puzzle-3d/pojazdy/drewniane-puzzle-3d-lokomotywa-little-story-e012-p124	0	1	0	13
drewniane puzzle 3d	https://pl.robotoys.eu/drewniane-puzzle-3d/stem-lab/drewniane-mechaniczne-puzzle-3d-klasyczna-drukarka-rokr-lk602-p90	0	2	0	11
drewniane puzzle 3d dla dorosłych	https://pl.robotoys.eu/drewniane-puzzle-3d/architektura/drewniane-puzzle-3d-sagrada-familia-little-story-e018-p133	0	19	0	2.95
drewniane puzzle 3d zwierzęta	https://pl.robotoys.eu/drewniane-puzzle-3d/zwierzeta	0	1	0	3
drewniany kwiatek	https://pl.robotoys.eu/drewniane-puzzle-3d/kwiaty	0	2	0	41
droyz toys	https://es.robotoys.eu/	0	1	0	39
drucker holz	https://de.robotoys.eu/3d-puzzle-aus-holz/stem-lab/mechanisches-3d-puzzle-aus-holz-klassischer-drucker-rokr-lk602-p90	0	1	0	1
drukarka do drewna 3d	https://pl.robotoys.eu/drewniane-puzzle-3d/stem-lab/drewniane-mechaniczne-puzzle-3d-klasyczna-drukarka-rokr-lk602-p90	0	3	0	4
drvena pčela	https://hr.robotoys.eu/drvena-3d-slagalica/zivotinje/drvena-3d-puzzle-pcela-little-story-d001-p128	0	2	0	1
dubbningsrobot	https://se.robotoys.eu/marken	0	1	0	16
dykizans	https://pl.robotoys.eu/drewniane-puzzle-3d/pojazdy/drewniane-mechaniczne-puzzle-3d-dylizans-rokr-amka1-p99	0	3	0	2
dylizans	https://pl.robotoys.eu/drewniane-puzzle-3d/pojazdy/drewniane-mechaniczne-puzzle-3d-dylizans-rokr-amka1-p99	0	1	0	2
dyliżans	https://pl.robotoys.eu/drewniane-puzzle-3d/pojazdy/drewniane-mechaniczne-puzzle-3d-dylizans-rokr-amka1-p99	0	446	0	3.04
dziip	https://ee.robotoys.eu/puidust-3d-pusle/soidukid/puidust-3d-pusle-armee-dziip-little-story-e014-p170	0	2	0	4.5
dárek co potěší	https://cz.robotoys.eu/blog/skvele-tipy-na-vanocni-darky-ktere-potesi-i-ty-nejnarocnejsi	0	1	0	14
dárek na valentýn	https://cz.robotoys.eu/blog/5-nejlepsich-darku-na-valentyna-ktere-potesi-kazdeho	0	1	0	3
dárek pro milovnice umění	https://cz.robotoys.eu/blog/nejlepsi-darek-pro-ni-magicky-koutek-pro-milovnici-knih	0	4	0	21.5
dárky které překvapí	https://cz.robotoys.eu/blog/darek-pro-muze-ktery-uz-vsechno-ma-24-originalnich-tipu-ktere-ho-opravdu-prekvapi	0	4	0	10.75
dárky na narozeniny	https://cz.robotoys.eu/napady-na-darky/darky-na-narozeniny	0	1	0	12
dárky pro milovníky knih	https://cz.robotoys.eu/blog/nejlepsi-darek-pro-ni-magicky-koutek-pro-milovnici-knih	0	2	0	21
dárky pro náročné	https://cz.robotoys.eu/blog/skvele-tipy-na-vanocni-darky-ktere-potesi-i-ty-nejnarocnejsi	0	1	0	9
dāvanas ziemassvētkos	https://lv.robotoys.eu/davanu-idejas/davanas-ziemassvetkos	0	3	0	17.33
dāvanu idejas sievietei	https://lv.robotoys.eu/emuars/7-neatvairamas-davanu-idejas-sievietem	0	7	0	6.71
dřevěná hrací skříňka	https://cz.robotoys.eu/drevene-3d-puzzle/hraci-skrinky	0	3	0	3.67
dřevěná zbraň	https://cz.robotoys.eu/drevene-3d-puzzle/zbrane	0	3	0	19.67
dřevěné 3d modely	https://cz.robotoys.eu/blog/drevene-3d-puzzle-jak-vybrat-svoji-prvni-stavebnice-a-na-co-se-pripravit	0	1	0	10
dřevěné 3d modely	https://cz.robotoys.eu/drevene-3d-puzzle/vozidla	0	1	0	6
dřevěné 3d modely	https://cz.robotoys.eu/drevene-3d-puzzle/vozidla/vintage-auto-rokr-mc801-p72	0	1	0	4
dřevěné 3d puzzle	https://cz.robotoys.eu/drevene-3d-puzzle/architektura/drevene-3d-puzzle-koloseum-little-story-e016-p126	0	4	0	6
dřevěné 3d puzzle	https://cz.robotoys.eu/drevene-3d-puzzle/architektura/drevene-3d-puzzle-sagrada-familia-little-story-e018-p133	0	30	0	2.17
dřevěné 3d puzzle	https://cz.robotoys.eu/drevene-3d-puzzle/stem-lab/drevene-3d-puzzle-retro-telefon-eco-wood-art-p156	0	4	0	3.75
dřevěné auta	https://cz.robotoys.eu/drevene-3d-puzzle/vozidla	0	1	0	17
dřevěné květiny	https://cz.robotoys.eu/drevene-3d-puzzle/kvety	0	1	0	19
dřevěné modely aut	https://cz.robotoys.eu/drevene-3d-puzzle/vozidla	0	5	0	8
dřevěné puzzle	https://cz.robotoys.eu/drevene-3d-puzzle	0	2	0	16
dřevěné puzzle 3d	https://cz.robotoys.eu/drevene-3d-puzzle	0	17	0	3.47
dřevěné puzzle 3d	https://cz.robotoys.eu/drevene-3d-puzzle/architektura/drevene-3d-puzzle-koloseum-little-story-e016-p126	0	2	0	3
dřevěné puzzle 3d	https://cz.robotoys.eu/drevene-3d-puzzle/architektura/drevene-3d-puzzle-sagrada-familia-little-story-e018-p133	0	18	0	2.89
dřevěné puzzle 3d	https://cz.robotoys.eu/drevene-3d-puzzle/architektura/svitici-eiffelova-vez-rolife-tgl01-p73	0	2	0	12
dřevěné růže	https://cz.robotoys.eu/drevene-3d-puzzle/kvety/drevene-3d-puzzle-cervena-ruze-rowood-tw042-p101	0	6	0	7.83
dřevěné skládačky	https://cz.robotoys.eu/drevene-3d-puzzle	0	1	0	54
e este modelo?	https://pt.robotoys.eu/quebra-cabeca-3d-de-madeira/veiculos/motorcycle-cruiser-rokr-lk504-p12	0	1	0	7
e este modelo?	https://pt.robotoys.eu/quebra-cabeca-3d-de-madeira/veiculos/quebra-cabeca-3d-de-madeira-comanche-motorcycle-little-story-e023-p175	0	1	0	18
e este modelo?	https://pt.robotoys.eu/quebra-cabeca-3d-de-madeira/veiculos/quebra-cabeca-3d-de-madeira-moto-speedway-little-story-e019-p171	0	1	0	23
e questo	https://it.robotoys.eu/puzzle-3d-in-legno/veicoli/tram-storico-rolife-tg505-p40	0	1	0	1
e shop	https://cz.robotoys.eu/uzitecne-odkazy/o-spolecnosti/velkoobchod	0	1	0	1
ea02	https://es.robotoys.eu/rompecabezas-3d-de-madera/cajas-de-musica/caja-de-musica-swing-ride-rokr-ea02-p4	0	2	0	6.5
eab01	https://es.robotoys.eu/rompecabezas-3d-de-madera/stem-lab/rompecabezas-mecanico-3d-de-madera-fabrica-de-regalos-de-ensueno-rokr-eab01-p202	0	1	0	6
eab01	https://fr.robotoys.eu/casse-tete-3d-en-bois/stem-lab/puzzle-mecanique-3d-en-bois-fabrique-de-cadeaux-de-reve-rokr-eab01-p202	0	3	0	7
eab01	https://pl.robotoys.eu/drewniane-puzzle-3d/stem-lab/drewniana-mechaniczna-ukladanka-3d-fabryka-prezentow-marzen-rokr-eab01-p202	0	1	0	2
eab01	https://robotoys.eu/wooden-3d-puzzle/stem-lab/wooden-mechanical-3d-puzzle-dream-gift-factory-rokr-eab01-p202	0	1	0	1
eab01 dream gift factory	https://de.robotoys.eu/3d-puzzle-aus-holz/stem-lab/mechanisches-3d-puzzle-aus-holz-traumgeschenkfabrik-rokr-eab01-p202	0	1	0	10
eab01 dream gift factory	https://robotoys.eu/wooden-3d-puzzle/stem-lab/wooden-mechanical-3d-puzzle-dream-gift-factory-rokr-eab01-p202	0	2	0	8
eco police	https://fr.robotoys.eu/casse-tete-3d-en-bois/vehicules/puzzle-3d-en-bois-voiture-de-police-eco-wood-art-p214	0	1	0	11
eco wood	https://dk.robotoys.eu/puslespil-konkurrence/ambulance-eco-wood-art-203	0	1	0	20
eco wood	https://dk.robotoys.eu/trae-3d-puslespil/koretojer/traemekanisk-3d-puslespil-lastbil-road-king-eco-wood-art-p206	0	1	0	13
eco wood	https://dk.robotoys.eu/trae-3d-puslespil/koretojer/traepuslespil-med-3d-motiv-tankvogn-til-truck-road-king-eco-wood-art-p155	0	1	0	13
eco wood	https://dk.robotoys.eu/trae-3d-puslespil/stem-lab/trae-mekanisk-3d-puslespil-skrivemaskine-eco-wood-art-p158	0	3	0	6
eco wood	https://fr.robotoys.eu/marques/eco-wood-art	0	1	0	9
eco wood art	https://es.robotoys.eu/marcas/eco-wood-art	0	1	0	5
eco wood art	https://hu.robotoys.eu/markak/eco-wood-art	0	1	0	4
eco wood art	https://robotoys.eu/brands/eco-wood-art	0	2	0	7
eco wood art	https://si.robotoys.eu/blagovne-znamke/eco-wood-art	0	1	0	2
eco wood art schreibmaschine	https://de.robotoys.eu/3d-puzzle-aus-holz/stem-lab/mechanisches-3d-puzzle-aus-holz-schreibmaschine-eco-wood-art-p158	0	10	0	1
eco-wood-art	https://hu.robotoys.eu/markak/eco-wood-art	0	1	0	3
eco-wood-art	https://robotoys.eu/wooden-3d-puzzle/vehicles/wooden-mechanical-3d-puzzle-cruiser-motorbike-eco-wood-art-p150	0	1	0	10
edificios para armar	https://es.robotoys.eu/rompecabezas-3d-de-madera/arquitectura	0	2	0	6
eiffel tower rolife	https://robotoys.eu/wooden-3d-puzzle/architecture/illuminated-eiffel-tower-rolife-tgl01-p73	0	1	0	3
eiffel tower rolife	https://robotoys.eu/wooden-3d-puzzle/architecture/model-of-the-eiffel-tower-rolife-tg501-p17	0	1	0	6
eiffelova věž model	https://cz.robotoys.eu/drevene-3d-puzzle/architektura/model-eiffelovy-veze-rolife-tg501-p17	0	1	0	1
ein sportwagen	https://de.robotoys.eu/3d-puzzle-aus-holz/fahrzeuge/mechanisches-3d-puzzle-aus-holz-rotes-rennauto-eco-wood-art-p152	0	1	0	1
einzigartige geschenkideen für frauen	https://de.robotoys.eu/bloggen/7-unwiderstehliche-geschenkideen-fur-frauen	0	1	0	7
ekstremalny prezent dla niego	https://pl.robotoys.eu/najdrozsze-prezenty-dla-mezczyzn-i-chlopcow	0	1	0	47
el otro	https://es.robotoys.eu/rompecabezas-3d-de-madera/vehiculos/puzzle-3d-de-madera-carro-real-rolife-tg302-p62	0	1	0	8
elegáns ajándék nőnek	https://hu.robotoys.eu/blog/7-ellenallhatatlan-ajandekotlet-noknek	0	2	0	21
elektryczny gramofon	https://pl.robotoys.eu/drewniane-puzzle-3d/pozytywki/gramofon-elektryczny-rokr-lkb01d-p68	0	2	0	5
elephant 3d puzzle	https://robotoys.eu/wooden-3d-puzzle/the-animals/wooden-3d-puzzle-elephant-little-story-d012-p120	0	1	0	1
elephant puzzle 3d	https://de.robotoys.eu/3d-puzzle-aus-holz/die-tiere/3d-puzzle-aus-holz-elefant-little-story-d012-p120	0	1	0	77
elephant puzzle 3d	https://robotoys.eu/wooden-3d-puzzle/the-animals/wooden-3d-puzzle-elephant-little-story-d012-p120	0	1	0	1
elicottero 3d	https://it.robotoys.eu/puzzle-3d-in-legno/veicoli/puzzle-3d-in-legno-elicottero-little-story-d017-p131	0	1	0	9
em euro	https://pt.robotoys.eu/quebra-cabeca-3d-de-madeira/arquitetura/modelo-tower-bridge-com-iluminacao-led-rolife-tg412-p19	0	1	0	1
emily flower	https://fr.robotoys.eu/maisons-miniatures/boutiques-miniatures/fleuriste-emily-rolife-dg145-p25	0	1	0	32
emily flower shop	https://es.robotoys.eu/casas-en-miniatura/tiendas-de-miniaturas/floristeria-emily-rolife-dg145-p25	0	1	0	9
emily flower shop	https://robotoys.eu/miniature-houses/miniature-stores/flower-shop-emily-rolife-dg145-p25	0	3	0	4.67
emily flower shop rolife	https://pt.robotoys.eu/casas-em-miniatura/lojas-de-miniaturas/floricultura-emily-rolife-dg145-p25	0	1	0	5
emily flower shop rolife	https://robotoys.eu/miniature-houses/miniature-stores/flower-shop-emily-rolife-dg145-p25	0	1	0	7
emily's flower shop	https://de.robotoys.eu/miniaturhauser/miniaturladen/blumenladen-emily-rolife-dg145-p25	0	1	0	33
emily's flower shop	https://dk.robotoys.eu/miniaturehuse/miniature-butikker/blomsterbutik-emily-rolife-dg145-p25	0	1	0	45
emily's flower shop	https://es.robotoys.eu/casas-en-miniatura/tiendas-de-miniaturas/floristeria-emily-rolife-dg145-p25	0	3	0	8.33
emily's flower shop	https://fr.robotoys.eu/maisons-miniatures/boutiques-miniatures/fleuriste-emily-rolife-dg145-p25	0	1	0	27
emily's flower shop	https://robotoys.eu/miniature-houses/miniature-stores/flower-shop-emily-rolife-dg145-p25	0	2	0	8.5
emilys flower shop	https://dk.robotoys.eu/miniaturehuse/miniature-butikker/blomsterbutik-emily-rolife-dg145-p25	0	1	0	3
emilys flower shop	https://es.robotoys.eu/casas-en-miniatura/tiendas-de-miniaturas/floristeria-emily-rolife-dg145-p25	0	3	0	6
en 3d	https://fr.robotoys.eu/casse-tete-3d-en-bois/architecture/puzzle-3d-en-bois-sagrada-familia-little-story-e018-p133	0	1	0	2
en español	https://es.robotoys.eu/rompecabezas-3d-de-madera/stem-lab/rompecabezas-mecanico-3d-de-madera-desafio-de-la-bola-de-engranajes-rokr-egc01-p213	0	1	0	13
en miniatura	https://pt.robotoys.eu/casas-em-miniatura/lojas-de-miniaturas	0	3	0	7.33
en qué año se construyó el puente de londres	https://es.robotoys.eu/blog/the-story-of-the-famous-tower-bridge-how-to-bring-london-to-your-home	0	4	0	7.75
enlaces de compra en españa	https://es.robotoys.eu/rompecabezas-3d-de-madera/cajas-de-musica/caja-de-musica-violonchelo-magico-rokr-amk63-p1	0	1	0	17
enlaces de compra en españa	https://es.robotoys.eu/rompecabezas-3d-de-madera/instrumentos-musicales/rompecabezas-3d-de-madera-piano-de-cola-rolife-tg402-p200	0	1	0	16
enséñame fotos	https://es.robotoys.eu/rompecabezas-3d-de-madera/instrumentos-musicales/magic-piano-rokr-amk81-p70	0	1	0	1
erről video	https://hu.robotoys.eu/miniatur-hazak/konyvek-kucko/konyvespolc-betet-karacsony-utca-rolife-tgc06-p139	0	1	0	14
etagers	https://dk.robotoys.eu/trae-3d-puslespil/arkitektur/fem-etagers-pagode-rolife-tgn02-p45	0	1	0	47
ewa maqueta madera moto 152 piezas	https://es.robotoys.eu/rompecabezas-3d-de-madera/vehiculos/rompecabezas-mecanico-3d-de-madera-moto-cruiser-eco-wood-art-p150	0	8	0	1
expensive birthday gifts	https://robotoys.eu/the-most-expensive-birthday-gifts	0	1	0	8
expensive bookshelf	https://robotoys.eu/the-most-expensive-products-of-the-rolife-brand	0	1	0	19
expensive things for girls	https://robotoys.eu/the-most-expensive-gifts-for-women-and-girls	0	1	0	7
expensive things to buy for a girl	https://robotoys.eu/the-most-expensive-gifts-for-women-and-girls	0	1	0	8
fa 3d	https://hu.robotoys.eu/fabol-keszult-3d-puzzle/epiteszet/fa-3d-puzzle-gyozelmi-iv-little-story-e011-p123	0	6	0	5.5
fa 3d puzzle	https://hu.robotoys.eu/fabol-keszult-3d-puzzle/epiteszet/fa-3d-puzzle-gyozelmi-iv-little-story-e011-p123	0	12	0	3
fa 3d puzzle	https://hu.robotoys.eu/fabol-keszult-3d-puzzle/epiteszet/fa-3d-puzzle-sagrada-familia-little-story-e018-p133	0	12	0	3
fa kirakó	https://hu.robotoys.eu/fabol-keszult-3d-puzzle	0	9	0	10.56
fa kirakó felnőtteknek	https://hu.robotoys.eu/fabol-keszult-3d-puzzle	0	9	0	8.67
fa kirakók	https://hu.robotoys.eu/fabol-keszult-3d-puzzle	0	2	0	10
fa kirakós	https://hu.robotoys.eu/fabol-keszult-3d-puzzle	0	2	0	10.5
fa makett	https://hu.robotoys.eu/fabol-keszult-3d-puzzle	0	4	0	9.75
fa modell	https://hu.robotoys.eu/fabol-keszult-3d-puzzle	0	2	0	8
fa pisztoly	https://hu.robotoys.eu/fabol-keszult-3d-puzzle/fegyverek	0	1	0	30
fa puzzle	https://hu.robotoys.eu/fabol-keszult-3d-puzzle	0	21	0	10.19
fa puzzle 3d	https://hu.robotoys.eu/fabol-keszult-3d-puzzle	0	3	0	2.33
fa puzzle 3d	https://hu.robotoys.eu/fabol-keszult-3d-puzzle/epiteszet/fa-3d-puzzle-sagrada-familia-little-story-e018-p133	0	3	0	2.67
fa puzzle felnőtteknek	https://hu.robotoys.eu/fabol-keszult-3d-puzzle/epiteszet/fa-3d-puzzle-sagrada-familia-little-story-e018-p133	0	1	0	12
fa tank	https://hu.robotoys.eu/fabol-keszult-3d-puzzle/jarmuvek	0	1	0	9
fa tank	https://hu.robotoys.eu/fabol-keszult-3d-puzzle/jarmuvek/fa-3d-kirako-tank-char-b1-little-story-wot06-p178	0	2	0	1
fa tank	https://hu.robotoys.eu/fabol-keszult-3d-puzzle/jarmuvek/fa-3d-kirako-tank-leopard-1-little-story-wot07-p179	0	2	0	1
fa tank	https://hu.robotoys.eu/fabol-keszult-3d-puzzle/jarmuvek/fa-3d-kirako-tank-tortoise-little-story-wot08-p180	0	2	0	1
fa tank	https://hu.robotoys.eu/fabol-keszult-3d-puzzle/jarmuvek/fa-3d-puzzle-tank-t-34-85-little-story-wot02-p135	0	2	0	1
fa traktor	https://hu.robotoys.eu/fabol-keszult-3d-puzzle/jarmuvek/fa-mechanikus-3d-kirako-traktor-eco-wood-art-p233	0	1	0	13
fabricantes de puzzles en españa	https://es.robotoys.eu/enlaces-utiles/acerca-de-la-compania/venta-al-por-mayor	0	4	0	7.75
fabryka prezentów	https://pl.robotoys.eu/drewniane-puzzle-3d/stem-lab/drewniana-mechaniczna-ukladanka-3d-fabryka-prezentow-marzen-rokr-eab01-p202	0	4	0	7.75
fai vedere qualcosa	https://it.robotoys.eu/puzzle-3d-in-legno/stem-lab/puzzle-3d-meccanico-in-legno-stampante-classica-rokr-lk602-p90	0	1	0	1
fai vedere qualcosa	https://it.robotoys.eu/puzzle-3d-in-legno/stem-lab/puzzle-meccanico-3d-in-legno-gear-ball-challenge-rokr-egc01-p213	0	1	0	1
fakta om tower bridge	https://dk.robotoys.eu/blog/historien-om-den-beromte-tower-bridge-sadan-bringer-du-london-til-dit-hjem	0	7	0	4.57
fakta om tower of london	https://dk.robotoys.eu/blog/historien-om-den-beromte-tower-bridge-sadan-bringer-du-london-til-dit-hjem	0	1	0	11
falling sakura	https://it.robotoys.eu/case-in-miniatura/angolo-dei-libri/inserto-per-libreria-falling-sakura-rolife-tgb05-p50	0	1	0	3
falling sakura	https://nl.robotoys.eu/miniatuur-huizen/boeken-hoekje/boekenplankinzet-falling-sakura-rolife-tgb05-p50	0	1	0	7
falling sakura	https://pl.robotoys.eu/miniaturowe-domki/kacik-ksiazek/wkladka-na-polke-na-ksiazki-falling-sakura-rolife-tgb05-p50	0	1	0	1
falling sakura rolife	https://pt.robotoys.eu/casas-em-miniatura/recanto-dos-livros/insercao-de-estante-falling-sakura-rolife-tgb05-p50	0	1	0	5
fammi vedere foto di tutto	https://it.robotoys.eu/puzzle-3d-in-legno/stem-lab/marble-night-city-rokr-lga01-p2	0	1	0	5
famosa ponte pensil da inglaterra tower	https://pt.robotoys.eu/blogue/a-historia-da-famosa-tower-bridge-como-levar-londres-para-a-sua-casa	0	6	0	8.17
fazer quebra cabeça	https://pt.robotoys.eu/blogue/10-ferramentas-que-voce-precisa-ao-montar-um-quebra-cabeca-3d-de-madeira	0	1	0	10
fiat puzzle	https://pl.robotoys.eu/drewniane-puzzle-3d/pojazdy/drewniane-puzzle-3d-fiat-125p-little-story-e002-p94	0	1	0	3
fiat story	https://pl.robotoys.eu/drewniane-puzzle-3d/pojazdy/drewniane-puzzle-3d-fiat-126p-little-story-e005-p97	0	1	0	6
finommotorika fejlesztése felnőtteknek	https://hu.robotoys.eu/blog/a-motoros-kepessegek-fejleszteset-tamogato-top-5-tevekenyseg	0	1	0	10
fiore di legno	https://it.robotoys.eu/puzzle-3d-in-legno/fiori	0	1	0	31
fiori di legno prezzo	https://it.robotoys.eu/puzzle-3d-in-legno/fiori	0	1	0	20
fiori di legno vendita online	https://it.robotoys.eu/puzzle-3d-in-legno/fiori	0	1	0	36
five storied pagoda rolife	https://es.robotoys.eu/rompecabezas-3d-de-madera/arquitectura/pagoda-de-cinco-pisos-rolife-tgn02-p45	0	1	0	3
five storied pagoda rolife	https://robotoys.eu/wooden-3d-puzzle/architecture/five-story-pagoda-rolife-tgn02-p45	0	1	0	3
flamingo puzzle	https://hu.robotoys.eu/fabol-keszult-3d-puzzle/az-allatok/fa-3d-puzzle-flamingo-little-story-d007-p116	0	2	0	4.5
flamingo puzzle	https://robotoys.eu/wooden-3d-puzzle/the-animals/wooden-3d-puzzle-flamingo-little-story-d007-p116	0	1	0	27
flipper 3d	https://hu.robotoys.eu/fabol-keszult-3d-puzzle/stem-lab/flipper-rokr-eg01-p43	0	1	0	1
flipper bausatz	https://de.robotoys.eu/3d-puzzle-aus-holz/stem-lab/flipper-rokr-eg01-p43	0	4	0	18.75
flipper bausatz erwachsene	https://de.robotoys.eu/3d-puzzle-aus-holz/stem-lab/flipper-rokr-eg01-p43	0	16	0	5.56
flipper holz	https://de.robotoys.eu/3d-puzzle-aus-holz/stem-lab/flipper-rokr-eg01-p43	0	5	0	17.8
flipper legno	https://it.robotoys.eu/puzzle-3d-in-legno/stem-lab/pinball-rokr-eg01-p43	0	1	0	55
flipper rokr	https://de.robotoys.eu/3d-puzzle-aus-holz/stem-lab/flipper-rokr-eg01-p43	0	3	0	8.33
floral corner book nook	https://robotoys.eu/miniature-houses/books-nook/bookshelf-insert-flower-corner-rolife-tgb09-p108	0	1	0	1
flower bouquet rowood	https://robotoys.eu/wooden-3d-puzzle/flowers/wooden-3d-puzzle-bouquet-of-flowers-rowood-tw01h-p100	0	1	0	9
flower puzzle 3d	https://robotoys.eu/wooden-3d-puzzle/flowers	0	1	0	7
flower shop miniature kit	https://robotoys.eu/miniature-houses/miniature-stores/flower-shop-emily-rolife-dg145-p25	0	1	0	11
flowewood	https://robotoys.eu/wooden-3d-puzzle/flowers	0	1	0	9
flīģelis	https://lv.robotoys.eu/koka-3d-puzle/muzikas-instrumenti/koka-3d-puzle-fligelis-rolife-tg402-p200	0	1	0	29
fordon char	https://se.robotoys.eu/3d-pussel-i-tra/fordon/trapussel-3d-tank-char-b1-little-story-wot06-p178	0	5	0	11.6
fotarafları	https://robotoys.eu/wooden-3d-puzzle/architecture/wooden-3d-puzzle-victory-arch-little-story-e011-p123	0	1	0	2
foto	https://it.robotoys.eu/case-in-miniatura/angolo-dei-libri/sakura-densya-rolife-tgb01-p29	0	1	0	1
frauen geschenkideen	https://de.robotoys.eu/bloggen/7-unwiderstehliche-geschenkideen-fur-frauen	0	6	0	5
fából készült autó	https://hu.robotoys.eu/fabol-keszult-3d-puzzle/jarmuvek/veteran-auto-rokr-mc801-p72	0	2	0	1.5
fából készült puzzle	https://hu.robotoys.eu/fabol-keszult-3d-puzzle	0	2	0	9.5
fából készült virágok	https://hu.robotoys.eu/blog/egy-soha-el-nem-hervado-fa-csokor-fedezd-fel-a-3d-s-viragkirakok-varazsat	0	1	0	8
färg	https://se.robotoys.eu/blogg/the-story-of-the-famous-tower-bridge-how-to-bring-london-to-your-home	0	1	0	2
fødselsdagsgaver	https://dk.robotoys.eu/bedst-saelgende-fodselsdagsgaver	0	1	0	35
gadget voor vrouwen	https://nl.robotoys.eu/blog/7-onweerstaanbare-cadeau-ideeen-voor-vrouwen	0	1	0	49
gadgets voor vrouwen	https://nl.robotoys.eu/blog/7-onweerstaanbare-cadeau-ideeen-voor-vrouwen	0	1	0	55
gaven til hende der ikke ønsker sig noget	https://dk.robotoys.eu/blog/7-uimodstaelige-gaveideer-til-kvinder	0	1	0	27
gdzie jest to miejsce	https://pl.robotoys.eu/drewniane-puzzle-3d/architektura/drewniane-puzzle-3d-sagrada-familia-little-story-e018-p133	0	1	0	1
gdzie to jest	https://pl.robotoys.eu/drewniane-puzzle-3d/architektura/drewniane-puzzle-3d-sagrada-familia-little-story-e018-p133	0	1	0	1
gelbes rennauto	https://de.robotoys.eu/3d-puzzle-aus-holz/fahrzeuge/mechanisches-3d-puzzle-aus-holz-gelbes-rennauto-eco-wood-art-p151	0	2	0	1
geschenkideen frau	https://de.robotoys.eu/bloggen/7-unwiderstehliche-geschenkideen-fur-frauen	0	9	0	9.11
geschenkideen frauen	https://de.robotoys.eu/bloggen/7-unwiderstehliche-geschenkideen-fur-frauen	0	30	0	7.33
gioca facile	https://it.robotoys.eu/concorso-di-puzzle/hot-rod-eco-wood-art-231	0	1	0	14
giostra girevole	https://it.robotoys.eu/puzzle-3d-in-legno/carillon/carillon-swing-ride-rokr-ea02-p4	0	1	0	4
giradischi elettrico	https://it.robotoys.eu/puzzle-3d-in-legno/carillon/giradischi-elettrico-rokr-lkb01d-p68	0	8	0	4.12
giraffe little	https://de.robotoys.eu/3d-puzzle-aus-holz/die-tiere/3d-puzzle-aus-holz-giraffe-little-story-d013-p121	0	1	0	11
giraffe wooden puzzle	https://robotoys.eu/wooden-3d-puzzle/the-animals/wooden-3d-puzzle-giraffe-little-story-d013-p121	0	3	0	22
girls expensive gift	https://robotoys.eu/the-most-expensive-gifts-for-women-and-girls	0	3	0	5.33
gitáros ajándékok	https://hu.robotoys.eu/fabol-keszult-3d-puzzle/hangszerek/elektromos-gitar-modell-rokr-tg605k-p33	0	1	0	3
globo aerostático 3d	https://es.robotoys.eu/rompecabezas-3d-de-madera/vehiculos/globo-aerostatico-rolife-tg406-p84	0	1	0	3
globus aus holz	https://de.robotoys.eu/3d-puzzle-aus-holz/das-universum/leuchtender-globus-rokr-st003-p3	0	1	0	12
globus drewniany	https://pl.robotoys.eu/drewniane-puzzle-3d/wszechswiat/swiecacy-globus-rokr-st003-p3	0	1	0	3
globus puzzle	https://cz.robotoys.eu/drevene-3d-puzzle/vesmir/svitici-globus-rokr-st003-p3	0	1	0	4
globus puzzle 3d	https://pl.robotoys.eu/drewniane-puzzle-3d/wszechswiat/swiecacy-globus-rokr-st003-p3	0	7	0	2.29
globus sveta 3d	https://si.robotoys.eu/lesena-3d-sestavljanka/vesolje/svetleci-globus-rokr-st003-p3	0	4	0	1.75
glóbus světa 3d	https://cz.robotoys.eu/drevene-3d-puzzle/vesmir/svitici-globus-rokr-st003-p3	0	1	0	2
google élő utcakép	https://hu.robotoys.eu/miniatur-hazak/konyvek-kucko/konyvespolc-betet-utcakep-rolife-tgb13-p256	0	1	0	24
grafika	https://pl.robotoys.eu/drewniane-puzzle-3d/pojazdy/drewniana-ukladanka-3d-tank-tortoise-little-story-wot08-p180	0	1	0	4
gramfon	https://cz.robotoys.eu/drevene-3d-puzzle/hraci-skrinky/elektricky-gramofon-rokr-lkb01d-p68	0	2	0	13
gramfon	https://pl.robotoys.eu/drewniane-puzzle-3d/pozytywki/gramofon-elektryczny-rokr-lkb01d-p68	0	2	0	1
gramifon	https://cz.robotoys.eu/drevene-3d-puzzle/hraci-skrinky/elektricky-gramofon-rokr-lkb01d-p68	0	3	0	12.33
gramofo	https://cz.robotoys.eu/drevene-3d-puzzle/hraci-skrinky/elektricky-gramofon-rokr-lkb01d-p68	0	1	0	1
gramofon	https://cz.robotoys.eu/drevene-3d-puzzle/hraci-skrinky/elektricky-gramofon-rokr-lkb01d-p68	0	227	0	8.46
gramofon	https://pl.robotoys.eu/drewniane-puzzle-3d/pozytywki/gramofon-elektryczny-rokr-lkb01d-p68	0	2	0	2
gramofon diy	https://hr.robotoys.eu/drvena-3d-slagalica/glazbene-kutije/elektricni-gramofon-rokr-lkb01d-p68	0	1	0	10
gramofon dla dzieci	https://pl.robotoys.eu/drewniane-puzzle-3d/pozytywki/gramofon-elektryczny-rokr-lkb01d-p68	0	2	0	8.5
gramofon drewniany	https://pl.robotoys.eu/drewniane-puzzle-3d/pozytywki/gramofon-elektryczny-rokr-lkb01d-p68	0	6	0	1.67
gramofon elektryczny	https://pl.robotoys.eu/drewniane-puzzle-3d/pozytywki/gramofon-elektryczny-rokr-lkb01d-p68	0	11	0	8.27
gramogon	https://cz.robotoys.eu/drevene-3d-puzzle/hraci-skrinky/elektricky-gramofon-rokr-lkb01d-p68	0	2	0	7
gramophone 3d	https://fr.robotoys.eu/casse-tete-3d-en-bois/instruments-de-musique/puzzle-3d-en-bois-gramophone-rolife-tg408-p39	0	1	0	6
grand prix model	https://cz.robotoys.eu/drevene-3d-puzzle/vozidla/model-auta-grand-prix-rokr-mc401-p16	0	1	0	5
grand prix puzzle	https://pl.robotoys.eu/drewniane-puzzle-3d/pojazdy/model-samochodu-grand-prix-rokr-mc401-p16	0	1	0	28
grmofon	https://cz.robotoys.eu/drevene-3d-puzzle/hraci-skrinky/elektricky-gramofon-rokr-lkb01d-p68	0	1	0	12
grsmofon	https://cz.robotoys.eu/drevene-3d-puzzle/hraci-skrinky/elektricky-gramofon-rokr-lkb01d-p68	0	1	0	1
guitarra 3d	https://pt.robotoys.eu/quebra-cabeca-3d-de-madeira/instrumentos-musicais/modelo-de-guitarra-eletrica-rokr-tg605k-p33	0	1	0	2
göra eget pussel trä	https://se.robotoys.eu/blogg/fa-din-hjarna-i-rorelse-med-mekaniska-3d-pussel-i-tra	0	2	0	5
görselini göster	https://robotoys.eu/wooden-3d-puzzle/vehicles/wooden-3d-puzzle-airplane-little-story-d016-p130	0	1	0	29
habilidades motoras exemplos	https://pt.robotoys.eu/blogue/top-5-atividades-que-apoiam-o-desenvolvimento-de-habilidades-motoras	0	1	0	1
hangulatos wellness szállodák	https://hu.robotoys.eu/miniatur-hazak/miniatur-szobak/miniatur-haz-hangulatos-konyha-rolife-dg159-p89	0	1	0	56
hardest 3d puzzle	https://robotoys.eu/wooden-3d-puzzle-high-difficulty	0	2	0	12
hardest rokr puzzle	https://robotoys.eu/wooden-3d-puzzle-high-difficulty	0	1	0	12
hasznos ajandekok ferfiaknak	https://hu.robotoys.eu/a-legkeresettebb-ajandekok-ferfiaknak-es-fiuknak	0	1	0	34
hasznos ajándékok férfiaknak	https://hu.robotoys.eu/a-legkeresettebb-ajandekok-ferfiaknak-es-fiuknak	0	1	0	37
heimdekoration	https://de.robotoys.eu/bloggen/so-wahlen-sie-die-beste-heimdekoration-aus-tipps-und-tricks	0	4	0	27
heksenwinkel	https://nl.robotoys.eu/miniatuur-huizen/miniatuur-winkels/heksenwinkel-kiki-rolife-dg155-p31	0	3	0	13.33
heksenwinkel online	https://nl.robotoys.eu/miniatuur-huizen/miniatuur-winkels/heksenwinkel-kiki-rolife-dg155-p31	0	4	0	9.75
hexenladen	https://de.robotoys.eu/miniaturhauser/miniaturladen/hexenladen-kiki-rolife-dg155-p31	0	9	0	19.56
hexenladen	https://de.robotoys.eu/puzzlespiel-wettbewerb/hexenladen-kiki-rolife-dg155-31	0	1	0	81
high end gifts	https://robotoys.eu/the-most-expensive-gifts-for-men-and-boys	0	1	0	70
histoire de tower bridge	https://fr.robotoys.eu/blog/lhistoire-du-celebre-tower-bridge-comment-amener-londres-chez-vous	0	2	0	6
histoire du tower bridge	https://fr.robotoys.eu/blog/lhistoire-du-celebre-tower-bridge-comment-amener-londres-chez-vous	0	1	0	7
histoire tower bridge	https://fr.robotoys.eu/blog/lhistoire-du-celebre-tower-bridge-comment-amener-londres-chez-vous	0	7	0	6.86
historia del puente de la torre de londres	https://es.robotoys.eu/blog/the-story-of-the-famous-tower-bridge-how-to-bring-london-to-your-home	0	1	0	9
historia del tower bridge	https://es.robotoys.eu/blog/the-story-of-the-famous-tower-bridge-how-to-bring-london-to-your-home	0	1	0	8
historia tower bridge	https://es.robotoys.eu/blog/the-story-of-the-famous-tower-bridge-how-to-bring-london-to-your-home	0	3	0	10.33
historia tower bridge	https://pl.robotoys.eu/blog/the-story-of-the-famous-tower-bridge-how-to-bring-london-to-your-home	0	3	0	6.33
historia tower bridge	https://pt.robotoys.eu/blogue/a-historia-da-famosa-tower-bridge-como-levar-londres-para-a-sua-casa	0	1	0	7
historia tower bridge	https://robotoys.eu/blog/the-story-of-the-famous-tower-bridge-how-to-bring-london-to-your-home	0	1	0	10
history of the tower bridge	https://fr.robotoys.eu/blog/lhistoire-du-celebre-tower-bridge-comment-amener-londres-chez-vous	0	1	0	44
hiše	https://si.robotoys.eu/miniaturne-hise	0	1	0	70
hiše	https://si.robotoys.eu/miniaturne-hise-naprodaj	0	2	0	55.5
hjemmelavede valentinsgaver	https://dk.robotoys.eu/blog/5-bedste-valentinsdagsgaver-der-vil-glaede-alle	0	1	0	2
hodiny sova	https://cz.robotoys.eu/drevene-3d-puzzle/hodiny-kalendare/hodiny-sova-rokr-lk503-p6	0	7	0	1
hol lehet kapni	https://hu.robotoys.eu/fabol-keszult-3d-puzzle/jarmuvek/fa-3d-puzzle-repulogep-little-story-d016-p130	0	1	0	6
hol lehet kapni?	https://hu.robotoys.eu/blog/7-ellenallhatatlan-ajandekotlet-noknek	0	1	0	11
hol lehet kapni?	https://hu.robotoys.eu/fabol-keszult-3d-puzzle/orak-naptarak/romantikus-faliora-rokr-lc701-p56	0	1	0	2
holiday café	https://ee.robotoys.eu/miniatuursed-majad/raamatud-nook/raamaturiiuli-sisu-holiday-cafe-rolife-tgb15-p225	0	1	0	16
holiday café	https://pl.robotoys.eu/miniaturowe-domki/kacik-ksiazek/wkladka-do-regalu-holiday-cafe-rolife-tgb15-p225	0	1	0	10
holiday regal	https://de.robotoys.eu/miniaturhauser/bucher-ecke/bucherregaleinsatz-holiday-cafe-rolife-tgb15-p225	0	1	0	10
holz 3d puzzle	https://de.robotoys.eu/3d-puzzle-aus-holz/die-architektur/3d-puzzle-aus-holz-colosseum-little-story-e016-p126	0	10	0	14.5
holz 3d puzzle	https://de.robotoys.eu/3d-puzzle-aus-holz/die-architektur/3d-puzzle-aus-holz-sagrada-familia-little-story-e018-p133	0	24	0	5.88
holz 3d puzzle	https://de.robotoys.eu/3d-puzzle-aus-holz/stem-lab/flipper-rokr-eg01-p43	0	1	0	11
holz panzer	https://de.robotoys.eu/3d-puzzle-aus-holz/fahrzeuge/3d-puzzle-aus-holz-panzer-char-b1-little-story-wot06-p178	0	1	0	1
holz panzer	https://de.robotoys.eu/3d-puzzle-aus-holz/fahrzeuge/3d-puzzle-aus-holz-panzer-t-34-85-little-story-wot02-p135	0	3	0	1
holz panzer	https://de.robotoys.eu/3d-puzzle-aus-holz/fahrzeuge/3d-puzzle-aus-holz-tiger-i-little-story-wot03-p136	0	1	0	1
holzblumen puzzle	https://de.robotoys.eu/3d-puzzle-aus-holz/blumen	0	1	0	11
holzfeuerwehrauto	https://de.robotoys.eu/3d-puzzle-aus-holz/fahrzeuge/mechanisches-3d-puzzle-aus-holz-feuerwehrauto-eco-wood-art-p208	0	1	0	40
holzmagic	https://de.robotoys.eu/3d-puzzle-aus-holz/musikinstrumente/magic-piano-rokr-amk81-p70	0	5	0	8.4
holzmodell traktor	https://de.robotoys.eu/3d-puzzle-aus-holz/fahrzeuge/mechanisches-3d-puzzle-aus-holz-traktor-eco-wood-art-p233	0	3	0	15.33
holzpolizeiauto	https://de.robotoys.eu/3d-puzzle-aus-holz/fahrzeuge/3d-puzzle-aus-holz-polizeiauto-eco-wood-art-p214	0	1	0	11
holzpuzzle elefant	https://de.robotoys.eu/3d-puzzle-aus-holz/die-tiere/3d-puzzle-aus-holz-elefant-little-story-d012-p120	0	2	0	40.5
holzpuzzle motorrad	https://de.robotoys.eu/3d-puzzle-aus-holz/fahrzeuge/motorrad-cruiser-rokr-lk504-p12	0	3	0	10
holzpuzzle test	https://de.robotoys.eu/am-besten-bewertetes-3d-holzpuzzle	0	1	0	27
holzpuzzle uhr	https://de.robotoys.eu/3d-puzzle-aus-holz/uhren-kalender	0	1	0	34
horloge retro	https://fr.robotoys.eu/casse-tete-3d-en-bois/horloges-et-calendriers/horloge-murale-zodiac-rokr-lc601-p52	0	1	0	3
horloge zodiaque	https://fr.robotoys.eu/casse-tete-3d-en-bois/horloges-et-calendriers/horloge-murale-zodiac-rokr-lc601-p52	0	1	0	47
house miniature	https://robotoys.eu/miniature-houses/miniature-rooms	0	1	0	10
hout 3d puzzel	https://nl.robotoys.eu/houten-3d-puzzel/architectuur/houten-3d-puzzel-sagrada-familia-little-story-e018-p133	0	3	0	3.33
hout puzzel 3d	https://nl.robotoys.eu/houten-3d-puzzel/architectuur/houten-3d-puzzel-sagrada-familia-little-story-e018-p133	0	6	0	3
houten 3d modellen	https://nl.robotoys.eu/houten-3d-puzzel/architectuur/houten-3d-puzzel-notre-dame-kathedraal-little-story-e017-p127	0	1	0	2
houten 3d modellen	https://nl.robotoys.eu/houten-3d-puzzel/architectuur/houten-3d-puzzel-sagrada-familia-little-story-e018-p133	0	1	0	2
houten 3d puzzel volwassenen	https://nl.robotoys.eu/houten-3d-puzzel/architectuur/houten-3d-puzzel-sagrada-familia-little-story-e018-p133	0	17	0	2.06
houten 3d puzzels	https://nl.robotoys.eu/houten-3d-puzzel/architectuur/houten-3d-puzzel-sagrada-familia-little-story-e018-p133	0	5	0	3.8
houten koekoeksklok	https://nl.robotoys.eu/houten-3d-puzzel/klokken-kalenders/houten-mechanische-3d-puzzel-koekoeksklok-rokr-lc901c-p198	0	1	0	1
houten platenspeler	https://nl.robotoys.eu/houten-3d-puzzel/muziekdoosjes/elektrische-platenspeler-rokr-lkb01d-p68	0	1	0	1
houten puzzel 3d	https://nl.robotoys.eu/houten-3d-puzzel/architectuur/houten-3d-puzzel-sagrada-familia-little-story-e018-p133	0	12	0	3.25
houten puzzelbal oplossing	https://nl.robotoys.eu/blog/breng-je-hersenen-in-beweging-met-3d-houten-mechanische-puzzels	0	1	0	16
how long it takes	https://robotoys.eu/wooden-3d-puzzle/weapons/thompson-rokr-lqb01-p74	0	1	0	1
how much to buy new	https://robotoys.eu/wooden-3d-puzzle/the-animals/wooden-3d-puzzle-giraffe-little-story-d013-p121	0	1	0	17
how to join this	https://robotoys.eu/wooden-3d-puzzle/vehicles/wooden-3d-puzzle-airplane-little-story-d016-p130	0	1	0	10
hraci skrinka	https://cz.robotoys.eu/drevene-3d-puzzle/hraci-skrinky	0	1	0	26
hrací skřínka	https://cz.robotoys.eu/drevene-3d-puzzle/hraci-skrinky	0	1	0	20
hrací skříň	https://cz.robotoys.eu/drevene-3d-puzzle/hraci-skrinky/hudebni-hraci-skrinka-kouzelne-violoncello-rokr-amk63-p1	0	1	0	2
hrací skříňka	https://cz.robotoys.eu/drevene-3d-puzzle/hraci-skrinky	0	1	0	28
hvad er tower bridge	https://dk.robotoys.eu/blog/historien-om-den-beromte-tower-bridge-sadan-bringer-du-london-til-dit-hjem	0	2	0	4
hvor kan de købes	https://dk.robotoys.eu/puslespil-konkurrence/lys-orange-gerbera-rowood-tw111-196	0	1	0	27
hvor kan de købes	https://dk.robotoys.eu/trae-3d-puslespil/blomster/trae-3d-puslespil-lilla-iris-rowood-tw121-p251	0	1	0	10
hvor kan de købes	https://dk.robotoys.eu/trae-3d-puslespil/blomster/trae-3d-puslespil-lys-orange-gerbera-rowood-tw111-p196	0	1	0	1
hvordan slipper man af med hovedpine	https://dk.robotoys.eu/blog/hvordan-man-slipper-af-med-stress-10-effektive-tips	0	1	0	54
hvornår blev tower bridge bygget	https://dk.robotoys.eu/blog/historien-om-den-beromte-tower-bridge-sadan-bringer-du-london-til-dit-hjem	0	7	0	4.29
ház makett	https://hu.robotoys.eu/miniatur-hazak	0	9	0	7.22
ház makett készítés házilag	https://hu.robotoys.eu/blog/amit-miniatur-hazak-epitese-elott-tudni-kell	0	1	0	15
ideais presente mulher	https://pt.robotoys.eu/blogue/7-ideias-de-presentes-irresistiveis-para-mulheres	0	1	0	14
ideas de regalo para mujer	https://es.robotoys.eu/blog/7-ideas-de-regalos-irresistibles-para-mujeres	0	6	0	6
ideas de regalos de mujer	https://es.robotoys.eu/blog/7-ideas-de-regalos-irresistibles-para-mujeres	0	2	0	7
ideas de regalos para mujer	https://es.robotoys.eu/blog/7-ideas-de-regalos-irresistibles-para-mujeres	0	4	0	6.75
ideas de regalos para mujeres	https://es.robotoys.eu/blog/7-ideas-de-regalos-irresistibles-para-mujeres	0	1	0	6
ideas de regalos torre del mar	https://es.robotoys.eu/los-regalos-mas-baratos-para-decoracion	0	3	0	64
ideas regalos mujer	https://es.robotoys.eu/blog/7-ideas-de-regalos-irresistibles-para-mujeres	0	4	0	8.5
ideas regalos para mujer	https://es.robotoys.eu/blog/7-ideas-de-regalos-irresistibles-para-mujeres	0	1	0	10
idee regalo costruzioni per lui	https://it.robotoys.eu/blog	0	1	0	11
ideia de presente feminino	https://pt.robotoys.eu/blogue/7-ideias-de-presentes-irresistiveis-para-mulheres	0	1	0	63
ideias de presente pra mulher	https://pt.robotoys.eu/blogue/7-ideias-de-presentes-irresistiveis-para-mulheres	0	1	0	66
ideje za darila za otroke	https://si.robotoys.eu/ideje-za-darila/darila-za-otroke	0	1	0	29
igen	https://hu.robotoys.eu/fabol-keszult-3d-puzzle/epiteszet/fa-3d-kirako-sakura-treehouse-rolife-tgs04-p201	0	1	0	14
igen	https://hu.robotoys.eu/fabol-keszult-3d-puzzle/epiteszet/fa-3d-puzzle-sagrada-familia-little-story-e018-p133	0	1	0	13
igen	https://hu.robotoys.eu/miniatur-hazak/konyvek-kucko/konyvespolc-betet-karacsony-utca-rolife-tgc06-p139	0	1	0	16
ikea manul	https://robotoys.eu/wooden-3d-puzzle/vehicles/sailling-ship-model-rolife-tg305-p21	0	1	0	10
il représente quoi	https://robotoys.eu/blog/history-of-3d-wooden-puzzles-from-beginnings-to-the-present	0	1	0	5
ile kosztuje	https://pl.robotoys.eu/drewniane-puzzle-3d/pojazdy/model-lokomotywy-parowej-rokr-mc501-p13	0	1	0	1
image	https://robotoys.eu/wooden-3d-puzzle/architecture/wooden-mechanical-3d-puzzle-windmill-eco-wood-art-p154	0	1	0	3
imagen 3 d	https://es.robotoys.eu/rompecabezas-3d-de-madera/vehiculos/modelo-de-locomotora-de-vapor-rokr-mc501-p13	0	1	0	4
immagine	https://it.robotoys.eu/puzzle-3d-in-legno/architettura/puzzle-3d-in-legno-porta-di-brandeburgo-little-story-e015-p125	0	1	0	5
immagine kit	https://robotoys.eu/wooden-3d-puzzle/stem-lab/wooden-3d-puzzle-retro-telephone-eco-wood-art-p156	0	1	0	1
impresora 3d madera	https://es.robotoys.eu/rompecabezas-3d-de-madera/stem-lab/puzzle-3d-mecanico-de-madera-impresora-clasica-rokr-lk602-p90	0	2	0	14.5
impresora madera	https://es.robotoys.eu/rompecabezas-3d-de-madera/stem-lab/puzzle-3d-mecanico-de-madera-impresora-clasica-rokr-lk602-p90	0	3	0	5.33
impresora madera 3d	https://es.robotoys.eu/rompecabezas-3d-de-madera/stem-lab/puzzle-3d-mecanico-de-madera-impresora-clasica-rokr-lk602-p90	0	7	0	7.29
impressora 3d madeira	https://pt.robotoys.eu/quebra-cabeca-3d-de-madeira/stem-lab/quebra-cabeca-3d-mecanico-de-madeira-impressora-classica-rokr-lk602-p90	0	4	0	6.75
impressora de madeira 3d	https://pt.robotoys.eu/quebra-cabeca-3d-de-madeira/stem-lab/quebra-cabeca-3d-mecanico-de-madeira-impressora-classica-rokr-lk602-p90	0	2	0	3
impressora madeira	https://pt.robotoys.eu/quebra-cabeca-3d-de-madeira/stem-lab/quebra-cabeca-3d-mecanico-de-madeira-impressora-classica-rokr-lk602-p90	0	1	0	10
in europe	https://robotoys.eu/brands/rolife	0	1	0	5
individualiteit puzzel	https://nl.robotoys.eu/houten-3d-puzzel/voertuigen/houten-3d-puzzel-yankee-chopper-little-story-e024-p176	0	1	0	9
instrumentos musicais 3d	https://pt.robotoys.eu/quebra-cabeca-3d-de-madeira/instrumentos-musicais	0	1	0	5
invernadero miniatura	https://es.robotoys.eu/casas-en-miniatura/habitaciones-en-miniatura/invernadero-de-la-sra-cathy-rolife-dg104-p28	0	1	0	1
ipoh	https://robotoys.eu/wooden-3d-puzzle/clocks-calendars/romantic-note-wall-clock-rokr-lc701-p56	0	1	0	31
iris	https://it.robotoys.eu/puzzle-3d-in-legno/fiori/puzzle-3d-in-legno-iris-viola-rowood-tw121-p251	0	1	0	2
iris roxa	https://pt.robotoys.eu/quebra-cabeca-3d-de-madeira/flores/quebra-cabeca-3d-de-madeira-iris-roxa-rowood-tw121-p251	0	1	0	21
is building blocks fine motor skills	https://robotoys.eu/blog/5-advantages-of-creative-building-blocks-for-the-development-of-fine-motor-skills-and-concentration	0	1	0	11
isolering loftrum	https://dk.robotoys.eu/miniaturehuse/miniature-vaerelser/miniaturehus-doras-loftrum-rolife-dg12-p91	0	1	0	47
italiensk restaurant københavn bedst bedømte	https://dk.robotoys.eu/bedst-bedomte-miniaturehuse	0	1	0	23
ja	https://robotoys.eu/wooden-3d-puzzle/musical-instruments	0	1	0	5
jacht 3d	https://pl.robotoys.eu/drewniane-puzzle-3d/pojazdy/drewniane-puzzle-3d-jacht-little-story-d015-p129	0	7	0	2.29
jachtvoertuigen	https://nl.robotoys.eu/houten-3d-puzzel/voertuigen/houten-3d-puzzel-jacht-little-story-d015-p129	0	1	0	2
jah	https://ee.robotoys.eu/puidust-3d-pusle	0	1	0	5
jak na stres	https://cz.robotoys.eu/blog/jak-se-zbavit-stresu-10-ucinnych-tipu	0	2	0	52
jak se uklidnit ve stresu	https://cz.robotoys.eu/blog/jak-se-zbavit-stresu-10-ucinnych-tipu	0	1	0	30
jak se uvolnit a zbavit se stresu	https://cz.robotoys.eu/blog/jak-se-zbavit-stresu-10-ucinnych-tipu	0	1	0	18
jak se zbavit stresu	https://cz.robotoys.eu/blog/jak-se-zbavit-stresu-10-ucinnych-tipu	0	3	0	22.33
jak się nazywa	https://pl.robotoys.eu/drewniane-puzzle-3d/architektura/drewniane-puzzle-3d-luk-zwyciestwa-little-story-e011-p123	0	1	0	30
jak się nazywa	https://pl.robotoys.eu/drewniane-puzzle-3d/pojazdy/drewniane-puzzle-3d-jacht-little-story-d015-p129	0	1	0	15
jak się nazywa	https://pl.robotoys.eu/drewniane-puzzle-3d/pojazdy/drewniane-puzzle-3d-statek-wycieczkowy-rolife-tg306-p87	0	1	0	16
jak sprawić, że mój dom będzie bardziej przytulny?	https://pl.robotoys.eu/blog/jak-wybrac-najlepsza-dekoracje-domu-porady-i-wskazowki	0	1	0	4
jak vybrat puzzle	https://cz.robotoys.eu/blog/drevene-3d-puzzle-jak-vybrat-svoji-prvni-stavebnice-a-na-co-se-pripravit	0	3	0	11
jak zvladat stres	https://cz.robotoys.eu/blog/jak-se-zbavit-stresu-10-ucinnych-tipu	0	3	0	49.33
jaka cena	https://pl.robotoys.eu/drewniane-puzzle-3d/architektura/podswietlana-wieza-eiffla-rolife-tgl01-p73	0	2	0	11
jakie modele rolife polecasz dla początkującego hobbysty?	https://pl.robotoys.eu/blog/drewniane-puzzle-3d-jak-wybrac-swoj-pierwszy-zestaw-do-budowania-i-na-co-sie-przygotowac	0	4	0	1.75
jakie modele rolife polecasz dla początkującego hobbysty?	https://pl.robotoys.eu/marki/rolife	0	2	0	2.5
jaky darek pro muze	https://cz.robotoys.eu/blog/darek-pro-muze-ktery-uz-vsechno-ma-24-originalnich-tipu-ktere-ho-opravdu-prekvapi	0	1	0	6
jaký dárek koupit muži	https://cz.robotoys.eu/blog/darek-pro-muze-ktery-uz-vsechno-ma-24-originalnich-tipu-ktere-ho-opravdu-prekvapi	0	1	0	7
japoński statek	https://pl.robotoys.eu/drewniane-puzzle-3d/pojazdy/drewniana-ukladanka-3d-japonski-statek-dyplomatyczny-rolife-tg307-p199	0	22	0	10.32
jeftini pokloni za djecu	https://hr.robotoys.eu/najjeftiniji-pokloni-za-djecu	0	1	0	9
jen pro muze	https://cz.robotoys.eu/blog/nejlepsi-darek-pro-nej-originalni-s-dotekem-historie	0	1	0	10
jest nim tower bridge	https://pl.robotoys.eu/blog/the-story-of-the-famous-tower-bridge-how-to-bring-london-to-your-home	0	1	0	10
jogos de habilidades motoras	https://pt.robotoys.eu/blogue/top-5-atividades-que-apoiam-o-desenvolvimento-de-habilidades-motoras	0	2	0	8.5
jop	https://cz.robotoys.eu/drevene-3d-puzzle/vesmir/svitici-globus-rokr-st003-p3	0	1	0	3
játékszekrény	https://hu.robotoys.eu/fabol-keszult-3d-puzzle/zenei-dobozok/fabol-keszult-mechanikus-3d-puzzle-jatekszekreny-orpheus-rokr-am601-p82	0	1	0	30
kaina	https://lt.robotoys.eu/medine-3d-delione/geles	0	1	0	6
kaina	https://lt.robotoys.eu/medine-3d-delione/geles/medine-3d-delione-raudonas-gvazdikas-rowood-tv052-p112	0	1	0	2
kako kontrolirati stres	https://hr.robotoys.eu/blog/kako-se-rijesiti-stresa-10-ucinkovitih-savjeta	0	2	0	37.5
kako odpraviti stres	https://si.robotoys.eu/blog/kako-se-znebiti-stresa-10-ucinkovitih-nasvetov	0	4	0	11.25
kako premagati stres	https://si.robotoys.eu/blog/kako-se-znebiti-stresa-10-ucinkovitih-nasvetov	0	4	0	36
kako ublaziti stres	https://si.robotoys.eu/blog/kako-se-znebiti-stresa-10-ucinkovitih-nasvetov	0	3	0	42.33
kako zmanjšati stres	https://si.robotoys.eu/blog/kako-se-znebiti-stresa-10-ucinkovitih-nasvetov	0	5	0	26.8
kakukkos ora	https://hu.robotoys.eu/fabol-keszult-3d-puzzle/orak-naptarak/fa-mechanikus-3d-kirako-kakukkos-ora-rokr-lc901c-p198	0	1	0	1
kakukkos óra gyerekeknek	https://hu.robotoys.eu/fabol-keszult-3d-puzzle/orak-naptarak/fa-mechanikus-3d-kirako-kakukkos-ora-rokr-lc901c-p198	0	3	0	1
kalendrid	https://ee.robotoys.eu/puidust-3d-pusle/kellad-kalendrid	0	1	0	79
kameelia	https://ee.robotoys.eu/puidust-3d-pusle/lilled/puidust-3d-pusle-punane-kameelia-rowood-tw031-p102	0	1	0	45
kan ni ge exempel på leksaker som hjälper barn med motoriska färdigheter?	https://se.robotoys.eu/blogg/top-5-aktiviteter-som-stodjer-utvecklingen-av-motorik	0	2	0	8.5
kannh	https://gr.robotoys.eu/ksylino-trisdiastato-pazl/opla/ksylino-mhxaniko-trisdiastato-pazl-polybolo-me-peristrefomenh-kannh-rokr-lqa01-p218	0	2	0	2
kannst du mal zeigen	https://de.robotoys.eu/3d-puzzle-aus-holz/stem-lab/marble-parkour-rokr-lg501-p42	0	1	0	1
karabiny z drewna	https://pl.robotoys.eu/drewniane-puzzle-3d/bronie	0	2	0	40
karrusell	https://se.robotoys.eu/3d-pussel-i-tra/speldosor/mekaniskt-3d-pussel-i-tra-klassisk-karusell-rolife-amc01-p146	0	1	0	8
karusell	https://se.robotoys.eu/3d-pussel-i-tra/speldosor/mekaniskt-3d-pussel-i-tra-klassisk-karusell-rolife-amc01-p146	0	78	0	12.4
karusrll	https://se.robotoys.eu/3d-pussel-i-tra/speldosor/mekaniskt-3d-pussel-i-tra-klassisk-karusell-rolife-amc01-p146	0	1	0	8
karuzela	https://pl.robotoys.eu/drewniane-puzzle-3d/pozytywki/drewniana-mechaniczna-ukladanka-3d-klasyczna-karuzela-rolife-amc01-p146	0	9	0	21.11
karácsony utca	https://hu.robotoys.eu/miniatur-hazak/konyvek-kucko/konyvespolc-betet-karacsony-utca-rolife-tgc06-p139	0	1	0	11
kasseapparat boghandler	https://dk.robotoys.eu/miniaturehuse/miniature-butikker/miniature-hus-isbutik-honey-rolife-dg148-p65	0	1	0	75
katonai terepjáró	https://hu.robotoys.eu/fabol-keszult-3d-puzzle/jarmuvek/fabol-keszult-3d-puzzle-katonai-terepjaro-rokr-mc701-p54	0	1	0	1
kavarna simon	https://si.robotoys.eu/miniaturne-hise/miniaturne-trgovine/kavarna-na-naslovu-simon-rolife-dg109-p64	0	3	0	7.33
kaç euro	https://robotoys.eu/wooden-3d-puzzle/music-boxes/music-box-magic-cello-rokr-amk63-p1	0	1	0	2
kde kouoit	https://cz.robotoys.eu/miniaturni-domecky/books-nook/vlozka-do-police-na-knihy-kvetinovy-koutek-rolife-tgb09-p108	0	1	0	16
kde koupit	https://cz.robotoys.eu/drevene-3d-puzzle/vozidla/drevene-3d-puzzle-lokomotiva-little-story-e012-p124	0	1	0	10
kiki	https://lv.robotoys.eu/miniaturas-majas/miniaturie-veikali/raganu-veikals-kiki-rolife-dg155-p31	0	1	0	93
kiki miniature	https://it.robotoys.eu/case-in-miniatura/negozi-in-miniatura/negozio-di-streghe-kiki-rolife-dg155-p31	0	1	0	8
kiki tienda	https://es.robotoys.eu/casas-en-miniatura/tiendas-de-miniaturas/tienda-bruja-kiki-rolife-dg155-p31	0	1	0	14
kiki's magic emporium	https://robotoys.eu/miniature-houses/miniature-stores/kikis-magic-emporium-rolife-dg155-p31	0	1	0	3
kikis magic emporium	https://robotoys.eu/miniature-houses/miniature-stores/kikis-magic-emporium-rolife-dg155-p31	0	1	0	7
king bridge london	https://robotoys.eu/blog/the-story-of-the-famous-tower-bridge-how-to-bring-london-to-your-home	0	2	0	1
kingid naistele	https://ee.robotoys.eu/blogi/7-vastupandamatut-kingiideed-naistele	0	1	0	30
kingiidee mehele	https://ee.robotoys.eu/blogi/kingitus-mehele-kellel-on-juba-koik-olemas-24-originaalset-nippi-mis-teda-toeliselt-ullatavad	0	5	0	9.4
kingiideed jõuludeks	https://ee.robotoys.eu/koige-kallimad-kingitused-jouludeks	0	10	0	17.1
kingiideed jõuludeks	https://ee.robotoys.eu/korgelt-hinnatud-kingitused-jouludeks	0	6	0	21.83
kingiideed naisele	https://ee.robotoys.eu/blogi/7-vastupandamatut-kingiideed-naistele	0	2	0	29
kingiideed naistele	https://ee.robotoys.eu/blogi/7-vastupandamatut-kingiideed-naistele	0	9	0	15
kingitus mehele kellel on kõik olemas	https://ee.robotoys.eu/blogi/kingitus-mehele-kellel-on-juba-koik-olemas-24-originaalset-nippi-mis-teda-toeliselt-ullatavad	0	6	0	10.67
kingitus naisele	https://ee.robotoys.eu/blogi/7-vastupandamatut-kingiideed-naistele	0	4	0	27.25
kingitused jõuludeks	https://ee.robotoys.eu/kingi-ideid/kingitused-jouludeks	0	1	0	1
kingitused lastele	https://ee.robotoys.eu/kingi-ideid/kingitused-lastele	0	9	0	14.78
kingitused naistele	https://ee.robotoys.eu/koige-kallimad-kingitused-naistele-ja-tudrukutele?page=3	0	13	0	16.38
kingitused naistele	https://ee.robotoys.eu/koige-populaarsemad-kingitused-naistele-ja-tudrukutele?page=3	0	8	0	18.25
kingituste maksustamine	https://ee.robotoys.eu/puidust-3d-pusle/stem-lab/puidust-mehaaniline-3d-pusle-unistuste-kingituste-tehas-rokr-eab01-p202	0	1	0	31
kit casa miniatura	https://es.robotoys.eu/casas-en-miniatura/tiendas-de-miniaturas	0	11	0	18.91
kit casa miniatura	https://pt.robotoys.eu/casas-em-miniatura	0	1	0	8
kit complet	https://fr.robotoys.eu/maisons-miniatures/coin-livres/bookstore-rolife-tgb07-p76	0	1	0	16
kit costruzione case in miniatura legno	https://it.robotoys.eu/case-in-miniatura	0	1	0	15
koloseum 3d	https://cz.robotoys.eu/drevene-3d-puzzle/architektura/drevene-3d-puzzle-koloseum-little-story-e016-p126	0	1	0	1
koloseum puzzle 3d	https://pl.robotoys.eu/drewniane-puzzle-3d/architektura/drewniane-puzzle-3d-koloseum-little-story-e016-p126	0	2	0	2
kolosseum modell	https://de.robotoys.eu/3d-puzzle-aus-holz/die-architektur/3d-puzzle-aus-holz-colosseum-little-story-e016-p126	0	4	0	9.5
koparka 3d	https://pl.robotoys.eu/drewniane-puzzle-3d/pojazdy/drewniana-ukladanka-3d-koparka-rokr-tg508k-p197	0	5	0	4.4
kosten	https://de.robotoys.eu/miniaturhauser/miniaturraume/mr-millers-garden-rolife-dg108-p23	0	1	0	4
kreativa presenter till flickvän	https://se.robotoys.eu/blogg	0	1	0	28
kreativní dárek pro ženu	https://cz.robotoys.eu/blog/7-neodolatelnych-tipu-na-darky-pro-zenu	0	1	0	19
kruiisilaev	https://ee.robotoys.eu/puidust-3d-pusle/soidukid/puidust-3d-pusle-kruiisilaev-little-story-e026-p229	0	1	0	16
królewski powóz	https://pl.robotoys.eu/drewniane-puzzle-3d/pojazdy/drewniane-puzzle-3d-powoz-krolewski-rolife-tg302-p62	0	2	0	9
które miniaturowe domki do składania mają najwięcej elementów w cenie do 200 złotych?	https://pl.robotoys.eu/najpopularniejsze-domy-miniaturowe	0	8	0	9.75
kur pirkti	https://lt.robotoys.eu/medine-3d-delione/laikrodziai-kalendoriai/medinis-mechaninis-3d-deliones-komplektas-gegutes-laikrodis-rokr-lc901c-p198	0	1	0	3
kučiće vrijeme	https://hr.robotoys.eu/minijaturne-kucice-vrijeme-sastavljanja-unutar-1-do-3-sata	0	1	0	13
kw401	https://de.robotoys.eu/3d-puzzle-aus-holz/waffen/ballista-der-belagerungsmaschine-rokr-kw401-p15	0	1	0	3
kwiaty 3 d	https://pl.robotoys.eu/drewniane-puzzle-3d/kwiaty	0	1	0	7
kwiaty do skladania	https://pl.robotoys.eu/drewniane-puzzle-3d/kwiaty	0	1	0	2
kwiaty do składania	https://pl.robotoys.eu/drewniane-puzzle-3d/kwiaty	0	2	0	4
kwiaty drewniane	https://pl.robotoys.eu/drewniane-puzzle-3d/kwiaty	0	2	0	11
kwiaty z drewna	https://pl.robotoys.eu/drewniane-puzzle-3d/kwiaty	0	5	0	11.8
käokell	https://ee.robotoys.eu/puidust-3d-pusle/kellad-kalendrid/puidust-mehaaniline-3d-pusle-kaokell-rokr-lc901c-p198	0	5	0	1
képekkel	https://hu.robotoys.eu/fabol-keszult-3d-puzzle/az-allatok/fa-3d-puzzle-stegosaurus-little-story-d010-p118	0	1	0	10
königskutsche	https://de.robotoys.eu/3d-puzzle-aus-holz/fahrzeuge/3d-puzzle-aus-holz-konigskutsche-rolife-tg302-p62	0	1	0	1
könyvkuckó	https://hu.robotoys.eu/miniatur-hazak/konyvek-kucko	0	1	0	22
la fabrica de regalos	https://es.robotoys.eu/rompecabezas-3d-de-madera/stem-lab/rompecabezas-mecanico-3d-de-madera-fabrica-de-regalos-de-ensueno-rokr-eab01-p202	0	7	0	21.86
la tienda de la bruja	https://es.robotoys.eu/casas-en-miniatura/tiendas-de-miniaturas/tienda-bruja-kiki-rolife-dg155-p31	0	2	0	8.5
lav stori	https://hr.robotoys.eu/drvena-3d-slagalica/zivotinje/drvena-3d-puzzle-lav-little-story-d011-p119	0	1	0	81
lavlittle	https://hr.robotoys.eu/drvena-3d-slagalica/zivotinje/drvena-3d-puzzle-lav-little-story-d011-p119	0	1	0	8
lc801	https://es.robotoys.eu/rompecabezas-3d-de-madera/relojes-y-calendarios/puzzle-3d-de-madera-calendario-de-mesa-rokr-lc801-p44	0	1	0	4
lc801	https://lv.robotoys.eu/puzles-konkurss/galda-kalendars-rokr-lc801-44	0	1	0	5
lc801	https://se.robotoys.eu/3d-pussel-i-tra/klockor-kalendrar/tra-3d-pussel-bordskalender-rokr-lc801-p44	0	1	0	69
lc901c	https://fr.robotoys.eu/casse-tete-3d-en-bois/horloges-et-calendriers/puzzle-mecanique-3d-en-bois-horloge-a-coucou-rokr-lc901c-p198	0	1	0	3
lc901c	https://nl.robotoys.eu/houten-3d-puzzel/klokken-kalenders/houten-mechanische-3d-puzzel-koekoeksklok-rokr-lc901c-p198	0	1	0	8
lc901c	https://pl.robotoys.eu/drewniane-puzzle-3d/zegary-i-kalendarze/drewniana-mechaniczna-ukladanka-3d-zegar-z-kukulka-rokr-lc901c-p198	0	1	0	2
lc901c	https://robotoys.eu/wooden-3d-puzzle/clocks-calendars/wooden-mechanical-3d-puzzle-cuckoo-clock-rokr-lc901c-p198	0	1	0	5
le pont bridge	https://fr.robotoys.eu/blog/lhistoire-du-celebre-tower-bridge-comment-amener-londres-chez-vous	0	1	0	26
le pont tower bridge	https://fr.robotoys.eu/blog/lhistoire-du-celebre-tower-bridge-comment-amener-londres-chez-vous	0	1	0	15
le tecniche per rilassarsi	https://it.robotoys.eu/blog/come-liberarsi-dello-stress-10-consigli-efficaci	0	1	0	23
le tower bridge	https://fr.robotoys.eu/blog/lhistoire-du-celebre-tower-bridge-comment-amener-londres-chez-vous	0	1	0	38
leao acabado	https://pt.robotoys.eu/quebra-cabeca-3d-de-madeira/os-animais/quebra-cabeca-3d-de-madeira-leao-little-story-d011-p119	0	1	0	1
legendäre maschinen	https://de.robotoys.eu/bloggen/world-of-tanks-jetzt-in-ihrem-regal	0	1	0	37
legjobb ajándék	https://hu.robotoys.eu/blog/a-legjobb-ajandek-neki-eredeti-egy-kis-tortenelemmel	0	12	0	14.75
legno	https://it.robotoys.eu/puzzle-3d-in-legno/strumenti-musicali	0	1	0	2
legno 3d	https://it.robotoys.eu/puzzle-3d-in-legno/architettura/puzzle-3d-in-legno-sagrada-familia-little-story-e018-p133	0	3	0	2.67
lego 3d architecture puzzle	https://robotoys.eu/wooden-3d-puzzle/architecture	0	1	0	27
lejon 3d	https://se.robotoys.eu/3d-pussel-i-tra/djuren/tra-3d-pussel-lejon-little-story-d011-p119	0	4	0	1.5
leone 3d	https://it.robotoys.eu/puzzle-3d-in-legno/gli-animali/puzzle-3d-in-legno-leone-little-story-d011-p119	0	2	0	1.5
leopard 1	https://cz.robotoys.eu/drevene-3d-puzzle/vozidla/drevene-3d-puzzle-tank-leopard-1-little-story-wot07-p179	0	1	0	1
leopard 1 3d	https://cz.robotoys.eu/drevene-3d-puzzle/vozidla/drevene-3d-puzzle-tank-leopard-1-little-story-wot07-p179	0	1	0	4
leopard 1 3d	https://robotoys.eu/wooden-3d-puzzle/vehicles/wooden-3d-puzzle-tank-leopard-1-little-story-wot07-p179	0	1	0	2
leopard 1 3d model	https://pl.robotoys.eu/drewniane-puzzle-3d/pojazdy/drewniana-ukladanka-3d-tank-leopard-1-little-story-wot07-p179	0	1	0	16
leopard 1 model	https://cz.robotoys.eu/drevene-3d-puzzle/vozidla/drevene-3d-puzzle-tank-leopard-1-little-story-wot07-p179	0	1	0	1
lesen šopek	https://si.robotoys.eu/blog/lesen-sopek-ki-nikoli-ne-oveni-odkrijte-carobnost-3d-cvetlicnih-sestavljank	0	3	0	3
lesen šopek	https://si.robotoys.eu/lesena-3d-sestavljanka/roze/lesena-3d-sestavljanka-sopek-roz-rowood-tw01h-p100	0	1	0	1
lesen šopek s posvetilom	https://si.robotoys.eu/blog/lesen-sopek-ki-nikoli-ne-oveni-odkrijte-carobnost-3d-cvetlicnih-sestavljank	0	6	0	7.17
lesena mansardna hiša	https://si.robotoys.eu/miniaturne-hise-visoka-tezavnost	0	1	0	75
lesena sestavljanka	https://si.robotoys.eu/lesena-3d-sestavljanka	0	7	0	7.29
lesene sestavljanke	https://si.robotoys.eu/lesena-3d-sestavljanka	0	7	0	6.14
lg501	https://pl.robotoys.eu/drewniane-puzzle-3d/stem-lab/marmur-parkour-rokr-lg501-p42	0	1	0	3
lga01	https://nl.robotoys.eu/houten-3d-puzzel/stem-lab/marble-night-city-rokr-lga01-p2	0	2	0	5.5
lga01 marble night city	https://robotoys.eu/wooden-3d-puzzle/stem-lab/marble-night-city-rokr-lga01-p2	0	1	0	11
libreria casetta	https://it.robotoys.eu/case-in-miniatura/angolo-dei-libri	0	1	0	12
libreria en miniatura	https://es.robotoys.eu/casas-en-miniatura/habitaciones-en-miniatura/biblioteca-de-estudio-de-sam-rolife-dg102-p86	0	4	0	3.25
libreria in miniatura	https://it.robotoys.eu/case-in-miniatura/angolo-dei-libri	0	7	0	10.14
libreria in miniatura	https://it.robotoys.eu/case-in-miniatura/camere-in-miniatura/biblioteca-studio-di-sam-rolife-dg102-p86	0	5	0	1.2
libreria in miniatura fai da te	https://it.robotoys.eu/case-in-miniatura/camere-in-miniatura/biblioteca-studio-di-sam-rolife-dg102-p86	0	3	0	1.67
libreria miniatura	https://es.robotoys.eu/casas-en-miniatura/habitaciones-en-miniatura/biblioteca-de-estudio-de-sam-rolife-dg102-p86	0	7	0	2
libreria miniatura	https://it.robotoys.eu/case-in-miniatura/angolo-dei-libri	0	1	0	7
librería miniatura	https://es.robotoys.eu/casas-en-miniatura/habitaciones-en-miniatura/biblioteca-de-estudio-de-sam-rolife-dg102-p86	0	1	0	2
lil simon's coffee	https://fr.robotoys.eu/maisons-miniatures/boutiques-miniatures/cafe-a-simon-rolife-dg109-p64	0	3	0	7.33
lila motorcykel	https://se.robotoys.eu/3d-pussel-i-tra/fordon/trapussel-3d-lila-speedtail-motorcykel-little-story-e020p-p242	0	1	0	1
lila írisz	https://hu.robotoys.eu/puzzle-verseny/lila-irisz-rowood-tw121-251	0	1	0	10
litle story	https://pl.robotoys.eu/marki/little-story	0	1	0	3
little story	https://cz.robotoys.eu/drevene-3d-puzzle/vozidla/drevene-3d-puzzle-lokomotiva-little-story-e012-p124	0	1	0	8
little story	https://cz.robotoys.eu/drevene-3d-puzzle/vozidla/drevene-3d-puzzle-m4a38-sherman-little-story-wot01-p137	0	1	0	5
little story	https://cz.robotoys.eu/soutez-v-puzzle/stegosaurus-little-story-d010-118	0	1	0	3
little story	https://cz.robotoys.eu/soutez-v-puzzle/tank-t-34-85-little-story-wot02-135	0	1	0	10
little story	https://cz.robotoys.eu/znacky/little-story	0	2	0	3.5
little story	https://de.robotoys.eu/3d-puzzle-aus-holz/fahrzeuge/holz-3d-puzzle-comanche-motorrad-little-story-e023-p175	0	1	0	3
little story	https://de.robotoys.eu/marken/little-story	0	1	0	8
little story	https://ee.robotoys.eu/puidust-3d-pusle/soidukid/puidust-3d-pusle-veoauto-little-story-d004-p168	0	1	0	9
little story	https://pl.robotoys.eu/marki/little-story	0	12	0	4
little story drewniane puzzle model 3d	https://pl.robotoys.eu/marki/little-story	0	4	0	5.75
little story puzzle 3d	https://pl.robotoys.eu/drewniane-puzzle-3d/architektura/drewniane-puzzle-3d-sagrada-familia-little-story-e018-p133	0	2	0	6
littlestory	https://robotoys.eu/brands/little-story	0	1	0	5
livello difficoltà	https://it.robotoys.eu/puzzle-3d-in-legno/stem-lab/puzzle-meccanico-3d-in-legno-fabbrica-dei-regali-dei-sogni-rokr-eab01-p202	0	1	0	2
lk502	https://robotoys.eu/wooden-3d-puzzle/stem-lab/treasure-box-rokr-lk502-p57	0	1	0	5
lk505	https://es.robotoys.eu/rompecabezas-3d-de-madera/vehiculos/puzzle-mecanico-3d-de-madera-coche-de-carreras-rokr-lk505-p141	0	1	0	7
lk505	https://se.robotoys.eu/3d-pussel-i-tra/fordon/tramekaniskt-3d-pussel-racingbil-rokr-lk505-p141	0	1	0	5
lk703b	https://es.robotoys.eu/concurso-de-rompecabezas/maquina-de-escribir-mecanica-version-clasica-rokr-lk703b-265	0	1	0	5
lk703b	https://nl.robotoys.eu/houten-3d-puzzel/stem-lab/houten-mechanische-3d-puzzel-mechanische-typemachine-klassieke-versie-rokr-lk703b-p265	0	2	0	8
lk703c	https://lv.robotoys.eu/puzles-konkurss/mehaniska-rakstammasina-magiska-versija-rokr-lk703c-266	0	1	0	7
lk703c	https://nl.robotoys.eu/houten-3d-puzzel/stem-lab/houten-mechanische-3d-puzzel-mechanische-typemachine-magic-versie-rokr-lk703c-p266	0	2	0	8
lk801	https://pl.robotoys.eu/drewniane-puzzle-3d/pojazdy/drewniane-puzzle-3d-klasyczny-tramwaj-miejski-rokr-lk801-p88	0	1	0	2
lk801	https://robotoys.eu/wooden-3d-puzzle/vehicles/wooden-3d-puzzle-classic-city-tram-rokr-lk801-p88	0	1	0	9
lka01	https://es.robotoys.eu/rompecabezas-3d-de-madera/stem-lab/puzzle-3d-mecanico-de-madera-motor-de-vapor-rokr-lka01-p104	0	1	0	8
lka02	https://nl.robotoys.eu/houten-3d-puzzel/het-heelal/houten-mechanische-3d-puzzel-ruimteveer-rokr-lka02-p253	0	1	0	10
lkb01d	https://nl.robotoys.eu/houten-3d-puzzel/muziekdoosjes/elektrische-platenspeler-rokr-lkb01d-p68	0	1	0	10
lkb01d	https://robotoys.eu/wooden-3d-puzzle/music-boxes/electric-record-player-rokr-lkb01d-p68	0	1	0	7
lkw puzzle	https://de.robotoys.eu/3d-puzzle-aus-holz/fahrzeuge/schweres-lkw-modell-rokr-mc502-p27	0	2	0	20
logo rolife	https://es.robotoys.eu/marcas/rolife	0	5	0	1
loja atacado	https://pt.robotoys.eu/links-uteis/sobre-companhia/atacado	0	1	0	6
loja de bruxas	https://pt.robotoys.eu/casas-em-miniatura/lojas-de-miniaturas/loja-de-bruxas-kiki-rolife-dg155-p31	0	1	0	49
londen tower bridge	https://nl.robotoys.eu/blog/het-verhaal-van-de-beroemde-tower-bridge-hoe-je-londen-bij-je-thuis-brengt	0	2	0	12
london bridge	https://nl.robotoys.eu/blog/het-verhaal-van-de-beroemde-tower-bridge-hoe-je-londen-bij-je-thuis-brengt	0	2	0	11
london bridge	https://ro.robotoys.eu/blog/povestea-celebrului-tower-bridge-cum-sa-aduci-londra-acasa	0	2	0	9.5
london bridge black and white	https://robotoys.eu/blog/the-story-of-the-famous-tower-bridge-how-to-bring-london-to-your-home	0	2	0	1
london bridge histoire	https://fr.robotoys.eu/blog/lhistoire-du-celebre-tower-bridge-comment-amener-londres-chez-vous	0	10	0	9
london bridge historia	https://es.robotoys.eu/blog/the-story-of-the-famous-tower-bridge-how-to-bring-london-to-your-home	0	3	0	4.33
london bridge historie	https://cz.robotoys.eu/blog/the-story-of-the-famous-tower-bridge-how-to-bring-london-to-your-home	0	1	0	11
london bridge historie	https://dk.robotoys.eu/blog/historien-om-den-beromte-tower-bridge-sadan-bringer-du-london-til-dit-hjem	0	1	0	5
london bridge londra	https://it.robotoys.eu/blog/the-story-of-the-famous-tower-bridge-how-to-bring-london-to-your-home	0	1	0	17
london bridge miniature	https://nl.robotoys.eu/houten-3d-puzzel/architectuur/tower-bridge-model-met-led-verlichting-rolife-tg412-p19	0	1	0	7
london bridge story	https://robotoys.eu/blog/the-story-of-the-famous-tower-bridge-how-to-bring-london-to-your-home	0	2	0	13
london bro	https://dk.robotoys.eu/blog/historien-om-den-beromte-tower-bridge-sadan-bringer-du-london-til-dit-hjem	0	3	0	9.67
londonas tilts	https://lv.robotoys.eu/emuars/stasts-par-slaveno-tauera-tiltu-ka-atvest-londonu-savas-majas	0	3	0	4.67
londono tiltas	https://lt.robotoys.eu/dienorastis/garsiojo-tauerio-tilto-istorija-kaip-pritraukti-londona-i-savo-namus	0	2	0	11
londres puente famoso	https://es.robotoys.eu/blog/the-story-of-the-famous-tower-bridge-how-to-bring-london-to-your-home	0	1	0	2
londyn most	https://pl.robotoys.eu/blog/the-story-of-the-famous-tower-bridge-how-to-bring-london-to-your-home	0	2	0	11
londyn tower bridge	https://pl.robotoys.eu/blog/the-story-of-the-famous-tower-bridge-how-to-bring-london-to-your-home	0	1	0	11
londýnský most	https://cz.robotoys.eu/blog/the-story-of-the-famous-tower-bridge-how-to-bring-london-to-your-home	0	1	0	12
lq502	https://es.robotoys.eu/rompecabezas-3d-de-madera/armas/rompecabezas-mecanico-3d-de-madera-mini-pistola-rokr-lq502-p147	0	1	0	10
luminous globe	https://fr.robotoys.eu/casse-tete-3d-en-bois/lunivers/globe-lumineux-rokr-st003-p3	0	1	0	46
luminous globe	https://robotoys.eu/wooden-3d-puzzle/the-universe/luminous-globe-rokr-st003-p3	0	2	0	9
luminous globe rokr	https://pl.robotoys.eu/drewniane-puzzle-3d/wszechswiat/swiecacy-globus-rokr-st003-p3	0	1	0	2
lutande tornet	https://se.robotoys.eu/3d-pussel-i-tra/arkitektur/tra-3d-pussel-lutande-tornet-i-pisa-little-story-e009-p114	0	1	0	11
luxuriöse geschenke für frauen	https://de.robotoys.eu/die-teuersten-geschenke-fur-frauen-und-madchen	0	1	0	73
luxus geschenke für frauen	https://de.robotoys.eu/die-teuersten-geschenke-fur-frauen-und-madchen	0	1	0	66
lysende globus	https://dk.robotoys.eu/trae-3d-puslespil/universet/lysende-globus-rokr-st003-p3	0	1	0	7
lägga pussel bra för hjärnan	https://se.robotoys.eu/blogg/bygga-pussel-den-basta-aktiviteten-for-pensionarer	0	1	0	32
lær at slappe af	https://dk.robotoys.eu/blog/hvordan-man-slipper-af-med-stress-10-effektive-tips	0	2	0	33
løsning	https://dk.robotoys.eu/blog/fa-din-hjerne-i-gang-med-mekaniske-3d-gader-i-trae	0	1	0	2
machinepistool puzzel	https://nl.robotoys.eu/houten-3d-puzzel/wapens/thompson-rokr-lqb01-p74	0	1	0	10
madeira leao	https://pt.robotoys.eu/quebra-cabeca-3d-de-madeira/os-animais/quebra-cabeca-3d-de-madeira-leao-little-story-d011-p119	0	5	0	11.8
madeira speedway	https://pt.robotoys.eu/quebra-cabeca-3d-de-madeira/veiculos/quebra-cabeca-3d-de-madeira-moto-speedway-little-story-e019-p171	0	1	0	10
madera 3d	https://es.robotoys.eu/blog/rompecabezas-3d-de-madera-como-elegir-tu-primer-kit-de-construccion-y-que-preparar-para	0	1	0	8
magasin de sorciere	https://fr.robotoys.eu/maisons-miniatures/boutiques-miniatures/magasin-de-sorcieres-kiki-rolife-dg155-p31	0	1	0	13
magasin miniature	https://fr.robotoys.eu/maisons-miniatures/boutiques-miniatures/maison-miniature-le-magasin-de-the-dalice-rolife-dg156-p61	0	1	0	15
magic cello music box	https://robotoys.eu/wooden-3d-puzzle/music-boxes/music-box-magic-cello-rokr-amk63-p1	0	1	0	7
magic cello rokr	https://es.robotoys.eu/rompecabezas-3d-de-madera/cajas-de-musica/caja-de-musica-violonchelo-magico-rokr-amk63-p1	0	1	0	8
magic emporium rolife	https://robotoys.eu/miniature-houses/miniature-stores/kikis-magic-emporium-rolife-dg155-p31	0	1	0	9
magic holz flipper	https://de.robotoys.eu/3d-puzzle-aus-holz/stem-lab/flipper-rokr-eg01-p43	0	2	0	23.5
magic house rolife	https://es.robotoys.eu/casas-en-miniatura/rincon-de-libros/magical-house-rolife-tgb03-p58	0	1	0	1
magic house rolife	https://pt.robotoys.eu/casas-em-miniatura/recanto-dos-livros/magical-house-rolife-tgb03-p58	0	1	0	7
magical house	https://de.robotoys.eu/miniaturhauser/bucher-ecke/magical-house-rolife-tgb03-p58	0	1	0	1
magical house	https://dk.robotoys.eu/miniaturehuse/boger-nook/magical-house-rolife-tgb03-p58	0	1	0	1
magiczne pianino	https://pl.robotoys.eu/drewniane-puzzle-3d/instrumenty-muzyczne/magiczne-pianino-rokr-amk81-p70	0	7	0	8.57
maileg miniatyrhus	https://se.robotoys.eu/miniatyrhus	0	1	0	49
maison des miniature	https://fr.robotoys.eu/les-maisons-miniatures-les-plus-vendues	0	2	0	6
maison des miniatures	https://fr.robotoys.eu/les-maisons-miniatures-les-plus-vendues	0	2	0	10
maison mose	https://fr.robotoys.eu/maisons-miniatures/chambres-miniatures/agence-de-detectives-de-mose-rolife-dg157-p24	0	1	0	8
maisons des miniatures	https://fr.robotoys.eu/les-maisons-miniatures-les-plus-vendues	0	4	0	8.5
makett	https://ee.robotoys.eu/puidust-3d-pusle/arhitektuur/puidust-3d-pusle-notre-damei-katedraali-little-story-e017-p127	0	1	0	4
makett	https://ee.robotoys.eu/puidust-3d-pusle/soidukid/puidust-3d-pusle-aurulaev-little-story-e025-p230	0	1	0	4
makett ház	https://hu.robotoys.eu/miniatur-hazak	0	4	0	8
makett ház építése	https://hu.robotoys.eu/blog/amit-miniatur-hazak-epitese-elott-tudni-kell	0	3	0	6.67
makett házak	https://hu.robotoys.eu/miniatur-hazak	0	4	0	6.25
makett kuckó	https://hu.robotoys.eu/fabol-keszult-3d-puzzle	0	2	0	9
makieta wieży eiffla	https://pl.robotoys.eu/drewniane-puzzle-3d/architektura/model-wiezy-eiffla-rolife-tg501-p17	0	3	0	10.33
manufacturing toy	https://robotoys.eu/wooden-3d-puzzle/vehicles/wooden-mechanical-3d-puzzle-grain-harvester-gh800-eco-wood-art-p160	0	1	0	13
maqueta barco navegando	https://es.robotoys.eu/rompecabezas-3d-de-madera/vehiculos/modelo-de-velero-rolife-tg305-p21	0	8	0	1.38
maqueta cafeteria simon	https://es.robotoys.eu/casas-en-miniatura/tiendas-de-miniaturas/cafe-en-simon-rolife-dg109-p64	0	4	0	1
maqueta carruaje clasico	https://es.robotoys.eu/rompecabezas-3d-de-madera/vehiculos/puzzle-3d-de-madera-carro-real-rolife-tg302-p62	0	6	0	1
maqueta casa librería de sam	https://es.robotoys.eu/casas-en-miniatura/habitaciones-en-miniatura/biblioteca-de-estudio-de-sam-rolife-dg102-p86	0	1	0	1
maqueta floristeria emily	https://es.robotoys.eu/casas-en-miniatura/tiendas-de-miniaturas/floristeria-emily-rolife-dg145-p25	0	4	0	1
maqueta globo aereoestatico	https://es.robotoys.eu/rompecabezas-3d-de-madera/vehiculos/globo-aerostatico-rolife-tg406-p84	0	6	0	1
maqueta globo dirigible	https://es.robotoys.eu/rompecabezas-3d-de-madera/vehiculos/dirigible-modelo-rolife-tg407-p22	0	4	0	1
maqueta globo luminoso	https://es.robotoys.eu/rompecabezas-3d-de-madera/el-universo/globo-luminoso-rokr-st003-p3	0	5	0	1
maqueta madera 3d	https://es.robotoys.eu/rompecabezas-3d-de-madera/arquitectura	0	1	0	12
maqueta madera 3d avión	https://es.robotoys.eu/rompecabezas-3d-de-madera/vehiculos/modelo-triplano-rolife-tg301-p46	0	6	0	1
maqueta miniatura	https://es.robotoys.eu/casas-en-miniatura/tiendas-de-miniaturas	0	1	0	25
maqueta notre dame	https://es.robotoys.eu/rompecabezas-3d-de-madera/arquitectura/puzzle-3d-de-madera-catedral-de-notre-dame-little-story-e017-p127	0	1	0	4
maqueta parque atracciones	https://es.robotoys.eu/rompecabezas-3d-de-madera/stem-lab/marmol-parkour-rokr-lg501-p42	0	6	0	1
maqueta rokr	https://es.robotoys.eu/marcas/rokr	0	2	0	10
maqueta sujetalibros sakura densya	https://es.robotoys.eu/casas-en-miniatura/rincon-de-libros/sakura-densya-rolife-tgb01-p29	0	2	0	1
maqueta tranvia	https://es.robotoys.eu/rompecabezas-3d-de-madera/vehiculos/tranvia-historico-rolife-tg505-p40	0	5	0	1
maquetas de tranvía desde 180 euros	https://es.robotoys.eu/rompecabezas-3d-de-madera/vehiculos/tranvia-historico-rolife-tg505-p40	0	1	0	57
maquetas de tranvías	https://es.robotoys.eu/rompecabezas-3d-de-madera/vehiculos/tranvia-historico-rolife-tg505-p40	0	1	0	44
maquetas en miniatura	https://es.robotoys.eu/casas-en-miniatura/tiendas-de-miniaturas	0	1	0	32
maquetas rokr	https://es.robotoys.eu/marcas/rokr	0	14	0	5.93
maquette dirigeable	https://fr.robotoys.eu/casse-tete-3d-en-bois/vehicules/maquette-dirigeable-rolife-tg407-p22	0	1	0	1
maquette en bois 147 pièces - globe lumineux - rokr	https://fr.robotoys.eu/casse-tete-3d-en-bois/lunivers/globe-lumineux-rokr-st003-p3	0	8	0	17.5
maquette en bois action	https://fr.robotoys.eu/puzzle-3d-en-bois-en-action	0	1	0	31
maquette puzzle 3d	https://fr.robotoys.eu/casse-tete-3d-en-bois/vehicules/maquette-dirigeable-rolife-tg407-p22	0	1	0	7
maquette tour eiffel	https://fr.robotoys.eu/casse-tete-3d-en-bois/architecture/maquette-de-la-tour-eiffel-rolife-tg501-p17	0	1	0	53
maquette voiture	https://fr.robotoys.eu/casse-tete-3d-en-bois/vehicules/maquette-voiture-grand-prix-rokr-mc401-p16	0	10	0	26.6
maquette voiture bois	https://fr.robotoys.eu/casse-tete-3d-en-bois/vehicules/puzzle-3d-mecanique-en-bois-voiture-de-course-jaune-eco-wood-art-p151	0	1	0	1
maquette voiture en bois	https://fr.robotoys.eu/casse-tete-3d-en-bois/vehicules/maquette-voiture-grand-prix-rokr-mc401-p16	0	1	0	4
maquina de escribir	https://es.robotoys.eu/rompecabezas-3d-de-madera/stem-lab/rompecabezas-mecanico-3d-de-madera-maquina-de-escribir-eco-wood-art-p158	0	3	0	2.67
maquina de escribir antigua	https://es.robotoys.eu/rompecabezas-3d-de-madera/stem-lab/rompecabezas-mecanico-3d-de-madera-maquina-de-escribir-eco-wood-art-p158	0	1	0	5
maquina para escribir en madera	https://es.robotoys.eu/rompecabezas-3d-de-madera/stem-lab/rompecabezas-mecanico-3d-de-madera-maquina-de-escribir-mecanica-version-clasica-rokr-lk703b-p265	0	1	0	51
marble night city	https://robotoys.eu/wooden-3d-puzzle/stem-lab/marble-night-city-rokr-lga01-p2	0	15	0	20.53
marble night city rokr	https://pl.robotoys.eu/drewniane-puzzle-3d/stem-lab/marble-night-city-rokr-lga01-p2	0	1	0	4
marble parkour	https://es.robotoys.eu/rompecabezas-3d-de-madera/stem-lab/marmol-parkour-rokr-lg501-p42	0	1	0	5
marble parkour	https://fr.robotoys.eu/casse-tete-3d-en-bois/stem-lab/marble-parkour-rokr-lg501-p42	0	1	0	3
marble parkour	https://it.robotoys.eu/puzzle-3d-in-legno/stem-lab/marmo-parkour-rokr-lg501-p42	0	1	0	6
marble parkour rokr	https://es.robotoys.eu/rompecabezas-3d-de-madera/stem-lab/marmol-parkour-rokr-lg501-p42	0	1	0	3
marble parkour rokr	https://fr.robotoys.eu/casse-tete-3d-en-bois/stem-lab/marble-parkour-rokr-lg501-p42	0	1	0	10
marble parkour rokr	https://robotoys.eu/wooden-3d-puzzle/stem-lab/marble-parkour-rokr-lg501-p42	0	2	0	7.5
marble robotics	https://robotoys.eu/wooden-3d-puzzle/stem-lab/marble-night-city-rokr-lga01-p2	0	1	0	21
mass	https://es.robotoys.eu/blog/rokr-tu-entrada-al-mundo-de-la-creatividad-y-el-entretenimiento	0	1	0	2
mc401	https://robotoys.eu/wooden-3d-puzzle/vehicles/grand-prix-car-model-rokr-mc401-p16	0	1	0	8
mc701	https://it.robotoys.eu/puzzle-3d-in-legno/veicoli/puzzle-3d-in-legno-jeep-dellesercito-modello-rokr-mc701-p54	0	1	0	1
mc701	https://pt.robotoys.eu/quebra-cabeca-3d-de-madeira/veiculos/quebra-cabeca-3d-de-madeira-modelo-de-jipe-do-exercito-rokr-mc701-p54	0	1	0	1
mcb02	https://fr.robotoys.eu/casse-tete-3d-en-bois/vehicules/puzzle-mecanique-3d-en-bois-voilier-hippocampe-rokr-mcb02-p212	0	4	0	3
mcb02	https://lv.robotoys.eu/koka-3d-puzle/transportlidzekli/koka-mehaniska-3d-puzle-burulaiva-juras-zirdzins-rokr-mcb02-p212	0	1	0	1
me	https://gr.robotoys.eu/mikroskopika-spitia/magazia-me-miniatoyres/kafe-sto-saimon-rolife-dg109-p64	0	1	0	20
me puedes mostrar una foto de como quedaría	https://robotoys.eu/wooden-3d-puzzle/vehicles/wooden-3d-puzzle-tank-leopard-1-little-story-wot07-p179	0	1	0	42
mecanica espacial	https://es.robotoys.eu/rompecabezas-3d-de-madera/el-universo/rompecabezas-mecanico-3d-de-madera-transbordador-espacial-rokr-lka02-p253	0	1	0	99
mechanical 3d puzzle	https://robotoys.eu/wooden-3d-puzzle/music-boxes/swing-ride-music-box-rokr-ea02-p4	0	3	0	3
mechanical music box magic cello	https://robotoys.eu/wooden-3d-puzzle/music-boxes/music-box-magic-cello-rokr-amk63-p1	0	1	0	7
mechanical music box starry night	https://robotoys.eu/wooden-3d-puzzle/music-boxes/music-box-starry-night-rokr-amk51-p11	0	1	0	8
mechanical owl clock	https://robotoys.eu/wooden-3d-puzzle/clocks-calendars/clock-owl-rokr-lk503-p6	0	1	0	10
mechanical swing	https://robotoys.eu/wooden-3d-puzzle/music-boxes/swing-ride-music-box-rokr-ea02-p4	0	1	0	1
mechanical toy	https://se.robotoys.eu/marken	0	1	0	49
mechaniczne pianino	https://pl.robotoys.eu/drewniane-puzzle-3d/instrumenty-muzyczne/magiczne-pianino-rokr-amk81-p70	0	38	0	9.87
mechanikus kakukkos óra	https://hu.robotoys.eu/fabol-keszult-3d-puzzle/orak-naptarak/fa-mechanikus-3d-kirako-kakukkos-ora-rokr-lc901c-p198	0	4	0	1.25
mechanische puzzle	https://de.robotoys.eu/3d-puzzle-aus-holz/stem-lab/mechanisches-3d-puzzle-aus-holz-klassischer-drucker-rokr-lk602-p90	0	2	0	8.5
medidas de la caja	https://es.robotoys.eu/casas-en-miniatura/habitaciones-en-miniatura/biblioteca-de-estudio-de-sam-rolife-dg102-p86	0	1	0	4
medines 3d deliones	https://lt.robotoys.eu/medine-3d-delione	0	4	0	1
medines deliones 3d	https://lt.robotoys.eu/medine-3d-delione	0	3	0	1.33
mehaaniline klaver	https://ee.robotoys.eu/puidust-3d-pusle/muusikariistad/maagiline-klaver-rokr-amk81-p70	0	4	0	1.25
mehhanismi liikuvad osad	https://ee.robotoys.eu/blogi/pange-oma-aju-liikuma-3d-puidust-mehaaniliste-pusledega	0	9	0	9.78
mekanisk ingeniørkunst	https://dk.robotoys.eu/trae-3d-puslespil/stem-lab/traemekanisk-3d-puslespil-mekanisk-skrivemaskine-klassisk-version-rokr-lk703b-p265	0	1	0	71
mekanisk ingeniørkunst	https://dk.robotoys.eu/trae-3d-puslespil/vaben/traemekanisk-3d-puslespil-luftvaernskanon-rokr-lqm01-p255	0	1	0	24
mekanisk model af solsystemet	https://dk.robotoys.eu/trae-3d-puslespil/universet/solar-system-rokr-st001-p71	0	5	0	5.2
meloodia kaunistus	https://ee.robotoys.eu/puidust-3d-pusle/muusikakastid/puidust-mehaaniline-3d-pusle-ilusate-unistuste-sumfoonia-rokr-amk63m-p211	0	1	0	30
mennyibe kerül?	https://hu.robotoys.eu/fabol-keszult-3d-puzzle/jarmuvek/grand-prix-automodell-rokr-mc401-p16	0	1	0	2
mennyit ér	https://hu.robotoys.eu/blog/the-story-of-the-famous-tower-bridge-how-to-bring-london-to-your-home	0	1	0	1
mesterlövész	https://hu.robotoys.eu/fabol-keszult-3d-puzzle/fegyverek	0	1	0	1
mesterlövész	https://hu.robotoys.eu/fabol-keszult-3d-puzzle/fegyverek/ak-47-rifle-rokr-lq901-p67	0	1	0	3
mida kinkida naisele	https://ee.robotoys.eu/blogi/7-vastupandamatut-kingiideed-naistele	0	1	0	28
miller's garden	https://de.robotoys.eu/miniaturhauser/miniaturraume/mr-millers-garden-rolife-dg108-p23	0	1	0	2
miller's garden	https://robotoys.eu/miniature-houses/miniature-rooms/mr-millers-garden-rolife-dg108-p23	0	7	0	11.29
miller's garden	https://se.robotoys.eu/miniatyrhus/miniatyrrum/mr-millers-tradgard-rolife-dg108-p23	0	1	0	1
miller's garden diy miniature house	https://robotoys.eu/miniature-houses/miniature-rooms/mr-millers-garden-rolife-dg108-p23	0	1	0	9
miller's garden rolife	https://it.robotoys.eu/case-in-miniatura/camere-in-miniatura/il-giardino-di-mr-miller-rolife-dg108-p23	0	1	0	5
miller's garden rolife	https://pl.robotoys.eu/miniaturowe-domki/miniaturowe-pokoje/ogrod-pana-millera-rolife-dg108-p23	0	1	0	2
miller's garden rolife	https://robotoys.eu/miniature-houses/miniature-rooms/mr-millers-garden-rolife-dg108-p23	0	9	0	4.22
millerio	https://lt.robotoys.eu/miniatiuriniai-namai/miniatiuriniai-kambariai/pono-millerio-sodas-rolife-dg108-p23	0	1	0	6
millers garden	https://de.robotoys.eu/miniaturhauser/miniaturraume/mr-millers-garden-rolife-dg108-p23	0	1	0	7
millers garden	https://es.robotoys.eu/casas-en-miniatura/habitaciones-en-miniatura/mr-millers-garden-rolife-dg108-p23	0	1	0	2
millers garden	https://nl.robotoys.eu/miniatuur-huizen/miniatuurkamers/mr-millers-garden-rolife-dg108-p23	0	1	0	6
millers garden	https://pt.robotoys.eu/casas-em-miniatura/quartos-em-miniatura/jardim-do-sr-miller-rolife-dg108-p23	0	2	0	8
milline on parim koht, kust leida kunstiteoseid, mis sobivad kingituseks?	https://ee.robotoys.eu/blogi/parim-kingitus-talle-ajaloo-puudutusega-originaal	0	2	0	10
minature house	https://dk.robotoys.eu/miniaturehuse	0	1	0	5
minature house	https://robotoys.eu/miniature-houses/miniature-rooms	0	1	0	11
mini cabana	https://ro.robotoys.eu/puzzle-3d-din-lemn/arhitectura/puzzle-3d-din-lemn-mini-cabana-de-munte-cu-cadru-in-a-rolife-dg181-p227	0	1	0	1
mini case da costruire	https://it.robotoys.eu/case-in-miniatura	0	5	0	8.6
mini casette	https://it.robotoys.eu/case-in-miniatura	0	1	0	13
mini chalet	https://it.robotoys.eu/puzzle-3d-in-legno/architettura/puzzle-3d-in-legno-mini-chalet-di-montagna-a-forma-di-a-rolife-dg181-p227	0	1	0	4
mini domek	https://pl.robotoys.eu/miniaturowe-domki	0	1	0	47
mini domek	https://pl.robotoys.eu/najpopularniejsze-domy-miniaturowe	0	1	0	64
mini domeček	https://cz.robotoys.eu/miniaturni-domky-200-az-299ks	0	1	0	13
mini hot rod	https://robotoys.eu/wooden-3d-puzzle/vehicles/wooden-3d-puzzle-hot-rod-eco-wood-art-p231	0	1	0	8
mini házak	https://hu.robotoys.eu/a-legolcsobb-mini-hazak	0	8	0	10.5
mini libreria	https://it.robotoys.eu/case-in-miniatura/angolo-dei-libri	0	1	0	49
mini negozio	https://it.robotoys.eu/case-in-miniatura/negozi-in-miniatura	0	2	0	9.5
mini pistolet	https://pl.robotoys.eu/drewniane-puzzle-3d/bronie/drewniana-mechaniczna-ukladanka-3d-mini-pistolet-rokr-lq502-p147	0	11	0	1
mini pisztoly	https://hu.robotoys.eu/fabol-keszult-3d-puzzle/fegyverek/fabol-keszult-mechanikus-3d-puzzle-mini-pisztoly-rokr-lq502-p147	0	1	0	12
mini room	https://robotoys.eu/miniature-houses/miniature-rooms	0	3	0	10.33
mini room build your	https://robotoys.eu/miniature-houses/miniature-rooms	0	2	0	9
mini room building kit	https://robotoys.eu/miniature-houses/miniature-rooms	0	1	0	6
mini room kit	https://robotoys.eu/miniature-houses/miniature-rooms	0	1	0	16
mini room kits	https://robotoys.eu/miniature-houses/miniature-rooms	0	3	0	13.33
mini room set	https://robotoys.eu/miniature-houses/miniature-rooms	0	2	0	7
mini room story room	https://robotoys.eu/miniature-houses/miniature-rooms	0	1	0	13
mini rooms	https://robotoys.eu/miniature-houses/miniature-rooms	0	8	0	8.88
mini rooms to build	https://robotoys.eu/miniature-houses/miniature-rooms	0	4	0	8
mini stanze	https://it.robotoys.eu/case-in-miniatura/camere-in-miniatura	0	4	0	11
mini vehicle 3d wood puzzle	https://robotoys.eu/wooden-3d-puzzle/vehicles	0	4	0	4.25
miniatur	https://hu.robotoys.eu/miniatur-hazak	0	1	0	9
miniatur	https://hu.robotoys.eu/miniatur-hazak/miniatur-uzletek	0	2	0	6.5
miniatura	https://lv.robotoys.eu/letakas-miniaturas-majas	0	1	0	5
miniatura	https://lv.robotoys.eu/miniaturas-majas/miniaturas-istabas	0	14	0	4.79
miniatura biblioteca	https://it.robotoys.eu/case-in-miniatura/camere-in-miniatura/biblioteca-studio-di-sam-rolife-dg102-p86	0	1	0	1
miniatura case	https://it.robotoys.eu/case-in-miniatura	0	1	0	5
miniatura case	https://it.robotoys.eu/case-in-miniatura/camere-in-miniatura	0	1	0	3
miniatura de	https://es.robotoys.eu/casas-en-miniatura-dificultad-alta	0	1	0	11
miniatura de bateria musical	https://pt.robotoys.eu/quebra-cabeca-3d-de-madeira/instrumentos-musicais/bateria-rolife-tg409-p81	0	1	0	5
miniatura de biblioteca	https://pt.robotoys.eu/casas-em-miniatura/quartos-em-miniatura/biblioteca-de-estudo-de-sam-rolife-dg102-p86	0	1	0	2
miniatura de casa	https://pt.robotoys.eu/casas-em-miniatura	0	1	0	9
miniatura libreria	https://es.robotoys.eu/casas-en-miniatura/habitaciones-en-miniatura/biblioteca-de-estudio-de-sam-rolife-dg102-p86	0	4	0	2
miniatura libreria	https://it.robotoys.eu/case-in-miniatura/angolo-dei-libri	0	6	0	9
miniatura libreria	https://it.robotoys.eu/case-in-miniatura/camere-in-miniatura/biblioteca-studio-di-sam-rolife-dg102-p86	0	2	0	3
miniatura maja	https://lv.robotoys.eu/miniaturas-majas/miniaturie-veikali/miniatura-maja-restorans-tipsy-rolife-dg167-p209	0	1	0	5
miniaturas	https://lv.robotoys.eu/miniaturas-majas	0	2	0	7
miniaturas	https://lv.robotoys.eu/miniaturas-majas/miniaturas-istabas	0	4	0	4.75
miniaturas casa	https://pt.robotoys.eu/casas-em-miniatura-100-a-149-unid	0	2	0	6
miniaturas casa de muñecas	https://es.robotoys.eu/casas-en-miniatura/tiendas-de-miniaturas	0	2	0	35.5
miniaturas casas	https://pt.robotoys.eu/casas-em-miniatura	0	2	0	4.5
miniaturas casas	https://pt.robotoys.eu/casas-em-miniatura/lojas-de-miniaturas	0	1	0	9
miniaturas casas	https://pt.robotoys.eu/casas-em-miniatura/lojas-de-miniaturas/casa-em-miniatura-loja-de-cha-de-alice-rolife-dg156-p61	0	2	0	7
miniaturas casas	https://pt.robotoys.eu/casas-em-miniatura/lojas-de-miniaturas/loja-de-bruxas-kiki-rolife-dg155-p31	0	1	0	1
miniaturas de casas	https://pt.robotoys.eu/casas-em-miniatura	0	1	0	6
miniaturas para casas de muñecas	https://es.robotoys.eu/casas-en-miniatura/tiendas-de-miniaturas	0	3	0	21.33
miniaturas para montar	https://es.robotoys.eu/casas-en-miniatura/tiendas-de-miniaturas	0	1	0	26
miniature	https://dk.robotoys.eu/miniaturehuse/miniature-vaerelser/mr-millers-garden-rolife-dg108-p23	0	1	0	1
miniature byggesæt	https://dk.robotoys.eu/blog/hvad-du-skal-vide-for-du-bygger-miniaturehuse	0	1	0	40
miniature byggesæt	https://dk.robotoys.eu/miniaturehuse	0	14	0	8.86
miniature cafe	https://fr.robotoys.eu/maisons-miniatures/boutiques-miniatures/cafe-a-simon-rolife-dg109-p64	0	2	0	15
miniature casa	https://it.robotoys.eu/case-in-miniatura	0	2	0	6
miniature case	https://it.robotoys.eu/case-in-miniatura	0	3	0	8.67
miniature casette in legno	https://it.robotoys.eu/case-in-miniatura	0	1	0	10
miniature da costruire	https://it.robotoys.eu/case-in-miniatura	0	1	0	20
miniature da costruire	https://it.robotoys.eu/case-in-miniatura/camere-in-miniatura	0	1	0	12
miniature drivhus	https://dk.robotoys.eu/miniaturehuse/miniature-vaerelser/fru-cathys-drivhus-rolife-dg104-p28	0	2	0	1
miniature dukkehus	https://dk.robotoys.eu/miniaturehuse	0	2	0	59
miniature garden house	https://robotoys.eu/miniature-houses/books-nook/holiday-garden-house-rolife-tgb06-p78	0	1	0	8
miniature house	https://dk.robotoys.eu/miniaturehuse	0	2	0	11.5
miniature house	https://robotoys.eu/miniature-houses/miniature-rooms	0	8	0	11.25
miniature house kits for adults	https://robotoys.eu/miniature-houses/miniature-rooms	0	1	0	30
miniature hus	https://dk.robotoys.eu/miniature-huse-til-salg	0	4	0	11.25
miniature hus	https://dk.robotoys.eu/miniaturehuse	0	3	0	8.33
miniature huse	https://dk.robotoys.eu/miniature-huse-til-salg	0	9	0	18.78
miniature huse	https://dk.robotoys.eu/miniaturehuse	0	28	0	2.14
miniature huse	https://dk.robotoys.eu/salg-af-miniaturehuse	0	16	0	8.94
miniature huse byg selv	https://dk.robotoys.eu/blog/hvad-du-skal-vide-for-du-bygger-miniaturehuse	0	6	0	11.67
miniature huse byg selv	https://dk.robotoys.eu/miniaturehuse	0	8	0	9.88
miniature libreria	https://it.robotoys.eu/case-in-miniatura/angolo-dei-libri	0	2	0	10.5
miniature libreria	https://it.robotoys.eu/case-in-miniatura/camere-in-miniatura/biblioteca-studio-di-sam-rolife-dg102-p86	0	1	0	2
miniature møbler	https://dk.robotoys.eu/miniaturehuse	0	1	0	71
miniature restaurant	https://fr.robotoys.eu/maisons-miniatures/boutiques-miniatures/maison-miniature-restaurant-tipsy-rolife-dg167-p209	0	1	0	25
miniature room	https://robotoys.eu/miniature-houses/miniature-rooms	0	7	0	8
miniature room building kits	https://robotoys.eu/miniature-houses/miniature-rooms	0	1	0	6
miniature room kit	https://robotoys.eu/miniature-houses/miniature-rooms	0	1	0	9
miniature room kits	https://robotoys.eu/miniature-houses/miniature-rooms	0	3	0	10
miniature rooms	https://robotoys.eu/miniature-houses/miniature-rooms	0	1	0	1
miniature studio room	https://robotoys.eu/miniature-houses/miniature-rooms	0	1	0	9
miniature wooden puzzles	https://robotoys.eu/	0	1	0	11
miniaturen winkel	https://nl.robotoys.eu/miniatuur-huizen/miniatuur-winkels/heksenwinkel-kiki-rolife-dg155-p31	0	8	0	69.38
miniaturen winkels	https://nl.robotoys.eu/miniatuur-huizen/miniatuur-winkels	0	9	0	38.33
miniaturhaus holz	https://de.robotoys.eu/miniaturhauser	0	1	0	38
miniaturhäuser	https://de.robotoys.eu/miniaturhauser	0	3	0	19.33
miniaturhäuser	https://de.robotoys.eu/miniaturhauser-150-bis-199-stuck	0	4	0	7.5
miniaturhäuser	https://de.robotoys.eu/miniaturhauser/miniaturraume	0	1	0	22
miniaturni	https://cz.robotoys.eu/nejprodavanejsi-miniaturni-domky	0	3	0	9.33
miniaturní	https://cz.robotoys.eu/miniaturni-domky-150-az-199ks	0	1	0	9
miniaturní	https://cz.robotoys.eu/nejprodavanejsi-miniaturni-domky	0	4	0	8.75
miniaturní domečky	https://cz.robotoys.eu/miniaturni-domecky/miniaturni-obchody/kvetinarstvi-emily-rolife-dg145-p25	0	19	0	2.95
miniaturní domečky	https://cz.robotoys.eu/miniaturni-domecky/miniaturni-obchody/miniaturni-domek-restaurace-tipsy-rolife-dg167-p209	0	19	0	2.95
miniaturní domečky	https://cz.robotoys.eu/miniaturni-domecky/miniaturni-pokoje	0	1	0	12
miniaturní domečky	https://cz.robotoys.eu/nejprodavanejsi-miniaturni-domky	0	3	0	4
miniaturowe domki	https://pl.robotoys.eu/miniaturowe-domki	0	1	0	9
miniaturowe domki	https://pl.robotoys.eu/miniaturowe-domki-od-100-do-149-szt	0	1	0	16
miniaturowe domki	https://pl.robotoys.eu/miniaturowe-domki-od-150-do-199-szt	0	2	0	10
miniaturowy dom	https://pl.robotoys.eu/domki-miniaturowe-czas-montazu-powyzej-5-godzin	0	1	0	10
miniaturowy dom	https://pl.robotoys.eu/miniaturowe-domki	0	3	0	9.33
miniaturowy dom	https://pl.robotoys.eu/miniaturowe-domki/miniaturowe-pokoje/miniaturowy-dom-poddasze-dory-rolife-dg12-p91	0	4	0	1.75
miniaturowy domek	https://pl.robotoys.eu/miniaturowe-domki/miniaturowe-pokoje/ogrod-pana-millera-rolife-dg108-p23	0	10	0	5.8
miniaturu maja	https://lv.robotoys.eu/popularakas-miniaturas-majas	0	2	0	10.5
miniaturu maja	https://lv.robotoys.eu/vislabak-pardotas-miniaturas-majas	0	1	0	11
miniatuur	https://nl.robotoys.eu/miniatuur-huizen/miniatuur-winkels/heksenwinkel-kiki-rolife-dg155-p31	0	13	0	22.92
miniatuur kas	https://nl.robotoys.eu/miniatuur-huizen/miniatuurkamers/de-kas-van-mevrouw-cathy-rolife-dg104-p28	0	12	0	1
miniatuur winkel	https://nl.robotoys.eu/miniatuur-huizen/miniatuur-winkels/heksenwinkel-kiki-rolife-dg155-p31	0	40	0	13.25
miniatuur winkels	https://nl.robotoys.eu/miniatuur-huizen/miniatuur-winkels	0	11	0	8.45
miniatuur winkeltje	https://nl.robotoys.eu/miniatuur-huizen/miniatuur-winkels	0	14	0	17.29
miniatuurhuis	https://nl.robotoys.eu/miniatuur-huizen/miniatuurkamers/miniatuurhuis-magische-school-rolife-dg166-p163	0	1	0	9
miniatuurhuis	https://nl.robotoys.eu/miniatuur-huizen/miniatuurkamers/mr-millers-garden-rolife-dg108-p23	0	3	0	8.67
miniatuurhuisjes	https://nl.robotoys.eu/miniatuurhuisjes-150-tot-199-st	0	1	0	10
miniatuurhuisjes	https://nl.robotoys.eu/miniatuurhuisjes-montagetijd-binnen-1-tot-3-uur	0	4	0	5.75
miniatuurne	https://ee.robotoys.eu/miniatuursed-majad	0	5	0	2.8
miniatuurne	https://ee.robotoys.eu/miniatuursed-majad/miniatuursed-poed/lillepood-emily-rolife-dg145-p25	0	2	0	1.5
miniatuurne	https://ee.robotoys.eu/miniatuursete-majade-muuk	0	1	0	6
miniatyr byggsats	https://se.robotoys.eu/miniatyrhus	0	1	0	30
miniatyr hus	https://se.robotoys.eu/miniatyrhus	0	33	0	10.48
miniatyr hus	https://se.robotoys.eu/miniatyrhus/miniatyrbutiker/blomsteraffar-emily-rolife-dg145-p25	0	1	0	4
miniatyr hus	https://se.robotoys.eu/miniatyrhus/miniatyrbutiker/haxaffar-kiki-rolife-dg155-p31	0	3	0	4
miniatyr hus byggsats	https://se.robotoys.eu/miniatyrhus	0	6	0	9.33
miniatyr saker	https://se.robotoys.eu/blogg/vad-du-behover-veta-innan-du-bygger-miniatyrhus	0	1	0	5
miniatyrhus	https://se.robotoys.eu/blogg/vad-du-behover-veta-innan-du-bygger-miniatyrhus	0	2	0	17.5
miniatyrhus	https://se.robotoys.eu/miniatyrhus/miniatyrbutiker/haxaffar-kiki-rolife-dg155-p31	0	4	0	1
miniatyrhus byggsats	https://se.robotoys.eu/blogg/vad-du-behover-veta-innan-du-bygger-miniatyrhus	0	1	0	30
miniatyrhus byggsats	https://se.robotoys.eu/miniatyrhus	0	34	0	10.47
miniatyrhus trädgård	https://se.robotoys.eu/miniatyrhus/miniatyrrum/mr-millers-tradgard-rolife-dg108-p23	0	1	0	2
miniatyrlandskap	https://se.robotoys.eu/blogg/vad-du-behover-veta-innan-du-bygger-miniatyrhus	0	2	0	10
miniatür	https://hu.robotoys.eu/miniatur-hazak	0	2	0	10
miniatūra	https://lv.robotoys.eu/letakas-miniaturas-majas	0	1	0	10
miniatūra māja	https://lv.robotoys.eu/letakas-miniaturas-majas	0	4	0	5.75
miniatūra māja	https://lv.robotoys.eu/miniaturas-majas	0	1	0	6
miniatūra māja	https://lv.robotoys.eu/miniaturas-majas-200-lidz-299-gab	0	2	0	9
miniatūra māja	https://lv.robotoys.eu/miniaturas-majas/miniaturie-veikali/miniatura-maja-restorans-tipsy-rolife-dg167-p209	0	3	0	7
miniatūra māja	https://lv.robotoys.eu/vislabak-pardotas-miniaturas-majas	0	3	0	8.33
miniatūras	https://lv.robotoys.eu/miniaturas-majas	0	3	0	3
miniatūras	https://lv.robotoys.eu/miniaturas-majas/miniaturas-istabas	0	8	0	4.25
miniatūras mājas	https://lv.robotoys.eu/letakas-miniaturas-majas	0	1	0	5
miniatūras mājas	https://lv.robotoys.eu/miniaturas-majas	0	1	0	7
miniatūras mājas	https://lv.robotoys.eu/vislabak-pardotas-miniaturas-majas	0	1	0	5
miniatūru māja	https://lv.robotoys.eu/miniaturas-majas	0	3	0	10
miniatūru māja	https://lv.robotoys.eu/miniaturas-majas/miniaturas-istabas	0	1	0	29
miniatūru māja	https://lv.robotoys.eu/miniaturas-majas/miniaturie-veikali/miniatura-maja-alises-tejas-veikals-rolife-dg156-p61	0	1	0	3
miniatūru māja	https://lv.robotoys.eu/popularakas-miniaturas-majas	0	2	0	23.5
miniatūru māja	https://lv.robotoys.eu/vislabak-pardotas-miniaturas-majas	0	3	0	11.67
miniatūru māja cenas	https://lv.robotoys.eu/miniaturas-majas-200-lidz-299-gab	0	1	0	10
miniatűr	https://hu.robotoys.eu/miniatur-hazak	0	5	0	9.4
miniatűr ház makett	https://hu.robotoys.eu/blog/amit-miniatur-hazak-epitese-elott-tudni-kell	0	4	0	8
miniatűr ház makett	https://hu.robotoys.eu/miniatur-hazak	0	6	0	3
miniházak	https://hu.robotoys.eu/a-legolcsobb-mini-hazak	0	9	0	11.56
minimajade müük	https://ee.robotoys.eu/miniatuursete-majade-muuk	0	1	0	10
minipistol	https://se.robotoys.eu/pusseltavling/minipistol-rokr-lq502-147	0	1	0	10
mirror	https://robotoys.eu/wooden-3d-puzzle/the-animals/wooden-3d-puzzle-elephant-little-story-d012-p120	0	1	0	5
mitra thompson giocattolo	https://it.robotoys.eu/puzzle-3d-in-legno/armi/thompson-rokr-lqb01-p74	0	2	0	31.5
mitragliatrice rotante	https://it.robotoys.eu/puzzle-3d-in-legno/armi/puzzle-meccanico-3d-in-legno-mitragliatrice-con-canna-rotante-rokr-lqa01-p218	0	1	0	1
moaz	https://ee.robotoys.eu/puidust-3d-pusle/soidukid/puidust-3d-pusle-maastikuauto-kallur-moaz-75053-eco-wood-art-p235	0	1	0	5
moaz	https://pl.robotoys.eu/drewniane-puzzle-3d/pojazdy/drewniana-ukladanka-3d-wywrotka-ziemna-moaz-75053-eco-wood-art-p235	0	1	0	38
mobili miniatura	https://it.robotoys.eu/case-in-miniatura/camere-in-miniatura	0	2	0	36
model big ben	https://cz.robotoys.eu/drevene-3d-puzzle/architektura/model-big-ben-s-led-osvetlenim-rolife-tg507-p20	0	1	0	1
model gitary	https://pl.robotoys.eu/drewniane-puzzle-3d/instrumenty-muzyczne/model-gitary-elektrycznej-rokr-tg605k-p33	0	3	0	3
model lokomotywy parowej	https://pl.robotoys.eu/drewniane-puzzle-3d/pojazdy/model-lokomotywy-parowej-rokr-mc501-p13	0	4	0	1
model motocykla żużlowego	https://pl.robotoys.eu/drewniane-puzzle-3d/pojazdy/drewniana-ukladanka-3d-motocykl-blue-speedway-little-story-e019b-p239	0	1	0	9
model parowozu	https://pl.robotoys.eu/drewniane-puzzle-3d/pojazdy/model-lokomotywy-parowej-rokr-mc501-p13	0	2	0	1
model sterowca	https://pl.robotoys.eu/drewniane-puzzle-3d/pojazdy/model-sterowca-rolife-tg407-p22	0	2	0	5
model tank story	https://de.robotoys.eu/3d-puzzle-aus-holz/fahrzeuge/holz-3d-puzzle-tank-tortoise-little-story-wot08-p180	0	1	0	2
model tank story	https://fr.robotoys.eu/casse-tete-3d-en-bois/vehicules/puzzle-3d-en-bois-tank-leopard-1-little-story-wot07-p179	0	1	0	4
model tank story	https://robotoys.eu/wooden-3d-puzzle/vehicles/wooden-3d-puzzle-tank-leopard-1-little-story-wot07-p179	0	17	0	5.18
model wózka widłowego	https://pl.robotoys.eu/drewniane-puzzle-3d/pojazdy/drewniane-puzzle-3d-model-wozka-widlowego-rokr-tg413k-p48	0	2	0	2
modelado 3d construcción madera	https://es.robotoys.eu/blog/rompecabezas-3d-de-madera-como-elegir-tu-primer-kit-de-construccion-y-que-preparar-para	0	1	0	13
modele do sklejania drewniane	https://pl.robotoys.eu/drewniane-puzzle-3d/pojazdy/drewniane-puzzle-3d-czolg-t-34-85-little-story-wot02-p135	0	10	0	15.4
modell sagrada familia	https://de.robotoys.eu/3d-puzzle-aus-holz/die-architektur/3d-puzzle-aus-holz-sagrada-familia-little-story-e018-p133	0	3	0	7
modelli di barca a vela	https://it.robotoys.eu/puzzle-3d-in-legno/veicoli/modello-di-barca-a-vela-rolife-tg305-p21	0	2	0	51
modellini case	https://it.robotoys.eu/case-in-miniatura	0	2	0	13
modellini di case	https://it.robotoys.eu/case-in-miniatura	0	3	0	9
modellino casa	https://it.robotoys.eu/case-in-miniatura	0	1	0	23
modellino torre eiffel	https://it.robotoys.eu/puzzle-3d-in-legno/architettura/modello-della-torre-eiffel-rolife-tg501-p17	0	2	0	3
modellismo case in miniatura	https://it.robotoys.eu/case-in-miniatura	0	2	0	10.5
modèle big ben	https://fr.robotoys.eu/casse-tete-3d-en-bois/architecture/modele-big-ben-avec-eclairage-led-rolife-tg507-p20	0	2	0	2.5
monokulært dobbeltsyn	https://dk.robotoys.eu/trae-3d-puslespil/universet/monokulaert-teleskop-rokr-st004-p8	0	4	0	16
montaggio puzzle	https://it.robotoys.eu/puzzle-3d-in-legno-tempo-di-montaggio-entro-3-5-ore	0	1	0	42
mose's detective agency	https://robotoys.eu/miniature-houses/miniature-rooms/moses-detective-agency-rolife-dg157-p24	0	1	0	21
moses detective	https://de.robotoys.eu/miniaturhauser/miniaturraume/moses-detektivburo-rolife-dg157-p24	0	1	0	10
moses detective agency	https://de.robotoys.eu/miniaturhauser/miniaturraume/moses-detektivburo-rolife-dg157-p24	0	2	0	3.5
most difficult rokr puzzle	https://robotoys.eu/wooden-3d-puzzle-high-difficulty	0	1	0	11
most expensive birthday	https://robotoys.eu/the-most-expensive-birthday-gifts	0	2	0	1
most expensive birthday gift	https://robotoys.eu/the-most-expensive-birthday-gifts	0	1	0	6
most expensive gift	https://robotoys.eu/the-most-expensive-birthday-gifts	0	3	0	15
most expensive gift for girls	https://robotoys.eu/the-most-expensive-gifts-for-women-and-girls	0	9	0	7.11
most expensive gifts	https://robotoys.eu/the-most-expensive-birthday-gifts	0	1	0	8
most expensive gifts for women	https://robotoys.eu/the-most-expensive-gifts-for-women-and-girls	0	1	0	8
most expensive things for girls	https://robotoys.eu/the-most-expensive-gifts-for-women-and-girls	0	1	0	3
most londyn	https://pl.robotoys.eu/blog/the-story-of-the-famous-tower-bridge-how-to-bring-london-to-your-home	0	1	0	2
most u londonu	https://hr.robotoys.eu/blog/prica-o-poznatom-tower-bridgeu-kako-dovesti-london-u-svoj-dom	0	12	0	10.17
most u londonu tower bridge	https://hr.robotoys.eu/blog/prica-o-poznatom-tower-bridgeu-kako-dovesti-london-u-svoj-dom	0	2	0	12.5
most v londýně	https://cz.robotoys.eu/blog/the-story-of-the-famous-tower-bridge-how-to-bring-london-to-your-home	0	1	0	12
mostarle molino	https://es.robotoys.eu/rompecabezas-3d-de-madera/arquitectura/rompecabezas-mecanico-3d-de-madera-molino-de-viento-eco-wood-art-p154	0	1	0	5
mostarle molino de viento	https://es.robotoys.eu/rompecabezas-3d-de-madera/arquitectura/rompecabezas-mecanico-3d-de-madera-molino-de-viento-eco-wood-art-p154	0	2	0	2.5
mosty w londynie	https://pl.robotoys.eu/blog/the-story-of-the-famous-tower-bridge-how-to-bring-london-to-your-home	0	1	0	11
moto comanche	https://fr.robotoys.eu/casse-tete-3d-en-bois/vehicules/puzzle-3d-en-bois-comanche-motorcycle-little-story-e023-p175	0	1	0	1
moto comanche	https://fr.robotoys.eu/casse-tete-3d-en-bois/vehicules/puzzle-3d-en-bois-moto-comanche-rouge-little-story-e023r-p248	0	1	0	1
moto da corsa blu	https://it.robotoys.eu/puzzle-3d-in-legno/veicoli/puzzle-3d-in-legno-moto-da-corsa-blu-little-story-e019b-p239	0	2	0	1
moto in legno	https://it.robotoys.eu/puzzle-3d-in-legno/veicoli/puzzle-3d-in-legno-moto-da-speedway-little-story-e019-p171	0	1	0	12
motor puzzle	https://robotoys.eu/wooden-3d-puzzle/vehicles	0	1	0	5
motorcycle	https://gr.robotoys.eu/ksylino-trisdiastato-pazl/oxhmata/motorcycle-cruiser-rokr-lk504-p12	0	2	0	73
motorcycle puzzle	https://robotoys.eu/wooden-3d-puzzle/vehicles/motorcycle-cruiser-rokr-lk504-p12	0	1	0	23
motorické dovednosti	https://cz.robotoys.eu/blog/top-5-aktivit-ktere-podporuji-rozvoj-motorickych-schopnosti	0	4	0	18.5
motorické schopnosti	https://cz.robotoys.eu/blog/top-5-aktivit-ktere-podporuji-rozvoj-motorickych-schopnosti	0	1	0	17
motorikus képességek	https://hu.robotoys.eu/blog/a-motoros-kepessegek-fejleszteset-tamogato-top-5-tevekenyseg	0	1	0	31
motorische ontwikkelingen	https://nl.robotoys.eu/blog/top-5-activiteiten-die-de-ontwikkeling-van-motorische-vaardigheden-ondersteunen	0	2	0	29.5
motorische vaardigheden	https://nl.robotoys.eu/blog/top-5-activiteiten-die-de-ontwikkeling-van-motorische-vaardigheden-ondersteunen	0	1	0	12
motoričke sposobnosti	https://hr.robotoys.eu/blog/top-5-aktivnosti-koje-podupiru-razvoj-motorickih-sposobnosti	0	1	0	10
motorkruiser	https://nl.robotoys.eu/houten-3d-puzzel/voertuigen/motorkruiser-rokr-lk504-p12	0	5	0	40.6
motorkruiser verkopen	https://nl.robotoys.eu/houten-3d-puzzel/voertuigen/motorkruiser-rokr-lk504-p12	0	1	0	24
motorola rokr	https://it.robotoys.eu/marche/rokr	0	1	0	11
motorrad puzzle	https://de.robotoys.eu/3d-puzzle-aus-holz/fahrzeuge/3d-puzzle-aus-holz-grand-prix-motorrad-little-story-e021-p173	0	11	0	4.27
moze	https://robotoys.eu/miniature-houses/books-nook/sakura-densya-rolife-tgb01-p29	0	1	0	1
moze	https://robotoys.eu/wooden-3d-puzzle/architecture/wooden-3d-puzzle-sakura-treehouse-rolife-tgs04-p201	0	1	0	5
mr millers	https://es.robotoys.eu/casas-en-miniatura/habitaciones-en-miniatura/mr-millers-garden-rolife-dg108-p23	0	1	0	2
mrs cathy	https://hu.robotoys.eu/miniatur-hazak/miniatur-szobak/mrs-cathy-uveghaza-rolife-dg104-p28	0	2	0	3.5
music box 3d wooden puzzle	https://robotoys.eu/wooden-3d-puzzle/music-boxes	0	1	0	5
music instrument	https://robotoys.eu/wooden-3d-puzzle/musical-instruments	0	1	0	12
muéstrame link de compra	https://es.robotoys.eu/rompecabezas-3d-de-madera/relojes-y-calendarios/reloj-de-pared-romantico-rokr-lc701-p56	0	1	0	13
máquinas de escribir antiguas precios	https://es.robotoys.eu/rompecabezas-3d-de-madera/stem-lab/rompecabezas-mecanico-3d-de-madera-maquina-de-escribir-eco-wood-art-p158	0	1	0	1
música com violoncelo	https://pt.robotoys.eu/quebra-cabeca-3d-de-madeira/caixas-de-musica/violoncelo-magico-de-caixa-de-musica-rokr-amk63-p1	0	2	0	4
nabízíte velkoobchodní spolupráci	https://cz.robotoys.eu/uzitecne-odkazy/o-spolecnosti/velkoobchod	0	3	0	9
nad nią tower bridge	https://pl.robotoys.eu/blog/the-story-of-the-famous-tower-bridge-how-to-bring-london-to-your-home	0	1	0	10
najlepsze sklepy z miniaturami diy w polsce	https://pl.robotoys.eu/konkurs-puzzli/ksiegarnia-w-starej-uliczce-262	0	3	0	5
najlepsze sklepy z miniaturami diy w polsce	https://pl.robotoys.eu/konkurs-puzzli/rozowa-roza-rowood-tw041-111	0	1	0	8
najlepsze sklepy z miniaturami diy w polsce	https://pl.robotoys.eu/miniaturowe-domki/sklepy-z-miniaturami	0	1	0	8
negozi in miniatura	https://it.robotoys.eu/case-in-miniatura	0	2	0	28.5
negozi in miniatura	https://it.robotoys.eu/case-in-miniatura/negozi-in-miniatura/casa-in-miniatura-negozio-di-te-di-alice-rolife-dg156-p61	0	2	0	4.5
negozi in miniatura	https://it.robotoys.eu/case-in-miniatura/negozi-in-miniatura/negozio-di-fiori-emily-rolife-dg145-p25	0	4	0	3.5
negozi in miniatura	https://it.robotoys.eu/case-in-miniatura/negozi-in-miniatura/negozio-di-streghe-kiki-rolife-dg155-p31	0	5	0	3.8
negozio di miniature	https://it.robotoys.eu/case-in-miniatura/negozi-in-miniatura/negozio-di-fiori-emily-rolife-dg145-p25	0	1	0	49
negozio miniature	https://it.robotoys.eu/case-in-miniatura/negozi-in-miniatura/negozio-di-fiori-emily-rolife-dg145-p25	0	1	0	18
nehéz puzzle	https://hu.robotoys.eu/fabol-keszult-3d-s-puzzle-nagy-nehezsegi-fokozat	0	1	0	7
nejlepší blog	https://cz.robotoys.eu/blog/nejlepsi-darek-pro-nej-originalni-s-dotekem-historie	0	1	0	16
nejprodávanější dárky na vánoce	https://cz.robotoys.eu/darky-na-vanoce-v-akci	0	1	0	16
nejprodávanější dárky na vánoce	https://cz.robotoys.eu/napady-na-darky/darky-na-vanoce	0	1	0	18
nejprodávanější dárky na vánoce	https://cz.robotoys.eu/nejprodavanejsi-darky-na-vanoce	0	4	0	6.5
nejprodávanější dárky pro ženy	https://cz.robotoys.eu/nejpopularnejsi-darky-pro-zeny-a-divky	0	3	0	11.67
nejznámější most v londýně	https://cz.robotoys.eu/blog/the-story-of-the-famous-tower-bridge-how-to-bring-london-to-your-home	0	2	0	11
nelk alice	https://ee.robotoys.eu/pusle-voistlus	0	1	0	20
non	https://fr.robotoys.eu/casse-tete-3d-en-bois/stem-lab/puzzle-3d-mecanique-en-bois-imprimante-classique-rokr-lk602-p90	0	1	0	1
nook	https://si.robotoys.eu/miniaturne-hise/knjige-nook	0	5	0	8.6
notre dame 3d puzzle	https://cz.robotoys.eu/drevene-3d-puzzle/architektura/drevene-3d-puzzle-katedrala-notre-dame-little-story-e017-p127	0	1	0	5
notre dame 3d puzzle	https://robotoys.eu/wooden-3d-puzzle/architecture/wooden-3d-puzzle-notre-dame-cathedral-little-story-e017-p127	0	1	0	1
notre dame cathedral 3d puzzle	https://robotoys.eu/wooden-3d-puzzle/architecture/wooden-3d-puzzle-notre-dame-cathedral-little-story-e017-p127	0	2	0	1
notre dame puzzle 3d	https://de.robotoys.eu/3d-puzzle-aus-holz/die-architektur/3d-puzzle-aus-holz-kathedrale-notre-dame-little-story-e017-p127	0	1	0	5
notre dame puzzle 3d	https://es.robotoys.eu/rompecabezas-3d-de-madera/arquitectura/puzzle-3d-de-madera-catedral-de-notre-dame-little-story-e017-p127	0	1	0	1
nápad na vánoční dárek	https://cz.robotoys.eu/blog/skvele-tipy-na-vanocni-darky-ktere-potesi-i-ty-nejnarocnejsi	0	1	0	18
návod	https://robotoys.eu/blog/wooden-3d-puzzles-how-to-choose-your-first-building-kit-and-what-to-prepare-for	0	1	0	1
näita pilte	https://ee.robotoys.eu/puidust-3d-pusle/lilled	0	1	0	1
när byggdes tower bridge	https://se.robotoys.eu/blogg/the-story-of-the-famous-tower-bridge-how-to-bring-london-to-your-home	0	9	0	9.33
něco hezkého pro ženu	https://cz.robotoys.eu/blog/7-neodolatelnych-tipu-na-darky-pro-zenu	0	3	0	10.67
o que oferecer a um homem que tem tudo	https://pt.robotoys.eu/blogue/um-presente-para-o-homem-que-ja-tem-tudo-24-dicas-originais-que-o-vao-surpreender-de-verdade	0	62	0	10.11
o que significa hobbies	https://pt.robotoys.eu/blogue/a-tendencia-do-tiktok-hobby-da-dopamina-o-que-significa-e-por-que-os-quebra-cabecas-sao-uma-otima-opcao	0	1	0	14
obojí	https://robotoys.eu/	0	1	0	5
obojí	https://robotoys.eu/puzzle-competition/space-shuttle-rokr-lka02-253	0	1	0	6
obszar stem	https://pl.robotoys.eu/blog/modele-stem-i-drewniane	0	1	0	11
od jakiego wieku	https://pl.robotoys.eu/drewniane-puzzle-3d/pozytywki/romantyczna-karuzela-rokr-amk62-p77	0	1	0	21
onde comprar igual?	https://pt.robotoys.eu/casas-em-miniatura/quartos-em-miniatura/biblioteca-de-estudo-de-sam-rolife-dg102-p86	0	1	0	26
onderste gedeelte puzzel	https://nl.robotoys.eu/houten-3d-puzzel/voertuigen/luchtballon-rolife-tg406-p84	0	1	0	18
ontstressen	https://nl.robotoys.eu/blog/hoe-zich-te-ontdoen-van-stress-10-effectieve-tips	0	1	0	95
oq dar de presente para mulher	https://pt.robotoys.eu/blogue/7-ideias-de-presentes-irresistiveis-para-mulheres	0	1	0	78
originaalne kingitus	https://ee.robotoys.eu/blogi/5-parimat-sobrapaeva-kingitust-mis-meeldivad-koigile	0	2	0	33
original gave	https://dk.robotoys.eu/blog/5-bedste-valentinsdagsgaver-der-vil-glaede-alle	0	4	0	22.5
original gave	https://dk.robotoys.eu/blog/den-bedste-gave-til-ham-original-med-et-strejf-af-historie	0	2	0	36.5
original toys 3d	https://robotoys.eu/wooden-3d-puzzle/weapons/wooden-mechanical-3d-puzzle-machine-gun-with-rotating-barrel-rokr-lqa01-p218	0	1	0	11
originales regalos para mujer	https://es.robotoys.eu/blog/7-ideas-de-regalos-irresistibles-para-mujeres	0	1	0	7
origineel mannen cadeau	https://nl.robotoys.eu/blog/een-cadeau-voor-de-man-die-alles-al-heeft-24-originele-tips-die-hem-echt-zullen-verrassen	0	2	0	3
origineels	https://nl.robotoys.eu/blog/wat-is-het-beste-cadeau-voor-hem-origineel-met-een-vleugje-geschiedenis	0	2	0	66.5
originální dárek na valentýna pro muže	https://cz.robotoys.eu/blog/5-nejlepsich-darku-na-valentyna-ktere-potesi-kazdeho	0	2	0	13
orologio a cucu legno	https://it.robotoys.eu/puzzle-3d-in-legno/orologi-calendari/puzzle-meccanico-3d-in-legno-orologio-a-cucu-rokr-lc901c-p198	0	1	0	1
oroszlán 3d	https://hu.robotoys.eu/fabol-keszult-3d-puzzle/az-allatok/fa-3d-puzzle-oroszlan-little-story-d011-p119	0	1	0	1
ouzzle 3d	https://fr.robotoys.eu/casse-tete-3d-en-bois/architecture/puzzle-3d-en-bois-sagrada-familia-little-story-e018-p133	0	1	0	7
ouzzle 3d	https://pl.robotoys.eu/drewniane-puzzle-3d/architektura/drewniane-puzzle-3d-luk-zwyciestwa-little-story-e011-p123	0	2	0	7
owl clock lk503	https://robotoys.eu/wooden-3d-puzzle/clocks-calendars/clock-owl-rokr-lk503-p6	0	1	0	2
ozdoba na polke z ksiazkami	https://pl.robotoys.eu/miniaturowe-domki/kacik-ksiazek	0	7	0	9.57
ozdoby na półkę z książkami	https://pl.robotoys.eu/miniaturowe-domki/kacik-ksiazek	0	2	0	8.5
pagoda	https://es.robotoys.eu/rompecabezas-3d-de-madera/arquitectura/pagoda-de-cinco-pisos-rolife-tgn02-p45	0	50	0	10.58
pagoda	https://pl.robotoys.eu/drewniane-puzzle-3d/architektura/pieciopietrowa-pagoda-rolife-tgn02-p45	0	16	0	7.38
pagoda 3d	https://it.robotoys.eu/puzzle-3d-in-legno/architettura/pagoda-a-cinque-piani-rolife-tgn02-p45	0	1	0	3
pagoda a cinque piani	https://it.robotoys.eu/puzzle-3d-in-legno/architettura/pagoda-a-cinque-piani-rolife-tgn02-p45	0	1	0	5
pagoda paviljon	https://si.robotoys.eu/lesena-3d-sestavljanka/arhitektura/petnadstropna-pagoda-rolife-tgn02-p45	0	3	0	5.67
pagoda paviljon	https://si.robotoys.eu/tekmovanje-v-sestavljanju-sestavljank/hisica-na-drevesu-sakura-rolife-tgs04-201	0	1	0	42
pagofa	https://es.robotoys.eu/rompecabezas-3d-de-madera/arquitectura/pagoda-de-cinco-pisos-rolife-tgn02-p45	0	1	0	13
pangoda	https://es.robotoys.eu/rompecabezas-3d-de-madera/arquitectura/pagoda-de-cinco-pisos-rolife-tgn02-p45	0	2	0	1
panzer puzzle	https://de.robotoys.eu/3d-puzzle-aus-holz/fahrzeuge/3d-puzzle-aus-holz-panzer-amx-13-105-little-story-wot05-p177	0	1	0	2
panzer puzzle	https://de.robotoys.eu/3d-puzzle-aus-holz/fahrzeuge/3d-puzzle-aus-holz-tiger-i-little-story-wot03-p136	0	2	0	2.5
panzer puzzle	https://de.robotoys.eu/3d-puzzle-aus-holz/fahrzeuge/holz-3d-puzzle-panzer-leopard-1-little-story-wot07-p179	0	1	0	4
para o homem que tem tudo	https://pt.robotoys.eu/blogue/um-presente-para-o-homem-que-ja-tem-tudo-24-dicas-originais-que-o-vao-surpreender-de-verdade	0	1	0	10
parasaurus	https://cz.robotoys.eu/drevene-3d-puzzle/zvirata/drevene-3d-puzzle-parasaurus-little-story-d008-p117	0	3	0	1
parasaurus	https://cz.robotoys.eu/soutez-v-puzzle/parasaurus-little-story-d008-117	0	2	0	10.5
parasaurus	https://de.robotoys.eu/3d-puzzle-aus-holz/die-tiere/3d-puzzle-aus-holz-parasaurus-little-story-d008-p117	0	18	0	2.17
parasaurus	https://dk.robotoys.eu/puslespil-konkurrence/parasaurus-little-story-d008-117	0	1	0	8
parasaurus	https://es.robotoys.eu/rompecabezas-3d-de-madera/los-animales/puzzle-3d-de-madera-parasaurus-little-story-d008-p117	0	5	0	1
parasaurus	https://nl.robotoys.eu/houten-3d-puzzel/de-dieren/houten-3d-puzzel-parasaurus-little-story-d008-p117	0	5	0	3
parasaurus	https://ro.robotoys.eu/puzzle-3d-din-lemn/animalele/puzzle-3d-din-lemn-parasaurus-little-story-d008-p117	0	2	0	1
parasaurus	https://robotoys.eu/wooden-3d-puzzle/the-animals/wooden-3d-puzzle-parasaurus-little-story-d008-p117	0	31	0	1.71
parasaurus	https://se.robotoys.eu/3d-pussel-i-tra/djuren/3d-pussel-i-tra-parasaurus-little-story-d008-p117	0	1	0	1
parowóz zabawka	https://pl.robotoys.eu/drewniane-puzzle-3d/pojazdy/model-lokomotywy-parowej-rokr-mc501-p13	0	1	0	34
pazzle 3d	https://fr.robotoys.eu/casse-tete-3d-en-bois/architecture/puzzle-3d-en-bois-arc-de-la-victoire-little-story-e011-p123	0	1	0	6
pazzle 3d	https://fr.robotoys.eu/casse-tete-3d-en-bois/architecture/puzzle-3d-en-bois-sagrada-familia-little-story-e018-p133	0	1	0	6
peluche bourrasque	https://robotoys.eu/wooden-3d-puzzle/vehicles/wooden-3d-puzzle-bat-chatillon-bourrasque-little-story-wot04-p134	0	1	0	13
per i commercianti	https://it.robotoys.eu/i-prodotti-piu-venduti-del-marchio-rolife?page=2	0	1	0	3
pianino mechaniczne	https://pl.robotoys.eu/drewniane-puzzle-3d/instrumenty-muzyczne/magiczne-pianino-rokr-amk81-p70	0	6	0	9.67
piano rokr	https://fr.robotoys.eu/casse-tete-3d-en-bois/instruments-de-musique/piano-magique-rokr-amk81-p70	0	1	0	3
piano rokr	https://robotoys.eu/wooden-3d-puzzle/musical-instruments/magic-piano-rokr-amk81-p70	0	1	0	1
pianoforte di legno	https://it.robotoys.eu/puzzle-3d-in-legno/strumenti-musicali/pianoforte-magico-rokr-amk81-p70	0	1	0	41
piece puzzle 3d	https://robotoys.eu/wooden-3d-puzzle/flowers/wooden-3d-puzzle-evergreen-pine-bonsai-rolife-tg510-p143	0	1	0	33
pinball puzzle	https://ro.robotoys.eu/puzzle-3d-din-lemn/stem-lab/pinball-rokr-eg01-p43	0	1	0	10
pinball rokr	https://cz.robotoys.eu/drevene-3d-puzzle/stem-lab/pinball-rokr-eg01-p43	0	1	0	1
pink lily rowood	https://robotoys.eu/wooden-3d-puzzle/flowers/wooden-3d-puzzle-pink-lily-rowood-tw071-p144	0	1	0	2
pisa torn	https://ee.robotoys.eu/puidust-3d-pusle/arhitektuur/puidust-3d-pusle-pisa-torn-little-story-e009-p114	0	6	0	8.5
pisalni stroj	https://si.robotoys.eu/lesena-3d-sestavljanka/stem-lab/lesena-mehanska-3d-sestavljanka-pisalni-stroj-eco-wood-art-p158	0	3	0	11.33
pistol 3d	https://ro.robotoys.eu/puzzle-3d-din-lemn/arme/puzzle-mecanic-3d-din-lemn-mini-pistol-rokr-lq502-p147	0	1	0	5
pistol din lemn	https://ro.robotoys.eu/puzzle-3d-din-lemn/arme/puzzle-mecanic-3d-din-lemn-mini-pistol-rokr-lq502-p147	0	1	0	2
pistola de madeira	https://pt.robotoys.eu/quebra-cabeca-3d-de-madeira/armas	0	2	0	8
pistola madera	https://es.robotoys.eu/rompecabezas-3d-de-madera/armas	0	1	0	8
pistolet 3d	https://pl.robotoys.eu/drewniane-puzzle-3d/bronie/drewniana-mechaniczna-ukladanka-3d-mini-pistolet-rokr-lq502-p147	0	1	0	5
pistolet drewniany	https://pl.robotoys.eu/drewniane-puzzle-3d/bronie	0	1	0	37
pistolet drewniany	https://pl.robotoys.eu/drewniane-puzzle-3d/bronie/thompson-rokr-lqb01-p74	0	1	0	25
pistolet puzzle 3d	https://pl.robotoys.eu/drewniane-puzzle-3d/bronie/drewniana-mechaniczna-ukladanka-3d-mini-pistolet-rokr-lq502-p147	0	1	0	4
pistolet puzzle 3d	https://pl.robotoys.eu/drewniane-puzzle-3d/bronie/thompson-rokr-lqb01-p74	0	1	0	1
pizzle 3d	https://fr.robotoys.eu/casse-tete-3d-en-bois/architecture/puzzle-3d-en-bois-arc-de-la-victoire-little-story-e011-p123	0	8	0	5.12
pizzle 3d	https://fr.robotoys.eu/casse-tete-3d-en-bois/architecture/puzzle-3d-en-bois-sagrada-familia-little-story-e018-p133	0	11	0	5.18
pizzle 3d	https://pl.robotoys.eu/drewniane-puzzle-3d/architektura/drewniane-puzzle-3d-luk-zwyciestwa-little-story-e011-p123	0	12	0	3.25
pladespiller	https://dk.robotoys.eu/trae-3d-puslespil/musikdaser/elektrisk-pladespiller-rokr-lkb01d-p68	0	3	0	40
planning to paint	https://robotoys.eu/wooden-3d-puzzle/architecture/five-story-pagoda-rolife-tgn02-p45	0	1	0	3
plaukta ieliktnis	https://lv.robotoys.eu/miniaturas-majas/gramatas-nook/gramatu-plaukta-ieliktnis-arkades-iepazisanas-rolife-tgb10-p148	0	1	0	26
plaukta ieliktnis	https://lv.robotoys.eu/miniaturas-majas/gramatas-nook/gramatu-plaukta-ieliktnis-celojums-uz-brinumzemi-rolife-tgb12-p165	0	1	0	8
plaukta ieliktnis	https://lv.robotoys.eu/miniaturas-majas/gramatas-nook/gramatu-plaukta-ieliktnis-ielas-aina-rolife-tgb13-p256	0	1	0	17
plaukta ieliktnis	https://lv.robotoys.eu/miniaturas-majas/gramatas-nook/gramatu-plaukta-ieliktnis-library-of-wonders-rolife-tgb16-p226	0	1	0	34
plaukta ieliktnis	https://lv.robotoys.eu/miniaturas-majas/gramatas-nook/gramatu-plaukta-ieliktnis-romantic-venice-rolife-tgb08-p107	0	1	0	1
plaukta ieliktnis	https://lv.robotoys.eu/miniaturas-majas/gramatas-nook/gramatu-plaukta-ieliktnis-ziedu-sturitis-rolife-tgb09-p108	0	1	0	2
pluzzles 3 d	https://es.robotoys.eu/rompecabezas-3d-de-madera/arquitectura/puzzle-3d-de-madera-sagrada-familia-little-story-e018-p133	0	5	0	7.2
podul din londra	https://ro.robotoys.eu/blog/povestea-celebrului-tower-bridge-cum-sa-aduci-londra-acasa	0	5	0	10.4
podul londrei	https://ro.robotoys.eu/blog/povestea-celebrului-tower-bridge-cum-sa-aduci-londra-acasa	0	3	0	14.67
podul reginei londra	https://ro.robotoys.eu/blog/povestea-celebrului-tower-bridge-cum-sa-aduci-londra-acasa	0	1	0	9
pokazi mi sliku toga	https://si.robotoys.eu/lesena-3d-sestavljanka/stem-lab	0	1	0	12
pokaż	https://pl.robotoys.eu/drewniane-puzzle-3d/kwiaty/drewniana-ukladanka-3d-zloty-slonecznik-rowood-th002-p193	0	1	0	1
pokaži slike	https://si.robotoys.eu/	0	1	0	5
pokaži slike	https://si.robotoys.eu/lesena-3d-sestavljanka/glasbene-skrinjice/glasbena-skrinjica-swing-ride-rokr-ea02-p4	0	1	0	6
poklon za muskarca koji ima sve	https://hr.robotoys.eu/blog/poklon-za-muskarca-koji-vec-ima-sve-24-originalna-savjeta-koji-ce-ga-zaista-iznenaditi	0	6	0	13.5
poleć fajne zestawy drewnianych puzzli 3d dla początkujących.	https://pl.robotoys.eu/blog/drewniane-puzzle-3d-jak-wybrac-swoj-pierwszy-zestaw-do-budowania-i-na-co-sie-przygotowac	0	5	0	3.4
policijski auto crtež	https://hr.robotoys.eu/drvena-3d-slagalica/vozila/drvena-3d-slagalica-policijski-auto-eco-wood-art-p214	0	1	0	7
pomysły na prezenty dla chłopców	https://pl.robotoys.eu/najnowsze-prezenty-dla-mezczyzn-i-chlopcow	0	2	0	24.5
pont bleu londres	https://fr.robotoys.eu/blog/lhistoire-du-celebre-tower-bridge-comment-amener-londres-chez-vous	0	1	0	19
pont celebre londres	https://fr.robotoys.eu/blog/lhistoire-du-celebre-tower-bridge-comment-amener-londres-chez-vous	0	1	0	11
pont london bridge	https://fr.robotoys.eu/blog/lhistoire-du-celebre-tower-bridge-comment-amener-londres-chez-vous	0	2	0	10.5
ponte em londres	https://pt.robotoys.eu/blogue/a-historia-da-famosa-tower-bridge-como-levar-londres-para-a-sua-casa	0	1	0	13
ponte em londres famosa	https://pt.robotoys.eu/blogue/a-historia-da-famosa-tower-bridge-como-levar-londres-para-a-sua-casa	0	6	0	12
ponte famosa de londres	https://pt.robotoys.eu/blogue/a-historia-da-famosa-tower-bridge-como-levar-londres-para-a-sua-casa	0	1	0	2
ponte famosa em londres	https://pt.robotoys.eu/blogue/a-historia-da-famosa-tower-bridge-como-levar-londres-para-a-sua-casa	0	3	0	16.33
ponte famosa londres	https://pt.robotoys.eu/blogue/a-historia-da-famosa-tower-bridge-como-levar-londres-para-a-sua-casa	0	3	0	11.67
ponte famoso di londra	https://it.robotoys.eu/blog/the-story-of-the-famous-tower-bridge-how-to-bring-london-to-your-home	0	1	0	17
ponte londres	https://pt.robotoys.eu/blogue/a-historia-da-famosa-tower-bridge-como-levar-londres-para-a-sua-casa	0	1	0	2
ponte que abre em londres	https://pt.robotoys.eu/blogue/a-historia-da-famosa-tower-bridge-como-levar-londres-para-a-sua-casa	0	2	0	12.5
ponte tower bridge	https://it.robotoys.eu/blog/the-story-of-the-famous-tower-bridge-how-to-bring-london-to-your-home	0	1	0	2
ponte tower bridge	https://pt.robotoys.eu/blogue/a-historia-da-famosa-tower-bridge-como-levar-londres-para-a-sua-casa	0	1	0	11
poze	https://ro.robotoys.eu/puzzle-3d-din-lemn/arme/puzzle-mecanic-3d-din-lemn-mini-pistol-rokr-lq502-p147	0	1	0	4
pozytywka mechaniczna	https://pl.robotoys.eu/drewniane-puzzle-3d/pozytywki/pozytywka-magiczna-wiolonczela-rokr-amk63-p1	0	2	0	6
precio	https://es.robotoys.eu/rompecabezas-3d-de-madera/instrumentos-musicales/bateria-rolife-tg409-p81	0	1	0	5
preis	https://de.robotoys.eu/3d-puzzle-aus-holz/die-architektur/3d-puzzle-aus-holz-sakura-baumhaus-rolife-tgs04-p201	0	1	0	16
preis für	https://de.robotoys.eu/3d-puzzle-aus-holz/spieluhren/spieluhr-zaubercello-rokr-amk63-p1	0	1	0	8
present för honom	https://se.robotoys.eu/present-ideer/presenter-till-honom	0	10	0	9.7
present till honom tips	https://se.robotoys.eu/blogg/en-present-till-mannen-som-redan-har-allt-24-originella-tips-som-verkligen-kommer-att-overraska-honom	0	1	0	25
present till man som har allt	https://se.robotoys.eu/blogg/en-present-till-mannen-som-redan-har-allt-24-originella-tips-som-verkligen-kommer-att-overraska-honom	0	1	0	25
presente original para homem	https://pt.robotoys.eu/blogue/um-presente-para-o-homem-que-ja-tem-tudo-24-dicas-originais-que-o-vao-surpreender-de-verdade	0	3	0	2
presente que toda mulher gosta	https://pt.robotoys.eu/blogue/7-ideias-de-presentes-irresistiveis-para-mulheres	0	1	0	73
presentes que as mulheres gostam	https://pt.robotoys.eu/blogue/7-ideias-de-presentes-irresistiveis-para-mulheres	0	1	0	55
prezent dla fana architektury	https://pl.robotoys.eu/blog/prezent-dla-mezczyzny-ktory-ma-juz-wszystko-24-oryginalne-porady-ktore-naprawde-go-zaskocza	0	1	0	23
prezent dla mężczyzny który wszystko ma	https://pl.robotoys.eu/blog/prezent-dla-mezczyzny-ktory-ma-juz-wszystko-24-oryginalne-porady-ktore-naprawde-go-zaskocza	0	1	0	21
prezenty ﻿dla chłopców	https://pl.robotoys.eu/najnowsze-prezenty-dla-mezczyzn-i-chlopcow	0	1	0	21
prezzo	https://it.robotoys.eu/case-in-miniatura/negozi-in-miniatura/caffe-a-simone-rolife-dg109-p64	0	1	0	17
prezzo	https://it.robotoys.eu/puzzle-3d-in-legno/gli-animali/puzzle-3d-in-legno-stegosaurus-little-story-d010-p118	0	1	0	18
prezzo	https://it.robotoys.eu/puzzle-3d-in-legno/veicoli/puzzle-meccanico-3d-in-legno-trattore-eco-wood-art-p233	0	1	0	17
prezzo migliore	https://it.robotoys.eu/case-in-miniatura/angolo-dei-libri/sakura-densya-rolife-tgb01-p29	0	1	0	4
preço	https://pt.robotoys.eu/quebra-cabeca-3d-de-madeira/arquitetura/quebra-cabeca-3d-de-madeira-catedral-de-notre-dame-little-story-e017-p127	0	1	0	5
preço	https://robotoys.eu/brands/rowood	0	1	0	3
price	https://robotoys.eu/wooden-3d-puzzle/musical-instruments/wooden-3d-puzzle-cello-rolife-tg411-p85	0	1	0	29
prijs	https://nl.robotoys.eu/houten-3d-puzzel/wapens	0	1	0	3
prijs en verkooppunten	https://nl.robotoys.eu/verkoop-van-3d-houten-puzzels	0	1	0	22
prisen ?	https://dk.robotoys.eu/trae-3d-puslespil/koretojer/trae-3d-puslespil-comanche-motorcykel-little-story-e023-p175	0	1	0	10
prisen ?	https://dk.robotoys.eu/trae-3d-puslespil/koretojer/trae-3d-puslespil-gra-comanche-motorcykel-little-story-e023g-p247	0	1	0	16
prisen ?	https://dk.robotoys.eu/trae-3d-puslespil/koretojer/traemekanisk-3d-puslespil-cruiser-motorcykel-eco-wood-art-p150	0	1	0	13
pro něj	https://cz.robotoys.eu/blog/nejlepsi-darek-pro-nej-originalni-s-dotekem-historie	0	1	0	14
prodaja daril	https://si.robotoys.eu/prodaja-daril-za-dekoracijo?page=2	0	2	0	7.5
puente famoso de londres	https://es.robotoys.eu/blog/the-story-of-the-famous-tower-bridge-how-to-bring-london-to-your-home	0	1	0	27
puentes famosos en londres	https://es.robotoys.eu/blog/the-story-of-the-famous-tower-bridge-how-to-bring-london-to-your-home	0	1	0	13
puezle 3d	https://fr.robotoys.eu/casse-tete-3d-en-bois/architecture/puzzle-3d-en-bois-arc-de-la-victoire-little-story-e011-p123	0	5	0	4.6
puezle 3d	https://fr.robotoys.eu/casse-tete-3d-en-bois/architecture/puzzle-3d-en-bois-sagrada-familia-little-story-e018-p133	0	4	0	5
puidust pusle	https://ee.robotoys.eu/puidust-3d-pusle	0	4	0	7.75
puidust pusled	https://ee.robotoys.eu/puidust-3d-pusle	0	1	0	7
pulze 3d	https://fr.robotoys.eu/casse-tete-3d-en-bois/architecture/puzzle-3d-en-bois-arc-de-la-victoire-little-story-e011-p123	0	3	0	3.67
pulze 3d	https://fr.robotoys.eu/casse-tete-3d-en-bois/architecture/puzzle-3d-en-bois-sagrada-familia-little-story-e018-p133	0	3	0	3.67
puska	https://hu.robotoys.eu/fabol-keszult-3d-puzzle/fegyverek	0	1	0	1
puska	https://hu.robotoys.eu/fabol-keszult-3d-puzzle/fegyverek/ak-47-rifle-rokr-lq901-p67	0	1	0	3
puska	https://robotoys.eu/	0	1	0	7
puska	https://robotoys.eu/wooden-3d-puzzle/weapons	0	1	0	8
pusle 3d	https://fr.robotoys.eu/casse-tete-3d-en-bois/architecture/puzzle-3d-en-bois-arc-de-la-victoire-little-story-e011-p123	0	1	0	3
pusle 3d	https://fr.robotoys.eu/casse-tete-3d-en-bois/architecture/puzzle-3d-en-bois-sagrada-familia-little-story-e018-p133	0	1	0	3
puslede müük	https://ee.robotoys.eu/3d-puidust-puslede-muuk	0	4	0	11.75
puslede müük	https://ee.robotoys.eu/3d-puidust-puslede-muuk?page=3	0	1	0	31
puslespil 3d	https://dk.robotoys.eu/trae-3d-puslespil/arkitektur/trae-3d-puslespil-notre-dame-cathedral-little-story-e017-p127	0	4	0	2.75
puspiekabe	https://lv.robotoys.eu/koka-3d-puzle/transportlidzekli/koka-3d-puzle-cisterna-puspiekabe-kravas-automasinai-road-king-eco-wood-art-p155	0	1	0	34
pussel 3d	https://se.robotoys.eu/3d-pussel-i-tra/arkitektur/3d-pussel-i-tra-sagrada-familia-little-story-e018-p133	0	28	0	6.71
pussel 3d	https://se.robotoys.eu/3d-pussel-i-tra/arkitektur/tra-3d-pussel-victory-arch-little-story-e011-p123	0	7	0	19
pussel eiffeltornet	https://se.robotoys.eu/3d-pussel-i-tra/arkitektur/modell-av-eiffeltornet-rolife-tg501-p17	0	2	0	8.5
pussel i trä	https://se.robotoys.eu/3d-pussel-i-tra	0	1	0	11
pussel i trä	https://se.robotoys.eu/3d-pussel-i-tra/arkitektur/tra-3d-pussel-victory-arch-little-story-e011-p123	0	1	0	24
pussel lejon	https://se.robotoys.eu/3d-pussel-i-tra/djuren/tra-3d-pussel-lejon-little-story-d011-p119	0	1	0	12
pussel trä	https://se.robotoys.eu/3d-pussel-i-tra	0	4	0	13.5
pussel trä vuxen	https://se.robotoys.eu/3d-pussel-i-tra	0	6	0	16.67
puzle 3 d	https://fr.robotoys.eu/casse-tete-3d-en-bois/architecture/puzzle-3d-en-bois-sagrada-familia-little-story-e018-p133	0	1	0	2
puzle 3 d	https://pl.robotoys.eu/drewniane-puzzle-3d/architektura/drewniane-puzzle-3d-luk-zwyciestwa-little-story-e011-p123	0	10	0	3.5
puzle 3d	https://fr.robotoys.eu/casse-tete-3d-en-bois/architecture/puzzle-3d-en-bois-arc-de-la-victoire-little-story-e011-p123	0	4	0	5.75
puzle 3d	https://fr.robotoys.eu/casse-tete-3d-en-bois/architecture/puzzle-3d-en-bois-sagrada-familia-little-story-e018-p133	0	13	0	6.38
puzle 3d	https://pl.robotoys.eu/drewniane-puzzle-3d/architektura/drewniane-puzzle-3d-luk-zwyciestwa-little-story-e011-p123	0	82	0	3.83
puzle 3d madera	https://es.robotoys.eu/rompecabezas-3d-de-madera/arquitectura/puzzle-3d-de-madera-sagrada-familia-little-story-e018-p133	0	3	0	2.33
puzles 3d	https://es.robotoys.eu/rompecabezas-3d-de-madera/arquitectura/puzzle-3d-de-madera-sagrada-familia-little-story-e018-p133	0	2	0	6
puzles en 3d	https://es.robotoys.eu/rompecabezas-3d-de-madera/arquitectura/puzzle-3d-de-madera-sagrada-familia-little-story-e018-p133	0	2	0	4
puzlle 3d	https://fr.robotoys.eu/casse-tete-3d-en-bois/architecture/puzzle-3d-en-bois-arc-de-la-victoire-little-story-e011-p123	0	3	0	3.67
puzlle 3d	https://fr.robotoys.eu/casse-tete-3d-en-bois/architecture/puzzle-3d-en-bois-sagrada-familia-little-story-e018-p133	0	5	0	3.8
puzlle 3d	https://pl.robotoys.eu/drewniane-puzzle-3d/architektura/drewniane-puzzle-3d-luk-zwyciestwa-little-story-e011-p123	0	1	0	3
puzz 3d notre dame	https://es.robotoys.eu/rompecabezas-3d-de-madera/arquitectura/puzzle-3d-de-madera-catedral-de-notre-dame-little-story-e017-p127	0	2	0	11
puzze 3d	https://fr.robotoys.eu/casse-tete-3d-en-bois/architecture/puzzle-3d-en-bois-arc-de-la-victoire-little-story-e011-p123	0	2	0	3.5
puzze 3d	https://fr.robotoys.eu/casse-tete-3d-en-bois/architecture/puzzle-3d-en-bois-sagrada-familia-little-story-e018-p133	0	2	0	3.5
puzzel 3 d	https://fr.robotoys.eu/casse-tete-3d-en-bois/architecture/puzzle-3d-en-bois-arc-de-la-victoire-little-story-e011-p123	0	4	0	4.75
puzzel 3 d	https://fr.robotoys.eu/casse-tete-3d-en-bois/architecture/puzzle-3d-en-bois-sagrada-familia-little-story-e018-p133	0	5	0	5.6
puzzel 3d	https://nl.robotoys.eu/houten-3d-puzzel/architectuur/houten-3d-puzzel-sagrada-familia-little-story-e018-p133	0	21	0	15.76
puzzel cadeau voor gezinnen actie	https://nl.robotoys.eu/blog/een-ideaal-cadeau-voor-kinderen-dat-creativiteit-en-geduld-ontwikkelt	0	3	0	29.67
puzzel plakken op hout	https://nl.robotoys.eu/blog/10-gereedschappen-die-je-nodig-hebt-bij-het-samenstellen-van-een-houten-3d-puzzel	0	1	0	31
puzzel vrachtwagen	https://nl.robotoys.eu/houten-3d-puzzel/voertuigen/houten-3d-puzzel-vrachtwagen-little-story-d004-p168	0	4	0	7.75
puzzelen als bijverdienste	https://nl.robotoys.eu/blog/puzzels-bouwen-de-beste-activiteit-voor-gepensioneerden	0	3	0	11.67
puzzels 3d	https://nl.robotoys.eu/houten-3d-puzzel/architectuur/houten-3d-puzzel-sagrada-familia-little-story-e018-p133	0	19	0	8.74
puzzelwedstrijd zeeland	https://nl.robotoys.eu/puzzelwedstrijd/vissersboot-model-rolife-tg308-38	0	1	0	86
puzzl 3d	https://fr.robotoys.eu/casse-tete-3d-en-bois/architecture/puzzle-3d-en-bois-arc-de-la-victoire-little-story-e011-p123	0	3	0	4.33
puzzl 3d	https://fr.robotoys.eu/casse-tete-3d-en-bois/architecture/puzzle-3d-en-bois-sagrada-familia-little-story-e018-p133	0	3	0	4
puzzle	https://fr.robotoys.eu/casse-tete-3d-en-bois/architecture/puzzle-3d-en-bois-arc-de-la-victoire-little-story-e011-p123	0	1	0	3
puzzle	https://pl.robotoys.eu/drewniane-puzzle-3d/architektura/drewniane-puzzle-3d-sagrada-familia-little-story-e018-p133	0	1	0	2
puzzle	https://robotoys.eu/wooden-3d-puzzle/architecture	0	1	0	3
puzzle 20000 dílků	https://cz.robotoys.eu/drevene-3d-puzzle/vozidla/drevene-3d-puzzle-tank-char-b1-little-story-wot06-p178	0	1	0	68
puzzle 3 d	https://fr.robotoys.eu/casse-tete-3d-en-bois/architecture/puzzle-3d-en-bois-sagrada-familia-little-story-e018-p133	0	88	0	4.32
puzzle 3 d	https://pl.robotoys.eu/drewniane-puzzle-3d/architektura/drewniane-puzzle-3d-luk-zwyciestwa-little-story-e011-p123	0	5	0	4.2
puzzle 3 d bois	https://fr.robotoys.eu/casse-tete-3d-en-bois/architecture/puzzle-3d-en-bois-sagrada-familia-little-story-e018-p133	0	1	0	15
puzzle 3 d voiture	https://fr.robotoys.eu/casse-tete-3d-en-bois/vehicules/puzzle-3d-mecanique-en-bois-voiture-de-course-rouge-eco-wood-art-p152	0	2	0	6
puzzle 3d	https://fr.robotoys.eu/casse-tete-3d-en-bois/architecture	0	1	0	1
puzzle 3d	https://fr.robotoys.eu/casse-tete-3d-en-bois/architecture/puzzle-3d-en-bois-cathedrale-notre-dame-little-story-e017-p127	0	29	0	20.79
puzzle 3d	https://hu.robotoys.eu/fabol-keszult-3d-puzzle	0	1	0	10
puzzle 3d	https://it.robotoys.eu/blog/storia-dei-puzzle-in-legno-3d-dalle-origini-al-presente	0	33	0	8.88
puzzle 3d	https://it.robotoys.eu/puzzle-3d-in-legno/architettura/puzzle-3d-in-legno-arco-della-vittoria-little-story-e011-p123	0	1	0	5
puzzle 3d	https://it.robotoys.eu/puzzle-3d-in-legno/gli-animali/puzzle-3d-in-legno-giraffa-little-story-d013-p121	0	1	0	2
puzzle 3d	https://it.robotoys.eu/puzzle-3d-in-legno/orologi-calendari/puzzle-meccanico-3d-in-legno-orologio-a-cucu-rokr-lc901c-p198	0	1	0	2
puzzle 3d	https://pl.robotoys.eu/drewniane-puzzle-3d/architektura	0	1	0	6
puzzle 3d	https://pl.robotoys.eu/drewniane-puzzle-3d/architektura/drewniane-puzzle-3d-sagrada-familia-little-story-e018-p133	0	3	0	5.33
puzzle 3d	https://pl.robotoys.eu/drewniane-puzzle-3d/pojazdy/drewniane-mechaniczne-puzzle-3d-dylizans-rokr-amka1-p99	0	1	0	6
puzzle 3d	https://pl.robotoys.eu/drewniane-puzzle-3d/stem-lab/drewniane-mechaniczne-puzzle-3d-klasyczna-drukarka-rokr-lk602-p90	0	2	0	6
puzzle 3d	https://pl.robotoys.eu/drewniane-puzzle-3d/wszechswiat/uklad-sloneczny-rokr-st001-p71	0	1	0	5
puzzle 3d	https://pl.robotoys.eu/drewniane-puzzle-3d/zegary-i-kalendarze/zegar-scienny-zodiac-rokr-lc601-p52	0	1	0	4
puzzle 3d	https://ro.robotoys.eu/blog/puzzle-uri-3d-din-lemn-cum-sa-alegi-primul-tau-kit-de-constructie-si-pentru-ce-sa-te-pregatesti	0	1	0	9
puzzle 3d	https://robotoys.eu/wooden-3d-puzzle/architecture	0	1	0	1
puzzle 3d action	https://fr.robotoys.eu/puzzle-3d-en-bois-en-action	0	36	0	8.83
puzzle 3d adulte difficile	https://fr.robotoys.eu/casse-tete-3d-en-bois/architecture/puzzle-3d-en-bois-sagrada-familia-little-story-e018-p133	0	17	0	2.82
puzzle 3d adulte difficile	https://fr.robotoys.eu/puzzle-3d-en-bois-difficulte-facile	0	4	0	28
puzzle 3d animales	https://es.robotoys.eu/rompecabezas-3d-de-madera/los-animales/puzzle-3d-de-madera-leon-little-story-d011-p119	0	1	0	1
puzzle 3d animali	https://it.robotoys.eu/puzzle-3d-in-legno/gli-animali	0	11	0	5.45
puzzle 3d architektura	https://pl.robotoys.eu/drewniane-puzzle-3d/architektura	0	2	0	2
puzzle 3d auto	https://it.robotoys.eu/puzzle-3d-in-legno/veicoli	0	13	0	5.69
puzzle 3d autobus	https://pl.robotoys.eu/drewniane-puzzle-3d/pojazdy/drewniane-puzzle-3d-londynski-autobus-turystyczny-rolife-tgm02-p106	0	1	0	4
puzzle 3d avion	https://es.robotoys.eu/rompecabezas-3d-de-madera/vehiculos/puzzle-3d-de-madera-avion-little-story-d016-p130	0	4	0	2.75
puzzle 3d bateau	https://fr.robotoys.eu/casse-tete-3d-en-bois/vehicules/puzzle-3d-en-bois-bateau-de-croisiere-rolife-tg306-p87	0	13	0	20.85
puzzle 3d bois	https://fr.robotoys.eu/casse-tete-3d-en-bois/architecture/puzzle-3d-en-bois-colisee-little-story-e016-p126	0	21	0	24
puzzle 3d bois	https://fr.robotoys.eu/casse-tete-3d-en-bois/architecture/puzzle-3d-en-bois-sagrada-familia-little-story-e018-p133	0	48	0	24.73
puzzle 3d bois	https://fr.robotoys.eu/puzzle-3d-en-bois-difficulte-facile	0	1	0	37
puzzle 3d bois	https://fr.robotoys.eu/puzzle-3d-en-bois-en-action	0	8	0	43.25
puzzle 3d bois - action	https://fr.robotoys.eu/puzzle-3d-en-bois-en-action	0	1	0	9
puzzle 3d bois action	https://fr.robotoys.eu/puzzle-3d-en-bois-en-action	0	4	0	6.5
puzzle 3d bois difficile	https://fr.robotoys.eu/puzzle-3d-en-bois-difficulte-facile	0	3	0	12
puzzle 3d bois moto	https://fr.robotoys.eu/casse-tete-3d-en-bois/vehicules/moto-cruiser-rokr-lk504-p12	0	1	0	15
puzzle 3d bois moto	https://fr.robotoys.eu/casse-tete-3d-en-bois/vehicules/puzzle-3d-en-bois-grand-prix-moto-little-story-e021-p173	0	2	0	1.5
puzzle 3d bois moto	https://fr.robotoys.eu/casse-tete-3d-en-bois/vehicules/puzzle-3d-en-bois-moto-grand-prix-rouge-little-story-e021r-p243	0	1	0	12
puzzle 3d bois moto	https://fr.robotoys.eu/casse-tete-3d-en-bois/vehicules/puzzle-3d-en-bois-moto-jaune-grand-prix-little-story-e021y-p244	0	1	0	12
puzzle 3d bois moto	https://fr.robotoys.eu/casse-tete-3d-en-bois/vehicules/puzzle-3d-en-bois-moto-speedway-little-story-e019-p171	0	2	0	1.5
puzzle 3d bois moto	https://fr.robotoys.eu/puzzle-3d-en-bois-en-action	0	2	0	24.5
puzzle 3d bois mécanique	https://fr.robotoys.eu/puzzle-3d-en-bois-difficulte-elevee	0	1	0	12
puzzle 3d bois mécanique	https://fr.robotoys.eu/puzzle-3d-en-bois-temps-de-montage-sous-3-a-5-heures	0	1	0	34
puzzle 3d bois rokr	https://fr.robotoys.eu/puzzle-3d-en-bois-difficulte-elevee	0	1	0	16
puzzle 3d bonsai	https://pl.robotoys.eu/drewniane-puzzle-3d/kwiaty/drewniana-ukladanka-3d-sakura-bonsai-rolife-tg415-p142	0	1	0	11
puzzle 3d budowle	https://pl.robotoys.eu/drewniane-puzzle-3d/architektura	0	1	0	29
puzzle 3d cars	https://es.robotoys.eu/rompecabezas-3d-de-madera/vehiculos	0	1	0	55
puzzle 3d cars	https://it.robotoys.eu/puzzle-3d-in-legno/veicoli	0	2	0	7
puzzle 3d cars	https://pl.robotoys.eu/drewniane-puzzle-3d/pojazdy/drewniana-mechaniczna-ukladanka-3d-zolty-samochod-wyscigowy-eco-wood-art-p151	0	1	0	19
puzzle 3d coche	https://es.robotoys.eu/rompecabezas-3d-de-madera/vehiculos	0	1	0	12
puzzle 3d coches	https://es.robotoys.eu/rompecabezas-3d-de-madera/vehiculos	0	2	0	11.5
puzzle 3d colisée	https://fr.robotoys.eu/casse-tete-3d-en-bois/architecture/puzzle-3d-en-bois-colisee-little-story-e016-p126	0	1	0	1
puzzle 3d colosseo	https://it.robotoys.eu/puzzle-3d-in-legno/architettura/puzzle-3d-in-legno-colosseo-little-story-e016-p126	0	3	0	7.67
puzzle 3d czołg	https://pl.robotoys.eu/drewniane-puzzle-3d/pojazdy/drewniane-puzzle-3d-czolg-t-34-85-little-story-wot02-p135	0	1	0	5
puzzle 3d de madera	https://es.robotoys.eu/rompecabezas-3d-de-madera-mejor-valorado	0	1	0	18
puzzle 3d de madera	https://es.robotoys.eu/rompecabezas-3d-de-madera/arquitectura	0	1	0	19
puzzle 3d de madera	https://es.robotoys.eu/rompecabezas-3d-de-madera/arquitectura/puzzle-3d-de-madera-sagrada-familia-little-story-e018-p133	0	9	0	3.33
puzzle 3d difficile	https://fr.robotoys.eu/puzzle-3d-en-bois-difficulte-facile	0	7	0	12.14
puzzle 3d dla dorosłych	https://pl.robotoys.eu/drewniane-puzzle-3d/architektura/drewniane-puzzle-3d-katedra-notre-dame-little-story-e017-p127	0	3	0	11.33
puzzle 3d dla dorosłych	https://pl.robotoys.eu/drewniane-puzzle-3d/architektura/drewniane-puzzle-3d-sagrada-familia-little-story-e018-p133	0	131	0	3.77
puzzle 3d drewniane	https://pl.robotoys.eu/drewniane-puzzle-3d	0	6	0	11
puzzle 3d drewniane	https://pl.robotoys.eu/drewniane-puzzle-3d-mniej-niz-100-szt	0	1	0	38
puzzle 3d drewniane	https://pl.robotoys.eu/drewniane-puzzle-3d/architektura	0	5	0	15.4
puzzle 3d drewniane	https://pl.robotoys.eu/drewniane-puzzle-3d/architektura/drewniane-puzzle-3d-sagrada-familia-little-story-e018-p133	0	31	0	3.42
puzzle 3d drewniane	https://pl.robotoys.eu/drewniane-puzzle-3d/stem-lab/drewniane-mechaniczne-puzzle-3d-klasyczna-drukarka-rokr-lk602-p90	0	2	0	11
puzzle 3d drewniane dla dorosłych	https://pl.robotoys.eu/drewniane-puzzle-3d/architektura/drewniane-puzzle-3d-sagrada-familia-little-story-e018-p133	0	6	0	2.67
puzzle 3d edificios	https://es.robotoys.eu/rompecabezas-3d-de-madera/arquitectura	0	5	0	9.2
puzzle 3d educa stegosaurus	https://it.robotoys.eu/puzzle-3d-in-legno/gli-animali/puzzle-3d-in-legno-stegosaurus-little-story-d010-p118	0	1	0	3
puzzle 3d en bois	https://fr.robotoys.eu/casse-tete-3d-en-bois/architecture/puzzle-3d-en-bois-colisee-little-story-e016-p126	0	16	0	29.88
puzzle 3d en bois	https://fr.robotoys.eu/casse-tete-3d-en-bois/architecture/puzzle-3d-en-bois-sagrada-familia-little-story-e018-p133	0	46	0	12.37
puzzle 3d en bois	https://fr.robotoys.eu/puzzle-3d-en-bois-en-action	0	1	0	36
puzzle 3d en bois rokr dream gift factory	https://pl.robotoys.eu/drewniane-puzzle-3d/stem-lab/drewniana-mechaniczna-ukladanka-3d-fabryka-prezentow-marzen-rokr-eab01-p202	0	1	0	3
puzzle 3d fiori	https://it.robotoys.eu/puzzle-3d-in-legno/fiori	0	4	0	4
puzzle 3d flores	https://es.robotoys.eu/rompecabezas-3d-de-madera/flores	0	4	0	4.25
puzzle 3d flores	https://robotoys.eu/wooden-3d-puzzle/flowers	0	1	0	8
puzzle 3d giapponese	https://it.robotoys.eu/blog/storia-dei-puzzle-in-legno-3d-dalle-origini-al-presente	0	1	0	9
puzzle 3d giapponese	https://it.robotoys.eu/puzzle-3d-in-legno/architettura/pagoda-a-cinque-piani-rolife-tgn02-p45	0	6	0	6
puzzle 3d globus	https://pl.robotoys.eu/drewniane-puzzle-3d/wszechswiat/swiecacy-globus-rokr-st003-p3	0	6	0	5.17
puzzle 3d holz	https://de.robotoys.eu/3d-puzzle-aus-holz/die-architektur/3d-puzzle-aus-holz-colosseum-little-story-e016-p126	0	1	0	21
puzzle 3d holz	https://de.robotoys.eu/3d-puzzle-aus-holz/die-architektur/3d-puzzle-aus-holz-sagrada-familia-little-story-e018-p133	0	6	0	4.5
puzzle 3d illuminati	https://it.robotoys.eu/puzzle-3d-in-legno/architettura/torre-eiffel-illuminata-rolife-tgl01-p73	0	1	0	24
puzzle 3d in legno	https://it.robotoys.eu/blog/storia-dei-puzzle-in-legno-3d-dalle-origini-al-presente	0	6	0	10.33
puzzle 3d in legno	https://it.robotoys.eu/puzzle-3d-in-legno	0	1	0	55
puzzle 3d in legno	https://it.robotoys.eu/puzzle-3d-in-legno-piu-di-300-pezzi	0	2	0	24.5
puzzle 3d in legno	https://it.robotoys.eu/puzzle-3d-in-legno/architettura/puzzle-3d-in-legno-sagrada-familia-little-story-e018-p133	0	18	0	3.5
puzzle 3d in legno per adulti	https://it.robotoys.eu/puzzle-3d-in-legno-piu-di-300-pezzi	0	1	0	25
puzzle 3d japonais	https://fr.robotoys.eu/casse-tete-3d-en-bois/vehicules/puzzle-3d-en-bois-navire-diplomatique-japonais-rolife-tg307-p199	0	1	0	12
puzzle 3d japonia	https://pl.robotoys.eu/drewniane-puzzle-3d/architektura/pieciopietrowa-pagoda-rolife-tgn02-p45	0	3	0	4.33
puzzle 3d katedra notre dame	https://pl.robotoys.eu/drewniane-puzzle-3d/architektura/drewniane-puzzle-3d-katedra-notre-dame-little-story-e017-p127	0	6	0	1.17
puzzle 3d koloseum	https://pl.robotoys.eu/drewniane-puzzle-3d/architektura/drewniane-puzzle-3d-koloseum-little-story-e016-p126	0	2	0	4.5
puzzle 3d krzywa wieża w pizie	https://pl.robotoys.eu/drewniane-puzzle-3d/architektura/drewniane-puzzle-3d-krzywa-wieza-w-pizie-little-story-e009-p114	0	2	0	10.5
puzzle 3d kwiaty	https://pl.robotoys.eu/drewniane-puzzle-3d/kwiaty	0	2	0	2.5
puzzle 3d legno	https://it.robotoys.eu/blog/storia-dei-puzzle-in-legno-3d-dalle-origini-al-presente	0	10	0	10
puzzle 3d legno	https://it.robotoys.eu/puzzle-3d-in-legno-piu-di-300-pezzi	0	4	0	26.75
puzzle 3d legno	https://it.robotoys.eu/puzzle-3d-in-legno/architettura/puzzle-3d-in-legno-colosseo-little-story-e016-p126	0	4	0	11.25
puzzle 3d legno	https://it.robotoys.eu/puzzle-3d-in-legno/architettura/puzzle-3d-in-legno-sagrada-familia-little-story-e018-p133	0	91	0	3.33
puzzle 3d legno	https://it.robotoys.eu/puzzle-3d-in-legno/luniverso/globo-luminoso-rokr-st003-p3	0	1	0	4
puzzle 3d legno	https://it.robotoys.eu/puzzle-3d-in-legno/veicoli/puzzle-3d-in-legno-locomotiva-little-story-e012-p124	0	1	0	2
puzzle 3d legno adulti	https://it.robotoys.eu/puzzle-3d-in-legno/architettura/puzzle-3d-in-legno-colosseo-little-story-e016-p126	0	1	0	1
puzzle 3d legno adulti	https://it.robotoys.eu/puzzle-3d-in-legno/architettura/puzzle-3d-in-legno-sagrada-familia-little-story-e018-p133	0	5	0	2.2
puzzle 3d lemn	https://ro.robotoys.eu/puzzle-3d-din-lemn/arhitectura/puzzle-3d-din-lemn-arcul-victoriei-little-story-e011-p123	0	18	0	4.78
puzzle 3d libreria	https://it.robotoys.eu/puzzle-3d-in-legno/architettura/puzzle-3d-in-legno-libreria-in-un-vecchio-vicolo-p262	0	2	0	11
puzzle 3d lokomotywa	https://pl.robotoys.eu/drewniane-puzzle-3d/pojazdy/drewniane-puzzle-3d-lokomotywa-little-story-e012-p124	0	5	0	6
puzzle 3d lokomotywa	https://pl.robotoys.eu/drewniane-puzzle-3d/pojazdy/lokomotywa-rokr-lk701-p7	0	1	0	10
puzzle 3d londyn	https://pl.robotoys.eu/drewniane-puzzle-3d/pojazdy/drewniane-puzzle-3d-londynski-autobus-turystyczny-rolife-tgm02-p106	0	3	0	25
puzzle 3d macchine	https://it.robotoys.eu/puzzle-3d-in-legno/veicoli	0	4	0	4.5
puzzle 3d madeira	https://pt.robotoys.eu/quebra-cabeca-3d-de-madeira/arquitetura/quebra-cabeca-3d-de-madeira-arco-da-vitoria-little-story-e011-p123	0	1	0	1
puzzle 3d madeira	https://pt.robotoys.eu/quebra-cabeca-3d-de-madeira/arquitetura/quebra-cabeca-3d-de-madeira-sagrada-familia-little-story-e018-p133	0	16	0	3.19
puzzle 3d madera	https://es.robotoys.eu/rompecabezas-3d-de-madera-mejor-valorado	0	1	0	29
puzzle 3d madera	https://es.robotoys.eu/rompecabezas-3d-de-madera/arquitectura	0	1	0	3
puzzle 3d mecanic	https://es.robotoys.eu/rompecabezas-3d-de-madera/cajas-de-musica/tocadiscos-electrico-rokr-lkb01d-p68	0	1	0	5
puzzle 3d meccanici	https://it.robotoys.eu/blog/metti-in-movimento-il-tuo-cervello-con-i-puzzle-meccanici-in-legno-3d	0	9	0	8.33
puzzle 3d monumenti	https://it.robotoys.eu/puzzle-3d-in-legno/architettura	0	1	0	21
puzzle 3d monumentos	https://es.robotoys.eu/rompecabezas-3d-de-madera/arquitectura	0	1	0	12
puzzle 3d moto	https://fr.robotoys.eu/casse-tete-3d-en-bois/vehicules/puzzle-3d-en-bois-grand-prix-moto-little-story-e021-p173	0	5	0	2.6
puzzle 3d moto	https://it.robotoys.eu/puzzle-3d-in-legno/veicoli/puzzle-3d-in-legno-moto-da-speedway-little-story-e019-p171	0	2	0	5
puzzle 3d moto	https://it.robotoys.eu/puzzle-3d-in-legno/veicoli/puzzle-meccanico-3d-in-legno-moto-cruiser-eco-wood-art-p150	0	2	0	4.5
puzzle 3d mécanique	https://fr.robotoys.eu/puzzle-3d-en-bois-temps-de-montage-sous-3-a-5-heures	0	2	0	25
puzzle 3d noel	https://fr.robotoys.eu/casse-tete-3d-en-bois/boites-a-musique/puzzle-3d-mecanique-en-bois-sapin-de-noel-melodique-rolife-ams01-p138	0	2	0	1
puzzle 3d notre dame	https://es.robotoys.eu/rompecabezas-3d-de-madera/arquitectura/puzzle-3d-de-madera-catedral-de-notre-dame-little-story-e017-p127	0	3	0	7.67
puzzle 3d notre dame	https://pl.robotoys.eu/drewniane-puzzle-3d/architektura/drewniane-puzzle-3d-katedra-notre-dame-little-story-e017-p127	0	12	0	5.58
puzzle 3d piano	https://es.robotoys.eu/rompecabezas-3d-de-madera/instrumentos-musicales/magic-piano-rokr-amk81-p70	0	1	0	1
puzzle 3d piano	https://robotoys.eu/wooden-3d-puzzle/musical-instruments/magic-piano-rokr-amk81-p70	0	2	0	9
puzzle 3d pociąg	https://pl.robotoys.eu/drewniane-puzzle-3d/pojazdy/drewniane-puzzle-3d-lokomotywa-little-story-e012-p124	0	3	0	1
puzzle 3d pociąg	https://pl.robotoys.eu/drewniane-puzzle-3d/pojazdy/model-lokomotywy-parowej-rokr-mc501-p13	0	2	0	18.5
puzzle 3d ravensburger colosseo	https://it.robotoys.eu/puzzle-3d-in-legno/architettura/puzzle-3d-in-legno-colosseo-little-story-e016-p126	0	1	0	44
puzzle 3d rokr	https://it.robotoys.eu/marche/rokr	0	3	0	2
puzzle 3d rokr	https://it.robotoys.eu/puzzle-3d-in-legno/stem-lab/pinball-rokr-eg01-p43	0	2	0	5
puzzle 3d rokr	https://pl.robotoys.eu/drewniane-puzzle-3d/pozytywki/gramofon-elektryczny-rokr-lkb01d-p68	0	1	0	8
puzzle 3d rokr	https://pl.robotoys.eu/drewniane-puzzle-3d/stem-lab/pinball-rokr-eg01-p43	0	1	0	8
puzzle 3d rokr	https://pl.robotoys.eu/marki/rokr	0	1	0	1
puzzle 3d rolife	https://es.robotoys.eu/marcas/rolife	0	2	0	7.5
puzzle 3d rolife	https://it.robotoys.eu/puzzle-3d-in-legno/architettura/modello-della-torre-eiffel-rolife-tg501-p17	0	2	0	7.5
puzzle 3d rolife	https://pl.robotoys.eu/marki/rolife	0	1	0	3
puzzle 3d rower	https://pl.robotoys.eu/drewniane-puzzle-3d/pojazdy/model-lokomotywy-parowej-rokr-mc501-p13	0	2	0	27.5
puzzle 3d rower	https://pl.robotoys.eu/drewniane-puzzle-3d/stem-lab/drewniane-mechaniczne-puzzle-3d-klasyczna-drukarka-rokr-lk602-p90	0	2	0	5
puzzle 3d rower	https://pl.robotoys.eu/drewniane-puzzle-3d/wszechswiat/uklad-sloneczny-rokr-st001-p71	0	2	0	5
puzzle 3d sagrada familia	https://es.robotoys.eu/rompecabezas-3d-de-madera/arquitectura/puzzle-3d-de-madera-sagrada-familia-little-story-e018-p133	0	13	0	1.46
puzzle 3d sagrada familia	https://fr.robotoys.eu/casse-tete-3d-en-bois/architecture/puzzle-3d-en-bois-sagrada-familia-little-story-e018-p133	0	2	0	3
puzzle 3d sagrada familia	https://it.robotoys.eu/puzzle-3d-in-legno/architettura/puzzle-3d-in-legno-sagrada-familia-little-story-e018-p133	0	3	0	1
puzzle 3d sagrada familia	https://pl.robotoys.eu/drewniane-puzzle-3d/architektura/drewniane-puzzle-3d-sagrada-familia-little-story-e018-p133	0	7	0	1.57
puzzle 3d sagrada familia	https://robotoys.eu/wooden-3d-puzzle/architecture/wooden-3d-puzzle-sagrada-familia-little-story-e018-p133	0	2	0	1
puzzle 3d sagrada familia	https://se.robotoys.eu/3d-pussel-i-tra/arkitektur/3d-pussel-i-tra-sagrada-familia-little-story-e018-p133	0	1	0	1
puzzle 3d sakura	https://it.robotoys.eu/puzzle-3d-in-legno/architettura/puzzle-3d-in-legno-sakura-treehouse-rolife-tgs04-p201	0	1	0	1
puzzle 3d sakura	https://it.robotoys.eu/puzzle-3d-in-legno/fiori/puzzle-3d-in-legno-sakura-bonsai-rolife-tg415-p142	0	1	0	1
puzzle 3d sakura	https://it.robotoys.eu/puzzle-3d-in-legno/fiori/puzzle-3d-in-legno-sakura-rowood-tw101-p195	0	1	0	1
puzzle 3d samolot	https://pl.robotoys.eu/drewniane-puzzle-3d/pojazdy/drewniane-puzzle-3d-samolot-little-story-d016-p130	0	11	0	5.73
puzzle 3d sistema solare	https://it.robotoys.eu/puzzle-3d-in-legno/luniverso/sistema-solare-rokr-st001-p71	0	1	0	1
puzzle 3d torre de pisa	https://es.robotoys.eu/rompecabezas-3d-de-madera/arquitectura/puzzle-3d-de-madera-torre-inclinada-de-pisa-little-story-e009-p114	0	1	0	16
puzzle 3d torre eiffel	https://it.robotoys.eu/puzzle-3d-in-legno/architettura/modello-della-torre-eiffel-rolife-tg501-p17	0	16	0	9.06
puzzle 3d tower bridge	https://es.robotoys.eu/rompecabezas-3d-de-madera/arquitectura/modelo-tower-bridge-con-iluminacion-led-rolife-tg412-p19	0	1	0	1
puzzle 3d tower bridge	https://pl.robotoys.eu/drewniane-puzzle-3d/architektura/model-tower-bridge-z-oswietleniem-led-rolife-tg412-p19	0	2	0	9.5
puzzle 3d układ słoneczny	https://pl.robotoys.eu/drewniane-puzzle-3d/wszechswiat/uklad-sloneczny-rokr-st001-p71	0	4	0	2.5
puzzle 3d voiture	https://fr.robotoys.eu/casse-tete-3d-en-bois/vehicules/puzzle-3d-mecanique-en-bois-voiture-de-course-rouge-eco-wood-art-p152	0	54	0	21.46
puzzle 3d voiture de course	https://fr.robotoys.eu/casse-tete-3d-en-bois/vehicules/puzzle-3d-mecanique-en-bois-voiture-de-course-rouge-eco-wood-art-p152	0	5	0	2
puzzle 3d warszawa	https://pl.robotoys.eu/drewniane-puzzle-3d/pojazdy/drewniane-puzzle-3d-warszawa-m20-little-story-e006-p98	0	5	0	6
puzzle 3d wieza eiffla	https://pl.robotoys.eu/drewniane-puzzle-3d/architektura/podswietlana-wieza-eiffla-rolife-tgl01-p73	0	4	0	2.25
puzzle 3d wieża eiffla	https://pl.robotoys.eu/drewniane-puzzle-3d/architektura/podswietlana-wieza-eiffla-rolife-tgl01-p73	0	1	0	1
puzzle 3d wieża eiffla led	https://pl.robotoys.eu/drewniane-puzzle-3d/architektura/podswietlana-wieza-eiffla-rolife-tgl01-p73	0	1	0	1
puzzle 3d wood	https://it.robotoys.eu/puzzle-3d-in-legno-piu-di-300-pezzi	0	1	0	10
puzzle 3d wood	https://it.robotoys.eu/puzzle-3d-in-legno/architettura/puzzle-3d-in-legno-sagrada-familia-little-story-e018-p133	0	4	0	1
puzzle 3d z drewna	https://pl.robotoys.eu/drewniane-puzzle-3d/architektura	0	1	0	13
puzzle 3d z drewna	https://pl.robotoys.eu/drewniane-puzzle-3d/architektura/drewniane-puzzle-3d-luk-zwyciestwa-little-story-e011-p123	0	3	0	1.33
puzzle 3d z drewna	https://pl.robotoys.eu/drewniane-puzzle-3d/architektura/drewniane-puzzle-3d-sagrada-familia-little-story-e018-p133	0	5	0	2.8
puzzle 3d z drewna	https://pl.robotoys.eu/drewniane-puzzle-3d/stem-lab/drewniane-mechaniczne-puzzle-3d-klasyczna-drukarka-rokr-lk602-p90	0	2	0	1
puzzle 3d zwierzęta	https://pl.robotoys.eu/drewniane-puzzle-3d/zwierzeta	0	5	0	6
puzzle action 3d	https://fr.robotoys.eu/puzzle-3d-en-bois-en-action	0	1	0	9
puzzle aerei	https://it.robotoys.eu/puzzle-3d-in-legno/veicoli/puzzle-3d-in-legno-aereo-little-story-d016-p130	0	2	0	11
puzzle ape	https://it.robotoys.eu/puzzle-3d-in-legno/gli-animali/puzzle-3d-in-legno-ape-little-story-d001-p128	0	1	0	1
puzzle architecture	https://fr.robotoys.eu/casse-tete-3d-en-bois/architecture	0	2	0	2
puzzle architecture	https://robotoys.eu/wooden-3d-puzzle/architecture	0	2	0	16
puzzle architektura	https://pl.robotoys.eu/drewniane-puzzle-3d/architektura	0	7	0	8
puzzle architektura	https://pl.robotoys.eu/drewniane-puzzle-3d/architektura/drewniane-puzzle-3d-luk-zwyciestwa-little-story-e011-p123	0	2	0	8.5
puzzle arquitectura	https://es.robotoys.eu/rompecabezas-3d-de-madera/arquitectura	0	3	0	6
puzzle auta	https://it.robotoys.eu/puzzle-3d-in-legno/veicoli	0	1	0	31
puzzle autobus	https://it.robotoys.eu/puzzle-3d-in-legno/veicoli/puzzle-3d-in-legno-autobus-little-story-d002-p166	0	2	0	4
puzzle avion	https://es.robotoys.eu/rompecabezas-3d-de-madera/vehiculos/puzzle-3d-de-madera-avion-little-story-d016-p130	0	7	0	2.43
puzzle bibliothek	https://de.robotoys.eu/3d-puzzle-aus-holz/die-architektur/3d-puzzle-aus-holz-bibliothek-am-meer-p261	0	1	0	16
puzzle blumenmotiv	https://de.robotoys.eu/3d-puzzle-aus-holz/blumen	0	1	0	25
puzzle bois 3d	https://fr.robotoys.eu/casse-tete-3d-en-bois/architecture/puzzle-3d-en-bois-colisee-little-story-e016-p126	0	5	0	11.4
puzzle bois 3d	https://fr.robotoys.eu/casse-tete-3d-en-bois/architecture/puzzle-3d-en-bois-sagrada-familia-little-story-e018-p133	0	8	0	11.5
puzzle bois action	https://fr.robotoys.eu/puzzle-3d-en-bois-en-action	0	3	0	7.67
puzzle bois pas cher	https://fr.robotoys.eu/puzzle-3d-en-bois-200-a-299-mcx	0	2	0	56
puzzle bois pas cher	https://fr.robotoys.eu/puzzle-3d-en-bois-difficulte-elevee	0	2	0	9
puzzle bois pas cher	https://fr.robotoys.eu/puzzle-3d-en-bois-difficulte-moyenne	0	2	0	48
puzzle bois pas cher	https://fr.robotoys.eu/puzzle-3d-en-bois-temps-de-montage-sous-1-a-3-heures	0	1	0	60
puzzle bonsai	https://robotoys.eu/wooden-3d-puzzle/flowers/wooden-3d-puzzle-evergreen-pine-bonsai-rolife-tg510-p143	0	1	0	10
puzzle bookstore	https://robotoys.eu/wooden-3d-puzzle/architecture/wooden-3d-puzzle-bookstore-in-an-old-alley-p262	0	1	0	12
puzzle brandenburger tor	https://de.robotoys.eu/3d-puzzle-aus-holz/die-architektur/3d-puzzle-aus-holz-brandenburger-tor-little-story-e015-p125	0	3	0	7
puzzle chalet montagne	https://it.robotoys.eu/puzzle-3d-in-legno/architettura/puzzle-3d-in-legno-mini-chalet-di-montagna-a-forma-di-a-rolife-dg181-p227	0	1	0	9
puzzle coche 3d	https://es.robotoys.eu/rompecabezas-3d-de-madera/vehiculos	0	2	0	12
puzzle colosseo 3d	https://it.robotoys.eu/puzzle-3d-in-legno/architettura/puzzle-3d-in-legno-colosseo-little-story-e016-p126	0	2	0	18
puzzle colosseum	https://de.robotoys.eu/3d-puzzle-aus-holz/die-architektur/3d-puzzle-aus-holz-colosseum-little-story-e016-p126	0	2	0	6
puzzle de coches	https://es.robotoys.eu/rompecabezas-3d-de-madera/vehiculos	0	1	0	18
puzzle de flores	https://es.robotoys.eu/rompecabezas-3d-de-madera/flores	0	1	0	15
puzzle de madera 3d	https://es.robotoys.eu/rompecabezas-3d-de-madera/arquitectura/puzzle-3d-de-madera-sagrada-familia-little-story-e018-p133	0	20	0	1.75
puzzle di legno	https://it.robotoys.eu/blog/storia-dei-puzzle-in-legno-3d-dalle-origini-al-presente	0	2	0	8.5
puzzle di legno 3d	https://it.robotoys.eu/blog/storia-dei-puzzle-in-legno-3d-dalle-origini-al-presente	0	2	0	11
puzzle di legno 3d	https://it.robotoys.eu/puzzle-3d-in-legno/architettura/puzzle-3d-in-legno-sagrada-familia-little-story-e018-p133	0	14	0	2.64
puzzle dla dorosłych 3d	https://pl.robotoys.eu/drewniane-puzzle-3d/architektura/drewniane-puzzle-3d-sagrada-familia-little-story-e018-p133	0	4	0	3.25
puzzle drewniane producent	https://pl.robotoys.eu/drewniane-puzzle-3d/architektura	0	1	0	49
puzzle dřevěné	https://cz.robotoys.eu/drevene-3d-puzzle	0	1	0	17
puzzle elefante	https://it.robotoys.eu/puzzle-3d-in-legno/gli-animali/puzzle-3d-in-legno-elefante-little-story-d012-p120	0	2	0	13
puzzle elefanten	https://de.robotoys.eu/3d-puzzle-aus-holz/die-tiere/3d-puzzle-aus-holz-elefant-little-story-d012-p120	0	1	0	27
puzzle en 3d	https://fr.robotoys.eu/casse-tete-3d-en-bois/architecture/puzzle-3d-en-bois-arc-de-la-victoire-little-story-e011-p123	0	97	0	3.08
puzzle en 3d	https://fr.robotoys.eu/casse-tete-3d-en-bois/architecture/puzzle-3d-en-bois-sagrada-familia-little-story-e018-p133	0	119	0	2.95
puzzle en bois action	https://fr.robotoys.eu/puzzle-3d-en-bois-en-action	0	5	0	8.6
puzzle en bois véhicule	https://fr.robotoys.eu/casse-tete-3d-en-bois/vehicules/puzzle-3d-mecanique-en-bois-voiture-retro-eco-wood-art-p157	0	5	0	6.6
puzzle fiat	https://cz.robotoys.eu/drevene-3d-puzzle/vozidla/drevene-3d-puzzle-fiat-125p-little-story-e002-p94	0	1	0	10
puzzle fiat	https://cz.robotoys.eu/soutez-v-puzzle/fiat-125p-little-story-e002-94	0	1	0	11
puzzle fiori	https://it.robotoys.eu/puzzle-3d-in-legno/fiori	0	1	0	18
puzzle flamenco	https://es.robotoys.eu/rompecabezas-3d-de-madera/los-animales/puzzle-3d-de-madera-flamingo-little-story-d007-p116	0	1	0	2
puzzle flamingo	https://robotoys.eu/wooden-3d-puzzle/the-animals/wooden-3d-puzzle-flamingo-little-story-d007-p116	0	2	0	2
puzzle flores	https://es.robotoys.eu/rompecabezas-3d-de-madera/flores	0	1	0	12
puzzle flores 3d	https://es.robotoys.eu/rompecabezas-3d-de-madera/flores	0	5	0	3
puzzle flores 3d	https://robotoys.eu/wooden-3d-puzzle/flowers	0	2	0	10
puzzle flower	https://robotoys.eu/wooden-3d-puzzle/flowers	0	1	0	6
puzzle fából	https://hu.robotoys.eu/fabol-keszult-3d-puzzle	0	3	0	6.67
puzzle gate	https://robotoys.eu/wooden-3d-puzzle/architecture/wooden-3d-puzzle-brandenburg-gate-little-story-e015-p125	0	1	0	2
puzzle giapponese	https://it.robotoys.eu/blog/storia-dei-puzzle-in-legno-3d-dalle-origini-al-presente	0	1	0	10
puzzle giapponesi	https://it.robotoys.eu/blog/storia-dei-puzzle-in-legno-3d-dalle-origini-al-presente	0	1	0	11
puzzle giraffa	https://it.robotoys.eu/puzzle-3d-in-legno/gli-animali/puzzle-3d-in-legno-giraffa-little-story-d013-p121	0	8	0	9.75
puzzle giraffe	https://it.robotoys.eu/puzzle-3d-in-legno/gli-animali/puzzle-3d-in-legno-giraffa-little-story-d013-p121	0	2	0	6.5
puzzle globus	https://pl.robotoys.eu/drewniane-puzzle-3d/wszechswiat/swiecacy-globus-rokr-st003-p3	0	5	0	3
puzzle globus 3d	https://pl.robotoys.eu/drewniane-puzzle-3d/wszechswiat/swiecacy-globus-rokr-st003-p3	0	5	0	3
puzzle guitar	https://it.robotoys.eu/puzzle-3d-in-legno/strumenti-musicali/chitarra-elettrica-modello-rokr-tg605k-p33	0	1	0	5
puzzle helicopter	https://fr.robotoys.eu/casse-tete-3d-en-bois/vehicules/puzzle-3d-en-bois-helicoptere-little-story-d017-p131	0	1	0	3
puzzle helicopter	https://robotoys.eu/wooden-3d-puzzle/vehicles/wooden-3d-puzzle-helicopter-little-story-d017-p131	0	1	0	11
puzzle holz	https://de.robotoys.eu/3d-puzzle-aus-holz/die-architektur/3d-puzzle-aus-holz-colosseum-little-story-e016-p126	0	15	0	12.73
puzzle holz 3d	https://de.robotoys.eu/3d-puzzle-aus-holz/die-architektur/3d-puzzle-aus-holz-colosseum-little-story-e016-p126	0	7	0	7.57
puzzle impresora 3d	https://es.robotoys.eu/rompecabezas-3d-de-madera/stem-lab/puzzle-3d-mecanico-de-madera-impresora-clasica-rokr-lk602-p90	0	3	0	1.67
puzzle in 3d	https://it.robotoys.eu/blog/storia-dei-puzzle-in-legno-3d-dalle-origini-al-presente	0	1	0	9
puzzle in 3d	https://it.robotoys.eu/puzzle-3d-in-legno/architettura/puzzle-3d-in-legno-arco-della-vittoria-little-story-e011-p123	0	68	0	1.88
puzzle in 3d	https://it.robotoys.eu/puzzle-3d-in-legno/architettura/puzzle-3d-in-legno-colosseo-little-story-e016-p126	0	11	0	33.36
puzzle in 3d	https://it.robotoys.eu/puzzle-3d-in-legno/architettura/puzzle-3d-in-legno-sagrada-familia-little-story-e018-p133	0	38	0	16.05
puzzle in legno	https://it.robotoys.eu/blog/storia-dei-puzzle-in-legno-3d-dalle-origini-al-presente	0	3	0	9.33
puzzle in legno 3d	https://it.robotoys.eu/blog/storia-dei-puzzle-in-legno-3d-dalle-origini-al-presente	0	2	0	8.5
puzzle in legno 3d	https://it.robotoys.eu/puzzle-3d-in-legno-piu-di-300-pezzi	0	1	0	24
puzzle in legno 3d	https://it.robotoys.eu/puzzle-3d-in-legno/architettura/puzzle-3d-in-legno-colosseo-little-story-e016-p126	0	6	0	1
puzzle in legno 3d	https://it.robotoys.eu/puzzle-3d-in-legno/architettura/puzzle-3d-in-legno-sagrada-familia-little-story-e018-p133	0	8	0	1.5
puzzle jeep	https://de.robotoys.eu/3d-puzzle-aus-holz/fahrzeuge/holz-3d-puzzle-armee-jeep-little-story-e014-p170	0	1	0	13
puzzle jeep	https://es.robotoys.eu/rompecabezas-3d-de-madera/vehiculos/puzzle-3d-de-madera-jeep-militar-modelo-rokr-mc701-p54	0	1	0	11
puzzle jeep	https://it.robotoys.eu/concorso-di-puzzle/jeep-little-story-d003-167	0	1	0	10
puzzle jirafa tiger	https://es.robotoys.eu/rompecabezas-3d-de-madera/los-animales/puzzle-3d-de-madera-jirafa-little-story-d013-p121	0	1	0	7
puzzle kombajn	https://cz.robotoys.eu/drevene-3d-puzzle/vozidla/drevene-mechanicke-3d-puzzle-kombajn-pro-sber-obili-gh800-eco-wood-art-p160	0	2	0	8.5
puzzle kvetiny	https://cz.robotoys.eu/blog/drevena-kytice-ktera-nikdy-nezvadne-objev-kouzlo-3d-puzzle-kvetin	0	3	0	9.33
puzzle kvetiny	https://cz.robotoys.eu/drevene-3d-puzzle/kvety	0	1	0	11
puzzle květiny	https://cz.robotoys.eu/blog/drevena-kytice-ktera-nikdy-nezvadne-objev-kouzlo-3d-puzzle-kvetin	0	9	0	10.78
puzzle kwiaty 3d	https://pl.robotoys.eu/drewniane-puzzle-3d/kwiaty	0	6	0	2.33
puzzle la sagrada familia	https://fr.robotoys.eu/casse-tete-3d-en-bois/architecture/puzzle-3d-en-bois-sagrada-familia-little-story-e018-p133	0	1	0	4
puzzle la sagrada familia	https://it.robotoys.eu/puzzle-3d-in-legno/architettura/puzzle-3d-in-legno-sagrada-familia-little-story-e018-p133	0	1	0	1
puzzle la sagrada familia	https://nl.robotoys.eu/houten-3d-puzzel/architectuur/houten-3d-puzzel-sagrada-familia-little-story-e018-p133	0	2	0	1
puzzle la sagrada familia	https://pl.robotoys.eu/drewniane-puzzle-3d/architektura/drewniane-puzzle-3d-sagrada-familia-little-story-e018-p133	0	3	0	8
puzzle legno	https://it.robotoys.eu/blog/storia-dei-puzzle-in-legno-3d-dalle-origini-al-presente	0	2	0	8
puzzle legno	https://it.robotoys.eu/puzzle-3d-in-legno	0	9	0	9.67
puzzle legno 3d	https://it.robotoys.eu/blog/storia-dei-puzzle-in-legno-3d-dalle-origini-al-presente	0	4	0	7.75
puzzle legno 3d	https://it.robotoys.eu/puzzle-3d-in-legno	0	1	0	45
puzzle legno 3d	https://it.robotoys.eu/puzzle-3d-in-legno-piu-di-300-pezzi	0	5	0	13.4
puzzle legno 3d	https://it.robotoys.eu/puzzle-3d-in-legno/architettura/puzzle-3d-in-legno-colosseo-little-story-e016-p126	0	1	0	3
puzzle legno 3d	https://it.robotoys.eu/puzzle-3d-in-legno/architettura/puzzle-3d-in-legno-sagrada-familia-little-story-e018-p133	0	14	0	3
puzzle leon	https://es.robotoys.eu/rompecabezas-3d-de-madera/los-animales/puzzle-3d-de-madera-leon-little-story-d011-p119	0	1	0	1
puzzle leone	https://it.robotoys.eu/puzzle-3d-in-legno/gli-animali/puzzle-3d-in-legno-leone-little-story-d011-p119	0	6	0	10.5
puzzle letadlo	https://cz.robotoys.eu/drevene-3d-puzzle/vozidla/drevene-3d-puzzle-letadlo-little-story-d016-p130	0	6	0	3.67
puzzle lokomotiva	https://cz.robotoys.eu/drevene-3d-puzzle/vozidla/drevene-3d-puzzle-lokomotiva-little-story-e012-p124	0	1	0	4
puzzle lokomotywa	https://pl.robotoys.eu/drewniane-puzzle-3d/pojazdy/drewniane-puzzle-3d-lokomotywa-little-story-e012-p124	0	1	0	1
puzzle lokomotywa	https://pl.robotoys.eu/drewniane-puzzle-3d/pojazdy/lokomotywa-rokr-lk701-p7	0	2	0	9
puzzle madeira 3d	https://pt.robotoys.eu/quebra-cabeca-3d-de-madeira/arquitetura/quebra-cabeca-3d-de-madeira-arco-da-vitoria-little-story-e011-p123	0	1	0	2
puzzle madeira 3d	https://pt.robotoys.eu/quebra-cabeca-3d-de-madeira/arquitetura/quebra-cabeca-3d-de-madeira-sagrada-familia-little-story-e018-p133	0	12	0	3.33
puzzle madera 3d	https://es.robotoys.eu/rompecabezas-3d-de-madera/arquitectura	0	1	0	16
puzzle madera 3d	https://es.robotoys.eu/rompecabezas-3d-de-madera/arquitectura/puzzle-3d-de-madera-coliseo-little-story-e016-p126	0	1	0	12
puzzle madera 3d	https://es.robotoys.eu/rompecabezas-3d-de-madera/arquitectura/puzzle-3d-de-madera-sagrada-familia-little-story-e018-p133	0	6	0	1.5
puzzle madera 3d	https://es.robotoys.eu/rompecabezas-3d-de-madera/arquitectura/rompecabezas-mecanico-3d-de-madera-pista-de-marmol-de-londres-rokr-egb01-p264	0	1	0	5
puzzle mappamondo 3d	https://it.robotoys.eu/puzzle-3d-in-legno/luniverso/globo-luminoso-rokr-st003-p3	0	1	0	1
puzzle maquette	https://fr.robotoys.eu/casse-tete-3d-en-bois/vehicules/maquette-dirigeable-rolife-tg407-p22	0	3	0	5.33
puzzle mecanico	https://es.robotoys.eu/rompecabezas-3d-de-madera/stem-lab/puzzle-3d-mecanico-de-madera-impresora-clasica-rokr-lk602-p90	0	5	0	5.4
puzzle meccanico	https://it.robotoys.eu/puzzle-3d-in-legno/stem-lab/puzzle-meccanico-3d-in-legno-fabbrica-dei-regali-dei-sogni-rokr-eab01-p202	0	3	0	5
puzzle meccanico	https://it.robotoys.eu/puzzle-3d-in-legno/stem-lab/puzzle-meccanico-3d-in-legno-macchina-da-scrivere-eco-wood-art-p158	0	4	0	10.75
puzzle mechaniczne	https://pl.robotoys.eu/drewniane-puzzle-3d/stem-lab/drewniane-mechaniczne-puzzle-3d-klasyczna-drukarka-rokr-lk602-p90	0	6	0	7.67
puzzle mechaniczne	https://pl.robotoys.eu/drewniane-puzzle-3d/stem-lab/pinball-rokr-eg01-p43	0	6	0	7.67
puzzle mechaniczne	https://pl.robotoys.eu/drewniane-puzzle-3d/wszechswiat/uklad-sloneczny-rokr-st001-p71	0	3	0	12
puzzle moto	https://fr.robotoys.eu/casse-tete-3d-en-bois/vehicules/puzzle-3d-en-bois-moto-speedway-little-story-e019-p171	0	2	0	6
puzzle moto	https://it.robotoys.eu/puzzle-3d-in-legno/veicoli/puzzle-3d-in-legno-moto-da-speedway-little-story-e019-p171	0	7	0	6.86
puzzle moto 3d	https://fr.robotoys.eu/casse-tete-3d-en-bois/vehicules/puzzle-3d-en-bois-grand-prix-moto-little-story-e021-p173	0	1	0	2
puzzle motor	https://robotoys.eu/wooden-3d-puzzle/vehicles	0	2	0	3.5
puzzle motorcycle	https://robotoys.eu/wooden-3d-puzzle/vehicles/wooden-3d-puzzle-speedway-motorcycle-little-story-e019-p171	0	1	0	24
puzzle motorka	https://cz.robotoys.eu/drevene-3d-puzzle/vozidla/motorka-cruiser-rokr-lk504-p12	0	6	0	3.83
puzzle motorky	https://cz.robotoys.eu/drevene-3d-puzzle/vozidla/drevene-3d-puzzle-motorka-grand-prix-little-story-e021-p173	0	5	0	2.8
puzzle motorky	https://cz.robotoys.eu/drevene-3d-puzzle/vozidla/motorka-cruiser-rokr-lk504-p12	0	5	0	10.6
puzzle motos	https://es.robotoys.eu/rompecabezas-3d-de-madera/vehiculos/puzzle-de-madera-3d-moto-de-carreras-little-story-e019-p171	0	3	0	6.67
puzzle muzyczne	https://pl.robotoys.eu/drewniane-puzzle-3d/instrumenty-muzyczne	0	2	0	11
puzzle mécanique	https://fr.robotoys.eu/puzzle-3d-en-bois-temps-de-montage-sous-3-a-5-heures	0	1	0	34
puzzle notre dame	https://cz.robotoys.eu/drevene-3d-puzzle/architektura/drevene-3d-puzzle-katedrala-notre-dame-little-story-e017-p127	0	2	0	2
puzzle notre dame	https://es.robotoys.eu/rompecabezas-3d-de-madera/arquitectura/puzzle-3d-de-madera-catedral-de-notre-dame-little-story-e017-p127	0	1	0	11
puzzle notre dame	https://hr.robotoys.eu/drvena-3d-slagalica/arhitektura/drvena-3d-puzzle-katedrale-notre-dame-little-story-e017-p127	0	1	0	8
puzzle notre dame	https://pl.robotoys.eu/drewniane-puzzle-3d/architektura/drewniane-puzzle-3d-katedra-notre-dame-little-story-e017-p127	0	1	0	1
puzzle notre dame 3d	https://it.robotoys.eu/puzzle-3d-in-legno/architettura/puzzle-3d-in-legno-cattedrale-di-notre-dame-little-story-e017-p127	0	1	0	1
puzzle piano	https://it.robotoys.eu/puzzle-3d-in-legno/strumenti-musicali/pianoforte-magico-rokr-amk81-p70	0	1	0	8
puzzle przestrzenne	https://pl.robotoys.eu/drewniane-puzzle-3d/architektura/drewniane-puzzle-3d-sagrada-familia-little-story-e018-p133	0	18	0	2.06
puzzle rokr	https://it.robotoys.eu/marche/rokr	0	1	0	4
puzzle rokr	https://it.robotoys.eu/puzzle-3d-in-legno/stem-lab/proiettore-cinematografico-vitascope-rokr-lk601-p5	0	1	0	3
puzzle rokr	https://pl.robotoys.eu/drewniane-puzzle-3d/instrumenty-muzyczne/magiczne-pianino-rokr-amk81-p70	0	1	0	6
puzzle rokr	https://pl.robotoys.eu/drewniane-puzzle-3d/pojazdy/drewniane-puzzle-3d-model-cylindra-drogowego-rokr-tg701k-p49	0	1	0	11
puzzle rokr	https://pl.robotoys.eu/drewniane-puzzle-3d/pojazdy/lokomotywa-rokr-lk701-p7	0	2	0	8.5
puzzle rokr	https://pl.robotoys.eu/drewniane-puzzle-3d/pozytywki/romantyczna-karuzela-rokr-amk62-p77	0	1	0	6
puzzle rokr	https://pl.robotoys.eu/drewniane-puzzle-3d/stem-lab/drewniana-mechaniczna-ukladanka-3d-fabryka-prezentow-marzen-rokr-eab01-p202	0	1	0	2
puzzle rokr	https://pl.robotoys.eu/marki/rokr	0	2	0	1
puzzle rokr	https://robotoys.eu/brands/rokr	0	1	0	5
puzzle rolife	https://es.robotoys.eu/marcas/rolife	0	1	0	8
puzzle rolife	https://it.robotoys.eu/marche/rolife	0	1	0	6
puzzle rosa	https://es.robotoys.eu/rompecabezas-3d-de-madera/flores/puzzle-3d-de-madera-rosa-rosa-rowood-tw041-p111	0	1	0	2
puzzle rowood	https://fr.robotoys.eu/marques/rowood	0	1	0	9
puzzle sagrada familia	https://cz.robotoys.eu/drevene-3d-puzzle/architektura/drevene-3d-puzzle-sagrada-familia-little-story-e018-p133	0	2	0	1
puzzle sagrada familia	https://es.robotoys.eu/rompecabezas-3d-de-madera/arquitectura/puzzle-3d-de-madera-sagrada-familia-little-story-e018-p133	0	6	0	1
puzzle sagrada familia	https://fr.robotoys.eu/casse-tete-3d-en-bois/architecture/puzzle-3d-en-bois-sagrada-familia-little-story-e018-p133	0	7	0	1
puzzle sagrada familia	https://it.robotoys.eu/puzzle-3d-in-legno/architettura/puzzle-3d-in-legno-sagrada-familia-little-story-e018-p133	0	2	0	5
puzzle sagrada familia	https://pl.robotoys.eu/drewniane-puzzle-3d/architektura/drewniane-puzzle-3d-sagrada-familia-little-story-e018-p133	0	8	0	3.88
puzzle sagrada familia	https://ro.robotoys.eu/puzzle-3d-din-lemn/arhitectura/puzzle-3d-din-lemn-sagrada-familia-little-story-e018-p133	0	2	0	12.5
puzzle sagrada familia 3d	https://es.robotoys.eu/rompecabezas-3d-de-madera/arquitectura/puzzle-3d-de-madera-sagrada-familia-little-story-e018-p133	0	5	0	1.2
puzzle sagrada familia 3d	https://fr.robotoys.eu/casse-tete-3d-en-bois/architecture/puzzle-3d-en-bois-sagrada-familia-little-story-e018-p133	0	1	0	1
puzzle sakura	https://cz.robotoys.eu/drevene-3d-puzzle/kvety/drevene-3d-puzzle-sakura-bonsai-rolife-tg415-p142	0	2	0	1
puzzle sakura	https://cz.robotoys.eu/drevene-3d-puzzle/kvety/drevene-3d-puzzle-sakura-rowood-tw101-p195	0	2	0	1
puzzle sakura	https://cz.robotoys.eu/drevene-3d-puzzle/vozidla/drevene-3d-puzzle-sakura-journey-rolife-tgs02-p105	0	1	0	6
puzzle sakura	https://pl.robotoys.eu/drewniane-puzzle-3d/kwiaty/drewniane-puzzle-3d-sakura-rowood-tw101-p195	0	2	0	6.5
puzzle samolot	https://pl.robotoys.eu/drewniane-puzzle-3d/pojazdy/drewniane-puzzle-3d-samolot-little-story-d016-p130	0	1	0	2
puzzle schwierigkeitsgrad	https://de.robotoys.eu/3d-puzzle-aus-holz-mittlerer-schwierigkeitsgrad	0	1	0	5
puzzle sistema solare	https://it.robotoys.eu/puzzle-3d-in-legno/luniverso/sistema-solare-rokr-st001-p71	0	1	0	26
puzzle stem	https://it.robotoys.eu/puzzle-3d-in-legno/stem-lab	0	2	0	11
puzzle swing	https://fr.robotoys.eu/casse-tete-3d-en-bois/boites-a-musique/boite-a-musique-swing-ride-rokr-ea02-p4	0	1	0	2
puzzle tank	https://cz.robotoys.eu/drevene-3d-puzzle/vozidla/drevene-3d-puzzle-tiger-i-little-story-wot03-p136	0	6	0	4
puzzle tank	https://de.robotoys.eu/3d-puzzle-aus-holz/fahrzeuge/holz-3d-puzzle-tank-tortoise-little-story-wot08-p180	0	1	0	4
puzzle tank	https://fr.robotoys.eu/casse-tete-3d-en-bois/vehicules/puzzle-3d-en-bois-tank-tortoise-little-story-wot08-p180	0	7	0	1.57
puzzle tank	https://hu.robotoys.eu/fabol-keszult-3d-puzzle/jarmuvek/fa-3d-puzzle-tank-amx-13-105-little-story-wot05-p177	0	1	0	1
puzzle tank	https://hu.robotoys.eu/fabol-keszult-3d-puzzle/jarmuvek/fa-3d-puzzle-tank-fv4005-little-story-wot09-p236	0	1	0	1
puzzle tank	https://hu.robotoys.eu/fabol-keszult-3d-puzzle/jarmuvek/fa-3d-puzzle-tank-t-34-85-little-story-wot02-p135	0	1	0	1
puzzle tank	https://pl.robotoys.eu/drewniane-puzzle-3d/pojazdy/drewniana-ukladanka-3d-tank-tortoise-little-story-wot08-p180	0	1	0	4
puzzle tank	https://robotoys.eu/wooden-3d-puzzle/vehicles/wooden-3d-puzzle-tank-leopard-1-little-story-wot07-p179	0	5	0	2.8
puzzle tanky	https://cz.robotoys.eu/drevene-3d-puzzle/vozidla/drevene-3d-puzzle-tank-amx-13-105-little-story-wot05-p177	0	1	0	12
puzzle tanky	https://cz.robotoys.eu/drevene-3d-puzzle/vozidla/drevene-3d-puzzle-tiger-i-little-story-wot03-p136	0	2	0	18
puzzle tanky	https://cz.robotoys.eu/nejnovejsi-drevene-3d-puzzle	0	1	0	13
puzzle terbuat dari apa	https://robotoys.eu/blog/history-of-3d-wooden-puzzles-from-beginnings-to-the-present	0	11	0	9.45
puzzle tiger	https://de.robotoys.eu/3d-puzzle-aus-holz/fahrzeuge/3d-puzzle-aus-holz-tiger-i-little-story-wot03-p136	0	1	0	29
puzzle tiger	https://it.robotoys.eu/puzzle-3d-in-legno/veicoli/puzzle-3d-in-legno-tiger-i-little-story-wot03-p136	0	3	0	9
puzzle tiger legno	https://it.robotoys.eu/puzzle-3d-in-legno/veicoli/puzzle-3d-in-legno-tiger-i-little-story-wot03-p136	0	1	0	1
puzzle torre eiffel 3d	https://it.robotoys.eu/puzzle-3d-in-legno/architettura/modello-della-torre-eiffel-rolife-tg501-p17	0	1	0	11
puzzle tres d	https://es.robotoys.eu/rompecabezas-3d-de-madera/arquitectura/puzzle-3d-de-madera-sagrada-familia-little-story-e018-p133	0	1	0	3
puzzle tres dimensiones	https://es.robotoys.eu/rompecabezas-3d-de-madera/arquitectura/puzzle-3d-de-madera-sagrada-familia-little-story-e018-p133	0	2	0	6.5
puzzle tridimensionale	https://it.robotoys.eu/puzzle-3d-in-legno/architettura/puzzle-3d-in-legno-sagrada-familia-little-story-e018-p133	0	30	0	3.07
puzzle tridimensionali	https://it.robotoys.eu/puzzle-3d-in-legno/architettura/puzzle-3d-in-legno-arco-della-vittoria-little-story-e011-p123	0	9	0	2
puzzle tridimensionali	https://it.robotoys.eu/puzzle-3d-in-legno/architettura/puzzle-3d-in-legno-sagrada-familia-little-story-e018-p133	0	9	0	2
puzzle uhr	https://de.robotoys.eu/3d-puzzle-aus-holz/uhren-kalender	0	1	0	36
puzzle veliero	https://it.robotoys.eu/puzzle-3d-in-legno/veicoli/puzzle-3d-in-legno-veliero-lord-of-the-seas-eco-wood-art-p216	0	5	0	16.8
puzzle voiture 3d	https://fr.robotoys.eu/casse-tete-3d-en-bois/vehicules/puzzle-3d-mecanique-en-bois-voiture-de-course-rouge-eco-wood-art-p152	0	11	0	12.55
puzzle voiture de sport	https://fr.robotoys.eu/casse-tete-3d-en-bois/vehicules/puzzle-3d-mecanique-en-bois-voiture-de-course-rouge-eco-wood-art-p152	0	1	0	1
puzzle yamaha	https://cz.robotoys.eu/drevene-3d-puzzle/vozidla/motorka-cruiser-rokr-lk504-p12	0	1	0	1
puzzle żaglowiec	https://pl.robotoys.eu/najdrozsze-drewniane-puzzle-3d	0	2	0	21
puzzle-uri ieftine	https://ro.robotoys.eu/vanzare-puzzle-uri-3d-din-lemn	0	4	0	13.5
puzzle.3d	https://it.robotoys.eu/blog/storia-dei-puzzle-in-legno-3d-dalle-origini-al-presente	0	1	0	9
puzzle3d	https://fr.robotoys.eu/casse-tete-3d-en-bois/architecture/puzzle-3d-en-bois-arc-de-la-victoire-little-story-e011-p123	0	2	0	5.5
puzzle3d	https://fr.robotoys.eu/casse-tete-3d-en-bois/architecture/puzzle-3d-en-bois-sagrada-familia-little-story-e018-p133	0	7	0	6.29
puzzle3d	https://pl.robotoys.eu/drewniane-puzzle-3d/architektura/drewniane-puzzle-3d-luk-zwyciestwa-little-story-e011-p123	0	5	0	4.8
puzzleauto	https://robotoys.eu/wooden-3d-puzzle/vehicles/wooden-mechanical-3d-puzzle-red-racing-car-eco-wood-art-p152	0	1	0	38
puzzled 3d	https://fr.robotoys.eu/casse-tete-3d-en-bois/architecture/puzzle-3d-en-bois-sagrada-familia-little-story-e018-p133	0	1	0	9
puzzled 3d	https://pl.robotoys.eu/drewniane-puzzle-3d/architektura/drewniane-puzzle-3d-luk-zwyciestwa-little-story-e011-p123	0	1	0	9
puzzles 3d	https://es.robotoys.eu/rompecabezas-3d-de-madera/arquitectura/puzzle-3d-de-madera-sagrada-familia-little-story-e018-p133	0	116	0	7.35
puzzles 3d bois	https://fr.robotoys.eu/casse-tete-3d-en-bois/architecture/puzzle-3d-en-bois-sagrada-familia-little-story-e018-p133	0	1	0	15
puzzles 3d de madera	https://es.robotoys.eu/rompecabezas-3d-de-madera/arquitectura	0	1	0	2
puzzles 3d de madera	https://es.robotoys.eu/rompecabezas-3d-de-madera/arquitectura/puzzle-3d-de-madera-sagrada-familia-little-story-e018-p133	0	3	0	1.67
puzzles 3d de madera	https://es.robotoys.eu/rompecabezas-3d-de-madera/stem-lab/puzzle-3d-mecanico-de-madera-impresora-clasica-rokr-lk602-p90	0	1	0	1
puzzles 3d madera	https://es.robotoys.eu/rompecabezas-3d-de-madera-mejor-valorado	0	2	0	21
puzzles 3d madera	https://es.robotoys.eu/rompecabezas-3d-de-madera/arquitectura	0	1	0	2
puzzles 3d madera	https://es.robotoys.eu/rompecabezas-3d-de-madera/arquitectura/puzzle-3d-de-madera-arco-de-la-victoria-little-story-e011-p123	0	1	0	2
puzzles 3d madera	https://es.robotoys.eu/rompecabezas-3d-de-madera/arquitectura/puzzle-3d-de-madera-sagrada-familia-little-story-e018-p133	0	33	0	2.3
puzzles 3d madera adultos	https://es.robotoys.eu/rompecabezas-3d-de-madera/arquitectura/puzzle-3d-de-madera-sagrada-familia-little-story-e018-p133	0	1	0	6
puzzles 3d madera coches	https://es.robotoys.eu/rompecabezas-3d-de-madera/vehiculos	0	2	0	1
puzzles 3d monumentos	https://es.robotoys.eu/rompecabezas-3d-de-madera/arquitectura	0	3	0	11.33
puzzles de coches	https://es.robotoys.eu/rompecabezas-3d-de-madera/vehiculos	0	1	0	20
puzzles de madera 3d	https://es.robotoys.eu/rompecabezas-3d-de-madera/arquitectura/puzzle-3d-de-madera-sagrada-familia-little-story-e018-p133	0	26	0	2.19
puzzles en 3d	https://es.robotoys.eu/rompecabezas-3d-de-madera/arquitectura/puzzle-3d-de-madera-sagrada-familia-little-story-e018-p133	0	24	0	4.12
puzzles en bois pas cher	https://fr.robotoys.eu/puzzle-3d-en-bois-difficulte-facile	0	1	0	11
puzzles flores	https://es.robotoys.eu/rompecabezas-3d-de-madera/flores	0	2	0	11.5
puzzles madera 3d	https://es.robotoys.eu/rompecabezas-3d-de-madera-mejor-valorado	0	1	0	17
puzzles madera 3d	https://es.robotoys.eu/rompecabezas-3d-de-madera/arquitectura/puzzle-3d-de-madera-sagrada-familia-little-story-e018-p133	0	8	0	2.12
puzzles tres d	https://es.robotoys.eu/rompecabezas-3d-de-madera/arquitectura/puzzle-3d-de-madera-arco-de-la-victoria-little-story-e011-p123	0	1	0	8
puzzletank	https://hu.robotoys.eu/fabol-keszult-3d-puzzle/jarmuvek/fa-3d-puzzle-tank-fv4005-little-story-wot09-p236	0	1	0	10
puzzli	https://pl.robotoys.eu/drewniane-puzzle-3d/wszechswiat/uklad-sloneczny-rokr-st001-p71	0	1	0	2
puzzlz 3d	https://fr.robotoys.eu/casse-tete-3d-en-bois/architecture/puzzle-3d-en-bois-arc-de-la-victoire-little-story-e011-p123	0	6	0	5
puzzlz 3d	https://fr.robotoys.eu/casse-tete-3d-en-bois/architecture/puzzle-3d-en-bois-sagrada-familia-little-story-e018-p133	0	7	0	4.86
półka na książki domek	https://pl.robotoys.eu/miniaturowe-domki/kacik-ksiazek	0	1	0	33
quantas peças	https://pt.robotoys.eu/casas-em-miniatura/quartos-em-miniatura/estufa-da-sra-cathy-rolife-dg104-p28	0	1	0	2
quanto costa	https://it.robotoys.eu/puzzle-3d-in-legno/veicoli/puzzle-3d-in-legno-sakura-journey-rolife-tgs02-p105	0	1	0	2
quanto posso venderlo	https://de.robotoys.eu/3d-puzzle-aus-holz/die-tiere/3d-puzzle-aus-holz-stegosaurus-little-story-d010-p118	0	1	0	11
quanto posso venderlo	https://it.robotoys.eu/concorso-di-puzzle/stegosaurus-little-story-d010-118	0	1	0	20
quanto posso venderlo	https://it.robotoys.eu/puzzle-3d-in-legno/gli-animali/puzzle-3d-in-legno-stegosaurus-little-story-d010-p118	0	1	0	19
quanto potrebbe costare	https://it.robotoys.eu/puzzle-3d-in-legno/veicoli/modello-di-barca-a-vela-rolife-tg305-p21	0	1	0	20
quanto vale?	https://it.robotoys.eu/puzzle-3d-in-legno/carillon/carillon-notte-stellata-rokr-amk51-p11	0	1	0	3
quanto viene?	https://it.robotoys.eu/puzzle-3d-in-legno/architettura/torre-eiffel-illuminata-rolife-tgl01-p73	0	1	0	9
que mide	https://robotoys.eu/wooden-3d-puzzle/architecture/five-story-pagoda-rolife-tgn02-p45	0	1	0	3
quebra cabeca 3d	https://pt.robotoys.eu/quebra-cabeca-3d-de-madeira/arquitetura/quebra-cabeca-3d-de-madeira-sagrada-familia-little-story-e018-p133	0	1	0	2
quebra cabeça	https://pt.robotoys.eu/quebra-cabeca-3d-de-madeira/arquitetura/quebra-cabeca-3d-de-madeira-sagrada-familia-little-story-e018-p133	0	1	0	4
quebra cabeça 3 d	https://pt.robotoys.eu/quebra-cabeca-3d-de-madeira/stem-lab/quebra-cabeca-3d-mecanico-de-madeira-impressora-classica-rokr-lk602-p90	0	1	0	5
quebra cabeça 3d madeira	https://pt.robotoys.eu/quebra-cabeca-3d-de-madeira/stem-lab/quebra-cabeca-3d-mecanico-de-madeira-impressora-classica-rokr-lk602-p90	0	1	0	13
quebra cabeça 3d torre eiffel	https://pt.robotoys.eu/quebra-cabeca-3d-de-madeira/arquitetura	0	1	0	9
quebra cabeça 3d torre eiffel	https://pt.robotoys.eu/quebra-cabeca-3d-de-madeira/arquitetura/modelo-da-torre-eiffel-rolife-tg501-p17	0	1	0	1
quebra cabeça 3d torre eiffel	https://pt.robotoys.eu/quebra-cabeca-3d-de-madeira/arquitetura/torre-eiffel-iluminada-rolife-tgl01-p73	0	1	0	1
quebra cabeça avião	https://pt.robotoys.eu/quebra-cabeca-3d-de-madeira/veiculos/quebra-cabeca-3d-de-madeira-aviao-little-story-d016-p130	0	1	0	21
quebra cabeça coliseu	https://pt.robotoys.eu/quebra-cabeca-3d-de-madeira/arquitetura/quebra-cabeca-3d-de-madeira-coliseu-little-story-e016-p126	0	5	0	3.6
quebra cabeça de madeira 3d como montar	https://pt.robotoys.eu/blogue/10-ferramentas-que-voce-precisa-ao-montar-um-quebra-cabeca-3d-de-madeira	0	1	0	6
quebra cabeça de madeira como montar	https://pt.robotoys.eu/blogue/10-ferramentas-que-voce-precisa-ao-montar-um-quebra-cabeca-3d-de-madeira	0	1	0	11
quebra cabeça impressora 3d	https://pt.robotoys.eu/quebra-cabeca-3d-de-madeira/stem-lab/quebra-cabeca-3d-mecanico-de-madeira-impressora-classica-rokr-lk602-p90	0	1	0	4
quebra cabeça mecanico	https://pt.robotoys.eu/quebra-cabeca-3d-de-madeira/instrumentos-musicais	0	2	0	12
quebra cabeças madeira	https://pt.robotoys.eu/quebra-cabeca-3d-de-madeira	0	3	0	7
quebra-cabeças mecanicos	https://pt.robotoys.eu/quebra-cabeca-3d-de-madeira/stem-lab/quebra-cabeca-3d-mecanico-de-madeira-impressora-classica-rokr-lk602-p90	0	1	0	16
quebra-cabeças mecânicos	https://pt.robotoys.eu/quebra-cabeca-3d-de-madeira/stem-lab/quebra-cabeca-3d-mecanico-de-madeira-impressora-classica-rokr-lk602-p90	0	1	0	18
quel est son prix ?	https://fr.robotoys.eu/casse-tete-3d-en-bois/vehicules/maquette-locomotive-a-vapeur-rokr-mc501-p13	0	1	0	5
quel est son prix ?	https://fr.robotoys.eu/casse-tete-3d-en-bois/vehicules/modele-de-camion-lourd-rokr-mc502-p27	0	1	0	8
questo	https://it.robotoys.eu/puzzle-3d-in-legno/architettura/pagoda-a-cinque-piani-rolife-tgn02-p45	0	1	0	5
qué regalarle a un hombre que lo tiene todo	https://es.robotoys.eu/blog/un-regalo-para-el-hombre-que-ya-lo-tiene-todo-24-consejos-originales-que-realmente-lo-sorprenderan	0	1	0	6
raceauto puzzel	https://nl.robotoys.eu/houten-3d-puzzel/voertuigen/houten-mechanische-3d-puzzel-raceauto-rokr-lk505-p141	0	1	0	7
regali di natale per lui costosi	https://it.robotoys.eu/idee-regalo/regali-per-lui	0	1	0	6
regali per bambini costosi	https://it.robotoys.eu/i-regali-piu-costosi-per-i-bambini	0	2	0	13.5
regali per bambini costosi	https://it.robotoys.eu/i-regali-piu-costosi-per-i-bambini?page=4	0	1	0	9
regali per bambini costosi	https://it.robotoys.eu/i-regali-piu-costosi-per-natale	0	1	0	1
regalo a un uomo	https://it.robotoys.eu/blog/un-regalo-per-luomo-che-ha-gia-tutto-24-consigli-originali-che-lo-sorprenderanno-davvero	0	1	0	5
regalo experiencias hombre	https://es.robotoys.eu/blog/el-mejor-regalo-para-el-original-con-un-toque-de-historia	0	1	0	7
regalo para mujer	https://es.robotoys.eu/blog/7-ideas-de-regalos-irresistibles-para-mujeres	0	8	0	10.12
regalo para tu novia	https://es.robotoys.eu/blog/7-ideas-de-regalos-irresistibles-para-mujeres	0	2	0	13
regalos caro	https://es.robotoys.eu/los-regalos-mas-caros-para-ninos	0	1	0	4
regalos caros para hombres	https://es.robotoys.eu/los-regalos-mas-caros-para-hombres-y-ninos	0	3	0	15.67
regalos caros para niños	https://es.robotoys.eu/los-regalos-mas-baratos-para-decoracion	0	1	0	11
regalos diferentes para mujeres	https://es.robotoys.eu/blog/7-ideas-de-regalos-irresistibles-para-mujeres	0	1	0	4
regalos mujeres	https://es.robotoys.eu/blog/7-ideas-de-regalos-irresistibles-para-mujeres	0	1	0	6
regalos para mujeres	https://es.robotoys.eu/blog/7-ideas-de-regalos-irresistibles-para-mujeres	0	67	0	7.58
regalos para mujeres jovenes	https://es.robotoys.eu/blog/7-ideas-de-regalos-irresistibles-para-mujeres	0	2	0	11
regalos para mujeres originales	https://es.robotoys.eu/blog/7-ideas-de-regalos-irresistibles-para-mujeres	0	1	0	7
reloj de cuco para montar	https://es.robotoys.eu/rompecabezas-3d-de-madera/relojes-y-calendarios/rompecabezas-mecanico-3d-de-madera-reloj-de-cuco-rokr-lc901c-p198	0	1	0	13
renovering af loftrum	https://dk.robotoys.eu/miniaturehuse/miniature-vaerelser/miniaturehus-doras-loftrum-rolife-dg12-p91	0	3	0	58.33
restaurant mini	https://robotoys.eu/miniature-houses/miniature-stores/miniature-house-restaurant-tipsy-rolife-dg167-p209	0	1	0	3
restaurant miniatures	https://fr.robotoys.eu/maisons-miniatures/boutiques-miniatures/maison-miniature-restaurant-tipsy-rolife-dg167-p209	0	8	0	5.12
retro telefon	https://si.robotoys.eu/lesena-3d-sestavljanka/stem-lab/lesena-3d-sestavljanka-retro-telefon-eco-wood-art-p156	0	1	0	2
retro wood art	https://pl.robotoys.eu/drewniane-puzzle-3d/stem-lab/drewniana-ukladanka-3d-telefon-retro-eco-wood-art-p156	0	2	0	6.5
reviews	https://robotoys.eu/wooden-3d-puzzle/the-animals/wooden-3d-puzzle-stegosaurus-little-story-d010-p118	0	1	0	17
riesenrad holz	https://de.robotoys.eu/3d-puzzle-aus-holz/spieluhren/riesenrad-rolife-tgn01-p18	0	1	0	1
ro life	https://cz.robotoys.eu/znacky/rolife	0	2	0	2
ro life	https://dk.robotoys.eu/maerker/rolife	0	1	0	4
ro life	https://pl.robotoys.eu/marki/rolife	0	2	0	4.5
ro life miniature	https://robotoys.eu/miniature-houses/books-nook/bookshelf-insert-flower-corner-rolife-tgb09-p108	0	1	0	5
ro life miniature	https://robotoys.eu/miniature-houses/books-nook/bookshelf-insert-sakura-wine-alley-rolife-tgb11-p164	0	1	0	5
ro wood	https://fr.robotoys.eu/marques/rowood	0	2	0	4
ro wood	https://it.robotoys.eu/marche/rowood	0	1	0	1
ro wood	https://robotoys.eu/brands/rowood	0	3	0	5
robetoys	https://nl.robotoys.eu/	0	1	0	8
robo toys	https://de.robotoys.eu/	0	4	0	4
robo toys	https://robotoys.eu/	0	1	0	10
robot nutcracker	https://robotoys.eu/	0	1	0	10
robot nutcracker	https://robotoys.eu/wooden-3d-puzzle/clocks-calendars/wooden-mechanical-3d-puzzle-cuckoo-clock-rokr-lc901c-p198	0	1	0	10
robot nutcracker	https://robotoys.eu/wooden-3d-puzzle/music-boxes/music-box-magic-cello-rokr-amk63-p1	0	1	0	10
robot nutcracker	https://robotoys.eu/wooden-3d-puzzle/stem-lab/wooden-mechanical-3d-puzzle-dream-gift-factory-rokr-eab01-p202	0	1	0	10
robotime	https://de.robotoys.eu/	0	2	0	43
robotime 1912 eternal atlantic voyager	https://de.robotoys.eu/3d-puzzle-aus-holz/fahrzeuge/3d-holzpuzzle-eternal-atlantic-voyager-1912-rolife-tgl02-p223	0	2	0	1
robotime 3d	https://cz.robotoys.eu/drevene-3d-puzzle	0	4	0	3.75
robotime 3d puzzle	https://robotoys.eu/	0	1	0	20
robotime coche vintage	https://es.robotoys.eu/rompecabezas-3d-de-madera/vehiculos/modelo-veterano-rolife-tg504-p53	0	6	0	1
robotime domek	https://pl.robotoys.eu/drewniane-puzzle-3d/architektura/drewniana-ukladanka-3d-mini-domek-gorski-w-ksztalcie-litery-a-rolife-dg181-p227	0	2	0	20.5
robotime draaimolen	https://nl.robotoys.eu/houten-3d-puzzel/muziekdoosjes/houten-mechanische-3d-puzzel-klassieke-carrousel-rolife-amc01-p146	0	1	0	43
robotime dump truck	https://de.robotoys.eu/3d-puzzle-aus-holz/fahrzeuge/muldenkipper-modell-rokr-tg603k-p34	0	1	0	1
robotime dump truck	https://nl.robotoys.eu/houten-3d-puzzel/voertuigen/kiepwagen-model-rokr-tg603k-p34	0	1	0	1
robotime dump truck	https://pt.robotoys.eu/quebra-cabeca-3d-de-madeira/veiculos/modelo-de-caminhao-basculante-rokr-tg603k-p34	0	1	0	1
robotime eu	https://bg.robotoys.eu/	0	3	0	5.67
robotime eu	https://cz.robotoys.eu/	0	1	0	7
robotime eu	https://hu.robotoys.eu/	0	1	0	4
robotime europe	https://it.robotoys.eu/	0	1	0	10
robotime europe	https://robotoys.eu/	0	10	0	9.5
robotime globe	https://nl.robotoys.eu/houten-3d-puzzel/het-heelal/lichtgevende-wereldbol-rokr-st003-p3	0	1	0	46
robotime groothandel	https://nl.robotoys.eu/handige-links/over-bedrijf	0	3	0	47.67
robotime kaufen	https://de.robotoys.eu/	0	1	0	36
robotime maqueta barco diplomático japonés	https://es.robotoys.eu/rompecabezas-3d-de-madera/vehiculos/rompecabezas-3d-de-madera-buque-diplomatico-japones-rolife-tg307-p199	0	7	0	1.43
robotime maqueta starry night	https://es.robotoys.eu/rompecabezas-3d-de-madera/cajas-de-musica/caja-de-musica-noche-estrellada-rokr-amk51-p11	0	6	0	1
robotime maqueta torre eiffel	https://es.robotoys.eu/rompecabezas-3d-de-madera/arquitectura/maqueta-de-la-torre-eiffel-rolife-tg501-p17	0	7	0	1
robotime marble city night	https://es.robotoys.eu/rompecabezas-3d-de-madera/stem-lab/marble-night-city-rokr-lga01-p2	0	5	0	1
robotime marble night city	https://robotoys.eu/wooden-3d-puzzle/stem-lab/marble-night-city-rokr-lga01-p2	0	1	0	37
robotime miller's garden diy	https://de.robotoys.eu/miniaturhauser/miniaturraume/mr-millers-garden-rolife-dg108-p23	0	2	0	1
robotime motocicleta	https://es.robotoys.eu/rompecabezas-3d-de-madera/vehiculos/moto-cruiser-rokr-lk504-p12	0	6	0	1
robotime orrery	https://robotoys.eu/wooden-3d-puzzle/the-universe/solar-system-rokr-st001-p71	0	1	0	43
robotime padova	https://it.robotoys.eu/link-utili/circa-la-societa/chi-siamo	0	6	0	6.33
robotime puzzle 3d motorrad cruiser	https://de.robotoys.eu/3d-puzzle-aus-holz/fahrzeuge/motorrad-cruiser-rokr-lk504-p12	0	3	0	2
robotime puzzle 3d telescopio monocular	https://es.robotoys.eu/rompecabezas-3d-de-madera/el-universo/telescopio-monocular-rokr-st004-p8	0	4	0	1
robotime sakura	https://pl.robotoys.eu/miniaturowe-domki/kacik-ksiazek/sakura-densya-rolife-tgb01-p29	0	1	0	10
robotime sakura densya book nook	https://robotoys.eu/miniature-houses/books-nook/sakura-densya-rolife-tgb01-p29	0	1	0	8
robotime starry night	https://nl.robotoys.eu/houten-3d-puzzel/muziekdoosjes/muziekdoos-sterrennacht-rokr-amk51-p11	0	1	0	34
robotime tipsy restaurant	https://de.robotoys.eu/miniaturhauser/miniaturladen/miniaturhaus-restaurant-tipsy-rolife-dg167-p209	0	2	0	1
robotime uk	https://robotoys.eu/	0	1	0	46
robotime wereldbol	https://nl.robotoys.eu/houten-3d-puzzel/het-heelal/lichtgevende-wereldbol-rokr-st003-p3	0	2	0	16.5
robotime wholesale	https://robotoys.eu/	0	2	0	32
robotime wooden bloom box	https://pl.robotoys.eu/drewniane-puzzle-3d/kwiaty/drewniana-ukladanka-3d-drewniana-skrzynka-na-kwiaty-rowood-tw02h-p162	0	1	0	1
robotime zonnestelsel	https://nl.robotoys.eu/houten-3d-puzzel/het-heelal/zonnestelsel-rokr-st001-p71	0	1	0	40
robotime-eu	https://cz.robotoys.eu/	0	1	0	10
robotime-eu	https://de.robotoys.eu/	0	1	0	10
robotime-eu	https://dk.robotoys.eu/	0	1	0	10
robotime-eu	https://hu.robotoys.eu/	0	1	0	10
robotime-eu	https://robotoys.eu/	0	1	0	10
robotime-eu.com	https://robotoys.eu/	0	1	0	7
robotoolz	https://robotoys.eu/miniature-houses/books-nook/bookshelf-insert-flower-corner-rolife-tgb09-p108	0	3	0	7.33
robotoy	https://cz.robotoys.eu/	0	1	0	1
robotoy	https://cz.robotoys.eu/uzitecne-odkazy/o-spolecnosti	0	1	0	6
robotoy	https://de.robotoys.eu/	0	1	0	1
robotoy	https://es.robotoys.eu/	0	1	0	4
robotoy	https://fr.robotoys.eu/	0	1	0	2
robotoy	https://nl.robotoys.eu/	0	1	0	1
robotoy	https://pl.robotoys.eu/przydatne-linki/wszystko-o-zakupach	0	1	0	10
robotoy	https://pt.robotoys.eu/	0	1	0	3
robotoy	https://robotoys.eu/	0	15	0	5
robotoy	https://robotoys.eu/useful-links/about-company	0	1	0	8
robotoys	https://cz.robotoys.eu/drevene-3d-puzzle	0	18	0	1
robotoys	https://cz.robotoys.eu/drevene-3d-puzzle/vozidla	0	1	0	1
robotoys	https://cz.robotoys.eu/drevene-3d-puzzle/vozidla?page=2	0	9	0	1
robotoys	https://cz.robotoys.eu/napady-na-darky	0	16	0	1
robotoys	https://cz.robotoys.eu/nejnovejsi-drevene-3d-puzzle	0	18	0	1
robotoys	https://cz.robotoys.eu/uzitecne-odkazy	0	7	0	8.43
robotoys	https://cz.robotoys.eu/uzitecne-odkazy/o-spolecnosti/kontakt	0	12	0	1
robotoys	https://cz.robotoys.eu/znacky	0	16	0	1
robotoys	https://cz.robotoys.eu/znacky/eco-wood-art	0	2	0	1
robotoys	https://cz.robotoys.eu/znacky/rowood	0	6	0	1
robotoys	https://cz.robotoys.eu/znacky?page=4	0	2	0	1
robotoys	https://de.robotoys.eu/3d-puzzle-aus-holz-mehr-als-300-teile	0	2	0	1
robotoys	https://de.robotoys.eu/geschenkideen	0	3	0	1
robotoys	https://de.robotoys.eu/geschenkideen/geschenke-fur-ihn	0	2	0	1
robotoys	https://de.robotoys.eu/geschenkideen/geschenke-fur-kinder	0	2	0	1
robotoys	https://de.robotoys.eu/marken	0	2	0	1
robotoys	https://de.robotoys.eu/nutzliche-links/uber-das-unternehmen/grosshandel	0	1	0	1
robotoys	https://dk.robotoys.eu/	0	4	0	4.75
robotoys	https://dk.robotoys.eu/gaveideer	0	2	0	1
robotoys	https://dk.robotoys.eu/gaveideer/gaver-til-born	0	1	0	1
robotoys	https://dk.robotoys.eu/gaveideer/gaver-til-ham	0	2	0	1
robotoys	https://dk.robotoys.eu/maerker	0	2	0	1
robotoys	https://dk.robotoys.eu/nyttige-links/om-virksomheden	0	1	0	1
robotoys	https://dk.robotoys.eu/nyttige-links/om-virksomheden/om-os	0	2	0	1
robotoys	https://ee.robotoys.eu/	0	1	0	9
robotoys	https://es.robotoys.eu/enlaces-utiles/acerca-de-la-compania	0	4	0	1
robotoys	https://es.robotoys.eu/enlaces-utiles/acerca-de-la-compania/sobre-nosotros	0	9	0	1
robotoys	https://es.robotoys.eu/enlaces-utiles/acerca-de-la-compania/venta-al-por-mayor	0	4	0	1
robotoys	https://es.robotoys.eu/ideas-de-regalo	0	6	0	1
robotoys	https://es.robotoys.eu/ideas-de-regalo/regalos-de-cumpleanos	0	1	0	1
robotoys	https://es.robotoys.eu/ideas-de-regalo/regalos-para-el	0	4	0	1
robotoys	https://es.robotoys.eu/marcas	0	9	0	1
robotoys	https://es.robotoys.eu/rompecabezas-3d-de-madera/el-universo	0	2	0	1
robotoys	https://fr.robotoys.eu/	0	2	0	1
robotoys	https://fr.robotoys.eu/blog	0	1	0	9
robotoys	https://gr.robotoys.eu/	0	10	0	1
robotoys	https://gr.robotoys.eu/pwlhsh-mikrwn-spitiwn	0	1	0	1
robotoys	https://gr.robotoys.eu/xrhsimoi-syndesmoi/ola-gia-pswnia	0	2	0	1
robotoys	https://hr.robotoys.eu/	0	1	0	9
robotoys	https://hu.robotoys.eu/hasznos-linkek	0	1	0	1
robotoys	https://hu.robotoys.eu/hasznos-linkek/minden-a-vasarlasrol	0	1	0	1
robotoys	https://hu.robotoys.eu/markak	0	1	0	1
robotoys	https://it.robotoys.eu/	0	1	0	9
robotoys	https://it.robotoys.eu/link-utili/circa-la-societa/chi-siamo	0	3	0	7.67
robotoys	https://it.robotoys.eu/link-utili/circa-la-societa/vendita-allingrosso	0	3	0	4.67
robotoys	https://nl.robotoys.eu/cadeau-ideeen	0	4	0	1
robotoys	https://nl.robotoys.eu/cadeau-ideeen/cadeaus-voor-kinderen	0	2	0	1
robotoys	https://nl.robotoys.eu/cadeau-ideeen/verjaardag-cadeaus	0	2	0	1
robotoys	https://nl.robotoys.eu/handige-links/alles-over-winkelen	0	3	0	1
robotoys	https://nl.robotoys.eu/handige-links/over-bedrijf	0	4	0	1
robotoys	https://nl.robotoys.eu/handige-links/over-bedrijf/contact	0	5	0	2
robotoys	https://nl.robotoys.eu/handige-links/over-bedrijf/groothandel	0	6	0	1
robotoys	https://nl.robotoys.eu/handige-links/veel-gestelde-vragen	0	1	0	7
robotoys	https://nl.robotoys.eu/merken	0	3	0	1
robotoys	https://pl.robotoys.eu/	0	1	0	8
robotoys	https://pl.robotoys.eu/pomysly-na-prezent	0	2	0	1
robotoys	https://pl.robotoys.eu/przydatne-linki	0	4	0	6.75
robotoys	https://pl.robotoys.eu/przydatne-linki/o-firmie	0	1	0	10
robotoys	https://pl.robotoys.eu/przydatne-linki/o-firmie/hurt	0	1	0	1
robotoys	https://pl.robotoys.eu/przydatne-linki/o-firmie/kontakt	0	1	0	1
robotoys	https://pl.robotoys.eu/przydatne-linki/o-firmie/o-nas	0	1	0	1
robotoys	https://pl.robotoys.eu/przydatne-linki/wszystko-o-zakupach	0	5	0	4.4
robotoys	https://pt.robotoys.eu/	0	1	0	3
robotoys	https://pt.robotoys.eu/links-uteis/sobre-companhia	0	1	0	11
robotoys	https://robotoys.eu/blog	0	9	0	3
robotoys	https://robotoys.eu/brands	0	1	0	1
robotoys	https://robotoys.eu/gift-ideas	0	5	0	1
robotoys	https://robotoys.eu/gift-ideas/birthday-gifts	0	1	0	1
robotoys	https://robotoys.eu/gift-ideas/gifts-for-him	0	1	0	1
robotoys	https://robotoys.eu/miniature-houses/miniature-rooms	0	6	0	1
robotoys	https://robotoys.eu/useful-links/about-company	0	16	0	1.56
robotoys	https://robotoys.eu/useful-links/about-company/about-us	0	10	0	1
robotoys	https://robotoys.eu/useful-links/about-company/contact	0	4	0	9.5
robotoys	https://robotoys.eu/useful-links/about-company/wholesale	0	7	0	1
robotoys	https://robotoys.eu/useful-links/frequently-asked-questions/returns-refunds	0	22	0	6.18
robotoys	https://se.robotoys.eu/	0	1	0	1
robotoys	https://se.robotoys.eu/anvandbara-lankar/om-foretag	0	1	0	1
robotoys	https://se.robotoys.eu/anvandbara-lankar/om-foretag/grossist	0	1	0	1
robotoys	https://se.robotoys.eu/marken	0	1	0	1
robotoys	https://se.robotoys.eu/marken/eco-wood-art	0	1	0	1
robotoys	https://se.robotoys.eu/present-ideer	0	1	0	1
robotoys	https://se.robotoys.eu/present-ideer/fodelsedagspresenter	0	1	0	1
robotoys	https://si.robotoys.eu/uporabne-povezave/o-podjetju/kontakt	0	1	0	1
robotoys	https://si.robotoys.eu/uporabne-povezave/o-podjetju/o-nas	0	1	0	1
robotoys	https://si.robotoys.eu/uporabne-povezave/o-podjetju/trgovina-na-debelo	0	1	0	1
robotoys	https://si.robotoys.eu/uporabne-povezave/vse-o-nakupovanju	0	1	0	1
robotoys official website	https://robotoys.eu/	0	2	0	2
robotoys official website	https://robotoys.eu/useful-links/about-company	0	1	0	4
robotoys sk	https://cz.robotoys.eu/uzitecne-odkazy	0	7	0	7
robotoys sk	https://cz.robotoys.eu/vyprodej-3d-drevenych-puzzle	0	1	0	7
robotszu	https://nl.robotoys.eu/	0	1	0	58
robotys	https://cz.robotoys.eu/	0	2	0	2
robtoys	https://pt.robotoys.eu/links-uteis/sobre-companhia	0	1	0	7
rocker puzzle	https://robotoys.eu/brands/rokr	0	1	0	7
rocker puzzles	https://robotoys.eu/brands/rokr	0	2	0	8.5
rode raceauto	https://nl.robotoys.eu/houten-3d-puzzel/voertuigen/houten-mechanische-3d-puzzel-rode-raceauto-eco-wood-art-p152	0	1	0	1
rofile	https://it.robotoys.eu/marche/rolife	0	2	0	5
rok box	https://robotoys.eu/wooden-3d-puzzle/music-boxes/music-box-magic-cello-rokr-amk63-p1	0	1	0	22
rokr	https://cz.robotoys.eu/drevene-3d-puzzle/vozidla/drevene-3d-puzzle-rycek-rokr-tg508k-p197	0	1	0	7
rokr	https://cz.robotoys.eu/nejdrazsi-produkty-znacky-rokr	0	1	0	1
rokr	https://cz.robotoys.eu/nejnovejsi-produkty-znacky-rokr	0	2	0	1
rokr	https://cz.robotoys.eu/nejprodavanejsi-produkty-znacky-rokr	0	3	0	1
rokr	https://de.robotoys.eu/3d-puzzle-aus-holz/stem-lab/flipper-rokr-eg01-p43	0	11	0	28.73
rokr	https://de.robotoys.eu/bloggen/rokr-ihr-einstieg-in-die-welt-der-kreativitat-und-unterhaltung	0	5	0	21.4
rokr	https://de.robotoys.eu/marken/rokr	0	15	0	11.87
rokr	https://dk.robotoys.eu/maerker/rokr	0	32	0	2.88
rokr	https://ee.robotoys.eu/kaubamargid/rokr	0	5	0	3.6
rokr	https://es.robotoys.eu/blog/rokr-tu-entrada-al-mundo-de-la-creatividad-y-el-entretenimiento	0	1	0	7
rokr	https://fr.robotoys.eu/blog/rokr-votre-entree-dans-le-monde-de-la-creativite-et-du-divertissement	0	6	0	11.83
rokr	https://fr.robotoys.eu/casse-tete-3d-en-bois/boites-a-musique/tourne-disque-electrique-rokr-lkb01d-p68	0	5	0	34
rokr	https://fr.robotoys.eu/marques/rokr	0	9	0	8.89
rokr	https://gr.robotoys.eu/markes/rokr	0	9	0	8.89
rokr	https://gr.robotoys.eu/ta-teleytaia-proionta-ths-markas-rokr	0	2	0	8
rokr	https://hu.robotoys.eu/elado-rokr-markaju-termekek	0	1	0	8
rokr	https://hu.robotoys.eu/markak/rokr	0	30	0	3.7
rokr	https://it.robotoys.eu/blog/rokr-il-tuo-ingresso-nel-mondo-della-creativita-e-dellintrattenimento	0	6	0	6.17
rokr	https://it.robotoys.eu/prodotti-a-marchio-rokr-in-vendita	0	1	0	39
rokr	https://it.robotoys.eu/puzzle-3d-in-legno/orologi-calendari/orologio-gufo-rokr-lk503-p6	0	1	0	5
rokr	https://it.robotoys.eu/puzzle-3d-in-legno/stem-lab/marble-night-city-rokr-lga01-p2	0	1	0	2
rokr	https://lt.robotoys.eu/prekiniai-zenklai/rokr	0	9	0	5.44
rokr	https://nl.robotoys.eu/merken/rokr	0	8	0	22.12
rokr	https://pl.robotoys.eu/blog/rokr-twoje-wejscie-do-swiata-kreatywnosci-i-rozrywki	0	40	0	5.45
rokr	https://pl.robotoys.eu/drewniane-puzzle-3d/pojazdy/lokomotywa-rokr-lk701-p7	0	13	0	8.15
rokr	https://pl.robotoys.eu/drewniane-puzzle-3d/pojazdy/model-ciezarowki-rokr-mc502-p27	0	1	0	10
rokr	https://pl.robotoys.eu/najdrozsze-produkty-marki-rokr	0	1	0	1
rokr	https://pl.robotoys.eu/najlepiej-oceniane-produkty-marki-rokr	0	3	0	1.33
rokr	https://pl.robotoys.eu/najpopularniejsze-produkty-marki-rokr	0	26	0	1.19
rokr	https://pl.robotoys.eu/najtansze-produkty-marki-rokr	0	2	0	3
rokr	https://pt.robotoys.eu/marcas/rokr	0	9	0	4.56
rokr	https://ro.robotoys.eu/marci/rokr	0	12	0	3.67
rokr	https://robotoys.eu/blog/rokr-your-entry-into-the-world-of-creativity-and-entertainment	0	21	0	14.67
rokr	https://robotoys.eu/brands/rokr	0	67	0	6.27
rokr	https://se.robotoys.eu/marken/rokr	0	20	0	5.15
rokr 3d	https://hu.robotoys.eu/markak/rokr	0	1	0	3
rokr 3d	https://it.robotoys.eu/marche/rokr	0	7	0	11.71
rokr 3d pinball	https://de.robotoys.eu/3d-puzzle-aus-holz/stem-lab/flipper-rokr-eg01-p43	0	1	0	6
rokr 3d pinball	https://fr.robotoys.eu/casse-tete-3d-en-bois/stem-lab/pinball-rokr-eg01-p43	0	1	0	4
rokr 3d pinball	https://pl.robotoys.eu/drewniane-puzzle-3d/stem-lab/pinball-rokr-eg01-p43	0	1	0	4
rokr 3d puzzle	https://cz.robotoys.eu/drevene-3d-puzzle/stem-lab/drevene-mechanicke-3d-puzzle-klasicka-tiskarna-rokr-lk602-p90	0	1	0	9
rokr 3d puzzle	https://it.robotoys.eu/marche/rokr	0	1	0	3
rokr 3d puzzles	https://it.robotoys.eu/marche/rokr	0	1	0	6
rokr 3d wooden puzzle	https://it.robotoys.eu/marche/rokr	0	7	0	5.57
rokr 3d wooden puzzles	https://es.robotoys.eu/marcas/rokr	0	1	0	8
rokr 3d wooden puzzles	https://it.robotoys.eu/marche/rokr	0	1	0	6
rokr ak-47	https://se.robotoys.eu/3d-pussel-i-tra/vapen/ak-47-gevar-rokr-lq901-p67	0	1	0	8
rokr ak47	https://de.robotoys.eu/3d-puzzle-aus-holz/waffen/ak-47-gewehr-rokr-lq901-p67	0	1	0	6
rokr ak47	https://es.robotoys.eu/rompecabezas-3d-de-madera/armas/rifle-ak-47-rokr-lq901-p67	0	1	0	9
rokr amk63	https://pt.robotoys.eu/quebra-cabeca-3d-de-madeira/caixas-de-musica/violoncelo-magico-de-caixa-de-musica-rokr-amk63-p1	0	1	0	3
rokr auto	https://de.robotoys.eu/3d-puzzle-aus-holz/fahrzeuge/oldtimer-rokr-mc801-p72	0	2	0	4.5
rokr brasil	https://pt.robotoys.eu/marcas/rokr	0	1	0	10
rokr cello	https://es.robotoys.eu/rompecabezas-3d-de-madera/cajas-de-musica/caja-de-musica-violonchelo-magico-rokr-amk63-p1	0	1	0	8
rokr cello	https://robotoys.eu/wooden-3d-puzzle/music-boxes/music-box-magic-cello-rokr-amk63-p1	0	1	0	25
rokr chocolate factory	https://de.robotoys.eu/3d-puzzle-aus-holz/stem-lab/mechanisches-3d-puzzle-aus-holz-schokoladenfabrik-rokr-lga02-p75	0	2	0	6.5
rokr chocolate factory	https://es.robotoys.eu/rompecabezas-3d-de-madera/stem-lab/puzzle-3d-mecanico-de-madera-fabrica-de-chocolate-rokr-lga02-p75	0	1	0	9
rokr chocolate factory	https://pl.robotoys.eu/drewniane-puzzle-3d/stem-lab/drewniane-mechaniczne-puzzle-3d-fabryka-czekolady-rokr-lga02-p75	0	1	0	3
rokr christmas dream gift factory	https://it.robotoys.eu/puzzle-3d-in-legno/stem-lab/puzzle-meccanico-3d-in-legno-fabbrica-dei-regali-dei-sogni-rokr-eab01-p202	0	1	0	6
rokr christmas tree	https://robotoys.eu/wooden-3d-puzzle/music-boxes/wooden-mechanical-3d-puzzle-melodic-christmas-tree-rolife-ams01-p138	0	1	0	1
rokr classic city tram	https://robotoys.eu/wooden-3d-puzzle/vehicles/wooden-3d-puzzle-classic-city-tram-rokr-lk801-p88	0	1	0	5
rokr company	https://robotoys.eu/blog/rokr-your-entry-into-the-world-of-creativity-and-entertainment	0	1	0	6
rokr company	https://robotoys.eu/brands/rokr	0	1	0	11
rokr cuckoo clock mechanical 3d wooden puzzle	https://robotoys.eu/wooden-3d-puzzle/clocks-calendars/wooden-mechanical-3d-puzzle-cuckoo-clock-rokr-lc901c-p198	0	1	0	9
rokr cuckoo clock mechanical 3d wooden puzzle	https://robotoys.eu/wooden-3d-puzzle/clocks-calendars/wooden-mechanical-3d-puzzle-cuckoo-clock-wooden-color-rokr-lc901-p217	0	3	0	9.33
rokr dream gift factory	https://de.robotoys.eu/3d-puzzle-aus-holz/stem-lab/mechanisches-3d-puzzle-aus-holz-traumgeschenkfabrik-rokr-eab01-p202	0	1	0	1
rokr dream gift factory	https://it.robotoys.eu/puzzle-3d-in-legno/stem-lab/puzzle-meccanico-3d-in-legno-fabbrica-dei-regali-dei-sogni-rokr-eab01-p202	0	5	0	5.6
rokr dream gift factory	https://robotoys.eu/wooden-3d-puzzle/stem-lab/wooden-mechanical-3d-puzzle-dream-gift-factory-rokr-eab01-p202	0	4	0	14.5
rokr eab01	https://nl.robotoys.eu/houten-3d-puzzel/stem-lab/houten-mechanische-3d-puzzel-droomcadeaufabriek-rokr-eab01-p202	0	1	0	8
rokr eab01	https://robotoys.eu/wooden-3d-puzzle/stem-lab/wooden-mechanical-3d-puzzle-dream-gift-factory-rokr-eab01-p202	0	1	0	2
rokr eg01	https://it.robotoys.eu/puzzle-3d-in-legno/stem-lab/pinball-rokr-eg01-p43	0	1	0	7
rokr electric guitar	https://robotoys.eu/wooden-3d-puzzle/musical-instruments/electric-guitar-model-rokr-tg605k-p33	0	1	0	33
rokr electric guitar model 3d wooden puzzle tg605k	https://robotoys.eu/wooden-3d-puzzle/musical-instruments/electric-guitar-model-rokr-tg605k-p33	0	1	0	4
rokr europe	https://robotoys.eu/blog/rokr-your-entry-into-the-world-of-creativity-and-entertainment	0	3	0	8.33
rokr europe	https://robotoys.eu/brands/rokr	0	6	0	2.17
rokr europe	https://robotoys.eu/the-latest-products-of-the-rokr-brand	0	1	0	9
rokr excavator	https://es.robotoys.eu/rompecabezas-3d-de-madera/vehiculos/rompecabezas-3d-de-madera-excavadora-rokr-tg508k-p197	0	1	0	1
rokr excavator	https://robotoys.eu/wooden-3d-puzzle/vehicles/wooden-3d-puzzle-excavator-rokr-tg508k-p197	0	1	0	6
rokr film projector	https://robotoys.eu/wooden-3d-puzzle/stem-lab/film-projector-vitascope-rokr-lk601-p5	0	2	0	9
rokr flipper	https://de.robotoys.eu/3d-puzzle-aus-holz/stem-lab/flipper-rokr-eg01-p43	0	11	0	5.36
rokr flipper	https://hu.robotoys.eu/fabol-keszult-3d-puzzle/stem-lab/flipper-rokr-eg01-p43	0	1	0	5
rokr flipper	https://nl.robotoys.eu/houten-3d-puzzel/muziekdoosjes/romantische-carrousel-rokr-amk62-p77	0	1	0	80
rokr flipper	https://nl.robotoys.eu/houten-3d-puzzel/stem-lab/flipperkast-rokr-eg01-p43	0	1	0	33
rokr flipper	https://robotoys.eu/wooden-3d-puzzle/stem-lab/pinball-rokr-eg01-p43	0	4	0	7.25
rokr flipper pinball 3d	https://robotoys.eu/wooden-3d-puzzle/stem-lab/pinball-rokr-eg01-p43	0	3	0	8.67
rokr flipperkast	https://nl.robotoys.eu/houten-3d-puzzel/stem-lab/flipperkast-rokr-eg01-p43	0	1	0	24
rokr flipperkast	https://robotoys.eu/wooden-3d-puzzle/stem-lab/pinball-rokr-eg01-p43	0	3	0	4
rokr flop	https://es.robotoys.eu/rompecabezas-3d-de-madera/stem-lab/marmol-parkour-rokr-lg501-p42	0	1	0	2
rokr flop	https://robotoys.eu/blog/rokr-your-entry-into-the-world-of-creativity-and-entertainment	0	1	0	8
rokr france	https://fr.robotoys.eu/marques/rokr	0	1	0	9
rokr gear ball challenge	https://de.robotoys.eu/3d-puzzle-aus-holz/stem-lab/mechanisches-3d-puzzle-aus-holz-gear-ball-challenge-rokr-egc01-p213	0	2	0	10.5
rokr gift factory	https://robotoys.eu/wooden-3d-puzzle/stem-lab/wooden-mechanical-3d-puzzle-dream-gift-factory-rokr-eab01-p202	0	2	0	2.5
rokr globe	https://fr.robotoys.eu/casse-tete-3d-en-bois/lunivers/globe-lumineux-rokr-st003-p3	0	1	0	17
rokr globe	https://it.robotoys.eu/puzzle-3d-in-legno/luniverso/globo-luminoso-rokr-st003-p3	0	1	0	6
rokr globe	https://nl.robotoys.eu/houten-3d-puzzel/het-heelal/lichtgevende-wereldbol-rokr-st003-p3	0	1	0	8
rokr globe	https://se.robotoys.eu/3d-pussel-i-tra/universum/lysande-glob-rokr-st003-p3	0	1	0	10
rokr globe lumineux	https://fr.robotoys.eu/casse-tete-3d-en-bois/lunivers/globe-lumineux-rokr-st003-p3	0	1	0	13
rokr globe puzzle	https://robotoys.eu/wooden-3d-puzzle/the-universe/luminous-globe-rokr-st003-p3	0	1	0	5
rokr globus	https://cz.robotoys.eu/drevene-3d-puzzle/vesmir/svitici-globus-rokr-st003-p3	0	1	0	2
rokr globus	https://de.robotoys.eu/3d-puzzle-aus-holz/das-universum/leuchtender-globus-rokr-st003-p3	0	1	0	17
rokr globus	https://pl.robotoys.eu/drewniane-puzzle-3d/wszechswiat/swiecacy-globus-rokr-st003-p3	0	3	0	1
rokr grand prix car	https://it.robotoys.eu/puzzle-3d-in-legno/veicoli/modello-di-auto-grand-prix-rokr-mc401-p16	0	1	0	4
rokr grand prix car	https://robotoys.eu/wooden-3d-puzzle/vehicles/grand-prix-car-model-rokr-mc401-p16	0	1	0	5
rokr harry potter	https://cz.robotoys.eu/znacky/rokr	0	1	0	10
rokr holz	https://de.robotoys.eu/3d-puzzle-aus-holz/spieluhren/elektrischer-plattenspieler-rokr-lkb01d-p68	0	1	0	16
rokr holz	https://de.robotoys.eu/marken/rokr	0	3	0	15.33
rokr horloge	https://fr.robotoys.eu/casse-tete-3d-en-bois/horloges-et-calendriers/horloge-murale-zodiac-rokr-lc601-p52	0	1	0	27
rokr italia	https://it.robotoys.eu/blog/rokr-il-tuo-ingresso-nel-mondo-della-creativita-e-dellintrattenimento	0	5	0	7.8
rokr jeep	https://de.robotoys.eu/3d-puzzle-aus-holz/fahrzeuge/3d-puzzle-aus-holz-armeejeep-modell-rokr-mc701-p54	0	1	0	3
rokr justice guard ak47	https://robotoys.eu/wooden-3d-puzzle/weapons/ak-47-rifle-rokr-lq901-p67	0	1	0	9
rokr koekoeksklok	https://nl.robotoys.eu/houten-3d-puzzel/klokken-kalenders/houten-mechanische-3d-puzzel-koekoeksklok-houtkleur-rokr-lc901-p217	0	1	0	19
rokr lc901c	https://es.robotoys.eu/rompecabezas-3d-de-madera/relojes-y-calendarios/rompecabezas-mecanico-3d-de-madera-reloj-de-cuco-rokr-lc901c-p198	0	1	0	3
rokr lc901c	https://nl.robotoys.eu/houten-3d-puzzel/klokken-kalenders/houten-mechanische-3d-puzzel-koekoeksklok-rokr-lc901c-p198	0	2	0	11.5
rokr lc901c	https://robotoys.eu/wooden-3d-puzzle/clocks-calendars/wooden-mechanical-3d-puzzle-cuckoo-clock-rokr-lc901c-p198	0	3	0	5
rokr lk701	https://es.robotoys.eu/concurso-de-rompecabezas/locomotora-rokr-lk701-7	0	2	0	6
rokr lk701	https://es.robotoys.eu/rompecabezas-3d-de-madera/vehiculos/locomotora-rokr-lk701-p7	0	2	0	2.5
rokr locomotive	https://de.robotoys.eu/3d-puzzle-aus-holz/fahrzeuge/lokomotive-rokr-lk701-p7	0	2	0	5
rokr locomotive	https://fr.robotoys.eu/casse-tete-3d-en-bois/vehicules/locomotive-rokr-lk701-p7	0	1	0	19
rokr locomotive	https://robotoys.eu/wooden-3d-puzzle/vehicles/locomotive-rokr-lk701-p7	0	8	0	28.12
rokr locomotive lk701	https://es.robotoys.eu/rompecabezas-3d-de-madera/vehiculos/locomotora-rokr-lk701-p7	0	1	0	3
rokr locomotive lk701	https://robotoys.eu/wooden-3d-puzzle/vehicles/locomotive-rokr-lk701-p7	0	26	0	12.23
rokr logo	https://robotoys.eu/blog/rokr-your-entry-into-the-world-of-creativity-and-entertainment	0	2	0	7
rokr luminous globe	https://it.robotoys.eu/puzzle-3d-in-legno/luniverso/globo-luminoso-rokr-st003-p3	0	1	0	8
rokr luminous globe	https://robotoys.eu/wooden-3d-puzzle/the-universe/luminous-globe-rokr-st003-p3	0	1	0	15
rokr luminous globe 3d wooden puzzle	https://robotoys.eu/wooden-3d-puzzle/the-universe/luminous-globe-rokr-st003-p3	0	1	0	7
rokr macchina da scrivere	https://it.robotoys.eu/concorso-di-puzzle/macchina-da-scrivere-meccanica-versione-magica-rokr-lk703c-266	0	1	0	4
rokr macchina da scrivere	https://it.robotoys.eu/puzzle-3d-in-legno/stem-lab/puzzle-meccanico-3d-in-legno-macchina-da-scrivere-meccanica-versione-magica-rokr-lk703c-p266	0	9	0	2.89
rokr magic cello	https://it.robotoys.eu/puzzle-3d-in-legno/carillon/carillon-violoncello-magico-rokr-amk63-p1	0	2	0	3.5
rokr magic cello mechanical music box 3d wooden puzzle	https://robotoys.eu/wooden-3d-puzzle/music-boxes/music-box-magic-cello-rokr-amk63-p1	0	19	0	1
rokr magic piano	https://de.robotoys.eu/3d-puzzle-aus-holz/musikinstrumente/magic-piano-rokr-amk81-p70	0	1	0	10
rokr magic piano	https://es.robotoys.eu/rompecabezas-3d-de-madera/instrumentos-musicales/magic-piano-rokr-amk81-p70	0	1	0	4
rokr magic piano	https://it.robotoys.eu/puzzle-3d-in-legno/strumenti-musicali/pianoforte-magico-rokr-amk81-p70	0	3	0	4
rokr magic piano mechanical music box 3d wooden puzzle amk81	https://robotoys.eu/wooden-3d-puzzle/musical-instruments/magic-piano-rokr-amk81-p70	0	3	0	8
rokr magic piano music box	https://es.robotoys.eu/rompecabezas-3d-de-madera/instrumentos-musicales/magic-piano-rokr-amk81-p70	0	1	0	8
rokr maquetas	https://es.robotoys.eu/marcas/rokr	0	85	0	7.51
rokr maquina de escribir	https://es.robotoys.eu/concurso-de-rompecabezas/maquina-de-escribir-mecanica-version-clasica-rokr-lk703b-265	0	4	0	8
rokr marble night city	https://dk.robotoys.eu/trae-3d-puslespil/stem-lab/marble-night-city-rokr-lga01-p2	0	2	0	6.5
rokr marble night city	https://hu.robotoys.eu/fabol-keszult-3d-puzzle/stem-lab/marble-night-city-rokr-lga01-p2	0	1	0	2
rokr marble night city	https://it.robotoys.eu/puzzle-3d-in-legno/stem-lab/marble-night-city-rokr-lga01-p2	0	1	0	4
rokr marble night city	https://robotoys.eu/wooden-3d-puzzle/stem-lab/marble-night-city-rokr-lga01-p2	0	3	0	10.33
rokr marble night city lga01	https://hu.robotoys.eu/fabol-keszult-3d-puzzle/stem-lab/marble-night-city-rokr-lga01-p2	0	1	0	2
rokr marble night city lga01	https://nl.robotoys.eu/houten-3d-puzzel/stem-lab/marble-night-city-rokr-lga01-p2	0	1	0	7
rokr marble parkour lg501	https://es.robotoys.eu/rompecabezas-3d-de-madera/stem-lab/marmol-parkour-rokr-lg501-p42	0	1	0	1
rokr marble parkour lg501	https://nl.robotoys.eu/houten-3d-puzzel/stem-lab/marmer-parkour-rokr-lg501-p42	0	2	0	8
rokr marble parkour lg501	https://robotoys.eu/wooden-3d-puzzle/stem-lab/marble-parkour-rokr-lg501-p42	0	1	0	5
rokr marble travel london marble run 3d wooden puzzle	https://robotoys.eu/wooden-3d-puzzle/architecture/wooden-mechanical-3d-puzzle-marble-track-london-rokr-egb01-p264	0	1	0	1
rokr mcb02	https://robotoys.eu/wooden-3d-puzzle/vehicles/wooden-mechanical-3d-puzzle-the-seahorse-barque-rokr-mcb02-p212	0	1	0	22
rokr meaning	https://robotoys.eu/blog/rokr-your-entry-into-the-world-of-creativity-and-entertainment	0	3	0	8
rokr mechanical orrery st001	https://robotoys.eu/wooden-3d-puzzle/the-universe/solar-system-rokr-st001-p71	0	4	0	6.5
rokr mechanical typewriter lk703b	https://robotoys.eu/wooden-3d-puzzle/stem-lab/wooden-mechanical-3d-puzzle-mechanical-typewriter-classic-version-rokr-lk703b-p265	0	1	0	8
rokr mini gun	https://robotoys.eu/wooden-3d-puzzle/weapons/wooden-mechanical-3d-puzzle-mini-gun-rokr-lq502-p147	0	2	0	20
rokr model	https://pl.robotoys.eu/drewniane-puzzle-3d/pojazdy/drewniane-puzzle-3d-model-cylindra-drogowego-rokr-tg701k-p49	0	1	0	8
rokr model	https://pl.robotoys.eu/drewniane-puzzle-3d/pojazdy/model-ciezarowki-rokr-mc502-p27	0	1	0	5
rokr model	https://pl.robotoys.eu/marki/rokr	0	1	0	1
rokr modele	https://pl.robotoys.eu/drewniane-puzzle-3d/pojazdy	0	8	0	8.12
rokr modele	https://pl.robotoys.eu/drewniane-puzzle-3d/stem-lab/pinball-rokr-eg01-p43	0	6	0	2.5
rokr modele	https://pl.robotoys.eu/najlepiej-oceniane-produkty-marki-rokr	0	1	0	6
rokr modelle	https://de.robotoys.eu/bloggen/rokr-ihr-einstieg-in-die-welt-der-kreativitat-und-unterhaltung	0	3	0	12.33
rokr modelle	https://de.robotoys.eu/marken/rokr	0	3	0	19
rokr models	https://it.robotoys.eu/marche/rokr	0	1	0	7
rokr models	https://nl.robotoys.eu/merken/rokr	0	1	0	18
rokr models	https://robotoys.eu/brands/rokr	0	3	0	5.67
rokr motorcycle	https://robotoys.eu/wooden-3d-puzzle/vehicles/motorcycle-cruiser-rokr-lk504-p12	0	1	0	10
rokr nederland	https://nl.robotoys.eu/merken/rokr	0	1	0	22
rokr night city	https://fr.robotoys.eu/casse-tete-3d-en-bois/stem-lab/marble-night-city-rokr-lga01-p2	0	1	0	6
rokr night city	https://nl.robotoys.eu/houten-3d-puzzel/stem-lab/marble-night-city-rokr-lga01-p2	0	2	0	7
rokr night city	https://pt.robotoys.eu/quebra-cabeca-3d-de-madeira/stem-lab/marble-night-city-rokr-lga01-p2	0	1	0	8
rokr owl	https://pl.robotoys.eu/drewniane-puzzle-3d/zegary-i-kalendarze/zegarowa-sowa-rokr-lk503-p6	0	1	0	2
rokr owl	https://robotoys.eu/wooden-3d-puzzle/clocks-calendars/clock-owl-rokr-lk503-p6	0	1	0	4
rokr owl clock	https://robotoys.eu/wooden-3d-puzzle/clocks-calendars/clock-owl-rokr-lk503-p6	0	1	0	34
rokr owl clock instructions pdf	https://robotoys.eu/wooden-3d-puzzle/clocks-calendars/clock-owl-rokr-lk503-p6	0	1	0	18
rokr pendulum clock	https://robotoys.eu/wooden-3d-puzzle/clocks-calendars/clock-owl-rokr-lk503-p6	0	3	0	29
rokr piano	https://cz.robotoys.eu/drevene-3d-puzzle/hudebni-nastroje/kouzelny-klavir-rokr-amk81-p70	0	2	0	2.5
rokr piano	https://it.robotoys.eu/puzzle-3d-in-legno/strumenti-musicali/pianoforte-magico-rokr-amk81-p70	0	1	0	6
rokr piano	https://nl.robotoys.eu/houten-3d-puzzel/muziekinstrumenten/magische-piano-rokr-amk81-p70	0	1	0	9
rokr pinball	https://de.robotoys.eu/3d-puzzle-aus-holz/stem-lab/flipper-rokr-eg01-p43	0	1	0	17
rokr pinball	https://es.robotoys.eu/rompecabezas-3d-de-madera/stem-lab/pinball-rokr-eg01-p43	0	1	0	11
rokr pinball	https://it.robotoys.eu/puzzle-3d-in-legno/stem-lab/pinball-rokr-eg01-p43	0	4	0	8.25
rokr pinball	https://pl.robotoys.eu/drewniane-puzzle-3d/stem-lab/pinball-rokr-eg01-p43	0	2	0	5
rokr pinball	https://robotoys.eu/wooden-3d-puzzle/stem-lab/pinball-rokr-eg01-p43	0	19	0	7.26
rokr pinball	https://se.robotoys.eu/3d-pussel-i-tra/stem-lab/pinball-rokr-eg01-p43	0	3	0	5
rokr pinball machine	https://pl.robotoys.eu/drewniane-puzzle-3d/stem-lab/pinball-rokr-eg01-p43	0	1	0	5
rokr pinball machine	https://robotoys.eu/wooden-3d-puzzle/stem-lab/pinball-rokr-eg01-p43	0	1	0	7
rokr prime steam express mc501	https://es.robotoys.eu/rompecabezas-3d-de-madera/vehiculos/modelo-de-locomotora-de-vapor-rokr-mc501-p13	0	1	0	5
rokr products	https://robotoys.eu/blog/rokr-your-entry-into-the-world-of-creativity-and-entertainment	0	1	0	16
rokr puzzle	https://de.robotoys.eu/marken/rokr	0	1	0	17
rokr puzzle	https://es.robotoys.eu/marcas/rokr	0	3	0	6.33
rokr puzzle	https://it.robotoys.eu/blog/rokr-il-tuo-ingresso-nel-mondo-della-creativita-e-dellintrattenimento	0	1	0	15
rokr puzzle	https://it.robotoys.eu/marche/rokr	0	63	0	4.63
rokr puzzle	https://pl.robotoys.eu/drewniane-puzzle-3d/pojazdy/lokomotywa-rokr-lk701-p7	0	1	0	9
rokr puzzle	https://pl.robotoys.eu/marki/rokr	0	1	0	1
rokr puzzle	https://robotoys.eu/brands/rokr	0	17	0	17.71
rokr puzzle 3d	https://cz.robotoys.eu/drevene-3d-puzzle/stem-lab/drevene-mechanicke-3d-puzzle-klasicka-tiskarna-rokr-lk602-p90	0	1	0	6
rokr puzzle 3d	https://cz.robotoys.eu/znacky/rokr	0	1	0	1
rokr puzzle 3d	https://es.robotoys.eu/marcas/rokr	0	4	0	3.75
rokr puzzle 3d	https://fr.robotoys.eu/casse-tete-3d-en-bois/boites-a-musique/tourne-disque-electrique-rokr-lkb01d-p68	0	5	0	11
rokr puzzle 3d	https://it.robotoys.eu/marche/rokr	0	12	0	5.67
rokr puzzle 3d	https://it.robotoys.eu/prodotti-a-marchio-rokr-in-vendita	0	1	0	28
rokr puzzle 3d	https://it.robotoys.eu/puzzle-3d-in-legno/stem-lab/puzzle-meccanico-3d-in-legno-gear-ball-challenge-rokr-egc01-p213	0	1	0	4
rokr puzzle 3d	https://pl.robotoys.eu/drewniane-puzzle-3d/bronie/karabin-ak-47-rokr-lq901-p67	0	2	0	9.5
rokr puzzle 3d	https://pl.robotoys.eu/drewniane-puzzle-3d/instrumenty-muzyczne/magiczne-pianino-rokr-amk81-p70	0	2	0	5.5
rokr puzzle 3d	https://pl.robotoys.eu/drewniane-puzzle-3d/pozytywki/wiktorianska-latarnia-rokr-amk61-p80	0	1	0	10
rokr puzzle 3d	https://pl.robotoys.eu/drewniane-puzzle-3d/stem-lab/drewniana-mechaniczna-ukladanka-3d-fabryka-prezentow-marzen-rokr-eab01-p202	0	1	0	3
rokr puzzle 3d	https://pl.robotoys.eu/drewniane-puzzle-3d/stem-lab/drewniane-mechaniczne-puzzle-3d-klasyczna-drukarka-rokr-lk602-p90	0	3	0	7
rokr puzzle 3d	https://pl.robotoys.eu/marki/rokr	0	3	0	1
rokr puzzle 3d madera	https://es.robotoys.eu/marcas/rokr	0	5	0	5.8
rokr puzzle 3d madera	https://es.robotoys.eu/rompecabezas-3d-de-madera/relojes-y-calendarios/reloj-de-pared-zodiac-rokr-lc601-p52	0	5	0	6.2
rokr puzzles	https://es.robotoys.eu/marcas/rokr	0	13	0	5.54
rokr puzzles	https://robotoys.eu/brands/rokr	0	6	0	28.83
rokr puzzles near me	https://robotoys.eu/brands/rokr	0	1	0	6
rokr racing car	https://robotoys.eu/wooden-3d-puzzle/vehicles/wooden-mechanical-3d-puzzle-racing-car-rokr-lk505-p141	0	1	0	11
rokr racing car lk505	https://fr.robotoys.eu/casse-tete-3d-en-bois/vehicules/puzzle-mecanique-3d-en-bois-voiture-de-course-rokr-lk505-p141	0	2	0	9
rokr sale	https://robotoys.eu/brands/rokr	0	2	0	39.5
rokr solar system	https://it.robotoys.eu/puzzle-3d-in-legno/luniverso/sistema-solare-rokr-st001-p71	0	1	0	3
rokr st003	https://ee.robotoys.eu/puidust-3d-pusle/universum/helendav-maakera-rokr-st003-p3	0	1	0	2
rokr st003	https://ee.robotoys.eu/pusle-voistlus/helendav-maakera-rokr-st003-3	0	1	0	5
rokr starry night	https://es.robotoys.eu/rompecabezas-3d-de-madera/cajas-de-musica/caja-de-musica-noche-estrellada-rokr-amk51-p11	0	2	0	8.5
rokr starry night	https://it.robotoys.eu/puzzle-3d-in-legno/carillon/carillon-notte-stellata-rokr-amk51-p11	0	1	0	5
rokr stavebnice	https://cz.robotoys.eu/blog/drevene-3d-puzzle-jak-vybrat-svoji-prvni-stavebnice-a-na-co-se-pripravit	0	13	0	8.15
rokr stavebnice	https://cz.robotoys.eu/blog/rokr-vas-vstup-do-sveta-kreativity-a-zabavy	0	3	0	8.33
rokr stavebnice	https://cz.robotoys.eu/drevene-3d-puzzle/hudebni-nastroje/kouzelny-klavir-rokr-amk81-p70	0	7	0	7.14
rokr stavebnice	https://cz.robotoys.eu/drevene-3d-puzzle/stem-lab/drevene-mechanicke-3d-puzzle-tovarna-na-darky-snu-rokr-eab01-p202	0	8	0	7
rokr stavebnice	https://cz.robotoys.eu/drevene-3d-puzzle/vesmir/svitici-globus-rokr-st003-p3	0	7	0	7.14
rokr steam engine mechanical 3d wooden puzzle lka01	https://robotoys.eu/wooden-3d-puzzle/stem-lab/wooden-mechanical-3d-puzzle-steam-engine-rokr-lka01-p104	0	1	0	8
rokr steampunk	https://pl.robotoys.eu/marki/rokr	0	1	0	4
rokr store	https://robotoys.eu/brands/rokr	0	2	0	5.5
rokr submachine gun	https://robotoys.eu/wooden-3d-puzzle/weapons/thompson-rokr-lqb01-p74	0	2	0	9
rokr telescope	https://robotoys.eu/wooden-3d-puzzle/the-universe/monocular-telescope-rokr-st004-p8	0	1	0	6
rokr the seahorse barque 3d wooden puzzle mcb02	https://robotoys.eu/wooden-3d-puzzle/vehicles/wooden-mechanical-3d-puzzle-the-seahorse-barque-rokr-mcb02-p212	0	1	0	7
rokr thompson	https://fr.robotoys.eu/casse-tete-3d-en-bois/armes/thompson-rokr-lqb01-p74	0	3	0	6
rokr thompson submachine gun	https://robotoys.eu/wooden-3d-puzzle/weapons/thompson-rokr-lqb01-p74	0	2	0	11
rokr train	https://es.robotoys.eu/rompecabezas-3d-de-madera/vehiculos/locomotora-rokr-lk701-p7	0	1	0	6
rokr train	https://es.robotoys.eu/rompecabezas-3d-de-madera/vehiculos/modelo-de-locomotora-de-vapor-rokr-mc501-p13	0	1	0	9
rokr train	https://robotoys.eu/wooden-3d-puzzle/vehicles/locomotive-rokr-lk701-p7	0	1	0	9
rokr tram	https://nl.robotoys.eu/houten-3d-puzzel/voertuigen/houten-3d-puzzel-klassieke-stadstram-rokr-lk801-p88	0	2	0	4.5
rokr tram	https://robotoys.eu/wooden-3d-puzzle/vehicles/wooden-3d-puzzle-classic-city-tram-rokr-lk801-p88	0	2	0	7
rokr treasure tray	https://robotoys.eu/wooden-3d-puzzle/stem-lab/treasure-box-rokr-lk502-p57	0	1	0	13
rokr velociraptor	https://it.robotoys.eu/concorso-di-puzzle/velociraptor-rokr-ld01-220	0	1	0	9
rokr velociraptor	https://it.robotoys.eu/puzzle-3d-in-legno/gli-animali/puzzle-meccanico-3d-in-legno-velociraptor-rokr-ld01-p220	0	1	0	4
rokr view all games & puzzles	https://robotoys.eu/brands/rokr	0	4	0	36.25
rokr violin	https://es.robotoys.eu/rompecabezas-3d-de-madera/instrumentos-musicales/violin-capriccio-rokr-tg604k-p66	0	1	0	5
rokr violin	https://it.robotoys.eu/puzzle-3d-in-legno/strumenti-musicali/violino-capriccio-rokr-tg604k-p66	0	1	0	3
rokr violin	https://robotoys.eu/wooden-3d-puzzle/musical-instruments/violin-capriccio-rokr-tg604k-p66	0	2	0	11
rokr vitascope	https://de.robotoys.eu/3d-puzzle-aus-holz/stem-lab/filmprojektor-vitascope-rokr-lk601-p5	0	2	0	24.5
rokr vitascope	https://fr.robotoys.eu/casse-tete-3d-en-bois/stem-lab/projecteur-de-cinema-vitascope-rokr-lk601-p5	0	1	0	27
rokr vitascope	https://robotoys.eu/wooden-3d-puzzle/stem-lab/film-projector-vitascope-rokr-lk601-p5	0	1	0	6
rokr wereldbol	https://nl.robotoys.eu/houten-3d-puzzel/het-heelal/lichtgevende-wereldbol-rokr-st003-p3	0	1	0	1
rokr wooden	https://robotoys.eu/brands/rokr	0	1	0	10
rokr wooden models	https://robotoys.eu/brands/rokr	0	1	0	33
rokr wooden puzzles	https://es.robotoys.eu/marcas/rokr	0	1	0	6
rokr wooden puzzles	https://pl.robotoys.eu/marki/rokr	0	1	0	2
rokr wooden puzzles	https://robotoys.eu/brands/rokr	0	2	0	5
rokr конструктор	https://robotoys.eu/brands/rokr	0	1	0	18
rokr конструктор деревянный	https://robotoys.eu/brands/rokr	0	1	0	23
rokr 公司	https://robotoys.eu/blog/rokr-your-entry-into-the-world-of-creativity-and-entertainment	0	1	0	18
rokr.	https://es.robotoys.eu/marcas/rokr	0	1	0	5
rokr.	https://se.robotoys.eu/marken/rokr	0	1	0	4
rokrs	https://nl.robotoys.eu/merken/rokr	0	1	0	11
rolaif	https://it.robotoys.eu/marche/rolife	0	2	0	5
rolelife	https://it.robotoys.eu/marche/rolife	0	2	0	6.5
rolfie	https://dk.robotoys.eu/maerker/rolife	0	1	0	2
rolfie	https://ee.robotoys.eu/kaubamargid/rolife	0	1	0	3
rolfie	https://es.robotoys.eu/marcas/rolife	0	1	0	41
rolif3	https://pl.robotoys.eu/marki/rolife	0	1	0	6
rolife	https://bg.robotoys.eu/blog/rolife-krasotata-na-bavnyia-zhyvot-y-tvorchestvoto-napravy-sy-sam	0	1	0	13
rolife	https://cz.robotoys.eu/miniaturni-domky-doba-skladani-do-3-az-5-hodin	0	5	0	5.8
rolife	https://de.robotoys.eu/marken/rolife	0	2	0	25.5
rolife	https://dk.robotoys.eu/maerker/rolife	0	73	0	3.7
rolife	https://dk.robotoys.eu/rolife-maerkeprodukter-til-salg	0	18	0	3.89
rolife	https://ee.robotoys.eu/miniatuursete-majade-muuk	0	4	0	5.5
rolife	https://es.robotoys.eu/blog/lo-que-necesitas-saber-antes-de-construir-casas-en-miniatura	0	15	0	7.6
rolife	https://es.robotoys.eu/casas-en-miniatura/habitaciones-en-miniatura/casa-en-miniatura-el-atico-de-dora-rolife-dg12-p91	0	36	0	41.44
rolife	https://es.robotoys.eu/casas-en-miniatura/habitaciones-en-miniatura/mr-millers-garden-rolife-dg108-p23	0	22	0	20.68
rolife	https://es.robotoys.eu/marcas/rolife	0	8	0	7.5
rolife	https://gr.robotoys.eu/mikroskopika-spitia/biblia-nook/entheto-rafi-xristoygenniatikh-eswterikh-skhnh-rolife-tgc07-p140	0	3	0	7.33
rolife	https://gr.robotoys.eu/mikroskopika-spitia/mikroskopika-dwmatia/spiti-miniatoyra-sofita-ths-ntoras-rolife-dg12-p91	0	2	0	7.5
rolife	https://hr.robotoys.eu/brendovi/rolife	0	8	0	3.62
rolife	https://hu.robotoys.eu/miniatur-hazak/konyvek-kucko/nyaralo-kertes-haz-rolife-tgb06-p78	0	3	0	11
rolife	https://it.robotoys.eu/blog/rolife-la-bellezza-della-vita-lenta-e-della-creativita-fai-da-te	0	5	0	5.2
rolife	https://lv.robotoys.eu/zimoli/rolife	0	3	0	4.67
rolife	https://pt.robotoys.eu/blogue/rolife-a-beleza-da-vida-lenta-e-da-criatividade-diy	0	1	0	26
rolife	https://pt.robotoys.eu/casas-em-miniatura	0	1	0	4
rolife	https://pt.robotoys.eu/casas-em-miniatura/lojas-de-miniaturas/floricultura-emily-rolife-dg145-p25	0	1	0	17
rolife	https://pt.robotoys.eu/casas-em-miniatura/quartos-em-miniatura/casa-em-miniatura-escola-de-magia-rolife-dg166-p163	0	1	0	22
rolife	https://pt.robotoys.eu/concurso-de-quebra-cabeca/cena-interior-de-natal-rolife-tgc07-140	0	1	0	15
rolife	https://pt.robotoys.eu/concurso-de-quebra-cabeca/parque-tematico-de-contos-de-fadas-rolife-tgb17-257	0	1	0	11
rolife	https://pt.robotoys.eu/quebra-cabeca-3d-de-madeira/veiculos/bonde-historico-rolife-tg505-p40	0	1	0	42
rolife	https://ro.robotoys.eu/marci/rolife	0	1	0	13
rolife	https://se.robotoys.eu/3d-pussel-i-tra/speldosor/mekaniskt-3d-pussel-i-tra-klassisk-karusell-rolife-amc01-p146	0	4	0	7.25
rolife 3d	https://hu.robotoys.eu/markak/rolife	0	1	0	2
rolife 3d	https://it.robotoys.eu/marche/rolife	0	1	0	4
rolife 3d	https://pl.robotoys.eu/marki/rolife	0	2	0	2
rolife 3d puzzle	https://cz.robotoys.eu/znacky/rolife	0	1	0	3
rolife 3d puzzle	https://hu.robotoys.eu/fabol-keszult-3d-puzzle/viragok/fa-3d-puzzle-sakura-bonsai-rolife-tg415-p142	0	3	0	7
rolife 3d puzzle	https://it.robotoys.eu/puzzle-3d-in-legno/fiori	0	1	0	4
rolife 3d puzzle	https://it.robotoys.eu/puzzle-3d-in-legno/strumenti-musicali/puzzle-3d-in-legno-grammofono-rolife-tg408-p39	0	1	0	11
rolife 3d puzzle sakura bonsai	https://robotoys.eu/wooden-3d-puzzle/flowers/wooden-3d-puzzle-sakura-bonsai-rolife-tg415-p142	0	1	0	7
rolife 3d puzzle sakura journey	https://robotoys.eu/wooden-3d-puzzle/vehicles/wooden-3d-puzzle-sakura-journey-rolife-tgs02-p105	0	1	0	8
rolife 3d puzzle sakura tree house	https://de.robotoys.eu/3d-puzzle-aus-holz/die-architektur/3d-puzzle-aus-holz-sakura-baumhaus-rolife-tgs04-p201	0	2	0	7
rolife 3d puzzles	https://es.robotoys.eu/marcas/rolife	0	1	0	8
rolife 3d puzzles	https://pl.robotoys.eu/marki/rolife	0	1	0	7
rolife alice	https://it.robotoys.eu/case-in-miniatura/negozi-in-miniatura/casa-in-miniatura-negozio-di-te-di-alice-rolife-dg156-p61	0	1	0	1
rolife alice in wonderland book nook	https://gr.robotoys.eu/mikroskopika-spitia/biblia-nook/entheto-bibliothhkhs-taksidi-sth-xwra-twn-thaymatwn-rolife-tgb12-p165	0	1	0	4
rolife alice tea store	https://es.robotoys.eu/casas-en-miniatura/tiendas-de-miniaturas/casa-en-miniatura-la-tienda-de-te-de-alice-rolife-dg156-p61	0	1	0	11
rolife alice tea store	https://it.robotoys.eu/case-in-miniatura/negozi-in-miniatura/casa-in-miniatura-negozio-di-te-di-alice-rolife-dg156-p61	0	3	0	1
rolife amc01	https://es.robotoys.eu/rompecabezas-3d-de-madera/cajas-de-musica/rompecabezas-mecanico-3d-de-madera-carrusel-clasico-rolife-amc01-p146	0	1	0	7
rolife amc01	https://robotoys.eu/wooden-3d-puzzle/music-boxes/wooden-mechanical-3d-puzzle-classic-carousel-rolife-amc01-p146	0	1	0	6
rolife arcade	https://robotoys.eu/miniature-houses/books-nook/bookshelf-insert-arcade-dating-rolife-tgb10-p148	0	1	0	15
rolife arcade dating	https://it.robotoys.eu/case-in-miniatura/angolo-dei-libri/inserto-per-libreria-arcade-dating-rolife-tgb10-p148	0	1	0	9
rolife barcelona	https://es.robotoys.eu/marcas/rolife	0	4	0	7.25
rolife biblioteca	https://es.robotoys.eu/casas-en-miniatura/habitaciones-en-miniatura/biblioteca-de-estudio-de-sam-rolife-dg102-p86	0	1	0	10
rolife biblioteca	https://pt.robotoys.eu/casas-em-miniatura/quartos-em-miniatura/biblioteca-de-estudo-de-sam-rolife-dg102-p86	0	1	0	6
rolife big ben	https://de.robotoys.eu/3d-puzzle-aus-holz/die-architektur/big-ben-modell-mit-led-beleuchtung-rolife-tg507-p20	0	1	0	6
rolife big ben	https://es.robotoys.eu/rompecabezas-3d-de-madera/arquitectura/modelo-big-ben-con-iluminacion-led-rolife-tg507-p20	0	1	0	8
rolife big ben	https://nl.robotoys.eu/houten-3d-puzzel/architectuur/big-ben-model-met-led-verlichting-rolife-tg507-p20	0	1	0	5
rolife big ben	https://robotoys.eu/wooden-3d-puzzle/architecture/big-ben-model-with-led-lighting-rolife-tg507-p20	0	1	0	8
rolife bistro	https://es.robotoys.eu/casas-en-miniatura/tiendas-de-miniaturas/casa-en-miniatura-restaurante-tipsy-rolife-dg167-p209	0	1	0	10
rolife bistro bar	https://es.robotoys.eu/casas-en-miniatura/tiendas-de-miniaturas/casa-en-miniatura-restaurante-tipsy-rolife-dg167-p209	0	1	0	10
rolife bloemenwinkel	https://nl.robotoys.eu/miniatuur-huizen/miniatuur-winkels/bloemenwinkel-emily-rolife-dg145-p25	0	6	0	13.17
rolife boat	https://robotoys.eu/wooden-3d-puzzle/vehicles/wooden-3d-puzzle-fishing-boat-model-rolife-tg308-p38	0	1	0	7
rolife bonsai	https://de.robotoys.eu/3d-puzzle-aus-holz/blumen/holz-3d-puzzle-immergruner-kiefernbonsai-rolife-tg510-p143	0	2	0	1
rolife bonsai	https://nl.robotoys.eu/houten-3d-puzzel/bloemen/houten-3d-puzzel-sakura-bonsai-rolife-tg415-p142	0	7	0	10.57
rolife bonsai tree	https://de.robotoys.eu/3d-puzzle-aus-holz/blumen/holz-3d-puzzle-immergruner-kiefernbonsai-rolife-tg510-p143	0	1	0	12
rolife bonsai tree	https://es.robotoys.eu/rompecabezas-3d-de-madera/flores/rompecabezas-3d-de-madera-sakura-bonsai-rolife-tg415-p142	0	1	0	8
rolife bonsai tree	https://robotoys.eu/wooden-3d-puzzle/flowers/wooden-3d-puzzle-sakura-bonsai-rolife-tg415-p142	0	2	0	8.5
rolife book nook	https://cz.robotoys.eu/miniaturni-domecky/books-nook	0	15	0	2.93
rolife book nook	https://hu.robotoys.eu/miniatur-hazak/konyvek-kucko/sakura-densya-rolife-tgb01-p29	0	1	0	4
rolife book nook	https://robotoys.eu/miniature-houses/books-nook	0	3	0	3.33
rolife book nook	https://si.robotoys.eu/miniaturne-hise/knjige-nook	0	2	0	3
rolife book nook arcade dating	https://robotoys.eu/miniature-houses/books-nook/bookshelf-insert-arcade-dating-rolife-tgb10-p148	0	1	0	25
rolife book nook sakura	https://robotoys.eu/miniature-houses/books-nook/sakura-densya-rolife-tgb01-p29	0	3	0	7.67
rolife book nook sakura densya	https://cz.robotoys.eu/miniaturni-domecky/books-nook/sakura-densya-rolife-tgb01-p29	0	1	0	1
rolife book nook sakura densya	https://it.robotoys.eu/case-in-miniatura/angolo-dei-libri/sakura-densya-rolife-tgb01-p29	0	1	0	6
rolife book nook sakura densya	https://robotoys.eu/miniature-houses/books-nook/sakura-densya-rolife-tgb01-p29	0	2	0	7
rolife bookstore tgb07	https://fr.robotoys.eu/maisons-miniatures/coin-livres/bookstore-rolife-tgb07-p76	0	1	0	10
rolife café	https://pl.robotoys.eu/miniaturowe-domki/kacik-ksiazek/wkladka-do-regalu-holiday-cafe-rolife-tgb15-p225	0	1	0	7
rolife carousel	https://nl.robotoys.eu/houten-3d-puzzel/muziekdoosjes/houten-mechanische-3d-puzzel-klassieke-carrousel-rolife-amc01-p146	0	2	0	4
rolife carousel	https://pt.robotoys.eu/quebra-cabeca-3d-de-madeira/caixas-de-musica/quebra-cabeca-mecanico-3d-de-madeira-carrossel-classico-rolife-amc01-p146	0	1	0	2
rolife carrusel	https://robotoys.eu/wooden-3d-puzzle/music-boxes/wooden-mechanical-3d-puzzle-classic-carousel-rolife-amc01-p146	0	1	0	8
rolife casa	https://pt.robotoys.eu/casas-em-miniatura/lojas-de-miniaturas/floricultura-emily-rolife-dg145-p25	0	1	0	7
rolife cathy's flower house	https://fr.robotoys.eu/maisons-miniatures/chambres-miniatures/serre-de-mme-cathy-rolife-dg104-p28	0	4	0	6.5
rolife cathy's flower house	https://robotoys.eu/miniature-houses/miniature-rooms/cathys-flower-house-rolife-dg104-p28	0	3	0	10
rolife cathy's flower house dg104	https://robotoys.eu/miniature-houses/miniature-rooms/cathys-flower-house-rolife-dg104-p28	0	1	0	4
rolife cello	https://cz.robotoys.eu/drevene-3d-puzzle/hudebni-nastroje/drevene-3d-puzzle-cello-rolife-tg411-p85	0	1	0	1
rolife cello	https://it.robotoys.eu/puzzle-3d-in-legno/strumenti-musicali/puzzle-3d-in-legno-violoncello-rolife-tg411-p85	0	1	0	1
rolife chalet	https://it.robotoys.eu/puzzle-3d-in-legno/architettura/puzzle-3d-in-legno-mini-chalet-di-montagna-a-forma-di-a-rolife-dg181-p227	0	2	0	10
rolife chalet	https://robotoys.eu/wooden-3d-puzzle/architecture/wooden-3d-puzzle-mini-a-frame-mountain-chalet-rolife-dg181-p227	0	1	0	6
rolife christmas melody tree	https://robotoys.eu/wooden-3d-puzzle/music-boxes/wooden-mechanical-3d-puzzle-melodic-christmas-tree-rolife-ams01-p138	0	1	0	18
rolife christmas street	https://robotoys.eu/miniature-houses/books-nook/bookshelf-insert-christmas-street-rolife-tgc06-p139	0	1	0	4
rolife cocina	https://es.robotoys.eu/casas-en-miniatura/habitaciones-en-miniatura/casa-en-miniatura-cocina-acogedora-rolife-dg159-p89	0	2	0	9.5
rolife company	https://robotoys.eu/brands/rolife	0	1	0	11
rolife country of origin	https://robotoys.eu/brands/rolife	0	5	0	7.8
rolife cozy kitchen	https://de.robotoys.eu/miniaturhauser/miniaturraume/miniaturhaus-gemutliche-kuche-rolife-dg159-p89	0	1	0	7
rolife cozy kitchen diy miniature house kit dg159	https://robotoys.eu/miniature-houses/miniature-rooms/miniature-house-cozy-kitchen-rolife-dg159-p89	0	1	0	2
rolife creation set	https://robotoys.eu/miniature-houses/books-nook/bookshelf-insert-flower-corner-rolife-tgb09-p108	0	3	0	10.67
rolife danmark	https://dk.robotoys.eu/de-bedst-saelgende-produkter-fra-rolife-maerket	0	1	0	12
rolife danmark	https://dk.robotoys.eu/de-mest-populaere-rolife-maerkeprodukter	0	1	0	14
rolife danmark	https://dk.robotoys.eu/maerker/rolife	0	9	0	2
rolife danmark	https://dk.robotoys.eu/rolife-maerkeprodukter-til-salg	0	2	0	1
rolife detective agency	https://robotoys.eu/miniature-houses/miniature-rooms/moses-detective-agency-rolife-dg157-p24	0	1	0	9
rolife dg102	https://fr.robotoys.eu/maisons-miniatures/chambres-miniatures/bibliotheque-detude-de-sam-rolife-dg102-p86	0	1	0	5
rolife dg104	https://lt.robotoys.eu/miniatiuriniai-namai/miniatiuriniai-kambariai/ponios-cathy-siltnamis-rolife-dg104-p28	0	2	0	3
rolife dg104	https://nl.robotoys.eu/miniatuur-huizen/miniatuurkamers/de-kas-van-mevrouw-cathy-rolife-dg104-p28	0	1	0	10
rolife dg145	https://robotoys.eu/miniature-houses/miniature-stores/flower-shop-emily-rolife-dg145-p25	0	1	0	5
rolife dg167	https://robotoys.eu/miniature-houses/miniature-stores/miniature-house-restaurant-tipsy-rolife-dg167-p209	0	2	0	5
rolife dg181	https://cz.robotoys.eu/drevene-3d-puzzle/architektura/drevene-3d-puzzle-mini-horska-chata-a-frame-rolife-dg181-p227	0	1	0	2
rolife dg181	https://hu.robotoys.eu/fabol-keszult-3d-puzzle/epiteszet/fa-3d-kirako-mini-a-keretu-hegyi-fahaz-rolife-dg181-p227	0	1	0	2
rolife dg181	https://robotoys.eu/wooden-3d-puzzle/architecture/wooden-3d-puzzle-mini-a-frame-mountain-chalet-rolife-dg181-p227	0	2	0	6.5
rolife disney	https://dk.robotoys.eu/maerker/rolife	0	2	0	6
rolife diy	https://pl.robotoys.eu/blog/rolife-piekno-slow-life-i-kreatywnosci-diy	0	1	0	9
rolife diy	https://pl.robotoys.eu/marki/rolife	0	3	0	9
rolife diy house	https://dk.robotoys.eu/miniaturehuse	0	1	0	12
rolife diy miniature	https://robotoys.eu/miniature-houses/books-nook/bookshelf-insert-sakura-wine-alley-rolife-tgb11-p164	0	1	0	8
rolife diy miniature dollhouse dg102	https://nl.robotoys.eu/miniatuur-huizen/miniatuurkamers/sams-studiebibliotheek-rolife-dg102-p86	0	1	0	1
rolife diy miniature house	https://de.robotoys.eu/miniaturhauser/miniaturraume/mrs-cathys-gewachshaus-rolife-dg104-p28	0	1	0	1
rolife diy miniature house	https://dk.robotoys.eu/miniaturehuse	0	3	0	10.33
rolife diy miniature house	https://hu.robotoys.eu/miniatur-hazak	0	3	0	5.67
rolife diy miniature house cozy kitchen	https://robotoys.eu/miniature-houses/miniature-rooms/miniature-house-cozy-kitchen-rolife-dg159-p89	0	1	0	3
rolife diy miniature house dg104	https://de.robotoys.eu/miniaturhauser/miniaturraume/mrs-cathys-gewachshaus-rolife-dg104-p28	0	1	0	1
rolife diy miniature house the magic study dg166	https://robotoys.eu/miniature-houses/miniature-rooms/miniature-house-the-magic-study-rolife-dg166-p163	0	1	0	10
rolife doras loft	https://robotoys.eu/miniature-houses/miniature-rooms/miniature-house-doras-loft-rolife-dg12-p91	0	1	0	8
rolife doras loft	https://se.robotoys.eu/miniatyrhus/miniatyrrum/miniatyrhus-doras-vind-rolife-dg12-p91	0	1	0	8
rolife dream gift factory	https://robotoys.eu/wooden-3d-puzzle/stem-lab/wooden-mechanical-3d-puzzle-dream-gift-factory-rokr-eab01-p202	0	1	0	4
rolife eesti	https://ee.robotoys.eu/blogi/rolife-aeglase-elu-ja-isetegemise-loovuse-ilu	0	4	0	7.5
rolife eesti	https://ee.robotoys.eu/miniatuursed-majad	0	3	0	8.33
rolife eiffel tower	https://fr.robotoys.eu/casse-tete-3d-en-bois/architecture/maquette-de-la-tour-eiffel-rolife-tg501-p17	0	1	0	10
rolife emily's flower shop	https://it.robotoys.eu/case-in-miniatura/negozi-in-miniatura/negozio-di-fiori-emily-rolife-dg145-p25	0	1	0	9
rolife emily's flower shop	https://robotoys.eu/miniature-houses/miniature-stores/flower-shop-emily-rolife-dg145-p25	0	3	0	7
rolife emily's flower shop () reviews	https://robotoys.eu/miniature-houses/miniature-stores/flower-shop-emily-rolife-dg145-p25	0	1	0	11
rolife emily's flower shop difficulty	https://robotoys.eu/miniature-houses/miniature-stores/flower-shop-emily-rolife-dg145-p25	0	2	0	4.5
rolife emilys flower shop	https://robotoys.eu/miniature-houses/miniature-stores/flower-shop-emily-rolife-dg145-p25	0	1	0	7
rolife españa	https://es.robotoys.eu/marcas/rolife	0	19	0	5.32
rolife europe	https://robotoys.eu/blog/rolife-the-beauty-of-slow-life-and-diy-creativity	0	2	0	10
rolife europe	https://robotoys.eu/brands/rolife	0	8	0	3.5
rolife evergreen pine bonsai	https://robotoys.eu/wooden-3d-puzzle/flowers/wooden-3d-puzzle-evergreen-pine-bonsai-rolife-tg510-p143	0	1	0	5
rolife falling sakura	https://de.robotoys.eu/miniaturhauser/bucher-ecke/bucherregaleinsatz-falling-sakura-rolife-tgb05-p50	0	1	0	9
rolife ferris wheel	https://robotoys.eu/wooden-3d-puzzle/music-boxes/ferris-wheel-rolife-tgn01-p18	0	2	0	9.5
rolife five storied pagoda	https://pl.robotoys.eu/drewniane-puzzle-3d/architektura/pieciopietrowa-pagoda-rolife-tgn02-p45	0	1	0	4
rolife five storied pagoda	https://robotoys.eu/wooden-3d-puzzle/architecture/five-story-pagoda-rolife-tgn02-p45	0	4	0	2.75
rolife flower shop	https://dk.robotoys.eu/miniaturehuse/miniature-butikker/blomsterbutik-emily-rolife-dg145-p25	0	1	0	44
rolife gramophone	https://it.robotoys.eu/puzzle-3d-in-legno/strumenti-musicali/puzzle-3d-in-legno-grammofono-rolife-tg408-p39	0	1	0	7
rolife gramophone	https://robotoys.eu/wooden-3d-puzzle/musical-instruments/wooden-3d-puzzle-gramophone-rolife-tg408-p39	0	1	0	3
rolife grand piano	https://robotoys.eu/wooden-3d-puzzle/musical-instruments/wooden-3d-puzzle-grand-piano-rolife-tg402-p200	0	1	0	8
rolife greece	https://gr.robotoys.eu/markes/rolife	0	3	0	3
rolife happy corner emily's flower shop	https://es.robotoys.eu/casas-en-miniatura/tiendas-de-miniaturas/floristeria-emily-rolife-dg145-p25	0	1	0	6
rolife holiday cafe	https://dk.robotoys.eu/miniaturehuse/boger-nook/bogreolindsats-holiday-cafe-rolife-tgb15-p225	0	1	0	4
rolife honey ice cream shop	https://robotoys.eu/miniature-houses/miniature-stores/miniature-house-honey-ice-cream-store-rolife-dg148-p65	0	2	0	8
rolife hot air balloon	https://robotoys.eu/wooden-3d-puzzle/vehicles/hot-air-balloon-rolife-tg406-p84	0	3	0	3.67
rolife houses	https://robotoys.eu/miniature-houses-200-to-299-pcs	0	2	0	4
rolife invernadero	https://es.robotoys.eu/casas-en-miniatura/habitaciones-en-miniatura/invernadero-de-la-sra-cathy-rolife-dg104-p28	0	2	0	1
rolife italia	https://it.robotoys.eu/case-in-miniatura/camere-in-miniatura/il-giardino-di-mr-miller-rolife-dg108-p23	0	1	0	10
rolife italia	https://it.robotoys.eu/marche/rolife	0	27	0	3.89
rolife italy	https://robotoys.eu/brands/rolife	0	1	0	6
rolife japon	https://es.robotoys.eu/marcas/rolife	0	2	0	6.5
rolife jardin	https://fr.robotoys.eu/maisons-miniatures/chambres-miniatures/jardin-de-m-miller-rolife-dg108-p23	0	1	0	4
rolife karussell	https://de.robotoys.eu/3d-puzzle-aus-holz/spieluhren/mechanisches-3d-puzzle-aus-holz-klassisches-karussell-rolife-amc01-p146	0	1	0	7
rolife keuken	https://nl.robotoys.eu/miniatuur-huizen/miniatuurkamers/miniatuurhuis-gezellige-keuken-rolife-dg159-p89	0	5	0	13.6
rolife library sam's study diy miniature dollhouse	https://robotoys.eu/miniature-houses/miniature-rooms/sams-study-library-rolife-dg102-p86	0	2	0	10
rolife libreria	https://it.robotoys.eu/case-in-miniatura/angolo-dei-libri/inserto-libreria-via-di-natale-rolife-tgc06-p139	0	1	0	4
rolife logo	https://es.robotoys.eu/marcas/rolife	0	14	0	1
rolife logo	https://pl.robotoys.eu/marki/rolife	0	1	0	5
rolife london bus	https://robotoys.eu/wooden-3d-puzzle/vehicles/wooden-3d-puzzle-london-tourist-bus-rolife-tgm02-p106	0	1	0	10
rolife magic	https://it.robotoys.eu/case-in-miniatura/angolo-dei-libri/magical-house-rolife-tgb03-p58	0	1	0	11
rolife magic house	https://it.robotoys.eu/case-in-miniatura/angolo-dei-libri/magical-house-rolife-tgb03-p58	0	1	0	3
rolife maquette	https://fr.robotoys.eu/les-produits-de-la-marque-rolife-les-moins-chers	0	4	0	3.25
rolife miller's garden	https://de.robotoys.eu/miniaturhauser/miniaturraume/mr-millers-garden-rolife-dg108-p23	0	1	0	7
rolife miller's garden	https://fr.robotoys.eu/maisons-miniatures/chambres-miniatures/jardin-de-m-miller-rolife-dg108-p23	0	1	0	3
rolife miller's garden	https://nl.robotoys.eu/miniatuur-huizen/miniatuurkamers/mr-millers-garden-rolife-dg108-p23	0	2	0	1.5
rolife miller's garden	https://pl.robotoys.eu/miniaturowe-domki/miniaturowe-pokoje/ogrod-pana-millera-rolife-dg108-p23	0	1	0	1
rolife miller's garden	https://robotoys.eu/miniature-houses/miniature-rooms/mr-millers-garden-rolife-dg108-p23	0	1	0	3
rolife millers garden	https://de.robotoys.eu/miniaturhauser/miniaturraume/mr-millers-garden-rolife-dg108-p23	0	3	0	9.67
rolife millers garden	https://robotoys.eu/miniature-houses/miniature-rooms/mr-millers-garden-rolife-dg108-p23	0	1	0	6
rolife mini	https://dk.robotoys.eu/maerker/rolife	0	2	0	2
rolife miniatur	https://hu.robotoys.eu/miniatur-hazak	0	1	0	10
rolife miniatura	https://pt.robotoys.eu/casas-em-miniatura	0	1	0	8
rolife miniaturas	https://lv.robotoys.eu/miniaturas-majas/miniaturas-istabas/millera-kunga-darzs-rolife-dg108-p23	0	1	0	5
rolife miniaturas	https://lv.robotoys.eu/miniaturas-majas/miniaturas-istabas/miniatura-maja-majiga-virtuve-rolife-dg159-p89	0	1	0	4
rolife miniaturas	https://lv.robotoys.eu/miniaturas-majas/miniaturie-veikali/miniatura-maja-alises-tejas-veikals-rolife-dg156-p61	0	1	0	5
rolife miniaturas	https://lv.robotoys.eu/zimoli/rolife	0	5	0	2
rolife miniaturas	https://pt.robotoys.eu/marcas/rolife	0	1	0	7
rolife miniature	https://dk.robotoys.eu/rolife-maerkeprodukter-til-salg	0	4	0	6
rolife miniature	https://gr.robotoys.eu/markes/rolife	0	6	0	8.17
rolife miniature	https://gr.robotoys.eu/mikroskopika-spitia/mikroskopika-dwmatia/spiti-miniatoyra-sofita-ths-ntoras-rolife-dg12-p91	0	1	0	9
rolife miniature	https://it.robotoys.eu/case-in-miniatura/camere-in-miniatura/casa-in-miniatura-villa-accogliente-per-cuccioli-rolife-dg169-p149	0	3	0	7.33
rolife miniature	https://robotoys.eu/miniature-houses-200-to-299-pcs	0	1	0	12
rolife miniature	https://robotoys.eu/miniature-houses/books-nook/bookshelf-insert-flower-corner-rolife-tgb09-p108	0	1	0	7
rolife miniature	https://robotoys.eu/miniature-houses/books-nook/bookshelf-insert-sakura-wine-alley-rolife-tgb11-p164	0	1	0	2
rolife miniature house	https://hu.robotoys.eu/miniatur-hazak	0	1	0	3
rolife miniature house	https://it.robotoys.eu/case-in-miniatura	0	1	0	5
rolife miniature house	https://robotoys.eu/miniature-houses-200-to-299-pcs	0	1	0	9
rolife miniature italia	https://it.robotoys.eu/marche/rolife	0	6	0	2.17
rolife miniatures	https://robotoys.eu/miniature-houses/books-nook/bookshelf-insert-sakura-wine-alley-rolife-tgb11-p164	0	1	0	6
rolife mose's detective agency	https://robotoys.eu/miniature-houses/miniature-rooms/moses-detective-agency-rolife-dg157-p24	0	1	0	6
rolife natale	https://it.robotoys.eu/case-in-miniatura/angolo-dei-libri/inserto-libreria-via-di-natale-rolife-tgc06-p139	0	1	0	7
rolife natale	https://it.robotoys.eu/marche/rolife	0	1	0	7
rolife natale	https://it.robotoys.eu/puzzle-3d-in-legno/carillon/puzzle-3d-meccanico-in-legno-albero-di-natale-melodico-rolife-ams01-p138	0	2	0	2
rolife negozi italia	https://it.robotoys.eu/marche/rolife	0	1	0	1
rolife origin	https://robotoys.eu/blog/rolife-the-beauty-of-slow-life-and-diy-creativity	0	2	0	8.5
rolife origin	https://robotoys.eu/brands/rolife	0	2	0	9.5
rolife pagoda	https://hu.robotoys.eu/fabol-keszult-3d-puzzle/epiteszet/ot-emeletes-pagoda-rolife-tgn02-p45	0	1	0	1
rolife pagoda	https://nl.robotoys.eu/houten-3d-puzzel/architectuur/pagode-van-vijf-verdiepingen-rolife-tgn02-p45	0	1	0	13
rolife pagoda	https://robotoys.eu/wooden-3d-puzzle/architecture/five-story-pagoda-rolife-tgn02-p45	0	8	0	3
rolife piano	https://de.robotoys.eu/3d-puzzle-aus-holz/musikinstrumente/3d-puzzle-aus-holz-flugel-rolife-tg402-p200	0	1	0	12
rolife piano	https://fr.robotoys.eu/casse-tete-3d-en-bois/instruments-de-musique/puzzle-3d-en-bois-piano-a-queue-rolife-tg402-p200	0	1	0	10
rolife piano	https://it.robotoys.eu/puzzle-3d-in-legno/strumenti-musicali/puzzle-3d-in-legno-pianoforte-a-coda-rolife-tg402-p200	0	1	0	2
rolife piano	https://robotoys.eu/wooden-3d-puzzle/musical-instruments/wooden-3d-puzzle-grand-piano-rolife-tg402-p200	0	1	0	5
rolife portugal	https://pt.robotoys.eu/blogue/rolife-a-beleza-da-vida-lenta-e-da-criatividade-diy	0	18	0	7.78
rolife portugal	https://pt.robotoys.eu/marcas/rolife	0	22	0	4.32
rolife puzzle	https://es.robotoys.eu/marcas/rolife	0	3	0	6
rolife puzzle	https://it.robotoys.eu/marche/rolife	0	2	0	4.5
rolife puzzle 3d	https://it.robotoys.eu/puzzle-3d-in-legno/fiori	0	1	0	6
rolife puzzle 3d	https://it.robotoys.eu/puzzle-3d-in-legno/strumenti-musicali/puzzle-3d-in-legno-grammofono-rolife-tg408-p39	0	20	0	5.8
rolife puzzle 3d	https://pl.robotoys.eu/drewniane-puzzle-3d/architektura/pieciopietrowa-pagoda-rolife-tgn02-p45	0	4	0	7.75
rolife puzzle 3d	https://pl.robotoys.eu/drewniane-puzzle-3d/instrumenty-muzyczne/drewniane-puzzle-3d-gramofon-rolife-tg408-p39	0	4	0	7.75
rolife puzzle 3d	https://pl.robotoys.eu/marki/rolife	0	5	0	5.2
rolife puzzle 3d bois sakura journey	https://fr.robotoys.eu/casse-tete-3d-en-bois/vehicules/puzzle-3d-en-bois-sakura-journey-rolife-tgs02-p105	0	2	0	1
rolife puzzles	https://it.robotoys.eu/puzzle-3d-in-legno/carillon/puzzle-meccanico-3d-in-legno-giostra-classica-rolife-amc01-p146	0	1	0	8
rolife restaurant	https://es.robotoys.eu/casas-en-miniatura/tiendas-de-miniaturas/casa-en-miniatura-restaurante-tipsy-rolife-dg167-p209	0	1	0	10
rolife restaurant	https://nl.robotoys.eu/miniatuur-huizen/miniatuur-winkels/miniatuurhuis-restaurant-tipsy-rolife-dg167-p209	0	7	0	14.71
rolife restaurant	https://robotoys.eu/miniature-houses/miniature-stores/miniature-house-restaurant-tipsy-rolife-dg167-p209	0	1	0	9
rolife robotime	https://it.robotoys.eu/blog/rolife-la-bellezza-della-vita-lenta-e-della-creativita-fai-da-te	0	1	0	10
rolife sailing ship	https://robotoys.eu/wooden-3d-puzzle/vehicles/sailling-ship-model-rolife-tg305-p21	0	1	0	6
rolife sakura	https://cz.robotoys.eu/drevene-3d-puzzle/architektura/drevene-3d-puzzle-domecek-na-strome-sakura-rolife-tgs04-p201	0	1	0	3
rolife sakura	https://cz.robotoys.eu/miniaturni-domecky/books-nook/sakura-densya-rolife-tgb01-p29	0	1	0	3
rolife sakura	https://it.robotoys.eu/case-in-miniatura/angolo-dei-libri/sakura-densya-rolife-tgb01-p29	0	5	0	4.2
rolife sakura	https://pl.robotoys.eu/miniaturowe-domki/kacik-ksiazek/sakura-densya-rolife-tgb01-p29	0	1	0	2
rolife sakura	https://pt.robotoys.eu/casas-em-miniatura/recanto-dos-livros/sakura-densya-rolife-tgb01-p29	0	4	0	3
rolife sakura baumhaus	https://de.robotoys.eu/3d-puzzle-aus-holz/die-architektur/3d-puzzle-aus-holz-sakura-baumhaus-rolife-tgs04-p201	0	1	0	4
rolife sakura bonsai	https://it.robotoys.eu/puzzle-3d-in-legno/fiori/puzzle-3d-in-legno-sakura-bonsai-rolife-tg415-p142	0	2	0	2
rolife sakura bonsai	https://robotoys.eu/wooden-3d-puzzle/flowers/wooden-3d-puzzle-sakura-bonsai-rolife-tg415-p142	0	1	0	5
rolife sakura densya	https://it.robotoys.eu/case-in-miniatura/angolo-dei-libri/sakura-densya-rolife-tgb01-p29	0	2	0	5
rolife sakura densya	https://nl.robotoys.eu/miniatuur-huizen/boeken-hoekje/sakura-densya-rolife-tgb01-p29	0	1	0	6
rolife sakura densya	https://pt.robotoys.eu/casas-em-miniatura/recanto-dos-livros/sakura-densya-rolife-tgb01-p29	0	1	0	4
rolife sakura densya	https://robotoys.eu/miniature-houses/books-nook/sakura-densya-rolife-tgb01-p29	0	5	0	4.6
rolife sakura dreamy tour	https://de.robotoys.eu/3d-puzzle-aus-holz/spieluhren/mechanisches-3d-puzzle-aus-holz-sakura-dreamy-tour-rolife-amt02-p219	0	1	0	8
rolife sakura dreamy tour	https://es.robotoys.eu/rompecabezas-3d-de-madera/cajas-de-musica/rompecabezas-mecanico-3d-de-madera-sakura-dreamy-tour-rolife-amt02-p219	0	1	0	7
rolife sakura dreamy tour	https://it.robotoys.eu/concorso-di-puzzle/sakura-dreamy-tour-rolife-amt02-219	0	1	0	7
rolife sakura dreamy tour	https://it.robotoys.eu/puzzle-3d-in-legno/carillon/puzzle-meccanico-3d-in-legno-sakura-dreamy-tour-rolife-amt02-p219	0	1	0	2
rolife sakura dreamy tour	https://se.robotoys.eu/3d-pussel-i-tra/speldosor/mekaniskt-3d-pussel-i-tra-sakura-dreamy-tour-rolife-amt02-p219	0	1	0	4
rolife sakura journey	https://it.robotoys.eu/puzzle-3d-in-legno/veicoli/puzzle-3d-in-legno-sakura-journey-rolife-tgs02-p105	0	3	0	3
rolife sakura pavilion	https://nl.robotoys.eu/houten-3d-puzzel/architectuur/houten-3d-puzzel-sakura-paviljoen-rolife-tga07-p268	0	1	0	7
rolife sakura tree house	https://de.robotoys.eu/3d-puzzle-aus-holz/die-architektur/3d-puzzle-aus-holz-sakura-baumhaus-rolife-tgs04-p201	0	1	0	2
rolife sakura tree house	https://es.robotoys.eu/concurso-de-rompecabezas/sakura-treehouse-rolife-tgs04-201	0	1	0	9
rolife sakura tree house	https://it.robotoys.eu/puzzle-3d-in-legno/architettura/puzzle-3d-in-legno-sakura-treehouse-rolife-tgs04-p201	0	2	0	6.5
rolife sakura tree house	https://pt.robotoys.eu/quebra-cabeca-3d-de-madeira/arquitetura/quebra-cabeca-3d-de-madeira-sakura-treehouse-rolife-tgs04-p201	0	1	0	10
rolife sakura wine alley	https://it.robotoys.eu/case-in-miniatura/angolo-dei-libri/inserto-per-libreria-vicolo-del-vino-sotto-i-sakura-rolife-tgb11-p164	0	1	0	9
rolife sakura wine alley - book nook	https://de.robotoys.eu/miniaturhauser/bucher-ecke/bucherregaleinsatz-weinallee-unter-den-sakura-baumen-rolife-tgb11-p164	0	1	0	1
rolife sam's study	https://robotoys.eu/miniature-houses/miniature-rooms/sams-study-library-rolife-dg102-p86	0	5	0	8.2
rolife sam's study dg102	https://robotoys.eu/miniature-houses/miniature-rooms/sams-study-library-rolife-dg102-p86	0	2	0	6.5
rolife saxophone	https://de.robotoys.eu/3d-puzzle-aus-holz/musikinstrumente/saxophon-rolife-tg309-p26	0	1	0	8
rolife saxophone	https://fr.robotoys.eu/casse-tete-3d-en-bois/instruments-de-musique/saxophone-rolife-tg309-p26	0	1	0	4
rolife saxophone	https://nl.robotoys.eu/houten-3d-puzzel/muziekinstrumenten/saxofoon-rolife-tg309-p26	0	1	0	5
rolife serra	https://it.robotoys.eu/case-in-miniatura/camere-in-miniatura/la-serra-della-signora-cathy-rolife-dg104-p28	0	6	0	2.33
rolife serra	https://it.robotoys.eu/concorso-di-puzzle/la-serra-della-signora-cathy-rolife-dg104-28	0	4	0	9.25
rolife ship model	https://robotoys.eu/wooden-3d-puzzle/vehicles/sailling-ship-model-rolife-tg305-p21	0	1	0	10
rolife simon's coffee	https://robotoys.eu/miniature-houses/miniature-stores/simons-coffee-shop-rolife-dg109-p64	0	3	0	8.33
rolife stationery shop	https://robotoys.eu/brands/rolife	0	1	0	3
rolife sunshine town	https://es.robotoys.eu/casas-en-miniatura/rincon-de-libros/sunshine-town-rolife-tgb02-p30	0	2	0	9
rolife sunshine town	https://it.robotoys.eu/case-in-miniatura/angolo-dei-libri/sunshine-town-rolife-tgb02-p30	0	1	0	7
rolife sunshine town	https://nl.robotoys.eu/miniatuur-huizen/boeken-hoekje/sunshine-town-rolife-tgb02-p30	0	2	0	9
rolife sunshine town	https://pt.robotoys.eu/casas-em-miniatura/recanto-dos-livros/sunshine-town-rolife-tgb02-p30	0	1	0	2
rolife sunshine town tgb02	https://it.robotoys.eu/case-in-miniatura/angolo-dei-libri/sunshine-town-rolife-tgb02-p30	0	2	0	3
rolife sunshine town tgb02	https://robotoys.eu/miniature-houses/books-nook/sunshine-town-rolife-tgb02-p30	0	2	0	7
rolife tea shop	https://robotoys.eu/miniature-houses/miniature-stores/miniature-house-alices-tea-shop-rolife-dg156-p61	0	1	0	12
rolife tgb01	https://es.robotoys.eu/casas-en-miniatura/rincon-de-libros/sakura-densya-rolife-tgb01-p29	0	1	0	7
rolife tgb02	https://fr.robotoys.eu/maisons-miniatures/coin-livres/sunshine-town-rolife-tgb02-p30	0	1	0	9
rolife tgb03	https://de.robotoys.eu/miniaturhauser/bucher-ecke/magical-house-rolife-tgb03-p58	0	1	0	5
rolife tgb04	https://se.robotoys.eu/miniatyrhus/bocker-nook/time-travel-rolife-tgb04-p60	0	1	0	6
rolife tgb07	https://fr.robotoys.eu/maisons-miniatures/coin-livres/bookstore-rolife-tgb07-p76	0	1	0	9
rolife tgb07	https://it.robotoys.eu/case-in-miniatura/angolo-dei-libri/bookstore-rolife-tgb07-p76	0	1	0	6
rolife tgb10	https://de.robotoys.eu/miniaturhauser/bucher-ecke/bucherregaleinsatz-arcade-dating-rolife-tgb10-p148	0	2	0	7
rolife tgb10	https://fr.robotoys.eu/maisons-miniatures/coin-livres/insert-de-bibliotheque-arcade-dating-rolife-tgb10-p148	0	1	0	8
rolife tgb11	https://de.robotoys.eu/miniaturhauser/bucher-ecke/bucherregaleinsatz-weinallee-unter-den-sakura-baumen-rolife-tgb11-p164	0	1	0	9
rolife tgb11	https://robotoys.eu/miniature-houses/books-nook/bookshelf-insert-sakura-wine-alley-rolife-tgb11-p164	0	1	0	9
rolife tgb15	https://nl.robotoys.eu/miniatuur-huizen/boeken-hoekje/inzetstuk-voor-boekenplank-holiday-cafe-rolife-tgb15-p225	0	1	0	7
rolife tgb17	https://hr.robotoys.eu/brendovi/rolife	0	1	0	8
rolife tgb17	https://robotoys.eu/miniature-houses/books-nook/bookshelf-insert-fairytale-theme-park-rolife-tgb17-p257	0	1	0	3
rolife tgs02	https://de.robotoys.eu/3d-puzzle-aus-holz/fahrzeuge/3d-puzzle-aus-holz-sakura-journey-rolife-tgs02-p105	0	5	0	6.8
rolife tgs02	https://robotoys.eu/wooden-3d-puzzle/vehicles/wooden-3d-puzzle-sakura-journey-rolife-tgs02-p105	0	4	0	4.75
rolife tgs04	https://de.robotoys.eu/3d-puzzle-aus-holz/die-architektur/3d-puzzle-aus-holz-sakura-baumhaus-rolife-tgs04-p201	0	1	0	4
rolife tipsy restaurant	https://de.robotoys.eu/miniaturhauser/miniaturladen/miniaturhaus-restaurant-tipsy-rolife-dg167-p209	0	1	0	14
rolife tipsy restaurant diy miniature house dg167	https://robotoys.eu/miniature-houses/miniature-stores/miniature-house-restaurant-tipsy-rolife-dg167-p209	0	1	0	3
rolife tokyo	https://pt.robotoys.eu/casas-em-miniatura/recanto-dos-livros/sakura-densya-rolife-tgb01-p29	0	1	0	6
rolife torre eiffel	https://it.robotoys.eu/concorso-di-puzzle/modello-della-torre-eiffel-rolife-tg501-17	0	1	0	9
rolife torre eiffel	https://it.robotoys.eu/puzzle-3d-in-legno/architettura/modello-della-torre-eiffel-rolife-tg501-p17	0	1	0	2
rolife tower bridge	https://de.robotoys.eu/3d-puzzle-aus-holz/die-architektur/tower-bridge-modell-mit-led-beleuchtung-rolife-tg412-p19	0	1	0	11
rolife tower bridge	https://robotoys.eu/wooden-3d-puzzle/architecture/tower-bridge-model-with-led-lighting-rolife-tg412-p19	0	2	0	5
rolife tram	https://es.robotoys.eu/rompecabezas-3d-de-madera/vehiculos/tranvia-historico-rolife-tg505-p40	0	1	0	1
rolife tram	https://fr.robotoys.eu/casse-tete-3d-en-bois/vehicules/tramway-historique-rolife-tg505-p40	0	1	0	10
rolife tram	https://it.robotoys.eu/puzzle-3d-in-legno/veicoli/tram-storico-rolife-tg505-p40	0	2	0	1.5
rolife tram	https://nl.robotoys.eu/houten-3d-puzzel/voertuigen/historische-tram-rolife-tg505-p40	0	2	0	4.5
rolife tram	https://robotoys.eu/wooden-3d-puzzle/vehicles/historic-tramcar-rolife-tg505-p40	0	2	0	4.5
rolife tramcar	https://fr.robotoys.eu/casse-tete-3d-en-bois/vehicules/tramway-historique-rolife-tg505-p40	0	3	0	4
rolife tramcar	https://hu.robotoys.eu/fabol-keszult-3d-puzzle/jarmuvek/tortenelmi-villamos-rolife-tg505-p40	0	1	0	1
rolife tramcar	https://robotoys.eu/wooden-3d-puzzle/vehicles/historic-tramcar-rolife-tg505-p40	0	1	0	3
rolife tuinhuis	https://nl.robotoys.eu/miniatuur-huizen/boeken-hoekje/vakantietuinhuis-rolife-tgb06-p78	0	1	0	13
rolife venice	https://nl.robotoys.eu/miniatuur-huizen/boeken-hoekje/boekenplankinzet-romantisch-venetie-rolife-tgb08-p107	0	1	0	52
rolife violin	https://it.robotoys.eu/puzzle-3d-in-legno/strumenti-musicali/puzzle-3d-in-legno-violoncello-rolife-tg411-p85	0	1	0	3
rolife where to buy	https://robotoys.eu/brands/rolife	0	1	0	8
rolife wooden puzzles	https://pl.robotoys.eu/marki/rolife	0	1	0	5
rolife цена	https://bg.robotoys.eu/nai-novyte-podartsy-za-rozhden-den	0	1	0	5
rolife.	https://pt.robotoys.eu/marcas/rolife	0	1	0	3
rolife® tipsy restaurant diy miniature house kit	https://robotoys.eu/miniature-houses/miniature-stores/miniature-house-restaurant-tipsy-rolife-dg167-p209	0	1	0	1
rolifie	https://hu.robotoys.eu/markak/rolife	0	1	0	4
rolifr	https://it.robotoys.eu/marche/rolife	0	2	0	5.5
rolifw	https://ee.robotoys.eu/kaubamargid/rolife	0	1	0	7
rolifw	https://hr.robotoys.eu/brendovi/rolife	0	1	0	6
rolifw	https://it.robotoys.eu/marche/rolife	0	2	0	5
rolifw	https://pl.robotoys.eu/marki/rolife	0	1	0	2
rolifw	https://pt.robotoys.eu/marcas/rolife	0	2	0	5
roll life miniatures	https://robotoys.eu/miniature-houses/books-nook/bookshelf-insert-sakura-wine-alley-rolife-tgb11-p164	0	1	0	5
rollife	https://bg.robotoys.eu/marky/rolife	0	1	0	3
rollife	https://dk.robotoys.eu/maerker/rolife	0	1	0	3
rollife	https://it.robotoys.eu/marche/rolife	0	3	0	4.67
rollife	https://pl.robotoys.eu/marki/rolife	0	6	0	4.5
rolofe	https://bg.robotoys.eu/marky/rolife	0	1	0	3
rolofe	https://gr.robotoys.eu/markes/rolife	0	1	0	7
rolofe	https://it.robotoys.eu/marche/rolife	0	1	0	4
rolofe	https://pt.robotoys.eu/marcas/rolife	0	1	0	4
rolufe	https://it.robotoys.eu/marche/rolife	0	1	0	5
romantic wall clock	https://robotoys.eu/wooden-3d-puzzle/clocks-calendars/romantic-note-wall-clock-rokr-lc701-p56	0	1	0	5
rompecabeza 3d	https://es.robotoys.eu/rompecabezas-3d-de-madera/arquitectura	0	1	0	2
rompecabeza 3d madera	https://es.robotoys.eu/rompecabezas-3d-de-madera/arquitectura/puzzle-3d-de-madera-sagrada-familia-little-story-e018-p133	0	2	0	1.5
rompecabezas 3 d	https://es.robotoys.eu/rompecabezas-3d-de-madera/arquitectura/puzzle-3d-de-madera-sagrada-familia-little-story-e018-p133	0	1	0	4
rompecabezas 3d	https://es.robotoys.eu/rompecabezas-3d-de-madera/arquitectura/modelo-tower-bridge-con-iluminacion-led-rolife-tg412-p19	0	1	0	4
rompecabezas 3d	https://es.robotoys.eu/rompecabezas-3d-de-madera/arquitectura/puzzle-3d-de-madera-sagrada-familia-little-story-e018-p133	0	49	0	9.22
rompecabezas 3d arquitectura	https://es.robotoys.eu/rompecabezas-3d-de-madera/arquitectura	0	1	0	3
rompecabezas 3d en madera	https://es.robotoys.eu/rompecabezas-3d-de-madera/arquitectura/puzzle-3d-de-madera-sagrada-familia-little-story-e018-p133	0	3	0	2
rompecabezas 3d flores	https://es.robotoys.eu/rompecabezas-3d-de-madera/flores	0	2	0	1.5
rompecabezas 3d madera	https://es.robotoys.eu/rompecabezas-3d-de-madera/arquitectura	0	1	0	18
rompecabezas 3d madera	https://es.robotoys.eu/rompecabezas-3d-de-madera/arquitectura/puzzle-3d-de-madera-sagrada-familia-little-story-e018-p133	0	60	0	3.6
rompecabezas arma	https://es.robotoys.eu/rompecabezas-3d-de-madera/armas	0	41	0	4.41
rompecabezas arma	https://es.robotoys.eu/rompecabezas-3d-de-madera/armas/revolver-corsac-m60-rokr-lq401-p35	0	3	0	6.67
rompecabezas arma	https://es.robotoys.eu/rompecabezas-3d-de-madera/armas/rompecabezas-mecanico-3d-de-madera-ametralladora-con-canon-giratorio-rokr-lqa01-p218	0	1	0	4
rompecabezas arma	https://es.robotoys.eu/rompecabezas-3d-de-madera/armas/rompecabezas-mecanico-3d-de-madera-canon-antiaereo-rokr-lqm01-p255	0	1	0	4
rompecabezas arma	https://es.robotoys.eu/rompecabezas-3d-de-madera/armas/rompecabezas-mecanico-3d-de-madera-mini-pistola-rokr-lq502-p147	0	19	0	1.16
rompecabezas arma	https://es.robotoys.eu/rompecabezas-3d-de-madera/armas/thompson-rokr-lqb01-p74	0	1	0	3
rompecabezas arma prohibida	https://es.robotoys.eu/rompecabezas-3d-de-madera/armas	0	1	0	45
rompecabezas armas	https://es.robotoys.eu/rompecabezas-3d-de-madera/armas/rompecabezas-mecanico-3d-de-madera-mini-pistola-rokr-lq502-p147	0	3	0	6
rompecabezas armas	https://es.robotoys.eu/rompecabezas-3d-de-madera/armas/thompson-rokr-lqb01-p74	0	4	0	6
rompecabezas de coches	https://es.robotoys.eu/rompecabezas-3d-de-madera/vehiculos	0	1	0	10
rompecabezas de flores 3d	https://es.robotoys.eu/rompecabezas-3d-de-madera/flores	0	1	0	1
rompecabezas de madera	https://es.robotoys.eu/blog/historia-de-los-puzzles-de-madera-en-3d-desde-los-comienzos-hasta-la-actualidad	0	6	0	11.5
rompecabezas de madera 3d	https://es.robotoys.eu/rompecabezas-3d-de-madera/arquitectura	0	1	0	2
roowood	https://fr.robotoys.eu/marques/rowood	0	2	0	6
roowood	https://nl.robotoys.eu/merken/rowood	0	1	0	6
roowood	https://robotoys.eu/brands/rowood	0	7	0	8.29
rorkr	https://es.robotoys.eu/marcas/rokr	0	1	0	7
rorkr	https://it.robotoys.eu/marche/rokr	0	1	0	3
rotacni kulomet	https://cz.robotoys.eu/drevene-3d-puzzle/zbrane/drevene-mechanicke-3d-puzzle-kulomet-s-rotacni-hlavni-rokr-lqa01-p218	0	2	0	16
rotacni kulomet	https://cz.robotoys.eu/soutez-v-puzzle/kulomet-s-rotacni-hlavni-rokr-lqa01-218	0	3	0	20
rotační kulomet	https://cz.robotoys.eu/drevene-3d-puzzle/zbrane/drevene-mechanicke-3d-puzzle-kulomet-s-rotacni-hlavni-rokr-lqa01-p218	0	3	0	7.67
roulife	https://pt.robotoys.eu/marcas/rolife	0	1	0	6
rowod	https://de.robotoys.eu/marken/rowood	0	1	0	7
rowod	https://robotoys.eu/brands/rowood	0	1	0	10
rowood	https://cz.robotoys.eu/drevene-3d-puzzle/kvety/drevene-3d-puzzle-dreveny-kvetinovy-kosik-rowood-tw03h-p210	0	1	0	13
rowood	https://cz.robotoys.eu/drevene-3d-puzzle/kvety/drevene-3d-puzzle-ruzova-dahlia-rowood-tw131-p252	0	1	0	13
rowood	https://cz.robotoys.eu/drevene-3d-puzzle/kvety/drevene-3d-puzzle-zlata-slunecnice-rowood-th002-p193	0	1	0	13
rowood	https://cz.robotoys.eu/soutez-v-puzzle/cervena-ruze-rowood-tw042-101	0	1	0	11
rowood	https://cz.robotoys.eu/soutez-v-puzzle/dreveny-kvetinovy-kosik-rowood-tw03h-210	0	1	0	17
rowood	https://de.robotoys.eu/3d-puzzle-aus-holz/blumen/3d-puzzle-aus-holz-rote-rose-rowood-tw042-p101	0	1	0	7
rowood	https://de.robotoys.eu/marken/rowood	0	44	0	8.91
rowood	https://dk.robotoys.eu/maerker/rowood	0	3	0	1.33
rowood	https://es.robotoys.eu/rompecabezas-3d-de-madera/flores/puzzle-3d-de-madera-sakura-rowood-tw101-p195	0	1	0	8
rowood	https://es.robotoys.eu/rompecabezas-3d-de-madera/flores/rompecabezas-3d-de-madera-cesta-de-flores-de-madera-rowood-tw03h-p210	0	5	0	4.4
rowood	https://hu.robotoys.eu/markak/rowood	0	9	0	1.44
rowood	https://it.robotoys.eu/blog/un-bouquet-di-legno-che-non-appassisce-mai-scopri-la-magia-dei-puzzle-floreali-3d	0	4	0	9
rowood	https://it.robotoys.eu/puzzle-3d-in-legno/fiori	0	83	0	4.89
rowood	https://it.robotoys.eu/puzzle-3d-in-legno/fiori/puzzle-3d-in-legno-camelia-rossa-rowood-tw031-p102	0	18	0	7.17
rowood	https://it.robotoys.eu/puzzle-3d-in-legno/fiori/puzzle-3d-in-legno-camomilla-rowood-tw061-p109	0	2	0	8
rowood	https://it.robotoys.eu/puzzle-3d-in-legno/fiori/puzzle-3d-in-legno-rosa-rossa-rowood-tw042-p101	0	8	0	8.5
rowood	https://nl.robotoys.eu/merken/rowood	0	42	0	6.79
rowood	https://pl.robotoys.eu/drewniane-puzzle-3d/kwiaty	0	7	0	6.43
rowood	https://pl.robotoys.eu/drewniane-puzzle-3d/kwiaty/drewniane-puzzle-3d-kamelia-czerwona-rowood-tw031-p102	0	6	0	5.17
rowood	https://pl.robotoys.eu/drewniane-puzzle-3d/kwiaty/drewniane-puzzle-3d-liliowy-rowood-tw021-p103	0	3	0	7.33
rowood	https://robotoys.eu/wooden-3d-puzzle/flowers/wooden-3d-puzzle-wooden-bloom-box-rowood-tw02h-p162	0	1	0	87
rowood	https://se.robotoys.eu/3d-pussel-i-tra/blommor/trapussel-3d-trablomkorg-rowood-tw03h-p210	0	1	0	6
rowood	https://se.robotoys.eu/marken/rowood	0	7	0	1.29
rowood 3d	https://de.robotoys.eu/marken/rowood	0	1	0	6
rowood 3d puzzle	https://robotoys.eu/brands/rowood	0	14	0	7.21
rowood 3d puzzles	https://es.robotoys.eu/marcas/rowood	0	1	0	8
rowood 3d puzzles	https://robotoys.eu/brands/rowood	0	7	0	7.29
rowood 3d wooden puzzle	https://robotoys.eu/brands/rowood	0	1	0	9
rowood blumen	https://de.robotoys.eu/marken/rowood	0	46	0	9.57
rowood chamomile	https://robotoys.eu/wooden-3d-puzzle/flowers/wooden-3d-puzzle-chamomile-rowood-tw061-p109	0	2	0	8
rowood crafts	https://robotoys.eu/brands/rowood	0	1	0	11
rowood cultura	https://fr.robotoys.eu/marques/rowood	0	1	0	11
rowood decoration	https://robotoys.eu/brands/rowood	0	3	0	7.33
rowood fiori	https://it.robotoys.eu/blog/un-bouquet-di-legno-che-non-appassisce-mai-scopri-la-magia-dei-puzzle-floreali-3d	0	28	0	5.18
rowood fiori	https://it.robotoys.eu/puzzle-3d-in-legno/fiori/puzzle-3d-in-legno-camelia-rossa-rowood-tw031-p102	0	7	0	3.71
rowood fiori	https://it.robotoys.eu/puzzle-3d-in-legno/fiori/puzzle-3d-in-legno-garofano-rosso-rowood-tw052-p112	0	22	0	4.05
rowood fiori	https://it.robotoys.eu/puzzle-3d-in-legno/fiori/puzzle-3d-in-legno-libro-dei-fiori-in-legno-rowood-tw04h-p228	0	4	0	9.5
rowood fiori	https://it.robotoys.eu/puzzle-3d-in-legno/fiori/puzzle-3d-in-legno-mazzo-di-fiori-rowood-tw01h-p100	0	27	0	6.04
rowood fiori	https://it.robotoys.eu/puzzle-3d-in-legno/fiori/puzzle-3d-in-legno-rosa-rossa-rowood-tw042-p101	0	4	0	9.5
rowood fleur	https://fr.robotoys.eu/marques/rowood	0	37	0	3.76
rowood fleurs	https://fr.robotoys.eu/marques/rowood	0	2	0	3.5
rowood flores	https://es.robotoys.eu/rompecabezas-3d-de-madera/flores/puzzle-3d-de-madera-ramo-de-flores-rowood-tw01h-p100	0	1	0	5
rowood flores	https://robotoys.eu/brands/rowood	0	1	0	5
rowood flower puzzle	https://robotoys.eu/wooden-3d-puzzle/flowers	0	2	0	7
rowood glittering water lily	https://robotoys.eu/wooden-3d-puzzle/flowers/wooden-3d-puzzle-glittering-water-lily-rowood-th001-p192	0	1	0	7
rowood golden sunflower	https://robotoys.eu/wooden-3d-puzzle/flowers/wooden-3d-puzzle-golden-sunflower-rowood-th002-p193	0	2	0	8
rowood kwiaty	https://pl.robotoys.eu/drewniane-puzzle-3d/kwiaty	0	7	0	1
rowood kwiaty	https://pl.robotoys.eu/drewniane-puzzle-3d/kwiaty/drewniane-puzzle-3d-czerwona-roza-rowood-tw042-p101	0	1	0	2
rowood kwiaty	https://pl.robotoys.eu/drewniane-puzzle-3d/kwiaty/drewniane-puzzle-3d-liliowy-rowood-tw021-p103	0	8	0	2.62
rowood kwiaty	https://pl.robotoys.eu/marki/rowood	0	1	0	2
rowood light orange gerbera daisy	https://de.robotoys.eu/3d-puzzle-aus-holz/blumen/3d-puzzle-aus-holz-hellorange-gerbera-rowood-tw111-p196	0	2	0	7
rowood lilac	https://it.robotoys.eu/puzzle-3d-in-legno/fiori/puzzle-3d-in-legno-lilla-rowood-tw021-p103	0	1	0	7
rowood lilac	https://robotoys.eu/wooden-3d-puzzle/flowers/wooden-3d-puzzle-lilac-rowood-tw021-p103	0	2	0	3.5
rowood lily	https://robotoys.eu/wooden-3d-puzzle/flowers/wooden-3d-puzzle-pink-lily-rowood-tw071-p144	0	1	0	10
rowood maquette	https://fr.robotoys.eu/marques/rowood	0	15	0	8.73
rowood official website	https://robotoys.eu/brands/rowood	0	1	0	9
rowood orange tulip	https://nl.robotoys.eu/houten-3d-puzzel/bloemen/houten-3d-puzzel-oranje-tulp-rowood-tw081-p145	0	1	0	4
rowood orange tulip	https://robotoys.eu/wooden-3d-puzzle/flowers/wooden-3d-puzzle-orange-tulip-rowood-tw081-p145	0	1	0	3
rowood orchid	https://ro.robotoys.eu/puzzle-3d-din-lemn/flori/puzzle-3d-din-lemn-orhidee-fluture-violet-rowood-tw091-p194	0	1	0	8
rowood paris cathedral	https://cz.robotoys.eu/drevene-3d-puzzle/architektura/drevene-3d-puzzle-parizska-katedrala-rowood-tg511-p224	0	1	0	5
rowood pink carnation	https://robotoys.eu/wooden-3d-puzzle/flowers/wooden-3d-puzzle-pink-carnation-rowood-tw051-p110	0	1	0	10
rowood pink dahlia	https://robotoys.eu/wooden-3d-puzzle/flowers/wooden-3d-puzzle-pink-dahlia-rowood-tw131-p252	0	3	0	9.33
rowood pink lily	https://robotoys.eu/wooden-3d-puzzle/flowers/wooden-3d-puzzle-pink-lily-rowood-tw071-p144	0	2	0	5.5
rowood pink rose	https://pl.robotoys.eu/drewniane-puzzle-3d/kwiaty/drewniane-puzzle-3d-rozowa-roza-rowood-tw041-p111	0	1	0	6
rowood pink rose	https://robotoys.eu/wooden-3d-puzzle/flowers/wooden-3d-puzzle-pink-rose-rowood-tw041-p111	0	1	0	9
rowood pink tulip	https://es.robotoys.eu/rompecabezas-3d-de-madera/flores/rompecabezas-3d-de-madera-tulipan-rosa-rowood-tw082-p161	0	1	0	6
rowood purple moth orchid	https://robotoys.eu/wooden-3d-puzzle/flowers/wooden-3d-puzzle-purple-moth-orchid-rowood-tw091-p194	0	1	0	10
rowood puzzle	https://de.robotoys.eu/marken/rowood	0	6	0	6.67
rowood puzzle	https://es.robotoys.eu/marcas/rowood	0	1	0	2
rowood puzzle	https://fr.robotoys.eu/marques/rowood	0	2	0	8.5
rowood puzzle	https://robotoys.eu/brands/rowood	0	4	0	6
rowood puzzle 3d	https://it.robotoys.eu/puzzle-3d-in-legno/fiori/puzzle-3d-in-legno-camelia-rossa-rowood-tw031-p102	0	1	0	5
rowood puzzle 3d	https://it.robotoys.eu/puzzle-3d-in-legno/fiori/puzzle-3d-in-legno-camomilla-rowood-tw061-p109	0	1	0	5
rowood puzzle 3d	https://it.robotoys.eu/puzzle-3d-in-legno/fiori/puzzle-3d-in-legno-fioriera-in-legno-rowood-tw02h-p162	0	5	0	5.6
rowood puzzle 3d	https://robotoys.eu/brands/rowood	0	6	0	2.83
rowood puzzles	https://robotoys.eu/brands/rowood	0	9	0	9.22
rowood red camellia	https://fr.robotoys.eu/casse-tete-3d-en-bois/fleurs/puzzle-3d-en-bois-camelia-rouge-rowood-tw031-p102	0	1	0	8
rowood red camellia	https://robotoys.eu/wooden-3d-puzzle/flowers/wooden-3d-puzzle-red-camellia-rowood-tw031-p102	0	1	0	3
rowood red carnation	https://robotoys.eu/wooden-3d-puzzle/flowers/wooden-3d-puzzle-red-carnation-rowood-tw052-p112	0	2	0	5
rowood red rose	https://pl.robotoys.eu/drewniane-puzzle-3d/kwiaty/drewniane-puzzle-3d-czerwona-roza-rowood-tw042-p101	0	1	0	7
rowood red rose	https://robotoys.eu/wooden-3d-puzzle/flowers/wooden-3d-puzzle-red-rose-rowood-tw042-p101	0	1	0	2
rowood rose	https://de.robotoys.eu/3d-puzzle-aus-holz/blumen/3d-puzzle-aus-holz-rosa-rose-rowood-tw041-p111	0	1	0	7
rowood sakura	https://es.robotoys.eu/rompecabezas-3d-de-madera/flores/puzzle-3d-de-madera-sakura-rowood-tw101-p195	0	3	0	1.33
rowood sakura	https://fr.robotoys.eu/casse-tete-3d-en-bois/fleurs/puzzle-3d-en-bois-sakura-rowood-tw101-p195	0	2	0	3.5
rowood sakura	https://pl.robotoys.eu/drewniane-puzzle-3d/kwiaty/drewniane-puzzle-3d-sakura-rowood-tw101-p195	0	2	0	2
rowood sakura wooden bloom craft	https://robotoys.eu/wooden-3d-puzzle/flowers/wooden-3d-puzzle-sakura-rowood-tw101-p195	0	1	0	3
rowood sito ufficiale	https://it.robotoys.eu/marche/rowood	0	3	0	2
rowood sito ufficiale	https://it.robotoys.eu/puzzle-3d-in-legno/fiori	0	3	0	7.33
rowood sito ufficiale	https://it.robotoys.eu/puzzle-3d-in-legno/fiori/puzzle-3d-in-legno-fioriera-in-legno-rowood-tw02h-p162	0	1	0	6
rowood sunflower	https://robotoys.eu/wooden-3d-puzzle/flowers/wooden-3d-puzzle-sunflower-rowood-tw011-p113	0	10	0	6.6
rowood tulip	https://nl.robotoys.eu/houten-3d-puzzel/bloemen/houten-3d-puzzel-oranje-tulp-rowood-tw081-p145	0	1	0	10
rowood tulip	https://robotoys.eu/wooden-3d-puzzle/flowers/wooden-3d-puzzle-orange-tulip-rowood-tw081-p145	0	4	0	6.75
rowood tulip	https://robotoys.eu/wooden-3d-puzzle/flowers/wooden-3d-puzzle-pink-tulip-rowood-tw082-p161	0	1	0	11
rowood wooden flower basket	https://robotoys.eu/wooden-3d-puzzle/flowers/wooden-3d-puzzle-wooden-flower-basket-rowood-tw03h-p210	0	2	0	4
rowood wooden flowers	https://robotoys.eu/brands/rowood	0	1	0	6
rudý karafiát	https://cz.robotoys.eu/drevene-3d-puzzle/kvety/drevene-3d-puzzle-cerveny-karafiat-rowood-tw052-p112	0	1	0	1
sagrada familia 3d	https://es.robotoys.eu/rompecabezas-3d-de-madera/arquitectura/puzzle-3d-de-madera-sagrada-familia-little-story-e018-p133	0	15	0	3.47
sagrada familia 3d puzzle	https://hu.robotoys.eu/fabol-keszult-3d-puzzle/epiteszet/fa-3d-puzzle-sagrada-familia-little-story-e018-p133	0	1	0	1
sagrada familia 3d puzzle	https://it.robotoys.eu/puzzle-3d-in-legno/architettura/puzzle-3d-in-legno-sagrada-familia-little-story-e018-p133	0	2	0	1
sagrada familia 3d puzzle	https://pl.robotoys.eu/drewniane-puzzle-3d/architektura/drewniane-puzzle-3d-sagrada-familia-little-story-e018-p133	0	2	0	1
sagrada familia en 3d	https://es.robotoys.eu/rompecabezas-3d-de-madera/arquitectura/puzzle-3d-de-madera-sagrada-familia-little-story-e018-p133	0	1	0	1
sagrada familia puzzle	https://de.robotoys.eu/3d-puzzle-aus-holz/die-architektur/3d-puzzle-aus-holz-sagrada-familia-little-story-e018-p133	0	5	0	4.8
sagrada familia puzzle	https://es.robotoys.eu/rompecabezas-3d-de-madera/arquitectura/puzzle-3d-de-madera-sagrada-familia-little-story-e018-p133	0	1	0	11
sagrada familia puzzle	https://hu.robotoys.eu/puzzle-verseny/sagrada-familia-little-story-e018-133	0	1	0	9
sagrada familia puzzle	https://it.robotoys.eu/puzzle-3d-in-legno/architettura/puzzle-3d-in-legno-sagrada-familia-little-story-e018-p133	0	4	0	10.25
sagrada familia puzzle	https://pl.robotoys.eu/drewniane-puzzle-3d/architektura/drewniane-puzzle-3d-sagrada-familia-little-story-e018-p133	0	7	0	3.14
sagrada familia puzzle	https://robotoys.eu/wooden-3d-puzzle/architecture/wooden-3d-puzzle-sagrada-familia-little-story-e018-p133	0	8	0	5
sagrada familia puzzle 3d	https://cz.robotoys.eu/drevene-3d-puzzle/architektura/drevene-3d-puzzle-sagrada-familia-little-story-e018-p133	0	1	0	1
sagrada familia puzzle 3d	https://de.robotoys.eu/3d-puzzle-aus-holz/die-architektur/3d-puzzle-aus-holz-sagrada-familia-little-story-e018-p133	0	2	0	2
sagrada familia puzzle 3d	https://es.robotoys.eu/rompecabezas-3d-de-madera/arquitectura/puzzle-3d-de-madera-sagrada-familia-little-story-e018-p133	0	3	0	1
sagrada familia puzzle 3d	https://fr.robotoys.eu/casse-tete-3d-en-bois/architecture/puzzle-3d-en-bois-sagrada-familia-little-story-e018-p133	0	8	0	1
sagrada familia puzzle 3d	https://it.robotoys.eu/puzzle-3d-in-legno/architettura/puzzle-3d-in-legno-sagrada-familia-little-story-e018-p133	0	2	0	1.5
sagrada familia puzzle 3d	https://nl.robotoys.eu/houten-3d-puzzel/architectuur/houten-3d-puzzel-sagrada-familia-little-story-e018-p133	0	1	0	1
sagrada familia puzzle 3d	https://pl.robotoys.eu/drewniane-puzzle-3d/architektura/drewniane-puzzle-3d-sagrada-familia-little-story-e018-p133	0	8	0	1
sagrada familia puzzle 3d	https://robotoys.eu/wooden-3d-puzzle/architecture/wooden-3d-puzzle-sagrada-familia-little-story-e018-p133	0	2	0	1
sagrada puzzle	https://pl.robotoys.eu/drewniane-puzzle-3d/architektura/drewniane-puzzle-3d-sagrada-familia-little-story-e018-p133	0	2	0	1
sagrada puzzle	https://robotoys.eu/wooden-3d-puzzle/architecture/wooden-3d-puzzle-sagrada-familia-little-story-e018-p133	0	2	0	3.5
sakura 3d puzzle	https://de.robotoys.eu/3d-puzzle-aus-holz/fahrzeuge/3d-puzzle-aus-holz-sakura-journey-rolife-tgs02-p105	0	1	0	8
sakura 3d puzzle	https://robotoys.eu/wooden-3d-puzzle/flowers/wooden-3d-puzzle-sakura-bonsai-rolife-tg415-p142	0	1	0	10
sakura baumhaus	https://de.robotoys.eu/3d-puzzle-aus-holz/die-architektur/3d-puzzle-aus-holz-sakura-baumhaus-rolife-tgs04-p201	0	1	0	10
sakura bondai	https://dk.robotoys.eu/trae-3d-puslespil/blomster/trae-3d-puslespil-sakura-bonsai-rolife-tg415-p142	0	1	0	1
sakura bonsai	https://cz.robotoys.eu/drevene-3d-puzzle/kvety/drevene-3d-puzzle-sakura-bonsai-rolife-tg415-p142	0	2	0	9.5
sakura bonsai	https://dk.robotoys.eu/trae-3d-puslespil/blomster/trae-3d-puslespil-sakura-bonsai-rolife-tg415-p142	0	1	0	5
sakura bonsai	https://es.robotoys.eu/rompecabezas-3d-de-madera/flores/rompecabezas-3d-de-madera-sakura-bonsai-rolife-tg415-p142	0	2	0	7
sakura bonsai	https://pl.robotoys.eu/drewniane-puzzle-3d/kwiaty/drewniana-ukladanka-3d-sakura-bonsai-rolife-tg415-p142	0	1	0	1
sakura bonsai	https://robotoys.eu/wooden-3d-puzzle/flowers/wooden-3d-puzzle-sakura-bonsai-rolife-tg415-p142	0	1	0	19
sakura bonsai 3d puzzle	https://robotoys.eu/wooden-3d-puzzle/flowers/wooden-3d-puzzle-sakura-bonsai-rolife-tg415-p142	0	1	0	4
sakura bonsai rolife	https://gr.robotoys.eu/ksylino-trisdiastato-pazl/loyloydia/ksylino-trisdiastato-pazl-sakura-bonsai-rolife-tg415-p142	0	4	0	2
sakura book nook	https://robotoys.eu/miniature-houses/books-nook/sakura-densya-rolife-tgb01-p29	0	2	0	32
sakura densha	https://pl.robotoys.eu/miniaturowe-domki/kacik-ksiazek/sakura-densya-rolife-tgb01-p29	0	1	0	2
sakura densha	https://robotoys.eu/miniature-houses/books-nook/sakura-densya-rolife-tgb01-p29	0	1	0	4
sakura densya	https://cz.robotoys.eu/miniaturni-domecky/books-nook/sakura-densya-rolife-tgb01-p29	0	1	0	1
sakura densya	https://dk.robotoys.eu/miniaturehuse/boger-nook/sakura-densya-rolife-tgb01-p29	0	3	0	5.67
sakura densya	https://it.robotoys.eu/case-in-miniatura/angolo-dei-libri/sakura-densya-rolife-tgb01-p29	0	2	0	9
sakura densya	https://pt.robotoys.eu/casas-em-miniatura/recanto-dos-livros/sakura-densya-rolife-tgb01-p29	0	1	0	1
sakura densya	https://se.robotoys.eu/miniatyrhus/bocker-nook/sakura-densya-rolife-tgb01-p29	0	1	0	6
sakura densya book nook	https://robotoys.eu/miniature-houses/books-nook/sakura-densya-rolife-tgb01-p29	0	4	0	10
sakura dream tour	https://it.robotoys.eu/puzzle-3d-in-legno/carillon/puzzle-meccanico-3d-in-legno-sakura-dreamy-tour-rolife-amt02-p219	0	1	0	4
sakura dreamy tour	https://it.robotoys.eu/concorso-di-puzzle/sakura-dreamy-tour-rolife-amt02-219	0	4	0	5.5
sakura dreamy tour	https://it.robotoys.eu/puzzle-3d-in-legno/carillon/puzzle-meccanico-3d-in-legno-sakura-dreamy-tour-rolife-amt02-p219	0	1	0	5
sakura dreamy tour	https://robotoys.eu/wooden-3d-puzzle/music-boxes/wooden-mechanical-3d-puzzle-sakura-dreamy-tour-rolife-amt02-p219	0	1	0	9
sakura drevo	https://cz.robotoys.eu/drevene-3d-puzzle/kvety/drevene-3d-puzzle-sakura-bonsai-rolife-tg415-p142	0	4	0	2.25
sakura journey	https://it.robotoys.eu/puzzle-3d-in-legno/veicoli/puzzle-3d-in-legno-sakura-journey-rolife-tgs02-p105	0	1	0	4
sakura journey 3d puzzle	https://robotoys.eu/wooden-3d-puzzle/vehicles/wooden-3d-puzzle-sakura-journey-rolife-tgs02-p105	0	1	0	3
sakura journey rolife	https://pl.robotoys.eu/drewniane-puzzle-3d/pojazdy/drewniane-puzzle-3d-sakura-journey-rolife-tgs02-p105	0	1	0	2
sakura pavilion	https://es.robotoys.eu/concurso-de-rompecabezas/pabellon-sakura-rolife-tga07-268	0	2	0	10
sakura pavilion	https://nl.robotoys.eu/houten-3d-puzzel/architectuur/houten-3d-puzzel-sakura-paviljoen-rolife-tga07-p268	0	1	0	7
sakura pavilion	https://pl.robotoys.eu/konkurs-puzzli/pawilon-sakura-rolife-tga07-268	0	1	0	4
sakura pavilion	https://robotoys.eu/wooden-3d-puzzle/architecture/wooden-3d-puzzle-sakura-pavilion-rolife-tga07-p268	0	1	0	10
sakura pavilion rolife	https://fr.robotoys.eu/concours-de-puzzle/pavillon-sakura-rolife-tga07-268	0	1	0	10
sakura puzzle	https://de.robotoys.eu/3d-puzzle-aus-holz/fahrzeuge/3d-puzzle-aus-holz-sakura-journey-rolife-tgs02-p105	0	1	0	7
sakura puzzle	https://it.robotoys.eu/puzzle-3d-in-legno/veicoli/puzzle-3d-in-legno-sakura-journey-rolife-tgs02-p105	0	1	0	5
sakura puzzle	https://robotoys.eu/wooden-3d-puzzle/flowers/wooden-3d-puzzle-sakura-rowood-tw101-p195	0	1	0	10
sakura rolife	https://it.robotoys.eu/case-in-miniatura/angolo-dei-libri/sakura-densya-rolife-tgb01-p29	0	1	0	2
sakura tree house	https://hu.robotoys.eu/fabol-keszult-3d-puzzle/epiteszet/fa-3d-kirako-sakura-treehouse-rolife-tgs04-p201	0	1	0	2
sakura tree house	https://it.robotoys.eu/puzzle-3d-in-legno/architettura/puzzle-3d-in-legno-sakura-treehouse-rolife-tgs04-p201	0	1	0	8
sakura tree house	https://pl.robotoys.eu/drewniane-puzzle-3d/architektura/drewniana-ukladanka-3d-sakura-treehouse-rolife-tgs04-p201	0	1	0	8
sakura tree house rolife	https://pl.robotoys.eu/drewniane-puzzle-3d/architektura/drewniana-ukladanka-3d-sakura-treehouse-rolife-tgs04-p201	0	3	0	2.67
sakura tree house rolife	https://robotoys.eu/wooden-3d-puzzle/architecture/wooden-3d-puzzle-sakura-treehouse-rolife-tgs04-p201	0	2	0	17.5
sakura tv rolife	https://cz.robotoys.eu/drevene-3d-puzzle/hraci-skrinky/drevene-mechanicke-3d-puzzle-sakura-dreamy-tour-rolife-amt02-p219	0	2	0	2
sakura wine alley	https://it.robotoys.eu/case-in-miniatura/angolo-dei-libri/inserto-per-libreria-vicolo-del-vino-sotto-i-sakura-rolife-tgb11-p164	0	7	0	9.57
sakura wine alley	https://robotoys.eu/miniature-houses/books-nook/bookshelf-insert-sakura-wine-alley-rolife-tgb11-p164	0	1	0	10
sakura wooden puzzle	https://it.robotoys.eu/puzzle-3d-in-legno/veicoli/puzzle-3d-in-legno-sakura-journey-rolife-tgs02-p105	0	1	0	5
sakura's travel 3d puzzle	https://de.robotoys.eu/3d-puzzle-aus-holz/fahrzeuge/3d-puzzle-aus-holz-sakura-journey-rolife-tgs02-p105	0	2	0	7
sam's study rolife	https://es.robotoys.eu/casas-en-miniatura/habitaciones-en-miniatura/biblioteca-de-estudio-de-sam-rolife-dg102-p86	0	1	0	4
samlesæt fritidstræhus	https://dk.robotoys.eu/miniaturehuse	0	4	0	42
samolot puzzle 3d	https://pl.robotoys.eu/drewniane-puzzle-3d/pojazdy/drewniane-puzzle-3d-samolot-little-story-d016-p130	0	1	0	5
sams library	https://robotoys.eu/miniature-houses/miniature-rooms/sams-study-library-rolife-dg102-p86	0	3	0	5
sams library	https://se.robotoys.eu/miniatyrhus/miniatyrrum/sams-studiebibliotek-rolife-dg102-p86	0	3	0	3
sams study	https://es.robotoys.eu/casas-en-miniatura/habitaciones-en-miniatura/biblioteca-de-estudio-de-sam-rolife-dg102-p86	0	1	0	9
sams study rolife	https://es.robotoys.eu/casas-en-miniatura/habitaciones-en-miniatura/biblioteca-de-estudio-de-sam-rolife-dg102-p86	0	1	0	5
sams study rolife	https://robotoys.eu/miniature-houses/miniature-rooms/sams-study-library-rolife-dg102-p86	0	1	0	8
savivarcio nuoma	https://lt.robotoys.eu/medine-3d-delione/transporto-priemones/savivarcio-modelis-rokr-tg603k-p34	0	1	0	31
schaktbil	https://se.robotoys.eu/3d-pussel-i-tra/fordon/trapussel-med-3d-motiv-schaktbil-moaz-75053-eco-wood-art-p235	0	18	0	27.56
schaktbil	https://se.robotoys.eu/pusseltavling/schaktbil-moaz-75053-eco-wood-art-235	0	10	0	48.4
schaktbil uppsala	https://se.robotoys.eu/3d-pussel-i-tra/fordon/trapussel-med-3d-motiv-schaktbil-moaz-75053-eco-wood-art-p235	0	1	0	23
schaktbil uppsala	https://se.robotoys.eu/pusseltavling/schaktbil-moaz-75053-eco-wood-art-235	0	1	0	43
scooter de madera	https://es.robotoys.eu/rompecabezas-3d-de-madera/vehiculos/rompecabezas-3d-de-madera-sting-scooter-little-story-e022-p174	0	1	0	28
scooter houten	https://nl.robotoys.eu/houten-3d-puzzel/voertuigen/houten-3d-puzzel-sting-scooter-little-story-e022-p174	0	4	0	9.25
scooter ålder	https://se.robotoys.eu/3d-pussel-i-tra/fordon/trapussel-i-3d-rosa-sting-scooter-little-story-e022r-p246	0	1	0	43
senovinis pabuklas	https://lt.robotoys.eu/naujausi-rokr-prekes-zenklo-gaminiai	0	1	0	6
senovinis pabūklas	https://lt.robotoys.eu/naujausi-rokr-prekes-zenklo-gaminiai	0	3	0	6.67
serre miniature	https://fr.robotoys.eu/maisons-miniatures/chambres-miniatures/serre-de-mme-cathy-rolife-dg104-p28	0	4	0	1.25
show images	https://robotoys.eu/wooden-3d-puzzle/the-animals/wooden-3d-puzzle-stegosaurus-little-story-d010-p118	0	1	0	21
si	https://es.robotoys.eu/rompecabezas-3d-de-madera/arquitectura/pagoda-de-cinco-pisos-rolife-tgn02-p45	0	1	0	5
simeons house	https://robotoys.eu/miniature-houses/miniature-stores/simons-coffee-shop-rolife-dg109-p64	0	1	0	9
simon coffee shop	https://robotoys.eu/miniature-houses/miniature-stores/simons-coffee-shop-rolife-dg109-p64	0	1	0	10
simon's coffee	https://es.robotoys.eu/casas-en-miniatura/tiendas-de-miniaturas/cafe-en-simon-rolife-dg109-p64	0	1	0	7
simon's coffee miniature	https://robotoys.eu/miniature-houses/miniature-stores/simons-coffee-shop-rolife-dg109-p64	0	1	0	9
simon's coffee rolife	https://robotoys.eu/miniature-houses/miniature-stores/simons-coffee-shop-rolife-dg109-p64	0	3	0	8
simon's coffee shop	https://robotoys.eu/miniature-houses/miniature-stores/simons-coffee-shop-rolife-dg109-p64	0	3	0	7.67
simon's coffee shop rolife	https://robotoys.eu/miniature-houses/miniature-stores/simons-coffee-shop-rolife-dg109-p64	0	1	0	10
simons coffee	https://robotoys.eu/miniature-houses/miniature-stores/simons-coffee-shop-rolife-dg109-p64	0	1	0	7
simons coffee rolife	https://robotoys.eu/miniature-houses/miniature-stores/simons-coffee-shop-rolife-dg109-p64	0	4	0	8.5
simons coffee shop	https://nl.robotoys.eu/miniatuur-huizen/miniatuur-winkels/cafe-in-simon-rolife-dg109-p64	0	2	0	9
sistema solar em 3d	https://pt.robotoys.eu/quebra-cabeca-3d-de-madeira/o-universo/sistema-solar-rokr-st001-p71	0	1	0	11
sistema solar mecanico	https://es.robotoys.eu/rompecabezas-3d-de-madera/el-universo/sistema-solar-rokr-st001-p71	0	2	0	1
sistemul solar 3d	https://ro.robotoys.eu/puzzle-3d-din-lemn/universul/sistem-solar-rokr-st001-p71	0	1	0	12
sklep dla czarownic	https://pl.robotoys.eu/miniaturowe-domki/sklepy-z-miniaturami/sklep-czarownic-kiki-rolife-dg155-p31	0	3	0	12.67
skrinjice	https://si.robotoys.eu/lesena-3d-sestavljanka/glasbene-skrinjice	0	1	0	26
società in vendita	https://it.robotoys.eu/link-utili/circa-la-societa/vendita-allingrosso	0	1	0	24
something else?	https://robotoys.eu/gift-ideas/gifts-for-her	0	1	0	1
sopek roz	https://si.robotoys.eu/lesena-3d-sestavljanka/roze/lesena-3d-sestavljanka-sopek-roz-rowood-tw01h-p100	0	1	0	1
speedway motorcykel	https://se.robotoys.eu/pusseltavling/speedway-motorcykel-little-story-e019-171	0	1	0	1
speedway motorrad modell	https://de.robotoys.eu/3d-puzzle-aus-holz/fahrzeuge/holz-3d-puzzle-speedway-motorrad-little-story-e019-p171	0	3	0	1
st003	https://it.robotoys.eu/puzzle-3d-in-legno/luniverso/globo-luminoso-rokr-st003-p3	0	2	0	2
st003	https://robotoys.eu/wooden-3d-puzzle/the-universe/luminous-globe-rokr-st003-p3	0	1	0	5
st003	https://se.robotoys.eu/3d-pussel-i-tra/universum/lysande-glob-rokr-st003-p3	0	1	0	3
st003 luminous globe	https://robotoys.eu/wooden-3d-puzzle/the-universe/luminous-globe-rokr-st003-p3	0	2	0	11
st004	https://es.robotoys.eu/rompecabezas-3d-de-madera/el-universo/telescopio-monocular-rokr-st004-p8	0	1	0	3
stalowa	https://pl.robotoys.eu/drewniane-puzzle-3d/architektura/model-wiezy-eiffla-rolife-tg501-p17	0	1	0	22
stampante 3d legno	https://it.robotoys.eu/puzzle-3d-in-legno/stem-lab/puzzle-3d-meccanico-in-legno-stampante-classica-rokr-lk602-p90	0	1	0	14
stanze in miniatura da costruire	https://it.robotoys.eu/case-in-miniatura/camere-in-miniatura	0	1	0	2
stanze in miniatura da costruire	https://it.robotoys.eu/case-in-miniatura/negozi-in-miniatura/caffe-a-simone-rolife-dg109-p64	0	1	0	3
starry night amk51	https://robotoys.eu/wooden-3d-puzzle/music-boxes/music-box-starry-night-rokr-amk51-p11	0	1	0	3
steckbrief tower bridge	https://de.robotoys.eu/bloggen/die-geschichte-der-beruhmten-tower-bridge-wie-sie-london-zu-ihnen-nach-hause-holen	0	1	0	37
stem	https://pl.robotoys.eu/blog/modele-stem-i-drewniane	0	2	0	71.5
stem madeira	https://pt.robotoys.eu/blogue/stem-e-modelos-de-madeira	0	1	0	2
stem models	https://robotoys.eu/blog/stem-and-wooden-models	0	8	0	9.12
stem wood	https://es.robotoys.eu/blog/stem-y-modelos-de-madera	0	1	0	18
stilvolles geschenk für mann	https://de.robotoys.eu/bloggen/ein-geschenk-fur-den-mann-der-schon-alles-hat-24-originelle-tipps-die-ihn-garantiert-uberraschen-werden	0	1	0	34
sting scooter	https://fr.robotoys.eu/casse-tete-3d-en-bois/vehicules/puzzle-3d-en-bois-sting-scooter-little-story-e022-p174	0	1	0	1
sting scooter	https://nl.robotoys.eu/houten-3d-puzzel/voertuigen/houten-3d-puzzel-blauwe-sting-scooter-little-story-e022b-p245	0	1	0	1
sting scooter	https://nl.robotoys.eu/houten-3d-puzzel/voertuigen/houten-3d-puzzel-sting-scooter-little-story-e022-p174	0	1	0	1
storia del tower bridge	https://it.robotoys.eu/blog/the-story-of-the-famous-tower-bridge-how-to-bring-london-to-your-home	0	2	0	9.5
story arch puzzle	https://robotoys.eu/wooden-3d-puzzle/architecture/wooden-3d-puzzle-victory-arch-little-story-e011-p123	0	3	0	1.67
straalmotor puzzel	https://nl.robotoys.eu/houten-3d-puzzel/voertuigen/houten-3d-puzzel-blauwe-speedway-motor-little-story-e019b-p239	0	1	0	8
subfusil thompson juguete	https://es.robotoys.eu/rompecabezas-3d-de-madera/armas/thompson-rokr-lqb01-p74	0	1	0	1
sugestao de presente para mulher	https://pt.robotoys.eu/blogue/7-ideias-de-presentes-irresistiveis-para-mulheres	0	1	0	69
sujetalibros sakura densya	https://es.robotoys.eu/casas-en-miniatura/rincon-de-libros/sakura-densya-rolife-tgb01-p29	0	1	0	1
sunflower wooden puzzle	https://robotoys.eu/wooden-3d-puzzle/flowers/wooden-3d-puzzle-sunflower-rowood-tw011-p113	0	1	0	6
sunshine town	https://cz.robotoys.eu/miniaturni-domecky/books-nook	0	1	0	11
sunshine town	https://cz.robotoys.eu/miniaturni-domecky/books-nook/sunshine-town-rolife-tgb02-p30	0	1	0	6
sunshine town book nook	https://fr.robotoys.eu/maisons-miniatures/coin-livres/sunshine-town-rolife-tgb02-p30	0	1	0	44
sunshine town rolife	https://es.robotoys.eu/casas-en-miniatura/rincon-de-libros/sunshine-town-rolife-tgb02-p30	0	1	0	6
sunčev sustav 3d	https://hr.robotoys.eu/drvena-3d-slagalica/svemir/suncev-sustav-rokr-st001-p71	0	1	0	1
suona	https://it.robotoys.eu/puzzle-3d-in-legno/strumenti-musicali/pianoforte-magico-rokr-amk81-p70	0	1	0	20
suona	https://it.robotoys.eu/puzzle-3d-in-legno/strumenti-musicali/puzzle-3d-in-legno-pianoforte-a-coda-rolife-tg402-p200	0	1	0	15
svjetla tornja	https://hr.robotoys.eu/drvena-3d-slagalica/arhitektura/model-eiffelovog-tornja-rolife-tg501-p17	0	1	0	45
svítící 3d puzzle	https://cz.robotoys.eu/drevene-3d-puzzle/architektura/svitici-eiffelova-vez-rolife-tgl01-p73	0	1	0	26
syrena 105	https://hu.robotoys.eu/fabol-keszult-3d-puzzle/jarmuvek/fa-3d-puzzle-syrena-105-little-story-e004-p96	0	2	0	8
szukam drewnianych puzzli 3d o wysokim poziomie trudności do 200 złotych.	https://pl.robotoys.eu/drewniane-puzzle-3d-latwy-poziom-trudnosci	0	3	0	2
szukam drewnianych puzzli 3d o wysokim poziomie trudności do 200 złotych.	https://pl.robotoys.eu/drewniane-puzzle-3d-od-200-do-299-szt	0	3	0	1.67
szukam drewnianych puzzli 3d o wysokim poziomie trudności do 200 złotych.	https://pl.robotoys.eu/najlepiej-oceniane-produkty-marki-rokr	0	2	0	1
szukam drewnianych puzzli 3d o wysokim poziomie trudności do 200 złotych.	https://pl.robotoys.eu/najwyzej-oceniane-drewniane-puzzle-3d	0	1	0	1
születésnapi ajándék	https://hu.robotoys.eu/ajandekotletek/szuletesnapi-ajandekok	0	4	0	12.5
születésnapi ajándékok	https://hu.robotoys.eu/a-legdragabb-szuletesnapi-ajandekok	0	1	0	14
szülinapi ajándékok gyerekeknek	https://hu.robotoys.eu/a-legdragabb-szuletesnapi-ajandekok	0	1	0	11
szülinapi ajándékok nőknek	https://hu.robotoys.eu/a-legdragabb-szuletesnapi-ajandekok	0	1	0	11
sünnipäeva kingitused	https://ee.robotoys.eu/kingi-ideid/sunnipaeva-kingitused	0	1	0	16
t rex wooden puzzle	https://robotoys.eu/wooden-3d-puzzle/the-animals/wooden-3d-puzzle-t-rex-little-story-d006-p115	0	1	0	11
t-rex	https://hu.robotoys.eu/fabol-keszult-3d-puzzle/az-allatok/fa-3d-puzzle-t-rex-little-story-d006-p115	0	1	0	12
t-rex puzzle	https://robotoys.eu/wooden-3d-puzzle/the-animals/wooden-3d-puzzle-t-rex-little-story-d006-p115	0	1	0	1
tablas y calendarios el universo	https://es.robotoys.eu/rompecabezas-3d-de-madera/cajas-de-musica/caja-de-musica-swing-ride-rokr-ea02-p4	0	1	0	69
tank 3d	https://pl.robotoys.eu/drewniane-puzzle-3d/pojazdy/drewniana-ukladanka-3d-tank-leopard-1-little-story-wot07-p179	0	1	0	5
tank 3d	https://pl.robotoys.eu/drewniane-puzzle-3d/pojazdy/drewniana-ukladanka-3d-tank-tortoise-little-story-wot08-p180	0	1	0	5
tank leopard 1	https://cz.robotoys.eu/drevene-3d-puzzle/vozidla/drevene-3d-puzzle-tank-leopard-1-little-story-wot07-p179	0	1	0	12
tank puzzle	https://cz.robotoys.eu/drevene-3d-puzzle/vozidla/drevene-3d-puzzle-tank-leopard-1-little-story-wot07-p179	0	1	0	4
tank puzzle	https://cz.robotoys.eu/drevene-3d-puzzle/vozidla/drevene-3d-puzzle-tiger-i-little-story-wot03-p136	0	2	0	8
tank puzzle	https://hu.robotoys.eu/fabol-keszult-3d-puzzle/jarmuvek/fa-3d-puzzle-tank-amx-13-105-little-story-wot05-p177	0	1	0	4
tank puzzle	https://robotoys.eu/wooden-3d-puzzle/vehicles/wooden-3d-puzzle-tiger-i-little-story-wot03-p136	0	6	0	1.33
tank tortoise	https://robotoys.eu/wooden-3d-puzzle/vehicles/wooden-3d-puzzle-tank-tortoise-little-story-wot08-p180	0	3	0	1
tanks	https://si.robotoys.eu/blog/world-of-tanks-zdaj-na-vasi-polici	0	1	0	11
tanque de madera	https://es.robotoys.eu/rompecabezas-3d-de-madera/vehiculos/rompecabezas-3d-de-madera-tanque-amx-13-105-little-story-wot05-p177	0	1	0	11
tarif?	https://fr.robotoys.eu/maisons-miniatures/coin-livres/insert-detagere-holiday-cafe-rolife-tgb15-p225	0	1	0	21
tauera tilts	https://lv.robotoys.eu/emuars/stasts-par-slaveno-tauera-tiltu-ka-atvest-londonu-savas-majas	0	1	0	4
tauerio tiltas	https://lt.robotoys.eu/dienorastis/garsiojo-tauerio-tilto-istorija-kaip-pritraukti-londona-i-savo-namus	0	9	0	8.22
tebutik	https://se.robotoys.eu/miniatyrhus/miniatyrbutiker/miniatyrhus-alices-tebutik-rolife-dg156-p61	0	1	0	13
techniky proti stresu	https://cz.robotoys.eu/blog/jak-se-zbavit-stresu-10-ucinnych-tipu	0	1	0	6
telefon karussell	https://de.robotoys.eu/3d-puzzle-aus-holz/stem-lab/3d-puzzle-aus-holz-retro-telefon-eco-wood-art-p156	0	1	0	4
telefono de madera	https://es.robotoys.eu/rompecabezas-3d-de-madera/stem-lab/rompecabezas-3d-de-madera-telefono-retro-eco-wood-art-p156	0	1	0	3
telescopio 3d	https://it.robotoys.eu/puzzle-3d-in-legno/luniverso/telescopio-monoculare-rokr-st004-p8	0	2	0	4.5
telescopio monocular rokr	https://es.robotoys.eu/rompecabezas-3d-de-madera/el-universo/telescopio-monocular-rokr-st004-p8	0	2	0	1
tell me what is that	https://robotoys.eu/wooden-3d-puzzle/vehicles/wooden-mechanical-3d-puzzle-truck-road-king-eco-wood-art-p206	0	1	0	1
tenk crtez	https://hr.robotoys.eu/drvena-3d-slagalica/vozila/drvena-3d-slagalica-tenk-amx-13-105-little-story-wot05-p177	0	2	0	1
teuerstes	https://robotoys.eu/the-most-expensive-products-of-the-rolife-brand	0	1	0	2
teure sachen für mädchen	https://de.robotoys.eu/die-teuersten-geschenke-fur-frauen-und-madchen	0	1	0	11
tf001	https://cz.robotoys.eu/drevene-3d-puzzle/kvety/drevene-3d-puzzle-poinsettia-rowood-tf001-p222	0	1	0	4
tf001	https://si.robotoys.eu/tekmovanje-v-sestavljanju-sestavljank/bozicna-zvezda-rowood-tf001-222	0	2	0	6
tg 505	https://robotoys.eu/wooden-3d-puzzle/vehicles/historic-tramcar-rolife-tg505-p40	0	1	0	8
tg301	https://robotoys.eu/wooden-3d-puzzle/vehicles/triplane-model-rolife-tg301-p46	0	1	0	30
tg306	https://robotoys.eu/puzzle-competition/cruise-ship-rolife-tg306-87	0	2	0	12.5
tg306	https://robotoys.eu/wooden-3d-puzzle/vehicles/wooden-3d-puzzle-cruise-ship-rolife-tg306-p87	0	2	0	4.5
tg406	https://robotoys.eu/wooden-3d-puzzle/vehicles/hot-air-balloon-rolife-tg406-p84	0	16	0	6.38
tg407 flight status today	https://robotoys.eu/wooden-3d-puzzle/vehicles/airship-model-rolife-tg407-p22	0	2	0	32
tg409	https://pt.robotoys.eu/quebra-cabeca-3d-de-madeira/instrumentos-musicais/bateria-rolife-tg409-p81	0	1	0	8
tg411	https://robotoys.eu/wooden-3d-puzzle/musical-instruments/wooden-3d-puzzle-cello-rolife-tg411-p85	0	4	0	7
tg504	https://fr.robotoys.eu/casse-tete-3d-en-bois/vehicules/modele-veteran-rolife-tg504-p53	0	1	0	7
tg505	https://robotoys.eu/wooden-3d-puzzle/vehicles/historic-tramcar-rolife-tg505-p40	0	3	0	6.33
tgb01	https://de.robotoys.eu/miniaturhauser/bucher-ecke/sakura-densya-rolife-tgb01-p29	0	2	0	9
tgb01	https://robotoys.eu/miniature-houses/books-nook/sakura-densya-rolife-tgb01-p29	0	1	0	1
tgb02 sunshine town	https://robotoys.eu/miniature-houses/books-nook/sunshine-town-rolife-tgb02-p30	0	1	0	6
tgb03	https://it.robotoys.eu/case-in-miniatura/angolo-dei-libri/magical-house-rolife-tgb03-p58	0	1	0	4
tgb03	https://nl.robotoys.eu/miniatuur-huizen/boeken-hoekje/magisch-huis-rolife-tgb03-p58	0	1	0	9
tgb06	https://es.robotoys.eu/casas-en-miniatura/rincon-de-libros/casa-de-jardin-de-vacaciones-rolife-tgb06-p78	0	1	0	4
tgb06	https://robotoys.eu/miniature-houses/books-nook/holiday-garden-house-rolife-tgb06-p78	0	3	0	7.33
tgb09	https://es.robotoys.eu/casas-en-miniatura/rincon-de-libros/inserto-para-estanteria-rincon-de-flores-rolife-tgb09-p108	0	1	0	7
tgb09	https://robotoys.eu/miniature-houses/books-nook/bookshelf-insert-flower-corner-rolife-tgb09-p108	0	1	0	10
tgb10	https://fr.robotoys.eu/maisons-miniatures/coin-livres/insert-de-bibliotheque-arcade-dating-rolife-tgb10-p148	0	1	0	10
tgb10	https://nl.robotoys.eu/miniatuur-huizen/boeken-hoekje/boekenplankinzetstuk-arcade-dating-rolife-tgb10-p148	0	1	0	15
tgb11	https://it.robotoys.eu/case-in-miniatura/angolo-dei-libri/inserto-per-libreria-vicolo-del-vino-sotto-i-sakura-rolife-tgb11-p164	0	1	0	1
tgb13	https://fr.robotoys.eu/maisons-miniatures/coin-livres/insert-detagere-scene-de-rue-rolife-tgb13-p256	0	1	0	9
tgb14	https://robotoys.eu/miniature-houses/books-nook/bookshelf-insert-magical-fantasy-corner-rolife-tgb14-p221	0	2	0	3.5
tgb14	https://se.robotoys.eu/miniatyrhus/bocker-nook/bokhyllinsats-magisk-fantasihorna-rolife-tgb14-p221	0	10	0	2.9
tgb14	https://se.robotoys.eu/pusseltavling/magisk-fantasihorna-rolife-tgb14-221	0	1	0	11
tgb15	https://fr.robotoys.eu/maisons-miniatures/coin-livres/insert-detagere-holiday-cafe-rolife-tgb15-p225	0	2	0	5
tgb15	https://se.robotoys.eu/miniatyrhus/bocker-nook/bokhyllinsats-holiday-cafe-rolife-tgb15-p225	0	10	0	2.9
tgb16	https://es.robotoys.eu/casas-en-miniatura/rincon-de-libros/inserto-de-estanteria-biblioteca-de-las-maravillas-rolife-tgb16-p226	0	1	0	7
tgb16	https://pl.robotoys.eu/miniaturowe-domki/kacik-ksiazek/wkladka-do-regalu-biblioteka-cudow-rolife-tgb16-p226	0	1	0	2
tgb17	https://robotoys.eu/miniature-houses/books-nook/bookshelf-insert-fairytale-theme-park-rolife-tgb17-p257	0	1	0	3
tgb17	https://se.robotoys.eu/de-dyraste-miniatyrhusen	0	2	0	9.5
tgb17	https://se.robotoys.eu/miniatyrhus/bocker-nook/bokhyllinsats-sagopark-rolife-tgb17-p257	0	4	0	3.75
tgl01	https://es.robotoys.eu/rompecabezas-3d-de-madera/arquitectura/torre-eiffel-iluminada-rolife-tgl01-p73	0	1	0	2
tgn01	https://es.robotoys.eu/rompecabezas-3d-de-madera/cajas-de-musica/rueda-de-la-fortuna-rolife-tgn01-p18	0	1	0	2
tgs02	https://de.robotoys.eu/3d-puzzle-aus-holz/fahrzeuge/3d-puzzle-aus-holz-sakura-journey-rolife-tgs02-p105	0	1	0	8
tgs04	https://de.robotoys.eu/3d-puzzle-aus-holz/die-architektur/3d-puzzle-aus-holz-sakura-baumhaus-rolife-tgs04-p201	0	1	0	4
tgs04	https://fr.robotoys.eu/casse-tete-3d-en-bois/architecture/puzzle-3d-en-bois-sakura-treehouse-rolife-tgs04-p201	0	1	0	4
tgs04	https://robotoys.eu/wooden-3d-puzzle/architecture/wooden-3d-puzzle-sakura-treehouse-rolife-tgs04-p201	0	1	0	2
the little story	https://cz.robotoys.eu/znacky/little-story	0	1	0	8
the most expensive gift	https://robotoys.eu/the-most-expensive-birthday-gifts	0	2	0	9.5
the seahorse barque 3d wooden puzzle	https://robotoys.eu/wooden-3d-puzzle/vehicles/wooden-mechanical-3d-puzzle-the-seahorse-barque-rokr-mcb02-p212	0	3	0	5.33
the seahorse barque mcb02	https://es.robotoys.eu/rompecabezas-3d-de-madera/vehiculos/rompecabezas-mecanico-3d-de-madera-velero-caballito-de-mar-rokr-mcb02-p212	0	1	0	9
the tortoise tank	https://robotoys.eu/wooden-3d-puzzle/vehicles/wooden-3d-puzzle-tank-tortoise-little-story-wot08-p180	0	1	0	13
the tower bridge	https://fr.robotoys.eu/blog/lhistoire-du-celebre-tower-bridge-comment-amener-londres-chez-vous	0	1	0	45
three dimensional puzzle	https://robotoys.eu/wooden-3d-puzzle/architecture/wooden-3d-puzzle-sagrada-familia-little-story-e018-p133	0	1	0	3
tienda bruja	https://es.robotoys.eu/casas-en-miniatura/tiendas-de-miniaturas/tienda-bruja-kiki-rolife-dg155-p31	0	1	0	13
tienda de brujas	https://es.robotoys.eu/casas-en-miniatura/tiendas-de-miniaturas/tienda-bruja-kiki-rolife-dg155-p31	0	3	0	17.67
tienda de casas de muñecas	https://es.robotoys.eu/casas-en-miniatura/tiendas-de-miniaturas	0	3	0	46.67
tienda de casitas miniaturas	https://es.robotoys.eu/casas-en-miniatura/tiendas-de-miniaturas	0	3	0	9.33
tienda de miniaturas	https://es.robotoys.eu/casas-en-miniatura/tiendas-de-miniaturas	0	3	0	27.33
tienda miniaturas	https://es.robotoys.eu/casas-en-miniatura/tiendas-de-miniaturas/tienda-bruja-kiki-rolife-dg155-p31	0	8	0	12.88
tienda online para comprar miniaturas de casas de muñecas	https://es.robotoys.eu/casas-en-miniatura/tiendas-de-miniaturas	0	1	0	28
tiendas de miniaturas	https://es.robotoys.eu/casas-en-miniatura/tiendas-de-miniaturas	0	1	0	14
tiendas de miniaturas para casas de muñecas	https://es.robotoys.eu/casas-en-miniatura/tiendas-de-miniaturas	0	13	0	20.85
tiendas en miniatura	https://es.robotoys.eu/casas-en-miniatura/tiendas-de-miniaturas	0	1	0	6
tiendas en miniatura	https://es.robotoys.eu/casas-en-miniatura/tiendas-de-miniaturas/casa-en-miniatura-la-tienda-de-te-de-alice-rolife-dg156-p61	0	1	0	3
tiendas en miniatura	https://es.robotoys.eu/casas-en-miniatura/tiendas-de-miniaturas/tienda-bruja-kiki-rolife-dg155-p31	0	1	0	3
tiger 3d puzzle	https://es.robotoys.eu/rompecabezas-3d-de-madera/vehiculos/puzzle-3d-de-madera-tigre-i-little-story-wot03-p136	0	1	0	4
tiger holz	https://de.robotoys.eu/3d-puzzle-aus-holz/fahrzeuge/3d-puzzle-aus-holz-tiger-i-little-story-wot03-p136	0	1	0	1
tiger puzzle	https://de.robotoys.eu/3d-puzzle-aus-holz/fahrzeuge/3d-puzzle-aus-holz-tiger-i-little-story-wot03-p136	0	1	0	23
tiger puzzle	https://it.robotoys.eu/puzzle-3d-in-legno/veicoli/puzzle-3d-in-legno-tiger-i-little-story-wot03-p136	0	3	0	9.67
tigris tank modell	https://hu.robotoys.eu/fabol-keszult-3d-puzzle/jarmuvek/fa-3d-puzzle-tigris-i-little-story-wot03-p136	0	2	0	1
tiny házak	https://hu.robotoys.eu/a-legolcsobb-mini-hazak	0	2	0	8.5
tiny room kits	https://robotoys.eu/miniature-houses/miniature-rooms	0	1	0	9
tipsy restaurant	https://fr.robotoys.eu/maisons-miniatures/boutiques-miniatures/maison-miniature-restaurant-tipsy-rolife-dg167-p209	0	1	0	29
tipsy restaurant	https://it.robotoys.eu/case-in-miniatura/negozi-in-miniatura/casa-in-miniatura-ristorante-tipsy-rolife-dg167-p209	0	1	0	6
tipsy restaurant	https://nl.robotoys.eu/miniatuur-huizen/miniatuur-winkels/miniatuurhuis-restaurant-tipsy-rolife-dg167-p209	0	1	0	9
tipsy restaurant	https://ro.robotoys.eu/case-miniaturale/magazine-in-miniatura/casuta-in-miniatura-restaurant-tipsy-rolife-dg167-p209	0	1	0	8
tipsy restaurant & bar	https://se.robotoys.eu/miniatyrhus/miniatyrbutiker/miniatyrhus-restaurang-tipsy-rolife-dg167-p209	0	1	0	11
tipsy restaurant miniature	https://dk.robotoys.eu/miniaturehuse/miniature-butikker/miniaturehus-restaurant-tipsy-rolife-dg167-p209	0	2	0	6.5
tipsy restaurant rolife	https://es.robotoys.eu/casas-en-miniatura/tiendas-de-miniaturas/casa-en-miniatura-restaurante-tipsy-rolife-dg167-p209	0	2	0	6
tipsy restaurant rolife	https://nl.robotoys.eu/miniatuur-huizen/miniatuur-winkels/miniatuurhuis-restaurant-tipsy-rolife-dg167-p209	0	1	0	2
tipsy restaurant rolife	https://robotoys.eu/miniature-houses/miniature-stores/miniature-house-restaurant-tipsy-rolife-dg167-p209	0	5	0	11.4
tipsy restaurant rolife	https://se.robotoys.eu/miniatyrhus/miniatyrbutiker/miniatyrhus-restaurang-tipsy-rolife-dg167-p209	0	1	0	10
tipy na dárek	https://cz.robotoys.eu/blog/skvele-tipy-na-vanocni-darky-ktere-potesi-i-ty-nejnarocnejsi	0	2	0	23
tipy na vánoční dárek	https://cz.robotoys.eu/blog/skvele-tipy-na-vanocni-darky-ktere-potesi-i-ty-nejnarocnejsi	0	3	0	11.33
tiwer bridge	https://nl.robotoys.eu/blog/het-verhaal-van-de-beroemde-tower-bridge-hoe-je-londen-bij-je-thuis-brengt	0	1	0	12
to czy to	https://pl.robotoys.eu/drewniane-puzzle-3d/pojazdy/drewniane-puzzle-3d-klasyczny-tramwaj-miejski-rokr-lk801-p88	0	1	0	12
to czy to	https://pl.robotoys.eu/drewniane-puzzle-3d/pojazdy/zabytkowy-tramwaj-rolife-tg505-p40	0	1	0	3
to i to	https://pl.robotoys.eu/miniaturowe-domki/kacik-ksiazek/wkladka-na-polke-na-ksiazki-swiateczna-scena-wnetrza-rolife-tgc07-p140	0	1	0	9
to299	https://robotoys.eu/wooden-3d-puzzle-200-to-299-pcs	0	1	0	20
tocadiscos de madera	https://es.robotoys.eu/rompecabezas-3d-de-madera/cajas-de-musica/tocadiscos-electrico-rokr-lkb01d-p68	0	1	0	1
tocadiscos madera	https://es.robotoys.eu/rompecabezas-3d-de-madera/cajas-de-musica/tocadiscos-electrico-rokr-lkb01d-p68	0	2	0	32.5
tommy gun zabawka	https://pl.robotoys.eu/drewniane-puzzle-3d/bronie/thompson-rokr-lqb01-p74	0	2	0	1
tools puzzle	https://robotoys.eu/blog/10-tools-you-need-when-assembling-a-wooden-3d-puzzle	0	1	0	1
top 1	https://cz.robotoys.eu/drevene-3d-puzzle/vesmir/svitici-globus-rokr-st003-p3	0	1	0	2
top 10 cadeau voor vrouwen	https://nl.robotoys.eu/blog/7-onweerstaanbare-cadeau-ideeen-voor-vrouwen	0	2	0	68.5
top 10 cadeaus voor vrouwen	https://nl.robotoys.eu/blog/7-onweerstaanbare-cadeau-ideeen-voor-vrouwen	0	2	0	72.5
tornja	https://hr.robotoys.eu/drvena-3d-slagalica/arhitektura/model-eiffelovog-tornja-rolife-tg501-p17	0	1	0	1
torre bridge londres	https://es.robotoys.eu/blog/the-story-of-the-famous-tower-bridge-how-to-bring-london-to-your-home	0	1	0	6
torre eiffel de madera	https://es.robotoys.eu/rompecabezas-3d-de-madera/arquitectura/torre-eiffel-iluminada-rolife-tgl01-p73	0	1	0	1
torre eiffel disegno 3d	https://it.robotoys.eu/puzzle-3d-in-legno/architettura/modello-della-torre-eiffel-rolife-tg501-p17	0	1	0	5
torre eiffel madera	https://es.robotoys.eu/rompecabezas-3d-de-madera/arquitectura/torre-eiffel-iluminada-rolife-tgl01-p73	0	2	0	1
tortois tank	https://pl.robotoys.eu/drewniane-puzzle-3d/pojazdy/drewniana-ukladanka-3d-tank-tortoise-little-story-wot08-p180	0	2	0	12
tortoise char	https://fr.robotoys.eu/casse-tete-3d-en-bois/vehicules/puzzle-3d-en-bois-tank-tortoise-little-story-wot08-p180	0	1	0	4
tortoise czołg	https://pl.robotoys.eu/drewniane-puzzle-3d/pojazdy/drewniana-ukladanka-3d-tank-tortoise-little-story-wot08-p180	0	1	0	2
tortoise tank	https://pl.robotoys.eu/drewniane-puzzle-3d/pojazdy/drewniana-ukladanka-3d-tank-tortoise-little-story-wot08-p180	0	29	0	19.52
toune disque	https://fr.robotoys.eu/casse-tete-3d-en-bois/boites-a-musique/tourne-disque-electrique-rokr-lkb01d-p68	0	1	0	22
tourne dique	https://fr.robotoys.eu/casse-tete-3d-en-bois/boites-a-musique/tourne-disque-electrique-rokr-lkb01d-p68	0	1	0	22
tourne disc	https://fr.robotoys.eu/casse-tete-3d-en-bois/boites-a-musique/tourne-disque-electrique-rokr-lkb01d-p68	0	6	0	21
tourne disque	https://fr.robotoys.eu/casse-tete-3d-en-bois/boites-a-musique/tourne-disque-electrique-rokr-lkb01d-p68	0	16	0	30.69
tourne disque bois	https://fr.robotoys.eu/casse-tete-3d-en-bois/boites-a-musique/tourne-disque-electrique-rokr-lkb01d-p68	0	1	0	3
tower bridge	https://cz.robotoys.eu/blog/the-story-of-the-famous-tower-bridge-how-to-bring-london-to-your-home	0	4	0	25.75
tower bridge	https://dk.robotoys.eu/blog/historien-om-den-beromte-tower-bridge-sadan-bringer-du-london-til-dit-hjem	0	1	0	10
tower bridge	https://fr.robotoys.eu/blog/lhistoire-du-celebre-tower-bridge-comment-amener-londres-chez-vous	0	10	0	30.1
tower bridge	https://nl.robotoys.eu/blog/het-verhaal-van-de-beroemde-tower-bridge-hoe-je-londen-bij-je-thuis-brengt	0	9	0	11.11
tower bridge	https://pl.robotoys.eu/blog/the-story-of-the-famous-tower-bridge-how-to-bring-london-to-your-home	0	8	0	11.75
tower bridge	https://pt.robotoys.eu/blogue/a-historia-da-famosa-tower-bridge-como-levar-londres-para-a-sua-casa	0	2	0	26
tower bridge 3d puzzle	https://it.robotoys.eu/puzzle-3d-in-legno/architettura/modello-tower-bridge-con-illuminazione-led-rolife-tg412-p19	0	1	0	8
tower bridge altura	https://es.robotoys.eu/blog/the-story-of-the-famous-tower-bridge-how-to-bring-london-to-your-home	0	3	0	9.67
tower bridge altura	https://pt.robotoys.eu/blogue/a-historia-da-famosa-tower-bridge-como-levar-londres-para-a-sua-casa	0	1	0	10
tower bridge annee construction	https://fr.robotoys.eu/blog/lhistoire-du-celebre-tower-bridge-comment-amener-londres-chez-vous	0	7	0	8.71
tower bridge anno di costruzione	https://it.robotoys.eu/blog/the-story-of-the-famous-tower-bridge-how-to-bring-london-to-your-home	0	4	0	11.5
tower bridge bau	https://de.robotoys.eu/bloggen/die-geschichte-der-beruhmten-tower-bridge-wie-sie-london-zu-ihnen-nach-hause-holen	0	10	0	9.1
tower bridge construction	https://fr.robotoys.eu/blog/lhistoire-du-celebre-tower-bridge-comment-amener-londres-chez-vous	0	15	0	8.4
tower bridge construction date	https://fr.robotoys.eu/blog/lhistoire-du-celebre-tower-bridge-comment-amener-londres-chez-vous	0	1	0	9
tower bridge costruzione	https://it.robotoys.eu/blog/the-story-of-the-famous-tower-bridge-how-to-bring-london-to-your-home	0	2	0	10.5
tower bridge couleur	https://fr.robotoys.eu/blog/lhistoire-du-celebre-tower-bridge-comment-amener-londres-chez-vous	0	15	0	5.53
tower bridge curiosidades	https://pt.robotoys.eu/blogue/a-historia-da-famosa-tower-bridge-como-levar-londres-para-a-sua-casa	0	5	0	8.8
tower bridge date	https://fr.robotoys.eu/blog/lhistoire-du-celebre-tower-bridge-comment-amener-londres-chez-vous	0	1	0	12
tower bridge date de construction	https://fr.robotoys.eu/blog/lhistoire-du-celebre-tower-bridge-comment-amener-londres-chez-vous	0	19	0	8.26
tower bridge desenho	https://pt.robotoys.eu/blogue/a-historia-da-famosa-tower-bridge-como-levar-londres-para-a-sua-casa	0	2	0	1
tower bridge fakta	https://dk.robotoys.eu/blog/historien-om-den-beromte-tower-bridge-sadan-bringer-du-london-til-dit-hjem	0	5	0	13.8
tower bridge fakta	https://se.robotoys.eu/blogg/the-story-of-the-famous-tower-bridge-how-to-bring-london-to-your-home	0	1	0	14
tower bridge geschichte	https://de.robotoys.eu/bloggen/die-geschichte-der-beruhmten-tower-bridge-wie-sie-london-zu-ihnen-nach-hause-holen	0	2	0	8
tower bridge geschiedenis	https://nl.robotoys.eu/blog/het-verhaal-van-de-beroemde-tower-bridge-hoe-je-londen-bij-je-thuis-brengt	0	5	0	10.6
tower bridge historia	https://es.robotoys.eu/blog/the-story-of-the-famous-tower-bridge-how-to-bring-london-to-your-home	0	16	0	6.44
tower bridge historia	https://pl.robotoys.eu/blog/the-story-of-the-famous-tower-bridge-how-to-bring-london-to-your-home	0	4	0	6
tower bridge historia	https://pt.robotoys.eu/blogue/a-historia-da-famosa-tower-bridge-como-levar-londres-para-a-sua-casa	0	2	0	6
tower bridge historia	https://se.robotoys.eu/blogg/the-story-of-the-famous-tower-bridge-how-to-bring-london-to-your-home	0	2	0	11
tower bridge historie	https://fr.robotoys.eu/blog/lhistoire-du-celebre-tower-bridge-comment-amener-londres-chez-vous	0	1	0	7
tower bridge história	https://pt.robotoys.eu/blogue/a-historia-da-famosa-tower-bridge-como-levar-londres-para-a-sua-casa	0	7	0	4.71
tower bridge kiedy powstał	https://pl.robotoys.eu/blog/the-story-of-the-famous-tower-bridge-how-to-bring-london-to-your-home	0	5	0	7.2
tower bridge london	https://ro.robotoys.eu/blog/povestea-celebrului-tower-bridge-cum-sa-aduci-londra-acasa	0	1	0	8
tower bridge london historia	https://es.robotoys.eu/blog/the-story-of-the-famous-tower-bridge-how-to-bring-london-to-your-home	0	22	0	8
tower bridge london storia	https://it.robotoys.eu/blog/the-story-of-the-famous-tower-bridge-how-to-bring-london-to-your-home	0	1	0	7
tower bridge londra	https://ro.robotoys.eu/blog/povestea-celebrului-tower-bridge-cum-sa-aduci-londra-acasa	0	1	0	23
tower bridge londres histoire	https://fr.robotoys.eu/blog/lhistoire-du-celebre-tower-bridge-comment-amener-londres-chez-vous	0	6	0	7.5
tower bridge londyn	https://pl.robotoys.eu/blog/the-story-of-the-famous-tower-bridge-how-to-bring-london-to-your-home	0	2	0	7.5
tower bridge puzzle 3d	https://de.robotoys.eu/3d-puzzle-aus-holz/die-architektur/tower-bridge-modell-mit-led-beleuchtung-rolife-tg412-p19	0	1	0	11
tower bridge puzzle 3d	https://es.robotoys.eu/rompecabezas-3d-de-madera/arquitectura/modelo-tower-bridge-con-iluminacion-led-rolife-tg412-p19	0	1	0	5
tower bridge puzzle 3d	https://pl.robotoys.eu/drewniane-puzzle-3d/architektura/model-tower-bridge-z-oswietleniem-led-rolife-tg412-p19	0	1	0	14
tower bridge significado	https://pt.robotoys.eu/blogue/a-historia-da-famosa-tower-bridge-como-levar-londres-para-a-sua-casa	0	3	0	10
tower bridge story	https://fr.robotoys.eu/blog/lhistoire-du-celebre-tower-bridge-comment-amener-londres-chez-vous	0	1	0	9
tower bridge taille	https://fr.robotoys.eu/blog/lhistoire-du-celebre-tower-bridge-comment-amener-londres-chez-vous	0	1	0	10
tower brifge	https://nl.robotoys.eu/blog/het-verhaal-van-de-beroemde-tower-bridge-hoe-je-londen-bij-je-thuis-brengt	0	1	0	8
toy story t34	https://pl.robotoys.eu/drewniane-puzzle-3d/pojazdy/drewniane-puzzle-3d-czolg-t-34-85-little-story-wot02-p135	0	1	0	2
toys designed	https://robotoys.eu/wooden-3d-puzzle/weapons/wooden-mechanical-3d-puzzle-machine-gun-with-rotating-barrel-rokr-lqa01-p218	0	1	0	24
trex puzzle	https://fr.robotoys.eu/casse-tete-3d-en-bois/les-animaux/puzzle-3d-en-bois-t-rex-little-story-d006-p115	0	1	0	1
trgovina z lesenimi igračami	https://si.robotoys.eu/uporabne-povezave/o-podjetju	0	1	0	29
trgovina za mlađu djecu	https://hr.robotoys.eu/blog/idealan-poklon-za-djecu-koji-razvija-kreativnost-i-strpljenje	0	3	0	26
triomfboog puzzel	https://nl.robotoys.eu/houten-3d-puzzel/architectuur/houten-3d-puzzel-overwinningsboog-little-story-e011-p123	0	1	0	5
trylleskole	https://dk.robotoys.eu/miniaturehuse-hoj-svaerhedsgrad	0	1	0	49
trylleskole	https://dk.robotoys.eu/miniaturehuse/miniature-vaerelser/miniaturehus-trylleskole-rolife-dg166-p163	0	2	0	3
trylleskole	https://dk.robotoys.eu/puslespil-konkurrence/trylleskole-rolife-dg166-163	0	1	0	36
trädhushotell småland	https://se.robotoys.eu/3d-pussel-i-tra/arkitektur/trapussel-i-3d-sakura-tradhus-rolife-tgs04-p201	0	1	0	81
träpussel	https://se.robotoys.eu/3d-pussel-i-tra	0	2	0	24
träpussel 3d	https://se.robotoys.eu/3d-pussel-i-tra	0	4	0	4.5
træ gevær	https://dk.robotoys.eu/trae-3d-puslespil/vaben/ak-47-rifle-rokr-lq901-p67	0	1	0	1
træ pistol	https://dk.robotoys.eu/trae-3d-puslespil/vaben/revolver-corsac-m60-rokr-lq401-p35	0	1	0	1
træ puslespil	https://dk.robotoys.eu/trae-3d-puslespil	0	7	0	22.57
træpuslespil	https://dk.robotoys.eu/trae-3d-puslespil	0	2	0	29.5
tu as des image	https://fr.robotoys.eu/casse-tete-3d-en-bois/stem-lab/marble-night-city-rokr-lga01-p2	0	1	0	4
tulipaner symbolik	https://dk.robotoys.eu/trae-3d-puslespil/blomster/trae-3d-puslespil-orange-tulipan-rowood-tw081-p145	0	1	0	12
tulpe bauen	https://de.robotoys.eu/3d-puzzle-aus-holz/blumen/holzpuzzle-3d-orange-tulpe-rowood-tw081-p145	0	2	0	11
tulupani	https://it.robotoys.eu/puzzle-3d-in-legno/fiori/puzzle-3d-in-legno-tulipano-rosa-rowood-tw082-p161	0	1	0	2
turistbus	https://dk.robotoys.eu/trae-3d-puslespil/koretojer/trae-3d-puslespil-london-turistbus-rolife-tgm02-p106	0	5	0	59.4
turistbus ikast	https://dk.robotoys.eu/trae-3d-puslespil/koretojer/trae-3d-puslespil-london-turistbus-rolife-tgm02-p106	0	1	0	63
turntable puzzle	https://robotoys.eu/puzzle-competition/diva-turntable-rokr-amk82-267	0	1	0	15
tutorial para armarlo	https://es.robotoys.eu/rompecabezas-3d-de-madera/relojes-y-calendarios/reloj-buho-rokr-lk503-p6	0	1	0	3
tvaikonis	https://lv.robotoys.eu/koka-3d-puzle/transportlidzekli/koka-3d-puzle-airu-tvaikonis-river-princess-eco-wood-art-p159	0	1	0	23
tw011	https://robotoys.eu/wooden-3d-puzzle/flowers/wooden-3d-puzzle-sunflower-rowood-tw011-p113	0	7	0	15.29
tw041	https://robotoys.eu/wooden-3d-puzzle/flowers/wooden-3d-puzzle-pink-rose-rowood-tw041-p111	0	1	0	4
tw042	https://robotoys.eu/wooden-3d-puzzle/flowers/wooden-3d-puzzle-red-rose-rowood-tw042-p101	0	1	0	8
tw071	https://fr.robotoys.eu/casse-tete-3d-en-bois/fleurs/puzzle-3d-en-bois-lys-rose-rowood-tw071-p144	0	1	0	6
typewriter wooden puzzle	https://robotoys.eu/wooden-3d-puzzle/stem-lab/wooden-mechanical-3d-puzzle-typewriter-eco-wood-art-p158	0	4	0	1.5
tökéletes valentin napi ajándék	https://hu.robotoys.eu/blog/5-legjobb-valentin-napi-ajandek-ami-mindenkinek-tetszeni-fog	0	3	0	18.33
udnyttelse af loftrum	https://dk.robotoys.eu/miniaturehuse/miniature-vaerelser/miniaturehus-doras-loftrum-rolife-dg12-p91	0	6	0	60
udnyttelse af loftrum pris	https://dk.robotoys.eu/miniaturehuse/miniature-vaerelser/miniaturehus-doras-loftrum-rolife-dg12-p91	0	11	0	58.27
uganke za možgane	https://si.robotoys.eu/blog/razgibajte-svoje-mozgane-s-3d-lesenimi-mehanskimi-ugankami	0	1	0	25
układanki 3d	https://pl.robotoys.eu/drewniane-puzzle-3d	0	1	0	4
ulička do knihovny	https://cz.robotoys.eu/miniaturni-domecky/books-nook/vlozka-do-police-na-knihy-vinarska-ulicka-pod-sakurami-rolife-tgb11-p164	0	7	0	6.43
umetak za policu	https://hr.robotoys.eu/minijaturne-kuce/knjige-nook/umetak-za-police-romantic-venice-rolife-tgb08-p107	0	1	0	37
umetak za policu	https://hr.robotoys.eu/minijaturne-kuce/knjige-nook/umetak-za-policu-za-knjige-knjiznica-cuda-rolife-tgb16-p226	0	1	0	1
umetak za policu	https://hr.robotoys.eu/minijaturne-kuce/knjige-nook/umetak-za-policu-za-knjige-ulicni-prizor-rolife-tgb13-p256	0	4	0	3.25
umiejętności motoryczne	https://pl.robotoys.eu/blog/top-5-zajec-wspierajacych-rozwoj-umiejetnosci-motorycznych	0	1	0	11
ure i træ	https://dk.robotoys.eu/trae-3d-puslespil/ure-kalendere	0	1	0	47
valentin napi kicsi ajándékok	https://hu.robotoys.eu/blog/5-legjobb-valentin-napi-ajandek-ami-mindenkinek-tetszeni-fog	0	3	0	16
valentino diena	https://lt.robotoys.eu/dienorastis/5-geriausios-valentino-dienos-dovanos-kurios-patiks-visiems	0	2	0	60
valentino diena dovanos	https://lt.robotoys.eu/dienorastis/5-geriausios-valentino-dienos-dovanos-kurios-patiks-visiems	0	1	0	17
valentinsdags gaver	https://dk.robotoys.eu/blog/5-bedste-valentinsdagsgaver-der-vil-glaede-alle	0	1	0	12
valentinsdagsgave	https://dk.robotoys.eu/blog/har-vi-fundet-den-perfekte-valentinsdagsgave	0	1	0	11
valentýn dárek	https://cz.robotoys.eu/blog/5-nejlepsich-darku-na-valentyna-ktere-potesi-kazdeho	0	5	0	10
valentīndienas dāvanas	https://lv.robotoys.eu/emuars/5-labakas-valentindienas-davanas-kas-iepriecinas-ikvienu	0	1	0	37
valeur	https://fr.robotoys.eu/les-maisons-miniatures-les-plus-vendues	0	1	0	2
valor	https://pt.robotoys.eu/quebra-cabeca-3d-de-madeira/os-animais/quebra-cabeca-3d-de-madeira-coruja-little-story-d009-p132	0	1	0	1
vediamo	https://it.robotoys.eu/puzzle-3d-in-legno/veicoli/auto-depoca-rokr-mc801-p72	0	1	0	1
venta de puzzles de madera al por mayor	https://es.robotoys.eu/rompecabezas-3d-de-madera-200-a-299-piezas	0	1	0	7
verjaardagcadeaus	https://nl.robotoys.eu/cadeau-ideeen/verjaardag-cadeaus	0	14	0	43.21
vezbe za razvoj motorike kod dece	https://hr.robotoys.eu/blog/top-5-aktivnosti-koje-podupiru-razvoj-motorickih-sposobnosti	0	1	0	9
video anleitung	https://de.robotoys.eu/3d-puzzle-aus-holz/blumen/3d-puzzle-aus-holz-rote-kamelie-rowood-tw031-p102	0	1	0	2
view all games & puzzles rokr	https://robotoys.eu/brands/rokr	0	3	0	38.67
vikšrinės technikos važiuoklės dalys	https://lt.robotoys.eu/medine-3d-delione/transporto-priemones/medinis-3d-deliones-zaidimas-savaeige-vejapjove-cs-150c-eco-wood-art-p234	0	1	0	48
vilka utomhusleksaker är bäst för att stimulera barns motoriska färdigheter?	https://se.robotoys.eu/blogg/top-5-aktiviteter-som-stodjer-utvecklingen-av-motorik	0	5	0	7.2
vinalle	https://dk.robotoys.eu/miniaturehuse/boger-nook/bogreolindsats-vinalle-under-sakuratraeerne-rolife-tgb11-p164	0	4	0	78.25
vitascope	https://es.robotoys.eu/rompecabezas-3d-de-madera/stem-lab/proyector-de-cine-vitascope-rokr-lk601-p5	0	1	0	8
vitascope	https://fr.robotoys.eu/casse-tete-3d-en-bois/stem-lab/projecteur-de-cinema-vitascope-rokr-lk601-p5	0	1	0	4
vitascope	https://hu.robotoys.eu/fabol-keszult-3d-puzzle/stem-lab/filmvetito-vitascope-rokr-lk601-p5	0	1	0	2
vitascope	https://it.robotoys.eu/puzzle-3d-in-legno/stem-lab/proiettore-cinematografico-vitascope-rokr-lk601-p5	0	9	0	4.78
vitascope	https://pl.robotoys.eu/drewniane-puzzle-3d/stem-lab/projektor-filmowy-vitascope-rokr-lk601-p5	0	2	0	1
vitascope lk601	https://nl.robotoys.eu/houten-3d-puzzel/stem-lab/filmprojector-vitascope-rokr-lk601-p5	0	6	0	8.83
vitascope rokr	https://es.robotoys.eu/rompecabezas-3d-de-madera/stem-lab/proyector-de-cine-vitascope-rokr-lk601-p5	0	1	0	8
vitascope rokr	https://fr.robotoys.eu/casse-tete-3d-en-bois/stem-lab/projecteur-de-cinema-vitascope-rokr-lk601-p5	0	2	0	8
vitascope rokr	https://it.robotoys.eu/puzzle-3d-in-legno/stem-lab/proiettore-cinematografico-vitascope-rokr-lk601-p5	0	1	0	4
voiture 3d puzzle	https://fr.robotoys.eu/casse-tete-3d-en-bois/vehicules/puzzle-3d-mecanique-en-bois-voiture-de-course-rouge-eco-wood-art-p152	0	4	0	4.25
voiture en 3d	https://fr.robotoys.eu/casse-tete-3d-en-bois/vehicules/puzzle-3d-mecanique-en-bois-voiture-de-course-rouge-eco-wood-art-p152	0	3	0	22.67
vonatos puzzle	https://hu.robotoys.eu/fabol-keszult-3d-puzzle/jarmuvek/fa-3d-puzzle-mozdony-little-story-e012-p124	0	1	0	11
vrouwen cadeaus top 10	https://nl.robotoys.eu/blog/7-onweerstaanbare-cadeau-ideeen-voor-vrouwen	0	1	0	69
vyprodej darku	https://cz.robotoys.eu/vyprodej-darku-pro-zeny-a-divky	0	1	0	15
väggdekor grävmaskin	https://se.robotoys.eu/pusseltavling/gravmaskin-rokr-tg508k-197	0	1	0	26
výprodej dárků	https://cz.robotoys.eu/vyprodej-darku-pro-zeny-a-divky	0	2	0	10
waar kopen	https://nl.robotoys.eu/houten-3d-puzzel/voertuigen/oldtimer-rokr-mc801-p72	0	1	0	15
waar kun je dit kopen	https://nl.robotoys.eu/houten-3d-puzzel/voertuigen/houten-mechanische-3d-puzzel-tractor-eco-wood-art-p233	0	1	0	5
wann wurde die tower bridge gebaut	https://de.robotoys.eu/bloggen/die-geschichte-der-beruhmten-tower-bridge-wie-sie-london-zu-ihnen-nach-hause-holen	0	1	0	33
wanneer is de tower bridge gebouwd	https://nl.robotoys.eu/blog/het-verhaal-van-de-beroemde-tower-bridge-hoe-je-londen-bij-je-thuis-brengt	0	4	0	11.75
warszawa m20	https://hu.robotoys.eu/fabol-keszult-3d-puzzle/jarmuvek/fa-3d-puzzle-warszawa-m20-little-story-e006-p98	0	2	0	2
warum ist die tower bridge so berühmt	https://de.robotoys.eu/bloggen/die-geschichte-der-beruhmten-tower-bridge-wie-sie-london-zu-ihnen-nach-hause-holen	0	4	0	7.5
was kann man einem mann schenken der schon alles hat	https://de.robotoys.eu/bloggen/ein-geschenk-fur-den-mann-der-schon-alles-hat-24-originelle-tipps-die-ihn-garantiert-uberraschen-werden	0	1	0	42
was schenkt man einem mann der alles hat	https://de.robotoys.eu/bloggen/ein-geschenk-fur-den-mann-der-schon-alles-hat-24-originelle-tipps-die-ihn-garantiert-uberraschen-werden	0	1	0	47
was schenkt man einem mann der schon alles hat	https://de.robotoys.eu/bloggen/ein-geschenk-fur-den-mann-der-schon-alles-hat-24-originelle-tipps-die-ihn-garantiert-uberraschen-werden	0	1	0	35
wat is de duurste	https://nl.robotoys.eu/de-best-beoordeelde-producten-van-het-merk-rokr	0	1	0	3
welche baukästen sind am besten für den kreativen ausdruck?	https://de.robotoys.eu/bloggen/5-vorteile-kreativer-bausteine-fur-die-entwicklung-von-feinmotorik-und-konzentration	0	1	0	2
welche baukästen sind gut für die entwicklung der feinmotorik?	https://de.robotoys.eu/bloggen/5-vorteile-kreativer-bausteine-fur-die-entwicklung-von-feinmotorik-und-konzentration	0	5	0	10
welche farbe hat die tower bridge	https://de.robotoys.eu/bloggen/die-geschichte-der-beruhmten-tower-bridge-wie-sie-london-zu-ihnen-nach-hause-holen	0	4	0	8.25
welk merk	https://nl.robotoys.eu/houten-3d-puzzel/architectuur/tower-bridge-model-met-led-verlichting-rolife-tg412-p19	0	1	0	15
welk speelgoed helpt bij de motorische ontwikkeling?	https://nl.robotoys.eu/blog/top-5-activiteiten-die-de-ontwikkeling-van-motorische-vaardigheden-ondersteunen	0	1	0	10
wer hat die tower bridge gebaut	https://de.robotoys.eu/bloggen/die-geschichte-der-beruhmten-tower-bridge-wie-sie-london-zu-ihnen-nach-hause-holen	0	1	0	31
weuter	https://robotoys.eu/the-most-expensive-gifts-for-children	0	1	0	3
what do you call miniature houses	https://robotoys.eu/blog/what-you-need-to-know-before-building-miniature-houses	0	1	0	11
what is rokr	https://robotoys.eu/blog/rokr-your-entry-into-the-world-of-creativity-and-entertainment	0	4	0	7.25
what's the age range	https://robotoys.eu/miniature-houses/miniature-rooms/cathys-flower-house-rolife-dg104-p28	0	1	0	6
where can i buy this	https://robotoys.eu/miniature-houses/miniature-rooms/sams-study-library-rolife-dg102-p86	0	1	0	25
where can i buy this and for how much	https://dk.robotoys.eu/puslespil-konkurrence/sakura-pavilion-rolife-tga07-268	0	1	0	32
where can i buy this online?	https://robotoys.eu/wooden-3d-puzzle/stem-lab/wooden-mechanical-3d-puzzle-dream-gift-factory-rokr-eab01-p202	0	1	0	17
where is rokr based	https://robotoys.eu/blog/rokr-your-entry-into-the-world-of-creativity-and-entertainment	0	1	0	10
where is rokr from	https://robotoys.eu/blog/rokr-your-entry-into-the-world-of-creativity-and-entertainment	0	4	0	6.25
where is rokr located	https://robotoys.eu/blog/rokr-your-entry-into-the-world-of-creativity-and-entertainment	0	1	0	9
why is london bridge so famous?	https://si.robotoys.eu/blog/the-story-of-the-famous-tower-bridge-how-to-bring-london-to-your-home	0	1	0	10
why is the tower bridge famous	https://robotoys.eu/blog/the-story-of-the-famous-tower-bridge-how-to-bring-london-to-your-home	0	5	0	8.6
why is tower bridge famous	https://fr.robotoys.eu/blog/lhistoire-du-celebre-tower-bridge-comment-amener-londres-chez-vous	0	1	0	9
why is tower bridge famous	https://robotoys.eu/blog/the-story-of-the-famous-tower-bridge-how-to-bring-london-to-your-home	0	1	0	11
wieviel teile	https://de.robotoys.eu/miniaturhauser/miniaturladen/miniaturhaus-restaurant-tipsy-rolife-dg167-p209	0	1	0	1
wieza eiffla podświetlana	https://pl.robotoys.eu/drewniane-puzzle-3d/architektura/podswietlana-wieza-eiffla-rolife-tgl01-p73	0	3	0	7.67
wieża eiffla 3d puzzle	https://pl.robotoys.eu/drewniane-puzzle-3d/architektura/podswietlana-wieza-eiffla-rolife-tgl01-p73	0	3	0	3.67
wieża eiffla puzzle 3d led	https://pl.robotoys.eu/drewniane-puzzle-3d/architektura/podswietlana-wieza-eiffla-rolife-tgl01-p73	0	2	0	1
wkładka w książce na mapie tablice	https://pl.robotoys.eu/miniaturowe-domki/kacik-ksiazek/podroz-w-czasie-rolife-tgb04-p60	0	1	0	4
wood 3d puzzle	https://cz.robotoys.eu/drevene-3d-puzzle	0	1	0	9
wood 3d puzzle	https://robotoys.eu/wooden-3d-puzzle-high-difficulty	0	1	0	11
wood 3d puzzle	https://robotoys.eu/wooden-3d-puzzle/architecture	0	1	0	40
wood flower puzzle	https://robotoys.eu/wooden-3d-puzzle/flowers	0	1	0	10
wood puzzle 3d	https://it.robotoys.eu/blog/storia-dei-puzzle-in-legno-3d-dalle-origini-al-presente	0	1	0	9
wood puzzle 3d	https://it.robotoys.eu/puzzle-3d-in-legno/architettura/puzzle-3d-in-legno-sagrada-familia-little-story-e018-p133	0	8	0	5.75
wood puzzle 3d	https://pl.robotoys.eu/drewniane-puzzle-3d/architektura	0	4	0	3.25
wood windmill kit	https://robotoys.eu/wooden-3d-puzzle/architecture/wooden-mechanical-3d-puzzle-windmill-eco-wood-art-p154	0	1	0	1
wooden 3d animals	https://robotoys.eu/wooden-3d-puzzle/the-animals	0	1	0	4
wooden 3d puzzle	https://robotoys.eu/wooden-3d-puzzle	0	1	0	8
wooden 3d puzzles	https://robotoys.eu/blog/wooden-3d-puzzles-how-to-choose-your-first-building-kit-and-what-to-prepare-for	0	1	0	8
wooden ak 47	https://cz.robotoys.eu/drevene-3d-puzzle/zbrane/ak-47-rifle-rokr-lq901-p67	0	2	0	2
wooden ak 47	https://pl.robotoys.eu/drewniane-puzzle-3d/bronie/karabin-ak-47-rokr-lq901-p67	0	1	0	1
wooden ak 47	https://robotoys.eu/wooden-3d-puzzle/weapons/ak-47-rifle-rokr-lq901-p67	0	3	0	16.67
wooden ak47	https://robotoys.eu/wooden-3d-puzzle/weapons/ak-47-rifle-rokr-lq901-p67	0	3	0	26
wooden ape	https://it.robotoys.eu/puzzle-3d-in-legno/gli-animali/puzzle-3d-in-legno-ape-little-story-d001-p128	0	1	0	1
wooden art gifts	https://robotoys.eu/the-most-expensive-gifts-for-men-and-boys	0	1	0	82
wooden bloom box	https://robotoys.eu/wooden-3d-puzzle/flowers/wooden-3d-puzzle-wooden-bloom-box-rowood-tw02h-p162	0	3	0	10.33
wooden build	https://robotoys.eu/wooden-3d-puzzle/architecture/wooden-mechanical-3d-puzzle-marble-track-london-rokr-egb01-p264	0	1	0	61
wooden building puzzles	https://robotoys.eu/blog/wooden-3d-puzzles-how-to-choose-your-first-building-kit-and-what-to-prepare-for	0	1	0	9
wooden elephant puzzle	https://robotoys.eu/wooden-3d-puzzle/the-animals/wooden-3d-puzzle-elephant-little-story-d012-p120	0	1	0	10
wooden flower bouquet rowood	https://robotoys.eu/wooden-3d-puzzle/flowers/wooden-3d-puzzle-bouquet-of-flowers-rowood-tw01h-p100	0	1	0	5
wooden flower puzzle	https://robotoys.eu/wooden-3d-puzzle/flowers	0	24	0	9.88
wooden flower puzzle 3d	https://robotoys.eu/wooden-3d-puzzle/flowers	0	4	0	4.75
wooden flower puzzles	https://robotoys.eu/wooden-3d-puzzle/flowers	0	2	0	9
wooden keyboard	https://gr.robotoys.eu/ksylino-trisdiastato-pazl/moysika-organa/hlektrikh-kithara-montelo-rokr-tg605k-p33	0	1	0	10
wooden machines	https://robotoys.eu/wooden-3d-puzzle/vehicles/wooden-mechanical-3d-puzzle-grain-harvester-gh800-eco-wood-art-p160	0	1	0	3
wooden mechanical 3d puzzle wall clock zodiac rokr lc601	https://robotoys.eu/wooden-3d-puzzle/clocks-calendars/wall-clock-zodiac-rokr-lc601-p52	0	1	0	1
wooden mechanical toys	https://robotoys.eu/	0	1	0	3
wooden mechanical toys	https://robotoys.eu/wooden-3d-puzzle/architecture/wooden-mechanical-3d-puzzle-marble-track-london-rokr-egb01-p264	0	1	0	3
wooden mechanical toys	https://robotoys.eu/wooden-3d-puzzle/stem-lab/wooden-mechanical-3d-puzzle-typewriter-eco-wood-art-p158	0	1	0	3
wooden mechanical toys	https://robotoys.eu/wooden-3d-puzzle/vehicles/wooden-mechanical-3d-puzzle-fire-truck-eco-wood-art-p208	0	1	0	3
wooden mechanical toys	https://robotoys.eu/wooden-3d-puzzle/vehicles/wooden-mechanical-3d-puzzle-grain-harvester-gh800-eco-wood-art-p160	0	1	0	3
wooden mechanical toys	https://robotoys.eu/wooden-3d-puzzle/vehicles/wooden-mechanical-3d-puzzle-truck-road-king-eco-wood-art-p206	0	1	0	2
wooden puzzle 3d	https://it.robotoys.eu/blog/storia-dei-puzzle-in-legno-3d-dalle-origini-al-presente	0	1	0	5
wooden puzzle 3d	https://it.robotoys.eu/puzzle-3d-in-legno/veicoli/puzzle-3d-in-legno-aereo-little-story-d016-p130	0	1	0	2
wooden puzzle action	https://fr.robotoys.eu/puzzle-3d-en-bois-en-action	0	1	0	8
wooden puzzle action	https://robotoys.eu/wooden-3d-puzzle-in-action	0	4	0	8.5
wooden puzzle building kits	https://robotoys.eu/blog/wooden-3d-puzzles-how-to-choose-your-first-building-kit-and-what-to-prepare-for	0	1	0	11
wooden puzzle elephant	https://robotoys.eu/wooden-3d-puzzle/the-animals/wooden-3d-puzzle-elephant-little-story-d012-p120	0	1	0	10
wooden puzzle flower	https://robotoys.eu/wooden-3d-puzzle/flowers	0	1	0	14
wooden puzzle flowers	https://robotoys.eu/blog/a-wooden-bouquet-that-never-withers-discover-the-magic-of-3d-flower-puzzles	0	3	0	10.67
wooden puzzle flowers	https://robotoys.eu/wooden-3d-puzzle/flowers	0	3	0	11.67
wooden puzzles 3d	https://robotoys.eu/wooden-3d-puzzle/flowers/wooden-3d-puzzle-hummingbird-in-a-blooming-garden-p259	0	1	0	3
wooden tank model	https://robotoys.eu/wooden-3d-puzzle/vehicles/wooden-3d-puzzle-tank-amx-13-105-little-story-wot05-p177	0	2	0	1
wooden tommy gun	https://robotoys.eu/wooden-3d-puzzle/weapons/thompson-rokr-lqb01-p74	0	1	0	29
wygeneruj obraz	https://pl.robotoys.eu/drewniane-puzzle-3d/pojazdy/drewniane-puzzle-3d-samolot-little-story-d016-p130	0	1	0	7
wyprzedaż puzzli	https://pl.robotoys.eu/wyprzedaz-puzzli-drewnianych-3d	0	3	0	11
z action	https://pl.robotoys.eu/drewniane-puzzle-3d/pojazdy/model-lokomotywy-parowej-rokr-mc501-p13	0	1	0	1
za ile kupić	https://robotoys.eu/wooden-3d-puzzle/vehicles/triplane-model-rolife-tg301-p46	0	1	0	5
zabawka	https://pl.robotoys.eu/drewniane-puzzle-3d/pojazdy/balon-na-ogrzane-powietrze-rolife-tg406-p84	0	1	0	11
zegar sowa	https://pl.robotoys.eu/drewniane-puzzle-3d/zegary-i-kalendarze/zegarowa-sowa-rokr-lk503-p6	0	1	0	1
zegar z kukułką drewniany	https://pl.robotoys.eu/drewniane-puzzle-3d/zegary-i-kalendarze/drewniana-mechaniczna-ukladanka-3d-zegar-z-kukulka-rokr-lc901c-p198	0	1	0	28
zegar z kukułką mechaniczny	https://pl.robotoys.eu/drewniane-puzzle-3d/zegary-i-kalendarze/drewniana-mechaniczna-ukladanka-3d-zegar-z-kukulka-rokr-lc901c-p198	0	1	0	5
zestawy do budowania dla dorosłych	https://pl.robotoys.eu/blog/drewniane-puzzle-3d-jak-wybrac-swoj-pierwszy-zestaw-do-budowania-i-na-co-sie-przygotowac	0	1	0	11
znajdź drewniane puzzle 3d z szybką dostawą na terenie polski.	https://pl.robotoys.eu/drewniane-puzzle-3d	0	5	0	3.6
zvejas laivas	https://lv.robotoys.eu/koka-3d-puzle/transportlidzekli/koka-3d-puzle-zvejas-laivas-modelis-rolife-tg308-p38	0	1	0	3
zvezdna noč opis slike	https://si.robotoys.eu/lesena-3d-sestavljanka/glasbene-skrinjice/glasbena-skrinjica-zvezdna-noc-rokr-amk51-p11	0	3	0	36.67
állatos kirakó	https://hu.robotoys.eu/fabol-keszult-3d-puzzle/az-allatok	0	1	0	46
állatos puzzle	https://hu.robotoys.eu/fabol-keszult-3d-puzzle/az-allatok	0	1	0	50
äge kingitus naisele	https://ee.robotoys.eu/blogi/7-vastupandamatut-kingiideed-naistele	0	2	0	32.5
írógép	https://hu.robotoys.eu/fabol-keszult-3d-puzzle/stem-lab/fa-mechanikus-3d-kirako-irogep-eco-wood-art-p158	0	1	0	1
čarobni pianino	https://si.robotoys.eu/lesena-3d-sestavljanka/glasbila/carobni-klavir-rokr-amk81-p70	0	2	0	5
čím potěšit ženu	https://cz.robotoys.eu/blog/7-neodolatelnych-tipu-na-darky-pro-zenu	0	1	0	38
ładowarka mechaniczna	https://pl.robotoys.eu/drewniane-puzzle-3d/pojazdy/drewniana-mechaniczna-ukladanka-3d-ladowarka-eco-wood-art-p204	0	1	0	2
świecący globus	https://pl.robotoys.eu/drewniane-puzzle-3d/wszechswiat/swiecacy-globus-rokr-st003-p3	0	19	0	6.32
šopek rož	https://si.robotoys.eu/lesena-3d-sestavljanka/roze/lesena-3d-sestavljanka-sopek-roz-rowood-tw01h-p100	0	2	0	1
ένθετο ράφι	https://gr.robotoys.eu/mikroskopika-spitia/biblia-nook/entheto-rafi-arcade-dating-rolife-tgb10-p148	0	2	0	1
γέφυρα του λονδίνου	https://gr.robotoys.eu/istologio/h-istoria-ths-diashmhs-gefyras-tower-bridge-pws-na-fereis-to-londino-sto-spiti-soy	0	9	0	8.67
γεφυρα λονδινου	https://gr.robotoys.eu/istologio/h-istoria-ths-diashmhs-gefyras-tower-bridge-pws-na-fereis-to-londino-sto-spiti-soy	0	9	0	5.44
δωρα γενεθλιων	https://gr.robotoys.eu/idees-gia-dwra/dwra-genethliwn	0	2	0	30
δωρα για γενεθλια	https://gr.robotoys.eu/idees-gia-dwra/dwra-genethliwn	0	1	0	33
δωρο γενεθλιων	https://gr.robotoys.eu/idees-gia-dwra/dwra-genethliwn	0	2	0	33.5
δώρα γενεθλίων	https://gr.robotoys.eu/idees-gia-dwra/dwra-genethliwn	0	1	0	27
δώρα για γενέθλια	https://gr.robotoys.eu/idees-gia-dwra/dwra-genethliwn	0	1	0	35
δώρα για κορίτσια	https://gr.robotoys.eu/ta-pio-dhmofilh-dwra-gia-gynaikes-kai-koritsia	0	4	0	3.25
ιδέεσ για δώρα γενεθλίων	https://gr.robotoys.eu/idees-gia-dwra/dwra-genethliwn	0	1	0	9
ιδεες για δωρο γενεθλιων	https://gr.robotoys.eu/idees-gia-dwra/dwra-genethliwn	0	1	0	10
καρουζελ	https://gr.robotoys.eu/ksylino-trisdiastato-pazl/moysika-koytia/ksylino-mhxaniko-trisdiastato-pazl-klasiko-karoyzel-rolife-amc01-p146	0	4	0	11.75
μηχανικό πιάνο	https://gr.robotoys.eu/ksylino-trisdiastato-pazl/moysika-organa/magiko-piano-rokr-amk81-p70	0	7	0	4.57
μινιατουρα	https://gr.robotoys.eu/mikroskopika-spitia/mikroskopika-dwmatia/bibliothhkh-meleths-toy-sam-rolife-dg102-p86	0	1	0	1
μινιατουρα καφε	https://gr.robotoys.eu/mikroskopika-spitia/magazia-me-miniatoyres/kafe-sto-saimon-rolife-dg109-p64	0	11	0	4.82
πιάνο με ουρά	https://gr.robotoys.eu/ksylino-trisdiastato-pazl/moysika-organa/ksylino-trisdiastato-pazl-piano-me-oyra-rolife-tg402-p200	0	1	0	14
τα καλυτερα δωρα για αγορια	https://gr.robotoys.eu/ta-pio-akriba-dwra-gia-andres-kai-agoria	0	1	0	4
борса за дървен материал	https://bg.robotoys.eu/drven-3d-pzel	0	1	0	98
бук нук	https://bg.robotoys.eu/mynyatiurny-kshchy/knygy-nook	0	1	0	7
где купить	https://pl.robotoys.eu/miniaturowe-domki/kacik-ksiazek/wkladka-do-regalu-arcade-randki-rolife-tgb10-p148	0	1	0	7
да	https://bg.robotoys.eu/blog/drven-buket-koito-nykoga-ne-uviakhva-otkryite-magyiata-na-3d-pzelyte-s-tsvetia	0	1	0	4
да	https://robotoys.eu/blog/wooden-3d-puzzles-how-to-choose-your-first-building-kit-and-what-to-prepare-for	0	1	0	2
дървен градински стол	https://bg.robotoys.eu/drven-3d-pzel	0	1	0	41
дървен материал плевен цени	https://bg.robotoys.eu/drven-3d-pzel	0	1	0	81
дървен пъзел	https://bg.robotoys.eu/drven-3d-pzel	0	13	0	4.92
дървен пъзел за възрастни	https://bg.robotoys.eu/blog/drveny-3d-pzely-kak-da-yzberete-prvyia-sy-komplekt-za-sglobiavane-y-za-kakvo-da-se-podgotvyte	0	1	0	8
дървен пъзел за възрастни	https://bg.robotoys.eu/drven-3d-pzel	0	5	0	7
дървен уокър	https://bg.robotoys.eu/drven-3d-pzel	0	1	0	45
дървени макети за сглобяване	https://bg.robotoys.eu/	0	1	0	8
идеи за подарък за жена	https://bg.robotoys.eu/blog/7-neustoymy-ydey-za-podark-za-zheny	0	11	0	9
идеи за подарък на жена	https://bg.robotoys.eu/blog/7-neustoymy-ydey-za-podark-za-zheny	0	1	0	5
идеи за подаръци за жена	https://bg.robotoys.eu/blog/7-neustoymy-ydey-za-podark-za-zheny	0	10	0	8.4
интересен подарък за мъж	https://bg.robotoys.eu/blog/podark-za-mzha-koito-veche-yma-vsychko-24-orygynalny-sveta-koyto-naystyna-shche-go-yznenadat	0	11	0	2
как се лепи пъзел	https://bg.robotoys.eu/blog/10-ynstrumenta-ot-koyto-se-nuzhdaete-kogato-sglobiavate-drven-3d-pzel	0	2	0	3.5
как собрать?	https://robotoys.eu/blog/wooden-3d-puzzles-how-to-choose-your-first-building-kit-and-what-to-prepare-for	0	1	0	4
какво да правим при силен стрес	https://bg.robotoys.eu/blog/kak-da-se-otrvem-ot-stresa-10-efektyvny-sveta	0	1	0	76
какво е това	https://bg.robotoys.eu/drven-3d-pzel/tsvetia/drven-3d-pzel-chervena-kamelyia-rowood-tw031-p102	0	1	0	3
купити схожий	https://robotoys.eu/wooden-3d-puzzle/vehicles/wooden-3d-puzzle-classic-city-tram-rokr-lk801-p88	0	1	0	8
лондон бридж	https://bg.robotoys.eu/blog/ystoryiata-na-prochutyia-taur-brydzh-kak-da-prenesete-london-v-doma-sy	0	2	0	9
лондон мост	https://bg.robotoys.eu/blog/ystoryiata-na-prochutyia-taur-brydzh-kak-da-prenesete-london-v-doma-sy	0	1	0	9
лондонска кула	https://bg.robotoys.eu/blog/ystoryiata-na-prochutyia-taur-brydzh-kak-da-prenesete-london-v-doma-sy	0	1	0	36
лондонски мост	https://bg.robotoys.eu/blog/ystoryiata-na-prochutyia-taur-brydzh-kak-da-prenesete-london-v-doma-sy	0	1	0	9
машина	https://robotoys.eu/wooden-3d-puzzle/vehicles/wooden-mechanical-3d-puzzle-racing-car-rokr-lk505-p141	0	1	0	1
механичен музикален инструмент	https://bg.robotoys.eu/drven-3d-pzel/muzykalny-kutyy/muzykalna-kutyia-magychesko-vyolonchelo-rokr-amk63-p1	0	5	0	5.2
мини библиотека	https://bg.robotoys.eu/mynyatiurny-kshchy/mynyatiurny-stay/uchebnata-byblyoteka-na-sam-rolife-dg102-p86	0	2	0	1
миниатюрни	https://bg.robotoys.eu/mynyatiurny-kshchy	0	3	0	7.33
миниатюрни	https://bg.robotoys.eu/mynyatiurny-kshchy-lesna-trudnost	0	1	0	6
нарисуй примерно	https://robotoys.eu/wooden-3d-puzzle/architecture/wooden-mechanical-3d-puzzle-windmill-eco-wood-art-p154	0	1	0	21
оригинален подарък за мъж	https://bg.robotoys.eu/blog/podark-za-mzha-koito-veche-yma-vsychko-24-orygynalny-sveta-koyto-naystyna-shche-go-yznenadat	0	1	0	1
оригинални подаръци за мъж	https://bg.robotoys.eu/blog/podark-za-mzha-koito-veche-yma-vsychko-24-orygynalny-sveta-koyto-naystyna-shche-go-yznenadat	0	8	0	4.12
питам	https://bg.robotoys.eu/mynyatiurny-kshchy	0	1	0	8
подарък за него	https://bg.robotoys.eu/blog/nai-dobryiat-podark-za-nego-orygynalen-s-ystorycheska-notka	0	2	0	4
подарък за рожден ден	https://bg.robotoys.eu/ydey-za-podartsy/podartsy-za-rozhden-den	0	1	0	62
подаръци за рождени дни	https://bg.robotoys.eu/ydey-za-podartsy/podartsy-za-rozhden-den	0	2	0	26.5
пъзел кубчета	https://bg.robotoys.eu/drven-3d-pzel	0	1	0	33
пъзел с цветя	https://bg.robotoys.eu/drven-3d-pzel/tsvetia	0	2	0	8
роботайм	https://bg.robotoys.eu/	0	5	0	7.4
скъпи подаръци	https://bg.robotoys.eu/ydey-za-podartsy/podartsy-za-neia	0	1	0	10
тауър	https://bg.robotoys.eu/blog/ystoryiata-na-prochutyia-taur-brydzh-kak-da-prenesete-london-v-doma-sy	0	3	0	9.67
тауър лондон	https://bg.robotoys.eu/blog/ystoryiata-na-prochutyia-taur-brydzh-kak-da-prenesete-london-v-doma-sy	0	1	0	11
уникален подарък за мъж	https://bg.robotoys.eu/blog/nai-dobryiat-podark-za-nego-orygynalen-s-ystorycheska-notka	0	1	0	8
фото	https://robotoys.eu/wooden-3d-puzzle/vehicles/wooden-3d-puzzle-airplane-little-story-d016-p130	0	1	0	2
العاب بازل	https://robotoys.eu/wooden-3d-puzzle/architecture	0	1	0	7
بزل 3d	https://robotoys.eu/wooden-3d-puzzle/architecture/wooden-3d-puzzle-sagrada-familia-little-story-e018-p133	0	5	0	1.6
بزل 3d	https://robotoys.eu/wooden-3d-puzzle/architecture/wooden-3d-puzzle-victory-arch-little-story-e011-p123	0	1	0	2
روليف	https://robotoys.eu/brands/rolife	0	1	0	17
ماكيت خشب مجسم	https://robotoys.eu/wooden-3d-puzzle/architecture	0	1	0	3
どうぐは？	https://robotoys.eu/blog/10-tools-you-need-when-assembling-a-wooden-3d-puzzle	0	1	0	1
どれが一番人気?	https://robotoys.eu/the-most-popular-miniature-houses	0	1	0	7
ネットに売ってる？	https://robotoys.eu/wooden-3d-puzzle/vehicles/wooden-3d-puzzle-locomotive-little-story-e012-p124	0	1	0	28
難易度	https://robotoys.eu/wooden-3d-puzzle/stem-lab/wooden-mechanical-3d-puzzle-dream-gift-factory-rokr-eab01-p202	0	1	0	3
