query	country	clicks	impressions	ctr	position
rowood	ita	18	91	0.197802	1.47
rokr	pol	9	46	0.195652	1.24
robotoys	cze	8	17	0.470588	1
robotoys	esp	6	8	0.75	1
rolife	bgr	6	46	0.130435	3.83
puzzle 3d	fra	4	1637	0.002443	4.44
robotoys	nld	4	7	0.571429	1.14
rokr stavebnice	cze	4	20	0.2	2.05
rolife	cze	4	70	0.057143	2.04
rolife	ita	4	345	0.011594	4.97
rolife	pol	4	113	0.035398	3.6
rowood fiori	ita	4	27	0.148148	1.33
3d puzzle	deu	3	1136	0.002641	4.59
robotoys	deu	3	4	0.75	1
rokr byggsats	swe	3	24	0.125	1.42
rowood	esp	3	52	0.057692	2.37
rowood	pol	3	9	0.333333	1
3d fa puzzle felnőtteknek	hun	2	17	0.117647	1.47
3d puzzel volwassenen	nld	2	42	0.047619	4.55
3d puzzel voor volwassenen	nld	2	62	0.032258	3.97
fa 3d puzzle	hun	2	12	0.166667	2.08
fleur rowood	fra	2	10	0.2	3.1
houten 3d puzzel	nld	2	49	0.040816	4.1
miniatyrhus	swe	2	39	0.051282	2.38
robtoys	prt	2	2	1	1
rokr	bgr	2	7	0.285714	3.86
rokr	ita	2	224	0.008929	4.56
rokr modele	pol	2	8	0.25	1
rolife	est	2	25	0.08	3.48
rolife	grc	2	22	0.090909	8.77
rolife цена	bgr	2	7	0.285714	3.86
rowood	fra	2	92	0.021739	3.62
rowood	prt	2	8	0.25	2
rowood flores	esp	2	14	0.142857	2.64
rowood puzzle	ita	2	5	0.4	1.2
tower bridge historie	gbr	2	3	0.666667	2
3d fa puzzle	hun	1	16	0.0625	10.5
3d houten puzzel	nld	1	38	0.026316	3.53
3d pussel	swe	1	221	0.004525	3.96
3d puzzel	nld	1	370	0.002703	2.93
3d puzzel hout	nld	1	42	0.02381	2.48
3d puzzle dřevěné	cze	1	6	0.166667	1.67
3d puzzle tank	hun	1	1	1	1
3d puzzle za odrasle	hrv	1	10	0.1	2.5
3d træ puslespil	dnk	1	6	0.166667	1.5
3d дървени пъзели	bgr	1	4	0.25	5
3д пъзел за възрастни	bgr	1	2	0.5	13
architektur puzzle	deu	1	1	1	11
book nook	hrv	1	13	0.076923	9.85
book nook hrvatska	hrv	1	12	0.083333	10
book nook rolife	cze	1	4	0.25	2
book nook цена	bgr	1	7	0.142857	9
bygga miniatyrhus material	swe	1	8	0.125	3.62
casas en miniatura para construir	esp	1	1	1	17
casitas de miniatura	esp	1	2	0.5	10
dove acquistarlo	ita	1	1	1	2
dřevěné 3d puzzle	cze	1	29	0.034483	1.62
dřevěné 3d stavebnice	svk	1	1	1	4
dřevěné stavebnice pro dospělé	cze	1	20	0.05	3.65
fa puzzle felnőtteknek	hun	1	8	0.125	7.12
gdzie kupic w polsce	pol	1	1	1	1
houten 3d puzzels volwassenen	nld	1	13	0.076923	2.62
igen szeretném	hun	1	1	1	2
kde koupit	cze	1	1	1	10
kur pigiausia	ltu	1	1	1	1
linkami	fra	1	1	1	1
little story puzzle 3d	aut	1	1	1	2
little story puzzle 3d	pol	1	2	0.5	3
lk703c	lva	1	1	1	3
mini pistola	svn	1	1	1	1
miniatura maja	lva	1	3	0.333333	3
miniaturní domečky	cze	1	19	0.052632	2.95
miniatyrhus diy	swe	1	2	0.5	12.5
miniatūru māja cenas	lva	1	5	0.2	4
negozi in miniatura	ita	1	6	0.166667	7.83
per i commercianti	ita	1	1	1	1
playful mario 3d wood puzzle	grc	1	3	0.333333	8
puzzle 3d	pol	1	1370	0.00073	3.71
puzzle 3d	reu	1	4	0.25	3.75
puzzle 3d madera	esp	1	65	0.015385	2.57
puzzle 3d sakura	ita	1	1	1	1
puzzle architektura	pol	1	8	0.125	3.12
puzzle drewniane 3d	pol	1	59	0.016949	3.75
puzzle sagrada familia	deu	1	7	0.142857	1
quebra cabeça 3d	pry	1	3	0.333333	4
regalos caros para niños	usa	1	2	0.5	1
robotime	est	1	1	1	38
robotime 3d puzzle	cze	1	11	0.090909	3.55
robotime bg	bgr	1	21	0.047619	6.71
robotoys	chl	1	1	1	1
robotoys	hun	1	1	1	1
robotoys	mex	1	1	1	1
robotoys	pol	1	2	0.5	1
robotoys	srb	1	1	1	1
robotoys	svn	1	1	1	1
robotoys	ukr	1	2	0.5	1
robotoys	usa	1	6	0.166667	4.83
rokr	cze	1	26	0.038462	1.85
rokr	esp	1	181	0.005525	5.4
rokr	hrv	1	7	0.142857	6.14
rokr 3d pinball	cze	1	4	0.25	2.25
rokr 3d puzzle	cze	1	2	0.5	1
rokr 3d puzzle	hun	1	7	0.142857	6
rokr ak 47	hrv	1	1	1	1
rokr españa	esp	1	5	0.2	2
rokr italia	ita	1	9	0.111111	1.56
rokr macchina da scrivere	ita	1	11	0.090909	3.09
rokr modele	deu	1	1	1	1
rokr space shuttle 3d wooden puzzle lka02	bgr	1	1	1	12
rokr vitascope	pol	1	1	1	2
rolife	hun	1	64	0.015625	3.31
rolife	ltu	1	14	0.071429	4.71
rolife	nor	1	3	0.333333	15.33
rolife	prt	1	98	0.010204	5
rolife 3d puzzle	pol	1	1	1	3
rolife book nook	lva	1	1	1	8
rolife classic carousel 3d wooden puzzle amc01	prt	1	1	1	3
rolife eesti	est	1	4	0.25	1.25
rolife italy	ita	1	2	0.5	3.5
rolife makett	hun	1	10	0.1	1.3
rolife puzzle 3d	ita	1	24	0.041667	4.25
rolife sverige	swe	1	10	0.1	3.1
romantiline kingitus naisele	est	1	9	0.111111	6.67
rowood	arg	1	6	0.166667	3.5
rowood	cze	1	9	0.111111	2.22
rowood	ecu	1	1	1	2
rowood	nor	1	5	0.2	4
rowood	svn	1	9	0.111111	2.67
rowood	usa	1	55	0.018182	8.85
rowood flower	ita	1	9	0.111111	3.22
rowood flower	sgp	1	2	0.5	8
rowood flower	tur	1	1	1	5
rowood flowers	cyp	1	1	1	3
rowood flowers	tha	1	3	0.333333	6
sagrada familia 3d puzzle	grc	1	1	1	1
sagrada familia modell	deu	1	11	0.090909	8.36
sakura dream tour	ita	1	3	0.333333	4.67
speedway motorrad modell	deu	1	9	0.111111	5.56
tgb01	fra	1	1	1	8
tgb17	fra	1	1	1	1
tower bridge histoire	fra	1	17	0.058824	6.24
tower bridge model	cze	1	1	1	1
wieża eiffla puzzle 3d	pol	1	1	1	1
wooden windmill kit	usa	1	1	1	1
дървени пъзели	bgr	1	1	1	20
дървени пъзели за възрастни	bgr	1	3	0.333333	11
с латвии	lva	1	1	1	3
таур	bgr	1	1	1	1
тауър бридж	bgr	1	26	0.038462	3.04
13*105	fra	0	1	0	10
1912 eternal atlantic voyager	nld	0	2	0	6
2	nld	0	1	0	8
3 d puslespil	dnk	0	4	0	2
3 d pussel	swe	0	14	0	3.64
3 d puzle	srb	0	1	0	17
3 d puzzel	deu	0	12	0	4.67
3 d puzzel	fra	0	1	0	3
3 d puzzel	nld	0	14	0	2.5
3 d puzzel	swe	0	1	0	7
3 d puzzels	nld	0	4	0	4.5
3 d puzzle	aut	0	1	0	7
3 d puzzle	aze	0	1	0	2
3 d puzzle	bgr	0	1	0	3
3 d puzzle	can	0	8	0	6.25
3 d puzzle	che	0	2	0	7
3 d puzzle	deu	0	171	0	4.23
3 d puzzle	gbr	0	1	0	8
3 d puzzle	grc	0	1	0	4
3 d puzzle	hrv	0	1	0	2
3 d puzzle	hun	0	1	0	3
3 d puzzle	ind	0	3	0	4.33
3 d puzzle	ita	0	4	0	3.25
3 d puzzle	mex	0	1	0	4
3 d puzzle	nld	0	2	0	2.5
3 d puzzle	prt	0	1	0	7
3 d puzzle	srb	0	1	0	3
3 d puzzle	svk	0	3	0	3.33
3 d puzzle	swe	0	1	0	8
3 d puzzle	tur	0	1	0	4
3 d puzzle	ukr	0	1	0	6
3 d puzzle	uzb	0	1	0	8
3 dpuzzle	bol	0	1	0	1
3 dpuzzle	deu	0	2	0	4
3 dpuzzle	ind	0	1	0	4
3d animal puzzles for adults	cze	0	1	0	7
3d auta	cze	0	2	0	2
3d auta	svk	0	1	0	13
3d autobus	cze	0	4	0	4
3d biene	deu	0	1	0	4
3d bo	usa	0	1	0	11
3d building puzzle	sgp	0	1	0	12
3d building puzzles	dza	0	1	0	4
3d buzzle	egy	0	1	0	5
3d buzzle	fin	0	1	0	6
3d cardboard puzzle	ita	0	1	0	11
3d colosseum puzzle	deu	0	1	0	11
3d delione	ltu	0	1	0	11
3d drevene puzzle	aut	0	1	0	2
3d drevene puzzle	cze	0	2	0	3
3d drevene puzzle	svk	0	1	0	9
3d dřevěné puzzle	cze	0	11	0	5.27
3d dřevěné stavebnice	cze	0	7	0	3
3d eiffel tower model	usa	0	2	0	11
3d fa kirakó	hun	0	5	0	1.8
3d fa makett	hun	0	3	0	4.33
3d fa puzzle	fra	0	1	0	3
3d fa puzzle	rou	0	1	0	1
3d fa puzzle	ukr	0	1	0	4
3d fa puzzle felnőtteknek	bgr	0	1	0	3
3d fa puzzle felnőtteknek	rou	0	1	0	3
3d fa puzzle gyerekeknek	hun	0	4	0	1.75
3d flipper	deu	0	1	0	23
3d flipper	hun	0	1	0	2
3d flower puzzle	cze	0	5	0	8.8
3d flower puzzle	deu	0	1	0	8
3d flower puzzle	dnk	0	2	0	4.5
3d flower puzzle	ind	0	4	0	5.25
3d flower puzzle	rou	0	1	0	6
3d flower puzzle	usa	0	9	0	6.33
3d flower puzzles	fra	0	1	0	2
3d flower puzzles	nzl	0	1	0	3
3d flower puzzles	zaf	0	1	0	1
3d globus	cze	0	11	0	6.09
3d hodiny	cze	0	1	0	2
3d hodiny	svk	0	2	0	6.5
3d holz	deu	0	2	0	43
3d holz model	aut	0	1	0	3
3d holz model	deu	0	11	0	2.45
3d holzpuzzle tiere	deu	0	1	0	10
3d holzpuzzle uhr	deu	0	1	0	28
3d houten puzzel volwassenen	bel	0	1	0	6
3d houten puzzel volwassenen	fra	0	1	0	3
3d houten puzzel volwassenen	nld	0	33	0	3.09
3d houten puzzels	nld	0	7	0	4.14
3d houten puzzels voor volwassenen	nld	0	6	0	3.33
3d hračky	cze	0	1	0	5
3d kirako	hun	0	7	0	4.57
3d kirakó	hun	0	13	0	3
3d kirakó felnőtteknek	hun	0	10	0	4.7
3d kirakó gyerekeknek	hun	0	2	0	8
3d koka puzles	lva	0	1	0	9
3d library puzzle	grc	0	1	0	9
3d luzzle	ind	0	1	0	3
3d mechanické puzzle	cze	0	1	0	3
3d medines deliones	ltu	0	6	0	9.83
3d mudelid	est	0	2	0	1
3d notre dame	deu	0	1	0	5
3d ouzzles	ind	0	1	0	3
3d pazzle	geo	0	1	0	5
3d pazzle	isr	0	1	0	3
3d pazzle	ukr	0	1	0	5
3d pinball machine	deu	0	1	0	12
3d pinball rokr	deu	0	1	0	7
3d pinball rokr	fra	0	1	0	8
3d pizzle	che	0	2	0	4
3d pizzle	deu	0	2	0	6.5
3d pizzle	ind	0	2	0	3.5
3d pusle	est	0	23	0	37.65
3d pusle	hun	0	1	0	5
3d pusle	svn	0	1	0	5
3d pusle	tha	0	1	0	1
3d pusled	est	0	24	0	55.62
3d puslespil	dnk	0	133	0	3.34
3d puslespil	kgz	0	1	0	25
3d puslespil	usa	0	1	0	6
3d puslespil træ	dnk	0	6	0	4.67
3d puslespil voksne	dnk	0	10	0	3.8
3d pussel	bel	0	1	0	7
3d pussel	deu	0	5	0	5
3d pussel	fin	0	1	0	3
3d pussel	jor	0	1	0	4
3d pussel bil	swe	0	2	0	17.5
3d pussel djur	swe	0	2	0	2
3d pussel eiffeltornet	swe	0	1	0	1
3d pussel trä	swe	0	21	0	7.14
3d pussel vuxen	swe	0	11	0	4.36
3d pussel vuxna	deu	0	1	0	4
3d pussel vuxna	dnk	0	1	0	3
3d pussel vuxna	swe	0	70	0	4.81
3d pussle	bel	0	1	0	8
3d pussle	deu	0	1	0	4
3d putzle	deu	0	3	0	3.33
3d puze	nld	0	6	0	2
3d puzle	bih	0	2	0	5
3d puzle	bra	0	1	0	5
3d puzle	hrv	0	2	0	2.5
3d puzle	ind	0	1	0	3
3d puzle	ltu	0	3	0	3.33
3d puzle	mne	0	1	0	2
3d puzle	pol	0	2	0	5.5
3d puzle	srb	0	6	0	4.83
3d puzle	svk	0	1	0	4
3d puzle	usa	0	1	0	23
3d puzles	lva	0	7	0	10.71
3d puzz	deu	0	2	0	4
3d puzz	gbr	0	2	0	5
3d puzz	nld	0	2	0	5
3d puzze	bra	0	2	0	5
3d puzze	deu	0	2	0	4.5
3d puzze	mex	0	1	0	1
3d puzzel	abw	0	1	0	2
3d puzzel	aut	0	2	0	4
3d puzzel	bel	0	11	0	8.64
3d puzzel	che	0	2	0	6.5
3d puzzel	cze	0	1	0	4
3d puzzel	deu	0	48	0	4.75
3d puzzel	egy	0	1	0	2
3d puzzel	esp	0	1	0	4
3d puzzel	fra	0	1	0	2
3d puzzel	ind	0	8	0	4.5
3d puzzel	ita	0	1	0	2
3d puzzel	jor	0	1	0	2
3d puzzel	jpn	0	1	0	5
3d puzzel	lbn	0	1	0	2
3d puzzel	mex	0	1	0	2
3d puzzel	nzl	0	1	0	5
3d puzzel	sau	0	2	0	3.5
3d puzzel	swe	0	3	0	2.33
3d puzzel	usa	0	6	0	7.33
3d puzzel colosseum	deu	0	1	0	7
3d puzzel colosseum	nld	0	2	0	6
3d puzzel gebouwen	bel	0	1	0	3
3d puzzel gebouwen	nld	0	18	0	4.83
3d puzzel hout	bel	0	11	0	5
3d puzzel hout	deu	0	3	0	2.67
3d puzzel hout	irl	0	2	0	3.5
3d puzzel kopen	bel	0	5	0	16.8
3d puzzel kopen	nld	0	4	0	13
3d puzzel notre dame	bel	0	1	0	21
3d puzzel notre dame	nld	0	1	0	1
3d puzzel vliegtuig	nld	0	1	0	1
3d puzzel volwassenen	bel	0	2	0	2.5
3d puzzel voor volwassenen	bel	0	23	0	4.43
3d puzzel voor volwassenen	deu	0	1	0	3
3d puzzels	aus	0	4	0	10.25
3d puzzels	bel	0	9	0	5.89
3d puzzels	can	0	6	0	7.83
3d puzzels	deu	0	1	0	6
3d puzzels	gbr	0	7	0	6.14
3d puzzels	ind	0	3	0	5.33
3d puzzels	jpn	0	1	0	5
3d puzzels	nld	0	87	0	4.79
3d puzzels	usa	0	33	0	7.39
3d puzzels	zaf	0	3	0	2.67
3d puzzels hout	bel	0	1	0	4
3d puzzels hout	nld	0	2	0	2
3d puzzels volwassenen	nld	0	5	0	5.8
3d puzzels voor volwassenen	bel	0	1	0	8
3d puzzels voor volwassenen	can	0	1	0	1
3d puzzels voor volwassenen	nld	0	23	0	4
3d puzzl	bra	0	1	0	9
3d puzzl	deu	0	1	0	6
3d puzzl	gbr	0	1	0	6
3d puzzl	hkg	0	1	0	5
3d puzzle	alb	0	3	0	2.67
3d puzzle	are	0	23	0	4.96
3d puzzle	arg	0	4	0	5.75
3d puzzle	arm	0	2	0	5
3d puzzle	aus	0	26	0	10.96
3d puzzle	aut	0	17	0	7.06
3d puzzle	aze	0	3	0	4
3d puzzle	bel	0	21	0	4.43
3d puzzle	bgd	0	10	0	4.6
3d puzzle	bgr	0	7	0	6.43
3d puzzle	bih	0	11	0	4.45
3d puzzle	blr	0	1	0	5
3d puzzle	bol	0	1	0	1
3d puzzle	bra	0	25	0	6.96
3d puzzle	can	0	44	0	9.64
3d puzzle	che	0	53	0	5.89
3d puzzle	chl	0	3	0	4.67
3d puzzle	chn	0	3	0	4.33
3d puzzle	col	0	10	0	5.8
3d puzzle	cri	0	1	0	22
3d puzzle	cyp	0	4	0	3.5
3d puzzle	cze	0	37	0	11.65
3d puzzle	dnk	0	9	0	7.11
3d puzzle	dom	0	3	0	3
3d puzzle	dza	0	2	0	3.5
3d puzzle	ecu	0	4	0	6.75
3d puzzle	egy	0	20	0	5
3d puzzle	esp	0	8	0	8.75
3d puzzle	est	0	1	0	7
3d puzzle	fin	0	7	0	7.43
3d puzzle	fra	0	11	0	4.73
3d puzzle	gbr	0	62	0	7.69
3d puzzle	geo	0	2	0	4.5
3d puzzle	hkg	0	32	0	5.72
3d puzzle	hrv	0	29	0	4.69
3d puzzle	hun	0	14	0	8.14
3d puzzle	idn	0	17	0	3.82
3d puzzle	ind	0	296	0	3.83
3d puzzle	irl	0	13	0	11.23
3d puzzle	irn	0	4	0	3.25
3d puzzle	irq	0	1	0	3
3d puzzle	isr	0	8	0	3
3d puzzle	ita	0	26	0	5.35
3d puzzle	jor	0	2	0	9
3d puzzle	jpn	0	5	0	4.6
3d puzzle	kaz	0	2	0	4
3d puzzle	ken	0	1	0	8
3d puzzle	khm	0	1	0	1
3d puzzle	kor	0	3	0	3
3d puzzle	kwt	0	1	0	4
3d puzzle	lao	0	1	0	3
3d puzzle	lbn	0	1	0	2
3d puzzle	ltu	0	9	0	4.67
3d puzzle	lux	0	3	0	3
3d puzzle	lva	0	1	0	6
3d puzzle	mar	0	4	0	3.25
3d puzzle	mda	0	2	0	6
3d puzzle	mdv	0	1	0	2
3d puzzle	mex	0	43	0	6.44
3d puzzle	mmr	0	2	0	3.5
3d puzzle	mng	0	3	0	4
3d puzzle	mys	0	20	0	5.95
3d puzzle	nga	0	2	0	3.5
3d puzzle	nic	0	1	0	16
3d puzzle	nld	0	37	0	5.14
3d puzzle	nor	0	3	0	4.33
3d puzzle	nzl	0	11	0	6.45
3d puzzle	omn	0	2	0	1.5
3d puzzle	pak	0	1	0	3
3d puzzle	per	0	1	0	2
3d puzzle	phl	0	48	0	3.83
3d puzzle	pol	0	10	0	3.2
3d puzzle	pri	0	3	0	1.67
3d puzzle	prt	0	3	0	7.67
3d puzzle	pry	0	1	0	20
3d puzzle	qat	0	3	0	2
3d puzzle	rou	0	17	0	5.65
3d puzzle	rus	0	7	0	6.86
3d puzzle	sau	0	5	0	5.2
3d puzzle	sgp	0	7	0	4.29
3d puzzle	slv	0	1	0	1
3d puzzle	srb	0	22	0	9.64
3d puzzle	svk	0	21	0	7.33
3d puzzle	svn	0	6	0	2.5
3d puzzle	swe	0	16	0	9.75
3d puzzle	syr	0	1	0	17
3d puzzle	tha	0	13	0	4.85
3d puzzle	tun	0	1	0	3
3d puzzle	tur	0	40	0	12.93
3d puzzle	twn	0	12	0	6.33
3d puzzle	uga	0	1	0	4
3d puzzle	ukr	0	7	0	4.29
3d puzzle	ury	0	1	0	3
3d puzzle	usa	0	21	0	17.71
3d puzzle	uzb	0	2	0	1.5
3d puzzle	ven	0	1	0	2
3d puzzle	vnm	0	8	0	4.75
3d puzzle	zaf	0	9	0	4.78
3d puzzle	zmb	0	2	0	1.5
3d puzzle	zzz	0	1	0	2
3d puzzle action	fra	0	1	0	12
3d puzzle airplane	bel	0	1	0	1
3d puzzle arc de triomphe	nor	0	1	0	1
3d puzzle architecture	usa	0	2	0	4
3d puzzle assembly	tun	0	1	0	9
3d puzzle aus holz	aut	0	1	0	3
3d puzzle auto	cze	0	5	0	3.4
3d puzzle auto	hun	0	1	0	2
3d puzzle auto	ita	0	3	0	4.33
3d puzzle auto	srb	0	1	0	27
3d puzzle autó	hun	0	2	0	2
3d puzzle bauwerke	tur	0	1	0	21
3d puzzle blumen	deu	0	8	0	8.38
3d puzzle bois	fra	0	1	0	11
3d puzzle bonsai	nld	0	1	0	10
3d puzzle bota	cze	0	1	0	27
3d puzzle brandenburger tor	deu	0	7	0	5.14
3d puzzle brandenburger tor beleuchtet	deu	0	1	0	10
3d puzzle buildings	usa	0	1	0	19
3d puzzle buy	usa	0	1	0	44
3d puzzle clock	nld	0	1	0	10
3d puzzle clock	swe	0	1	0	1
3d puzzle clock	usa	0	1	0	1
3d puzzle colosseum	cze	0	1	0	10
3d puzzle colosseum	ita	0	1	0	12
3d puzzle colosseum	swe	0	2	0	1
3d puzzle colosseum	usa	0	1	0	1
3d puzzle creation set sakura bonsai	ita	0	2	0	3.5
3d puzzle dřevěné	aut	0	1	0	2
3d puzzle felnőtteknek	deu	0	3	0	2.33
3d puzzle felnőtteknek	hun	0	51	0	3.12
3d puzzle flower	bgr	0	1	0	5
3d puzzle flower	svn	0	1	0	2
3d puzzle flower	usa	0	1	0	7
3d puzzle flower bouquet	rou	0	1	0	11
3d puzzle flower bouquet	svk	0	1	0	9
3d puzzle flower bouquet	ukr	0	1	0	9
3d puzzle flowers	nld	0	1	0	1
3d puzzle flowers	pol	0	1	0	1
3d puzzle flowers	ukr	0	1	0	8
3d puzzle flowers	usa	0	1	0	5
3d puzzle flugzeug	deu	0	13	0	7.85
3d puzzle globus	cze	0	4	0	1.25
3d puzzle helicopter	idn	0	2	0	1
3d puzzle helicopter	isr	0	1	0	1
3d puzzle holz	deu	0	22	0	12.95
3d puzzle holz schiff	deu	0	8	0	9
3d puzzle images	blz	0	1	0	1
3d puzzle images	chl	0	1	0	1
3d puzzle images	usa	0	3	0	1
3d puzzle koloseum	cze	0	4	0	4.25
3d puzzle koloseum	fra	0	1	0	11
3d puzzle kolosseum	deu	0	1	0	6
3d puzzle készítése	hun	0	1	0	3
3d puzzle library	aut	0	1	0	10
3d puzzle lokomotive	deu	0	10	0	1
3d puzzle motorrad	deu	0	7	0	8.86
3d puzzle notre dame	deu	0	1	0	1
3d puzzle notre dame	ind	0	1	0	1
3d puzzle notre dame	swe	0	1	0	1
3d puzzle of flower bouquet	geo	0	1	0	9
3d puzzle of flower bouquet	ltu	0	1	0	6
3d puzzle piano	prt	0	1	0	8
3d puzzle pisa	deu	0	1	0	5
3d puzzle plane	esp	0	1	0	1
3d puzzle rolife	hun	0	1	0	2
3d puzzle rolife	ita	0	1	0	7
3d puzzle sagrada familia	can	0	1	0	1
3d puzzle sagrada familia	cze	0	1	0	1
3d puzzle sagrada familia	deu	0	3	0	1
3d puzzle sakura	deu	0	3	0	6.67
3d puzzle sakura	hun	0	1	0	1
3d puzzle sakura bonsai	can	0	1	0	6
3d puzzle sakura bonsai	esp	0	2	0	8
3d puzzle sakura bonsai	pol	0	1	0	7
3d puzzle schiefer turm von pisa	deu	0	5	0	6.2
3d puzzle schiff	deu	0	5	0	19.8
3d puzzle schwer	deu	0	2	0	5
3d puzzle segelschiff	deu	0	6	0	11.33
3d puzzle t rex	cze	0	1	0	1
3d puzzle t rex	pol	0	1	0	1
3d puzzle tank	aus	0	1	0	2
3d puzzle tank	grc	0	2	0	1
3d puzzle tank	ind	0	2	0	2.5
3d puzzle tiere	deu	0	4	0	19.25
3d puzzle tiere	ita	0	1	0	20
3d puzzle travel vessel	fra	0	1	0	10
3d puzzle vehicle	gbr	0	1	0	23
3d puzzle vlak	svk	0	1	0	4
3d puzzle wood	ita	0	3	0	9
3d puzzle za odrasle	aut	0	1	0	5
3d puzzle za odrasle	bih	0	1	0	1
3d puzzle zvířata	cze	0	1	0	1
3d puzzles	deu	0	1	0	23
3d puzzles	esp	0	1	0	46
3d puzzles architecture	hun	0	1	0	5
3d puzzles architecture	mex	0	1	0	4
3d puzzles buildings	usa	0	5	0	21
3d puzzles cars	bra	0	1	0	32
3d puzzlr	deu	0	2	0	3.5
3d rosa	swe	0	1	0	3
3d rouwbloemen	nld	0	1	0	21
3d ruze	svk	0	1	0	1
3d sakura	hun	0	1	0	1
3d sakura	tha	0	2	0	6
3d scooter	nld	0	1	0	6
3d sestavljanka	svn	0	4	0	8
3d sestavljanke	svn	0	5	0	3.6
3d stavebnice	cze	0	2	0	5
3d stavebnice pro dospělé	cze	0	3	0	2.67
3d stavebnice pro dospělé	svk	0	1	0	10
3d steckpuzzle	deu	0	4	0	5.25
3d story	esp	0	3	0	22
3d tiger puzzle	deu	0	1	0	1
3d toys	usa	0	1	0	9
3d träpussel	swe	0	13	0	4.92
3d voiture	fra	0	4	0	14.5
3d wood animals	usa	0	3	0	1
3d wood puzzle	ita	0	1	0	8
3d wood puzzles for adults	zaf	0	1	0	6
3d wooden animal puzzles	gbr	0	1	0	1
3d wooden animals	usa	0	1	0	7
3d wooden flower puzzle	mng	0	2	0	6
3d wooden puzzle	ita	0	1	0	8
3d wooden puzzle	usa	0	1	0	15
3d wooden puzzle airplane	ita	0	1	0	2
3d wooden puzzle clock	vnm	0	1	0	39
3d wooden puzzle colosseum	ind	0	1	0	1
3d wooden puzzle colosseum	irn	0	1	0	1
3d wooden puzzle flower	idn	0	4	0	5.25
3d wooden puzzle grand piano	ita	0	1	0	2
3d wooden puzzles	usa	0	2	0	18.5
3d wooden puzzles eiffel tower	aus	0	1	0	11
3d állatok	hun	0	10	0	12.2
3d дървен пъзел	bgr	0	7	0	1
3d пъзел	bgr	0	1	0	10
3d пъзели	bgr	0	15	0	13.67
3d пъзели	deu	0	1	0	7
3d-pussel trä	swe	0	8	0	6.12
3dpuzzel	deu	0	2	0	3.5
3dpuzzel	nld	0	1	0	6
3dpuzzle	bra	0	1	0	9
3dpuzzle	can	0	1	0	7
3dpuzzle	deu	0	6	0	5.67
3dpuzzle	ind	0	1	0	4
3dpuzzle	svk	0	2	0	5.5
3dpuzzle	twn	0	1	0	7
3д пъзел	bgr	0	12	0	8.83
3д пъзели	bgr	0	2	0	12
3д пъзели от дърво	bgr	0	6	0	4.17
539*5	dnk	0	1	0	10
[heimdekoration]	deu	0	3	0	23.33
a frame	cze	0	4	0	3.25
a może ten?	pol	0	1	0	5
a night in the city	usa	0	1	0	37
a puzzle	cze	0	1	0	5
a tower bridge	bra	0	1	0	10
a-frame	cze	0	3	0	3.33
aanhangwagen puzzel	esp	0	1	0	4
action 3d puzzle	deu	0	1	0	14
action puzzle 3d	che	0	1	0	8
action puzzle 3d	esp	0	2	0	10
action puzzle 3d	fra	0	14	0	7.71
action puzzle 3d	ita	0	5	0	9.8
action puzzle 3d bois	fra	0	1	0	11
action puzzle bois	fra	0	5	0	5.8
aeronave	ita	0	1	0	22
afstresning	dnk	0	6	0	13.83
afstressende aktiviteter	dnk	0	5	0	17.2
agencia detectives	bra	0	1	0	63
agencia detectives	esp	0	12	0	52.67
ajándékötlet nőknek	hun	0	2	0	20.5
ak 399	bgd	0	1	0	12
ak 47	deu	0	1	0	1
ak 47	nor	0	1	0	1
ak 47	pol	0	36	0	1
ak147	esp	0	1	0	27
ak47 giocattolo	ita	0	3	0	5.33
ak47 skins cs	pol	0	1	0	55
ako sa zbavit stresu	svk	0	1	0	10
ako sa zbaviť stresu	svk	0	3	0	7
al 47	pol	0	1	0	1
albero puzzle	ita	0	1	0	21
alice in wonderland rolife	esp	0	1	0	2
alice tea	ita	0	1	0	1
alice tea store	ita	0	2	0	1
alice tea store rolife	ita	0	1	0	1
alice's tea store	ita	0	1	0	2
aliexpress	esp	0	1	0	17
altezza tower bridge	ita	0	1	0	13
altro	ita	0	1	0	1
am601	esp	0	1	0	3
am601	geo	0	1	0	6
ambulance eco	fra	0	4	0	12
ambulance puzzle	esp	0	1	0	11
ambulancia eco	esp	0	2	0	7
amc01	nld	0	1	0	3
amc01	vnm	0	1	0	2
amk81	fra	0	2	0	8
amk82	deu	0	3	0	6.67
amk82	nld	0	1	0	9
amt01	bel	0	1	0	10
amt01	pry	0	1	0	7
amx 13 105	cze	0	7	0	5.86
amx 13 105	fra	0	1	0	4
amx 13 105	hrv	0	2	0	3.5
amx 13 105	hun	0	2	0	5.5
amx 13 105	idn	0	6	0	7.33
amx 13 105	rou	0	1	0	6
amx 13 model	svk	0	1	0	7
amx-13 105	dnk	0	1	0	5
amx-13-105	bra	0	1	0	7
amx-13/105	dnk	0	1	0	7
amx-13/105	prt	0	1	0	9
andere	bel	0	1	0	2
animal 3d puzzle	cze	0	1	0	9
animal puzzle 3d	ita	0	1	0	3
anime rose tower wood	est	0	1	0	6
ano de surgimento	bra	0	1	0	1
arcade dating	ita	0	2	0	7
arch puzzle	ind	0	1	0	3
architect 3d puzzle	irl	0	1	0	5
architect 3d puzzle	tha	0	1	0	3
architect 3d puzzle	usa	0	11	0	5.45
architectural puzzles	phl	0	2	0	4
architectural puzzles	usa	0	1	0	32
architecture puzzle	bra	0	1	0	1
architecture puzzle	grc	0	1	0	3
architecture puzzle	ind	0	2	0	2.5
architecture puzzle	pak	0	1	0	1
architecture puzzles 3d	aut	0	1	0	9
architecture puzzles 3d	can	0	2	0	6
architecture puzzles 3d	syr	0	1	0	5
arkitektur	dnk	0	1	0	1
armas rompecabezas	esp	0	1	0	9
arme casse tete	blm	0	1	0	8
arme casse tete	fra	0	1	0	11
assemblaggio puzzle	ita	0	3	0	12
atividades coordenação motora	ind	0	1	0	22
aurumootor	est	0	1	0	12
auto puzzle	esp	0	1	0	3
auto puzzle 3d	ita	0	2	0	5
autobus de madera	esp	0	1	0	1
autós puzzle	hun	0	1	0	2
bajkowy park rozrywki	pol	0	1	0	22
balista	pol	0	1	0	1
barevné	cze	0	1	0	1
bat chatillon bourrasque	phl	0	1	0	9
bedste gave til ham	dnk	0	1	0	13
bekende schilderijen nabootsen	bel	0	1	0	117
best rokr	col	0	1	0	6
best rokr puzzle	can	0	1	0	8
best rokr puzzle	nld	0	3	0	7.33
best rokr sets	usa	0	2	0	9.5
betalingsmuligheder	dnk	0	1	0	76
bewegende decoratie puzzel	nld	0	1	0	11
biblio bookstore	fra	0	1	0	37
biblioteca miniatura	esp	0	3	0	2
biblioteca miniatura	prt	0	2	0	3
biblioteca miniatura	usa	0	1	0	1
big ben model	cze	0	1	0	1
bilittle	cmr	0	1	0	7
bilittle	hkg	0	1	0	6
bilittle	ken	0	1	0	7
bilittle	zaf	0	3	0	7
bilmodel	dnk	0	1	0	68
bite 3d	lva	0	1	0	7
blijvend cadeau vrouw	nld	0	1	0	43
bloemensnoepjes	bel	0	1	0	1
blog emeryta	pol	0	2	0	36.5
blomsterbutik	dnk	0	1	0	18
blomsterkurv	dnk	0	1	0	24
bonsai 3d puzzle	deu	0	3	0	2.67
bonsai 3d puzzle	hun	0	1	0	1
bonsai puzzle 3d	esp	0	2	0	11
bonsai puzzle 3d	fra	0	1	0	4
bonsai puzzle 3d	gbr	0	1	0	2
bonsai puzzle 3d	prt	0	1	0	9
bonsai sakura	cze	0	2	0	3
bonsai sakura	est	0	1	0	1
bonsai sakura	ita	0	1	0	15
bonsai sakura	pol	0	1	0	1
bonsai sakura	svn	0	1	0	2
bonsai tree puzzle	can	0	1	0	5
bonsai tree puzzle	esp	0	1	0	4
book look	ita	0	1	0	1
book nook	bgr	0	5	0	5
book nook	cze	0	12	0	12.58
book nook	svn	0	15	0	2.93
book nook bg	bgr	0	2	0	7.5
book nook eesti	est	0	4	0	4.25
book nook mladinska knjiga	svn	0	10	0	3.5
book nook rolife	hun	0	1	0	10
book nook rolife garden house	nld	0	1	0	29
book nook sakura densya	ita	0	8	0	6
book nook sakura densya	jpn	0	1	0	10
book nook sakura densya	ltu	0	1	0	5
book nook sakura densya	swe	0	1	0	10
book nook slovenija	svn	0	1	0	1
book nook sunshine town	cze	0	1	0	1
book nook tgb09	ltu	0	1	0	3
book nook tgb09	nld	0	3	0	14.67
book nook wonderland sakura densya	ita	0	1	0	9
book noook	cze	0	1	0	10
booknook rolife	svn	0	1	0	7
boutique objet miniature	fra	0	1	0	48
božična darila zanjo	svn	0	2	0	20
brandenburger tor 3d puzzle	deu	0	3	0	8.67
brandenburger tor 3d puzzle	ury	0	1	0	1
brandenburger tor puzzle	aut	0	1	0	3
brandenburgi värav	est	0	1	0	2
brandenburgo vartai	ltu	0	1	0	13
bridge tower	grc	0	1	0	8
bridge tower londres	bra	0	1	0	27
brique motricité	fra	0	1	0	5
bro i london	dnk	0	7	0	12.14
bro i london	gbr	0	1	0	13
bruder tuletõrjeauto	est	0	3	0	22
bruksanvisning	swe	0	1	0	10
brücke in london name	deu	0	1	0	29
build a mini room kit	cze	0	1	0	8
build a room kit	ukr	0	1	0	9
build mini room	ita	0	1	0	9
build your mini room	aut	0	6	0	7.67
build your mini room	ukr	0	1	0	7
build your mini room story room	bel	0	3	0	9.67
build your mini room story room	deu	0	1	0	5
build your own mini room	aut	0	1	0	3
build your own mini room	bel	0	2	0	6.5
build your own mini room	ita	0	1	0	12
building kits for adults	usa	0	1	0	33
buket cvijeća	bih	0	8	0	14.75
buket cvijeća	hrv	0	1	0	31
buket cvijeća	srb	0	3	0	1
bukietowy 3d	pol	0	3	0	5.33
bygga miniatyrer	dnk	0	1	0	9
bygga miniatyrer	swe	0	1	0	11
bygga miniatyrhus	swe	0	14	0	7.07
byggesæt i træ	dnk	0	2	0	10
byggesæt i træ til voksne	dnk	0	11	0	8.82
byggsats miniatyrhus	swe	0	6	0	9
c'è ne sono in vendita?	ita	0	1	0	16
cabeça instrumentos musicais	prt	0	1	0	7
cadeau 23 jaar vrouw	nld	0	1	0	4
cadeau ideeën vrouw	bel	0	1	0	50
cadeau pour femmes	fra	0	1	0	11
cadeau pour homme qui a deja tout	fra	0	1	0	33
cadeau tips voor vrouwen	nld	0	1	0	47
cadeau-ideeën voor vrouwen	bel	0	3	0	43.67
cadeautip voor haar	bel	0	1	0	12
cadeautips dames	bel	0	1	0	57
cadeautips dames	nld	0	4	0	51.5
cadeautips voor haar	bel	0	1	0	23
cadeautips voor haar	nld	0	2	0	9
cadeautips vrouw	nld	0	2	0	58
cadou iubitor de cărți	rou	0	2	0	6
cadou pentru un barbat care are de toate	rou	0	1	0	41
cadouri de ziua lui	rou	0	1	0	45
cafe miniature	fra	0	4	0	14.5
camión de bomberos	civ	0	1	0	1
camión de bomberos	fra	0	1	0	1
camión de bomberos	gbr	0	1	0	1
camión de bomberos	irl	0	1	0	1
camión de bomberos	pol	0	1	0	1
camión de bomberos	vnm	0	1	0	1
can you show me them?	ind	0	1	0	26
capriccio	dnk	0	1	0	75
care e mai frumoasă	mda	0	1	0	6
care sunt beneficiile hobby-urilor pentru sanatatea fizica	rou	0	1	0	67
care sunt hobby-urile care combina sport si relaxare	rou	0	3	0	60
carrossel de madeira	prt	0	1	0	4
carura	rou	0	1	0	6
casa das miniaturas	prt	0	1	0	10
casa de madeira miniatura	prt	0	4	0	7.5
casa de miniatura	esp	0	1	0	19
casa em miniatura	prt	0	1	0	9
casa em miniatura para montar	prt	0	1	0	3
casa in miniatura	ita	0	15	0	9.13
casa mini	ita	0	2	0	20.5
casa miniatura	che	0	1	0	12
casa miniatura	ita	0	1	0	10
casa miniatura	prt	0	1	0	6
casa miniatura para montar	esp	0	1	0	38
casa miniaturas	esp	0	3	0	8
casas de miniatura	prt	0	2	0	7.5
casas de miniaturas	esp	0	1	0	1
casas em miniatura	gbr	0	1	0	11
casas em miniatura	prt	0	4	0	9
casas miniatura	esp	0	4	0	10.25
casas miniatura	prt	0	3	0	7.67
casas miniatura reales	arg	0	1	0	10
casas miniatura reales	col	0	1	0	9
casas miniatura reales	esp	0	1	0	3
casas miniaturas	prt	0	7	0	7
casas miniaturas para construir	esp	0	1	0	25
casas miniaturas para construir	prt	0	7	0	7.14
case da costruire in miniatura	ita	0	7	0	7
case in miniatura	hrv	0	1	0	1
case in miniatura	ita	0	16	0	9.88
case in miniatura	rou	0	1	0	11
case in miniatura da collezione	ita	0	8	0	14.75
case in miniatura da costruire	esp	0	1	0	10
case in miniatura da costruire	ita	0	27	0	10.07
case in miniatura da costruire	lux	0	1	0	5
case miniatura	ita	0	3	0	5.67
casetta in miniatura	aus	0	1	0	9
casetta in miniatura	ita	0	9	0	8.78
casetta libri	ita	0	2	0	12
casetta per libri	ita	0	1	0	11
casetta rialzata interna	ita	0	4	0	71.75
casette da costruire	ita	0	1	0	11
casette da costruire in miniatura	ita	0	15	0	8.4
casette di legno in miniatura	ita	0	2	0	9.5
casette in legno in miniatura	ita	0	1	0	10
casette in miniatura	ita	0	10	0	8.2
casette in miniatura da collezione	ita	0	4	0	15.5
casette in miniatura da costruire	ita	0	5	0	11.2
casette in miniatura in legno	ita	0	2	0	10
casette in miniatura vendita	ita	0	1	0	9
casette miniatura	ita	0	4	0	8
casinha miniatura	prt	0	1	0	5
casinhas em miniatura	prt	0	1	0	9
casitas de brujas	esp	0	1	0	1
casitas en miniatura	bra	0	1	0	22
casitas miniaturas	phl	0	1	0	19
casse tete arme	fra	0	1	0	9
casse-tête 3d	fra	0	1	0	45
casse-tête 3d en bois	fra	0	1	0	11
cathedral puzzle	fra	0	1	0	1
cathy flower house	prt	0	2	0	10
cathy's flower house	che	0	1	0	10
cathy's flower house	deu	0	2	0	26.5
cathy's flower house	est	0	1	0	11
cathy's flower house	fra	0	2	0	39
cathy's flower house	gbr	0	1	0	25
cathys flower house	fin	0	1	0	11
cathy’s flower house	fin	0	1	0	11
cathy’s flower house	pol	0	1	0	7
ce inseamna hobby	rou	0	9	0	35.67
cele mai frumoase cadouri	rou	0	8	0	3
cena	pol	0	2	0	15
cena?	cze	0	1	0	3
chalet de montagne	fra	0	1	0	2
char fordon	swe	0	7	0	6.57
chcete-li	usa	0	1	0	9
chocolate factory rokr	fra	0	1	0	9
chocolate factory rokr	ita	0	2	0	5
chopper naranja	hnd	0	1	0	1
ciekawe prezenty dla mężczyzny	pol	0	1	0	7
cijena	hrv	0	1	0	15
cim prekvapit zenu	cze	0	1	0	33
co pomáhá proti stresu	cze	0	1	0	6
cocina miniatura	esp	0	2	0	1
cocina miniatura	mex	0	1	0	1
cocina miniatura	phl	0	1	0	12
coleção completa	prt	0	1	0	5
colosseo 3d puzzle	ita	0	2	0	16
colosseum 3d puzzle	deu	0	2	0	11.5
colosseum 3d puzzle	usa	0	1	0	1
colosseum 3d wooden puzzle	ind	0	1	0	3
colosseum puzzle	deu	0	1	0	10
colosseum puzzle 3d	deu	0	1	0	6
colosseum wooden puzzle	ind	0	1	0	1
com imagens	prt	0	1	0	2
combaterea stresului	rou	0	1	0	45
come eliminare lo stress	ita	0	3	0	45.67
come montare	ita	0	1	0	24
come scaricare lo stress	ita	0	1	0	39
come si risolve	ita	0	1	0	1
como construir um	prt	0	1	0	20
comprar puzzles de madera al por mayor	esp	0	1	0	49
con animazione	ita	0	1	0	3
construction tower bridge	fra	0	8	0	7.5
converta	bra	0	1	0	3
corsac m60	nld	0	1	0	2
corsac m60	pol	0	1	0	1
corsac m60	usa	0	1	0	26
cosas para armar	ecu	0	1	0	2
costo	ita	0	2	0	6.5
costo?	ita	0	1	0	7
costruire case in miniatura	ita	0	1	0	7
costruire casette in miniatura	ita	0	1	0	10
costruzioni 3d	ita	0	16	0	8
costruzioni 3d legno	ita	0	1	0	5
costruzioni in miniatura	ita	0	5	0	10.6
couleur du pont de londres	fra	0	2	0	9
couleur tower bridge	bel	0	2	0	7
couleur tower bridge	fra	0	6	0	6.83
cruiser puzzle	esp	0	1	0	6
crveni trkaci auto	bih	0	1	0	2
crveni trkaci auto	mne	0	1	0	8
cuando se construyo el puente de londres	arg	0	1	0	12
cuando se construyo el puente de londres	esp	0	1	0	7
cuando se construyo el puente de londres	mex	0	1	0	9
cuando se construyo el tower bridge	esp	0	1	0	6
cucina per bambini molto kitchen con lampada	zzz	0	1	0	48
cuckoo clock lc901c	deu	0	1	0	8
cum sa scapi de stres	rou	0	1	0	20
curious discovery luminous globe	usa	0	1	0	27
czołg fv4005	pol	0	2	0	11
czołg z drewna	pol	0	2	0	3
czy znasz sprawdzony sklep z miniaturowymi domkami z wysyłką w polsce?	pol	0	7	0	1.86
części żużlowe sklep	pol	0	1	0	16
da	svn	0	1	0	6
daj link	srb	0	1	0	5
damplokomotiv model	dnk	0	1	0	2
danske butikker	dnk	0	1	0	6
darila	gbr	0	1	0	32
darila za božič	svn	0	2	0	20.5
darila za praznike	svn	0	2	0	27
darila za ženo	svn	0	2	0	6
darila zanjo	svn	0	1	0	10
darilo za božička	pyf	0	1	0	6
darilo za moškega ki ima vse	svn	0	21	0	9.52
darilo za žensko	svn	0	6	0	9.33
darilo zanj	svn	0	2	0	10
date construction tower bridge	fra	0	9	0	9.56
de madera	deu	0	1	0	1
decoraciones en miniatura tienda online	esp	0	1	0	14
dekorace do domácnosti	cze	0	1	0	3
dekoracja	esp	0	1	0	6
deliones 3d	ltu	0	2	0	28
deliżans	pol	0	5	0	3.8
descrizione	ita	0	1	0	3
det skæve tårn i pisa	dnk	0	3	0	12
det skæve tårn i pisa	geo	0	1	0	12
det skæve tårn i pisa	hun	0	1	0	12
det skæve tårn i pisa	per	0	1	0	16
detalles regalos para mujer	per	0	1	0	10
detectivebureau	nld	0	1	0	93
detektivbüro	bra	0	1	0	29
detektivbüro	che	0	3	0	25.67
detektivbüro	col	0	1	0	27
detektivbüro	deu	0	4	0	34
dg102	esp	0	1	0	2
dg102	swe	0	1	0	1
dg104	pol	0	2	0	1
dg108	bgr	0	1	0	5
dg108	deu	0	1	0	6
dg108	idn	0	7	0	3
dg108	mdv	0	1	0	1
dg108	mmr	0	1	0	3
dg108	usa	0	1	0	3
dg12	ltu	0	2	0	1
dg145	bgr	0	1	0	7
dg145	prt	0	1	0	1
dg146	bgr	0	1	0	2
dg146	bra	0	1	0	1
dg146	col	0	1	0	7
dg166	deu	0	1	0	8
dg167	khm	0	1	0	2
dg181	ltu	0	1	0	9
dg181	pol	0	1	0	1
dica de presente para mulher	bra	0	1	0	77
dicas de presentes para mulheres	bra	0	1	0	72
dicas presentes femininos	bra	0	1	0	62
dilizansa	srb	0	1	0	4
dime mas cosas	esp	0	1	0	1
dinosaure puzzle 3d	fra	0	1	0	1
discontinued?	can	0	1	0	14
diy miniature 3d emily's flower shop - rolife - 258 pièces	fra	0	5	0	33.4
diy miniature 3d emily's flower shop - rolife - 258 pièces	pak	0	1	0	36
diy miniature 3d emily's flower shop - rolife - 258 pièces	syr	0	1	0	32
diy miniature 3d emily's flower shop - rolife - 258 pièces	tur	0	1	0	37
diy miniature house emily's flower shop	esp	0	2	0	6
diy miniature house miller's garden	deu	0	1	0	4
diy miniature house simon's coffee	tur	0	1	0	14
diy miniature room	dnk	0	1	0	11
diy miniature room	fin	0	2	0	6.5
diy miniature room kit	fra	0	1	0	10
diy miniatűr ház	hun	0	11	0	3.73
diy rolife	pol	0	2	0	5
diy wooden 3d mechanical model set road king	usa	0	4	0	1
djong	fra	0	1	0	10
djong	pol	0	1	0	8
dla kobiet	pol	0	1	0	3
doll houses miniatures	afg	0	1	0	51
dolls house building	usa	0	1	0	32
dom do ry	deu	0	1	0	10
domek interaktywny	cze	0	1	0	20
domek miniaturowy	pol	0	1	0	7
domek w kształcie litery a	pol	0	5	0	1.2
domki miniaturowe	che	0	1	0	8
domki miniaturowe	pol	0	1	0	9
domky	cze	0	1	0	16
donde comprar	esp	0	2	0	17
donde comprar mas barato	esp	0	1	0	22
dora casas	esp	0	1	0	6
dora's loft rolife	nld	0	1	0	3
dora's loft rolife	usa	0	1	0	9
doras loft	aus	0	1	0	8
doras loft	fin	0	2	0	4
doras loft	hrv	0	1	0	5
dorino	cze	0	1	0	2
dostavnik	cze	0	7	0	3.14
dostavnik	usa	0	1	0	4
dostavník	cze	0	6	0	3.83
dovana jai	che	0	1	0	10
dovanos jai	ltu	0	9	0	22.22
dovanos jam kaledu proga	ltu	0	5	0	8.2
dove trovarli	ita	0	1	0	5
drahé dárky pro děti	cze	0	6	0	8
dream gift factory	esp	0	1	0	8
dream gift factory	ita	0	5	0	5.8
dream gift factory	nld	0	1	0	33
dream gift factory eab01	fra	0	1	0	15
dream gift factory rokr	ita	0	3	0	5.67
dream gift factory rokr	usa	0	1	0	15
dream world magical construction	dnk	0	1	0	8
drevene 3d puzzle	cze	0	6	0	2.5
drevene auto	cze	0	3	0	2
drevene puzzle	cze	0	1	0	19
drevene puzzle 3d	cze	0	1	0	2
drevene puzzle 3d	svk	0	1	0	4
dreveny	cze	0	1	0	1
drevené puzzle	cze	0	1	0	18
drewniane kwiaty	pol	0	8	0	7.5
drewniane puzzle 3d	gha	0	1	0	5
drewniane puzzle 3d	nld	0	1	0	6
drewniane puzzle 3d	pol	0	115	0	3.88
drewniane puzzle 3d	usa	0	1	0	10
drewniane puzzle 3d dla dorosłych	bra	0	1	0	6
drewniane puzzle 3d dla dorosłych	deu	0	1	0	3
drewniane puzzle 3d dla dorosłych	pol	0	17	0	2.76
drewniane puzzle 3d zwierzęta	pol	0	1	0	3
drewniany kwiatek	pol	0	2	0	41
droyz toys	esp	0	1	0	39
drucker holz	deu	0	1	0	1
drukarka do drewna 3d	gbr	0	1	0	4
drukarka do drewna 3d	pol	0	2	0	4
drvena pčela	bih	0	1	0	1
drvena pčela	hrv	0	1	0	1
dubbningsrobot	swe	0	1	0	16
dykizans	pol	0	3	0	2
dylizans	deu	0	1	0	2
dyliżans	aut	0	2	0	2
dyliżans	che	0	1	0	2
dyliżans	deu	0	8	0	4.5
dyliżans	esp	0	1	0	2
dyliżans	gbr	0	1	0	2
dyliżans	hrv	0	1	0	2
dyliżans	nld	0	4	0	7
dyliżans	nor	0	1	0	2
dyliżans	pol	0	426	0	3.0
dyliżans	swe	0	1	0	2
dziip	est	0	2	0	4.5
dárek co potěší	cze	0	1	0	14
dárek na valentýn	cze	0	1	0	3
dárek pro milovnice umění	cze	0	3	0	21
dárek pro milovnice umění	gin	0	1	0	23
dárky které překvapí	cze	0	4	0	10.75
dárky na narozeniny	cze	0	1	0	12
dárky pro milovníky knih	cze	0	2	0	21
dárky pro náročné	cze	0	1	0	9
dāvanas ziemassvētkos	lva	0	3	0	17.33
dāvanu idejas sievietei	lva	0	7	0	6.71
dřevěná hrací skříňka	cze	0	3	0	3.67
dřevěná zbraň	cze	0	3	0	19.67
dřevěné 3d modely	cze	0	2	0	5
dřevěné 3d puzzle	svk	0	1	0	2
dřevěné auta	cze	0	1	0	17
dřevěné květiny	cze	0	1	0	19
dřevěné modely aut	cze	0	5	0	8
dřevěné puzzle	cze	0	2	0	16
dřevěné puzzle 3d	cze	0	18	0	2.61
dřevěné puzzle 3d	svk	0	1	0	2
dřevěné růže	cze	0	6	0	7.83
dřevěné skládačky	cze	0	1	0	54
e este modelo?	che	0	1	0	7
e questo	ita	0	1	0	1
e shop	cze	0	1	0	1
ea02	col	0	2	0	6.5
eab01	fra	0	3	0	7
eab01	mys	0	1	0	1
eab01	pol	0	1	0	2
eab01	pry	0	1	0	6
eab01 dream gift factory	deu	0	1	0	10
eab01 dream gift factory	nld	0	1	0	11
eab01 dream gift factory	usa	0	1	0	5
eco police	fra	0	1	0	11
eco wood	dnk	0	5	0	8.8
eco wood	fra	0	1	0	9
eco wood art	esp	0	1	0	5
eco wood art	hun	0	1	0	4
eco wood art	irl	0	1	0	4
eco wood art	svn	0	1	0	2
eco wood art	vnm	0	1	0	10
eco wood art schreibmaschine	are	0	1	0	1
eco wood art schreibmaschine	arg	0	1	0	1
eco wood art schreibmaschine	bgr	0	1	0	1
eco wood art schreibmaschine	bra	0	1	0	1
eco wood art schreibmaschine	deu	0	1	0	1
eco wood art schreibmaschine	isr	0	1	0	1
eco wood art schreibmaschine	nld	0	4	0	1
eco-wood-art	hun	0	1	0	3
eco-wood-art	usa	0	1	0	10
edificios para armar	cri	0	1	0	5
edificios para armar	per	0	1	0	7
eiffel tower rolife	irl	0	1	0	6
eiffel tower rolife	pol	0	1	0	3
eiffelova věž model	cze	0	1	0	1
ein sportwagen	deu	0	1	0	1
einzigartige geschenkideen für frauen	deu	0	1	0	7
ekstremalny prezent dla niego	pol	0	1	0	47
el otro	mex	0	1	0	8
elegáns ajándék nőnek	hun	0	2	0	21
elektryczny gramofon	pol	0	1	0	5
elektryczny gramofon	usa	0	1	0	5
elephant 3d puzzle	usa	0	1	0	1
elephant puzzle 3d	usa	0	1	0	1
elicottero 3d	ita	0	1	0	9
em euro	bra	0	1	0	1
emily flower	fra	0	1	0	32
emily flower shop	esp	0	1	0	9
emily flower shop	fin	0	1	0	3
emily flower shop	lva	0	1	0	6
emily flower shop	swe	0	1	0	5
emily flower shop rolife	bel	0	1	0	7
emily flower shop rolife	prt	0	1	0	5
emily's flower shop	deu	0	1	0	33
emily's flower shop	esp	0	3	0	8.33
emily's flower shop	est	0	1	0	8
emily's flower shop	fra	0	1	0	27
emily's flower shop	gbr	0	1	0	45
emily's flower shop	srb	0	1	0	9
emilys flower shop	dnk	0	1	0	3
emilys flower shop	esp	0	3	0	6
en 3d	fra	0	1	0	2
en español	esp	0	1	0	13
en miniatura	prt	0	3	0	7.33
en qué año se construyó el puente de londres	arg	0	2	0	7.5
en qué año se construyó el puente de londres	chl	0	1	0	8
en qué año se construyó el puente de londres	gbr	0	1	0	8
enlaces de compra en españa	esp	0	1	0	16
enséñame fotos	esp	0	1	0	1
erről video	hun	0	1	0	14
etagers	usa	0	1	0	47
ewa maqueta madera moto 152 piezas	are	0	1	0	1
ewa maqueta madera moto 152 piezas	aut	0	1	0	1
ewa maqueta madera moto 152 piezas	bgr	0	1	0	1
ewa maqueta madera moto 152 piezas	fra	0	1	0	1
ewa maqueta madera moto 152 piezas	ita	0	1	0	1
ewa maqueta madera moto 152 piezas	ltu	0	1	0	1
ewa maqueta madera moto 152 piezas	pol	0	1	0	1
ewa maqueta madera moto 152 piezas	rus	0	1	0	1
expensive birthday gifts	deu	0	1	0	8
expensive bookshelf	aus	0	1	0	19
expensive things for girls	zaf	0	1	0	7
expensive things to buy for a girl	usa	0	1	0	8
fa 3d	aut	0	1	0	8
fa 3d	deu	0	5	0	5
fa kirakó	hun	0	9	0	10.56
fa kirakó felnőtteknek	hun	0	9	0	8.67
fa kirakók	hun	0	2	0	10
fa kirakós	hun	0	2	0	10.5
fa makett	hun	0	4	0	9.75
fa modell	hun	0	2	0	8
fa pisztoly	hun	0	1	0	30
fa puzzle	hun	0	20	0	10.2
fa puzzle	rou	0	1	0	10
fa puzzle 3d	hun	0	3	0	2
fa tank	hun	0	3	0	3.67
fa traktor	hun	0	1	0	13
fabricantes de puzzles en españa	esp	0	4	0	7.75
fabryka prezentów	pol	0	4	0	7.75
fai vedere qualcosa	ita	0	1	0	1
fakta om tower bridge	dnk	0	5	0	3.2
fakta om tower bridge	gbr	0	1	0	6
fakta om tower bridge	nor	0	1	0	10
fakta om tower of london	dnk	0	1	0	11
falling sakura	ita	0	1	0	3
falling sakura	nld	0	1	0	7
falling sakura	pol	0	1	0	1
falling sakura rolife	prt	0	1	0	5
fammi vedere foto di tutto	ita	0	1	0	5
famosa ponte pensil da inglaterra tower	prt	0	6	0	8.17
fazer quebra cabeça	bra	0	1	0	10
fiat puzzle	pol	0	1	0	3
fiat story	pol	0	1	0	6
finommotorika fejlesztése felnőtteknek	hun	0	1	0	10
fiore di legno	ita	0	1	0	31
fiori di legno prezzo	ita	0	1	0	20
fiori di legno vendita online	ita	0	1	0	36
five storied pagoda rolife	esp	0	1	0	3
five storied pagoda rolife	jpn	0	1	0	3
flamingo puzzle	deu	0	1	0	27
flamingo puzzle	hun	0	2	0	4.5
flipper 3d	hun	0	1	0	1
flipper bausatz	deu	0	4	0	18.75
flipper bausatz erwachsene	aut	0	1	0	7
flipper bausatz erwachsene	deu	0	15	0	5.47
flipper holz	deu	0	5	0	17.8
flipper legno	ita	0	1	0	55
flipper rokr	deu	0	3	0	8.33
floral corner book nook	usa	0	1	0	1
flower bouquet rowood	esp	0	1	0	9
flower puzzle 3d	grc	0	1	0	7
flower shop miniature kit	nld	0	1	0	11
flowewood	hrv	0	1	0	9
flīģelis	lva	0	1	0	29
fordon char	swe	0	5	0	11.6
fotarafları	tur	0	1	0	2
foto	ita	0	1	0	1
frauen geschenkideen	deu	0	6	0	5
fából készült autó	hun	0	2	0	1.5
fából készült puzzle	hun	0	2	0	9.5
fából készült virágok	hun	0	1	0	8
färg	swe	0	1	0	2
fødselsdagsgaver	dnk	0	1	0	35
gadget voor vrouwen	nld	0	1	0	49
gadgets voor vrouwen	nld	0	1	0	55
gaven til hende der ikke ønsker sig noget	dnk	0	1	0	27
gdzie jest to miejsce	pol	0	1	0	1
gdzie to jest	pol	0	1	0	1
gelbes rennauto	deu	0	2	0	1
geschenkideen frau	deu	0	9	0	9.11
geschenkideen frauen	deu	0	30	0	7.33
gioca facile	dom	0	1	0	14
giostra girevole	ita	0	1	0	4
giradischi elettrico	esp	0	1	0	3
giradischi elettrico	ita	0	7	0	4.29
giraffe little	deu	0	1	0	11
giraffe wooden puzzle	gbr	0	2	0	18.5
giraffe wooden puzzle	usa	0	1	0	29
girls expensive gift	gbr	0	3	0	5.33
gitáros ajándékok	hun	0	1	0	3
globo aerostático 3d	esp	0	1	0	3
globus aus holz	deu	0	1	0	12
globus drewniany	pol	0	1	0	3
globus puzzle	cze	0	1	0	4
globus puzzle 3d	pol	0	7	0	2.29
globus sveta 3d	svk	0	1	0	1
globus sveta 3d	svn	0	3	0	2
glóbus světa 3d	cze	0	1	0	2
google élő utcakép	hun	0	1	0	24
grafika	pol	0	1	0	4
gramfon	cze	0	2	0	13
gramfon	grc	0	2	0	1
gramifon	cze	0	3	0	12.33
gramofo	cze	0	1	0	1
gramofon	aut	0	1	0	15
gramofon	aze	0	6	0	1.5
gramofon	bgd	0	1	0	26
gramofon	bra	0	1	0	12
gramofon	che	0	2	0	1
gramofon	cze	0	179	0	6.13
gramofon	dnk	0	1	0	11
gramofon	esp	0	1	0	13
gramofon	est	0	1	0	26
gramofon	fra	0	4	0	15.5
gramofon	grc	0	3	0	5
gramofon	hrv	0	7	0	15.57
gramofon	mne	0	2	0	43
gramofon	nld	0	2	0	19
gramofon	srb	0	6	0	38.33
gramofon	svk	0	1	0	22
gramofon	svn	0	3	0	25.67
gramofon	usa	0	1	0	28
gramofon	uzb	0	5	0	4.2
gramofon	vnm	0	2	0	12
gramofon diy	hrv	0	1	0	10
gramofon dla dzieci	pol	0	1	0	6
gramofon dla dzieci	usa	0	1	0	11
gramofon drewniany	pol	0	6	0	1.67
gramofon elektryczny	pol	0	11	0	8.27
gramogon	cze	0	2	0	7
gramophone 3d	fra	0	1	0	6
grand prix model	cze	0	1	0	5
grand prix puzzle	usa	0	1	0	28
grmofon	cze	0	1	0	12
grsmofon	che	0	1	0	1
guitarra 3d	jpn	0	1	0	2
göra eget pussel trä	swe	0	2	0	5
görselini göster	tur	0	1	0	29
habilidades motoras exemplos	prt	0	1	0	1
hangulatos wellness szállodák	hun	0	1	0	56
hardest 3d puzzle	usa	0	2	0	12
hardest rokr puzzle	usa	0	1	0	12
hasznos ajandekok ferfiaknak	hun	0	1	0	34
hasznos ajándékok férfiaknak	hun	0	1	0	37
heimdekoration	aut	0	1	0	10
heimdekoration	deu	0	3	0	32.67
heksenwinkel	nld	0	3	0	13.33
heksenwinkel online	nld	0	4	0	9.75
hexenladen	deu	0	10	0	25.7
high end gifts	zaf	0	1	0	70
histoire de tower bridge	fra	0	1	0	7
histoire de tower bridge	gbr	0	1	0	5
histoire du tower bridge	fra	0	1	0	7
histoire tower bridge	fra	0	5	0	6.6
histoire tower bridge	gbr	0	2	0	7.5
historia del puente de la torre de londres	esp	0	1	0	9
historia del tower bridge	esp	0	1	0	8
historia tower bridge	chl	0	2	0	11
historia tower bridge	esp	0	1	0	9
historia tower bridge	gbr	0	1	0	8
historia tower bridge	pol	0	2	0	5.5
historia tower bridge	prt	0	1	0	7
historia tower bridge	swe	0	1	0	10
history of the tower bridge	fra	0	1	0	44
hiše	svn	0	3	0	60.33
hjemmelavede valentinsgaver	dnk	0	1	0	2
hodiny sova	cze	0	7	0	1
hol lehet kapni	hun	0	1	0	6
hol lehet kapni?	hun	0	1	0	2
holiday café	fra	0	1	0	16
holiday café	pol	0	1	0	10
holiday regal	deu	0	1	0	10
holz 3d puzzle	deu	0	29	0	7.34
holz panzer	deu	0	2	0	1
holz panzer	fra	0	1	0	1
holzblumen puzzle	deu	0	1	0	11
holzfeuerwehrauto	bra	0	1	0	40
holzmagic	deu	0	5	0	8.4
holzmodell traktor	deu	0	3	0	15.33
holzpolizeiauto	deu	0	1	0	11
holzpuzzle elefant	deu	0	2	0	40.5
holzpuzzle motorrad	aut	0	1	0	11
holzpuzzle motorrad	deu	0	2	0	9.5
holzpuzzle test	deu	0	1	0	27
holzpuzzle uhr	deu	0	1	0	34
horloge retro	fra	0	1	0	3
horloge zodiaque	fra	0	1	0	47
house miniature	rou	0	1	0	10
hout 3d puzzel	nld	0	3	0	3.33
hout puzzel 3d	nld	0	6	0	3
houten 3d modellen	nld	0	1	0	2
houten 3d puzzel	bel	0	4	0	3.25
houten 3d puzzel volwassenen	nld	0	15	0	2.07
houten 3d puzzel volwassenen	usa	0	2	0	2
houten 3d puzzels	nld	0	5	0	3.8
houten koekoeksklok	nld	0	1	0	1
houten platenspeler	nld	0	1	0	1
houten puzzel 3d	bel	0	1	0	4
houten puzzel 3d	nld	0	11	0	3.18
houten puzzelbal oplossing	nld	0	1	0	16
how long it takes	usa	0	1	0	1
how much to buy new	aus	0	1	0	17
how to join this	pak	0	1	0	10
hraci skrinka	cze	0	1	0	26
hrací skřínka	cze	0	1	0	20
hrací skříň	cze	0	1	0	2
hrací skříňka	cze	0	1	0	28
hvad er tower bridge	dnk	0	2	0	4
hvor kan de købes	dnk	0	1	0	1
hvordan slipper man af med hovedpine	dnk	0	1	0	54
hvornår blev tower bridge bygget	dnk	0	7	0	4.29
ház makett	hun	0	9	0	7.22
ház makett készítés házilag	hun	0	1	0	15
ideais presente mulher	prt	0	1	0	14
ideas de regalo para mujer	chl	0	3	0	5
ideas de regalo para mujer	mex	0	1	0	6
ideas de regalo para mujer	usa	0	1	0	9
ideas de regalo para mujer	ven	0	1	0	6
ideas de regalos de mujer	deu	0	2	0	7
ideas de regalos para mujer	chl	0	1	0	5
ideas de regalos para mujer	mex	0	2	0	7
ideas de regalos para mujer	per	0	1	0	8
ideas de regalos para mujeres	mex	0	1	0	6
ideas de regalos torre del mar	esp	0	3	0	64
ideas regalos mujer	mex	0	3	0	9.33
ideas regalos mujer	per	0	1	0	6
ideas regalos para mujer	usa	0	1	0	10
idee regalo costruzioni per lui	ita	0	1	0	11
ideia de presente feminino	bra	0	1	0	63
ideias de presente pra mulher	bra	0	1	0	66
ideje za darila za otroke	svn	0	1	0	29
igen	hun	0	3	0	14.33
ikea manul	nld	0	1	0	10
il représente quoi	fra	0	1	0	5
ile kosztuje	pol	0	1	0	1
image	gbr	0	1	0	3
imagen 3 d	esp	0	1	0	4
immagine	che	0	1	0	5
immagine kit	ita	0	1	0	1
impresora 3d madera	esp	0	1	0	13
impresora 3d madera	mex	0	1	0	16
impresora madera	esp	0	3	0	5.33
impresora madera 3d	esp	0	7	0	7.29
impressora 3d madeira	bra	0	2	0	7
impressora 3d madeira	prt	0	2	0	6.5
impressora de madeira 3d	prt	0	2	0	3
impressora madeira	prt	0	1	0	10
in europe	fra	0	1	0	5
individualiteit puzzel	deu	0	1	0	9
instrumentos musicais 3d	prt	0	1	0	5
invernadero miniatura	arg	0	1	0	1
ipoh	mys	0	1	0	31
iris	ita	0	1	0	2
iris roxa	arg	0	1	0	21
is building blocks fine motor skills	pak	0	1	0	11
isolering loftrum	dnk	0	1	0	47
italiensk restaurant københavn bedst bedømte	dnk	0	1	0	23
ja	swe	0	1	0	5
jacht 3d	pol	0	7	0	2.29
jachtvoertuigen	nld	0	1	0	2
jah	est	0	1	0	5
jak na stres	cze	0	2	0	52
jak se uklidnit ve stresu	cze	0	1	0	30
jak se uvolnit a zbavit se stresu	cze	0	1	0	18
jak se zbavit stresu	cze	0	3	0	22.33
jak się nazywa	pol	0	1	0	15
jak sprawić, że mój dom będzie bardziej przytulny?	pol	0	1	0	4
jak vybrat puzzle	cze	0	3	0	11
jak zvladat stres	cze	0	3	0	49.33
jaka cena	pol	0	2	0	11
jakie modele rolife polecasz dla początkującego hobbysty?	pol	0	6	0	2
jaky darek pro muze	cze	0	1	0	6
jaký dárek koupit muži	cze	0	1	0	7
japoński statek	pol	0	22	0	10.32
jeftini pokloni za djecu	hrv	0	1	0	9
jen pro muze	gbr	0	1	0	10
jest nim tower bridge	pol	0	1	0	10
jogos de habilidades motoras	prt	0	2	0	8.5
jop	cze	0	1	0	3
játékszekrény	hun	0	1	0	30
kaina	ltu	0	1	0	2
kako kontrolirati stres	bgd	0	1	0	37
kako kontrolirati stres	bra	0	1	0	38
kako odpraviti stres	aut	0	1	0	28
kako odpraviti stres	deu	0	1	0	5
kako odpraviti stres	esp	0	1	0	6
kako odpraviti stres	sau	0	1	0	6
kako premagati stres	esp	0	1	0	36
kako premagati stres	jpn	0	2	0	36
kako premagati stres	usa	0	1	0	36
kako ublaziti stres	dom	0	1	0	43
kako ublaziti stres	esp	0	2	0	42
kako zmanjšati stres	dom	0	1	0	30
kako zmanjšati stres	pol	0	3	0	23
kako zmanjšati stres	svn	0	1	0	35
kakukkos ora	rou	0	1	0	1
kakukkos óra gyerekeknek	hun	0	3	0	1
kalendrid	est	0	1	0	79
kameelia	gbr	0	1	0	45
kan ni ge exempel på leksaker som hjälper barn med motoriska färdigheter?	swe	0	2	0	8.5
kannh	grc	0	2	0	2
kannst du mal zeigen	deu	0	1	0	1
karabiny z drewna	pol	0	2	0	40
karrusell	swe	0	1	0	8
karusell	arg	0	1	0	21
karusell	bra	0	1	0	21
karusell	deu	0	3	0	15.67
karusell	nor	0	11	0	21.91
karusell	swe	0	60	0	9.83
karusell	usa	0	2	0	23.5
karusrll	swe	0	1	0	8
karuzela	pol	0	8	0	22.25
karuzela	usa	0	1	0	12
karácsony utca	hun	0	1	0	11
kasseapparat boghandler	dnk	0	1	0	75
katonai terepjáró	hun	0	1	0	1
kavarna simon	svn	0	3	0	7.33
kaç euro	deu	0	1	0	2
kde kouoit	cze	0	1	0	16
kiki	lva	0	1	0	93
kiki miniature	ita	0	1	0	8
kiki tienda	esp	0	1	0	14
kiki's magic emporium	ltu	0	1	0	3
kikis magic emporium	dnk	0	1	0	7
king bridge london	pol	0	2	0	1
kingid naistele	est	0	1	0	30
kingiidee mehele	est	0	5	0	9.4
kingiideed jõuludeks	est	0	13	0	18
kingiideed naisele	est	0	2	0	29
kingiideed naistele	est	0	9	0	15
kingitus mehele kellel on kõik olemas	est	0	6	0	10.67
kingitus naisele	est	0	4	0	27.25
kingitused jõuludeks	swe	0	1	0	1
kingitused lastele	est	0	9	0	14.78
kingitused naistele	est	0	21	0	17.1
kingituste maksustamine	est	0	1	0	31
kit casa miniatura	esp	0	11	0	18.91
kit casa miniatura	prt	0	1	0	8
kit complet	fra	0	1	0	16
kit costruzione case in miniatura legno	ita	0	1	0	15
koloseum 3d	cze	0	1	0	1
koloseum puzzle 3d	pol	0	2	0	2
kolosseum modell	deu	0	4	0	9.5
koparka 3d	pol	0	5	0	4.4
kosten	deu	0	1	0	4
kreativa presenter till flickvän	swe	0	1	0	28
kreativní dárek pro ženu	cze	0	1	0	19
kruiisilaev	est	0	1	0	16
królewski powóz	pol	0	2	0	9
które miniaturowe domki do składania mają najwięcej elementów w cenie do 200 złotych?	pol	0	8	0	9.75
kur pirkti	ltu	0	1	0	3
kučiće vrijeme	hrv	0	1	0	13
kw401	deu	0	1	0	3
kwiaty 3 d	pol	0	1	0	7
kwiaty do skladania	pol	0	1	0	2
kwiaty do składania	pol	0	2	0	4
kwiaty drewniane	pol	0	2	0	11
kwiaty z drewna	pol	0	5	0	11.8
käokell	est	0	5	0	1
képekkel	hun	0	1	0	10
königskutsche	deu	0	1	0	1
könyvkuckó	hun	0	1	0	22
la fabrica de regalos	esp	0	7	0	21.86
la tienda de la bruja	esp	0	2	0	8.5
lav stori	svk	0	1	0	81
lavlittle	sgp	0	1	0	8
lc801	can	0	1	0	69
lc801	esp	0	1	0	4
lc801	lva	0	1	0	5
lc901c	fra	0	1	0	3
lc901c	gha	0	1	0	5
lc901c	nld	0	1	0	8
lc901c	pol	0	1	0	2
le pont bridge	fra	0	1	0	26
le pont tower bridge	fra	0	1	0	15
le tecniche per rilassarsi	ita	0	1	0	23
le tower bridge	fra	0	1	0	38
leao acabado	pry	0	1	0	1
legendäre maschinen	deu	0	1	0	37
legjobb ajándék	hun	0	12	0	14.75
legno	ita	0	1	0	2
legno 3d	ind	0	1	0	3
legno 3d	ita	0	2	0	2.5
lego 3d architecture puzzle	cze	0	1	0	27
lejon 3d	swe	0	4	0	1.5
leone 3d	ita	0	1	0	2
leone 3d	swe	0	1	0	1
leopard 1	cze	0	1	0	1
leopard 1 3d	cze	0	1	0	4
leopard 1 3d	est	0	1	0	2
leopard 1 3d model	usa	0	1	0	16
leopard 1 model	cze	0	1	0	1
lesen šopek	svn	0	3	0	3
lesen šopek s posvetilom	svn	0	6	0	7.17
lesena mansardna hiša	svn	0	1	0	75
lesena sestavljanka	svn	0	7	0	7.29
lesene sestavljanke	svn	0	7	0	6.14
lg501	pol	0	1	0	3
lga01	nld	0	2	0	5.5
lga01 marble night city	jpn	0	1	0	11
libreria casetta	ita	0	1	0	12
libreria en miniatura	esp	0	4	0	3.25
libreria in miniatura	che	0	1	0	1
libreria in miniatura	ita	0	8	0	5.5
libreria in miniatura fai da te	ita	0	3	0	1.67
libreria miniatura	esp	0	6	0	2.17
libreria miniatura	ita	0	1	0	7
libreria miniatura	usa	0	1	0	1
librería miniatura	esp	0	1	0	2
lil simon's coffee	fra	0	3	0	7.33
lila motorcykel	swe	0	1	0	1
lila írisz	hun	0	1	0	10
litle story	pol	0	1	0	3
little story	cze	0	3	0	3.33
little story	deu	0	2	0	5.5
little story	pol	0	12	0	4
little story drewniane puzzle model 3d	pol	0	4	0	5.75
littlestory	pol	0	1	0	5
livello difficoltà	ita	0	1	0	2
lk502	lva	0	1	0	5
lk505	pry	0	1	0	7
lk505	swe	0	1	0	5
lk703b	esp	0	1	0	5
lk703b	nld	0	2	0	8
lk703c	nld	0	2	0	8
lk703c	rou	0	1	0	8
lk801	pol	0	1	0	2
lk801	tha	0	1	0	9
lka01	esp	0	1	0	8
lka02	nld	0	1	0	10
lkb01d	gbr	0	1	0	7
lkb01d	nld	0	1	0	10
lkw puzzle	deu	0	2	0	20
logo rolife	arg	0	1	0	1
logo rolife	bel	0	1	0	1
logo rolife	fra	0	1	0	1
logo rolife	mex	0	1	0	1
logo rolife	nld	0	1	0	1
loja atacado	esp	0	1	0	6
loja de bruxas	prt	0	1	0	49
londen tower bridge	nld	0	2	0	12
london bridge	nld	0	2	0	11
london bridge	rou	0	2	0	9.5
london bridge black and white	can	0	1	0	1
london bridge black and white	gbr	0	1	0	1
london bridge histoire	fra	0	10	0	9
london bridge historia	esp	0	1	0	6
london bridge historia	gbr	0	2	0	3.5
london bridge historie	cze	0	1	0	11
london bridge historie	dnk	0	1	0	5
london bridge londra	ita	0	1	0	17
london bridge miniature	nld	0	1	0	7
london bridge story	gbr	0	2	0	13
london bro	dnk	0	1	0	11
london bro	hkg	0	1	0	9
london bro	mex	0	1	0	9
londonas tilts	lva	0	3	0	4.67
londono tiltas	ltu	0	2	0	11
londres puente famoso	esp	0	1	0	2
londyn most	aus	0	1	0	21
londyn most	pol	0	1	0	1
londyn tower bridge	pol	0	1	0	11
londýnský most	cze	0	1	0	12
lq502	pry	0	1	0	10
luminous globe	fra	0	1	0	46
luminous globe	ltu	0	2	0	9
luminous globe rokr	ita	0	1	0	2
lutande tornet	swe	0	1	0	11
luxuriöse geschenke für frauen	deu	0	1	0	73
luxus geschenke für frauen	deu	0	1	0	66
lysende globus	dnk	0	1	0	7
lägga pussel bra för hjärnan	swe	0	1	0	32
lær at slappe af	dnk	0	2	0	33
løsning	dnk	0	1	0	2
machinepistool puzzel	nld	0	1	0	10
madeira leao	prt	0	5	0	11.8
madeira speedway	deu	0	1	0	10
madera 3d	esp	0	1	0	8
magasin de sorciere	fra	0	1	0	13
magasin miniature	fra	0	1	0	15
magic cello music box	prt	0	1	0	7
magic cello rokr	esp	0	1	0	8
magic emporium rolife	rou	0	1	0	9
magic holz flipper	deu	0	2	0	23.5
magic house rolife	esp	0	1	0	1
magic house rolife	prt	0	1	0	7
magical house	deu	0	1	0	1
magical house	dnk	0	1	0	1
magiczne pianino	deu	0	1	0	7
magiczne pianino	pol	0	6	0	8.83
maileg miniatyrhus	swe	0	1	0	49
maison des miniature	fra	0	2	0	6
maison des miniatures	fra	0	2	0	10
maison mose	fra	0	1	0	8
maisons des miniatures	fra	0	4	0	8.5
makett	est	0	1	0	4
makett ház	hun	0	3	0	8
makett ház	svk	0	1	0	8
makett ház építése	hun	0	3	0	6.67
makett házak	hun	0	4	0	6.25
makett kuckó	hun	0	2	0	9
makieta wieży eiffla	pol	0	3	0	10.33
manufacturing toy	usa	0	1	0	13
maqueta barco navegando	bgr	0	1	0	1
maqueta barco navegando	chl	0	1	0	1
maqueta barco navegando	deu	0	1	0	4
maqueta barco navegando	est	0	1	0	1
maqueta barco navegando	npl	0	1	0	1
maqueta barco navegando	rus	0	1	0	1
maqueta barco navegando	tjk	0	1	0	1
maqueta barco navegando	ven	0	1	0	1
maqueta cafeteria simon	che	0	1	0	1
maqueta cafeteria simon	mkd	0	1	0	1
maqueta cafeteria simon	rus	0	2	0	1
maqueta carruaje clasico	are	0	1	0	1
maqueta carruaje clasico	blr	0	1	0	1
maqueta carruaje clasico	bra	0	1	0	1
maqueta carruaje clasico	fin	0	1	0	1
maqueta carruaje clasico	lva	0	1	0	1
maqueta carruaje clasico	rus	0	1	0	1
maqueta casa librería de sam	mex	0	1	0	1
maqueta floristeria emily	chl	0	1	0	1
maqueta floristeria emily	dza	0	1	0	1
maqueta floristeria emily	fra	0	1	0	1
maqueta floristeria emily	prt	0	1	0	1
maqueta globo aereoestatico	arg	0	1	0	1
maqueta globo aereoestatico	bgd	0	1	0	1
maqueta globo aereoestatico	est	0	1	0	1
maqueta globo aereoestatico	grc	0	1	0	1
maqueta globo aereoestatico	irl	0	1	0	1
maqueta globo aereoestatico	prt	0	1	0	1
maqueta globo dirigible	bgd	0	1	0	1
maqueta globo dirigible	dnk	0	1	0	1
maqueta globo dirigible	esp	0	1	0	1
maqueta globo dirigible	gbr	0	1	0	1
maqueta globo luminoso	bel	0	1	0	1
maqueta globo luminoso	cze	0	1	0	1
maqueta globo luminoso	pol	0	1	0	1
maqueta globo luminoso	ukr	0	1	0	1
maqueta globo luminoso	ven	0	1	0	1
maqueta madera 3d	esp	0	1	0	12
maqueta madera 3d avión	bgd	0	1	0	1
maqueta madera 3d avión	deu	0	1	0	1
maqueta madera 3d avión	ecu	0	1	0	1
maqueta madera 3d avión	kwt	0	1	0	1
maqueta madera 3d avión	mex	0	1	0	1
maqueta madera 3d avión	mkd	0	1	0	1
maqueta miniatura	esp	0	1	0	25
maqueta notre dame	esp	0	1	0	4
maqueta parque atracciones	bra	0	1	0	1
maqueta parque atracciones	isr	0	1	0	1
maqueta parque atracciones	mlt	0	1	0	1
maqueta parque atracciones	prt	0	1	0	1
maqueta parque atracciones	rus	0	1	0	1
maqueta parque atracciones	vnm	0	1	0	1
maqueta rokr	esp	0	2	0	10
maqueta sujetalibros sakura densya	arm	0	1	0	1
maqueta sujetalibros sakura densya	grc	0	1	0	1
maqueta tranvia	are	0	1	0	1
maqueta tranvia	chl	0	1	0	1
maqueta tranvia	ita	0	1	0	1
maqueta tranvia	kgz	0	1	0	1
maqueta tranvia	usa	0	1	0	1
maquetas de tranvía desde 180 euros	esp	0	1	0	57
maquetas de tranvías	esp	0	1	0	44
maquetas en miniatura	esp	0	1	0	32
maquetas rokr	esp	0	14	0	5.93
maquette dirigeable	fra	0	1	0	1
maquette en bois 147 pièces - globe lumineux - rokr	bel	0	1	0	17
maquette en bois 147 pièces - globe lumineux - rokr	cri	0	1	0	18
maquette en bois 147 pièces - globe lumineux - rokr	fra	0	2	0	17.5
maquette en bois 147 pièces - globe lumineux - rokr	idn	0	1	0	16
maquette en bois 147 pièces - globe lumineux - rokr	irq	0	1	0	18
maquette en bois 147 pièces - globe lumineux - rokr	mex	0	1	0	18
maquette en bois 147 pièces - globe lumineux - rokr	phl	0	1	0	18
maquette en bois action	fra	0	1	0	31
maquette puzzle 3d	fra	0	1	0	7
maquette tour eiffel	tha	0	1	0	53
maquette voiture	bgd	0	1	0	25
maquette voiture	can	0	3	0	26
maquette voiture	che	0	1	0	17
maquette voiture	tur	0	1	0	24
maquette voiture	ury	0	1	0	44
maquette voiture	usa	0	1	0	17
maquette voiture	uzb	0	1	0	45
maquette voiture	zaf	0	1	0	16
maquette voiture bois	fra	0	1	0	1
maquette voiture en bois	fra	0	1	0	4
maquina de escribir	esp	0	3	0	2.67
maquina de escribir antigua	esp	0	1	0	5
maquina para escribir en madera	chl	0	1	0	51
marble night city	gbr	0	9	0	20.33
marble night city	hun	0	1	0	3
marble night city	npl	0	1	0	20
marble night city	rus	0	3	0	28
marble night city	zaf	0	1	0	18
marble night city rokr	pol	0	1	0	4
marble parkour	esp	0	1	0	5
marble parkour	fra	0	1	0	3
marble parkour	ita	0	1	0	6
marble parkour rokr	esp	0	1	0	3
marble parkour rokr	fra	0	1	0	10
marble parkour rokr	nld	0	2	0	7.5
marble robotics	usa	0	1	0	21
mass	esp	0	1	0	2
mc401	bra	0	1	0	8
mc701	bra	0	1	0	1
mc701	ita	0	1	0	1
mcb02	fra	0	4	0	3
mcb02	lva	0	1	0	1
me	grc	0	1	0	20
me puedes mostrar una foto de como quedaría	chl	0	1	0	42
mecanica espacial	esp	0	1	0	99
mechanical 3d puzzle	usa	0	3	0	3
mechanical music box magic cello	rou	0	1	0	7
mechanical music box starry night	esp	0	1	0	8
mechanical owl clock	usa	0	1	0	10
mechanical swing	tur	0	1	0	1
mechanical toy	swe	0	1	0	49
mechaniczne pianino	aus	0	1	0	11
mechaniczne pianino	che	0	1	0	7
mechaniczne pianino	deu	0	1	0	11
mechaniczne pianino	fin	0	1	0	7
mechaniczne pianino	pol	0	34	0	9.97
mechanikus kakukkos óra	hun	0	4	0	1.25
mechanische puzzle	deu	0	2	0	8.5
medidas de la caja	mex	0	1	0	4
medines 3d deliones	ltu	0	4	0	1
medines deliones 3d	ltu	0	3	0	1.33
mehaaniline klaver	est	0	4	0	1.25
mehhanismi liikuvad osad	est	0	9	0	9.78
mekanisk ingeniørkunst	gbr	0	1	0	24
mekanisk ingeniørkunst	isr	0	1	0	71
mekanisk model af solsystemet	dnk	0	4	0	5.25
mekanisk model af solsystemet	prt	0	1	0	5
meloodia kaunistus	est	0	1	0	30
mennyibe kerül?	hun	0	1	0	2
mennyit ér	hun	0	1	0	1
mesterlövész	hun	0	1	0	1
mida kinkida naisele	est	0	1	0	28
miller's garden	deu	0	1	0	2
miller's garden	est	0	1	0	6
miller's garden	rou	0	1	0	8
miller's garden	swe	0	1	0	1
miller's garden	usa	0	5	0	13
miller's garden diy miniature house	bel	0	1	0	9
miller's garden rolife	esp	0	1	0	1
miller's garden rolife	fra	0	1	0	5
miller's garden rolife	nld	0	5	0	2.6
miller's garden rolife	pol	0	1	0	2
miller's garden rolife	usa	0	2	0	7
millerio	rou	0	1	0	6
millers garden	bra	0	2	0	8
millers garden	che	0	1	0	7
millers garden	esp	0	1	0	2
millers garden	nld	0	1	0	6
milline on parim koht, kust leida kunstiteoseid, mis sobivad kingituseks?	est	0	2	0	10
minature house	dnk	0	1	0	5
minature house	ltu	0	1	0	11
mini cabana	rou	0	1	0	1
mini case da costruire	ita	0	5	0	8.6
mini casette	ita	0	1	0	13
mini chalet	ita	0	1	0	4
mini domek	pol	0	1	0	47
mini domeček	cze	0	1	0	13
mini hot rod	usa	0	1	0	8
mini házak	hun	0	8	0	10.5
mini libreria	ita	0	1	0	49
mini negozio	deu	0	1	0	9
mini negozio	ita	0	1	0	10
mini pistolet	nld	0	1	0	1
mini pistolet	pol	0	10	0	1
mini pisztoly	hun	0	1	0	12
mini room	che	0	3	0	10.33
mini room build your	bel	0	1	0	9
mini room build your	cze	0	1	0	9
mini room building kit	ltu	0	1	0	6
mini room kit	nld	0	1	0	16
mini room kits	che	0	1	0	10
mini room kits	irl	0	2	0	15
mini room set	aut	0	1	0	7
mini room set	rou	0	1	0	7
mini room story room	bel	0	1	0	13
mini rooms	cze	0	5	0	8
mini rooms	fra	0	1	0	13
mini rooms	nld	0	1	0	12
mini rooms	rou	0	1	0	6
mini rooms to build	deu	0	1	0	8
mini rooms to build	irl	0	1	0	8
mini rooms to build	nld	0	1	0	5
mini rooms to build	pol	0	1	0	11
mini stanze	ita	0	4	0	11
mini vehicle 3d wood puzzle	esp	0	2	0	5
mini vehicle 3d wood puzzle	est	0	1	0	3
mini vehicle 3d wood puzzle	ltu	0	1	0	4
miniatur	hun	0	3	0	7.33
miniatura	lva	0	15	0	4.8
miniatura biblioteca	ita	0	1	0	1
miniatura case	ita	0	1	0	3
miniatura de	esp	0	1	0	11
miniatura de bateria musical	prt	0	1	0	5
miniatura de biblioteca	prt	0	1	0	2
miniatura de casa	prt	0	1	0	9
miniatura libreria	esp	0	3	0	2.33
miniatura libreria	ita	0	6	0	7.17
miniatura libreria	usa	0	1	0	1
miniaturas	ltu	0	1	0	10
miniaturas	lva	0	4	0	3.25
miniaturas casa	prt	0	2	0	6
miniaturas casa de muñecas	esp	0	1	0	34
miniaturas casa de muñecas	usa	0	1	0	37
miniaturas casas	prt	0	5	0	4.8
miniaturas de casas	prt	0	1	0	6
miniaturas para casas de muñecas	deu	0	1	0	26
miniaturas para casas de muñecas	esp	0	2	0	19
miniaturas para montar	esp	0	1	0	26
miniature	dnk	0	1	0	1
miniature byggesæt	dnk	0	14	0	8.86
miniature cafe	fra	0	2	0	15
miniature casa	ita	0	2	0	6
miniature case	ita	0	3	0	8.67
miniature casette in legno	ita	0	1	0	10
miniature da costruire	ita	0	1	0	12
miniature drivhus	dnk	0	2	0	1
miniature dukkehus	dnk	0	2	0	59
miniature garden house	bel	0	1	0	8
miniature house	cze	0	2	0	10
miniature house	dnk	0	2	0	11.5
miniature house	grc	0	2	0	13
miniature house	ltu	0	2	0	8.5
miniature house	prt	0	1	0	12
miniature house	srb	0	1	0	15
miniature house kits for adults	deu	0	1	0	30
miniature hus	dnk	0	7	0	10
miniature huse	dnk	0	28	0	2.11
miniature huse byg selv	dnk	0	13	0	9.08
miniature libreria	ita	0	3	0	7.67
miniature møbler	dnk	0	1	0	71
miniature restaurant	ind	0	1	0	25
miniature room	fin	0	1	0	4
miniature room	irl	0	2	0	11.5
miniature room	mar	0	1	0	8
miniature room	nor	0	1	0	11
miniature room	rou	0	1	0	3
miniature room	ukr	0	1	0	7
miniature room building kits	rou	0	1	0	6
miniature room kit	nld	0	1	0	9
miniature room kits	deu	0	2	0	10.5
miniature room kits	pol	0	1	0	9
miniature rooms	nld	0	1	0	1
miniature studio room	nor	0	1	0	9
miniature wooden puzzles	fra	0	1	0	11
miniaturen winkel	nld	0	8	0	69.38
miniaturen winkels	nld	0	9	0	38.33
miniaturhaus holz	deu	0	1	0	38
miniaturhäuser	deu	0	8	0	13.75
miniaturni	cze	0	3	0	9.33
miniaturní	cze	0	5	0	8.8
miniaturowe domki	pol	0	4	0	11.25
miniaturowy dom	pol	0	4	0	1.75
miniaturowy domek	pol	0	8	0	6
miniaturowy domek	rou	0	1	0	6
miniaturowy domek	usa	0	1	0	4
miniaturu maja	lva	0	3	0	10.67
miniatuur	bel	0	1	0	13
miniatuur	gbr	0	1	0	14
miniatuur	nld	0	10	0	26.9
miniatuur	usa	0	1	0	2
miniatuur kas	bel	0	5	0	1
miniatuur kas	nld	0	7	0	1
miniatuur winkel	bel	0	6	0	14.83
miniatuur winkel	nld	0	34	0	12.97
miniatuur winkels	gbr	0	1	0	32
miniatuur winkels	nld	0	10	0	6.1
miniatuur winkeltje	bel	0	2	0	15.5
miniatuur winkeltje	nld	0	12	0	17.58
miniatuurhuis	nld	0	4	0	8.75
miniatuurhuisjes	nld	0	5	0	6.6
miniatuurne	est	0	6	0	2.33
miniatyr byggsats	swe	0	1	0	30
miniatyr hus	swe	0	34	0	9.65
miniatyr hus byggsats	swe	0	6	0	9.33
miniatyr saker	swe	0	1	0	5
miniatyrhus	nor	0	1	0	20
miniatyrhus byggsats	nor	0	2	0	7.5
miniatyrhus byggsats	swe	0	32	0	10.66
miniatyrhus diy	fin	0	1	0	7
miniatyrhus diy	nor	0	2	0	19
miniatyrhus trädgård	swe	0	1	0	2
miniatyrlandskap	swe	0	2	0	10
miniatür	hun	0	2	0	10
miniatūra	lva	0	1	0	10
miniatūra māja	lva	0	10	0	6.6
miniatūras	lva	0	11	0	3.91
miniatūras mājas	lva	0	2	0	5
miniatūru māja	grc	0	1	0	9
miniatūru māja	lva	0	9	0	15
miniatűr	hun	0	5	0	9.4
miniatűr ház makett	hun	0	6	0	3
miniházak	hun	0	9	0	11.56
minimajade müük	est	0	1	0	10
minipistol	swe	0	1	0	10
mirror	usa	0	1	0	5
mitra thompson giocattolo	ita	0	2	0	31.5
mitragliatrice rotante	ita	0	1	0	1
moaz	est	0	1	0	5
moaz	pol	0	1	0	38
mobili miniatura	ita	0	1	0	35
mobili miniatura	lva	0	1	0	37
model big ben	cze	0	1	0	1
model gitary	pol	0	3	0	3
model lokomotywy parowej	pol	0	4	0	1
model motocykla żużlowego	pol	0	1	0	9
model parowozu	pol	0	2	0	1
model sterowca	pol	0	2	0	5
model tank story	che	0	1	0	6
model tank story	deu	0	1	0	2
model tank story	est	0	1	0	4
model tank story	fra	0	1	0	4
model tank story	isr	0	2	0	5
model tank story	jpn	0	1	0	4
model tank story	nld	0	1	0	3
model tank story	nzl	0	11	0	5.55
model wózka widłowego	pol	0	2	0	2
modelado 3d construcción madera	esp	0	1	0	13
modele do sklejania drewniane	pol	0	10	0	15.4
modell sagrada familia	deu	0	3	0	7
modelli di barca a vela	ita	0	2	0	51
modellini case	ita	0	2	0	13
modellini di case	ita	0	3	0	9
modellino casa	ita	0	1	0	23
modellino torre eiffel	ita	0	2	0	3
modellismo case in miniatura	egy	0	1	0	11
modellismo case in miniatura	ita	0	1	0	10
modèle big ben	fra	0	2	0	2.5
monokulært dobbeltsyn	dnk	0	4	0	16
montaggio puzzle	ita	0	1	0	42
mose's detective agency	usa	0	1	0	21
moses detective	deu	0	1	0	10
moses detective agency	deu	0	2	0	3.5
most difficult rokr puzzle	gbr	0	1	0	11
most expensive birthday	idn	0	2	0	1
most expensive birthday gift	usa	0	1	0	6
most expensive gift	gbr	0	3	0	15
most expensive gift for girls	bgd	0	1	0	10
most expensive gift for girls	gbr	0	1	0	7
most expensive gift for girls	ind	0	4	0	8
most expensive gift for girls	phl	0	1	0	6
most expensive gift for girls	sgp	0	1	0	7
most expensive gift for girls	zwe	0	1	0	2
most expensive gifts	rou	0	1	0	8
most expensive gifts for women	deu	0	1	0	8
most expensive things for girls	lka	0	1	0	3
most londyn	pol	0	1	0	2
most u londonu	bih	0	2	0	10.5
most u londonu	gbr	0	1	0	10
most u londonu	srb	0	9	0	10.11
most u londonu tower bridge	bih	0	1	0	13
most u londonu tower bridge	srb	0	1	0	12
most v londýně	cze	0	1	0	12
mostarle molino	esp	0	1	0	5
mostarle molino de viento	esp	0	2	0	2.5
mosty w londynie	pol	0	1	0	11
moto comanche	fra	0	1	0	1
moto da corsa blu	ita	0	2	0	1
moto in legno	kaz	0	1	0	12
motor puzzle	hrv	0	1	0	5
motorcycle	cyp	0	1	0	100
motorcycle	grc	0	1	0	46
motorcycle puzzle	gbr	0	1	0	23
motorické dovednosti	cze	0	4	0	18.5
motorické schopnosti	cze	0	1	0	17
motorikus képességek	hun	0	1	0	31
motorische ontwikkelingen	nld	0	2	0	29.5
motorische vaardigheden	nld	0	1	0	12
motoričke sposobnosti	aut	0	1	0	10
motorkruiser	nld	0	5	0	40.6
motorkruiser verkopen	nld	0	1	0	24
motorola rokr	ita	0	1	0	11
motorrad puzzle	aut	0	2	0	4
motorrad puzzle	che	0	1	0	4
motorrad puzzle	deu	0	8	0	4.38
moze	hrv	0	1	0	1
mr millers	dnk	0	1	0	2
mrs cathy	hun	0	2	0	3.5
music box 3d wooden puzzle	grc	0	1	0	5
music instrument	bel	0	1	0	12
muéstrame link de compra	col	0	1	0	13
máquinas de escribir antiguas precios	esp	0	1	0	1
música com violoncelo	prt	0	2	0	4
nabízíte velkoobchodní spolupráci	cze	0	3	0	9
nad nią tower bridge	pol	0	1	0	10
najlepsze sklepy z miniaturami diy w polsce	pol	0	4	0	5.75
negozio di miniature	ita	0	1	0	49
negozio miniature	ita	0	1	0	18
nehéz puzzle	hun	0	1	0	7
nejlepší blog	cze	0	1	0	16
nejprodávanější dárky na vánoce	cze	0	4	0	6.5
nejprodávanější dárky pro ženy	cze	0	2	0	10.5
nejprodávanější dárky pro ženy	sau	0	1	0	14
nejznámější most v londýně	cze	0	2	0	11
nelk alice	kor	0	1	0	20
non	fra	0	1	0	1
nook	svn	0	5	0	8.6
notre dame 3d puzzle	cze	0	1	0	5
notre dame 3d puzzle	pol	0	1	0	1
notre dame cathedral 3d puzzle	usa	0	2	0	1
notre dame puzzle 3d	deu	0	1	0	5
notre dame puzzle 3d	esp	0	1	0	1
nápad na vánoční dárek	cze	0	1	0	18
návod	cze	0	1	0	1
näita pilte	est	0	1	0	1
när byggdes tower bridge	swe	0	9	0	9.33
něco hezkého pro ženu	cze	0	3	0	10.67
o que oferecer a um homem que tem tudo	ago	0	3	0	6.67
o que oferecer a um homem que tem tudo	prt	0	59	0	10.29
o que significa hobbies	ago	0	1	0	14
obojí	cze	0	1	0	5
obszar stem	pol	0	1	0	11
od jakiego wieku	pol	0	1	0	21
onde comprar igual?	prt	0	1	0	26
onderste gedeelte puzzel	nld	0	1	0	18
ontstressen	nld	0	1	0	95
oq dar de presente para mulher	bra	0	1	0	78
originaalne kingitus	est	0	2	0	33
original gave	dnk	0	4	0	22.5
original gave	nor	0	2	0	36.5
original toys 3d	usa	0	1	0	11
originales regalos para mujer	pol	0	1	0	7
origineel mannen cadeau	nld	0	2	0	3
origineels	bel	0	1	0	44
origineels	nld	0	1	0	89
originální dárek na valentýna pro muže	cze	0	2	0	13
orologio a cucu legno	ita	0	1	0	1
oroszlán 3d	hun	0	1	0	1
ouzzle 3d	ury	0	1	0	7
ouzzle 3d	usa	0	1	0	7
owl clock lk503	esp	0	1	0	2
ozdoba na polke z ksiazkami	nld	0	1	0	11
ozdoba na polke z ksiazkami	pol	0	6	0	9.33
ozdoby na półkę z książkami	pol	0	2	0	8.5
pagoda	chl	0	2	0	42
pagoda	esp	0	48	0	9.27
pagoda	pol	0	15	0	7.6
pagoda	uzb	0	1	0	4
pagoda 3d	ita	0	1	0	3
pagoda a cinque piani	jpn	0	1	0	5
pagoda paviljon	svn	0	3	0	5.67
pagofa	esp	0	1	0	13
pangoda	esp	0	2	0	1
panzer puzzle	deu	0	3	0	2.33
para o homem que tem tudo	bra	0	1	0	10
parasaurus	arg	0	1	0	1
parasaurus	aut	0	2	0	1
parasaurus	bel	0	1	0	1
parasaurus	bra	0	1	0	22
parasaurus	cze	0	5	0	4.8
parasaurus	deu	0	15	0	1
parasaurus	dnk	0	1	0	8
parasaurus	esp	0	4	0	1
parasaurus	gbr	0	2	0	1
parasaurus	idn	0	13	0	1.85
parasaurus	nld	0	4	0	3.5
parasaurus	phl	0	1	0	1
parasaurus	rou	0	2	0	1
parasaurus	swe	0	1	0	1
parasaurus	tur	0	11	0	2
parasaurus	usa	0	4	0	1
parowóz zabawka	pol	0	1	0	34
pazzle 3d	grc	0	1	0	6
peluche bourrasque	dza	0	1	0	13
pianino mechaniczne	pol	0	6	0	9.67
piano rokr	fra	0	1	0	3
piano rokr	idn	0	1	0	1
pianoforte di legno	ita	0	1	0	41
piece puzzle 3d	usa	0	1	0	33
pinball puzzle	rou	0	1	0	10
pinball rokr	cze	0	1	0	1
pink lily rowood	pol	0	1	0	2
pisa torn	est	0	5	0	9.8
pisa torn	swe	0	1	0	2
pisalni stroj	svn	0	3	0	11.33
pistol 3d	rou	0	1	0	5
pistol din lemn	rou	0	1	0	2
pistola de madeira	prt	0	2	0	8
pistola madera	esp	0	1	0	8
pistolet 3d	pol	0	1	0	5
pistolet drewniany	pol	0	2	0	31
pistolet puzzle 3d	pol	0	1	0	1
pizzle 3d	can	0	1	0	6
pizzle 3d	fra	0	5	0	4.8
pizzle 3d	gbr	0	1	0	8
pizzle 3d	grc	0	2	0	5.5
pizzle 3d	mex	0	1	0	5
pizzle 3d	pol	0	11	0	3.27
pizzle 3d	rou	0	1	0	3
pizzle 3d	swe	0	1	0	3
pladespiller	dnk	0	2	0	49.5
pladespiller	fin	0	1	0	21
planning to paint	usa	0	1	0	3
plaukta ieliktnis	est	0	1	0	1
plaukta ieliktnis	lva	0	2	0	9.5
playful mario 3d wood puzzle	ltu	0	2	0	8
playful mario 3d wood puzzle	nld	0	1	0	5
playful mario 3d wood puzzle	usa	0	3	0	7.33
pluzzles 3 d	esp	0	5	0	7.2
podul din londra	mda	0	1	0	9
podul din londra	rou	0	4	0	10.75
podul londrei	gbr	0	1	0	19
podul londrei	rou	0	2	0	12.5
podul reginei londra	rou	0	1	0	9
pokazi mi sliku toga	svn	0	1	0	12
pokaż	pol	0	1	0	1
pokaži slike	svn	0	1	0	5
poklon za muskarca koji ima sve	srb	0	6	0	13.5
poleć fajne zestawy drewnianych puzzli 3d dla początkujących.	pol	0	5	0	3.4
policijski auto crtež	hrv	0	1	0	7
pomysły na prezenty dla chłopców	pol	0	2	0	24.5
pont bleu londres	fra	0	1	0	19
pont celebre londres	sen	0	1	0	11
pont london bridge	fra	0	2	0	10.5
ponte em londres	nld	0	1	0	13
ponte em londres famosa	che	0	1	0	12
ponte em londres famosa	prt	0	5	0	12
ponte famosa de londres	bra	0	1	0	2
ponte famosa em londres	bra	0	1	0	22
ponte famosa em londres	gbr	0	2	0	13.5
ponte famosa londres	prt	0	3	0	11.67
ponte famoso di londra	ita	0	1	0	17
ponte londres	prt	0	1	0	2
ponte que abre em londres	prt	0	2	0	12.5
ponte tower bridge	bra	0	1	0	11
ponte tower bridge	ita	0	1	0	2
poze	rou	0	1	0	4
pozytywka mechaniczna	pol	0	2	0	6
precio	esp	0	1	0	5
preis	deu	0	1	0	16
preis für	aut	0	1	0	8
present för honom	bra	0	1	0	12
present för honom	gbr	0	1	0	11
present för honom	swe	0	8	0	9.25
present till honom tips	swe	0	1	0	25
present till man som har allt	swe	0	1	0	25
presente original para homem	bra	0	3	0	2
presente que toda mulher gosta	bra	0	1	0	73
presentes que as mulheres gostam	bra	0	1	0	55
prezent dla fana architektury	pol	0	1	0	23
prezent dla mężczyzny który wszystko ma	pol	0	1	0	21
prezenty ﻿dla chłopców	pol	0	1	0	21
prezzo	ita	0	3	0	17.33
prezzo migliore	ita	0	1	0	4
preço	prt	0	1	0	3
price	usa	0	1	0	29
prijs	nld	0	1	0	3
prijs en verkooppunten	bel	0	1	0	22
prisen ?	dnk	0	1	0	10
pro něj	cze	0	1	0	14
prodaja daril	svn	0	2	0	7.5
puente famoso de londres	mex	0	1	0	27
puentes famosos en londres	esp	0	1	0	13
puezle 3d	bel	0	1	0	3
puezle 3d	fra	0	4	0	5
puidust pusle	est	0	4	0	7.75
puidust pusled	est	0	1	0	7
pulze 3d	fra	0	3	0	3.67
puska	hun	0	1	0	1
pusle 3d	nld	0	1	0	3
puslede müük	est	0	4	0	11.75
puslespil 3d	dnk	0	4	0	2.75
puspiekabe	lva	0	1	0	34
pussel 3d	deu	0	1	0	4
pussel 3d	fra	0	1	0	3
pussel 3d	swe	0	27	0	6.81
pussel eiffeltornet	swe	0	2	0	8.5
pussel i trä	swe	0	1	0	11
pussel lejon	swe	0	1	0	12
pussel trä	swe	0	4	0	13.5
pussel trä vuxen	swe	0	6	0	16.67
puzle 3 d	gtm	0	1	0	2
puzle 3 d	pol	0	10	0	3.5
puzle 3d	ecu	0	1	0	5
puzle 3d	egy	0	1	0	4
puzle 3d	esp	0	1	0	9
puzle 3d	fra	0	5	0	4.6
puzle 3d	gbr	0	1	0	8
puzle 3d	idn	0	1	0	2
puzle 3d	mex	0	3	0	7.67
puzle 3d	nor	0	1	0	4
puzle 3d	pol	0	77	0	3.74
puzle 3d	rou	0	1	0	3
puzle 3d	svn	0	1	0	3
puzle 3d madera	esp	0	3	0	2.33
puzles 3d	col	0	1	0	7
puzles 3d	prt	0	1	0	5
puzles en 3d	esp	0	2	0	4
puzlle 3d	arg	0	1	0	4
puzlle 3d	fra	0	4	0	3.75
puzlle 3d	tun	0	1	0	3
puzz 3d notre dame	esp	0	2	0	11
puzze 3d	fra	0	2	0	3.5
puzzel 3 d	bel	0	1	0	4
puzzel 3 d	can	0	2	0	8
puzzel 3 d	fra	0	2	0	4
puzzel 3d	bel	0	4	0	14
puzzel 3d	nld	0	17	0	16.18
puzzel cadeau voor gezinnen actie	nld	0	3	0	29.67
puzzel plakken op hout	nld	0	1	0	31
puzzel vrachtwagen	gbr	0	1	0	11
puzzel vrachtwagen	nld	0	3	0	6.67
puzzelen als bijverdienste	nld	0	3	0	11.67
puzzels 3d	bel	0	2	0	5
puzzels 3d	nld	0	16	0	9.25
puzzels 3d	prt	0	1	0	8
puzzelwedstrijd zeeland	nld	0	1	0	86
puzzl 3d	fra	0	2	0	3
puzzl 3d	mar	0	1	0	7
puzzl 3d	mex	0	1	0	6
puzzle	bra	0	1	0	3
puzzle	fra	0	1	0	3
puzzle	pol	0	1	0	2
puzzle 20000 dílků	cze	0	1	0	68
puzzle 3 d	aze	0	1	0	7
puzzle 3 d	can	0	1	0	5
puzzle 3 d	che	0	2	0	5.5
puzzle 3 d	fra	0	70	0	4.04
puzzle 3 d	hrv	0	1	0	11
puzzle 3 d	idn	0	1	0	2
puzzle 3 d	ita	0	5	0	4.4
puzzle 3 d	mys	0	1	0	7
puzzle 3 d	ncl	0	1	0	4
puzzle 3 d	rou	0	3	0	6
puzzle 3 d	usa	0	1	0	5
puzzle 3 d	ven	0	1	0	5
puzzle 3 d bois	fra	0	1	0	15
puzzle 3 d voiture	fra	0	2	0	6
puzzle 3d	alb	0	1	0	6
puzzle 3d	and	0	1	0	7
puzzle 3d	are	0	4	0	4.75
puzzle 3d	arg	0	13	0	6.69
puzzle 3d	aus	0	20	0	4.7
puzzle 3d	aut	0	2	0	4
puzzle 3d	bel	0	64	0	3.83
puzzle 3d	bgd	0	13	0	11.46
puzzle 3d	bgr	0	4	0	7.25
puzzle 3d	bol	0	4	0	5
puzzle 3d	bra	0	36	0	5.58
puzzle 3d	btn	0	2	0	13.5
puzzle 3d	can	0	47	0	6.87
puzzle 3d	che	0	74	0	5.76
puzzle 3d	chl	0	25	0	7.56
puzzle 3d	cmr	0	2	0	4
puzzle 3d	col	0	21	0	6.9
puzzle 3d	cri	0	2	0	3.5
puzzle 3d	cyp	0	1	0	2
puzzle 3d	cze	0	10	0	5.4
puzzle 3d	deu	0	27	0	3.56
puzzle 3d	dom	0	3	0	2.67
puzzle 3d	dza	0	3	0	7
puzzle 3d	ecu	0	2	0	3.5
puzzle 3d	egy	0	11	0	4.64
puzzle 3d	esp	0	30	0	9.77
puzzle 3d	gbr	0	39	0	7.03
puzzle 3d	gha	0	2	0	10.5
puzzle 3d	glp	0	2	0	3.5
puzzle 3d	gmb	0	1	0	23
puzzle 3d	grc	0	8	0	4.88
puzzle 3d	gtm	0	1	0	6
puzzle 3d	hrv	0	2	0	4
puzzle 3d	hun	0	2	0	3.5
puzzle 3d	idn	0	25	0	3.92
puzzle 3d	ind	0	35	0	5.11
puzzle 3d	irl	0	4	0	4
puzzle 3d	irn	0	1	0	7
puzzle 3d	irq	0	5	0	7.2
puzzle 3d	isr	0	3	0	4.67
puzzle 3d	ita	0	82	0	7.88
puzzle 3d	jor	0	2	0	3
puzzle 3d	jpn	0	1	0	7
puzzle 3d	kaz	0	2	0	7
puzzle 3d	kor	0	4	0	9.5
puzzle 3d	lby	0	1	0	4
puzzle 3d	lka	0	1	0	8
puzzle 3d	ltu	0	1	0	1
puzzle 3d	lux	0	1	0	4
puzzle 3d	mar	0	5	0	2.8
puzzle 3d	mda	0	7	0	4.57
puzzle 3d	mdg	0	2	0	3
puzzle 3d	mex	0	37	0	7.03
puzzle 3d	mkd	0	1	0	6
puzzle 3d	mtq	0	1	0	6
puzzle 3d	mys	0	8	0	5
puzzle 3d	nld	0	26	0	12.77
puzzle 3d	nor	0	9	0	6.11
puzzle 3d	pak	0	3	0	4.67
puzzle 3d	pan	0	1	0	5
puzzle 3d	per	0	13	0	5.23
puzzle 3d	phl	0	15	0	5.2
puzzle 3d	pri	0	3	0	6
puzzle 3d	prt	0	7	0	5.14
puzzle 3d	pry	0	1	0	5
puzzle 3d	pse	0	1	0	5
puzzle 3d	qat	0	1	0	5
puzzle 3d	rou	0	69	0	9.93
puzzle 3d	rus	0	7	0	9
puzzle 3d	sau	0	7	0	7.57
puzzle 3d	sgp	0	1	0	5
puzzle 3d	srb	0	1	0	4
puzzle 3d	svk	0	9	0	4.44
puzzle 3d	swe	0	5	0	5.2
puzzle 3d	syr	0	10	0	4.5
puzzle 3d	tha	0	5	0	5.4
puzzle 3d	tun	0	5	0	4.4
puzzle 3d	tur	0	10	0	6.5
puzzle 3d	twn	0	2	0	4.5
puzzle 3d	ukr	0	1	0	4
puzzle 3d	ury	0	6	0	5.33
puzzle 3d	usa	0	51	0	8.2
puzzle 3d	uzb	0	5	0	5.2
puzzle 3d	ven	0	6	0	5.67
puzzle 3d	vnm	0	6	0	6.5
puzzle 3d	zaf	0	5	0	5.6
puzzle 3d action	bel	0	1	0	8
puzzle 3d action	esp	0	4	0	9
puzzle 3d action	fra	0	29	0	8.69
puzzle 3d action	ita	0	2	0	11
puzzle 3d adulte difficile	arg	0	1	0	3
puzzle 3d adulte difficile	che	0	1	0	2
puzzle 3d adulte difficile	egy	0	1	0	3
puzzle 3d adulte difficile	fra	0	13	0	6.23
puzzle 3d adulte difficile	ind	0	3	0	15
puzzle 3d adulte difficile	tur	0	2	0	13
puzzle 3d animales	esp	0	1	0	1
puzzle 3d animali	ita	0	11	0	5.45
puzzle 3d architektura	pol	0	2	0	2
puzzle 3d auto	ita	0	13	0	5.69
puzzle 3d autobus	pol	0	1	0	4
puzzle 3d avion	esp	0	2	0	4.5
puzzle 3d avion	fra	0	1	0	1
puzzle 3d avion	pan	0	1	0	1
puzzle 3d bateau	bgd	0	1	0	24
puzzle 3d bateau	fra	0	7	0	22.14
puzzle 3d bateau	lby	0	1	0	19
puzzle 3d bateau	sau	0	1	0	16
puzzle 3d bateau	syr	0	2	0	19
puzzle 3d bateau	tur	0	1	0	19
puzzle 3d bois	aze	0	1	0	25
puzzle 3d bois	bel	0	4	0	12.25
puzzle 3d bois	bfa	0	2	0	20.5
puzzle 3d bois	bgd	0	3	0	31
puzzle 3d bois	bhr	0	2	0	33
puzzle 3d bois	bra	0	3	0	31.67
puzzle 3d bois	che	0	1	0	24
puzzle 3d bois	deu	0	1	0	32
puzzle 3d bois	fra	0	38	0	27.39
puzzle 3d bois	hnd	0	1	0	22
puzzle 3d bois	idn	0	1	0	24
puzzle 3d bois	ind	0	1	0	42
puzzle 3d bois	jam	0	1	0	22
puzzle 3d bois	jor	0	2	0	31
puzzle 3d bois	kgz	0	1	0	25
puzzle 3d bois	nga	0	1	0	25
puzzle 3d bois	phl	0	1	0	25
puzzle 3d bois	sau	0	1	0	25
puzzle 3d bois	sur	0	1	0	22
puzzle 3d bois	syr	0	1	0	25
puzzle 3d bois	tha	0	1	0	25
puzzle 3d bois	tur	0	4	0	24.5
puzzle 3d bois	uga	0	1	0	25
puzzle 3d bois	ury	0	1	0	26
puzzle 3d bois	uzb	0	1	0	41
puzzle 3d bois	ven	0	2	0	25
puzzle 3d bois	zaf	0	1	0	24
puzzle 3d bois - action	fra	0	1	0	9
puzzle 3d bois action	fra	0	4	0	6.5
puzzle 3d bois difficile	fra	0	3	0	12
puzzle 3d bois moto	fra	0	4	0	12.75
puzzle 3d bois mécanique	fra	0	1	0	12
puzzle 3d bois rokr	fra	0	1	0	16
puzzle 3d bonsai	pol	0	1	0	11
puzzle 3d budowle	pol	0	1	0	29
puzzle 3d cars	gbr	0	1	0	55
puzzle 3d cars	ita	0	2	0	7
puzzle 3d cars	pol	0	1	0	19
puzzle 3d coche	esp	0	1	0	12
puzzle 3d coches	esp	0	2	0	11.5
puzzle 3d colisée	gbr	0	1	0	1
puzzle 3d colosseo	ita	0	3	0	7.67
puzzle 3d czołg	pol	0	1	0	5
puzzle 3d de madera	esp	0	9	0	6.22
puzzle 3d de madera	mex	0	1	0	4
puzzle 3d de madera	usa	0	1	0	7
puzzle 3d difficile	fra	0	7	0	12.14
puzzle 3d dla dorosłych	deu	0	4	0	2.5
puzzle 3d dla dorosłych	pol	0	129	0	4
puzzle 3d dla dorosłych	swe	0	1	0	2
puzzle 3d drewniane	bgr	0	1	0	2
puzzle 3d drewniane	deu	0	1	0	5
puzzle 3d drewniane	pol	0	29	0	3.41
puzzle 3d drewniane dla dorosłych	pol	0	6	0	2.67
puzzle 3d edificios	esp	0	5	0	9.2
puzzle 3d educa stegosaurus	bgd	0	1	0	3
puzzle 3d en bois	bel	0	6	0	9
puzzle 3d en bois	che	0	1	0	34
puzzle 3d en bois	civ	0	1	0	1
puzzle 3d en bois	esp	0	2	0	21.5
puzzle 3d en bois	fra	0	33	0	13.52
puzzle 3d en bois	idn	0	2	0	37
puzzle 3d en bois	ind	0	3	0	15
puzzle 3d en bois	irq	0	1	0	34
puzzle 3d en bois	ita	0	2	0	26
puzzle 3d en bois	jor	0	2	0	26.5
puzzle 3d en bois	mex	0	2	0	26.5
puzzle 3d en bois	phl	0	1	0	13
puzzle 3d en bois	pry	0	2	0	31.5
puzzle 3d en bois	sau	0	2	0	27
puzzle 3d en bois	syr	0	2	0	31.5
puzzle 3d en bois	ury	0	1	0	1
puzzle 3d en bois rokr dream gift factory	pol	0	1	0	3
puzzle 3d fiori	ita	0	4	0	4
puzzle 3d flores	esp	0	4	0	4.25
puzzle 3d flores	prt	0	1	0	8
puzzle 3d giapponese	che	0	1	0	9
puzzle 3d giapponese	ita	0	5	0	5.4
puzzle 3d globus	pol	0	5	0	4
puzzle 3d globus	usa	0	1	0	11
puzzle 3d holz	bra	0	2	0	16
puzzle 3d holz	deu	0	5	0	3.2
puzzle 3d illuminati	ita	0	1	0	24
puzzle 3d in legno	ita	0	24	0	8.33
puzzle 3d in legno per adulti	ita	0	1	0	25
puzzle 3d japonais	fra	0	1	0	12
puzzle 3d japonia	pol	0	3	0	4.33
puzzle 3d katedra notre dame	pol	0	6	0	1.17
puzzle 3d koloseum	pol	0	2	0	4.5
puzzle 3d krzywa wieża w pizie	pol	0	2	0	10.5
puzzle 3d kwiaty	pol	0	2	0	2.5
puzzle 3d legno	ita	0	100	0	4.51
puzzle 3d legno adulti	ita	0	5	0	2.2
puzzle 3d lemn	rou	0	18	0	4.78
puzzle 3d libreria	ita	0	2	0	11
puzzle 3d lokomotywa	pol	0	5	0	6
puzzle 3d londyn	pol	0	3	0	25
puzzle 3d macchine	ita	0	4	0	4.5
puzzle 3d madeira	che	0	1	0	4
puzzle 3d madeira	deu	0	1	0	4
puzzle 3d madeira	jpn	0	1	0	4
puzzle 3d madeira	prt	0	13	0	3
puzzle 3d madera	chl	0	5	0	6.4
puzzle 3d madera	col	0	5	0	5.8
puzzle 3d madera	mex	0	2	0	3
puzzle 3d madera	ury	0	2	0	6.5
puzzle 3d mecanic	chl	0	1	0	5
puzzle 3d meccanici	ita	0	9	0	8.33
puzzle 3d monumenti	ita	0	1	0	21
puzzle 3d monumentos	esp	0	1	0	12
puzzle 3d moto	fra	0	5	0	2.6
puzzle 3d moto	ita	0	2	0	3.5
puzzle 3d mécanique	fra	0	2	0	25
puzzle 3d noel	che	0	1	0	1
puzzle 3d noel	fra	0	1	0	1
puzzle 3d notre dame	esp	0	3	0	7.67
puzzle 3d notre dame	pol	0	12	0	5.58
puzzle 3d piano	esp	0	1	0	1
puzzle 3d piano	prt	0	2	0	9
puzzle 3d pociąg	pol	0	5	0	8
puzzle 3d ravensburger colosseo	ita	0	1	0	44
puzzle 3d rokr	ita	0	3	0	2
puzzle 3d rokr	pol	0	1	0	1
puzzle 3d rolife	esp	0	2	0	7.5
puzzle 3d rolife	ita	0	2	0	7.5
puzzle 3d rolife	pol	0	1	0	3
puzzle 3d rower	pol	0	4	0	16.25
puzzle 3d sagrada familia	esp	0	13	0	1.46
puzzle 3d sagrada familia	fra	0	2	0	2
puzzle 3d sagrada familia	ita	0	4	0	1
puzzle 3d sagrada familia	pol	0	5	0	1
puzzle 3d sagrada familia	rou	0	1	0	1
puzzle 3d sagrada familia	swe	0	1	0	1
puzzle 3d samolot	pol	0	11	0	5.73
puzzle 3d sistema solare	ita	0	1	0	1
puzzle 3d torre de pisa	esp	0	1	0	16
puzzle 3d torre eiffel	ita	0	16	0	9.06
puzzle 3d tower bridge	esp	0	1	0	1
puzzle 3d tower bridge	pol	0	2	0	9.5
puzzle 3d układ słoneczny	pol	0	4	0	2.5
puzzle 3d voiture	arg	0	1	0	23
puzzle 3d voiture	bel	0	1	0	13
puzzle 3d voiture	bgd	0	1	0	12
puzzle 3d voiture	bra	0	1	0	22
puzzle 3d voiture	civ	0	1	0	14
puzzle 3d voiture	fra	0	32	0	23.78
puzzle 3d voiture	hnd	0	1	0	14
puzzle 3d voiture	idn	0	1	0	22
puzzle 3d voiture	jam	0	2	0	13
puzzle 3d voiture	lby	0	1	0	22
puzzle 3d voiture	mar	0	1	0	13
puzzle 3d voiture	nic	0	1	0	23
puzzle 3d voiture	omn	0	1	0	23
puzzle 3d voiture	pak	0	1	0	21
puzzle 3d voiture	phl	0	1	0	11
puzzle 3d voiture	rus	0	1	0	13
puzzle 3d voiture	srb	0	1	0	12
puzzle 3d voiture	tur	0	2	0	34
puzzle 3d voiture	usa	0	1	0	1
puzzle 3d voiture	ven	0	2	0	22.5
puzzle 3d voiture de course	can	0	1	0	2
puzzle 3d voiture de course	fra	0	4	0	2
puzzle 3d warszawa	pol	0	5	0	6
puzzle 3d wieza eiffla	pol	0	4	0	2.25
puzzle 3d wieża eiffla	pol	0	1	0	1
puzzle 3d wieża eiffla led	pol	0	1	0	1
puzzle 3d wood	bel	0	1	0	1
puzzle 3d wood	ita	0	3	0	1
puzzle 3d z drewna	pol	0	5	0	2.8
puzzle 3d zwierzęta	pol	0	5	0	6
puzzle action 3d	fra	0	1	0	9
puzzle aerei	ita	0	2	0	11
puzzle ape	ita	0	1	0	1
puzzle architecture	fra	0	1	0	3
puzzle architecture	ind	0	1	0	6
puzzle architecture	ltu	0	1	0	1
puzzle architecture	syr	0	1	0	26
puzzle arquitectura	chl	0	1	0	6
puzzle arquitectura	esp	0	2	0	6
puzzle auta	ita	0	1	0	31
puzzle autobus	ita	0	2	0	4
puzzle avion	esp	0	7	0	2.43
puzzle bibliothek	deu	0	1	0	16
puzzle blumenmotiv	bgd	0	1	0	25
puzzle bois 3d	bel	0	5	0	11.4
puzzle bois 3d	fra	0	4	0	12
puzzle bois action	bel	0	1	0	7
puzzle bois action	fra	0	2	0	8
puzzle bois pas cher	fra	0	3	0	22
puzzle bonsai	nld	0	1	0	10
puzzle bookstore	rou	0	1	0	12
puzzle brandenburger tor	bra	0	1	0	5
puzzle brandenburger tor	ita	0	1	0	11
puzzle brandenburger tor	vnm	0	1	0	5
puzzle chalet montagne	ita	0	1	0	9
puzzle coche 3d	esp	0	2	0	12
puzzle colosseo 3d	ita	0	2	0	18
puzzle colosseum	arg	0	2	0	6
puzzle de coches	esp	0	1	0	18
puzzle de flores	esp	0	1	0	15
puzzle de madera 3d	esp	0	18	0	1.5
puzzle de madera 3d	ury	0	2	0	4
puzzle di legno	ita	0	2	0	8.5
puzzle di legno 3d	che	0	1	0	3
puzzle di legno 3d	ita	0	13	0	2.62
puzzle dla dorosłych 3d	pol	0	4	0	3.25
puzzle drewniane 3d	deu	0	1	0	3
puzzle drewniane 3d	fra	0	3	0	5.33
puzzle drewniane 3d	nld	0	1	0	2
puzzle drewniane producent	pol	0	1	0	49
puzzle dřevěné	cze	0	1	0	17
puzzle elefante	ita	0	2	0	13
puzzle elefanten	lbn	0	1	0	27
puzzle en 3d	bgd	0	1	0	3
puzzle en 3d	can	0	25	0	3.28
puzzle en 3d	che	0	14	0	2.14
puzzle en 3d	dom	0	1	0	3
puzzle en 3d	fra	0	60	0	3.2
puzzle en 3d	ind	0	2	0	2.5
puzzle en 3d	mtq	0	1	0	6
puzzle en 3d	mus	0	1	0	4
puzzle en 3d	nld	0	7	0	2.57
puzzle en 3d	npl	0	1	0	2
puzzle en 3d	pry	0	1	0	1
puzzle en 3d	ukr	0	1	0	3
puzzle en 3d	usa	0	5	0	3.2
puzzle en bois action	fra	0	5	0	8.6
puzzle en bois véhicule	fra	0	5	0	6.6
puzzle fiat	cze	0	2	0	10.5
puzzle fiori	ita	0	1	0	18
puzzle flamenco	esp	0	1	0	2
puzzle flamingo	pri	0	2	0	2
puzzle flores	esp	0	1	0	12
puzzle flores 3d	esp	0	5	0	3
puzzle flores 3d	prt	0	2	0	10
puzzle flower	svn	0	1	0	6
puzzle fából	hun	0	3	0	6.67
puzzle gate	srb	0	1	0	2
puzzle giapponese	ita	0	1	0	10
puzzle giapponesi	ita	0	1	0	11
puzzle giraffa	ita	0	8	0	9.75
puzzle giraffe	ita	0	2	0	6.5
puzzle globus	pol	0	5	0	3
puzzle globus 3d	deu	0	1	0	5
puzzle globus 3d	pol	0	4	0	2.5
puzzle guitar	ita	0	1	0	5
puzzle helicopter	fin	0	1	0	11
puzzle helicopter	fra	0	1	0	3
puzzle holz	che	0	5	0	13.2
puzzle holz	deu	0	10	0	12.5
puzzle holz 3d	bra	0	1	0	5
puzzle holz 3d	deu	0	5	0	5.2
puzzle holz 3d	rus	0	1	0	22
puzzle impresora 3d	esp	0	3	0	1.67
puzzle in 3d	che	0	2	0	1
puzzle in 3d	deu	0	8	0	2.38
puzzle in 3d	gbr	0	9	0	2
puzzle in 3d	ita	0	23	0	1.04
puzzle in 3d	nld	0	23	0	23.09
puzzle in 3d	phl	0	1	0	2
puzzle in 3d	tur	0	1	0	21
puzzle in 3d	usa	0	23	0	5.22
puzzle in legno	ita	0	3	0	9.33
puzzle in legno 3d	ita	0	10	0	4.3
puzzle jeep	deu	0	1	0	13
puzzle jeep	esp	0	1	0	11
puzzle jeep	ita	0	1	0	10
puzzle jirafa tiger	esp	0	1	0	7
puzzle kombajn	cze	0	2	0	8.5
puzzle kvetiny	cze	0	4	0	9.75
puzzle květiny	cze	0	9	0	10.78
puzzle kwiaty 3d	deu	0	1	0	2
puzzle kwiaty 3d	pol	0	5	0	2.4
puzzle la sagrada familia	fra	0	1	0	4
puzzle la sagrada familia	ita	0	1	0	1
puzzle la sagrada familia	nld	0	2	0	1
puzzle la sagrada familia	pol	0	3	0	8
puzzle legno	deu	0	1	0	11
puzzle legno	ita	0	9	0	9.11
puzzle legno	pol	0	1	0	10
puzzle legno 3d	che	0	1	0	3
puzzle legno 3d	ita	0	22	0	7.55
puzzle leon	esp	0	1	0	1
puzzle leone	ita	0	6	0	10.5
puzzle letadlo	cze	0	6	0	3.67
puzzle lokomotiva	cze	0	1	0	4
puzzle lokomotywa	pol	0	2	0	5
puzzle madeira 3d	bra	0	1	0	3
puzzle madeira 3d	esp	0	1	0	2
puzzle madeira 3d	prt	0	10	0	3.5
puzzle madera 3d	arg	0	3	0	1
puzzle madera 3d	esp	0	5	0	4.6
puzzle mappamondo 3d	ita	0	1	0	1
puzzle maquette	can	0	1	0	6
puzzle maquette	fra	0	1	0	6
puzzle maquette	mar	0	1	0	4
puzzle mecanico	esp	0	5	0	5.4
puzzle meccanico	ita	0	4	0	6.25
puzzle mechaniczne	pol	0	6	0	7.67
puzzle moto	cri	0	1	0	11
puzzle moto	fra	0	1	0	1
puzzle moto	ita	0	7	0	6.86
puzzle moto 3d	fra	0	1	0	2
puzzle motor	hrv	0	2	0	3.5
puzzle motorcycle	ecu	0	1	0	24
puzzle motorka	cze	0	6	0	3.83
puzzle motorky	cze	0	6	0	7.83
puzzle motorky	svk	0	1	0	2
puzzle motos	esp	0	3	0	6.67
puzzle muzyczne	pol	0	2	0	11
puzzle mécanique	fra	0	1	0	34
puzzle notre dame	cze	0	3	0	5
puzzle notre dame	hrv	0	1	0	8
puzzle notre dame	pol	0	1	0	1
puzzle notre dame 3d	deu	0	1	0	1
puzzle piano	ita	0	1	0	8
puzzle przestrzenne	aus	0	1	0	1
puzzle przestrzenne	pol	0	17	0	2.12
puzzle rokr	isl	0	1	0	5
puzzle rokr	ita	0	1	0	3
puzzle rokr	pol	0	2	0	1
puzzle rolife	esp	0	1	0	8
puzzle rolife	ita	0	1	0	6
puzzle rosa	esp	0	1	0	2
puzzle rowood	fra	0	1	0	9
puzzle sagrada familia	cze	0	2	0	1
puzzle sagrada familia	esp	0	2	0	1
puzzle sagrada familia	fra	0	7	0	1
puzzle sagrada familia	ita	0	3	0	1
puzzle sagrada familia	pol	0	8	0	3.88
puzzle sagrada familia	rou	0	2	0	12.5
puzzle sagrada familia	svk	0	2	0	1
puzzle sagrada familia 3d	esp	0	5	0	1.2
puzzle sagrada familia 3d	fra	0	1	0	1
puzzle sakura	cze	0	2	0	1
puzzle sakura	pol	0	2	0	6.5
puzzle samolot	pol	0	1	0	2
puzzle schwierigkeitsgrad	deu	0	1	0	5
puzzle sistema solare	ita	0	1	0	26
puzzle stem	ita	0	2	0	11
puzzle swing	fra	0	1	0	2
puzzle tank	bel	0	1	0	5
puzzle tank	bgd	0	1	0	1
puzzle tank	can	0	1	0	1
puzzle tank	che	0	1	0	2
puzzle tank	cze	0	1	0	3
puzzle tank	deu	0	1	0	4
puzzle tank	fin	0	1	0	3
puzzle tank	fra	0	1	0	4
puzzle tank	hun	0	1	0	1
puzzle tank	pol	0	1	0	4
puzzle tank	prt	0	1	0	1
puzzle tank	rus	0	2	0	1.5
puzzle tank	sau	0	1	0	2
puzzle tank	sur	0	1	0	3
puzzle tank	svk	0	2	0	5
puzzle tanky	cze	0	2	0	12.5
puzzle tanky	svk	0	2	0	18
puzzle terbuat dari apa	idn	0	11	0	9.45
puzzle tiger	ita	0	3	0	9
puzzle tiger	pol	0	1	0	29
puzzle tiger legno	dnk	0	1	0	1
puzzle torre eiffel 3d	ita	0	1	0	11
puzzle tres d	esp	0	1	0	3
puzzle tres dimensiones	esp	0	2	0	6.5
puzzle tridimensionale	ita	0	30	0	3.07
puzzle tridimensionali	ita	0	9	0	2
puzzle uhr	deu	0	1	0	36
puzzle veliero	ita	0	5	0	16.8
puzzle voiture 3d	fra	0	7	0	12.71
puzzle voiture 3d	irq	0	2	0	12
puzzle voiture 3d	jam	0	1	0	12
puzzle voiture 3d	tur	0	1	0	13
puzzle voiture de sport	fra	0	1	0	1
puzzle yamaha	cze	0	1	0	1
puzzle żaglowiec	pol	0	2	0	21
puzzle-uri ieftine	rou	0	4	0	13.5
puzzle.3d	ita	0	1	0	9
puzzle3d	col	0	1	0	8
puzzle3d	fra	0	2	0	5.5
puzzle3d	phl	0	2	0	4.5
puzzle3d	pol	0	2	0	3.5
puzzle3d	syr	0	1	0	6
puzzle3d	usa	0	1	0	10
puzzleauto	usa	0	1	0	38
puzzled 3d	bra	0	1	0	9
puzzles 3d	bel	0	15	0	5.67
puzzles 3d	bgd	0	1	0	7
puzzles 3d	blr	0	1	0	8
puzzles 3d	can	0	12	0	7.67
puzzles 3d	chl	0	1	0	6
puzzles 3d	deu	0	7	0	6.14
puzzles 3d	esp	0	20	0	11.25
puzzles 3d	fra	0	27	0	6.19
puzzles 3d	grc	0	1	0	8
puzzles 3d	hnd	0	1	0	8
puzzles 3d	ind	0	2	0	6.5
puzzles 3d	ita	0	2	0	7
puzzles 3d	mar	0	1	0	6
puzzles 3d	pak	0	1	0	7
puzzles 3d	pan	0	1	0	4
puzzles 3d	prt	0	1	0	5
puzzles 3d	rus	0	2	0	2.5
puzzles 3d	tur	0	1	0	7
puzzles 3d	usa	0	18	0	7.67
puzzles 3d	ven	0	1	0	5
puzzles 3d bois	fra	0	1	0	15
puzzles 3d de madera	esp	0	4	0	1.75
puzzles 3d madera	col	0	1	0	3
puzzles 3d madera	esp	0	34	0	3.38
puzzles 3d madera	ury	0	1	0	2
puzzles 3d madera adultos	esp	0	1	0	6
puzzles 3d madera coches	esp	0	2	0	1
puzzles 3d monumentos	esp	0	3	0	11.33
puzzles de coches	esp	0	1	0	20
puzzles de madera 3d	arg	0	4	0	2
puzzles de madera 3d	esp	0	22	0	2.23
puzzles en 3d	chl	0	1	0	4
puzzles en 3d	deu	0	7	0	7.14
puzzles en 3d	esp	0	9	0	3.33
puzzles en 3d	nld	0	4	0	2.25
puzzles en 3d	usa	0	3	0	2
puzzles en bois pas cher	che	0	1	0	11
puzzles flores	esp	0	2	0	11.5
puzzles madera 3d	esp	0	9	0	3.78
puzzles tres d	esp	0	1	0	8
puzzletank	hun	0	1	0	10
puzzli	pol	0	1	0	2
puzzlz 3d	fra	0	7	0	4.86
półka na książki domek	pol	0	1	0	33
quantas peças	prt	0	1	0	2
quanto costa	ita	0	1	0	2
quanto posso venderlo	deu	0	1	0	11
quanto potrebbe costare	ita	0	1	0	20
quanto vale?	ita	0	1	0	3
quanto viene?	ita	0	1	0	9
que mide	esp	0	1	0	3
quebra cabeca 3d	prt	0	1	0	2
quebra cabeça	prt	0	1	0	4
quebra cabeça 3 d	fra	0	1	0	5
quebra cabeça 3d	bra	0	2	0	37.5
quebra cabeça 3d	gbr	0	1	0	3
quebra cabeça 3d	prt	0	2	0	6
quebra cabeça 3d	usa	0	1	0	5
quebra cabeça 3d madeira	bra	0	1	0	13
quebra cabeça 3d torre eiffel	prt	0	1	0	1
quebra cabeça avião	bra	0	1	0	21
quebra cabeça coliseu	esp	0	5	0	3.6
quebra cabeça de madeira 3d como montar	bra	0	1	0	6
quebra cabeça de madeira como montar	prt	0	1	0	11
quebra cabeça impressora 3d	col	0	1	0	4
quebra cabeça mecanico	bra	0	2	0	12
quebra cabeças madeira	prt	0	3	0	7
quebra-cabeças mecanicos	bra	0	1	0	16
quebra-cabeças mecânicos	bra	0	1	0	18
quel est son prix ?	fra	0	2	0	6.5
questo	ita	0	1	0	5
qué regalarle a un hombre que lo tiene todo	per	0	1	0	6
raceauto puzzel	nld	0	1	0	7
regali di natale per lui costosi	ita	0	1	0	6
regali per bambini costosi	ita	0	2	0	9.5
regalo a un uomo	ita	0	1	0	5
regalo experiencias hombre	esp	0	1	0	7
regalo para mujer	chl	0	7	0	10.71
regalo para mujer	gbr	0	1	0	6
regalo para tu novia	esp	0	2	0	13
regalos caro	esp	0	1	0	4
regalos caros para hombres	esp	0	3	0	15.67
regalos caros para niños	esp	0	2	0	6.5
regalos diferentes para mujeres	esp	0	1	0	4
regalos mujeres	esp	0	1	0	6
regalos para mujeres	aze	0	1	0	6
regalos para mujeres	blr	0	2	0	14
regalos para mujeres	bra	0	2	0	16
regalos para mujeres	col	0	1	0	4
regalos para mujeres	ecu	0	1	0	4
regalos para mujeres	esp	0	47	0	5.55
regalos para mujeres	geo	0	1	0	3
regalos para mujeres	irq	0	1	0	25
regalos para mujeres	jpn	0	1	0	25
regalos para mujeres	mex	0	4	0	9.5
regalos para mujeres	nga	0	1	0	7
regalos para mujeres	pan	0	1	0	23
regalos para mujeres	pry	0	1	0	20
regalos para mujeres	rus	0	2	0	11.5
regalos para mujeres	zaf	0	1	0	9
regalos para mujeres jovenes	esp	0	2	0	11
regalos para mujeres originales	esp	0	1	0	7
reloj de cuco para montar	esp	0	1	0	13
renovering af loftrum	dnk	0	3	0	58.33
restaurant mini	zaf	0	1	0	3
restaurant miniatures	fra	0	8	0	5.12
retro telefon	svn	0	1	0	2
retro wood art	pol	0	2	0	6.5
reviews	hun	0	1	0	17
riesenrad holz	deu	0	1	0	1
ro life	cze	0	2	0	2
ro life	dnk	0	1	0	4
ro life	pol	0	2	0	4.5
ro life miniature	usa	0	1	0	5
ro wood	fra	0	2	0	4
ro wood	ita	0	1	0	1
ro wood	reu	0	1	0	5
ro wood	usa	0	1	0	2
robetoys	prt	0	1	0	8
robo toys	che	0	1	0	3
robo toys	deu	0	3	0	4.33
robo toys	sau	0	1	0	10
robot nutcracker	usa	0	1	0	10
robotime	deu	0	2	0	43
robotime	gbr	0	1	0	45
robotime	pol	0	2	0	29
robotime 1912 eternal atlantic voyager	bra	0	1	0	1
robotime 1912 eternal atlantic voyager	rou	0	1	0	1
robotime 3d	cze	0	4	0	3.75
robotime 3d puzzle	irl	0	1	0	20
robotime coche vintage	bra	0	1	0	1
robotime coche vintage	chl	0	1	0	1
robotime coche vintage	col	0	2	0	1
robotime coche vintage	cyp	0	1	0	1
robotime coche vintage	deu	0	1	0	1
robotime domek	pol	0	2	0	20.5
robotime draaimolen	bel	0	1	0	43
robotime dump truck	deu	0	1	0	1
robotime dump truck	nld	0	1	0	1
robotime dump truck	prt	0	1	0	1
robotime eu	bgr	0	3	0	5.67
robotime eu	cze	0	1	0	7
robotime eu	hun	0	1	0	4
robotime europe	fra	0	5	0	11.4
robotime europe	ita	0	4	0	8.5
robotime europe	swe	0	1	0	7
robotime europe	ukr	0	1	0	7
robotime globe	bel	0	1	0	46
robotime groothandel	bel	0	1	0	42
robotime groothandel	nld	0	2	0	50.5
robotime kaufen	deu	0	1	0	36
robotime maqueta barco diplomático japonés	arg	0	1	0	1
robotime maqueta barco diplomático japonés	bra	0	1	0	1
robotime maqueta barco diplomático japonés	ecu	0	1	0	4
robotime maqueta barco diplomático japonés	jor	0	1	0	1
robotime maqueta barco diplomático japonés	pol	0	1	0	1
robotime maqueta barco diplomático japonés	tur	0	1	0	1
robotime maqueta barco diplomático japonés	usa	0	1	0	1
robotime maqueta starry night	col	0	1	0	1
robotime maqueta starry night	fin	0	1	0	1
robotime maqueta starry night	ita	0	1	0	1
robotime maqueta starry night	mar	0	1	0	1
robotime maqueta starry night	nld	0	1	0	1
robotime maqueta starry night	rus	0	1	0	1
robotime maqueta torre eiffel	arg	0	2	0	1
robotime maqueta torre eiffel	bel	0	2	0	1
robotime maqueta torre eiffel	bgd	0	1	0	1
robotime maqueta torre eiffel	nld	0	1	0	1
robotime maqueta torre eiffel	nzl	0	1	0	1
robotime marble city night	bgd	0	1	0	1
robotime marble city night	bgr	0	1	0	1
robotime marble city night	ecu	0	1	0	1
robotime marble city night	usa	0	2	0	1
robotime marble night city	nld	0	1	0	37
robotime miller's garden diy	cze	0	1	0	1
robotime miller's garden diy	esp	0	1	0	1
robotime motocicleta	arg	0	1	0	1
robotime motocicleta	bra	0	1	0	1
robotime motocicleta	prt	0	1	0	1
robotime motocicleta	tur	0	1	0	1
robotime motocicleta	ukr	0	1	0	1
robotime motocicleta	uzb	0	1	0	1
robotime orrery	bel	0	1	0	43
robotime padova	ita	0	6	0	6.33
robotime puzzle 3d motorrad cruiser	alb	0	1	0	1
robotime puzzle 3d motorrad cruiser	srb	0	1	0	1
robotime puzzle 3d motorrad cruiser	ven	0	1	0	4
robotime puzzle 3d telescopio monocular	arg	0	1	0	1
robotime puzzle 3d telescopio monocular	bra	0	1	0	1
robotime puzzle 3d telescopio monocular	usa	0	1	0	1
robotime puzzle 3d telescopio monocular	ven	0	1	0	1
robotime sakura	pol	0	1	0	10
robotime sakura densya book nook	ita	0	1	0	8
robotime starry night	nld	0	1	0	34
robotime tipsy restaurant	chl	0	1	0	1
robotime tipsy restaurant	uzb	0	1	0	1
robotime uk	gbr	0	1	0	46
robotime wereldbol	bel	0	1	0	24
robotime wereldbol	nld	0	1	0	9
robotime wholesale	bel	0	2	0	32
robotime wooden bloom box	pol	0	1	0	1
robotime zonnestelsel	nld	0	1	0	40
robotime-eu	usa	0	1	0	10
robotime-eu.com	grc	0	1	0	7
robotoolz	usa	0	3	0	7.33
robotoy	arg	0	4	0	6.75
robotoy	bel	0	1	0	1
robotoy	bra	0	1	0	3
robotoy	che	0	1	0	2
robotoy	chl	0	1	0	7
robotoy	cze	0	1	0	1
robotoy	deu	0	3	0	1.33
robotoy	egy	0	1	0	6
robotoy	gbr	0	1	0	9
robotoy	mex	0	1	0	4
robotoy	nor	0	2	0	3
robotoy	per	0	1	0	8
robotoy	pol	0	1	0	1
robotoy	tur	0	1	0	5
robotoy	ury	0	1	0	3
robotoys	aus	0	2	0	5.5
robotoys	bra	0	1	0	3
robotoys	che	0	2	0	1
robotoys	dnk	0	2	0	1
robotoys	fra	0	1	0	1
robotoys	gbr	0	3	0	1
robotoys	grc	0	10	0	1
robotoys	hkg	0	6	0	5.67
robotoys	idn	0	1	0	2
robotoys	ind	0	3	0	1
robotoys	sgp	0	1	0	6
robotoys	svk	0	5	0	6.2
robotoys	swe	0	1	0	1
robotoys	twn	0	5	0	5.8
robotoys official website	jpn	0	1	0	4
robotoys official website	swe	0	2	0	2
robotoys sk	svk	0	8	0	7
robotszu	nld	0	1	0	58
robotys	cze	0	2	0	2
rocker puzzle	esp	0	1	0	7
rocker puzzles	fin	0	1	0	9
rocker puzzles	nld	0	1	0	8
rode raceauto	nld	0	1	0	1
rofile	ita	0	2	0	5
rok box	usa	0	1	0	22
rokr	aus	0	2	0	26
rokr	bel	0	14	0	16.14
rokr	col	0	1	0	6
rokr	cyp	0	1	0	8
rokr	deu	0	17	0	16
rokr	dnk	0	39	0	3.69
rokr	est	0	5	0	3.6
rokr	fra	0	5	0	16.6
rokr	gbr	0	1	0	29
rokr	grc	0	12	0	8.25
rokr	hun	0	33	0	3.7
rokr	ind	0	3	0	7.33
rokr	irl	0	6	0	4.5
rokr	irn	0	2	0	9
rokr	jpn	0	1	0	28
rokr	ltu	0	9	0	5.44
rokr	lva	0	5	0	4.8
rokr	mex	0	1	0	2
rokr	nld	0	9	0	29.33
rokr	nor	0	3	0	6.67
rokr	nzl	0	1	0	17
rokr	phl	0	2	0	20
rokr	prt	0	11	0	4.55
rokr	rou	0	13	0	3.69
rokr	rus	0	4	0	19.75
rokr	srb	0	1	0	8
rokr	svn	0	5	0	5.6
rokr	swe	0	21	0	5.1
rokr 3d	hun	0	1	0	3
rokr 3d	ita	0	3	0	3.33
rokr 3d	nld	0	4	0	18
rokr 3d pinball	deu	0	1	0	6
rokr 3d pinball	fra	0	1	0	4
rokr 3d pinball	pol	0	1	0	4
rokr 3d puzzle	ita	0	1	0	3
rokr 3d puzzles	ita	0	1	0	6
rokr 3d wooden puzzle	ita	0	7	0	5.57
rokr 3d wooden puzzles	esp	0	1	0	8
rokr 3d wooden puzzles	ita	0	1	0	6
rokr ak-47	swe	0	1	0	8
rokr ak47	deu	0	1	0	6
rokr ak47	qat	0	1	0	9
rokr amk63	prt	0	1	0	3
rokr auto	deu	0	2	0	4.5
rokr brasil	bra	0	1	0	10
rokr byggsats	chn	0	1	0	2
rokr cello	esp	0	1	0	8
rokr cello	usa	0	1	0	25
rokr chocolate factory	deu	0	2	0	6.5
rokr chocolate factory	esp	0	1	0	9
rokr chocolate factory	pol	0	1	0	3
rokr christmas dream gift factory	ita	0	1	0	6
rokr christmas tree	usa	0	1	0	1
rokr classic city tram	ltu	0	1	0	5
rokr company	egy	0	1	0	11
rokr company	ind	0	1	0	6
rokr cuckoo clock mechanical 3d wooden puzzle	aut	0	3	0	9.33
rokr cuckoo clock mechanical 3d wooden puzzle	irl	0	1	0	9
rokr dream gift factory	bra	0	1	0	1
rokr dream gift factory	dnk	0	1	0	16
rokr dream gift factory	gbr	0	1	0	31
rokr dream gift factory	hun	0	1	0	3
rokr dream gift factory	ita	0	5	0	5.6
rokr dream gift factory	prt	0	1	0	8
rokr eab01	nld	0	1	0	8
rokr eab01	svn	0	1	0	2
rokr eg01	ita	0	1	0	7
rokr electric guitar	usa	0	1	0	33
rokr electric guitar model 3d wooden puzzle tg605k	deu	0	1	0	4
rokr europe	bel	0	1	0	3
rokr europe	chn	0	1	0	1
rokr europe	lux	0	1	0	2
rokr europe	prt	0	3	0	2.33
rokr excavator	esp	0	1	0	1
rokr excavator	ita	0	1	0	6
rokr film projector	mys	0	2	0	9
rokr flipper	aut	0	1	0	10
rokr flipper	deu	0	10	0	5.5
rokr flipper	hun	0	2	0	4
rokr flipper	ita	0	1	0	10
rokr flipper	nld	0	3	0	39
rokr flipper pinball 3d	che	0	1	0	11
rokr flipper pinball 3d	hun	0	1	0	7
rokr flipper pinball 3d	ita	0	1	0	8
rokr flipperkast	aut	0	3	0	4
rokr flipperkast	nld	0	1	0	24
rokr flop	bra	0	1	0	8
rokr flop	esp	0	1	0	2
rokr france	esp	0	1	0	9
rokr gear ball challenge	deu	0	2	0	10.5
rokr gift factory	hun	0	2	0	2.5
rokr globe	ita	0	1	0	6
rokr globe	jor	0	1	0	17
rokr globe	nld	0	1	0	8
rokr globe	swe	0	1	0	10
rokr globe lumineux	pak	0	1	0	13
rokr globe puzzle	prt	0	1	0	5
rokr globus	cze	0	1	0	2
rokr globus	deu	0	1	0	17
rokr globus	pol	0	3	0	1
rokr grand prix car	ita	0	1	0	4
rokr harry potter	cze	0	1	0	10
rokr holz	deu	0	3	0	14.67
rokr horloge	fra	0	1	0	27
rokr jeep	deu	0	1	0	3
rokr justice guard ak47	pol	0	1	0	9
rokr koekoeksklok	bel	0	1	0	19
rokr lc901c	esp	0	1	0	3
rokr lc901c	nld	0	3	0	8.67
rokr lc901c	nor	0	2	0	6
rokr lk701	esp	0	2	0	2.5
rokr locomotive	deu	0	2	0	5
rokr locomotive	fra	0	1	0	19
rokr locomotive	gbr	0	8	0	28.12
rokr locomotive lk701	esp	0	1	0	3
rokr locomotive lk701	gbr	0	26	0	12.23
rokr logo	nzl	0	1	0	7
rokr logo	swe	0	1	0	7
rokr luminous globe	esp	0	1	0	15
rokr luminous globe	ita	0	1	0	8
rokr luminous globe 3d wooden puzzle	prt	0	1	0	7
rokr magic cello	ita	0	2	0	3.5
rokr magic cello mechanical music box 3d wooden puzzle	usa	0	19	0	1
rokr magic piano	deu	0	1	0	10
rokr magic piano	esp	0	1	0	4
rokr magic piano	ita	0	3	0	4
rokr magic piano mechanical music box 3d wooden puzzle amk81	irl	0	3	0	8
rokr magic piano music box	esp	0	1	0	8
rokr maquetas	bel	0	1	0	7
rokr maquetas	esp	0	81	0	7.53
rokr maquetas	pan	0	1	0	7
rokr maquetas	per	0	2	0	7
rokr maquina de escribir	esp	0	4	0	8
rokr marble night city	che	0	1	0	10
rokr marble night city	dnk	0	2	0	6.5
rokr marble night city	hun	0	1	0	2
rokr marble night city	ita	0	1	0	4
rokr marble night city	zaf	0	2	0	10.5
rokr marble night city lga01	hun	0	1	0	2
rokr marble night city lga01	nld	0	1	0	7
rokr marble parkour lg501	esp	0	1	0	1
rokr marble parkour lg501	fra	0	1	0	5
rokr marble parkour lg501	nld	0	2	0	8
rokr marble travel london marble run 3d wooden puzzle	usa	0	1	0	1
rokr mcb02	tha	0	1	0	22
rokr meaning	gbr	0	1	0	9
rokr meaning	hkg	0	1	0	7
rokr meaning	mys	0	1	0	8
rokr mechanical orrery st001	cyp	0	1	0	5
rokr mechanical orrery st001	prt	0	3	0	7
rokr mechanical typewriter lk703b	cze	0	1	0	8
rokr mini gun	usa	0	2	0	20
rokr model	pol	0	1	0	1
rokr modele	che	0	1	0	2
rokr modele	fra	0	1	0	8
rokr modelle	deu	0	6	0	15.67
rokr models	cze	0	2	0	6.5
rokr models	ita	0	1	0	7
rokr models	nld	0	1	0	18
rokr models	pol	0	1	0	4
rokr motorcycle	usa	0	1	0	10
rokr nederland	nld	0	1	0	22
rokr night city	bra	0	1	0	8
rokr night city	fra	0	1	0	6
rokr night city	nld	0	2	0	7
rokr owl	pol	0	1	0	2
rokr owl clock	gbr	0	1	0	34
rokr owl clock instructions pdf	cri	0	1	0	18
rokr pendulum clock	nld	0	3	0	29
rokr piano	cze	0	2	0	2.5
rokr piano	ita	0	1	0	6
rokr piano	nld	0	1	0	9
rokr pinball	deu	0	1	0	17
rokr pinball	esp	0	1	0	11
rokr pinball	ita	0	4	0	8.25
rokr pinball	pol	0	2	0	5
rokr pinball	swe	0	4	0	6.75
rokr pinball	usa	0	18	0	7
rokr pinball machine	pol	0	1	0	5
rokr prime steam express mc501	esp	0	1	0	5
rokr products	vnm	0	1	0	16
rokr puzzle	deu	0	1	0	17
rokr puzzle	esp	0	4	0	5
rokr puzzle	gbr	0	8	0	29.38
rokr puzzle	isl	0	1	0	8
rokr puzzle	ita	0	64	0	4.8
rokr puzzle	mex	0	2	0	6.5
rokr puzzle	pol	0	4	0	2.5
rokr puzzle	rou	0	2	0	17.5
rokr puzzle 3d	can	0	1	0	16
rokr puzzle 3d	che	0	1	0	8
rokr puzzle 3d	cze	0	1	0	1
rokr puzzle 3d	esp	0	4	0	3.75
rokr puzzle 3d	fra	0	3	0	10.33
rokr puzzle 3d	ita	0	13	0	7.23
rokr puzzle 3d	pol	0	3	0	1
rokr puzzle 3d madera	esp	0	5	0	4.6
rokr puzzles	esp	0	13	0	5.54
rokr puzzles	gbr	0	6	0	28.83
rokr puzzles near me	pol	0	1	0	6
rokr racing car	usa	0	1	0	11
rokr racing car lk505	fra	0	2	0	9
rokr sale	gbr	0	2	0	39.5
rokr solar system	ita	0	1	0	3
rokr space shuttle 3d wooden puzzle lka02	fin	0	1	0	9
rokr st003	est	0	1	0	2
rokr starry night	esp	0	2	0	8.5
rokr starry night	ita	0	1	0	5
rokr stavebnice	bgr	0	1	0	2
rokr stavebnice	svk	0	2	0	9.5
rokr steam engine mechanical 3d wooden puzzle lka01	esp	0	1	0	8
rokr steampunk	pol	0	1	0	4
rokr store	deu	0	1	0	7
rokr store	nld	0	1	0	4
rokr submachine gun	deu	0	1	0	9
rokr submachine gun	ita	0	1	0	9
rokr telescope	gtm	0	1	0	6
rokr the seahorse barque 3d wooden puzzle mcb02	ita	0	1	0	7
rokr thompson	fra	0	3	0	6
rokr thompson submachine gun	fra	0	2	0	11
rokr train	esp	0	3	0	8
rokr tram	gbr	0	2	0	7
rokr tram	nld	0	2	0	4.5
rokr treasure tray	prt	0	1	0	13
rokr velociraptor	ita	0	1	0	4
rokr view all games & puzzles	gbr	0	4	0	36.25
rokr violin	esp	0	1	0	5
rokr violin	ita	0	1	0	3
rokr violin	prt	0	1	0	8
rokr violin	usa	0	1	0	14
rokr vitascope	deu	0	3	0	18.33
rokr vitascope	fra	0	1	0	27
rokr vitascope	hrv	0	1	0	6
rokr wereldbol	nld	0	1	0	1
rokr wooden	ukr	0	1	0	10
rokr wooden models	gbr	0	1	0	33
rokr wooden puzzles	esp	0	1	0	6
rokr wooden puzzles	est	0	1	0	2
rokr wooden puzzles	ita	0	1	0	8
rokr wooden puzzles	pol	0	1	0	2
rokr конструктор	est	0	1	0	18
rokr конструктор деревянный	rus	0	1	0	23
rokr 公司	gbr	0	1	0	18
rokr.	esp	0	1	0	5
rokr.	swe	0	1	0	4
rokrs	nld	0	1	0	11
rolaif	ita	0	2	0	5
rolelife	ita	0	2	0	6.5
rolfie	dnk	0	1	0	2
rolfie	esp	0	1	0	41
rolfie	est	0	1	0	3
rolif3	pol	0	1	0	6
rolife	aus	0	10	0	72.3
rolife	bel	0	3	0	26.67
rolife	bra	0	2	0	26
rolife	can	0	1	0	8
rolife	che	0	1	0	2
rolife	cyp	0	1	0	8
rolife	deu	0	6	0	21.5
rolife	dnk	0	91	0	3.74
rolife	esp	0	29	0	7.52
rolife	fra	0	2	0	58
rolife	hrv	0	8	0	3.62
rolife	idn	0	1	0	1
rolife	irl	0	2	0	17
rolife	jpn	0	2	0	33.5
rolife	lva	0	4	0	14.25
rolife	nld	0	6	0	32.17
rolife	rou	0	3	0	21
rolife	svk	0	1	0	5
rolife	swe	0	4	0	7.25
rolife	usa	0	3	0	35.67
rolife	vnm	0	4	0	22.75
rolife 3d	hun	0	1	0	2
rolife 3d	ita	0	1	0	4
rolife 3d	lux	0	1	0	1
rolife 3d	pol	0	1	0	3
rolife 3d puzzle	cze	0	1	0	3
rolife 3d puzzle	gbr	0	2	0	8
rolife 3d puzzle	hun	0	1	0	5
rolife 3d puzzle	ita	0	1	0	4
rolife 3d puzzle	nld	0	1	0	11
rolife 3d puzzle sakura bonsai	deu	0	1	0	7
rolife 3d puzzle sakura journey	esp	0	1	0	8
rolife 3d puzzle sakura tree house	deu	0	2	0	7
rolife 3d puzzles	esp	0	1	0	8
rolife 3d puzzles	pol	0	1	0	7
rolife alice	ita	0	1	0	1
rolife alice in wonderland book nook	grc	0	1	0	4
rolife alice tea store	esp	0	1	0	11
rolife alice tea store	ita	0	3	0	1
rolife amc01	esp	0	1	0	7
rolife amc01	mys	0	1	0	6
rolife arcade	usa	0	1	0	15
rolife arcade dating	ita	0	1	0	9
rolife barcelona	esp	0	4	0	7.25
rolife biblioteca	bra	0	1	0	6
rolife biblioteca	esp	0	1	0	10
rolife big ben	deu	0	1	0	6
rolife big ben	esp	0	1	0	8
rolife big ben	nld	0	1	0	5
rolife big ben	rou	0	1	0	8
rolife bistro	esp	0	1	0	10
rolife bistro bar	esp	0	1	0	10
rolife bloemenwinkel	bel	0	2	0	17.5
rolife bloemenwinkel	nld	0	4	0	11
rolife boat	bel	0	1	0	7
rolife bonsai	deu	0	2	0	1
rolife bonsai	nld	0	7	0	10.57
rolife bonsai tree	deu	0	1	0	12
rolife bonsai tree	esp	0	1	0	8
rolife bonsai tree	ita	0	2	0	8.5
rolife book nook	cze	0	15	0	2.93
rolife book nook	hun	0	1	0	4
rolife book nook	svn	0	5	0	3.2
rolife book nook arcade dating	nld	0	1	0	25
rolife book nook sakura	fin	0	1	0	9
rolife book nook sakura	ita	0	1	0	5
rolife book nook sakura	prt	0	1	0	9
rolife book nook sakura densya	cze	0	1	0	1
rolife book nook sakura densya	ita	0	1	0	6
rolife book nook sakura densya	prt	0	2	0	7
rolife bookstore tgb07	fra	0	1	0	10
rolife café	pol	0	1	0	7
rolife carousel	nld	0	2	0	4
rolife carousel	prt	0	1	0	2
rolife carrusel	usa	0	1	0	8
rolife casa	prt	0	1	0	7
rolife cathy's flower house	fra	0	4	0	6.5
rolife cathy's flower house	lva	0	2	0	9
rolife cathy's flower house	rou	0	1	0	12
rolife cathy's flower house dg104	cyp	0	1	0	4
rolife cello	cze	0	1	0	1
rolife cello	ita	0	1	0	1
rolife chalet	fra	0	2	0	10
rolife chalet	prt	0	1	0	6
rolife christmas melody tree	nld	0	1	0	18
rolife christmas street	gbr	0	1	0	4
rolife cocina	esp	0	2	0	9.5
rolife company	deu	0	1	0	11
rolife country of origin	can	0	1	0	8
rolife country of origin	gbr	0	1	0	7
rolife country of origin	sgp	0	1	0	10
rolife country of origin	usa	0	2	0	7
rolife cozy kitchen	deu	0	1	0	7
rolife cozy kitchen diy miniature house kit dg159	esp	0	1	0	2
rolife creation set	usa	0	3	0	10.67
rolife danmark	dnk	0	10	0	1.8
rolife danmark	usa	0	1	0	2
rolife detective agency	usa	0	1	0	9
rolife dg102	fra	0	1	0	5
rolife dg104	ltu	0	2	0	3
rolife dg104	nld	0	1	0	10
rolife dg145	can	0	1	0	5
rolife dg167	can	0	1	0	7
rolife dg167	tha	0	1	0	3
rolife dg181	cze	0	1	0	2
rolife dg181	fra	0	1	0	8
rolife dg181	hun	0	1	0	2
rolife dg181	nld	0	1	0	5
rolife disney	dnk	0	2	0	6
rolife diy	pol	0	4	0	9
rolife diy house	dnk	0	1	0	12
rolife diy miniature	usa	0	1	0	8
rolife diy miniature dollhouse dg102	nld	0	1	0	1
rolife diy miniature house	deu	0	1	0	1
rolife diy miniature house	dnk	0	3	0	10.33
rolife diy miniature house	hun	0	3	0	5.67
rolife diy miniature house cozy kitchen	esp	0	1	0	3
rolife diy miniature house dg104	deu	0	1	0	1
rolife diy miniature house the magic study dg166	esp	0	1	0	10
rolife doras loft	irl	0	1	0	8
rolife doras loft	swe	0	1	0	8
rolife dream gift factory	tur	0	1	0	4
rolife eiffel tower	fra	0	1	0	10
rolife emily's flower shop	fin	0	2	0	7
rolife emily's flower shop	ita	0	1	0	9
rolife emily's flower shop	mlt	0	1	0	7
rolife emily's flower shop () reviews	usa	0	1	0	11
rolife emily's flower shop difficulty	gbr	0	1	0	8
rolife emily's flower shop difficulty	usa	0	1	0	1
rolife emilys flower shop	dnk	0	1	0	7
rolife españa	esp	0	19	0	5.32
rolife europe	aus	0	1	0	4
rolife europe	deu	0	1	0	3
rolife europe	fin	0	2	0	3.5
rolife europe	fra	0	1	0	3
rolife europe	hun	0	1	0	1
rolife europe	srb	0	1	0	4
rolife europe	tun	0	1	0	6
rolife evergreen pine bonsai	irl	0	1	0	5
rolife falling sakura	aut	0	1	0	9
rolife ferris wheel	aut	0	1	0	10
rolife ferris wheel	fin	0	1	0	9
rolife five storied pagoda	fra	0	1	0	1
rolife five storied pagoda	jpn	0	1	0	3
rolife five storied pagoda	pol	0	1	0	3
rolife five storied pagoda	tur	0	1	0	4
rolife flower shop	gbr	0	1	0	44
rolife gramophone	ita	0	1	0	7
rolife gramophone	usa	0	1	0	3
rolife grand piano	bel	0	1	0	8
rolife greece	grc	0	3	0	3
rolife happy corner emily's flower shop	esp	0	1	0	6
rolife holiday cafe	dnk	0	1	0	4
rolife honey ice cream shop	jpn	0	1	0	9
rolife honey ice cream shop	swe	0	1	0	7
rolife hot air balloon	fin	0	1	0	3
rolife hot air balloon	nld	0	2	0	4
rolife houses	irl	0	2	0	4
rolife invernadero	esp	0	2	0	1
rolife italia	esp	0	1	0	7
rolife italia	gbr	0	1	0	4
rolife italia	ita	0	25	0	3.76
rolife italy	prt	0	1	0	6
rolife japon	esp	0	2	0	6.5
rolife jardin	fra	0	1	0	4
rolife karussell	deu	0	1	0	7
rolife keuken	bel	0	1	0	17
rolife keuken	nld	0	4	0	12.75
rolife library sam's study diy miniature dollhouse	usa	0	2	0	10
rolife libreria	ita	0	1	0	4
rolife logo	brn	0	1	0	1
rolife logo	col	0	2	0	1
rolife logo	cri	0	1	0	1
rolife logo	esp	0	2	0	1
rolife logo	fra	0	2	0	1
rolife logo	mex	0	1	0	1
rolife logo	pak	0	1	0	1
rolife logo	pol	0	1	0	5
rolife logo	usa	0	4	0	1
rolife london bus	ita	0	1	0	10
rolife magic	ita	0	1	0	11
rolife magic house	ita	0	1	0	3
rolife makett	nor	0	2	0	4
rolife makett	pol	0	2	0	6
rolife maquette	fra	0	4	0	3.25
rolife miller's garden	deu	0	1	0	7
rolife miller's garden	fra	0	1	0	3
rolife miller's garden	nld	0	2	0	1.5
rolife miller's garden	pol	0	1	0	1
rolife millers garden	deu	0	3	0	9.67
rolife millers garden	usa	0	1	0	6
rolife mini	dnk	0	2	0	2
rolife miniatur	hun	0	1	0	10
rolife miniatura	bra	0	1	0	8
rolife miniaturas	lva	0	5	0	2
rolife miniaturas	prt	0	1	0	7
rolife miniature	aut	0	1	0	3
rolife miniature	dnk	0	4	0	6
rolife miniature	grc	0	6	0	9.17
rolife miniature	ita	0	3	0	7.33
rolife miniature	phl	0	1	0	12
rolife miniature	usa	0	1	0	2
rolife miniature house	hun	0	1	0	3
rolife miniature house	idn	0	1	0	9
rolife miniature house	ita	0	1	0	5
rolife miniature italia	ita	0	6	0	2.17
rolife miniatures	usa	0	1	0	6
rolife mose's detective agency	irl	0	1	0	6
rolife natale	ita	0	2	0	2
rolife negozi italia	ita	0	1	0	1
rolife origin	grc	0	1	0	10
rolife origin	mys	0	2	0	8.5
rolife origin	usa	0	1	0	9
rolife pagoda	fin	0	1	0	5
rolife pagoda	gbr	0	1	0	3
rolife pagoda	hun	0	1	0	1
rolife pagoda	jpn	0	1	0	3
rolife pagoda	nld	0	3	0	6.33
rolife pagoda	phl	0	1	0	2
rolife pagoda	usa	0	1	0	4
rolife piano	che	0	1	0	12
rolife piano	deu	0	1	0	5
rolife piano	fra	0	1	0	10
rolife piano	ita	0	1	0	2
rolife portugal	prt	0	22	0	4.32
rolife puzzle	esp	0	3	0	6
rolife puzzle	ita	0	2	0	4.5
rolife puzzle 3d	pol	0	5	0	5.2
rolife puzzle 3d bois sakura journey	nld	0	2	0	1
rolife puzzles	ita	0	1	0	8
rolife restaurant	bel	0	1	0	24
rolife restaurant	esp	0	1	0	10
rolife restaurant	nld	0	6	0	13.17
rolife restaurant	usa	0	1	0	9
rolife robotime	ita	0	1	0	10
rolife sailing ship	aut	0	1	0	6
rolife sakura	cze	0	1	0	3
rolife sakura	ita	0	5	0	4.2
rolife sakura	pol	0	1	0	2
rolife sakura	prt	0	4	0	3
rolife sakura baumhaus	deu	0	1	0	4
rolife sakura bonsai	ita	0	2	0	2
rolife sakura bonsai	ltu	0	1	0	5
rolife sakura densya	dnk	0	1	0	7
rolife sakura densya	fin	0	2	0	3
rolife sakura densya	gib	0	1	0	5
rolife sakura densya	ita	0	2	0	5
rolife sakura densya	jpn	0	1	0	4
rolife sakura densya	nld	0	1	0	6
rolife sakura densya	srb	0	1	0	5
rolife sakura dreamy tour	deu	0	1	0	8
rolife sakura dreamy tour	esp	0	1	0	7
rolife sakura dreamy tour	ita	0	1	0	2
rolife sakura dreamy tour	swe	0	1	0	4
rolife sakura journey	ita	0	3	0	3
rolife sakura pavilion	nld	0	1	0	7
rolife sakura tree house	deu	0	1	0	2
rolife sakura tree house	esp	0	1	0	9
rolife sakura tree house	ita	0	2	0	6.5
rolife sakura tree house	prt	0	1	0	10
rolife sakura wine alley	ita	0	1	0	9
rolife sakura wine alley - book nook	gbr	0	1	0	1
rolife sam's study	esp	0	2	0	6.5
rolife sam's study	usa	0	3	0	9.33
rolife sam's study dg102	esp	0	1	0	4
rolife sam's study dg102	svk	0	1	0	9
rolife saxophone	che	0	1	0	8
rolife saxophone	fra	0	1	0	4
rolife saxophone	nld	0	1	0	5
rolife serra	ita	0	6	0	2.33
rolife ship model	mys	0	1	0	10
rolife simon's coffee	sau	0	1	0	5
rolife simon's coffee	swe	0	1	0	10
rolife simon's coffee	usa	0	1	0	10
rolife stationery shop	aus	0	1	0	3
rolife sunshine town	esp	0	2	0	9
rolife sunshine town	ita	0	1	0	7
rolife sunshine town	nld	0	2	0	9
rolife sunshine town	prt	0	1	0	2
rolife sunshine town tgb02	ita	0	2	0	3
rolife sunshine town tgb02	nld	0	1	0	10
rolife sunshine town tgb02	rou	0	1	0	4
rolife sverige	jpn	0	1	0	3
rolife sverige	nor	0	1	0	4
rolife tea shop	usa	0	1	0	12
rolife tgb01	esp	0	1	0	7
rolife tgb02	fra	0	1	0	9
rolife tgb03	deu	0	1	0	5
rolife tgb04	swe	0	1	0	6
rolife tgb07	fra	0	1	0	9
rolife tgb07	ita	0	1	0	6
rolife tgb10	deu	0	2	0	7
rolife tgb10	fra	0	1	0	8
rolife tgb11	deu	0	1	0	9
rolife tgb11	usa	0	1	0	9
rolife tgb15	nld	0	1	0	7
rolife tgb17	bih	0	1	0	3
rolife tgs02	deu	0	5	0	4
rolife tgs02	tha	0	1	0	7
rolife tgs04	deu	0	1	0	4
rolife tipsy restaurant	deu	0	1	0	14
rolife tipsy restaurant diy miniature house dg167	esp	0	1	0	3
rolife tokyo	prt	0	1	0	6
rolife torre eiffel	ita	0	1	0	2
rolife tower bridge	deu	0	1	0	11
rolife tower bridge	nld	0	2	0	5
rolife tram	bel	0	1	0	10
rolife tram	esp	0	1	0	1
rolife tram	gbr	0	1	0	4
rolife tram	hkg	0	1	0	5
rolife tram	ita	0	2	0	1.5
rolife tram	nld	0	2	0	4.5
rolife tramcar	bel	0	1	0	6
rolife tramcar	fra	0	2	0	3
rolife tramcar	hun	0	1	0	1
rolife tramcar	prt	0	1	0	3
rolife tuinhuis	nld	0	1	0	13
rolife venice	nld	0	1	0	52
rolife violin	ita	0	1	0	3
rolife where to buy	ita	0	1	0	8
rolife wooden puzzles	pol	0	1	0	5
rolife.	prt	0	1	0	3
rolife® tipsy restaurant diy miniature house kit	usa	0	1	0	1
rolifie	hun	0	1	0	4
rolifr	ita	0	2	0	5.5
rolifw	est	0	1	0	7
rolifw	hrv	0	1	0	6
rolifw	ita	0	2	0	5
rolifw	pol	0	1	0	2
rolifw	prt	0	2	0	5
roll life miniatures	usa	0	1	0	5
rollife	bgr	0	1	0	3
rollife	dnk	0	1	0	3
rollife	ita	0	3	0	4.67
rollife	pol	0	6	0	4.5
rolofe	bgr	0	1	0	3
rolofe	grc	0	1	0	7
rolofe	ita	0	1	0	4
rolofe	prt	0	1	0	4
rolufe	ita	0	1	0	5
romantic wall clock	ind	0	1	0	5
rompecabeza 3d	per	0	1	0	2
rompecabeza 3d madera	esp	0	1	0	2
rompecabeza 3d madera	ven	0	1	0	1
rompecabezas 3 d	esp	0	1	0	4
rompecabezas 3d	arg	0	1	0	32
rompecabezas 3d	bgd	0	1	0	13
rompecabezas 3d	bol	0	1	0	4
rompecabezas 3d	col	0	1	0	17
rompecabezas 3d	ecu	0	2	0	7
rompecabezas 3d	esp	0	28	0	4.57
rompecabezas 3d	gbr	0	2	0	10
rompecabezas 3d	guy	0	1	0	4
rompecabezas 3d	irn	0	1	0	13
rompecabezas 3d	mex	0	8	0	20.25
rompecabezas 3d	per	0	1	0	25
rompecabezas 3d	usa	0	2	0	10.5
rompecabezas 3d	ven	0	1	0	3
rompecabezas 3d arquitectura	col	0	1	0	3
rompecabezas 3d en madera	col	0	3	0	2
rompecabezas 3d flores	cri	0	1	0	2
rompecabezas 3d flores	mex	0	1	0	1
rompecabezas 3d madera	bol	0	1	0	2
rompecabezas 3d madera	che	0	1	0	2
rompecabezas 3d madera	col	0	1	0	2
rompecabezas 3d madera	ecu	0	3	0	2
rompecabezas 3d madera	esp	0	47	0	4.17
rompecabezas 3d madera	gtm	0	2	0	4.5
rompecabezas 3d madera	pan	0	2	0	6
rompecabezas 3d madera	per	0	2	0	1
rompecabezas 3d madera	usa	0	2	0	1.5
rompecabezas arma	esp	0	42	0	4.33
rompecabezas arma	fra	0	1	0	1
rompecabezas arma prohibida	esp	0	1	0	45
rompecabezas armas	esp	0	4	0	6
rompecabezas de coches	esp	0	1	0	10
rompecabezas de flores 3d	ecu	0	1	0	1
rompecabezas de madera	esp	0	4	0	11.5
rompecabezas de madera	mex	0	2	0	11.5
rompecabezas de madera 3d	esp	0	1	0	2
roowood	aus	0	1	0	11
roowood	cog	0	1	0	6
roowood	deu	0	1	0	5
roowood	fra	0	1	0	6
roowood	ita	0	3	0	8.33
roowood	nga	0	1	0	6
roowood	nld	0	1	0	6
roowood	usa	0	1	0	11
rorkr	esp	0	1	0	7
rorkr	ita	0	1	0	3
rotacni kulomet	cze	0	1	0	21
rotacni kulomet	usa	0	2	0	12.5
rotační kulomet	cze	0	2	0	11
rotační kulomet	usa	0	1	0	1
roulife	prt	0	1	0	6
rowod	bra	0	1	0	10
rowod	deu	0	1	0	7
rowood	are	0	2	0	8.5
rowood	aut	0	3	0	7.33
rowood	bel	0	11	0	8.45
rowood	bgr	0	10	0	2.8
rowood	blr	0	1	0	7
rowood	bra	0	1	0	10
rowood	che	0	5	0	5.8
rowood	chl	0	2	0	10
rowood	col	0	4	0	5.75
rowood	cri	0	2	0	5
rowood	cyp	0	1	0	4
rowood	deu	0	42	0	9.26
rowood	dnk	0	3	0	1.33
rowood	fin	0	2	0	6
rowood	gbr	0	6	0	31.5
rowood	grc	0	1	0	7
rowood	hun	0	10	0	1.7
rowood	idn	0	1	0	8
rowood	ind	0	1	0	4
rowood	irl	0	2	0	4.5
rowood	irq	0	1	0	5
rowood	isl	0	1	0	2
rowood	isr	0	1	0	4
rowood	jpn	0	6	0	9
rowood	khm	0	1	0	9
rowood	kwt	0	2	0	7.5
rowood	ltu	0	4	0	7
rowood	lux	0	2	0	5
rowood	lva	0	1	0	5
rowood	mex	0	13	0	8.08
rowood	mys	0	4	0	10
rowood	nld	0	49	0	6.98
rowood	nzl	0	1	0	11
rowood	per	0	1	0	9
rowood	phl	0	7	0	8.71
rowood	rus	0	1	0	10
rowood	sau	0	3	0	6
rowood	sgp	0	1	0	3
rowood	srb	0	1	0	4
rowood	swe	0	7	0	1.29
rowood	tha	0	2	0	6
rowood	tun	0	1	0	3
rowood	tur	0	1	0	10
rowood	twn	0	2	0	3.5
rowood	ukr	0	1	0	7
rowood	ury	0	1	0	9
rowood	ven	0	3	0	8
rowood	vir	0	1	0	9
rowood	vnm	0	5	0	7
rowood	zaf	0	1	0	11
rowood 3d	deu	0	1	0	6
rowood 3d puzzle	aut	0	2	0	4.5
rowood 3d puzzle	deu	0	10	0	8.6
rowood 3d puzzle	dnk	0	1	0	3
rowood 3d puzzle	prt	0	1	0	3
rowood 3d puzzles	esp	0	1	0	8
rowood 3d puzzles	irl	0	1	0	8
rowood 3d puzzles	ita	0	1	0	3
rowood 3d puzzles	prt	0	2	0	4
rowood 3d puzzles	usa	0	3	0	10.67
rowood 3d wooden puzzle	fra	0	1	0	9
rowood blumen	aut	0	9	0	9.33
rowood blumen	deu	0	37	0	9.62
rowood chamomile	cze	0	1	0	9
rowood chamomile	deu	0	1	0	7
rowood crafts	fra	0	1	0	11
rowood cultura	fra	0	1	0	11
rowood decoration	bel	0	3	0	7.33
rowood fiori	usa	0	1	0	3
rowood fleur	bel	0	1	0	5
rowood fleur	fra	0	36	0	3.72
rowood fleurs	fra	0	2	0	3.5
rowood flores	arg	0	1	0	2
rowood flores	col	0	2	0	2
rowood flores	cri	0	1	0	8
rowood flores	gtm	0	1	0	3
rowood flores	mex	0	3	0	8
rowood flores	nld	0	1	0	5
rowood flores	pan	0	1	0	9
rowood flores	pri	0	1	0	9
rowood flower	bel	0	2	0	2
rowood flower	bgr	0	1	0	3
rowood flower	che	0	3	0	4
rowood flower	col	0	1	0	8
rowood flower	cze	0	3	0	4
rowood flower	deu	0	3	0	11
rowood flower	dnk	0	2	0	3
rowood flower	fra	0	1	0	10
rowood flower	hkg	0	3	0	10.67
rowood flower	idn	0	4	0	9
rowood flower	jpn	0	2	0	9
rowood flower	mex	0	2	0	6.5
rowood flower	nld	0	1	0	9
rowood flower	phl	0	1	0	5
rowood flower	svn	0	1	0	3
rowood flower	tha	0	4	0	8.75
rowood flower	twn	0	1	0	9
rowood flower	usa	0	50	0	9.74
rowood flower puzzle	fin	0	1	0	5
rowood flower puzzle	twn	0	1	0	9
rowood flowers	aus	0	1	0	22
rowood flowers	aut	0	1	0	5
rowood flowers	bel	0	1	0	5
rowood flowers	bra	0	1	0	8
rowood flowers	esp	0	5	0	6.6
rowood flowers	fra	0	11	0	8.27
rowood flowers	gbr	0	1	0	11
rowood flowers	hun	0	1	0	4
rowood flowers	ita	0	1	0	3
rowood flowers	lux	0	1	0	4
rowood flowers	mex	0	1	0	8
rowood flowers	nld	0	4	0	8
rowood flowers	nzl	0	1	0	13
rowood flowers	pan	0	1	0	4
rowood flowers	phl	0	2	0	10.5
rowood flowers	pol	0	1	0	7
rowood flowers	prt	0	1	0	5
rowood flowers	srb	0	3	0	3.33
rowood flowers	svn	0	2	0	3.5
rowood flowers	swe	0	1	0	5
rowood flowers	tur	0	2	0	4
rowood flowers	usa	0	25	0	10
rowood glittering water lily	ita	0	1	0	7
rowood golden sunflower	deu	0	1	0	8
rowood golden sunflower	irl	0	1	0	8
rowood kwiaty	pol	0	8	0	1.12
rowood light orange gerbera daisy	deu	0	2	0	7
rowood lilac	ita	0	1	0	7
rowood lilac	prt	0	1	0	2
rowood lilac	svk	0	1	0	5
rowood lily	deu	0	1	0	10
rowood maquette	fra	0	15	0	8.73
rowood official website	ita	0	1	0	9
rowood orange tulip	hun	0	1	0	3
rowood orange tulip	nld	0	1	0	4
rowood orchid	rou	0	1	0	8
rowood paris cathedral	cze	0	1	0	5
rowood pink carnation	deu	0	1	0	10
rowood pink dahlia	gbr	0	2	0	10.5
rowood pink dahlia	nld	0	1	0	7
rowood pink lily	esp	0	1	0	10
rowood pink lily	pol	0	1	0	1
rowood pink rose	nld	0	1	0	9
rowood pink rose	pol	0	1	0	6
rowood pink tulip	esp	0	1	0	6
rowood purple moth orchid	nld	0	1	0	10
rowood puzzle	che	0	1	0	5
rowood puzzle	deu	0	6	0	6.67
rowood puzzle	esp	0	1	0	2
rowood puzzle	fra	0	2	0	8.5
rowood puzzle	tha	0	1	0	8
rowood puzzle	twn	0	1	0	7
rowood puzzle	ukr	0	1	0	4
rowood puzzle 3d	arg	0	1	0	11
rowood puzzle 3d	ita	0	5	0	1.2
rowood puzzles	fin	0	1	0	4
rowood puzzles	mex	0	3	0	10.33
rowood puzzles	nld	0	1	0	8
rowood puzzles	pak	0	1	0	9
rowood puzzles	sau	0	1	0	8
rowood puzzles	usa	0	1	0	13
rowood puzzles	zaf	0	1	0	10
rowood red camellia	esp	0	1	0	3
rowood red camellia	fra	0	1	0	8
rowood red carnation	fra	0	2	0	5
rowood red rose	gbr	0	1	0	2
rowood rose	deu	0	1	0	7
rowood sakura	esp	0	3	0	1.33
rowood sakura	fra	0	2	0	3.5
rowood sakura	pol	0	2	0	2
rowood sakura wooden bloom craft	ita	0	1	0	3
rowood sito ufficiale	ita	0	3	0	2
rowood sunflower	cze	0	1	0	6
rowood sunflower	deu	0	1	0	9
rowood sunflower	esp	0	2	0	8
rowood sunflower	ita	0	1	0	5
rowood sunflower	nld	0	1	0	7
rowood sunflower	prt	0	2	0	5.5
rowood sunflower	usa	0	2	0	6
rowood tulip	bel	0	1	0	9
rowood tulip	fra	0	1	0	11
rowood tulip	ita	0	3	0	6
rowood tulip	nld	0	1	0	10
rowood wooden flower basket	gbr	0	2	0	4
rowood wooden flowers	dnk	0	1	0	6
rudý karafiát	cze	0	1	0	1
sagrada familia 3d	bra	0	3	0	1
sagrada familia 3d	esp	0	12	0	4.08
sagrada familia 3d puzzle	bih	0	1	0	1
sagrada familia 3d puzzle	esp	0	2	0	1
sagrada familia 3d puzzle	fin	0	1	0	1
sagrada familia 3d puzzle	gha	0	1	0	1
sagrada familia 3d puzzle	hrv	0	1	0	1
sagrada familia 3d puzzle	ita	0	2	0	1
sagrada familia 3d puzzle	pol	0	2	0	1
sagrada familia 3d puzzle	rou	0	3	0	1
sagrada familia en 3d	esp	0	1	0	1
sagrada familia puzzle	can	0	1	0	15
sagrada familia puzzle	deu	0	5	0	4.8
sagrada familia puzzle	esp	0	3	0	8
sagrada familia puzzle	gbr	0	3	0	3
sagrada familia puzzle	ita	0	4	0	10.25
sagrada familia puzzle	ltu	0	1	0	10
sagrada familia puzzle	pol	0	7	0	3.14
sagrada familia puzzle	usa	0	2	0	1
sagrada familia puzzle 3d	aus	0	1	0	1
sagrada familia puzzle 3d	can	0	1	0	1
sagrada familia puzzle 3d	cze	0	1	0	1
sagrada familia puzzle 3d	deu	0	2	0	2
sagrada familia puzzle 3d	esp	0	3	0	1
sagrada familia puzzle 3d	fra	0	8	0	1
sagrada familia puzzle 3d	ita	0	2	0	1.5
sagrada familia puzzle 3d	nld	0	1	0	1
sagrada familia puzzle 3d	pol	0	8	0	1
sagrada puzzle	idn	0	1	0	3
sagrada puzzle	pol	0	2	0	1
sakura 3d puzzle	deu	0	1	0	8
sakura 3d puzzle	srb	0	1	0	10
sakura baumhaus	deu	0	1	0	10
sakura bondai	dnk	0	1	0	1
sakura bonsai	cze	0	2	0	9.5
sakura bonsai	dnk	0	1	0	5
sakura bonsai	esp	0	2	0	7
sakura bonsai	pol	0	2	0	10
sakura bonsai 3d puzzle	ita	0	1	0	4
sakura bonsai rolife	grc	0	4	0	2
sakura book nook	deu	0	1	0	32
sakura book nook	gbr	0	1	0	32
sakura densha	pol	0	1	0	2
sakura densya	cze	0	1	0	1
sakura densya	dnk	0	3	0	5.67
sakura densya	ita	0	2	0	9
sakura densya	prt	0	1	0	1
sakura densya	swe	0	1	0	6
sakura densya book nook	fin	0	1	0	12
sakura densya book nook	ita	0	1	0	12
sakura densya book nook	nld	0	1	0	9
sakura densya book nook	zaf	0	1	0	7
sakura dreamy tour	deu	0	1	0	9
sakura dreamy tour	ita	0	5	0	5.4
sakura drevo	cze	0	4	0	2.25
sakura journey	ita	0	1	0	4
sakura journey 3d puzzle	fin	0	1	0	3
sakura journey rolife	pol	0	1	0	2
sakura pavilion	esp	0	3	0	10
sakura pavilion	nld	0	1	0	7
sakura pavilion	phl	0	1	0	4
sakura pavilion rolife	fra	0	1	0	10
sakura puzzle	deu	0	1	0	7
sakura puzzle	fin	0	1	0	10
sakura puzzle	ita	0	1	0	5
sakura rolife	ita	0	1	0	2
sakura tree house	hun	0	1	0	2
sakura tree house	ita	0	1	0	8
sakura tree house	pol	0	1	0	8
sakura tree house rolife	ita	0	1	0	6
sakura tree house rolife	nld	0	1	0	29
sakura tree house rolife	pol	0	3	0	2.67
sakura tv rolife	cze	0	2	0	2
sakura wine alley	ita	0	7	0	9.57
sakura wine alley	pol	0	1	0	10
sakura wooden puzzle	ita	0	1	0	5
sakura's travel 3d puzzle	deu	0	2	0	7
sam's study rolife	esp	0	1	0	4
samlesæt fritidstræhus	dnk	0	4	0	42
samolot puzzle 3d	pol	0	1	0	5
sams library	nzl	0	1	0	1
sams library	swe	0	3	0	3
sams study	esp	0	1	0	9
sams study rolife	esp	0	2	0	6.5
savivarcio nuoma	ltu	0	1	0	31
schaktbil	swe	0	25	0	33.64
schaktbil uppsala	swe	0	2	0	33
scooter de madera	bra	0	1	0	28
scooter houten	nld	0	4	0	9.25
scooter ålder	deu	0	1	0	43
senovinis pabuklas	ltu	0	1	0	6
senovinis pabūklas	ltu	0	3	0	6.67
serre miniature	fra	0	2	0	1.5
serre miniature	gbr	0	1	0	1
serre miniature	ind	0	1	0	1
show images	gbr	0	1	0	21
si	esp	0	1	0	5
simeons house	hun	0	1	0	9
simon coffee shop	vnm	0	1	0	10
simon's coffee	esp	0	1	0	7
simon's coffee miniature	irl	0	1	0	9
simon's coffee rolife	est	0	1	0	4
simon's coffee rolife	usa	0	2	0	10
simon's coffee shop	est	0	2	0	7
simon's coffee shop	rou	0	1	0	9
simon's coffee shop rolife	bra	0	1	0	10
simons coffee	phl	0	1	0	7
simons coffee rolife	usa	0	4	0	8.5
simons coffee shop	nld	0	2	0	9
sistema solar em 3d	gbr	0	1	0	11
sistema solar mecanico	esp	0	2	0	1
sistemul solar 3d	rou	0	1	0	12
sklep dla czarownic	pol	0	3	0	12.67
skrinjice	svn	0	1	0	26
società in vendita	ita	0	1	0	24
something else?	cyp	0	1	0	1
sopek roz	svn	0	1	0	1
speedway motorcykel	swe	0	1	0	1
st003	ita	0	2	0	2
st003	swe	0	1	0	3
st003 luminous globe	fra	0	1	0	10
st003 luminous globe	usa	0	1	0	12
st004	esp	0	1	0	3
stalowa	pol	0	1	0	22
stampante 3d legno	ita	0	1	0	14
stanze in miniatura da costruire	ita	0	1	0	2
starry night amk51	prt	0	1	0	3
steckbrief tower bridge	deu	0	1	0	37
stem	pol	0	2	0	71.5
stem madeira	prt	0	1	0	2
stem models	bdi	0	1	0	11
stem models	esp	0	1	0	1
stem models	ind	0	2	0	5.5
stem models	irl	0	1	0	9
stem models	pak	0	1	0	11
stem models	usa	0	2	0	15
stem wood	ecu	0	1	0	18
stilvolles geschenk für mann	deu	0	1	0	34
sting scooter	fra	0	1	0	1
sting scooter	nld	0	1	0	1
storia del tower bridge	gbr	0	2	0	9.5
story arch puzzle	usa	0	3	0	1.67
straalmotor puzzel	nld	0	1	0	8
subfusil thompson juguete	esp	0	1	0	1
sugestao de presente para mulher	bra	0	1	0	69
sujetalibros sakura densya	bra	0	1	0	1
sunflower wooden puzzle	ita	0	1	0	6
sunshine town	cze	0	1	0	6
sunshine town	svk	0	1	0	11
sunshine town book nook	fra	0	1	0	44
sunshine town rolife	esp	0	1	0	6
sunčev sustav 3d	hrv	0	1	0	1
suona	ita	0	1	0	15
svjetla tornja	hrv	0	1	0	45
svítící 3d puzzle	cze	0	1	0	26
syrena 105	hun	0	2	0	8
szukam drewnianych puzzli 3d o wysokim poziomie trudności do 200 złotych.	pol	0	6	0	1.5
születésnapi ajándék	hun	0	4	0	12.5
születésnapi ajándékok	hun	0	1	0	14
szülinapi ajándékok gyerekeknek	hun	0	1	0	11
szülinapi ajándékok nőknek	hun	0	1	0	11
sünnipäeva kingitused	est	0	1	0	16
t rex wooden puzzle	irl	0	1	0	11
t-rex	hun	0	1	0	12
t-rex puzzle	lva	0	1	0	1
tablas y calendarios el universo	ecu	0	1	0	69
tank 3d	pol	0	1	0	5
tank leopard 1	cze	0	1	0	12
tank puzzle	arg	0	1	0	1
tank puzzle	cze	0	1	0	4
tank puzzle	hun	0	1	0	4
tank puzzle	idn	0	1	0	1
tank puzzle	svk	0	3	0	4.67
tank puzzle	tur	0	1	0	2
tank puzzle	usa	0	1	0	2
tank tortoise	bel	0	1	0	1
tank tortoise	idn	0	1	0	1
tank tortoise	swe	0	1	0	1
tanks	svn	0	1	0	11
tanque de madera	esp	0	1	0	11
tarif?	fra	0	1	0	21
tauera tilts	lva	0	1	0	4
tauerio tiltas	ltu	0	9	0	8.22
tebutik	swe	0	1	0	13
techniky proti stresu	cze	0	1	0	6
telefon karussell	deu	0	1	0	4
telefono de madera	esp	0	1	0	3
telescopio 3d	ita	0	2	0	4.5
telescopio monocular rokr	esp	0	1	0	1
telescopio monocular rokr	pol	0	1	0	1
tell me what is that	mys	0	1	0	1
tenk crtez	hrv	0	2	0	1
teuerstes	deu	0	1	0	2
teure sachen für mädchen	deu	0	1	0	11
tf001	cze	0	1	0	4
tf001	svn	0	2	0	6
tg 505	fra	0	1	0	8
tg301	esp	0	1	0	30
tg306	aus	0	1	0	6
tg306	tha	0	1	0	3
tg306	usa	0	1	0	17
tg406	idn	0	1	0	10
tg406	sgp	0	1	0	8
tg406	tha	0	14	0	6
tg407 flight status today	sgp	0	2	0	32
tg409	prt	0	1	0	8
tg411	irn	0	1	0	7
tg411	sgp	0	3	0	7
tg504	bel	0	1	0	7
tg505	mmr	0	1	0	7
tg505	tha	0	1	0	5
tg505	tza	0	1	0	7
tgb01	deu	0	2	0	9
tgb01	kor	0	1	0	1
tgb02 sunshine town	rou	0	1	0	6
tgb03	ita	0	1	0	4
tgb03	nld	0	1	0	9
tgb06	bra	0	1	0	6
tgb06	esp	0	1	0	4
tgb06	isl	0	1	0	9
tgb06	ukr	0	1	0	7
tgb09	pry	0	1	0	7
tgb09	vnm	0	1	0	10
tgb10	fra	0	1	0	10
tgb10	nld	0	1	0	15
tgb11	ita	0	1	0	1
tgb13	fra	0	1	0	9
tgb14	swe	0	11	0	3
tgb15	fra	0	2	0	5
tgb15	swe	0	10	0	2.9
tgb16	esp	0	1	0	7
tgb16	pol	0	1	0	2
tgb17	swe	0	4	0	2.75
tgl01	pry	0	1	0	2
tgn01	esp	0	1	0	2
tgs02	deu	0	1	0	8
tgs04	deu	0	1	0	4
tgs04	fra	0	1	0	4
tgs04	rus	0	1	0	2
the little story	cze	0	1	0	8
the most expensive gift	est	0	1	0	10
the most expensive gift	ind	0	1	0	9
the seahorse barque 3d wooden puzzle	fin	0	1	0	4
the seahorse barque 3d wooden puzzle	hun	0	1	0	5
the seahorse barque 3d wooden puzzle	pol	0	1	0	7
the seahorse barque mcb02	esp	0	1	0	9
the tortoise tank	phl	0	1	0	13
the tower bridge	phl	0	1	0	45
three dimensional puzzle	deu	0	1	0	3
tienda bruja	esp	0	1	0	13
tienda de brujas	esp	0	3	0	17.67
tienda de casas de muñecas	cri	0	1	0	47
tienda de casas de muñecas	esp	0	1	0	46
tienda de casas de muñecas	geo	0	1	0	47
tienda de casitas miniaturas	esp	0	3	0	9.33
tienda de miniaturas	esp	0	2	0	28
tienda de miniaturas	gbr	0	1	0	26
tienda miniaturas	esp	0	8	0	12.88
tienda online para comprar miniaturas de casas de muñecas	esp	0	1	0	28
tiendas de miniaturas	mex	0	1	0	14
tiendas de miniaturas para casas de muñecas	esp	0	13	0	20.85
tiendas en miniatura	esp	0	1	0	3
tiger 3d puzzle	esp	0	1	0	4
tiger holz	deu	0	1	0	1
tiger puzzle	ind	0	1	0	23
tiger puzzle	ita	0	3	0	9.67
tigris tank modell	hun	0	2	0	1
tiny házak	hun	0	2	0	8.5
tiny room kits	deu	0	1	0	9
tipsy restaurant	fra	0	1	0	29
tipsy restaurant	ita	0	1	0	6
tipsy restaurant	nld	0	1	0	9
tipsy restaurant	rou	0	1	0	8
tipsy restaurant & bar	swe	0	1	0	11
tipsy restaurant miniature	dnk	0	2	0	6.5
tipsy restaurant rolife	dnk	0	1	0	10
tipsy restaurant rolife	esp	0	2	0	6
tipsy restaurant rolife	fin	0	1	0	6
tipsy restaurant rolife	nld	0	1	0	2
tipsy restaurant rolife	swe	0	1	0	10
tipsy restaurant rolife	usa	0	3	0	13.67
tipy na dárek	cze	0	2	0	23
tipy na vánoční dárek	cze	0	3	0	11.33
tiwer bridge	bel	0	1	0	12
to czy to	pol	0	1	0	3
to i to	pol	0	1	0	9
to299	idn	0	1	0	20
tocadiscos de madera	mex	0	1	0	1
tocadiscos madera	esp	0	2	0	32.5
tommy gun zabawka	pol	0	2	0	1
tools puzzle	usa	0	1	0	1
top 1	cze	0	1	0	2
top 10 cadeau voor vrouwen	nld	0	2	0	68.5
top 10 cadeaus voor vrouwen	nld	0	1	0	82
top 10 cadeaus voor vrouwen	sgp	0	1	0	63
tornja	deu	0	1	0	1
torre bridge londres	mex	0	1	0	6
torre eiffel de madera	esp	0	1	0	1
torre eiffel disegno 3d	ita	0	1	0	5
torre eiffel madera	pan	0	1	0	1
torre eiffel madera	ury	0	1	0	1
tortois tank	pol	0	2	0	12
tortoise char	ind	0	1	0	4
tortoise czołg	pol	0	1	0	2
tortoise tank	arg	0	1	0	11
tortoise tank	aus	0	1	0	14
tortoise tank	chl	0	1	0	1
tortoise tank	fra	0	3	0	34.67
tortoise tank	gbr	0	1	0	12
tortoise tank	ind	0	1	0	24
tortoise tank	lva	0	1	0	2
tortoise tank	phl	0	1	0	11
tortoise tank	pol	0	10	0	9.6
tortoise tank	ukr	0	2	0	1
tortoise tank	usa	0	7	0	41.29
toune disque	fra	0	1	0	22
tourne dique	fra	0	1	0	22
tourne disc	bel	0	5	0	21
tourne disc	gbr	0	1	0	21
tourne disque	bel	0	1	0	21
tourne disque	bra	0	1	0	61
tourne disque	col	0	1	0	81
tourne disque	dza	0	1	0	21
tourne disque	fra	0	9	0	29.22
tourne disque	mar	0	3	0	14.67
tourne disque bois	can	0	1	0	3
tower bridge	bel	0	5	0	10
tower bridge	bra	0	2	0	26
tower bridge	che	0	1	0	26
tower bridge	cze	0	3	0	25.67
tower bridge	dnk	0	1	0	10
tower bridge	esp	0	1	0	15
tower bridge	fra	0	9	0	33
tower bridge	hun	0	1	0	10
tower bridge	isr	0	1	0	11
tower bridge	nld	0	5	0	10.8
tower bridge	pol	0	4	0	11.75
tower bridge	prt	0	1	0	11
tower bridge 3d puzzle	ita	0	1	0	8
tower bridge altura	bra	0	1	0	10
tower bridge altura	esp	0	3	0	9.67
tower bridge annee construction	fra	0	7	0	8.71
tower bridge anno di costruzione	gbr	0	2	0	11.5
tower bridge anno di costruzione	ita	0	2	0	11.5
tower bridge bau	deu	0	10	0	9.1
tower bridge construction	fra	0	15	0	8.4
tower bridge construction date	mtq	0	1	0	9
tower bridge costruzione	gbr	0	1	0	12
tower bridge costruzione	ita	0	1	0	9
tower bridge couleur	fra	0	15	0	5.53
tower bridge curiosidades	bra	0	4	0	8.5
tower bridge curiosidades	gbr	0	1	0	10
tower bridge date	fra	0	1	0	12
tower bridge date de construction	can	0	2	0	9.5
tower bridge date de construction	fra	0	17	0	8.12
tower bridge desenho	prt	0	2	0	1
tower bridge fakta	arg	0	2	0	15.5
tower bridge fakta	dnk	0	1	0	4
tower bridge fakta	lka	0	1	0	14
tower bridge fakta	ury	0	1	0	29
tower bridge fakta	uzb	0	1	0	5
tower bridge geschichte	gbr	0	2	0	8
tower bridge geschiedenis	gbr	0	2	0	11.5
tower bridge geschiedenis	nld	0	3	0	10
tower bridge histoire	bel	0	1	0	7
tower bridge histoire	dza	0	3	0	14.33
tower bridge histoire	gbr	0	7	0	9
tower bridge historia	col	0	1	0	5
tower bridge historia	esp	0	6	0	6.67
tower bridge historia	gbr	0	11	0	6.82
tower bridge historia	mex	0	2	0	5.5
tower bridge historia	pol	0	2	0	4
tower bridge historia	swe	0	2	0	11
tower bridge historie	dnk	0	1	0	1
tower bridge historie	fra	0	1	0	7
tower bridge história	bra	0	4	0	4.25
tower bridge história	gbr	0	3	0	5.33
tower bridge kiedy powstał	gbr	0	2	0	9
tower bridge kiedy powstał	pol	0	3	0	6
tower bridge london	rou	0	1	0	8
tower bridge london historia	chl	0	3	0	9
tower bridge london historia	col	0	2	0	8
tower bridge london historia	cri	0	1	0	7
tower bridge london historia	dom	0	1	0	8
tower bridge london historia	gtm	0	1	0	7
tower bridge london historia	mex	0	8	0	8.12
tower bridge london historia	pan	0	1	0	8
tower bridge london historia	per	0	2	0	8.5
tower bridge london historia	pry	0	1	0	7
tower bridge london historia	ury	0	2	0	7
tower bridge london storia	nld	0	1	0	7
tower bridge londra	rou	0	1	0	23
tower bridge londres histoire	can	0	1	0	7
tower bridge londres histoire	fra	0	4	0	7.25
tower bridge londres histoire	glp	0	1	0	9
tower bridge londyn	gbr	0	2	0	7.5
tower bridge puzzle 3d	deu	0	1	0	11
tower bridge puzzle 3d	esp	0	1	0	5
tower bridge significado	bra	0	3	0	10
tower bridge story	fra	0	1	0	9
tower bridge taille	fra	0	1	0	10
tower brifge	bel	0	1	0	8
toy story t34	pol	0	1	0	2
toys designed	usa	0	1	0	24
trex puzzle	fra	0	1	0	1
trgovina z lesenimi igračami	ita	0	1	0	29
trgovina za mlađu djecu	fra	0	1	0	28
trgovina za mlađu djecu	idn	0	1	0	25
trgovina za mlađu djecu	ukr	0	1	0	25
triomfboog puzzel	nld	0	1	0	5
trylleskole	dnk	0	3	0	18.33
trädhushotell småland	swe	0	1	0	81
träpussel	bgr	0	1	0	24
träpussel	swe	0	1	0	24
träpussel 3d	swe	0	4	0	4.5
træ gevær	dnk	0	1	0	1
træ pistol	dnk	0	1	0	1
træ puslespil	dnk	0	7	0	22.57
træpuslespil	dnk	0	2	0	29.5
tu as des image	fra	0	1	0	4
tulipaner symbolik	dnk	0	1	0	12
tulpe bauen	deu	0	2	0	11
tulupani	ita	0	1	0	2
turistbus	dnk	0	5	0	59.4
turistbus ikast	dnk	0	1	0	63
turntable puzzle	che	0	1	0	15
tutorial para armarlo	esp	0	1	0	3
tvaikonis	lva	0	1	0	23
tw011	nld	0	7	0	15.29
tw041	kor	0	1	0	4
tw042	fra	0	1	0	8
tw071	fra	0	1	0	6
typewriter wooden puzzle	chl	0	1	0	2
typewriter wooden puzzle	dnk	0	1	0	2
typewriter wooden puzzle	usa	0	2	0	1
tökéletes valentin napi ajándék	hun	0	3	0	18.33
udnyttelse af loftrum	dnk	0	6	0	60
udnyttelse af loftrum pris	dnk	0	11	0	58.27
uganke za možgane	svn	0	1	0	25
układanki 3d	pol	0	1	0	4
ulička do knihovny	cze	0	7	0	6.43
umetak za policu	hrv	0	4	0	3.25
umiejętności motoryczne	pol	0	1	0	11
ure i træ	dnk	0	1	0	47
valentin napi kicsi ajándékok	arg	0	1	0	17
valentin napi kicsi ajándékok	bra	0	1	0	15
valentin napi kicsi ajándékok	hnd	0	1	0	16
valentino diena	gbr	0	2	0	60
valentino diena dovanos	ltu	0	1	0	17
valentinsdags gaver	dnk	0	1	0	12
valentinsdagsgave	dnk	0	1	0	11
valentýn dárek	cze	0	5	0	10
valentīndienas dāvanas	lva	0	1	0	37
valeur	nld	0	1	0	2
valor	che	0	1	0	1
vediamo	ita	0	1	0	1
venta de puzzles de madera al por mayor	esp	0	1	0	7
verjaardagcadeaus	che	0	1	0	46
verjaardagcadeaus	esp	0	1	0	42
verjaardagcadeaus	fra	0	10	0	42.6
verjaardagcadeaus	hnd	0	1	0	47
verjaardagcadeaus	jor	0	1	0	44
vezbe za razvoj motorike kod dece	aut	0	1	0	9
video anleitung	deu	0	1	0	2
view all games & puzzles rokr	gbr	0	3	0	38.67
vikšrinės technikos važiuoklės dalys	ltu	0	1	0	48
vilka utomhusleksaker är bäst för att stimulera barns motoriska färdigheter?	swe	0	5	0	7.2
vinalle	bra	0	1	0	96
vinalle	deu	0	1	0	77
vinalle	ita	0	2	0	70
vitascope	hun	0	1	0	2
vitascope	ita	0	10	0	4.7
vitascope	pol	0	2	0	1
vitascope lk601	nld	0	6	0	8.83
vitascope rokr	esp	0	1	0	8
vitascope rokr	fra	0	2	0	8
vitascope rokr	ita	0	1	0	4
voiture 3d puzzle	fra	0	4	0	4.25
voiture en 3d	fra	0	3	0	22.67
vonatos puzzle	hun	0	1	0	11
vrouwen cadeaus top 10	nld	0	1	0	69
vyprodej darku	cze	0	1	0	15
väggdekor grävmaskin	swe	0	1	0	26
výprodej dárků	cze	0	2	0	10
waar kopen	nld	0	1	0	15
waar kun je dit kopen	nld	0	1	0	5
wann wurde die tower bridge gebaut	deu	0	1	0	33
wanneer is de tower bridge gebouwd	gbr	0	1	0	11
wanneer is de tower bridge gebouwd	nld	0	3	0	12
warszawa m20	hun	0	2	0	2
warum ist die tower bridge so berühmt	deu	0	4	0	7.5
was kann man einem mann schenken der schon alles hat	deu	0	1	0	42
was schenkt man einem mann der alles hat	deu	0	1	0	47
was schenkt man einem mann der schon alles hat	deu	0	1	0	35
wat is de duurste	nld	0	1	0	3
welche baukästen sind am besten für den kreativen ausdruck?	deu	0	1	0	2
welche baukästen sind gut für die entwicklung der feinmotorik?	deu	0	4	0	7.75
welche baukästen sind gut für die entwicklung der feinmotorik?	ind	0	1	0	19
welche farbe hat die tower bridge	deu	0	4	0	8.25
welk merk	nld	0	1	0	15
welk speelgoed helpt bij de motorische ontwikkeling?	bel	0	1	0	10
wer hat die tower bridge gebaut	deu	0	1	0	31
weuter	deu	0	1	0	3
what do you call miniature houses	phl	0	1	0	11
what is rokr	nzl	0	1	0	9
what is rokr	usa	0	3	0	6.67
what's the age range	usa	0	1	0	6
where can i buy this	usa	0	1	0	25
where can i buy this and for how much	usa	0	1	0	32
where can i buy this online?	usa	0	1	0	17
where is rokr based	usa	0	1	0	10
where is rokr from	bel	0	1	0	6
where is rokr from	jpn	0	1	0	6
where is rokr from	mys	0	1	0	7
where is rokr from	usa	0	1	0	6
where is rokr located	usa	0	1	0	9
why is london bridge so famous?	deu	0	1	0	10
why is the tower bridge famous	nld	0	5	0	8.6
why is tower bridge famous	fra	0	1	0	9
why is tower bridge famous	nld	0	1	0	11
wieviel teile	deu	0	1	0	1
wieza eiffla podświetlana	fra	0	1	0	12
wieza eiffla podświetlana	pol	0	2	0	5.5
wieża eiffla 3d puzzle	pol	0	3	0	3.67
wieża eiffla puzzle 3d led	pol	0	2	0	1
wkładka w książce na mapie tablice	pol	0	1	0	4
wood 3d puzzle	cze	0	1	0	9
wood 3d puzzle	hun	0	1	0	11
wood 3d puzzle	usa	0	1	0	40
wood flower puzzle	bel	0	1	0	10
wood puzzle 3d	ita	0	7	0	4.43
wood puzzle 3d	pol	0	4	0	3.25
wood puzzle 3d	usa	0	1	0	15
wood windmill kit	usa	0	1	0	1
wooden 3d animals	usa	0	1	0	4
wooden 3d puzzle	cze	0	1	0	8
wooden 3d puzzles	dnk	0	1	0	8
wooden ak 47	cze	0	2	0	2
wooden ak 47	fin	0	2	0	14.5
wooden ak 47	gbr	0	1	0	21
wooden ak 47	pol	0	1	0	1
wooden ak47	col	0	1	0	27
wooden ak47	gbr	0	1	0	24
wooden ak47	usa	0	1	0	27
wooden ape	ita	0	1	0	1
wooden art gifts	usa	0	1	0	82
wooden bloom box	ita	0	3	0	10.33
wooden build	bra	0	1	0	61
wooden building puzzles	ind	0	1	0	9
wooden elephant puzzle	svn	0	1	0	10
wooden flower bouquet rowood	pol	0	1	0	5
wooden flower puzzle	aut	0	1	0	6
wooden flower puzzle	bel	0	2	0	8.5
wooden flower puzzle	cze	0	4	0	8.25
wooden flower puzzle	esp	0	2	0	11
wooden flower puzzle	fra	0	1	0	16
wooden flower puzzle	ita	0	8	0	10.25
wooden flower puzzle	nld	0	5	0	11
wooden flower puzzle	rou	0	1	0	6
wooden flower puzzle 3d	cze	0	3	0	4.33
wooden flower puzzle 3d	nld	0	1	0	6
wooden flower puzzles	esp	0	1	0	8
wooden flower puzzles	nld	0	1	0	10
wooden keyboard	grc	0	1	0	10
wooden machines	usa	0	1	0	3
wooden mechanical 3d puzzle wall clock zodiac rokr lc601	usa	0	1	0	1
wooden mechanical toys	usa	0	1	0	2
wooden puzzle 3d	ita	0	2	0	3.5
wooden puzzle action	fra	0	1	0	8
wooden puzzle action	ita	0	1	0	5
wooden puzzle action	nld	0	2	0	9.5
wooden puzzle action	pol	0	1	0	10
wooden puzzle building kits	ind	0	1	0	11
wooden puzzle elephant	svk	0	1	0	10
wooden puzzle flower	usa	0	1	0	14
wooden puzzle flowers	deu	0	1	0	10
wooden puzzle flowers	fra	0	1	0	10
wooden puzzle flowers	pol	0	2	0	11
wooden puzzle flowers	usa	0	2	0	12.5
wooden puzzles 3d	usa	0	1	0	3
wooden tank model	usa	0	2	0	1
wooden tommy gun	gbr	0	1	0	29
wygeneruj obraz	pol	0	1	0	7
wyprzedaż puzzli	pol	0	3	0	11
z action	pol	0	1	0	1
za ile kupić	pol	0	1	0	5
zabawka	pol	0	1	0	11
zegar sowa	pol	0	1	0	1
zegar z kukułką drewniany	pol	0	1	0	28
zegar z kukułką mechaniczny	pol	0	1	0	5
zestawy do budowania dla dorosłych	pol	0	1	0	11
znajdź drewniane puzzle 3d z szybką dostawą na terenie polski.	pol	0	5	0	3.6
zvejas laivas	gbr	0	1	0	3
zvezdna noč opis slike	bra	0	1	0	37
zvezdna noč opis slike	phl	0	1	0	34
zvezdna noč opis slike	pol	0	1	0	39
állatos kirakó	hun	0	1	0	46
állatos puzzle	hun	0	1	0	50
äge kingitus naisele	est	0	2	0	32.5
írógép	hun	0	1	0	1
čarobni pianino	svn	0	2	0	5
čím potěšit ženu	cze	0	1	0	38
ładowarka mechaniczna	pol	0	1	0	2
świecący globus	pol	0	19	0	6.32
šopek rož	svn	0	2	0	1
ένθετο ράφι	grc	0	2	0	1
γέφυρα του λονδίνου	cyp	0	3	0	13.33
γέφυρα του λονδίνου	gbr	0	1	0	11
γέφυρα του λονδίνου	grc	0	5	0	5.4
γεφυρα λονδινου	gbr	0	3	0	3.67
γεφυρα λονδινου	grc	0	6	0	6.33
δωρα γενεθλιων	grc	0	2	0	30
δωρα για γενεθλια	grc	0	1	0	33
δωρο γενεθλιων	grc	0	2	0	33.5
δώρα γενεθλίων	grc	0	1	0	27
δώρα για γενέθλια	grc	0	1	0	35
δώρα για κορίτσια	grc	0	4	0	3.25
ιδέεσ για δώρα γενεθλίων	cyp	0	1	0	9
ιδεες για δωρο γενεθλιων	deu	0	1	0	10
καρουζελ	grc	0	4	0	11.75
μηχανικό πιάνο	grc	0	7	0	4.57
μινιατουρα	grc	0	1	0	1
μινιατουρα καφε	grc	0	11	0	4.82
πιάνο με ουρά	grc	0	1	0	14
τα καλυτερα δωρα για αγορια	grc	0	1	0	4
борса за дървен материал	bgr	0	1	0	98
бук нук	bgr	0	1	0	7
где купить	pol	0	1	0	7
да	bgr	0	1	0	4
да	rus	0	1	0	2
дървен градински стол	bgr	0	1	0	41
дървен материал плевен цени	bgr	0	1	0	81
дървен пъзел	bgr	0	13	0	4.92
дървен пъзел за възрастни	bgr	0	6	0	7.17
дървен уокър	bgr	0	1	0	45
дървени макети за сглобяване	tur	0	1	0	8
идеи за подарък за жена	bgr	0	11	0	9
идеи за подарък на жена	bgr	0	1	0	5
идеи за подаръци за жена	bgr	0	10	0	8.4
интересен подарък за мъж	bgr	0	11	0	2
как се лепи пъзел	bgr	0	2	0	3.5
как собрать?	blr	0	1	0	4
какво да правим при силен стрес	bgr	0	1	0	76
какво е това	bgr	0	1	0	3
купити схожий	ukr	0	1	0	8
лондон бридж	bgr	0	2	0	9
лондон мост	bgr	0	1	0	9
лондонска кула	bgr	0	1	0	36
лондонски мост	bgr	0	1	0	9
машина	rus	0	1	0	1
механичен музикален инструмент	bgr	0	5	0	5.2
мини библиотека	bgr	0	2	0	1
миниатюрни	bgr	0	4	0	7
нарисуй примерно	rus	0	1	0	21
оригинален подарък за мъж	bgr	0	1	0	1
оригинални подаръци за мъж	bgr	0	8	0	4.12
питам	bgr	0	1	0	8
подарък за него	bgr	0	2	0	4
подарък за рожден ден	bgr	0	1	0	62
подаръци за рождени дни	bgr	0	2	0	26.5
пъзел кубчета	bgr	0	1	0	33
пъзел с цветя	bgr	0	2	0	8
роботайм	bgr	0	5	0	7.4
скъпи подаръци	bgr	0	1	0	10
тауър	bgr	0	3	0	9.67
тауър бридж	deu	0	1	0	4
тауър бридж	gbr	0	8	0	3.88
тауър лондон	bgr	0	1	0	11
уникален подарък за мъж	bgr	0	1	0	8
фото	rus	0	1	0	2
العاب بازل	sau	0	1	0	7
بزل 3d	jor	0	3	0	1
بزل 3d	sau	0	2	0	2.5
روليف	kwt	0	1	0	17
ماكيت خشب مجسم	egy	0	1	0	3
どうぐは？	jpn	0	1	0	1
どれが一番人気?	jpn	0	1	0	7
ネットに売ってる？	jpn	0	1	0	28
難易度	jpn	0	1	0	3
