query	country	clicks	impressions	ctr	position
rowood	ita	47	296	0.158784	1.66
rokr	pol	23	195	0.117949	1.21
rolife	pol	16	453	0.03532	3.26
rowood fiori	ita	15	120	0.125	1.3
rolife	bgr	14	163	0.08589	3.64
rowood	esp	14	202	0.069307	2.14
rowood	fra	12	396	0.030303	3.6
rowood fleur	fra	12	170	0.070588	3.35
puzzle 3d	fra	11	5981	0.001839	4.57
robotoys	cze	11	59	0.186441	1.15
3d puzzle	deu	9	4390	0.00205	4.34
robotoys	esp	9	14	0.642857	1
robotoys	nld	9	15	0.6	1.07
rokr modele	pol	9	50	0.18	1.06
robotoys	che	8	18	0.444444	1
rokr	ita	8	851	0.009401	4.43
rolife	cze	8	198	0.040404	2.11
rowood flores	esp	8	76	0.105263	2.24
book nook hrvatska	hrv	7	48	0.145833	6.29
miniatyrhus	swe	7	148	0.047297	2.33
robotoys	deu	7	13	0.538462	1
rokr stavebnice	cze	7	65	0.107692	1.52
rolife	ita	7	629	0.011129	5.24
rolife	prt	7	472	0.014831	4.63
rowood	pol	7	45	0.155556	1.04
robotoys	hun	6	11	0.545455	1
rokr byggsats	swe	6	57	0.105263	1.82
rolife eesti	est	6	26	0.230769	1.08
rolife puzzle 3d	ita	6	105	0.057143	4.01
rowood	prt	6	46	0.130435	1.98
тауър бридж	bgr	6	109	0.055046	3.06
3d fa puzzle	hun	5	86	0.05814	7.08
robotoys	ita	5	7	0.714286	1
robotoys	pol	5	8	0.625	1
rokr	cze	5	112	0.044643	3.53
rokr maquetas	esp	5	369	0.01355	6.02
rokr puzzle	ita	5	236	0.021186	4.74
rolife	dnk	5	467	0.010707	3.91
rolife	est	5	81	0.061728	3.05
rolife	hun	5	267	0.018727	3.13
rowood	swe	5	27	0.185185	1.44
rowood flower	ita	5	33	0.151515	3.76
3d dřevěné puzzle	cze	4	69	0.057971	4.64
3d fa puzzle felnőtteknek	hun	4	77	0.051948	1.44
3d puzzel	nld	4	1496	0.002674	3.77
book nook slovenija	svn	4	20	0.2	1.6
dřevěné 3d puzzle	cze	4	79	0.050633	2.15
puzzle 3d	pol	4	5165	0.000774	4.45
robotoys	bgr	4	5	0.8	1
robotoys	prt	4	4	1	1
rokr	esp	4	677	0.005908	5.44
rokr 3d puzzle	cze	4	22	0.181818	1.14
rowood puzzle 3d	ita	4	34	0.117647	1.09
3d pussel	swe	3	833	0.003601	4.24
3d puzzel voor volwassenen	nld	3	250	0.012	3.9
3д пъзел за възрастни	bgr	3	4	0.75	11.5
book nook	svn	3	60	0.05	4.08
book nook eesti	est	3	16	0.1875	3.25
book nook цена	bgr	3	25	0.12	9.04
fa 3d puzzle	hun	3	32	0.09375	2.16
fleur rowood	fra	3	27	0.111111	3.3
houten 3d puzzel	nld	3	191	0.015707	3.77
miniature byggesæt	dnk	3	39	0.076923	6.72
miniatyrhus byggsats	swe	3	105	0.028571	10.81
miniatűr	hun	3	15	0.2	8.2
o que oferecer a um homem que tem tudo	prt	3	210	0.014286	10.47
robotoys	fra	3	12	0.25	1
rokr	bgr	3	46	0.065217	4.63
rolfie	pol	3	9	0.333333	2.78
rolife	grc	3	89	0.033708	9.17
rolife sverige	swe	3	45	0.066667	3.93
rolife цена	bgr	3	9	0.333333	3.56
rowood	cze	3	27	0.111111	1.78
rowood kwiaty	pol	3	28	0.107143	1.04
rowood puzzle	ita	3	12	0.25	1.08
3d houten puzzel	nld	2	124	0.016129	3.81
3d pussel trä	swe	2	79	0.025316	5.67
3d pussel vuxna	swe	2	255	0.007843	4.6
3d puzzel hout	nld	2	221	0.00905	2.6
3d puzzel volwassenen	nld	2	201	0.00995	5.2
3d puzzle auto	cze	2	36	0.055556	3.08
3d puzzle dřevěné	cze	2	60	0.033333	1.55
3d puzzle tank	hun	2	2	1	1
3d puzzle windmill	rou	2	2	1	1
3d puzzle za odrasle	hrv	2	34	0.058824	2.06
3d træ puslespil	dnk	2	10	0.2	1.5
book nook mladinska knjiga	svn	2	37	0.054054	3.57
bygga miniatyrhus material	swe	2	26	0.076923	5.31
drewniane puzzle 3d	pol	2	410	0.004878	3.81
fa puzzle	hun	2	265	0.007547	8.1
houten 3d puzzels volwassenen	nld	2	29	0.068966	2.59
little story puzzle 3d	pol	2	28	0.071429	3.25
puzzle 3d legno	ita	2	320	0.00625	5.11
puzzle drewniane 3d	pol	2	178	0.011236	4.01
robotoy	fra	2	2	1	1
robotoys	aus	2	26	0.076923	6.5
robotoys	bel	2	2	1	1
robotoys	chl	2	2	1	1
robotoys	dnk	2	6	0.333333	1
robotoys	svn	2	2	1	1
robotoys	usa	2	22	0.090909	6.23
robtoys	prt	2	2	1	1
rokr	hun	2	96	0.020833	4.06
rokr	swe	2	109	0.018349	5.2
rokr 3d puzzle	hun	2	35	0.057143	5.23
rokr ak47	ita	2	4	0.5	3.5
rokr italia	ita	2	28	0.071429	1.57
rokr thompson	fra	2	7	0.285714	7.29
rolife alice's tea store	ita	2	3	0.666667	1
rolife greece	grc	2	11	0.181818	3.27
rolife italia	ita	2	91	0.021978	3.85
rolife makett	hun	2	24	0.083333	1.58
roowood	prt	2	2	1	2.5
rowood	bgr	2	19	0.105263	2.84
rowood	dnk	2	14	0.142857	1.14
rowood	nor	2	29	0.068966	3.24
rowood	usa	2	287	0.006969	8.69
rowood fleurs	fra	2	12	0.166667	3.42
rowood flowers	usa	2	93	0.021505	10.61
rowood sito ufficiale	ita	2	14	0.142857	2.5
tower bridge historie	dnk	2	12	0.166667	2.5
tower bridge historie	gbr	2	3	0.666667	2
1	cze	1	1	1	3
150zl	pol	1	1	1	1
3 d puslespil	dnk	1	25	0.04	2.88
3d flipper	hun	1	10	0.1	5.3
3d flower puzzle	gbr	1	4	0.25	4.25
3d pusle	est	1	75	0.013333	42.72
3d pusled	est	1	63	0.015873	44.79
3d puslespil træ	dnk	1	34	0.029412	2.82
3d puzzle	phl	1	142	0.007042	3.91
3d puzzle	tto	1	1	1	3
3d puzzle	usa	1	99	0.010101	20.92
3d puzzle architecture	fin	1	1	1	1
3d puzzle colosseum	mus	1	1	1	1
3d puzzle drevene	cze	1	7	0.142857	2.43
3d puzzle fa	hun	1	15	0.066667	6.13
3d puzzle flower bouquet	hun	1	1	1	10
3d puzzle holz schiff	deu	1	37	0.027027	9.43
3d puzzle rolife	cze	1	2	0.5	1
3d sestavljanka	svn	1	24	0.041667	6.71
3d stavebnice pro dospělé	cze	1	33	0.030303	9.06
3d träpussel	swe	1	31	0.032258	4.29
3d wooden puzzle architecture	aus	1	1	1	3
3d дървени пъзели	bgr	1	11	0.090909	5.64
amk81	fra	1	8	0.125	6.38
architektur puzzle	deu	1	9	0.111111	13
book nook	hrv	1	43	0.023256	29.95
book nook rolife	cze	1	11	0.090909	2.82
casa miniatura	prt	1	16	0.0625	7.44
casas en miniatura para construir	esp	1	4	0.25	18
casette da costruire in miniatura	ita	1	42	0.02381	8.26
casette in miniatura da costruire	ita	1	40	0.025	11.15
casitas de miniatura	esp	1	3	0.333333	14.67
costruzioni 3d legno	ita	1	16	0.0625	3.75
costruzioni in miniatura	ita	1	16	0.0625	10.69
darila za rojstni dan	svn	1	5	0.2	18.8
darilo za moškega ki ima vse	svn	1	130	0.007692	8.7
dg155	ita	1	1	1	1
dg166	ltu	1	1	1	1
diy miniature house cathy's flower house	cze	1	2	0.5	4.5
diy miniatyrhus	swe	1	36	0.027778	9.28
diy miniatűr ház	hun	1	61	0.016393	3.39
dora's loft rolife	pol	1	2	0.5	1.5
dove acquistarlo	ita	1	1	1	2
dream gift factory rokr	hun	1	2	0.5	2
drewniane puzzle 3d zwierzęta	pol	1	6	0.166667	3.83
dřevěná puška	cze	1	2	0.5	11.5
dřevěné 3d stavebnice	svk	1	1	1	4
dřevěné puzzle 3d	cze	1	69	0.014493	3.49
dřevěné stavebnice pro dospělé	cze	1	60	0.016667	2.93
eco wood art	bgr	1	2	0.5	7
eco-wood-art	cze	1	2	0.5	4
eiffel tower wooden puzzle	rou	1	1	1	5
fa puzzle 3d	hun	1	31	0.032258	5.87
fa puzzle felnőtteknek	hun	1	71	0.014085	7.01
fakta om tower bridge	dnk	1	14	0.071429	3.64
fotó	hun	1	1	1	2
fából készült virágok	hun	1	7	0.142857	10.86
gdje ima za kupiti	hrv	1	1	1	1
gdzie kupic w polsce	pol	1	1	1	1
histoire tower bridge	fra	1	14	0.071429	6.21
houten 3d modellen	nld	1	16	0.0625	1.56
igen szeretném	hun	1	1	1	2
kalaschnikow ak 47	deu	1	1	1	9
kaufen	deu	1	1	1	1
kde koupit	cze	1	2	0.5	16.5
kiek kainuoja	ltu	1	1	1	1
kingiideed naisele	est	1	28	0.035714	30.04
kur pigiausia	ltu	1	1	1	1
könyvkuckó	hun	1	6	0.166667	28.67
lav 3d	hrv	1	3	0.333333	3.33
lc901c	rou	1	1	1	2
linkami	fra	1	1	1	1
little story	deu	1	18	0.055556	5.28
little story drewniane puzzle model 3d	pol	1	16	0.0625	6.25
little story puzzle 3d	aut	1	1	1	2
little story puzzle 3d	fra	1	3	0.333333	1
lk703c	lva	1	1	1	3
lokomotywa	pol	1	1	1	4
magic piano rokr	esp	1	6	0.166667	4.17
makete kuca	hrv	1	2	0.5	5
maqueta sagrada familia	esp	1	1	1	1
marble parkour rokr	ita	1	1	1	2
medines 3d deliones	ltu	1	25	0.04	6.52
miller's garden diy miniature house	esp	1	1	1	2
miller's garden rolife	nld	1	15	0.066667	2.4
mini case da costruire	fra	1	1	1	3
mini pistola	svn	1	4	0.25	1
mini pistole	svn	1	4	0.25	1
mini rooms	bel	1	3	0.333333	6.33
miniatura maja	lva	1	12	0.083333	5.25
miniature case	ita	1	15	0.066667	7.33
miniaturní domečky	cze	1	44	0.022727	3.45
miniaturowe domki	pol	1	43	0.023256	11.23
miniatyr byggsats	swe	1	3	0.333333	26
miniatyr hus	swe	1	136	0.007353	9.93
miniatyr hus byggsats	swe	1	26	0.038462	9.46
miniatyrhus diy	swe	1	11	0.090909	10.73
miniatyrhus trädgård	swe	1	9	0.111111	7.11
miniatūru māja cenas	lva	1	8	0.125	3.75
miniatűr ház makett	hun	1	20	0.05	3.25
mose's detective agency	aut	1	2	0.5	4.5
negozi in miniatura	ita	1	13	0.076923	5.46
non sono questi	ita	1	1	1	1
per i commercianti	ita	1	1	1	1
pinball rokr	cze	1	3	0.333333	1.33
playful mario 3d wood puzzle	grc	1	7	0.142857	8.71
poskladat	svk	1	1	1	2
prendas de aniversário homem	prt	1	1	1	3
puzle 3d	fra	1	19	0.052632	4.79
puzzle 3d	arm	1	2	0.5	4
puzzle 3d	bel	1	309	0.003236	4.93
puzzle 3d	idn	1	112	0.008929	3.96
puzzle 3d	reu	1	16	0.0625	4.56
puzzle 3d bois difficile	bel	1	1	1	12
puzzle 3d flores	esp	1	18	0.055556	4
puzzle 3d in legno	lka	1	1	1	3
puzzle 3d kwiaty	pol	1	27	0.037037	3.41
puzzle 3d legno adulti	ita	1	19	0.052632	7.42
puzzle 3d madera	esp	1	211	0.004739	3.45
puzzle 3d rokr	pol	1	3	0.333333	1.33
puzzle 3d sakura	ita	1	2	0.5	1
puzzle architektura	pol	1	14	0.071429	3.07
puzzle in legno 3d	ita	1	43	0.023256	12.07
puzzle przestrzenne	pol	1	94	0.010638	1.79
puzzle rokr	esp	1	5	0.2	3.2
puzzle rolife 3d	ita	1	3	0.333333	2
puzzle sagrada familia	deu	1	15	0.066667	2
puzzle sagrada familia 3d	esp	1	22	0.045455	1.09
quebra cabeça 3d	pry	1	3	0.333333	4
regalos caros para niños	usa	1	2	0.5	1
robotime	est	1	2	0.5	37
robotime 3d	cze	1	15	0.066667	6.2
robotime 3d puzzle	cze	1	31	0.032258	4.03
robotime bg	bgr	1	77	0.012987	6.74
robotime sakura densya	cze	1	1	1	1
robotoy	bel	1	2	0.5	1
robotoy	hun	1	3	0.333333	1.67
robotoys	bra	1	5	0.2	1.8
robotoys	cri	1	1	1	1
robotoys	ecu	1	1	1	1
robotoys	gbr	1	8	0.125	1.12
robotoys	grc	1	38	0.026316	1.03
robotoys	hkg	1	16	0.0625	6.31
robotoys	ind	1	7	0.142857	1.14
robotoys	mex	1	2	0.5	1
robotoys	per	1	4	0.25	1
robotoys	qat	1	1	1	1
robotoys	srb	1	1	1	1
robotoys	svk	1	46	0.021739	5.67
robotoys	swe	1	3	0.333333	1
robotoys	ukr	1	3	0.333333	1
rockr puzzle	ita	1	2	0.5	5
rokr	dnk	1	91	0.010989	3.98
rokr	est	1	27	0.037037	3.44
rokr	fra	1	39	0.025641	15.51
rokr	hrv	1	47	0.021277	5.85
rokr	ltu	1	27	0.037037	7.26
rokr	svn	1	14	0.071429	6.29
rokr 3d pinball	cze	1	5	0.2	3
rokr ak 47	hrv	1	1	1	1
rokr ak 47	pol	1	2	0.5	1
rokr ak-47	pol	1	1	1	1
rokr ak47	esp	1	3	0.333333	3.33
rokr book nook	cze	1	1	1	3
rokr chocolate factory	ita	1	3	0.333333	3
rokr company	can	1	1	1	11
rokr dream gift factory	pol	1	4	0.25	2.75
rokr españa	esp	1	40	0.025	4.22
rokr macchina da scrivere	ita	1	29	0.034483	3.07
rokr marble parkour	dnk	1	1	1	4
rokr mechanical typewriter lk703b	isl	1	1	1	4
rokr modele	deu	1	2	0.5	1
rokr pinball machine	pol	1	2	0.5	4.5
rokr puzzle	pol	1	11	0.090909	1.82
rokr puzzle 3d	ita	1	118	0.008475	5.25
rokr puzzles	esp	1	39	0.025641	4.74
rokr revolver	ita	1	1	1	1
rokr space shuttle 3d wooden puzzle lka02	bgr	1	1	1	12
rokr vitascope	hun	1	2	0.5	3.5
rokr vitascope	pol	1	1	1	2
rokra	pol	1	3	0.333333	4
rolife	esp	1	948	0.001055	6.98
rolife	ltu	1	79	0.012658	5.33
rolife	lva	1	73	0.013699	13.67
rolife	nor	1	4	0.25	13.25
rolife 3d	hun	1	2	0.5	2.5
rolife 3d puzzle	cze	1	4	0.25	1.5
rolife 3d puzzle	hun	1	13	0.076923	2.31
rolife 3d puzzle	pol	1	3	0.333333	4.33
rolife 3d wooden puzzle - classic carousel amc01	grc	1	1	1	12
rolife book nook	cze	1	66	0.015152	2.71
rolife book nook	lva	1	1	1	8
rolife book nook sakura	ita	1	7	0.142857	3.14
rolife christmas street	gbr	1	10	0.1	3.9
rolife christmas street	usa	1	4	0.25	3
rolife classic carousel 3d wooden puzzle amc01	prt	1	1	1	3
rolife dg102	pol	1	2	0.5	1.5
rolife dora's loft	pol	1	4	0.25	1.25
rolife españa	esp	1	102	0.009804	6.25
rolife europe	ita	1	2	0.5	2.5
rolife evergreen pine bonsai	ltu	1	1	1	2
rolife italy	ita	1	2	0.5	3.5
rolife mose's detective agency	gbr	1	1	1	24
rolife negozi italia	ita	1	8	0.125	1.5
rolife pagoda	pol	1	1	1	1
rolife portugal	prt	1	53	0.018868	3.81
rolife puzzle	cze	1	1	1	1
rolife puzzle 3d	pol	1	20	0.05	3.45
rolife sakura dreamy tour	dnk	1	1	1	5
rolife sakura pavilion	hrv	1	1	1	3
rolife sakura pavilion	hun	1	2	0.5	3
rolife tgb01	cze	1	2	0.5	1
rolifr	pol	1	3	0.333333	3
rolufe	pol	1	2	0.5	1.5
romantiline kingitus naisele	est	1	17	0.058824	6.76
rompecabezas 3d	esp	1	142	0.007042	4.62
roowood	idn	1	1	1	2
rowood	arg	1	17	0.058824	4.29
rowood	col	1	25	0.04	7.44
rowood	cri	1	17	0.058824	6.12
rowood	ecu	1	3	0.333333	6.67
rowood	isr	1	6	0.166667	4.5
rowood	nld	1	170	0.005882	7.54
rowood	svn	1	14	0.071429	3.14
rowood blumen	deu	1	154	0.006494	9.37
rowood bouquet	ita	1	2	0.5	1.5
rowood fleur	bel	1	5	0.2	6.4
rowood fleur	prt	1	1	1	1
rowood flores	col	1	10	0.1	2.5
rowood flower	bgr	1	2	0.5	3
rowood flower	cze	1	10	0.1	3.1
rowood flower	jpn	1	7	0.142857	9.43
rowood flower	sgp	1	2	0.5	8
rowood flower	tur	1	8	0.125	5.75
rowood flowers	bra	1	2	0.5	4.5
rowood flowers	cyp	1	1	1	3
rowood flowers	ita	1	18	0.055556	3.5
rowood flowers	prt	1	12	0.083333	3.33
rowood flowers	tha	1	6	0.166667	7.83
rowood lily	pol	1	1	1	1
rowood puzzle 3d	deu	1	2	0.5	5.5
rowood sakura	bgr	1	1	1	1
rowood tulip	prt	1	1	1	1
rowwood	pol	1	2	0.5	1
sagrada familia	hrv	1	1	1	1
sagrada familia 3d puzzle	esp	1	5	0.2	3
sagrada familia 3d puzzle	grc	1	2	0.5	1
sagrada familia 3d puzzle	hrv	1	9	0.111111	1
sagrada familia modell	deu	1	24	0.041667	6.79
sakura dream tour	ita	1	5	0.2	4.8
sakura tree house	pol	1	6	0.166667	2.17
si	ita	1	3	0.333333	5.33
simon's coffee	ltu	1	1	1	2
simons coffe	esp	1	5	0.2	4.2
simons coffee	ltu	1	2	0.5	7
speedway motorrad modell	deu	1	30	0.033333	5.2
tgb01	fra	1	2	0.5	7
tgb17	fra	1	1	1	1
tipsy restaurant rolife	hun	1	2	0.5	2
tower bridge histoire	fra	1	52	0.019231	7.71
tower bridge historia	swe	1	8	0.125	9.25
tower bridge história	irl	1	2	0.5	6
tower bridge model	cze	1	1	1	1
vianocny	svk	1	1	1	1
was gibt es noch als alternative	aut	1	1	1	3
wieża eiffla puzzle 3d	pol	1	7	0.142857	7.86
wo kann ich das kaufen?	deu	1	1	1	3
wooden bloom	hun	1	1	1	6
wooden building puzzles	ind	1	2	0.5	9
wooden flower puzzle	ita	1	41	0.02439	8.73
wooden flower puzzles	tur	1	2	0.5	7
wooden windmill kit	usa	1	3	0.333333	1
za odrasle	svn	1	1	1	1
zongora	hun	1	1	1	1
πόσο κοστίζουν	grc	1	1	1	4
де купити в польщі	pol	1	1	1	1
дървен	bgr	1	1	1	1
дървени пъзели	bgr	1	3	0.333333	17
дървени пъзели за възрастни	bgr	1	4	0.25	10.75
пожарная машина	est	1	1	1	1
римляни	bgr	1	1	1	6
с латвии	lva	1	1	1	3
таур	bgr	1	2	0.5	2.5
"""little story"""	swe	0	1	0	4
/360view	idn	0	1	0	1
105 - 13	ltu	0	1	0	6
105+13	ecu	0	1	0	5
105+13	esp	0	2	0	7
13*105	dnk	0	1	0	9
13*105	fra	0	1	0	10
13/105	esp	0	1	0	7
13/105	fra	0	1	0	8
13/105	hun	0	1	0	7
150*199	swe	0	1	0	10
1912 eternal atlantic voyager	esp	0	1	0	9
1912 eternal atlantic voyager	nld	0	2	0	6
2	nld	0	1	0	8
2	svk	0	1	0	3
3 d globus	cze	0	1	0	4
3 d puslespil	swe	0	1	0	2
3 d pussel	bol	0	1	0	3
3 d pussel	deu	0	4	0	4.75
3 d pussel	ind	0	1	0	3
3 d pussel	swe	0	48	0	3.46
3 d puzle	ltu	0	1	0	6
3 d puzle	srb	0	1	0	17
3 d puzzel	aut	0	1	0	7
3 d puzzel	bgr	0	1	0	6
3 d puzzel	deu	0	37	0	3.97
3 d puzzel	fra	0	1	0	3
3 d puzzel	hun	0	3	0	2
3 d puzzel	nld	0	73	0	3.64
3 d puzzel	swe	0	1	0	7
3 d puzzels	nld	0	20	0	4.55
3 d puzzle	aus	0	1	0	6
3 d puzzle	aut	0	3	0	5.67
3 d puzzle	aze	0	1	0	2
3 d puzzle	bel	0	4	0	3
3 d puzzle	bgr	0	5	0	2.2
3 d puzzle	can	0	13	0	5.15
3 d puzzle	che	0	20	0	5.9
3 d puzzle	cze	0	2	0	12.5
3 d puzzle	deu	0	735	0	4.13
3 d puzzle	ecu	0	1	0	2
3 d puzzle	egy	0	3	0	2.67
3 d puzzle	fin	0	1	0	4
3 d puzzle	fra	0	1	0	6
3 d puzzle	gbr	0	3	0	5.33
3 d puzzle	grc	0	3	0	4
3 d puzzle	hkg	0	1	0	2
3 d puzzle	hrv	0	7	0	3
3 d puzzle	hun	0	4	0	4.75
3 d puzzle	ind	0	7	0	3.57
3 d puzzle	isr	0	1	0	2
3 d puzzle	ita	0	8	0	3.62
3 d puzzle	kor	0	1	0	3
3 d puzzle	lka	0	1	0	1
3 d puzzle	mda	0	1	0	5
3 d puzzle	mex	0	1	0	4
3 d puzzle	mlt	0	1	0	2
3 d puzzle	mys	0	1	0	1
3 d puzzle	nld	0	4	0	3.25
3 d puzzle	pak	0	1	0	4
3 d puzzle	phl	0	1	0	4
3 d puzzle	prt	0	1	0	7
3 d puzzle	rou	0	1	0	3
3 d puzzle	sau	0	1	0	2
3 d puzzle	srb	0	1	0	3
3 d puzzle	svk	0	11	0	5.91
3 d puzzle	swe	0	1	0	8
3 d puzzle	tur	0	2	0	3
3 d puzzle	ukr	0	1	0	6
3 d puzzle	usa	0	2	0	5
3 d puzzle	uzb	0	2	0	6
3 d puzzle	zaf	0	1	0	3
3 dimensional puzzles	usa	0	1	0	65
3 dpuzzle	bol	0	1	0	1
3 dpuzzle	deu	0	4	0	4.25
3 dpuzzle	ind	0	1	0	4
30.000 ft	aut	0	1	0	6
3d	hun	0	1	0	7
3d ak 47	deu	0	1	0	3
3d animal puzzles for adults	cze	0	1	0	7
3d architecture puzzle	aus	0	2	0	4.5
3d architecture puzzle	bel	0	1	0	3
3d architecture puzzle	deu	0	2	0	5
3d architecture puzzle	usa	0	1	0	5
3d auta	cze	0	11	0	5.55
3d auta	svk	0	4	0	14.25
3d auto	hun	0	1	0	7
3d auto	lva	0	1	0	7
3d autobus	cze	0	12	0	4.92
3d biene	deu	0	3	0	3.33
3d bloemboeketten	nld	0	1	0	9
3d bo	usa	0	1	0	11
3d bouwpakket hout	nld	0	1	0	3
3d building puzzle	hkg	0	1	0	38
3d building puzzle	sgp	0	1	0	12
3d building puzzles	dza	0	1	0	4
3d building puzzles	grc	0	1	0	6
3d building puzzles	ita	0	1	0	5
3d buzzle	che	0	1	0	4
3d buzzle	egy	0	2	0	3
3d buzzle	fin	0	1	0	6
3d car puzzle	aus	0	3	0	11.67
3d car puzzle	can	0	1	0	11
3d car puzzle	gbr	0	1	0	22
3d car puzzle	nzl	0	1	0	3
3d car puzzle	pol	0	1	0	14
3d car puzzle	usa	0	1	0	16
3d cardboard puzzle	ita	0	1	0	11
3d christmas tree puzzle	usa	0	2	0	67
3d colosseum	pol	0	1	0	11
3d colosseum puzzle	deu	0	1	0	11
3d delione	ltu	0	3	0	9
3d deliones	ltu	0	4	0	12.25
3d drevene mechanicke puzzle	svk	0	1	0	27
3d drevene puzzle	aut	0	1	0	2
3d drevene puzzle	cze	0	12	0	3.67
3d drevene puzzle	svk	0	3	0	7
3d drevene stavebnice	cze	0	1	0	2
3d drvene puzzle	deu	0	1	0	3
3d drvene puzzle	hrv	0	1	0	5
3d drvene slagalice	bih	0	1	0	1
3d drvene slagalice	hrv	0	3	0	4
3d drvene slagalice	srb	0	1	0	37
3d dřevěné puzzle	svk	0	1	0	6
3d dřevěné puzzle	usa	0	1	0	4
3d dřevěné skládačky	cze	0	6	0	7.5
3d dřevěné stavebnice	cze	0	22	0	2.23
3d dřevěné stavebnice	hrv	0	1	0	2
3d eiffel tower model	usa	0	2	0	11
3d eiffel tower puzzle	hun	0	1	0	6
3d elephant puzzle	aus	0	2	0	3
3d elephant puzzle	gbr	0	1	0	2
3d fa	aut	0	1	0	3
3d fa	hun	0	7	0	3.14
3d fa kirakó	hun	0	20	0	5
3d fa makett	hun	0	10	0	4.7
3d fa puzzle	aut	0	1	0	1
3d fa puzzle	fra	0	1	0	3
3d fa puzzle	hrv	0	1	0	2
3d fa puzzle	rou	0	4	0	1.5
3d fa puzzle	ukr	0	1	0	4
3d fa puzzle felnőtteknek	bgr	0	1	0	3
3d fa puzzle felnőtteknek	deu	0	1	0	1
3d fa puzzle felnőtteknek	rou	0	1	0	3
3d fa puzzle felnőtteknek	ukr	0	1	0	1
3d fa puzzle gyerekeknek	hun	0	19	0	2.95
3d flipper	deu	0	1	0	23
3d flipper	nld	0	1	0	33
3d flower puzzle	aus	0	3	0	4.33
3d flower puzzle	can	0	5	0	6
3d flower puzzle	chl	0	1	0	2
3d flower puzzle	cze	0	5	0	8.8
3d flower puzzle	deu	0	3	0	6
3d flower puzzle	dnk	0	2	0	4.5
3d flower puzzle	esp	0	1	0	8
3d flower puzzle	fin	0	1	0	3
3d flower puzzle	geo	0	2	0	2.5
3d flower puzzle	hun	0	3	0	8
3d flower puzzle	ind	0	10	0	5.9
3d flower puzzle	mys	0	1	0	3
3d flower puzzle	nzl	0	1	0	3
3d flower puzzle	rou	0	2	0	7.5
3d flower puzzle	sgp	0	1	0	3
3d flower puzzle	tur	0	1	0	6
3d flower puzzle	usa	0	38	0	6.76
3d flower puzzles	fra	0	1	0	2
3d flower puzzles	nzl	0	1	0	3
3d flower puzzles	usa	0	2	0	2
3d flower puzzles	zaf	0	1	0	1
3d globus	cze	0	51	0	5.92
3d globus	deu	0	2	0	14.5
3d globus	svn	0	2	0	9
3d gun	dnk	0	1	0	1
3d hodiny	cze	0	7	0	3.71
3d hodiny	svk	0	6	0	2.83
3d holz	deu	0	3	0	41.67
3d holz model	aut	0	4	0	3.25
3d holz model	deu	0	31	0	2.65
3d holzpuzzle	che	0	1	0	45
3d holzpuzzle	deu	0	4	0	33.25
3d holzpuzzle	phl	0	1	0	35
3d holzpuzzle erwachsene schwer	deu	0	1	0	37
3d holzpuzzle schiff	che	0	2	0	2.5
3d holzpuzzle schiff	deu	0	1	0	5
3d holzpuzzle tiere	deu	0	6	0	11.33
3d holzpuzzle uhr	deu	0	1	0	28
3d holzpuzzle weihnachten	usa	0	1	0	1
3d holzpuzzles	deu	0	23	0	26.22
3d hout puzzel	bel	0	1	0	4
3d hout puzzel	nld	0	4	0	4.25
3d houten puzzel	bel	0	1	0	5
3d houten puzzel volwassenen	bel	0	7	0	5.71
3d houten puzzel volwassenen	deu	0	1	0	3
3d houten puzzel volwassenen	dnk	0	1	0	4
3d houten puzzel volwassenen	fra	0	1	0	3
3d houten puzzel volwassenen	nld	0	133	0	3.1
3d houten puzzels	bel	0	4	0	4.5
3d houten puzzels	nld	0	14	0	3.86
3d houten puzzels	usa	0	1	0	3
3d houten puzzels voor volwassenen	bel	0	3	0	9.33
3d houten puzzels voor volwassenen	nld	0	36	0	3.25
3d hračky	cze	0	1	0	5
3d jigsaw puzzle	usa	0	1	0	21
3d kirako	hun	0	12	0	4.33
3d kirakó	hun	0	109	0	3.73
3d kirakó	usa	0	1	0	3
3d kirakó felnőtteknek	deu	0	1	0	1
3d kirakó felnőtteknek	hun	0	26	0	4.12
3d kirakó felnőtteknek	ukr	0	2	0	2
3d kirakó gyerekeknek	hun	0	8	0	9.12
3d kit	usa	0	1	0	3
3d koka puzles	lva	0	1	0	9
3d konstruktoriai	ltu	0	4	0	70.5
3d legno	ita	0	1	0	2
3d library puzzle	grc	0	1	0	9
3d lion puzzle	usa	0	1	0	20
3d luzzle	ind	0	1	0	3
3d makett	hun	0	10	0	11
3d mechanické puzzle	cze	0	5	0	5.8
3d medines deliones	ltu	0	24	0	8.42
3d metal puzzle ak47	usa	0	1	0	25
3d miniatur	hun	0	1	0	5
3d model puzzle	usa	0	2	0	17
3d moto	esp	0	2	0	7
3d mudelid	est	0	2	0	1
3d music box	aus	0	1	0	46
3d music box	bel	0	1	0	9
3d notre dame	cze	0	2	0	3.5
3d notre dame	deu	0	1	0	5
3d notre dame puzzle	fra	0	1	0	11
3d notre dame puzzle	hun	0	1	0	1
3d notre dame puzzle	nld	0	1	0	1
3d notre dame puzzle	usa	0	1	0	1
3d ouzzle	can	0	1	0	4
3d ouzzle	che	0	1	0	5
3d ouzzle	deu	0	2	0	6.5
3d ouzzle	ind	0	1	0	6
3d ouzzle	nld	0	1	0	5
3d ouzzle	svk	0	1	0	3
3d ouzzles	ind	0	1	0	3
3d owl puzzle	aut	0	1	0	7
3d palapeli	fin	0	1	0	1
3d pazle	mda	0	3	0	14.33
3d pazle	pol	0	1	0	6
3d pazzle	are	0	1	0	3
3d pazzle	cze	0	1	0	13
3d pazzle	geo	0	1	0	5
3d pazzle	ind	0	1	0	7
3d pazzle	isr	0	1	0	3
3d pazzle	jpn	0	1	0	9
3d pazzle	mda	0	4	0	14.75
3d pazzle	nld	0	1	0	8
3d pazzle	pol	0	1	0	6
3d pazzle	ukr	0	1	0	5
3d pieces	usa	0	1	0	1
3d pinball machine	deu	0	1	0	12
3d pinball machine	pol	0	2	0	4
3d pinball rokr	che	0	1	0	5
3d pinball rokr	deu	0	2	0	6.5
3d pinball rokr	fra	0	1	0	8
3d pinball rokr	pol	0	1	0	2
3d pizzle	arg	0	1	0	4
3d pizzle	can	0	1	0	5
3d pizzle	che	0	2	0	4
3d pizzle	deu	0	6	0	4.67
3d pizzle	hun	0	1	0	4
3d pizzle	idn	0	1	0	2
3d pizzle	ind	0	2	0	3.5
3d pizzle	qat	0	1	0	2
3d pizzle	rus	0	1	0	2
3d pizzle	twn	0	1	0	7
3d printing puzzles	usa	0	1	0	61
3d pusle	dnk	0	3	0	7.33
3d pusle	gbr	0	1	0	7
3d pusle	hun	0	1	0	5
3d pusle	ltu	0	1	0	1
3d pusle	mne	0	1	0	3
3d pusle	nor	0	1	0	4
3d pusle	svn	0	1	0	5
3d pusle	tha	0	1	0	1
3d pusle	usa	0	1	0	5
3d puslespil	dnk	0	436	0	4
3d puslespil	kgz	0	1	0	25
3d puslespil	mex	0	1	0	24
3d puslespil	nor	0	4	0	7.25
3d puslespil	usa	0	1	0	6
3d puslespil voksne	aus	0	1	0	3
3d puslespil voksne	dnk	0	48	0	3.67
3d pussel	ala	0	1	0	3
3d pussel	bel	0	1	0	7
3d pussel	che	0	1	0	4
3d pussel	col	0	1	0	3
3d pussel	deu	0	20	0	5.25
3d pussel	dnk	0	1	0	2
3d pussel	ecu	0	1	0	3
3d pussel	fin	0	6	0	3.17
3d pussel	fra	0	3	0	4.67
3d pussel	gbr	0	2	0	5.5
3d pussel	irl	0	3	0	4.67
3d pussel	irn	0	1	0	4
3d pussel	jor	0	1	0	4
3d pussel	ken	0	1	0	3
3d pussel	nld	0	7	0	4.29
3d pussel	nor	0	3	0	6.33
3d pussel	usa	0	2	0	9.5
3d pussel bil	swe	0	8	0	12.88
3d pussel djur	swe	0	12	0	2.67
3d pussel eiffeltornet	fin	0	2	0	1
3d pussel eiffeltornet	swe	0	3	0	3
3d pussel i trä	swe	0	3	0	4.33
3d pussel vuxen	swe	0	22	0	4.55
3d pussel vuxna	deu	0	1	0	4
3d pussel vuxna	dnk	0	1	0	3
3d pussel vuxna	tha	0	2	0	6
3d pussle	bel	0	1	0	8
3d pussle	deu	0	2	0	4
3d pussle	gbr	0	1	0	5
3d putzle	cze	0	1	0	17
3d putzle	deu	0	10	0	3.4
3d putzle	ita	0	1	0	3
3d putzle	srb	0	1	0	6
3d putzle	svn	0	1	0	5
3d puz	nga	0	1	0	4
3d puze	deu	0	1	0	5
3d puze	esp	0	1	0	3
3d puze	hkg	0	1	0	4
3d puze	ita	0	1	0	4
3d puze	nld	0	29	0	3.24
3d puzel	che	0	1	0	7
3d puzel	deu	0	2	0	4.5
3d puzel	nld	0	5	0	5.4
3d puzel	tur	0	1	0	3
3d puzle	aut	0	1	0	5
3d puzle	bih	0	5	0	4.4
3d puzle	bra	0	1	0	5
3d puzle	can	0	2	0	4.5
3d puzle	che	0	1	0	2
3d puzle	deu	0	2	0	3.5
3d puzle	gbr	0	1	0	6
3d puzle	hrv	0	6	0	4.17
3d puzle	ind	0	2	0	2.5
3d puzle	ltu	0	5	0	5.4
3d puzle	lva	0	2	0	7.5
3d puzle	mkd	0	1	0	5
3d puzle	mne	0	5	0	2.6
3d puzle	per	0	1	0	2
3d puzle	pol	0	3	0	5.67
3d puzle	srb	0	31	0	5.48
3d puzle	svk	0	10	0	4.4
3d puzle	svn	0	4	0	3.5
3d puzle	usa	0	1	0	23
3d puzles	lva	0	20	0	10.5
3d puzz	are	0	1	0	3
3d puzz	can	0	2	0	6
3d puzz	deu	0	2	0	4
3d puzz	gbr	0	2	0	5
3d puzz	ind	0	1	0	2
3d puzz	irl	0	1	0	7
3d puzz	khm	0	1	0	2
3d puzz	nld	0	6	0	3.17
3d puzz	swe	0	1	0	5
3d puzze	bra	0	3	0	4.33
3d puzze	deu	0	4	0	4
3d puzze	ind	0	1	0	6
3d puzze	mex	0	1	0	1
3d puzze	nld	0	2	0	3.5
3d puzzel	abw	0	1	0	2
3d puzzel	are	0	1	0	3
3d puzzel	aus	0	4	0	9.25
3d puzzel	aut	0	3	0	3.67
3d puzzel	bel	0	28	0	9.96
3d puzzel	bra	0	2	0	5.5
3d puzzel	can	0	4	0	6.5
3d puzzel	che	0	4	0	5.25
3d puzzel	col	0	1	0	9
3d puzzel	cyp	0	1	0	3
3d puzzel	cze	0	1	0	4
3d puzzel	deu	0	245	0	4.13
3d puzzel	dnk	0	1	0	5
3d puzzel	egy	0	3	0	2.67
3d puzzel	esp	0	2	0	5.5
3d puzzel	fra	0	3	0	4.67
3d puzzel	gbr	0	7	0	8.43
3d puzzel	hkg	0	1	0	10
3d puzzel	ind	0	31	0	4
3d puzzel	irl	0	2	0	13
3d puzzel	ita	0	4	0	3.5
3d puzzel	jor	0	1	0	2
3d puzzel	jpn	0	1	0	5
3d puzzel	kwt	0	1	0	1
3d puzzel	lbn	0	1	0	2
3d puzzel	lux	0	1	0	3
3d puzzel	mex	0	1	0	2
3d puzzel	mwi	0	1	0	3
3d puzzel	mys	0	1	0	5
3d puzzel	nor	0	6	0	5.17
3d puzzel	nzl	0	1	0	5
3d puzzel	phl	0	1	0	4
3d puzzel	sau	0	2	0	3.5
3d puzzel	swe	0	14	0	3.07
3d puzzel	syr	0	1	0	2
3d puzzel	usa	0	25	0	6.32
3d puzzel	vnm	0	2	0	4.5
3d puzzel	zaf	0	1	0	1
3d puzzel auto	nld	0	4	0	7.75
3d puzzel colosseum	deu	0	1	0	7
3d puzzel colosseum	nld	0	6	0	8.5
3d puzzel dieren	nld	0	3	0	12.67
3d puzzel gebouwen	bel	0	1	0	3
3d puzzel gebouwen	nld	0	68	0	5.6
3d puzzel hout	aut	0	1	0	2
3d puzzel hout	bel	0	53	0	5.25
3d puzzel hout	deu	0	7	0	2.43
3d puzzel hout	fra	0	1	0	1
3d puzzel hout	hkg	0	1	0	4
3d puzzel hout	irl	0	2	0	3.5
3d puzzel hout	tha	0	1	0	1
3d puzzel intertoys	nld	0	1	0	35
3d puzzel kopen	bel	0	12	0	17.33
3d puzzel kopen	ita	0	1	0	20
3d puzzel kopen	nld	0	16	0	13.94
3d puzzel kopen	usa	0	1	0	16
3d puzzel notre dame	bel	0	1	0	21
3d puzzel notre dame	nld	0	1	0	1
3d puzzel toren van pisa	nld	0	1	0	1
3d puzzel tower bridge	deu	0	1	0	1
3d puzzel vliegtuig	nld	0	7	0	4
3d puzzel volwassenen	bel	0	6	0	3.5
3d puzzel voor volwassenen	bel	0	89	0	4.72
3d puzzel voor volwassenen	bra	0	1	0	2
3d puzzel voor volwassenen	deu	0	1	0	3
3d puzzel voor volwassenen	fra	0	1	0	3
3d puzzels	aus	0	11	0	9.55
3d puzzels	aut	0	2	0	4
3d puzzels	bel	0	39	0	7.13
3d puzzels	bgd	0	1	0	6
3d puzzels	bgr	0	1	0	1
3d puzzels	bra	0	1	0	4
3d puzzels	can	0	23	0	7.39
3d puzzels	che	0	1	0	7
3d puzzels	deu	0	6	0	4.5
3d puzzels	esp	0	1	0	6
3d puzzels	fra	0	3	0	5.33
3d puzzels	gbr	0	41	0	5.9
3d puzzels	ind	0	13	0	5.54
3d puzzels	irn	0	1	0	4
3d puzzels	irq	0	3	0	3.33
3d puzzels	jpn	0	1	0	5
3d puzzels	lka	0	1	0	3
3d puzzels	nld	0	333	0	5.06
3d puzzels	nor	0	1	0	4
3d puzzels	nzl	0	5	0	6.2
3d puzzels	phl	0	1	0	3
3d puzzels	pri	0	1	0	2
3d puzzels	sau	0	1	0	4
3d puzzels	syr	0	1	0	4
3d puzzels	tur	0	2	0	3
3d puzzels	usa	0	124	0	7.71
3d puzzels	zaf	0	8	0	3.38
3d puzzels hout	bel	0	3	0	4
3d puzzels hout	cri	0	1	0	4
3d puzzels hout	deu	0	1	0	4
3d puzzels hout	nld	0	16	0	3.12
3d puzzels volwassenen	nld	0	36	0	4.58
3d puzzels volwassenen	usa	0	1	0	5
3d puzzels voor volwassenen	bel	0	8	0	12.12
3d puzzels voor volwassenen	can	0	1	0	1
3d puzzels voor volwassenen	deu	0	2	0	15.5
3d puzzels voor volwassenen	fra	0	1	0	10
3d puzzels voor volwassenen	hun	0	1	0	3
3d puzzels voor volwassenen	nld	0	74	0	6.03
3d puzzels voor volwassenen	usa	0	1	0	6
3d puzzels voor volwassenen	zaf	0	1	0	4
3d puzzke	deu	0	2	0	6
3d puzzke	dnk	0	1	0	6
3d puzzke	swe	0	1	0	2
3d puzzke	tur	0	1	0	5
3d puzzl	aze	0	1	0	6
3d puzzl	bgd	0	1	0	4
3d puzzl	bra	0	1	0	9
3d puzzl	can	0	1	0	4
3d puzzl	deu	0	5	0	5.2
3d puzzl	gbr	0	1	0	6
3d puzzl	hkg	0	1	0	5
3d puzzl	nzl	0	2	0	6.5
3d puzzl	sau	0	1	0	3
3d puzzle	afg	0	1	0	2
3d puzzle	alb	0	13	0	4.62
3d puzzle	are	0	73	0	4.47
3d puzzle	arg	0	13	0	4.69
3d puzzle	arm	0	5	0	4
3d puzzle	aus	0	92	0	10.48
3d puzzle	aut	0	97	0	6.24
3d puzzle	aze	0	15	0	3.93
3d puzzle	bel	0	89	0	4.84
3d puzzle	bgd	0	26	0	3.85
3d puzzle	bgr	0	18	0	5.61
3d puzzle	bhr	0	1	0	2
3d puzzle	bih	0	32	0	3.94
3d puzzle	blm	0	2	0	2
3d puzzle	blr	0	3	0	3
3d puzzle	bol	0	3	0	2
3d puzzle	bra	0	92	0	5.84
3d puzzle	can	0	221	0	6.9
3d puzzle	che	0	179	0	5.48
3d puzzle	chl	0	8	0	5.38
3d puzzle	chn	0	11	0	6.27
3d puzzle	civ	0	2	0	2
3d puzzle	col	0	34	0	5.74
3d puzzle	cri	0	2	0	12
3d puzzle	cyp	0	7	0	3.29
3d puzzle	cze	0	181	0	11.29
3d puzzle	dnk	0	41	0	5.46
3d puzzle	dom	0	6	0	4.33
3d puzzle	dza	0	6	0	6
3d puzzle	ecu	0	11	0	5.45
3d puzzle	egy	0	68	0	3.9
3d puzzle	esp	0	40	0	10.15
3d puzzle	est	0	10	0	5.2
3d puzzle	eth	0	1	0	12
3d puzzle	fin	0	32	0	5.69
3d puzzle	fra	0	46	0	4.87
3d puzzle	gbr	0	214	0	7.7
3d puzzle	geo	0	4	0	4.5
3d puzzle	gin	0	1	0	4
3d puzzle	grc	0	75	0	4.57
3d puzzle	gtm	0	1	0	6
3d puzzle	guy	0	1	0	2
3d puzzle	hkg	0	74	0	5.11
3d puzzle	hrv	0	133	0	4.88
3d puzzle	hun	0	154	0	5.61
3d puzzle	idn	0	71	0	3.59
3d puzzle	imn	0	1	0	2
3d puzzle	ind	0	924	0	3.98
3d puzzle	irl	0	47	0	10.26
3d puzzle	irn	0	29	0	4.14
3d puzzle	irq	0	3	0	3.33
3d puzzle	isl	0	1	0	3
3d puzzle	isr	0	29	0	3.1
3d puzzle	ita	0	111	0	5.52
3d puzzle	jor	0	10	0	5.4
3d puzzle	jpn	0	29	0	5.76
3d puzzle	kaz	0	8	0	7.62
3d puzzle	ken	0	7	0	5.43
3d puzzle	kgz	0	1	0	6
3d puzzle	khm	0	2	0	2.5
3d puzzle	kor	0	14	0	5.29
3d puzzle	kwt	0	7	0	3.29
3d puzzle	lao	0	1	0	3
3d puzzle	lbn	0	9	0	2.78
3d puzzle	lby	0	1	0	5
3d puzzle	lka	0	5	0	2.8
3d puzzle	lso	0	1	0	2
3d puzzle	ltu	0	21	0	4.1
3d puzzle	lux	0	5	0	2.6
3d puzzle	lva	0	7	0	3.86
3d puzzle	mar	0	17	0	3.47
3d puzzle	mda	0	29	0	6.24
3d puzzle	mdg	0	1	0	3
3d puzzle	mdv	0	1	0	2
3d puzzle	mex	0	114	0	6.21
3d puzzle	mkd	0	3	0	1.67
3d puzzle	mmr	0	7	0	2.29
3d puzzle	mne	0	6	0	5
3d puzzle	mng	0	4	0	3.25
3d puzzle	mus	0	5	0	2.8
3d puzzle	mys	0	74	0	5.27
3d puzzle	nga	0	3	0	4
3d puzzle	nic	0	1	0	16
3d puzzle	nld	0	143	0	5.8
3d puzzle	nor	0	32	0	4.91
3d puzzle	npl	0	3	0	2.67
3d puzzle	nzl	0	58	0	5.52
3d puzzle	omn	0	2	0	1.5
3d puzzle	pak	0	12	0	2.83
3d puzzle	pan	0	4	0	6
3d puzzle	per	0	8	0	4.25
3d puzzle	png	0	1	0	3
3d puzzle	pol	0	53	0	4.92
3d puzzle	pri	0	4	0	1.75
3d puzzle	prt	0	17	0	6.12
3d puzzle	pry	0	2	0	12
3d puzzle	qat	0	8	0	2.62
3d puzzle	rou	0	89	0	5.26
3d puzzle	rus	0	37	0	6.22
3d puzzle	rwa	0	1	0	32
3d puzzle	sau	0	25	0	4
3d puzzle	sen	0	1	0	3
3d puzzle	sgp	0	25	0	5.32
3d puzzle	slv	0	3	0	3
3d puzzle	srb	0	111	0	7.38
3d puzzle	svk	0	130	0	6.52
3d puzzle	svn	0	17	0	3.29
3d puzzle	swe	0	102	0	7.02
3d puzzle	syr	0	4	0	6.25
3d puzzle	tha	0	46	0	4
3d puzzle	tun	0	6	0	5.83
3d puzzle	tur	0	138	0	13.07
3d puzzle	twn	0	38	0	5.87
3d puzzle	uga	0	4	0	4
3d puzzle	ukr	0	24	0	4.96
3d puzzle	ury	0	1	0	3
3d puzzle	uzb	0	12	0	4.5
3d puzzle	vct	0	1	0	6
3d puzzle	ven	0	4	0	4
3d puzzle	vnm	0	18	0	4.22
3d puzzle	zaf	0	48	0	4.38
3d puzzle	zmb	0	2	0	1.5
3d puzzle	zwe	0	1	0	5
3d puzzle	zzz	0	2	0	2.5
3d puzzle 3d	bgr	0	1	0	1
3d puzzle 3d	che	0	25	0	2.28
3d puzzle 3d	deu	0	1	0	1
3d puzzle 3d	esp	0	2	0	11.5
3d puzzle 3d	fra	0	1	0	5
3d puzzle 3d	gbr	0	2	0	2
3d puzzle 3d	mda	0	2	0	2
3d puzzle 3d	nld	0	32	0	10.56
3d puzzle 3d	rus	0	1	0	1
3d puzzle 3d	usa	0	1	0	1
3d puzzle 3d puzzle	ind	0	1	0	5
3d puzzle action	bel	0	1	0	9
3d puzzle action	cze	0	6	0	8.5
3d puzzle action	fra	0	8	0	9.25
3d puzzle action	ita	0	1	0	11
3d puzzle action	nld	0	1	0	8
3d puzzle airplane	bel	0	1	0	1
3d puzzle airplane	phl	0	1	0	1
3d puzzle animal	hrv	0	1	0	8
3d puzzle animals	che	0	1	0	14
3d puzzle animals	nor	0	1	0	12
3d puzzle arc de triomphe	nor	0	1	0	1
3d puzzle architecture	arg	0	1	0	2
3d puzzle architecture	aus	0	2	0	1.5
3d puzzle architecture	bgd	0	1	0	11
3d puzzle architecture	brn	0	3	0	1
3d puzzle architecture	can	0	2	0	1
3d puzzle architecture	deu	0	2	0	4.5
3d puzzle architecture	gbr	0	1	0	1
3d puzzle architecture	grc	0	1	0	1
3d puzzle architecture	ind	0	3	0	1
3d puzzle architecture	ita	0	1	0	1
3d puzzle architecture	jor	0	1	0	2
3d puzzle architecture	phl	0	1	0	1
3d puzzle architecture	rou	0	1	0	1
3d puzzle architecture	rus	0	2	0	2
3d puzzle architecture	srb	0	1	0	1
3d puzzle architecture	swe	0	1	0	1
3d puzzle architecture	ukr	0	1	0	1
3d puzzle architecture	usa	0	5	0	5.4
3d puzzle assembly	tun	0	1	0	9
3d puzzle aus holz	aut	0	1	0	3
3d puzzle aus holz	deu	0	1	0	4
3d puzzle auta	cze	0	5	0	6.4
3d puzzle auta	svk	0	1	0	21
3d puzzle auto	bel	0	1	0	11
3d puzzle auto	che	0	1	0	11
3d puzzle auto	hrv	0	1	0	9
3d puzzle auto	hun	0	4	0	3.5
3d puzzle auto	isr	0	1	0	6
3d puzzle auto	ita	0	14	0	7.86
3d puzzle auto	srb	0	1	0	27
3d puzzle auto	svk	0	1	0	11
3d puzzle autó	hun	0	5	0	2
3d puzzle bagoly	hun	0	8	0	8.38
3d puzzle bauwerke	tur	0	1	0	21
3d puzzle big ben	hun	0	2	0	11
3d puzzle blumen	aut	0	2	0	9
3d puzzle blumen	deu	0	16	0	9.44
3d puzzle blumen	nld	0	2	0	9
3d puzzle boat	idn	0	1	0	1
3d puzzle boat	usa	0	1	0	2
3d puzzle bois	che	0	1	0	16
3d puzzle bois	fra	0	8	0	11.88
3d puzzle bonsai	deu	0	5	0	7
3d puzzle bonsai	esp	0	1	0	1
3d puzzle bonsai	gbr	0	1	0	2
3d puzzle bonsai	ita	0	2	0	1
3d puzzle bonsai	nld	0	1	0	10
3d puzzle bota	cze	0	8	0	19.5
3d puzzle brandenburger tor	deu	0	26	0	8.15
3d puzzle brandenburger tor	nld	0	1	0	3
3d puzzle brandenburger tor beleuchtet	deu	0	6	0	8.5
3d puzzle brandenburger tor ravensburger	ita	0	1	0	45
3d puzzle budovy	cze	0	1	0	36
3d puzzle buildings	aus	0	1	0	50
3d puzzle buildings	ind	0	1	0	4
3d puzzle buildings	svk	0	1	0	6
3d puzzle buildings	usa	0	4	0	20.25
3d puzzle buy	usa	0	1	0	44
3d puzzle car	che	0	1	0	11
3d puzzle car	hrv	0	1	0	5
3d puzzle car	svn	0	1	0	5
3d puzzle cars	esp	0	1	0	41
3d puzzle cars	pol	0	1	0	11
3d puzzle cathedral	bel	0	1	0	12
3d puzzle clock	nld	0	2	0	11.5
3d puzzle clock	pol	0	1	0	6
3d puzzle clock	swe	0	1	0	1
3d puzzle clock	usa	0	2	0	1
3d puzzle colosseum	arg	0	1	0	1
3d puzzle colosseum	aut	0	2	0	1
3d puzzle colosseum	bel	0	2	0	5.5
3d puzzle colosseum	chl	0	1	0	1
3d puzzle colosseum	cze	0	2	0	11
3d puzzle colosseum	deu	0	10	0	11.9
3d puzzle colosseum	hun	0	1	0	19
3d puzzle colosseum	irl	0	1	0	9
3d puzzle colosseum	ita	0	1	0	12
3d puzzle colosseum	lux	0	1	0	1
3d puzzle colosseum	nld	0	1	0	1
3d puzzle colosseum	swe	0	2	0	1
3d puzzle colosseum	usa	0	1	0	1
3d puzzle colosseum	zaf	0	1	0	4
3d puzzle creation set sakura bonsai	deu	0	2	0	10
3d puzzle creation set sakura bonsai	esp	0	1	0	8
3d puzzle creation set sakura bonsai	ita	0	3	0	3.67
3d puzzle creation set sakura bonsai	nld	0	1	0	9
3d puzzle creation set sakura bonsai	prt	0	1	0	12
3d puzzle creation set sakura bonsai	usa	0	1	0	10
3d puzzle dinosaurier	deu	0	1	0	2
3d puzzle dinosaurus	cze	0	2	0	23.5
3d puzzle drevene	srb	0	1	0	2
3d puzzle dřevěné	aut	0	1	0	2
3d puzzle dřevěné	svk	0	2	0	7
3d puzzle eiffel torony	hun	0	2	0	9
3d puzzle eiffelova věž	cze	0	10	0	17.3
3d puzzle felnőtteknek	aut	0	4	0	5.5
3d puzzle felnőtteknek	deu	0	4	0	2
3d puzzle felnőtteknek	hrv	0	3	0	2.67
3d puzzle felnőtteknek	hun	0	188	0	2.88
3d puzzle felnőtteknek	rou	0	2	0	7
3d puzzle felnőtteknek	srb	0	2	0	4
3d puzzle flower	bel	0	1	0	5
3d puzzle flower	bgr	0	1	0	5
3d puzzle flower	deu	0	1	0	10
3d puzzle flower	ecu	0	1	0	8
3d puzzle flower	isr	0	1	0	8
3d puzzle flower	ita	0	1	0	8
3d puzzle flower	nld	0	1	0	10
3d puzzle flower	svn	0	1	0	2
3d puzzle flower	usa	0	1	0	7
3d puzzle flower bouquet	aut	0	1	0	11
3d puzzle flower bouquet	geo	0	1	0	8
3d puzzle flower bouquet	rou	0	1	0	11
3d puzzle flower bouquet	svk	0	2	0	10.5
3d puzzle flower bouquet	svn	0	1	0	6
3d puzzle flower bouquet	ukr	0	1	0	9
3d puzzle flowers	bgr	0	1	0	5
3d puzzle flowers	cze	0	1	0	11
3d puzzle flowers	deu	0	2	0	8.5
3d puzzle flowers	hun	0	1	0	7
3d puzzle flowers	irn	0	1	0	1
3d puzzle flowers	ita	0	1	0	1
3d puzzle flowers	nld	0	1	0	1
3d puzzle flowers	pol	0	1	0	1
3d puzzle flowers	ukr	0	1	0	8
3d puzzle flowers	usa	0	1	0	5
3d puzzle flugzeug	deu	0	20	0	6.7
3d puzzle flugzeug	fra	0	1	0	10
3d puzzle földgömb	hun	0	3	0	11.33
3d puzzle garden	swe	0	2	0	12
3d puzzle globus	cze	0	22	0	1.5
3d puzzle globus	deu	0	1	0	21
3d puzzle globus	isr	0	3	0	1
3d puzzle globus	pol	0	1	0	1
3d puzzle gyerekeknek	hun	0	2	0	11.5
3d puzzle helicopter	che	0	1	0	1
3d puzzle helicopter	grc	0	1	0	9
3d puzzle helicopter	idn	0	3	0	1
3d puzzle helicopter	isr	0	1	0	1
3d puzzle holz	aut	0	7	0	15.29
3d puzzle holz	bra	0	1	0	13
3d puzzle holz	che	0	2	0	9.5
3d puzzle holz	deu	0	128	0	12.45
3d puzzle holz	gbr	0	1	0	2
3d puzzle holz	hrv	0	1	0	3
3d puzzle holz	ita	0	1	0	3
3d puzzle holz	kwt	0	1	0	21
3d puzzle holz	lux	0	2	0	17.5
3d puzzle holz	rus	0	2	0	18
3d puzzle holz	usa	0	1	0	1
3d puzzle holz erwachsene	chl	0	1	0	14
3d puzzle holz erwachsene	deu	0	21	0	14.57
3d puzzle image	pak	0	1	0	1
3d puzzle image	usa	0	1	0	1
3d puzzle images	blz	0	1	0	1
3d puzzle images	chl	0	1	0	1
3d puzzle images	gbr	0	1	0	1
3d puzzle images	usa	0	14	0	1.14
3d puzzle koloseum	cze	0	10	0	3.4
3d puzzle koloseum	fra	0	1	0	11
3d puzzle koloseum	hrv	0	1	0	7
3d puzzle kolosseum	deu	0	3	0	7
3d puzzle készítése	hun	0	1	0	3
3d puzzle leaning tower of pisa	egy	0	2	0	63.5
3d puzzle leaning tower of pisa	ita	0	1	0	6
3d puzzle led	deu	0	7	0	3.71
3d puzzle led	esp	0	1	0	21
3d puzzle led	ind	0	3	0	4
3d puzzle led	khm	0	1	0	2
3d puzzle led	phl	0	1	0	3
3d puzzle led	usa	0	1	0	16
3d puzzle legno	ita	0	1	0	8
3d puzzle library	aut	0	1	0	10
3d puzzle library	cze	0	2	0	4
3d puzzle library	grc	0	1	0	6
3d puzzle lion	cyp	0	1	0	5
3d puzzle lkw	deu	0	1	0	12
3d puzzle lode	svk	0	2	0	20
3d puzzle lokomotive	deu	0	19	0	1.05
3d puzzle madera	esp	0	2	0	19
3d puzzle madera	rus	0	1	0	17
3d puzzle maják	cze	0	1	0	42
3d puzzle motorcycle	cze	0	1	0	6
3d puzzle motorrad	deu	0	27	0	8.78
3d puzzle music box	aus	0	1	0	36
3d puzzle music box	nld	0	2	0	13
3d puzzle music box	usa	0	1	0	20
3d puzzle notre dame	aut	0	1	0	1
3d puzzle notre dame	cze	0	9	0	2.33
3d puzzle notre dame	deu	0	3	0	2.67
3d puzzle notre dame	ind	0	1	0	1
3d puzzle notre dame	swe	0	1	0	1
3d puzzle notre dame	usa	0	1	0	1
3d puzzle of flower bouquet	fin	0	1	0	7
3d puzzle of flower bouquet	geo	0	1	0	9
3d puzzle of flower bouquet	hun	0	1	0	8
3d puzzle of flower bouquet	ltu	0	1	0	6
3d puzzle of flower bouquet	svk	0	1	0	7
3d puzzle of flower bouquet	ukr	0	1	0	9
3d puzzle opera house sydney	cze	0	1	0	1
3d puzzle piano	prt	0	1	0	8
3d puzzle pisa	deu	0	8	0	8.5
3d puzzle pisa	ita	0	1	0	9
3d puzzle pisa tower	deu	0	2	0	6.5
3d puzzle plane	esp	0	1	0	1
3d puzzle plane	prt	0	1	0	10
3d puzzle robot	cze	0	1	0	11
3d puzzle robot	pol	0	2	0	30
3d puzzle robotime	cze	0	1	0	3
3d puzzle rokr	bgr	0	1	0	9
3d puzzle rokr	hun	0	1	0	3
3d puzzle rokr	ita	0	1	0	3
3d puzzle rolife	hun	0	3	0	3.33
3d puzzle rolife	ita	0	1	0	7
3d puzzle rose	deu	0	2	0	11.5
3d puzzle sagrada familia	aut	0	1	0	1
3d puzzle sagrada familia	bel	0	2	0	1
3d puzzle sagrada familia	can	0	1	0	1
3d puzzle sagrada familia	cze	0	2	0	1
3d puzzle sagrada familia	deu	0	16	0	1.25
3d puzzle sagrada familia	dnk	0	3	0	1
3d puzzle sagrada familia	esp	0	1	0	1
3d puzzle sagrada familia	fra	0	1	0	1
3d puzzle sagrada familia	gbr	0	2	0	1
3d puzzle sagrada familia	grc	0	1	0	1
3d puzzle sagrada familia	ind	0	1	0	1
3d puzzle sagrada familia	nld	0	2	0	1
3d puzzle sagrada familia	swe	0	1	0	1
3d puzzle sakura	deu	0	9	0	7.56
3d puzzle sakura	hun	0	1	0	1
3d puzzle sakura	rou	0	1	0	1
3d puzzle sakura bonsai	can	0	1	0	6
3d puzzle sakura bonsai	deu	0	3	0	8.33
3d puzzle sakura bonsai	esp	0	4	0	7
3d puzzle sakura bonsai	mex	0	1	0	5
3d puzzle sakura bonsai	pol	0	2	0	7.5
3d puzzle sakura bonsai	rou	0	1	0	7
3d puzzle sakura bonsai	usa	0	1	0	10
3d puzzle sakura tree house	ita	0	1	0	5
3d puzzle schiefer turm von pisa	deu	0	25	0	6.48
3d puzzle schiff	deu	0	14	0	16.36
3d puzzle schwer	aut	0	1	0	2
3d puzzle schwer	deu	0	8	0	4.38
3d puzzle sculpture	gbr	0	1	0	34
3d puzzle segelschiff	deu	0	16	0	6.12
3d puzzle stavby	cze	0	5	0	3
3d puzzle svítící	cze	0	28	0	7.5
3d puzzle svítící	dnk	0	1	0	6
3d puzzle t rex	cze	0	3	0	1
3d puzzle t rex	hun	0	3	0	1
3d puzzle t rex	pol	0	1	0	1
3d puzzle t rex	ury	0	2	0	1
3d puzzle tank	aus	0	1	0	2
3d puzzle tank	cze	0	4	0	2.5
3d puzzle tank	grc	0	2	0	1
3d puzzle tank	ind	0	6	0	3
3d puzzle tank	mar	0	1	0	1
3d puzzle tank	pol	0	1	0	1
3d puzzle tank	swe	0	1	0	8
3d puzzle tank	zaf	0	2	0	3
3d puzzle tiere	deu	0	22	0	20.36
3d puzzle tiere	fra	0	1	0	21
3d puzzle tiere	ita	0	1	0	20
3d puzzle tiger	cze	0	1	0	1
3d puzzle tiger	deu	0	6	0	1.17
3d puzzle tower bridge	cze	0	7	0	4.71
3d puzzle tower bridge	deu	0	2	0	8
3d puzzle tower bridge	pol	0	3	0	5.33
3d puzzle travel vessel	fra	0	1	0	10
3d puzzle truck	cze	0	1	0	6
3d puzzle truck	fra	0	1	0	1
3d puzzle truck	irn	0	4	0	5.5
3d puzzle truck	svk	0	1	0	5
3d puzzle typewriter	nld	0	1	0	8
3d puzzle typewriter	rou	0	1	0	9
3d puzzle typewriter	usa	0	1	0	10
3d puzzle vehicle	gbr	0	6	0	17.33
3d puzzle világítós	hun	0	6	0	6
3d puzzle vlak	cze	0	1	0	5
3d puzzle vlak	svk	0	4	0	3.25
3d puzzle weihnachten	che	0	2	0	1
3d puzzle weihnachten	deu	0	18	0	2.22
3d puzzle windmill	ita	0	2	0	12
3d puzzle windmill	lux	0	2	0	8
3d puzzle windmill	usa	0	1	0	13
3d puzzle wood	cze	0	2	0	8
3d puzzle wood	esp	0	2	0	33
3d puzzle wood	hkg	0	2	0	21
3d puzzle wood	ita	0	10	0	5.7
3d puzzle wood	pol	0	1	0	31
3d puzzle wooden	ita	0	1	0	32
3d puzzle wooden	usa	0	1	0	6
3d puzzle wooden clock	esp	0	1	0	5
3d puzzle wooden clock	ita	0	2	0	10.5
3d puzzle za odrasle	aut	0	1	0	5
3d puzzle za odrasle	bih	0	5	0	1.4
3d puzzle za odrasle	srb	0	2	0	1
3d puzzle zvířata	cze	0	6	0	3.5
3d puzzle állatok	hun	0	4	0	4.25
3d puzzled	nor	0	1	0	6
3d puzzles	deu	0	1	0	23
3d puzzles	esp	0	1	0	46
3d puzzles	geo	0	1	0	4
3d puzzles	idn	0	1	0	25
3d puzzles	usa	0	1	0	6
3d puzzles animals	dnk	0	1	0	10
3d puzzles animals	esp	0	1	0	20
3d puzzles architecture	brn	0	1	0	5
3d puzzles architecture	hun	0	1	0	5
3d puzzles architecture	mex	0	1	0	4
3d puzzles buildings	usa	0	7	0	22.57
3d puzzles cars	bra	0	1	0	32
3d puzzles cars	mex	0	1	0	26
3d puzzles cars	pol	0	1	0	23
3d puzzles wooden	ita	0	1	0	32
3d puzzlr	deu	0	7	0	3.43
3d puzzlr	hun	0	1	0	4
3d puzzlw	deu	0	1	0	2
3d puzzlw	dnk	0	1	0	6
3d puzzlw	hkg	0	1	0	7
3d puzzlw	phl	0	1	0	3
3d puzzlw	rou	0	1	0	6
3d puzzlw	sgp	0	1	0	5
3d rosa	swe	0	1	0	3
3d rouwbloemen	nld	0	1	0	21
3d ruze	cze	0	3	0	1
3d ruze	deu	0	1	0	1
3d ruze	svk	0	8	0	1
3d sagrada familia	deu	0	2	0	2.5
3d sagrada familia	nld	0	3	0	3.33
3d sagrada familia	svk	0	2	0	2
3d sakura	gbr	0	1	0	1
3d sakura	hun	0	1	0	1
3d sakura	tha	0	2	0	6
3d scooter	cze	0	1	0	3
3d scooter	hun	0	1	0	3
3d scooter	nld	0	7	0	5
3d scooter	swe	0	1	0	2
3d sestavljanka	aut	0	1	0	8
3d sestavljanke	svn	0	27	0	4.44
3d skládačky	cze	0	2	0	21
3d slagalica	hrv	0	1	0	18
3d stavebnice	cze	0	31	0	6.16
3d stavebnice pro dospělé	svk	0	1	0	10
3d steckpuzzle	deu	0	17	0	6.24
3d stegosaurus	nld	0	2	0	1
3d stem	usa	0	1	0	31
3d sting	pol	0	1	0	5
3d story	esp	0	4	0	24.25
3d szenenbibliothek	deu	0	1	0	4
3d tiger puzzle	deu	0	2	0	6.5
3d tower bridge puzzle	cze	0	1	0	10
3d toys	usa	0	2	0	5.5
3d traktor	dnk	0	2	0	1
3d virág	hun	0	1	0	13
3d voiture	fra	0	6	0	15.33
3d wood animals	usa	0	4	0	1
3d wood models	usa	0	1	0	4
3d wood puzzle	ita	0	1	0	8
3d wood puzzles	usa	0	1	0	5
3d wood puzzles for adults	usa	0	1	0	3
3d wood puzzles for adults	zaf	0	1	0	6
3d woodcraft animals	usa	0	4	0	9.5
3d wooden	usa	0	2	0	19
3d wooden animal puzzle	can	0	1	0	3
3d wooden animal puzzle	chl	0	1	0	4
3d wooden animal puzzle	deu	0	1	0	8
3d wooden animal puzzles	gbr	0	2	0	1
3d wooden animal puzzles	ind	0	1	0	4
3d wooden animal puzzles	ita	0	1	0	9
3d wooden animal puzzles	prt	0	1	0	6
3d wooden animal puzzles	usa	0	2	0	1
3d wooden animals	gbr	0	1	0	11
3d wooden animals	usa	0	1	0	7
3d wooden dinosaur puzzle	isr	0	1	0	35
3d wooden elephant puzzle	hrv	0	1	0	4
3d wooden flower	usa	0	2	0	12
3d wooden flower puzzle	deu	0	1	0	7
3d wooden flower puzzle	gbr	0	1	0	10
3d wooden flower puzzle	grc	0	2	0	3
3d wooden flower puzzle	hrv	0	1	0	3
3d wooden flower puzzle	mng	0	2	0	6
3d wooden flower puzzle	nld	0	2	0	6
3d wooden flower puzzle	usa	0	4	0	10.75
3d wooden flower puzzle orange tulip	usa	0	2	0	10
3d wooden flowers	gbr	0	2	0	24.5
3d wooden flowers	usa	0	1	0	13
3d wooden mechanical orrery solar system model kit	deu	0	1	0	10
3d wooden motorcycle	usa	0	1	0	19
3d wooden owl puzzle	gbr	0	1	0	29
3d wooden puzzels	usa	0	1	0	18
3d wooden puzzle	cze	0	2	0	22.5
3d wooden puzzle	deu	0	3	0	24.67
3d wooden puzzle	esp	0	1	0	32
3d wooden puzzle	fra	0	2	0	43.5
3d wooden puzzle	grc	0	3	0	38
3d wooden puzzle	idn	0	2	0	25
3d wooden puzzle	ita	0	3	0	26.67
3d wooden puzzle	nld	0	1	0	1
3d wooden puzzle	pol	0	2	0	30
3d wooden puzzle	rou	0	2	0	24
3d wooden puzzle	rus	0	1	0	35
3d wooden puzzle	usa	0	2	0	18.5
3d wooden puzzle airplane	deu	0	1	0	11
3d wooden puzzle airplane	ita	0	1	0	2
3d wooden puzzle animals	gbr	0	2	0	11
3d wooden puzzle animals	idn	0	3	0	19.67
3d wooden puzzle animals	ind	0	1	0	2
3d wooden puzzle animals	ita	0	1	0	6
3d wooden puzzle animals	usa	0	1	0	3
3d wooden puzzle architecture	can	0	2	0	4.5
3d wooden puzzle architecture	hrv	0	1	0	3
3d wooden puzzle architecture	swe	0	1	0	3
3d wooden puzzle architecture	usa	0	8	0	10
3d wooden puzzle clock	che	0	2	0	9
3d wooden puzzle clock	vnm	0	1	0	39
3d wooden puzzle colosseum	gbr	0	1	0	1
3d wooden puzzle colosseum	ind	0	2	0	1
3d wooden puzzle colosseum	irn	0	1	0	1
3d wooden puzzle dinosaur	deu	0	1	0	11
3d wooden puzzle flower	hkg	0	1	0	1
3d wooden puzzle flower	idn	0	10	0	5.3
3d wooden puzzle flower	prt	0	1	0	3
3d wooden puzzle gramophone	esp	0	1	0	10
3d wooden puzzle grand piano	ita	0	1	0	2
3d wooden puzzle grand piano	nld	0	1	0	14
3d wooden puzzle helicopter	usa	0	1	0	4
3d wooden puzzle hot air balloon	ita	0	2	0	3
3d wooden puzzle music box	aus	0	1	0	34
3d wooden puzzle music box	can	0	1	0	28
3d wooden puzzle music box	usa	0	2	0	23.5
3d wooden puzzle robotime	cze	0	1	0	2
3d wooden puzzle sailing ship	nld	0	2	0	8
3d wooden puzzle ship	nld	0	1	0	6
3d wooden puzzles	ita	0	1	0	38
3d wooden puzzles	usa	0	5	0	13.8
3d wooden puzzles animal	ita	0	1	0	5
3d wooden puzzles eiffel tower	aus	0	1	0	11
3d wooden puzzles eiffel tower	srb	0	2	0	6
3d állatok	hun	0	16	0	10.94
3d állatok	rou	0	2	0	7
3d дървен пъзел	bgr	0	36	0	1.61
3d дървен пъзел	grc	0	1	0	3
3d пазл колизей	rus	0	1	0	59
3d пъзел	bgr	0	4	0	9.75
3d пъзели	bgr	0	70	0	14.23
3d пъзели	deu	0	1	0	7
3d-pussel trä	swe	0	17	0	5.71
3d-pussel vuxna	swe	0	2	0	10
3dpuzzel	deu	0	6	0	4.33
3dpuzzel	dnk	0	2	0	8
3dpuzzel	nld	0	9	0	3.89
3dpuzzle	aut	0	2	0	5
3dpuzzle	bra	0	4	0	6.75
3dpuzzle	can	0	1	0	7
3dpuzzle	cze	0	1	0	3
3dpuzzle	deu	0	31	0	4.13
3dpuzzle	grc	0	1	0	4
3dpuzzle	hkg	0	1	0	5
3dpuzzle	idn	0	1	0	5
3dpuzzle	ind	0	4	0	3.5
3dpuzzle	irn	0	5	0	3.2
3dpuzzle	ita	0	3	0	3.33
3dpuzzle	mex	0	2	0	4
3dpuzzle	mys	0	1	0	5
3dpuzzle	nor	0	1	0	4
3dpuzzle	svk	0	8	0	4.88
3dpuzzle	swe	0	1	0	4
3dpuzzle	tur	0	1	0	5
3dpuzzle	twn	0	1	0	7
3dpuzzle	zaf	0	1	0	4
3д пъзел	bgr	0	25	0	9.08
3д пъзели	bgr	0	11	0	15.91
3д пъзели от дърво	bgr	0	17	0	4.06
42 euro	pol	0	1	0	2
539*5	dnk	0	1	0	10
8€	esp	0	1	0	2
?	usa	0	1	0	15
[heimdekoration]	deu	0	3	0	23.33
a action	pol	0	1	0	19
a do muzyki	pol	0	1	0	4
a frame	cze	0	6	0	3.67
a jak wyglądają	pol	0	1	0	5
a może ten?	pol	0	1	0	5
a nej	svk	0	1	0	10
a night in the city	usa	0	1	0	37
a puzzle	cze	0	1	0	5
a tank que quebrou o jogo	usa	0	1	0	16
a tower bridge	bra	0	1	0	10
a-frame	cze	0	4	0	4.25
aanhangwagen puzzel	esp	0	1	0	4
about tower bridge	fra	0	1	0	18
accordeon puzzel	nld	0	1	0	4
action	nld	0	1	0	1
action 3d puzzle	deu	0	1	0	14
action 3d puzzle	hun	0	1	0	3
action 3d puzzle	nld	0	1	0	9
action 3d puzzle	svk	0	1	0	11
action cena	pol	0	1	0	23
action puzzle	fra	0	3	0	9.67
action puzzle 3d	bel	0	2	0	11.5
action puzzle 3d	che	0	1	0	8
action puzzle 3d	dnk	0	1	0	6
action puzzle 3d	esp	0	8	0	10
action puzzle 3d	fra	0	69	0	9.38
action puzzle 3d	gbr	0	1	0	6
action puzzle 3d	ita	0	10	0	9.5
action puzzle 3d	prt	0	1	0	9
action puzzle 3d bois	che	0	1	0	2
action puzzle 3d bois	fra	0	7	0	8.14
action puzzle bois	deu	0	1	0	8
action puzzle bois	fra	0	17	0	6.41
actividades motoras	esp	0	1	0	9
actividades para el desarrollo motor	vnm	0	1	0	22
activiteiten om fijne motoriek te stimuleren	nld	0	1	0	55
ada yg lain?	nld	0	1	0	1
aeronave	ita	0	1	0	22
afspænding mod stress	dnk	0	15	0	46.47
afspænding stress	dnk	0	14	0	66.79
afstresning	dnk	0	29	0	12.14
afstresning	usa	0	1	0	12
afstresning af kroppen	dnk	0	1	0	55
afstressende	dnk	0	10	0	20.2
afstressende aktiviteter	dnk	0	28	0	16
agencia detectives	bra	0	1	0	63
agencia detectives	esp	0	43	0	66.79
agencia detectives	idn	0	1	0	75
agencia detectives	ind	0	1	0	83
ai stemlab	vnm	0	1	0	28
airship dump	usa	0	1	0	47
ajándék férfiaknak	hun	0	1	0	48
ajándék férfiaknak	rus	0	1	0	50
ajándéktárgyak férfiaknak	hun	0	1	0	38
ajándékötlet	hun	0	1	0	37
ajándékötlet nőknek	hun	0	3	0	20.33
ak 399	bgd	0	1	0	12
ak 47	deu	0	2	0	1
ak 47	gbr	0	1	0	1
ak 47	isr	0	1	0	21
ak 47	kor	0	1	0	52
ak 47	nor	0	1	0	1
ak 47	pol	0	113	0	2.43
ak 47 de brinquedo	prt	0	1	0	1
ak 47 de madera replica	esp	0	1	0	25
ak 47 giocattolo	ita	0	7	0	4.29
ak 47 leksak	swe	0	1	0	1
ak 47 madeira	prt	0	1	0	1
ak 47 puska	hrv	0	2	0	1
ak-47 giocattolo	ita	0	1	0	14
ak147	esp	0	3	0	27.67
ak47 de madera	esp	0	1	0	5
ak47 giocattolo	ita	0	6	0	8.33
ak47 rokr	fra	0	2	0	6
ak47 skins cs	pol	0	1	0	55
ak47 wooden	rou	0	1	0	6
ako sa zbavit stresu	svk	0	1	0	10
ako sa zbaviť stresu	svk	0	3	0	7
akordeons	dnk	0	1	0	1
aktualna cena	pol	0	1	0	3
al 47	pol	0	2	0	1
albero di natale elettrico che si apre da solo video	ita	0	1	0	13
albero puzzle	ita	0	9	0	22.33
alice adventure | book nook	gab	0	1	0	1
alice in wonderland rolife	esp	0	1	0	2
alice te	ita	0	1	0	1
alice tea	ita	0	3	0	1
alice tea store	esp	0	1	0	4
alice tea store	grc	0	1	0	10
alice tea store	ita	0	3	0	1.33
alice tea store rolife	ita	0	1	0	1
alice's tea store	irl	0	2	0	9
alice's tea store	ita	0	1	0	2
alice's tea store rolife	ita	0	1	0	1
alices tea shop	irn	0	1	0	8
aliexpress	esp	0	2	0	23
altezza tower bridge	gbr	0	2	0	12.5
altezza tower bridge	ita	0	3	0	9
altri modelli	ita	0	1	0	61
altro	ita	0	2	0	1
am601	can	0	1	0	9
am601	deu	0	1	0	7
am601	dom	0	1	0	7
am601	esp	0	1	0	3
am601	geo	0	1	0	6
am601	ken	0	1	0	10
amazon de	cze	0	1	0	11
ambas	esp	0	1	0	10
ambulance eco	fra	0	11	0	10.73
ambulance puzzle	esp	0	1	0	11
ambulance puzzle	nld	0	1	0	10
ambulance+woodworking	pol	0	1	0	1
ambulancia eco	esp	0	4	0	6.5
amc01	deu	0	1	0	6
amc01	esp	0	1	0	3
amc01	fra	0	1	0	5
amc01	gbr	0	2	0	4
amc01	hkg	0	1	0	3
amc01	nld	0	2	0	6
amc01	vnm	0	1	0	2
ametralladora de madera	esp	0	1	0	3
amk51	ita	0	1	0	4
amk51	srb	0	1	0	10
amk63	ltu	0	1	0	4
amk81	isl	0	1	0	3
amk81	nld	0	2	0	6
amk82	bgr	0	2	0	3
amk82	deu	0	3	0	6.67
amk82	esp	0	1	0	8
amk82	nld	0	2	0	9
amt01	bel	0	2	0	10
amt01	fra	0	2	0	8
amt01	pry	0	1	0	7
amulet bonsai sakura	cze	0	2	0	9
amx 13 105	arg	0	1	0	5
amx 13 105	aus	0	3	0	10.33
amx 13 105	bgr	0	1	0	3
amx 13 105	cze	0	16	0	6.25
amx 13 105	deu	0	1	0	20
amx 13 105	ecu	0	1	0	3
amx 13 105	esp	0	3	0	9.33
amx 13 105	fin	0	2	0	3
amx 13 105	fra	0	19	0	3.79
amx 13 105	grc	0	2	0	4
amx 13 105	hrv	0	5	0	4.6
amx 13 105	hun	0	7	0	5.43
amx 13 105	idn	0	13	0	5.54
amx 13 105	ita	0	4	0	8
amx 13 105	ltu	0	1	0	4
amx 13 105	nld	0	2	0	4
amx 13 105	nor	0	3	0	1.67
amx 13 105	pol	0	1	0	17
amx 13 105	rou	0	2	0	5.5
amx 13 105	srb	0	4	0	7.75
amx 13 105	svn	0	1	0	8
amx 13 105	swe	0	3	0	3.33
amx 13 120	fra	0	1	0	2
amx 13 idf	fra	0	1	0	3
amx 13 model	svk	0	1	0	7
amx 13/105	fra	0	1	0	3
amx-13 105	deu	0	1	0	13
amx-13 105	dnk	0	1	0	5
amx-13 105	fra	0	3	0	2
amx-13 105	hun	0	2	0	5
amx-13-105	aut	0	1	0	4
amx-13-105	bra	0	1	0	7
amx-13-105	col	0	1	0	3
amx-13-105	esp	0	1	0	1
amx-13-105	fra	0	1	0	2
amx-13-105	hkg	0	1	0	8
amx-13-105	hun	0	3	0	4.67
amx-13-105	idn	0	3	0	6.33
amx-13-105	prt	0	1	0	7
amx-13-105	tha	0	1	0	4
amx-13/105	dnk	0	1	0	7
amx-13/105	idn	0	1	0	4
amx-13/105	lao	0	1	0	3
amx-13/105	mne	0	2	0	5
amx-13/105	mus	0	1	0	5
amx-13/105	nor	0	1	0	1
amx-13/105	phl	0	3	0	2
amx-13/105	prt	0	1	0	9
amx-13/105	usa	0	1	0	20
amx13 105	fra	0	1	0	2
ananda miniaturas	esp	0	1	0	34
andere	bel	0	1	0	2
animal 3d puzzle	cze	0	1	0	9
animal puzzle 3d	isr	0	1	0	36
animal puzzle 3d	ita	0	1	0	3
anime rose tower wood	est	0	1	0	6
ano de surgimento	bra	0	1	0	1
any other factors	mys	0	1	0	3
ar wood toys	usa	0	1	0	14
arc de triomphe 3d puzzle	grc	0	1	0	1
arc de triomphe 3d puzzle	svk	0	2	0	1
arc de triomphe 3d puzzle	usa	0	2	0	6.5
arcade dating	grc	0	1	0	1
arcade dating	ita	0	4	0	5.75
arch puzzle	ind	0	1	0	3
arch puzzle	prt	0	1	0	1
architect 3d puzzle	bra	0	1	0	6
architect 3d puzzle	can	0	1	0	7
architect 3d puzzle	cym	0	1	0	6
architect 3d puzzle	gbr	0	3	0	10.67
architect 3d puzzle	irl	0	1	0	5
architect 3d puzzle	jam	0	1	0	2
architect 3d puzzle	mex	0	1	0	4
architect 3d puzzle	pri	0	1	0	1
architect 3d puzzle	svk	0	1	0	2
architect 3d puzzle	swe	0	1	0	3
architect 3d puzzle	tha	0	1	0	3
architect 3d puzzle	ukr	0	1	0	5
architect 3d puzzle	usa	0	46	0	5.74
architectural puzzle	isr	0	2	0	12.5
architectural puzzles	isr	0	1	0	37
architectural puzzles	phl	0	2	0	4
architectural puzzles	usa	0	4	0	25.5
architecture 3d puzzle	aus	0	3	0	11.67
architecture 3d puzzle	ind	0	2	0	7
architecture 3d puzzle	mex	0	1	0	5
architecture puzzle	aus	0	1	0	2
architecture puzzle	bgd	0	1	0	3
architecture puzzle	bra	0	1	0	1
architecture puzzle	can	0	1	0	4
architecture puzzle	grc	0	1	0	3
architecture puzzle	ind	0	3	0	3.33
architecture puzzle	pak	0	1	0	1
architecture puzzle	rou	0	1	0	3
architecture puzzle	swe	0	1	0	2
architecture puzzle	usa	0	1	0	33
architecture puzzles	grc	0	1	0	3
architecture puzzles	ind	0	1	0	4
architecture puzzles	qat	0	1	0	3
architecture puzzles	usa	0	2	0	34
architecture puzzles 3d	aut	0	1	0	9
architecture puzzles 3d	bgr	0	1	0	3
architecture puzzles 3d	can	0	2	0	6
architecture puzzles 3d	dnk	0	1	0	7
architecture puzzles 3d	gbr	0	1	0	8
architecture puzzles 3d	ind	0	1	0	6
architecture puzzles 3d	nor	0	1	0	2
architecture puzzles 3d	phl	0	1	0	6
architecture puzzles 3d	syr	0	1	0	5
architecture puzzles 3d	usa	0	1	0	6
architektur puzzle	bfa	0	2	0	14.5
architektur puzzle	bgd	0	1	0	11
architektur puzzle	hkg	0	1	0	14
architektur puzzle	idn	0	4	0	13.25
architektur puzzle	ind	0	1	0	11
architektur puzzle	zaf	0	1	0	11
architektura 3d	pol	0	1	0	1
are there any pictures	gbr	0	1	0	2
arkitec 3d puzzle	ind	0	4	0	4.5
arkitec 3d puzzle	ita	0	1	0	9
arkitec 3d puzzles	ind	0	1	0	3
arkitec 3d puzzles	ita	0	1	0	6
arkitektur	dnk	0	1	0	1
arma de madeira	prt	0	1	0	9
arma madeira	prt	0	1	0	6
arma rompecabezas	esp	0	5	0	11.4
armables en 3d	per	0	1	0	15
armas de madeira	bra	0	1	0	11
armas rompecabezas	esp	0	2	0	8
arme casse tete	blm	0	1	0	8
arme casse tete	fra	0	5	0	11.8
art eco	cze	0	1	0	8
assemblaggio puzzle	ita	0	4	0	11.25
atividades coordenação motora	ind	0	1	0	22
atlantic 3d	cze	0	1	0	6
aurumootor	est	0	1	0	12
auto	ita	0	1	0	7
auto 3d puzzle	ita	0	2	0	4.5
auto eco	nor	0	1	0	28
auto puzzle	esp	0	1	0	3
auto puzzle 3d	ita	0	17	0	5.35
autobus 3d	pol	0	3	0	8
autobus de madera	esp	0	1	0	1
automodel puzzel	bel	0	2	0	10.5
automodel puzzel	nld	0	3	0	9.67
autós puzzle	hun	0	7	0	6.57
avec images	fra	0	1	0	2
avec photo	bel	0	1	0	3
avion puzzle 3d	bol	0	1	0	1
avion puzzle 3d	fra	0	3	0	2
avião de madeira grande	prt	0	1	0	1
ayuda para armarlo	mex	0	1	0	3
bajkowy park rozrywki	pol	0	6	0	32.5
balista	pol	0	1	0	1
balon 3d	pol	0	1	0	1
balon kombajn	svn	0	1	0	8
barca lucia modellino	ita	0	1	0	1
barca puzzle	ita	0	1	0	1
barco a vapor	esp	0	1	0	16
barevné	cze	0	1	0	1
barkács ajándék férfiaknak	hun	0	1	0	40
bat chatillon bourrasque	deu	0	2	0	22
bat chatillon bourrasque	nld	0	1	0	10
bat chatillon bourrasque	phl	0	1	0	9
bat chatillon bourrasque	pol	0	1	0	10
bat châtillon bourrasque	rus	0	2	0	32
bat châtillon bourrasque	ukr	0	1	0	24
bat.-châtillon bourrasque	vnm	0	1	0	19
bateria madera	esp	0	1	0	4
bateria madera	mex	0	2	0	1
batteria 3d	ita	0	2	0	1.5
bauanleitung	deu	0	1	0	12
baujahr tower bridge	deu	0	3	0	33.67
başka	tur	0	2	0	3
bedste gave til ham	dnk	0	1	0	13
behandla stress	vnm	0	1	0	54
bekende schilderijen nabootsen	bel	0	1	0	117
belevenis cadeau vrouw	nld	0	1	0	58
bere	svn	0	1	0	8
berühmte brücke in england	deu	0	1	0	13
best 3d wood puzzles for adults	usa	0	1	0	27
best glue for 3d wooden puzzles	usa	0	2	0	6.5
best mechanical puzzles for kids	usa	0	1	0	17
best rokr	col	0	25	0	5.76
best rokr	ind	0	1	0	4
best rokr	phl	0	1	0	8
best rokr	swe	0	2	0	1.5
best rokr	usa	0	1	0	9
best rokr model	gbr	0	1	0	3
best rokr model	usa	0	2	0	10
best rokr puzzle	aus	0	1	0	12
best rokr puzzle	can	0	2	0	9.5
best rokr puzzle	esp	0	1	0	5
best rokr puzzle	gbr	0	3	0	9.33
best rokr puzzle	nld	0	3	0	7.33
best rokr puzzle	phl	0	1	0	10
best rokr puzzle	pse	0	1	0	7
best rokr puzzle	swe	0	1	0	9
best rokr puzzle	usa	0	4	0	10
best rokr sets	aus	0	1	0	11
best rokr sets	hrv	0	2	0	8
best rokr sets	tha	0	1	0	6
best rokr sets	usa	0	5	0	8.4
betalingsmuligheder	dnk	0	1	0	76
bewegende decoratie 6 letters	nld	0	1	0	33
bewegende decoratie puzzel	nld	0	1	0	11
biblio bookstore	fra	0	1	0	37
biblioteca de montar	prt	0	1	0	3
biblioteca diy	esp	0	2	0	2
biblioteca mini	rus	0	1	0	20
biblioteca mini	vnm	0	1	0	2
biblioteca miniatura	ecu	0	1	0	1
biblioteca miniatura	esp	0	12	0	1.67
biblioteca miniatura	mex	0	1	0	1
biblioteca miniatura	prt	0	6	0	2.33
biblioteca miniatura	usa	0	1	0	1
biblioteca miniatura para montar	prt	0	1	0	1
biblioteka	hrv	0	1	0	2
bienen puzzle	ind	0	1	0	30
big ben 3d	deu	0	1	0	10
big ben model	cze	0	2	0	1
big ben model	dnk	0	1	0	5
big ben model	fra	0	2	0	7.5
big ben model	svk	0	1	0	3
big ben model kit	esp	0	1	0	17
big ben puzzle	cze	0	1	0	8
big ben puzzle	deu	0	1	0	11
big ben wooden puzzle	bel	0	1	0	7
bijzonder cadeau vrouw	nld	0	7	0	68.29
bild	deu	0	1	0	1
bilder	che	0	1	0	1
bilder	deu	0	3	0	28.67
bilittle	cmr	0	1	0	7
bilittle	hkg	0	1	0	6
bilittle	ind	0	2	0	8
bilittle	ken	0	1	0	7
bilittle	mda	0	1	0	10
bilittle	nga	0	1	0	7
bilittle	uga	0	2	0	7
bilittle	zaf	0	3	0	7
bilmodel	dnk	0	3	0	54.67
bin ball	esp	0	1	0	6
bite 3d	lva	0	1	0	7
bitte bilder	deu	0	2	0	3
blijvend cadeau vrouw	bel	0	1	0	38
blijvend cadeau vrouw	nld	0	11	0	49.64
bloemen van hout	nld	0	2	0	12
bloemensnoepjes	bel	0	1	0	1
blog emeryta	pol	0	2	0	36.5
blomsterbutik	dnk	0	1	0	18
blomsterkurv	dnk	0	1	0	24
blume 2000 voucher	deu	0	1	0	1
blumen puzzle	deu	0	4	0	24
blumen puzzle	ind	0	1	0	28
blumen puzzle	kor	0	1	0	23
blumen puzzle	phl	0	1	0	27
blumen-arrangements puzzle	bgr	0	1	0	27
blumen-arrangements puzzle	ind	0	1	0	31
blumen-arrangements puzzle	phl	0	1	0	26
blumensträuße puzzle	deu	0	1	0	35
blumensträuße puzzle	ind	0	1	0	34
blumensträuße puzzle	tha	0	1	0	31
bobni	cze	0	1	0	1
bodelo	bra	0	2	0	9.5
bois	fra	0	1	0	2
bois espace	bel	0	1	0	7
bonde de brinquedo	prt	0	1	0	6
bonsai 3d puzzle	deu	0	5	0	4.6
bonsai 3d puzzle	hun	0	1	0	1
bonsai 3d puzzle	prt	0	1	0	1
bonsai 3d puzzle	srb	0	2	0	6
bonsai puzzle	aut	0	1	0	13
bonsai puzzle	cze	0	1	0	1
bonsai puzzle	deu	0	2	0	7.5
bonsai puzzle	esp	0	1	0	13
bonsai puzzle	fra	0	1	0	1
bonsai puzzle	gbr	0	2	0	2
bonsai puzzle	hun	0	4	0	1
bonsai puzzle	ita	0	2	0	8
bonsai puzzle	jpn	0	1	0	2
bonsai puzzle	prt	0	1	0	1
bonsai puzzle	rou	0	2	0	2.5
bonsai puzzle 3d	esp	0	2	0	11
bonsai puzzle 3d	fra	0	4	0	8.75
bonsai puzzle 3d	gbr	0	2	0	2
bonsai puzzle 3d	mex	0	1	0	1
bonsai puzzle 3d	prt	0	1	0	9
bonsai sakura	cze	0	4	0	2.25
bonsai sakura	est	0	1	0	1
bonsai sakura	hun	0	1	0	11
bonsai sakura	ita	0	1	0	15
bonsai sakura	pol	0	1	0	1
bonsai sakura	srb	0	2	0	1
bonsai sakura	svn	0	1	0	2
bonsai sakura	ukr	0	1	0	1
bonsai sakura	usa	0	1	0	29
bonsai sakura prodej	cze	0	1	0	27
bonsai tree puzzle	can	0	1	0	5
bonsai tree puzzle	esp	0	1	0	4
bonsai tree puzzle	gbr	0	2	0	3
bonsai tree puzzle	mys	0	2	0	3.5
book look	ita	0	1	0	1
book nook	bgr	0	14	0	7.57
book nook	cze	0	54	0	11.2
book nook	grc	0	1	0	8
book nook - alice adventure	deu	0	11	0	1
book nook - alice adventure	nld	0	9	0	1
book nook and wonderland sakura densya	ita	0	1	0	10
book nook bg	bgr	0	8	0	7.38
book nook bg	fra	0	2	0	3.5
book nook mladinska knjiga	jpn	0	1	0	3
book nook rolife	hun	0	2	0	8
book nook rolife garden house	nld	0	1	0	29
book nook rolife sakura	ita	0	3	0	2
book nook sakura	aus	0	1	0	13
book nook sakura	hrv	0	1	0	5
book nook sakura	hun	0	1	0	11
book nook sakura	ita	0	2	0	7
book nook sakura	nld	0	2	0	27.5
book nook sakura	prt	0	2	0	9.5
book nook sakura	svn	0	1	0	7
book nook sakura	swe	0	1	0	23
book nook sakura densya	bra	0	1	0	8
book nook sakura densya	can	0	1	0	9
book nook sakura densya	cze	0	3	0	1.33
book nook sakura densya	deu	0	1	0	41
book nook sakura densya	gbr	0	1	0	34
book nook sakura densya	gib	0	1	0	6
book nook sakura densya	hun	0	1	0	11
book nook sakura densya	ita	0	21	0	6.86
book nook sakura densya	jpn	0	1	0	10
book nook sakura densya	ltu	0	1	0	5
book nook sakura densya	nor	0	4	0	9
book nook sakura densya	rou	0	1	0	9
book nook sakura densya	swe	0	5	0	12.4
book nook sunshine town	cze	0	2	0	1
book nook tgb07	ita	0	1	0	7
book nook tgb07	lva	0	1	0	8
book nook tgb09	ltu	0	1	0	3
book nook tgb09	nld	0	12	0	16.42
book nook tgb10	deu	0	1	0	10
book nook tgb10	fra	0	1	0	9
book nook tgb10	ita	0	2	0	9
book nook tgb10	usa	0	1	0	12
book nook wonderland sakura densya	ita	0	1	0	9
book noook	cze	0	1	0	10
book.nook	hrv	0	1	0	4
booknook	bgr	0	1	0	5
booknook rolife	cze	0	1	0	9
booknook rolife	svn	0	1	0	7
booknook sakura	irl	0	1	0	5
booknook sakura densya	fin	0	1	0	7
books nook	cze	0	1	0	8
booksnook	che	0	1	0	10
booksnook	esp	0	1	0	8
booksnook	gbr	0	1	0	9
booksnook	mex	0	1	0	2
bookstore rolife	ita	0	1	0	10
borrasque	esp	0	1	0	7
both	usa	0	1	0	6
bourrasque	bel	0	3	0	32
bourrasque	esp	0	2	0	7.5
bourrasque tank	bra	0	1	0	9
bourrasque tank	kor	0	1	0	12
bourrasque tank	ltu	0	1	0	1
bourrasque tank	phl	0	2	0	3
bourrasque tank	ukr	0	1	0	6
bourrasque toy story	hun	0	1	0	5
boutique miniature	fra	0	1	0	54
boutique objet miniature	fra	0	4	0	33
božična darila zanjo	svn	0	2	0	20
brandenburg puzzle	col	0	1	0	20
brandenburg puzzle	deu	0	1	0	8
brandenburg puzzle	ind	0	1	0	10
brandenburg puzzle	kor	0	1	0	10
brandenburger tor 3d	deu	0	1	0	1
brandenburger tor 3d puzzle	aut	0	1	0	15
brandenburger tor 3d puzzle	deu	0	23	0	7
brandenburger tor 3d puzzle	gbr	0	1	0	2
brandenburger tor 3d puzzle	ury	0	1	0	1
brandenburger tor puzzle	aut	0	1	0	3
brandenburger tor puzzle	deu	0	3	0	8.33
brandenburger tor puzzle	egy	0	1	0	5
brandenburger tor puzzle	idn	0	1	0	4
brandenburger tor puzzle	khm	0	1	0	11
brandenburger tor puzzle	kor	0	1	0	4
brandenburgi värav	est	0	2	0	2
brandenburgo vartai	deu	0	1	0	13
brandenburgo vartai	ltu	0	7	0	13.29
bridge londres	kor	0	1	0	17
bridge londres	pol	0	2	0	18
bridge puzzle	deu	0	1	0	19
bridge tower	grc	0	1	0	8
bridge tower bridge	bra	0	1	0	35
bridge tower londres	bra	0	1	0	27
brique motricité	fra	0	1	0	5
bro i london	dnk	0	27	0	11.15
bro i london	gbr	0	1	0	13
bro london	dnk	0	6	0	10
bro london bridge	dnk	0	1	0	8
broer i london	dnk	0	15	0	9.47
bronie z drewna	pol	0	9	0	10.11
broń ak 47	pol	0	3	0	15.67
bruder tuletõrjeauto	est	0	3	0	22
brug in londen	nld	0	2	0	32.5
brug londen	nld	0	1	0	29
brug london	nld	0	1	0	8
bruksanvisning	swe	0	1	0	10
brücke in london name	deu	0	1	0	29
brücken & brunnen puzzle	gtm	0	1	0	38
brücken & brunnen puzzle	kor	0	1	0	39
brücken puzzle	ind	0	1	0	29
buho reloj	esp	0	1	0	10
build a mini room kit	bel	0	1	0	6
build a mini room kit	cze	0	1	0	8
build a mini room kit	deu	0	1	0	8
build a room kit	deu	0	1	0	10
build a room kit	ukr	0	1	0	9
build mini room	ita	0	2	0	7.5
build mini room	pol	0	2	0	9.5
build your mini room	aut	0	6	0	7.67
build your mini room	ukr	0	1	0	7
build your mini room action	hun	0	1	0	7
build your mini room story room	bel	0	3	0	9.67
build your mini room story room	deu	0	1	0	5
build your own mini room	aut	0	2	0	4
build your own mini room	bel	0	6	0	7.67
build your own mini room	che	0	3	0	9.33
build your own mini room	cze	0	4	0	6.25
build your own mini room	deu	0	12	0	8.67
build your own mini room	esp	0	4	0	6
build your own mini room	fra	0	1	0	8
build your own mini room	ita	0	2	0	11
build your own mini room	nld	0	8	0	8.88
build your own mini room	prt	0	1	0	8
build your own mini room action	deu	0	1	0	5
build your own mini room action	nld	0	1	0	8
build your own mini room kit	cze	0	1	0	8
build your own mini room kit	deu	0	4	0	7.75
build your own mini room kit	esp	0	1	0	4
build your own mini room kit	ita	0	1	0	10
build your own mini room kit	nld	0	1	0	9
build your own mini room kit	pol	0	2	0	9
building 3d puzzle	usa	0	1	0	11
building kits for adults	usa	0	1	0	33
building puzzle	ind	0	1	0	3
buket cvijeća	arg	0	1	0	21
buket cvijeća	bih	0	33	0	15.55
buket cvijeća	deu	0	1	0	1
buket cvijeća	hrv	0	19	0	17.84
buket cvijeća	mda	0	1	0	21
buket cvijeća	mne	0	2	0	1
buket cvijeća	srb	0	12	0	4.33
bukietowy 3d	deu	0	1	0	6
bukietowy 3d	pol	0	13	0	5.38
bul	tur	0	1	0	17
buscame	esp	0	1	0	8
byg selv minihus	dnk	0	2	0	39.5
bygga miniatyrer	dnk	0	1	0	9
bygga miniatyrer	swe	0	5	0	13.2
bygga miniatyrhus	grc	0	2	0	5
bygga miniatyrhus	swe	0	44	0	8.16
bygga minihus	swe	0	1	0	51
byggesæt i træ	dnk	0	14	0	11.07
byggesæt i træ til voksne	dnk	0	60	0	9.45
byggesæt i træ til voksne	grl	0	1	0	7
byggesæt i træ til voksne	isl	0	1	0	10
byggesæt i træ til voksne	nld	0	2	0	9.5
byggesæt træ	dnk	0	1	0	11
byggesæt voksne	dnk	0	1	0	11
byggsats miniatyrhus	swe	0	13	0	9.15
bästa pris	swe	0	1	0	24
c'est où	fra	0	1	0	15
c'è ne sono in vendita?	ita	0	1	0	16
cabeça instrumentos musicais	prt	0	2	0	8
cadeau 23 jaar vrouw	nld	0	1	0	4
cadeau fixe les femmes	fra	0	3	0	34.33
cadeau ideeen vrouw	bel	0	1	0	54
cadeau ideeën vrouw	bel	0	1	0	50
cadeau inspiratie vrouw	nld	0	2	0	55.5
cadeau pour femmes	fra	0	1	0	11
cadeau pour homme qui a deja tout	fra	0	1	0	33
cadeau tips voor vrouwen	nld	0	3	0	46
cadeau voor jezelf vrouw	nld	0	1	0	56
cadeau vrouw idee	nld	0	1	0	58
cadeau-ideeën voor haar	bel	0	1	0	5
cadeau-ideeën voor vrouwen	bel	0	3	0	43.67
cadeaubon voor vrouwen	nld	0	1	0	14
cadeautip voor haar	bel	0	1	0	12
cadeautip vrouw	irq	0	1	0	64
cadeautip vrouw	nld	0	4	0	62.75
cadeautip vrouwen	nld	0	1	0	50
cadeautips dames	bel	0	26	0	58.85
cadeautips dames	nld	0	29	0	52.55
cadeautips voor haar	bel	0	1	0	23
cadeautips voor haar	nld	0	3	0	9
cadeautips vrouw	nld	0	3	0	58.33
cadeautips vrouwen	nld	0	1	0	52
cadou iubitor de cărți	rou	0	9	0	7
cadou pentru un barbat care are de toate	rou	0	6	0	39.83
cadouri de ziua lui	rou	0	1	0	45
cadouri pentru indragostiti	rou	0	2	0	48
cafe miniature	fra	0	4	0	14.5
caitria rosalind wheeler 2 player wood puzzle	usa	0	1	0	48
caixa para colocar	bra	0	1	0	35
calendari pieghevoli con tre blocchetti	ita	0	4	0	42.25
calendario 3d da strappare	ita	0	1	0	18
camelia wood	fra	0	1	0	2
camion modelo 3d	fra	0	2	0	4
camión de bomberos	alb	0	1	0	1
camión de bomberos	are	0	1	0	1
camión de bomberos	arg	0	7	0	2.71
camión de bomberos	arm	0	1	0	4
camión de bomberos	bgd	0	3	0	4
camión de bomberos	bhr	0	1	0	4
camión de bomberos	bra	0	1	0	4
camión de bomberos	chl	0	1	0	1
camión de bomberos	civ	0	1	0	1
camión de bomberos	col	0	2	0	4
camión de bomberos	dza	0	1	0	4
camión de bomberos	fra	0	1	0	1
camión de bomberos	gbr	0	1	0	1
camión de bomberos	idn	0	1	0	1
camión de bomberos	irl	0	1	0	1
camión de bomberos	jor	0	1	0	4
camión de bomberos	ken	0	2	0	2.5
camión de bomberos	lbn	0	1	0	1
camión de bomberos	mar	0	1	0	4
camión de bomberos	per	0	1	0	1
camión de bomberos	pol	0	1	0	1
camión de bomberos	pri	0	1	0	1
camión de bomberos	pry	0	2	0	1
camión de bomberos	rus	0	3	0	4
camión de bomberos	usa	0	1	0	4
camión de bomberos	vnm	0	1	0	1
camión de bomberos	zaf	0	1	0	4
can you show a pic	usa	0	1	0	7
can you show me them?	ind	0	1	0	26
can you show pictures?	usa	0	1	0	42
canguru	prt	0	1	0	1
cantinho da fantasia	prt	0	1	0	8
capriccio	dnk	0	1	0	75
car puzzle	esp	0	2	0	39
car puzzle 3d	bel	0	1	0	7
car puzzle 3d	esp	0	1	0	11
car puzzles	esp	0	2	0	47
care e mai frumoasă	mda	0	1	0	6
care sunt beneficiile hobby-urilor pentru sanatatea fizica	rou	0	1	0	67
care sunt hobby-urile care combina sport si relaxare	rou	0	4	0	54.25
carillon 3d	ita	0	3	0	3
carousel rolife	fra	0	2	0	5
carousel rolife	ita	0	1	0	8
carousel rolife	usa	0	1	0	5
carrinho em 3d	bra	0	1	0	1
carro t34	ecu	0	1	0	28
carros de madera para carreras	esp	0	1	0	5
carrossel de madeira	prt	0	1	0	4
carrousel en bois	fra	0	1	0	22
carrusel romantico madera	arg	0	2	0	1
carrusel romantico madera	arm	0	1	0	1
carrusel romantico madera	bgd	0	1	0	1
carrusel romantico madera	bra	0	3	0	1
carrusel romantico madera	can	0	1	0	1
carrusel romantico madera	chl	0	3	0	1
carrusel romantico madera	dom	0	1	0	1
carrusel romantico madera	ecu	0	3	0	1
carrusel romantico madera	kaz	0	1	0	1
carrusel romantico madera	mar	0	1	0	1
carrusel romantico madera	mus	0	1	0	1
carrusel romantico madera	nld	0	1	0	1
carrusel romantico madera	npl	0	1	0	1
carrusel romantico madera	pak	0	1	0	1
carrusel romantico madera	phl	0	1	0	1
carrusel romantico madera	rus	0	2	0	1
carrusel romantico madera	svk	0	1	0	1
carrusel romantico madera	uzb	0	1	0	1
carrusel romantico madera	vnm	0	1	0	1
cars 3d puzzle	pol	0	1	0	11
cartartem book nook	hun	0	1	0	11
carura	rou	0	6	0	5.5
casa das miniaturas	prt	0	3	0	9
casa de madeira miniatura	prt	0	4	0	7.5
casa de miniatura	esp	0	3	0	20.33
casa de miniaturas	prt	0	2	0	6
casa de muñecas en miniatura	arg	0	1	0	33
casa de muñecas en miniatura	esp	0	2	0	31.5
casa de muñecas en miniatura	phl	0	1	0	35
casa de muñecas miniatura	esp	0	1	0	32
casa difícil	esp	0	1	0	9
casa em miniatura	gbr	0	2	0	8
casa em miniatura	prt	0	15	0	8.07
casa em miniatura para montar	prt	0	3	0	6
casa en miniatura	esp	0	2	0	25.5
casa in miniatura	che	0	1	0	8
casa in miniatura	deu	0	1	0	10
casa in miniatura	gbr	0	1	0	5
casa in miniatura	ita	0	58	0	8.91
casa in miniatura - biblioteca studio di sam rolife dg102	deu	0	3	0	1
casa in miniatura - biblioteca studio di sam rolife dg102	nld	0	2	0	1
casa in miniatura da costruire	ita	0	6	0	12.5
casa in miniatura fai da te	ita	0	1	0	11
casa mini	ita	0	3	0	26.67
casa miniatura	che	0	2	0	12.5
casa miniatura	esp	0	8	0	16.38
casa miniatura	fra	0	1	0	6
casa miniatura	gbr	0	1	0	1
casa miniatura	ita	0	7	0	9.29
casa miniatura	rou	0	1	0	2
casa miniatura	vnm	0	1	0	21
casa miniatura diy	prt	0	1	0	4
casa miniatura para construir	esp	0	1	0	21
casa miniatura para montar	esp	0	3	0	33.67
casa miniatura para montar	prt	0	1	0	7
casa miniaturas	esp	0	6	0	11.33
casa miniaturas	prt	0	1	0	7
casa rolife	esp	0	1	0	6
casas de miniatura	esp	0	2	0	19
casas de miniatura	prt	0	3	0	8.33
casas de miniaturas	esp	0	1	0	1
casas em miniatura	gbr	0	1	0	11
casas em miniatura	prt	0	19	0	7.95
casas em miniatura para montar	prt	0	2	0	7
casas en miniatura	esp	0	19	0	14.47
casas en miniatura para construir	mex	0	1	0	11
casas en miniatura para construir	usa	0	1	0	13
casas en miniatura para montar	esp	0	2	0	21
casas en miniaturas	esp	0	1	0	7
casas miniatura	esp	0	9	0	11.56
casas miniatura	prt	0	14	0	7.29
casas miniatura para armar	prt	0	1	0	3
casas miniatura para montar	esp	0	2	0	23
casas miniatura reales	arg	0	1	0	10
casas miniatura reales	col	0	2	0	8.5
casas miniatura reales	esp	0	1	0	3
casas miniatura reales	gtm	0	1	0	8
casas miniatura reales	pry	0	1	0	6
casas miniaturas	prt	0	11	0	7
casas miniaturas para construir	esp	0	4	0	21.5
casas miniaturas para construir	prt	0	20	0	6.25
casas miniaturas para montar	esp	0	1	0	22
casas miniaturas para montar	prt	0	1	0	4
casas para montar en miniatura	esp	0	2	0	20.5
casas para montar en miniatura	prt	0	1	0	6
case da costruire in miniatura	ita	0	32	0	7.03
case in miniatura	che	0	2	0	8
case in miniatura	deu	0	1	0	6
case in miniatura	esp	0	1	0	4
case in miniatura	hrv	0	1	0	1
case in miniatura	idn	0	1	0	9
case in miniatura	ita	0	72	0	7.62
case in miniatura	pry	0	1	0	5
case in miniatura	rou	0	11	0	10.18
case in miniatura da collezione	ita	0	37	0	13.89
case in miniatura da costruire	che	0	3	0	5
case in miniatura da costruire	deu	0	1	0	7
case in miniatura da costruire	esp	0	1	0	10
case in miniatura da costruire	ita	0	101	0	9.89
case in miniatura da costruire	lux	0	1	0	5
case in miniatura da costruire	rou	0	2	0	6
case in miniatura fai da te	ita	0	2	0	12
case miller	rou	0	2	0	6
case miniatura	ita	0	9	0	4.56
case miniature	ita	0	2	0	4
case modellismo	ita	0	3	0	20
casetta in miniatura	aus	0	1	0	9
casetta in miniatura	ita	0	32	0	9.56
casetta libri	ita	0	4	0	10.5
casetta per libri	ita	0	4	0	10.5
casetta per libri da esterno	ita	0	1	0	44
casetta rialzata interna	ita	0	4	0	71.75
casette da costruire	ita	0	2	0	13
casette da costruire in miniatura	che	0	1	0	3
casette da costruire in miniatura	fra	0	1	0	5
casette di legno in miniatura	ita	0	8	0	11.5
casette in legno in miniatura	ita	0	9	0	8.89
casette in miniatura	ita	0	49	0	6.96
casette in miniatura da collezione	ita	0	17	0	14.59
casette in miniatura da costruire	swe	0	1	0	7
casette in miniatura fai da te	ita	0	3	0	14.67
casette in miniatura in legno	ita	0	5	0	10.6
casette in miniatura vendita	ita	0	6	0	5.17
casette mini	ita	0	1	0	23
casette miniatura	ita	0	12	0	8.25
casinha miniatura	prt	0	1	0	5
casinhas em miniatura	prt	0	9	0	7.33
casinhas miniaturas	prt	0	4	0	10.5
casita miniatura	esp	0	2	0	17
casitas de brujas	esp	0	3	0	1
casitas de muñecas miniatura tienda	esp	0	16	0	33.5
casitas en miniatura	bra	0	1	0	22
casitas en miniatura	esp	0	6	0	15.67
casitas en miniatura	ind	0	1	0	21
casitas en miniatura	phl	0	1	0	20
casitas en miniatura para construir	esp	0	2	0	24
casitas mini	esp	0	1	0	26
casitas miniatura	bra	0	1	0	24
casitas miniatura	esp	0	1	0	23
casitas miniatura	ind	0	1	0	22
casitas miniatura para armar	esp	0	1	0	26
casitas miniaturas	esp	0	1	0	15
casitas miniaturas	idn	0	1	0	19
casitas miniaturas	pak	0	1	0	16
casitas miniaturas	phl	0	1	0	19
casitas minis	esp	0	1	0	27
casitas para construir miniatura	esp	0	1	0	21
casitas para libros	esp	0	2	0	10.5
casse tete 3 d	fra	0	2	0	40.5
casse tete 3d	fra	0	3	0	36.67
casse tete arme	fra	0	2	0	10
casse tete bois	usa	0	1	0	59
casse tête arme	fra	0	5	0	12.6
casse-tête 3d	fra	0	2	0	44
casse-tête 3d en bois	fra	0	2	0	16.5
casse-tête arme	fra	0	4	0	12.5
cassette di legno libreria	ita	0	1	0	50
cathedral puzzle	fra	0	1	0	1
cathy flower house	prt	0	3	0	10
cathy's flower house	che	0	1	0	10
cathy's flower house	cyp	0	1	0	3
cathy's flower house	deu	0	6	0	24.33
cathy's flower house	esp	0	1	0	9
cathy's flower house	est	0	1	0	11
cathy's flower house	fra	0	5	0	31
cathy's flower house	gbr	0	2	0	28.5
cathy's flower house	pol	0	2	0	10
cathy's flower house	prt	0	1	0	9
cathy's flower house	srb	0	1	0	10
cathy's flower house dg104	nld	0	1	0	11
cathy's flower house dg104	pol	0	1	0	7
cathy's flower house official website	bra	0	2	0	10
cathy's flower house official website	ita	0	1	0	9
cathy's flower house official website	nld	0	2	0	9
cathy's flower house official website	usa	0	3	0	5.33
cathy's flower house rolife	fra	0	4	0	4.5
cathy's garden house	che	0	1	0	6
cathy's garden house	cze	0	1	0	6
cathy's garden house	deu	0	1	0	10
cathys flower house	bel	0	1	0	11
cathys flower house	cyp	0	1	0	3
cathys flower house	fin	0	1	0	11
cathys flower house	prt	0	1	0	15
cathys flower house	svn	0	1	0	7
cathys flower house rolife	nld	0	2	0	8
cathys greenhouse	dnk	0	1	0	9
cathy’s flower house	fin	0	1	0	11
cathy’s flower house	pol	0	1	0	7
ce inseamna hobby	rou	0	9	0	35.67
cele mai frumoase cadouri	rou	0	8	0	3
cello magic	usa	0	1	0	32
cena	chn	0	1	0	3
cena	fra	0	1	0	17
cena	pol	0	11	0	8.36
cena	srb	0	1	0	14
cena	swe	0	1	0	8
cena dkk	dnk	0	1	0	22
cena na vindet	pol	0	1	0	5
cena nowej	pol	0	1	0	15
cena?	cze	0	2	0	11.5
cerca istruzioni	ita	0	1	0	14
cercami su amazon	ita	0	1	0	18
chalet de montagne	fra	0	1	0	2
char en bois	fra	0	5	0	1
char fordon	swe	0	24	0	5.62
chce kupić online	pol	0	1	0	20
chcete-li	usa	0	1	0	9
chci odkaz	cze	0	1	0	17
che auto è	ita	0	1	0	11
che cos'è e quanto vale	ita	0	1	0	1
che posto è	ita	0	1	0	4
cherry blossom 3d puzzle	prt	0	1	0	1
chocolate factory puzzle	esp	0	1	0	11
chocolate factory rokr	fra	0	1	0	9
chocolate factory rokr	ita	0	2	0	5
chopper naranja	hnd	0	1	0	1
chopper puzzle	deu	0	1	0	13
chopper puzzle	ita	0	1	0	3
chłop	pol	0	1	0	3
ciekawe prezenty dla mężczyzny	pol	0	1	0	7
cijena	aut	0	1	0	1
cijena	hrv	0	2	0	9.5
cim prekvapit zenu	cze	0	1	0	33
classic carousel	tur	0	1	0	1
co dělat proti stresu	cze	0	1	0	50
co je to za vlak	cze	0	1	0	15
co pomáhá proti stresu	cze	0	1	0	6
co to je?	cze	0	1	0	14
co to jest	pol	0	1	0	11
co to za model	pol	0	1	0	11
cocina miniatura	col	0	1	0	21
cocina miniatura	esp	0	6	0	1.17
cocina miniatura	hnd	0	1	0	1
cocina miniatura	mex	0	1	0	1
cocina miniatura	phl	0	1	0	12
coffee shop rolife	fra	0	1	0	3
coleção completa	prt	0	1	0	5
colloseum puzzle	deu	0	1	0	10
coloseum puzzle	cze	0	1	0	1
colosseo 3d puzzle	ita	0	7	0	5.29
colosseo puzzle 3d	ita	0	7	0	6.29
colosseum 3d puzzle	aus	0	1	0	11
colosseum 3d puzzle	aut	0	1	0	13
colosseum 3d puzzle	bel	0	1	0	1
colosseum 3d puzzle	deu	0	4	0	12
colosseum 3d puzzle	est	0	1	0	9
colosseum 3d puzzle	hun	0	1	0	10
colosseum 3d puzzle	irl	0	2	0	11
colosseum 3d puzzle	ita	0	1	0	14
colosseum 3d puzzle	jpn	0	1	0	1
colosseum 3d puzzle	usa	0	2	0	1
colosseum 3d wooden puzzle	ind	0	3	0	11.33
colosseum puzzle	deu	0	4	0	8
colosseum puzzle	esp	0	2	0	13
colosseum puzzle	idn	0	1	0	9
colosseum puzzle	ind	0	4	0	10.25
colosseum puzzle 3d	aut	0	1	0	5
colosseum puzzle 3d	deu	0	1	0	6
colosseum puzzle 3d	ind	0	1	0	1
colosseum puzzle 3d	srb	0	1	0	10
colosseum wooden puzzle	ind	0	1	0	1
colosseum wooden puzzle	irl	0	1	0	6
colosseum wooden puzzle	zaf	0	1	0	12
com imagens	prt	0	1	0	2
combaterea stresului	rou	0	1	0	45
come abbassare lo stress	ita	0	2	0	43
come creare un puzzle	ita	0	1	0	20
come eliminare lo stress	ita	0	11	0	44.82
come eliminare lo stress	vnm	0	1	0	44
come liberarsi dallo stress	ita	0	1	0	36
come montare	ita	0	1	0	24
come rilassarsi dallo stress	ita	0	3	0	34.67
come scaricare lo stress	ita	0	12	0	39.17
come sfogare lo stress	ita	0	1	0	39
come si chiama	ita	0	1	0	2
come si chiama il ponte di londra	ita	0	2	0	28
come si risolve	ita	0	1	0	1
come togliere lo stress	ita	0	2	0	41.5
comment dessiner le tower bridge	fra	0	2	0	2
comment dessiner le tower bridge	mtq	0	2	0	2
comment s appelle le pont de londres	fra	0	1	0	30
comment s' appelle le pont de londres	can	0	1	0	14
comment s'appelle le pont de londres	fra	0	4	0	27.5
common structures	usa	0	1	0	1
como armar rompecabezas de madera 3d	mex	0	1	0	10
como armarlo paso a paso	mex	0	1	0	6
como construir um	prt	0	1	0	20
como foi construida	bra	0	1	0	4
como hacer un rompecabezas de madera	esp	0	1	0	18
como montar	bra	0	1	0	21
comprar	esp	0	2	0	15.5
comprar puzzles de madera al por mayor	esp	0	1	0	49
comprar rompecabezas	esp	0	1	0	4
con animazione	ita	0	1	0	3
confronta prezzi	jpn	0	1	0	31
construcciones en miniatura	esp	0	1	0	21
construcción en miniatura	esp	0	1	0	25
construcción miniatura	esp	0	1	0	27
construction tower bridge	bel	0	2	0	8
construction tower bridge	fra	0	17	0	7
construction tower bridge	gbr	0	1	0	6
construction tower bridge	pyf	0	1	0	6
contexto historico	bra	0	1	0	3
converta	bra	0	1	0	3
corsac m60	bra	0	1	0	10
corsac m60	ita	0	1	0	2
corsac m60	nld	0	1	0	2
corsac m60	phl	0	1	0	1
corsac m60	pol	0	1	0	1
corsac m60	usa	0	1	0	26
cosa fare contro lo stress	ita	0	1	0	43
cosa fare per lo stress	ita	0	2	0	44
cosa rappresenta	ita	0	1	0	4
cosa regalare a un uomo che ha tutto	ita	0	1	0	30
cosa regalare ad un uomo che ha tutto	ita	0	4	0	34.25
cosas para armar	ecu	0	1	0	2
costo	esp	0	1	0	1
costo	ita	0	5	0	3.6
costo?	ita	0	1	0	7
costruire case in miniatura	ita	0	1	0	7
costruire casette in miniatura	ita	0	1	0	10
costruire con il legno	ita	0	1	0	12
costruire modellini di case	ita	0	1	0	11
costruzione puzzle	ita	0	3	0	16.33
costruzione tower bridge	che	0	1	0	12
costruzione tower bridge	gbr	0	1	0	12
costruzioni 3d	ita	0	23	0	8.26
couleur du pont de londres	fra	0	21	0	8.29
couleur tower bridge	bel	0	2	0	7
couleur tower bridge	fra	0	57	0	6.81
cozy kitchen	esp	0	4	0	15
creatief cadeau vrouw	nld	0	1	0	72
creative building blocks	deu	0	1	0	8
croisiere a prix cassé	che	0	1	0	19
cruiser motorcykel	dnk	0	1	0	40
cruiser puzzle	esp	0	1	0	6
cruiser-motorrad	bfa	0	1	0	4
cruiser-motorrad	bra	0	1	0	4
cruiser-motorrad	deu	0	1	0	4
cruiser-motorrad	eth	0	1	0	4
cruiser-motorrad	irl	0	1	0	4
cruiser-motorrad	nam	0	1	0	4
cruiser-motorrad	rus	0	2	0	4
cruiser-motorrad	ury	0	1	0	4
crveni trkaci auto	bih	0	6	0	2
crveni trkaci auto	grc	0	1	0	2
crveni trkaci auto	hrv	0	15	0	2
crveni trkaci auto	mne	0	1	0	8
crveni trkaci auto	srb	0	11	0	2
créatif	fra	0	1	0	1
cuando se construyo el puente de londres	arg	0	3	0	11
cuando se construyo el puente de londres	esp	0	5	0	10.2
cuando se construyo el puente de londres	gbr	0	2	0	7
cuando se construyo el puente de londres	mex	0	9	0	11.89
cuando se construyo el tower bridge	col	0	1	0	7
cuando se construyo el tower bridge	esp	0	10	0	6.7
cucina per bambini molto kitchen con lampada	zzz	0	1	0	48
cuckoo clock lc901c	deu	0	2	0	9
cuckoo clock lc901c	ita	0	1	0	5
cuisine cosy - rolife	deu	0	1	0	1
cum sa scapi de stres	rou	0	10	0	19.9
cum să scap de stres	rou	0	1	0	18
curious discovery luminous globe	usa	0	1	0	27
czołg fv4005	pol	0	4	0	10.75
czołg z drewna	pol	0	17	0	6.71
czy jest na amazonie	pol	0	1	0	6
czy kupię w action	pol	0	1	0	3
czy znasz sprawdzony sklep z miniaturowymi domkami z wysyłką w polsce?	pol	0	20	0	1.95
części żużlowe sklep	pol	0	1	0	16
cómo se monta	esp	0	1	0	18
d003	esp	0	3	0	5.67
d014	ita	0	1	0	24
da	bih	0	1	0	3
da	svn	0	1	0	6
daisy wooden	ita	0	1	0	18
daj link	srb	0	1	0	5
damplokomotiv model	dnk	0	4	0	2.5
dans se style la	fra	0	1	0	57
danske butikker	dnk	0	1	0	6
darila	gbr	0	1	0	32
darila za božič	svn	0	4	0	19.75
darila za praznike	svn	0	2	0	27
darila za ženo	svn	0	2	0	6
darila zanjo	svn	0	1	0	10
darilo za božič	svn	0	1	0	1
darilo za božička	pyf	0	1	0	6
darilo za gospoda	svn	0	7	0	44.71
darilo za moškega	svn	0	1	0	40
darilo za moškega ki ima vse	hrv	0	1	0	8
darilo za rojstni dan	svn	0	1	0	23
darilo za žensko	svn	0	7	0	9.57
darilo zanj	svn	0	3	0	10.33
date construction tower bridge	fra	0	26	0	9.46
date construction tower bridge	reu	0	2	0	9.5
de dificuldade	bra	0	1	0	5
de edificios	esp	0	1	0	4
de eerste 2	nld	0	1	0	4
de her	dnk	0	1	0	8
de madera	deu	0	1	0	1
de tower bridge	eth	0	1	0	54
de tower bridge	idn	0	1	0	50
deco toys	esp	0	1	0	44
decoraciones en miniatura tienda online	esp	0	20	0	18.45
dekorace do domácnosti	cze	0	1	0	3
dekorace do knihovny	esp	0	1	0	64
dekoracja	esp	0	1	0	6
deliones 3d	ltu	0	6	0	20.67
deliżans	pol	0	23	0	3.65
densya	pol	0	1	0	7
densya	prt	0	1	0	5
densya	rou	0	1	0	5
descrizione	ita	0	1	0	3
dessin tower bridge	fra	0	1	0	41
det skæve tårn i pisa	dnk	0	24	0	13.38
det skæve tårn i pisa	fra	0	1	0	13
det skæve tårn i pisa	geo	0	1	0	12
det skæve tårn i pisa	hun	0	1	0	12
det skæve tårn i pisa	ind	0	1	0	13
det skæve tårn i pisa	mex	0	1	0	12
det skæve tårn i pisa	per	0	1	0	16
det skæve tårn i pisa	srb	0	1	0	15
detalles regalos para mujer	per	0	1	0	10
detectivebureau	nld	0	4	0	70.25
detektivbüro	are	0	1	0	17
detektivbüro	arg	0	1	0	27
detektivbüro	bra	0	1	0	29
detektivbüro	che	0	3	0	25.67
detektivbüro	col	0	1	0	27
detektivbüro	deu	0	7	0	31.57
detektivbüro	ind	0	3	0	31
detektivbüro	jpn	0	1	0	88
detektivbüro	mar	0	2	0	32
detektivbüro	phl	0	1	0	38
detektivbüro	tha	0	1	0	40
detektivbüro	twn	0	1	0	28
detektivbüro	uga	0	1	0	65
detektivbüro	uzb	0	1	0	35
detektivbüro	vnm	0	2	0	37.5
dg102	bgr	0	1	0	7
dg102	esp	0	2	0	5.5
dg102	fra	0	4	0	7
dg102	glp	0	1	0	5
dg102	hun	0	2	0	6.5
dg102	pol	0	1	0	1
dg102	swe	0	1	0	1
dg104	bel	0	1	0	4
dg104	esp	0	1	0	4
dg104	pol	0	2	0	1
dg104	swe	0	1	0	10
dg104	usa	0	1	0	6
dg108	bgr	0	4	0	5.5
dg108	bra	0	1	0	9
dg108	deu	0	2	0	5.5
dg108	egy	0	1	0	1
dg108	fra	0	1	0	1
dg108	idn	0	7	0	3
dg108	irl	0	1	0	4
dg108	mdv	0	1	0	1
dg108	mmr	0	2	0	3.5
dg108	pak	0	1	0	5
dg108	usa	0	6	0	3.17
dg109	blr	0	2	0	5.5
dg109	ind	0	1	0	8
dg109	pak	0	1	0	9
dg109	ukr	0	2	0	3.5
dg11	cze	0	1	0	7
dg12	ltu	0	2	0	1
dg12	pol	0	1	0	1
dg12	swe	0	1	0	1
dg145	bel	0	1	0	5
dg145	bgr	0	2	0	7.5
dg145	ita	0	1	0	6
dg145	lva	0	1	0	3
dg145	prt	0	1	0	1
dg145	twn	0	1	0	20
dg146	bgr	0	1	0	2
dg146	bra	0	1	0	1
dg146	col	0	1	0	7
dg146	grc	0	1	0	2
dg146	sgp	0	1	0	3
dg146	ukr	0	1	0	2
dg146	usa	0	7	0	20.43
dg155	nld	0	1	0	4
dg166	deu	0	1	0	8
dg166	eth	0	4	0	8
dg166	hun	0	1	0	1
dg166	tha	0	2	0	10
dg167	deu	0	1	0	9
dg167	esp	0	1	0	2
dg167	khm	0	1	0	2
dg167	nld	0	1	0	4
dg181	bra	0	1	0	7
dg181	ltu	0	1	0	9
dg181	lva	0	1	0	9
dg181	mmr	0	12	0	5.17
dg181	nld	0	1	0	4
dg181	pol	0	1	0	1
dg181	rus	0	2	0	8.5
dg181	srb	0	1	0	6
dica de presente para mulher	bra	0	1	0	77
dicas de presente mulher	bra	0	1	0	71
dicas de presentes para mulheres	bra	0	2	0	68.5
dicas presentes femininos	bra	0	1	0	62
dieses	deu	0	1	0	20
dilizansa	prt	0	1	0	3
dilizansa	srb	0	2	0	3.5
diližansa	bih	0	1	0	1
diližansa	fra	0	1	0	2
diližansa	hrv	0	1	0	1
diližansa	ita	0	1	0	3
diližansa	srb	0	1	0	6
dime el precio	esp	0	1	0	4
dime mas cosas	esp	0	1	0	1
din ungaria	rou	0	1	0	4
dino 3d puzzle	fra	0	1	0	33
dinosaur 3d wooden puzzle	ita	0	1	0	13
dinosaure puzzle 3d	fra	0	2	0	1
dinossauro	bra	0	1	0	6
diorama rolife	pol	0	1	0	12
discontinued?	can	0	1	0	14
diy 3d moving gears puzzle motorcycle cruiser 420pcs	usa	0	1	0	27
diy 3d puzzles	che	0	1	0	2
diy biblioteca	prt	0	1	0	1
diy book nook	cze	0	1	0	2
diy book nook 3d 246 pièces - sunshine town - rolife	fra	0	1	0	50
diy casas miniatura	prt	0	1	0	1
diy cathy's flower house	nld	0	1	0	11
diy house	deu	0	2	0	31.5
diy hus	swe	0	1	0	11
diy mini book nook	hun	0	1	0	7
diy miniaturas	lva	0	1	0	4
diy miniature 3d emily's flower shop - rolife - 258 pièces	fra	0	24	0	29.58
diy miniature 3d emily's flower shop - rolife - 258 pièces	ken	0	1	0	38
diy miniature 3d emily's flower shop - rolife - 258 pièces	lby	0	1	0	40
diy miniature 3d emily's flower shop - rolife - 258 pièces	mex	0	1	0	36
diy miniature 3d emily's flower shop - rolife - 258 pièces	pak	0	1	0	36
diy miniature 3d emily's flower shop - rolife - 258 pièces	syr	0	1	0	32
diy miniature 3d emily's flower shop - rolife - 258 pièces	tur	0	1	0	37
diy miniature 3d emily's flower shop - rolife - 258 pièces	ury	0	1	0	40
diy miniature 3d emily's flower shop - rolife - 258 pièces	usa	0	2	0	31.5
diy miniature house	dnk	0	1	0	10
diy miniature house alice's tea store	esp	0	2	0	8
diy miniature house cathy's flower house	per	0	1	0	5
diy miniature house cathy's flower house	pol	0	1	0	11
diy miniature house emily's flower shop	dnk	0	1	0	4
diy miniature house emily's flower shop	esp	0	4	0	6.5
diy miniature house emily's flower shop	fra	0	1	0	11
diy miniature house flower shop	esp	0	1	0	8
diy miniature house flower shop	prt	0	1	0	9
diy miniature house kiki's magic emporium	ita	0	1	0	11
diy miniature house kit cathy's flower house	ltu	0	1	0	10
diy miniature house miller's garden	cze	0	1	0	8
diy miniature house miller's garden	deu	0	4	0	3.25
diy miniature house miller's garden	fra	0	1	0	6
diy miniature house miller's garden	ltu	0	1	0	7
diy miniature house simon's coffee	irl	0	1	0	9
diy miniature house simon's coffee	rus	0	1	0	12
diy miniature house simon's coffee	tur	0	3	0	17
diy miniature room	dnk	0	1	0	11
diy miniature room	est	0	1	0	6
diy miniature room	fin	0	2	0	6.5
diy miniature room	ita	0	1	0	9
diy miniature room kit	fra	0	1	0	10
diy miniature room kit	ita	0	1	0	6
diy miniature room kit	ukr	0	1	0	6
diy miniature room kits	ita	0	1	0	7
diy miniature store	esp	0	1	0	6
diy miniatyrhus	esp	0	1	0	6
diy miniatyrhus	fin	0	1	0	7
diy miniatyrhus	nld	0	1	0	8
diy miniatűr ház	esp	0	2	0	3.5
diy rolife	pol	0	3	0	5.67
diy wooden 3d mechanical model set road king	usa	0	41	0	1
diy wooden puzzle luminous globe	usa	0	3	0	6.67
djong	dnk	0	1	0	2
djong	esp	0	5	0	8
djong	fra	0	3	0	10
djong	hun	0	1	0	5
djong	ita	0	1	0	9
djong	nld	0	1	0	9
djong	pol	0	2	0	8.5
djong	swe	0	1	0	8
djong	usa	0	1	0	20
dla kobiet	pol	0	1	0	3
do you have a pdf	lux	0	1	0	8
doll house suppliers	usa	0	1	0	24
doll houses miniatures	afg	0	1	0	51
dollhouse	dnk	0	1	0	3
dollhouse room kit	ita	0	1	0	10
dolls house building	usa	0	2	0	19
dolls house miniatures	ind	0	1	0	31
dolls house store	usa	0	1	0	33
dom do ry	deu	0	1	0	10
dom pod sakurą	pol	0	8	0	3
domek dla liter	pol	0	2	0	1
domek interaktywny	cze	0	1	0	20
domek miniaturowy	cze	0	1	0	8
domek miniaturowy	pol	0	2	0	9
domek na książki	pol	0	4	0	27.25
domek w kształcie litery a	pol	0	6	0	1.17
domki miniaturowe	che	0	1	0	8
domki miniaturowe	nld	0	1	0	9
domki miniaturowe	pol	0	11	0	7.82
domky	cze	0	1	0	16
donde comprar	esp	0	4	0	19.75
donde comprar	mex	0	1	0	26
donde comprar mas barato	esp	0	1	0	22
donde comprar?	esp	0	1	0	8
donde conseguir	per	0	1	0	23
donde está más barato	esp	0	1	0	22
donde lo venden	esp	0	1	0	2
donde se compra	che	0	1	0	5
donde se pone la pila	esp	0	1	0	1
donne moi un image	fra	0	1	0	26
dopamin tiktok	hun	0	3	0	6
dopamina tiktok	ita	0	5	0	8.6
dopamina tiktok	prt	0	2	0	9.5
dora casa	esp	0	1	0	5
dora casas	esp	0	6	0	5.83
dora's loft	ita	0	1	0	7
dora's loft rolife	bgr	0	1	0	10
dora's loft rolife	esp	0	1	0	2
dora's loft rolife	nld	0	1	0	3
dora's loft rolife	usa	0	1	0	9
doras loft	aus	0	3	0	8.67
doras loft	fin	0	2	0	4
doras loft	hrv	0	1	0	5
doras loft	hun	0	2	0	5
doras loft	irl	0	2	0	3
doras loft	ltu	0	2	0	4.5
doras loft	usa	0	2	0	7.5
doras loft rolife	bgr	0	1	0	3
doras loft rolife	esp	0	2	0	3
doras loft rolife	irl	0	2	0	6.5
dorino	cze	0	5	0	5.4
doro life	tur	0	1	0	62
dorosły	pol	0	1	0	1
dostavnik	cze	0	51	0	3.04
dostavnik	svn	0	1	0	1
dostavnik	usa	0	1	0	4
dostavník	bra	0	1	0	3
dostavník	cze	0	38	0	3.66
dostavník	dnk	0	1	0	11
dostavník	nld	0	1	0	1
dostavník	pol	0	1	0	11
dovana jai	che	0	1	0	10
dovana jai	ltu	0	7	0	29.14
dovanos jai	dnk	0	1	0	19
dovanos jai	gbr	0	1	0	11
dovanos jai	ltu	0	41	0	20.2
dovanos jai	usa	0	1	0	11
dovanos jai kaledu proga	ltu	0	2	0	9.5
dovanos jam kaledu proga	ltu	0	5	0	8.2
dovanos valentino diena	ltu	0	1	0	60
dovanu idejos	nld	0	1	0	10
dovanų įdėjos kalėdoms	ltu	0	2	0	12.5
dove acquistare on line	deu	0	1	0	4
dove aquistarlo	ita	0	1	0	6
dove comprare	ita	0	1	0	2
dove comprarlo	ita	0	1	0	19
dove comprarlo in italia	chn	0	1	0	3
dove si trova questo posto	ita	0	3	0	2.67
dove trovarli	ita	0	1	0	5
drahé dárky pro děti	cze	0	28	0	11.64
dream gift factory	are	0	2	0	10.5
dream gift factory	arg	0	1	0	10
dream gift factory	dnk	0	1	0	7
dream gift factory	esp	0	1	0	8
dream gift factory	hun	0	4	0	4.25
dream gift factory	ita	0	21	0	6.9
dream gift factory	jpn	0	2	0	11
dream gift factory	ltu	0	3	0	7
dream gift factory	nld	0	1	0	33
dream gift factory	pol	0	3	0	3.33
dream gift factory	rou	0	3	0	9
dream gift factory	srb	0	1	0	6
dream gift factory	usa	0	2	0	13.5
dream gift factory eab01	fin	0	1	0	6
dream gift factory eab01	fra	0	1	0	15
dream gift factory eab01	pol	0	1	0	3
dream gift factory rokr	are	0	1	0	12
dream gift factory rokr	esp	0	2	0	18
dream gift factory rokr	ita	0	7	0	6
dream gift factory rokr	usa	0	1	0	15
dream world magical construction	dnk	0	1	0	8
drevena kytice	cze	0	2	0	5
drevena ruze	cze	0	8	0	8.12
drevene 3d puzzle	cze	0	19	0	2.89
drevene auto	cze	0	21	0	1.95
drevene auto	svk	0	1	0	11
drevene puzle	cze	0	1	0	19
drevene puzzle	cze	0	8	0	19.88
drevene puzzle 3d	cze	0	9	0	5.33
drevene puzzle 3d	svk	0	1	0	4
drevene puzzle lev	cze	0	1	0	18
drevene puzzle slon	svk	0	1	0	22
drevenne puzzle	cze	0	1	0	20
dreveny	cze	0	1	0	1
dreveny globus	cze	0	2	0	7
dreveny telefon	deu	0	1	0	29
drevené autá	cze	0	3	0	12.33
drevené puzzle	cze	0	4	0	18.5
drevené puzzle 3d	cze	0	4	0	3.75
drevený večný kalendár	cze	0	1	0	16
drewniane instrumenty	pol	0	1	0	30
drewniane kwiatki	pol	0	3	0	27.67
drewniane kwiaty	pol	0	43	0	8.74
drewniane kwiaty	prt	0	1	0	6
drewniane modele 3d	pol	0	2	0	22
drewniane modele mechaniczne	pol	0	2	0	24
drewniane puzle 3d	deu	0	1	0	3
drewniane puzle 3d	pol	0	9	0	3.44
drewniane puzzle	pol	0	1	0	7
drewniane puzzle 3d	deu	0	1	0	4
drewniane puzzle 3d	gha	0	1	0	5
drewniane puzzle 3d	lby	0	1	0	2
drewniane puzzle 3d	nld	0	2	0	7
drewniane puzzle 3d	tza	0	1	0	42
drewniane puzzle 3d	usa	0	2	0	6
drewniane puzzle 3d dla dorosłych	bra	0	1	0	6
drewniane puzzle 3d dla dorosłych	deu	0	1	0	3
drewniane puzzle 3d dla dorosłych	pol	0	69	0	3
drewniane puzzle 3d dla dorosłych	usa	0	1	0	2
drewniane puzzle 3d dla dzieci	pol	0	2	0	11
drewniane puzzle 3d dla dzieci	usa	0	1	0	14
drewniane puzzle 3d ruchome	pol	0	2	0	22
drewniane puzzle 3d ruchome	usa	0	1	0	22
drewniane puzzle dla dorosłych	pol	0	1	0	4
drewniane łamigłówki 3d jak ułożyć	pol	0	3	0	19.33
drewniane łamigłówki 3d jak ułożyć	usa	0	1	0	24
drewniany globus	pol	0	3	0	15
drewniany globus	usa	0	1	0	13
drewniany karabin	usa	0	1	0	11
drewniany kwiatek	pol	0	3	0	39.33
drewniany model	pol	0	1	0	7
droyz toys	esp	0	3	0	39.33
drucker holz	deu	0	5	0	3.4
drukarka do drewna 3d	dnk	0	2	0	3
drukarka do drewna 3d	gbr	0	2	0	4
drukarka do drewna 3d	pol	0	18	0	3.56
drvena koliba	bih	0	2	0	1
drvena koliba	deu	0	1	0	1
drvena koliba	hrv	0	2	0	1
drvena koliba	swe	0	1	0	1
drvena puska	hrv	0	1	0	1
drvena puška	hrv	0	1	0	1
drvena pčela	bih	0	1	0	1
drvena pčela	deu	0	1	0	1
drvena pčela	hrv	0	2	0	1
drvena sova	hrv	0	2	0	30
dubbningsrobot	swe	0	17	0	11.18
dumper model	dnk	0	1	0	2
dure cadeaus voor vrouwen	nld	0	1	0	66
dutch woodworking	nld	0	2	0	14.5
dykizans	kgz	0	1	0	2
dykizans	pol	0	4	0	2
dylizans	deu	0	6	0	5.33
dylizans	pol	0	24	0	4.12
dyliżans	arm	0	1	0	2
dyliżans	aut	0	5	0	2
dyliżans	bgd	0	1	0	11
dyliżans	che	0	3	0	2
dyliżans	chn	0	1	0	2
dyliżans	deu	0	26	0	3.92
dyliżans	egy	0	2	0	2
dyliżans	esp	0	1	0	2
dyliżans	fra	0	2	0	2
dyliżans	gbr	0	1	0	2
dyliżans	grc	0	2	0	2
dyliżans	hrv	0	2	0	7
dyliżans	ind	0	1	0	2
dyliżans	ita	0	3	0	2
dyliżans	lux	0	1	0	2
dyliżans	nld	0	8	0	4.5
dyliżans	nor	0	1	0	2
dyliżans	pol	0	1507	0	3.01
dyliżans	swe	0	3	0	2.33
dyliżans	usa	0	2	0	2
dziip	est	0	5	0	3.2
dárek co potěší	cze	0	1	0	14
dárek na valentýn	cze	0	1	0	3
dárek pro milovnice umění	cze	0	3	0	21
dárek pro milovnice umění	gin	0	1	0	23
dárek pro muže který má vše	cze	0	3	0	14.67
dárky které překvapí	cze	0	8	0	14.62
dárky na narozeniny	cze	0	1	0	12
dárky pro milovníky knih	cze	0	4	0	20.25
dárky pro náročné	cze	0	1	0	9
dárky pro ženu	svk	0	1	0	8
dísztárgy	hun	0	1	0	5
dónde compro eso	mex	0	1	0	33
dāvanas valentīndienā	lva	0	2	0	55.5
dāvanas viņam	lva	0	1	0	8
dāvanas ziemassvētkos	lva	0	5	0	20.2
dāvanu idejas sievietei	lva	0	7	0	6.71
dřevěná hrací skříňka	cze	0	10	0	4.4
dřevěná růže	cze	0	3	0	6.67
dřevěná zbraň	cze	0	3	0	19.67
dřevěné 3d modely	cze	0	6	0	7.17
dřevěné 3d puzzle	svk	0	1	0	2
dřevěné 3d puzzle pro dospělé	cze	0	4	0	10.25
dřevěné 3d stavebnice	cze	0	5	0	12.6
dřevěné auta	cze	0	1	0	17
dřevěné květiny	cze	0	12	0	20.25
dřevěné kytice	cze	0	4	0	18.5
dřevěné mechanické puzzle	cze	0	2	0	10
dřevěné mechanické puzzle	usa	0	1	0	8
dřevěné modely aut	cze	0	25	0	8.64
dřevěné puzzle	cze	0	12	0	20
dřevěné puzzle	gbr	0	1	0	17
dřevěné puzzle 3d	svk	0	1	0	2
dřevěné puzzle dinosaurus	cze	0	1	0	44
dřevěné puzzle lev	cze	0	9	0	4.44
dřevěné puzzle slon	cze	0	2	0	21
dřevěné růže	cze	0	23	0	9.35
dřevěné skládačky	cze	0	5	0	57.6
dřevěné stavebnice pro dospělé	ita	0	1	0	2
dřevěné zbraně	cze	0	28	0	4.29
dřevěné zbraně	svk	0	1	0	3
dřevěný kalendář	cze	0	4	0	49.5
dřevěný kalendář kostky	cze	0	1	0	44
džiip	est	0	6	0	3.83
e este modelo?	che	0	1	0	7
e questo	ita	0	1	0	1
e shop	cze	0	1	0	1
e-shop	cze	0	1	0	1
ea02	col	0	2	0	6.5
ea02	fra	0	2	0	4
ea02	pol	0	1	0	8
eab01	deu	0	1	0	5
eab01	fra	0	4	0	7.5
eab01	ita	0	1	0	3
eab01	jpn	0	1	0	13
eab01	lva	0	1	0	3
eab01	mys	0	1	0	1
eab01	nld	0	2	0	9.5
eab01	pol	0	1	0	2
eab01	pry	0	1	0	6
eab01	usa	0	2	0	5.5
eab01 dream gift factory	blr	0	2	0	6.5
eab01 dream gift factory	deu	0	1	0	10
eab01 dream gift factory	irl	0	1	0	6
eab01 dream gift factory	kor	0	1	0	7
eab01 dream gift factory	nld	0	1	0	11
eab01 dream gift factory	nor	0	1	0	7
eab01 dream gift factory	tur	0	1	0	4
eab01 dream gift factory	twn	0	1	0	9
eab01 dream gift factory	ukr	0	1	0	4
eab01 dream gift factory	usa	0	2	0	7.5
eco 3d wooden puzzle	fra	0	3	0	10.33
eco 3d wooden puzzle	ita	0	1	0	6
eco 3d wooden puzzle	usa	0	2	0	5
eco ambulance	fra	0	2	0	7.5
eco maz	arg	0	1	0	5
eco maz	hkg	0	1	0	2
eco model	usa	0	1	0	7
eco police	fra	0	1	0	11
eco windmill	usa	0	1	0	7
eco wood	dnk	0	5	0	8.8
eco wood	esp	0	2	0	7.5
eco wood	fra	0	2	0	9
eco wood	lva	0	1	0	18
eco wood art	aus	0	1	0	10
eco wood art	cyp	0	1	0	8
eco wood art	cze	0	6	0	7.83
eco wood art	deu	0	2	0	10.5
eco wood art	esp	0	1	0	5
eco wood art	fra	0	8	0	4.75
eco wood art	hrv	0	1	0	8
eco wood art	hun	0	5	0	3
eco wood art	irl	0	1	0	4
eco wood art	nor	0	3	0	10.33
eco wood art	prt	0	1	0	10
eco wood art	svk	0	2	0	7
eco wood art	svn	0	2	0	4
eco wood art	vnm	0	1	0	10
eco wood art models	bel	0	1	0	8
eco wood art schreibmaschine	are	0	1	0	1
eco wood art schreibmaschine	arg	0	5	0	2.2
eco wood art schreibmaschine	arm	0	1	0	2
eco wood art schreibmaschine	bgd	0	3	0	2
eco wood art schreibmaschine	bgr	0	1	0	1
eco wood art schreibmaschine	bra	0	5	0	2
eco wood art schreibmaschine	chl	0	2	0	2
eco wood art schreibmaschine	deu	0	17	0	1.24
eco wood art schreibmaschine	esp	0	1	0	1
eco wood art schreibmaschine	fra	0	1	0	3
eco wood art schreibmaschine	gbr	0	1	0	2
eco wood art schreibmaschine	idn	0	1	0	3
eco wood art schreibmaschine	ind	0	1	0	1
eco wood art schreibmaschine	isr	0	1	0	1
eco wood art schreibmaschine	kaz	0	1	0	3
eco wood art schreibmaschine	kwt	0	1	0	3
eco wood art schreibmaschine	nld	0	14	0	1
eco wood art schreibmaschine	pak	0	1	0	2
eco wood art schreibmaschine	phl	0	1	0	3
eco wood art schreibmaschine	pri	0	1	0	2
eco wood art schreibmaschine	prt	0	1	0	1
eco wood art schreibmaschine	rus	0	1	0	3
eco wood art schreibmaschine	sen	0	1	0	1
eco wood art schreibmaschine	ukr	0	1	0	1
eco wood art schreibmaschine	uzb	0	1	0	1
eco wood art schreibmaschine	ven	0	1	0	2
eco wood design	pol	0	1	0	2
eco woods	dnk	0	1	0	17
eco-wood-art	est	0	1	0	4
eco-wood-art	hun	0	2	0	2
eco-wood-art	usa	0	1	0	10
ecowood	nld	0	1	0	6
ecowoodart	hun	0	1	0	6
edificios armables	ecu	0	1	0	2
edificios para armar	cri	0	1	0	5
edificios para armar	per	0	1	0	7
educa puzzle studio 3d camion dei pompieri	rus	0	1	0	3
eest time is	esp	0	1	0	24
eg01	cze	0	2	0	3.5
eg01	fra	0	1	0	6
ehitised	est	0	1	0	1
eifeļa tornis	fra	0	3	0	18
eifeļa tornis	grc	0	1	0	15
eifeļa tornis	ind	0	1	0	13
eifeļa tornis	lva	0	3	0	12.33
eifeļa tornis	pak	0	1	0	13
eifeļa tornis	prt	0	1	0	14
eiffel torony puzzle	hun	0	1	0	13
eiffel tower 3d puzzle instructions	aus	0	1	0	11
eiffel tower rolife	irl	0	1	0	6
eiffel tower rolife	pol	0	1	0	3
eiffeli torn	est	0	3	0	16.67
eiffelova věž model	cze	0	1	0	1
eiffelova věž puzzle	cze	0	1	0	39
eiffelturm modell beleuchtet	deu	0	2	0	10.5
eiffeltårn sex	geo	0	1	0	25
ein sportwagen	deu	0	1	0	1
einzigartige geschenkideen für frauen	deu	0	1	0	7
ekstremalne prezenty dla faceta	pol	0	14	0	47.43
ekstremalne prezenty dla niego	pol	0	1	0	50
ekstremalny prezent dla mężczyzny	pol	0	12	0	50.17
ekstremalny prezent dla niego	pol	0	12	0	47.58
el otro	mex	0	1	0	8
el puente más famoso de londres	esp	0	1	0	35
electric guitar rokr	nld	0	2	0	11
elefant puzzle	deu	0	2	0	19
elefante puzzle	esp	0	1	0	31
elefante puzzle	ita	0	2	0	11
elefanten puzzle	bgd	0	1	0	26
elefanten puzzle	deu	0	4	0	24.75
elefanten puzzle	mar	0	1	0	27
elefanten puzzle	nld	0	1	0	24
elefanten puzzle holz	deu	0	2	0	11
elegáns ajándék nőnek	hun	0	3	0	20.33
elektrische platenspeler	bel	0	1	0	9
elektrische platenspeler	nld	0	6	0	11.83
elektromos gitár	hun	0	1	0	1
elektronikai ajándék férfiaknak	hun	0	1	0	20
elektryczny gramofon	pol	0	6	0	6
elektryczny gramofon	usa	0	1	0	5
elephant 3d puzzle	nld	0	1	0	13
elephant 3d puzzle	usa	0	1	0	1
elephant puzzle	deu	0	1	0	72
elephant puzzle 3d	fra	0	2	0	1
elephant puzzle 3d	usa	0	2	0	1
elicottero 3d	ita	0	2	0	8.5
eliminare lo stress	ita	0	3	0	43
eliminare lo stress	pak	0	1	0	43
eliminare lo stress quotidiano 10 consigli	ita	0	15	0	15.8
eliminare lo stress quotidiano dieci consigli	ita	0	3	0	22.67
eliminare lo stress quotidiano: 10 consigli	ita	0	1	0	27
em euro	bra	0	1	0	1
em lojas	prt	0	1	0	3
emily fiori	nor	0	1	0	1
emily flower	fra	0	1	0	32
emily flower shop	esp	0	7	0	8
emily flower shop	fin	0	1	0	3
emily flower shop	lva	0	1	0	6
emily flower shop	swe	0	1	0	5
emily flower shop rolife	bel	0	1	0	7
emily flower shop rolife	ita	0	1	0	9
emily flower shop rolife	prt	0	1	0	5
emily haz	hun	0	1	0	1
emily shop	ita	0	1	0	13
emily's flower shop	deu	0	1	0	33
emily's flower shop	esp	0	6	0	6.83
emily's flower shop	est	0	1	0	8
emily's flower shop	fra	0	3	0	27.67
emily's flower shop	gbr	0	1	0	45
emily's flower shop	hrv	0	1	0	10
emily's flower shop	ita	0	1	0	7
emily's flower shop	ltu	0	1	0	11
emily's flower shop	lva	0	2	0	7
emily's flower shop	nor	0	2	0	7
emily's flower shop	srb	0	1	0	9
emily's flower shop	swe	0	1	0	3
emily's flower shop rolife	esp	0	3	0	9.67
emily's flower shop rolife	prt	0	1	0	7
emilys flower shop	dnk	0	1	0	3
emilys flower shop	esp	0	18	0	5.89
emilys flower shop	swe	0	1	0	2
emilys flower shop rolife	dnk	0	1	0	4
emilys flower shop rolife	esp	0	1	0	9
empilhadeira de madeira	bra	0	1	0	1
en 3d	fra	0	1	0	2
en español	esp	0	1	0	13
en miniatura	bgd	0	1	0	24
en miniatura	esp	0	9	0	14.89
en miniatura	ind	0	2	0	21
en miniatura	prt	0	4	0	7.75
en miniatura tienda	esp	0	7	0	8.71
en qué año se construyó el puente de londres	arg	0	2	0	7.5
en qué año se construyó el puente de londres	chl	0	2	0	8
en qué año se construyó el puente de londres	esp	0	4	0	11.25
en qué año se construyó el puente de londres	gbr	0	1	0	8
en qué año se construyó el puente de londres	mex	0	1	0	8
enlaces de compra en españa	esp	0	1	0	16
enseñame la opcion 1	esp	0	1	0	5
enséñame fotos	esp	0	2	0	16
eredeti ajándék	hun	0	3	0	14.67
eredeti ajándékok	hun	0	4	0	15
eredeti ajándékok hu	hun	0	1	0	28
eredetiajandekok	hun	0	1	0	20
erről video	hun	0	1	0	14
es ist sehr alt	deu	0	1	0	2
escavadeira 3d	kor	0	1	0	30
estanterua	esp	0	1	0	85
estimation	fra	0	1	0	17
estudio de sam	are	0	1	0	2
estudio de sam	arg	0	1	0	2
estudio de sam	bgd	0	1	0	2
estudio de sam	bra	0	6	0	2
estudio de sam	chl	0	1	0	2
estudio de sam	esp	0	2	0	2.5
estudio de sam	mar	0	1	0	2
estudio de sam	mex	0	1	0	2
estudio de sam	phl	0	1	0	2
estudio de sam	rus	0	1	0	2
estudio de sam	ukr	0	1	0	2
estudio de sam	vnm	0	1	0	2
etagers	usa	0	1	0	47
eu armee	bra	0	1	0	25
eulen uhr	deu	0	4	0	40.25
europe	nor	0	1	0	5
europese webshop	bel	0	1	0	19
eurotoys kontakt	dnk	0	1	0	15
ewa maqueta madera moto 152 piezas	are	0	1	0	1
ewa maqueta madera moto 152 piezas	arg	0	3	0	3
ewa maqueta madera moto 152 piezas	aut	0	1	0	1
ewa maqueta madera moto 152 piezas	bgd	0	2	0	2.5
ewa maqueta madera moto 152 piezas	bgr	0	1	0	1
ewa maqueta madera moto 152 piezas	bra	0	4	0	3.25
ewa maqueta madera moto 152 piezas	chl	0	1	0	4
ewa maqueta madera moto 152 piezas	col	0	1	0	1
ewa maqueta madera moto 152 piezas	ecu	0	1	0	1
ewa maqueta madera moto 152 piezas	esp	0	2	0	2.5
ewa maqueta madera moto 152 piezas	fra	0	2	0	2.5
ewa maqueta madera moto 152 piezas	ita	0	1	0	1
ewa maqueta madera moto 152 piezas	kaz	0	1	0	1
ewa maqueta madera moto 152 piezas	kwt	0	1	0	1
ewa maqueta madera moto 152 piezas	ltu	0	1	0	1
ewa maqueta madera moto 152 piezas	mar	0	3	0	3
ewa maqueta madera moto 152 piezas	npl	0	4	0	3.25
ewa maqueta madera moto 152 piezas	pol	0	1	0	1
ewa maqueta madera moto 152 piezas	pry	0	2	0	4
ewa maqueta madera moto 152 piezas	pse	0	1	0	1
ewa maqueta madera moto 152 piezas	rus	0	4	0	2.5
ewa maqueta madera moto 152 piezas	tha	0	1	0	1
ewa maqueta madera moto 152 piezas	ven	0	2	0	2.5
ewa maqueta madera moto 152 piezas	vnm	0	1	0	4
ewa maqueta madera moto 152 piezas	zaf	0	1	0	4
expensive birthday	usa	0	1	0	7
expensive birthday gift	nld	0	1	0	9
expensive birthday gifts	deu	0	1	0	8
expensive birthday gifts	egy	0	1	0	8
expensive birthday gifts	gbr	0	1	0	46
expensive bookshelf	aus	0	1	0	19
expensive gift for girls	pak	0	1	0	10
expensive gift for girls	usa	0	1	0	5
expensive gifts for kids	gbr	0	2	0	29.5
expensive gifts for kids	idn	0	1	0	8
expensive gifts for kids	usa	0	1	0	43
expensive stuff for girls	fin	0	1	0	13
expensive things for girls	nam	0	1	0	7
expensive things for girls	nga	0	2	0	8
expensive things for girls	npl	0	1	0	10
expensive things for girls	phl	0	1	0	10
expensive things for girls	zaf	0	1	0	7
expensive things for kids	phl	0	1	0	12
expensive things girls want	usa	0	1	0	13
expensive things to buy	deu	0	1	0	10
expensive things to buy for a girl	phl	0	3	0	11
expensive things to buy for a girl	swe	0	1	0	14
expensive things to buy for a girl	usa	0	7	0	9.14
expensive wooden puzzles	usa	0	1	0	13
extremalne prezenty	pol	0	13	0	48.08
ez hol van?	rou	0	1	0	7
ez?	hun	0	1	0	1
fa 3d	aut	0	1	0	8
fa 3d	col	0	3	0	6.67
fa 3d	deu	0	5	0	5
fa 3d	hun	0	1	0	2
fa 3d	ita	0	1	0	11
fa 3d	swe	0	1	0	6
fa 3d kirakã³	gbr	0	4	0	17
fa 3d kirakã³	usa	0	1	0	1
fa 3d puzzle	hrv	0	1	0	3
fa kenguru	hun	0	2	0	2
fa kirako	hun	0	6	0	7.5
fa kirakó	aut	0	1	0	5
fa kirakó	hun	0	57	0	10.33
fa kirakó felnőtt	hun	0	9	0	4.56
fa kirakó felnőtteknek	hun	0	33	0	6.64
fa kirakó puzzle	deu	0	1	0	6
fa kirakó puzzle	hrv	0	1	0	8
fa kirakó puzzle	hun	0	23	0	8.26
fa kirakók	hun	0	47	0	7.89
fa kirakós	esp	0	1	0	9
fa kirakós	hun	0	16	0	9.31
fa kirakós játék	arg	0	2	0	16
fa kirakós játék	hun	0	2	0	20.5
fa kirakós puzzle	hun	0	1	0	13
fa makett	hun	0	8	0	9.25
fa makettek	hun	0	2	0	14
fa modell	hun	0	9	0	13.22
fa pagoda	hun	0	1	0	2
fa pisztoly	hun	0	2	0	22
fa puzzle	deu	0	3	0	6
fa puzzle	rou	0	7	0	5.86
fa puzzle	svk	0	1	0	3
fa puzzle	swe	0	1	0	10
fa puzzle	usa	0	1	0	10
fa puzzle felnå‘tt	gbr	0	3	0	9.33
fa puzzle felnőtteknek	aut	0	1	0	6
fa puzzle felnőtteknek	hrv	0	1	0	5
fa puzzle gyerekeknek	deu	0	1	0	6
fa puzzle kirakó	hun	0	3	0	10.33
fa puzzle oroszlã¡n	gbr	0	2	0	8.5
fa puzzle oroszlã¡n	usa	0	1	0	6
fa puzzle ragasztã³	gbr	0	1	0	15
fa puzzle ragasztã³	usa	0	1	0	20
fa puzzle állatos	hun	0	2	0	33
fa repülő	hun	0	1	0	1
fa tank	hun	0	3	0	3.67
fa traktor	hun	0	1	0	13
fabricantes de puzzles en españa	esp	0	4	0	7.75
fabriquer casse-tête en bois	fra	0	5	0	34
fabryka prezentow	pol	0	2	0	14
fabryka prezentów	pol	0	38	0	9.47
fai vedere qualcosa	ita	0	1	0	1
fairytale bookshelf	gbr	0	1	0	8
fairytale bookshelf	ita	0	1	0	12
fakta om london bridge	dnk	0	1	0	5
fakta om tower bridge	gbr	0	1	0	6
fakta om tower bridge	nor	0	4	0	10.75
fakta om tower bridge	sau	0	1	0	1
fakta om tower of london	dnk	0	1	0	11
fakten über die tower bridge	deu	0	3	0	50.33
falling sakura	bel	0	1	0	20
falling sakura	deu	0	1	0	3
falling sakura	esp	0	4	0	1.25
falling sakura	ita	0	4	0	5.25
falling sakura	nld	0	2	0	8.5
falling sakura	pol	0	4	0	1.25
falling sakura	prt	0	1	0	3
falling sakura	swe	0	1	0	3
falling sakura rolife	prt	0	1	0	5
falling sakura rolife	svn	0	1	0	4
fammi vedere foto di tutto	ita	0	1	0	5
famosa ponte de londres	bra	0	2	0	10.5
famosa ponte pensil da inglaterra tower	prt	0	7	0	8.29
fare i puzzle fa bene	ita	0	1	0	39
fazer quebra cabeça	bra	0	1	0	10
feinmotorik & alltagsfähigkeiten	che	0	1	0	78
felnőtt fa puzzle	hun	0	7	0	8
feltrinelli puzzle 3d	ita	0	1	0	1
fiat 125p	tha	0	1	0	2
fiat 500 puzzle	pol	0	1	0	23
fiat puzzle	esp	0	1	0	1
fiat puzzle	fra	0	1	0	1
fiat puzzle	nld	0	1	0	14
fiat puzzle	pol	0	1	0	3
fiat story	pol	0	2	0	6.5
fiat tra	dnk	0	1	0	9
filmprojektor	dnk	0	1	0	22
finmotorik	swe	0	2	0	70
finmotorik övningar	swe	0	1	0	53
finmotoriska övningar	idn	0	1	0	53
finmotoriska övningar	swe	0	1	0	56
finommotorika fejlesztése felnőtteknek	hun	0	1	0	10
finommotoros képességek	hun	0	1	0	41
finommotoros képességek fejlesztése	hun	0	2	0	46
fioletowy motocykl	pol	0	1	0	1
fiore di legno	ita	0	1	0	31
fiore in legno	ita	0	1	0	13
fiori di legno	idn	0	1	0	20
fiori di legno	ita	0	8	0	20.38
fiori di legno	per	0	1	0	22
fiori di legno da costruire	ita	0	1	0	15
fiori di legno prezzo	ita	0	2	0	22
fiori di legno vendita online	ita	0	1	0	36
fiori in legno	dza	0	1	0	22
fiori in legno	ind	0	1	0	20
fiori in legno	ita	0	3	0	25.33
fiori legno	egy	0	1	0	23
fiori legno	irq	0	1	0	19
fiori legno	ita	0	3	0	19.67
fire truck	ukr	0	1	0	21
five storied pagoda rolife	esp	0	1	0	3
five storied pagoda rolife	jpn	0	1	0	3
flamingo jigsaw puzzle	aus	0	1	0	45
flamingo jigsaw puzzles	usa	0	1	0	51
flamingo puzzel	nld	0	2	0	13
flamingo puzzle	deu	0	2	0	29
flamingo puzzle	hun	0	5	0	5
flamingo puzzle	jor	0	1	0	1
flamingo puzzle	svn	0	1	0	3
flamingo puzzles	usa	0	7	0	21
flamingos puzzle	bgr	0	1	0	34
flamingos puzzle	idn	0	1	0	36
flamingos puzzle	phl	0	1	0	33
flamingos puzzle	usa	0	1	0	35
flat wooden flowers	aus	0	1	0	25
flere	dnk	0	1	0	1
flere detaljer	dnk	0	1	0	1
flipper 3d	hun	0	4	0	2
flipper aus holz	deu	0	2	0	27
flipper bausatz	deu	0	13	0	18.23
flipper bausatz erwachsene	aut	0	1	0	7
flipper bausatz erwachsene	che	0	1	0	11
flipper bausatz erwachsene	deu	0	31	0	5.23
flipper bausatz erwachsene	ita	0	2	0	4
flipper di legno	ita	0	1	0	52
flipper holz	deu	0	10	0	23.1
flipper legno	ita	0	2	0	50.5
flipper legno da costruire	ita	0	1	0	3
flipper rokr	deu	0	5	0	7.8
flipper rokr	fra	0	3	0	6
flipper rokr	ita	0	1	0	5
floral corner - book nook	mys	0	1	0	1
floral corner book nook	usa	0	1	0	1
floreria emily	esp	0	1	0	11
flores de madera	esp	0	1	0	9
flores madera	esp	0	2	0	15
flower 3d puzzle	bel	0	1	0	8
flower 3d puzzle	irl	0	1	0	13
flower bouquet rowood	esp	0	1	0	9
flower bouquet rowood	ita	0	1	0	5
flower puzzle 3d	grc	0	1	0	7
flower puzzle 3d	phl	0	1	0	4
flower shop	aut	0	1	0	4
flower shop miniature kit	cze	0	1	0	4
flower shop miniature kit	deu	0	1	0	10
flower shop miniature kit	nld	0	1	0	11
flower wood puzzle	prt	0	1	0	6
flower wood puzzle	usa	0	1	0	11
flower wooden puzzle	pol	0	1	0	10
flower wooden puzzle	usa	0	1	0	12
flowewood	hrv	0	1	0	9
fluffy grove	dnk	0	1	0	28
flupper	ita	0	1	0	1
flüsse puzzle	ind	0	1	0	35
flīģelis	lva	0	1	0	29
fnac rolife	prt	0	1	0	1
fnac te	esp	0	1	0	2
fordon char	swe	0	5	0	11.6
fotarafları	tur	0	1	0	2
foto	ita	0	1	0	1
fotos	esp	0	1	0	1
foto’s	bel	0	1	0	3
frauen geschenkideen	deu	0	6	0	5
fv 4005	esp	0	1	0	10
fv4005 3d	pol	0	1	0	3
fából készült autó	hun	0	18	0	3.33
fából készült autó	usa	0	1	0	1
fából készült puzzle	hun	0	6	0	7.33
fából készült puzzle	ukr	0	1	0	5
färg	swe	0	1	0	2
fém puzzle	hun	0	1	0	27
förderung der motorik	che	0	1	0	77
fødselsdagsgaver	dnk	0	1	0	35
gadget voor vrouwen	bel	0	1	0	44
gadget voor vrouwen	nld	0	2	0	42.5
gadgets voor vrouwen	bel	0	1	0	46
gadgets voor vrouwen	nld	0	2	0	54
gadgets vrouw	nld	0	1	0	46
gambar puzzle 3d	idn	0	1	0	23
gaven til hende der ikke ønsker sig noget	dnk	0	5	0	21
gdje kupiti	hrv	0	2	0	7
gdje kupiti u hrvatskoj	hrv	0	1	0	3
gdje kupiti u zagrebu	hrv	0	1	0	1
gdje se moze naruciti	hrv	0	1	0	1
gdje se može kupiti	hrv	0	1	0	17
gdzie jest to miejsce	pol	0	1	0	1
gdzie kupić	pol	0	3	0	2.67
gdzie kupić mozna	deu	0	1	0	2
gdzie mogę kupić	pol	0	1	0	13
gdzie można kupić w polsce	pol	0	1	0	4
gdzie to jest	pol	0	1	0	1
gdzie w polsce kupic	pol	0	1	0	17
gelbes rennauto	deu	0	8	0	1.25
gerai	ltu	0	1	0	5
gerbera arcade	esp	0	1	0	1
geschenk luxus frau	deu	0	10	0	43.1
geschenkideen frau	deu	0	12	0	9.17
geschenkideen frauen	deu	0	38	0	7.18
gh-800	nld	0	1	0	4
gh800	deu	0	1	0	6
gh800	ita	0	1	0	8
gift factory	deu	0	2	0	16
gift factory	ita	0	3	0	6
gift shop sagrada familia	fra	0	1	0	1
gimtadienio dovanu idejos	ltu	0	2	0	34.5
gioca facile	dom	0	1	0	14
giostra cavalli	ita	0	1	0	8
giostra girevole	ita	0	1	0	4
giradischi elettrico	esp	0	1	0	3
giradischi elettrico	ita	0	17	0	4.71
giraffa 3d	ita	0	1	0	1
giraffa tiger puzzle	ita	0	7	0	9.57
giraffe little	deu	0	1	0	11
giraffe wooden puzzle	gbr	0	4	0	19
giraffe wooden puzzle	usa	0	1	0	29
girls expensive gift	aus	0	1	0	5
girls expensive gift	gbr	0	4	0	6.25
girls expensive gift	mys	0	1	0	13
girls expensive gift	pak	0	1	0	10
girls expensive gifts	pak	0	1	0	3
gitáros ajándékok	hun	0	6	0	2.33
glazbena kutija	usa	0	1	0	3
glittering water lily	bel	0	1	0	8
glittering water lily	bgr	0	1	0	7
glittering water lily	che	0	1	0	9
glittering water lily	esp	0	1	0	10
glittering water lily	ita	0	5	0	8.8
glittering water lily	pol	0	1	0	10
glittering water lily	prt	0	3	0	8
glittering water lily	rou	0	3	0	9.67
glittering water lily	vnm	0	1	0	1
globe wooden puzzle	usa	0	1	0	28
globo aerostático 3d	esp	0	3	0	5.67
globo luminoso	ita	0	4	0	7.5
globus 3d	pol	0	3	0	5.33
globus 3d puzzle	deu	0	16	0	4.25
globus aus holz	deu	0	4	0	28
globus drewniany	pol	0	7	0	5.29
globus holz puzzle	deu	0	2	0	57.5
globus puzzle	cze	0	5	0	4.2
globus puzzle	deu	0	1	0	8
globus puzzle	pol	0	6	0	9.17
globus puzzle 3d	che	0	2	0	3.5
globus puzzle 3d	deu	0	1	0	1
globus puzzle 3d	pol	0	28	0	2
globus puzzle 3d	usa	0	1	0	1
globus sveta	svn	0	1	0	1
globus sveta 3d	svk	0	2	0	1
globus sveta 3d	svn	0	15	0	1.27
globus světa 3d	cze	0	1	0	1
globus swiecacy	swe	0	1	0	6
globus z wypukłościami	pol	0	1	0	31
glóbus světa 3d	cze	0	6	0	1.33
google map utcakép	hun	0	1	0	16
google élő utcakép	hun	0	1	0	24
grafika	pol	0	1	0	4
gramfon	cze	0	3	0	13.67
gramfon	grc	0	2	0	1
gramifon	cze	0	4	0	12.5
gramofo	cze	0	2	0	7.5
gramofom	ind	0	1	0	23
gramofon	alb	0	1	0	44
gramofon	arg	0	1	0	50
gramofon	aut	0	3	0	9.67
gramofon	aze	0	6	0	1.5
gramofon	bgd	0	1	0	26
gramofon	bgr	0	1	0	16
gramofon	bih	0	1	0	35
gramofon	bra	0	2	0	20.5
gramofon	che	0	3	0	9
gramofon	cri	0	1	0	15
gramofon	cze	0	401	0	7.25
gramofon	deu	0	3	0	15.33
gramofon	dnk	0	1	0	11
gramofon	dza	0	1	0	25
gramofon	esp	0	2	0	11.5
gramofon	est	0	1	0	26
gramofon	fra	0	4	0	15.5
gramofon	grc	0	4	0	9.75
gramofon	hrv	0	17	0	31.71
gramofon	hun	0	5	0	16.6
gramofon	idn	0	1	0	24
gramofon	ind	0	2	0	23.5
gramofon	ken	0	1	0	11
gramofon	kor	0	1	0	25
gramofon	mne	0	8	0	59.38
gramofon	nld	0	2	0	19
gramofon	nor	0	2	0	18
gramofon	pol	0	1	0	13
gramofon	rus	0	3	0	51.33
gramofon	srb	0	22	0	40.91
gramofon	svk	0	2	0	24
gramofon	svn	0	19	0	27.53
gramofon	swe	0	1	0	17
gramofon	usa	0	4	0	33.75
gramofon	uzb	0	5	0	4.2
gramofon	vnm	0	3	0	16.67
gramofon diy	hrv	0	1	0	10
gramofon dla dzieci	pol	0	1	0	6
gramofon dla dzieci	usa	0	1	0	11
gramofon drewniany	kor	0	1	0	3
gramofon drewniany	pol	0	35	0	1.69
gramofon elektryczny	are	0	1	0	7
gramofon elektryczny	deu	0	1	0	8
gramofon elektryczny	idn	0	1	0	7
gramofon elektryczny	nld	0	2	0	6.5
gramofon elektryczny	pol	0	99	0	8.44
gramofon elektryczny	usa	0	1	0	5
gramogon	cze	0	2	0	7
gramophone 3d	fra	0	1	0	6
grampfon	cze	0	1	0	1
grand prix model	cze	0	1	0	5
grand prix puzzle	usa	0	1	0	28
grmofon	cze	0	2	0	6.5
grossiste puzzle 3d bois	fra	0	12	0	15.83
grsmofon	che	0	1	0	1
grøn motorcykel	dnk	0	2	0	1
grāmatu miniatūra	lva	0	2	0	4.5
guitarra 3d	jpn	0	1	0	2
gul motorcykel	dnk	0	1	0	1
gökur klocka	deu	0	1	0	10
göra eget pussel trä	swe	0	2	0	5
görselini göster	tur	0	1	0	29
habarri book nook	hun	0	1	0	12
habilidades motoras exemplos	prt	0	1	0	1
habitaciones en miniatura	esp	0	4	0	10.25
habitaciones miniatura para armar	esp	0	1	0	9
hangulatos wellness szállodák	hun	0	1	0	56
hardest 3d puzzle	swe	0	1	0	10
hardest 3d puzzle	usa	0	3	0	12
hardest rokr puzzle	gbr	0	1	0	12
hardest rokr puzzle	pol	0	1	0	11
hardest rokr puzzle	usa	0	2	0	11
hasilnya seperti apa	idn	0	1	0	17
hasonló termékek	aut	0	1	0	3
hasznos ajandekok ferfiaknak	hun	0	2	0	33
hasznos ajándékok férfiaknak	hun	0	7	0	38.43
hauteur tower bridge	che	0	1	0	4
havebro	dnk	0	1	0	34
heelal puzzel	nld	0	1	0	9
heimdekoration	aut	0	2	0	28.5
heimdekoration	che	0	1	0	8
heimdekoration	deu	0	4	0	36.75
heksenwinkel	nld	0	4	0	29
heksenwinkel in de buurt	nld	0	1	0	15
heksenwinkel nederland	nld	0	3	0	17
heksenwinkel online	nld	0	7	0	9.29
hexenladen	alb	0	1	0	37
hexenladen	arg	0	1	0	30
hexenladen	aut	0	1	0	46
hexenladen	bgd	0	4	0	24.75
hexenladen	bgr	0	1	0	19
hexenladen	deu	0	90	0	14.79
hexenladen	jpn	0	1	0	7
hexenladen	mys	0	1	0	21
hexenladen	pak	0	1	0	36
hexenladen	pol	0	1	0	18
hexenladen	rus	0	1	0	19
hexenladen	usa	0	1	0	9
hexenladen	uzb	0	1	0	20
hexenladen hannover	deu	0	1	0	78
hexenladen hannover	idn	0	1	0	80
hexenladen hannover	ind	0	1	0	80
high end gifts	zaf	0	1	0	70
histoire	fra	0	1	0	2
histoire de tower bridge	fra	0	2	0	6
histoire de tower bridge	gbr	0	1	0	5
histoire du tower bridge	can	0	1	0	7
histoire du tower bridge	fra	0	13	0	9.38
histoire du tower bridge	gbr	0	1	0	8
histoire tower bridge	gbr	0	6	0	8.17
historia del puente de la torre de londres	col	0	1	0	11
historia del puente de la torre de londres	esp	0	3	0	6.33
historia del puente de la torre de londres	gbr	0	1	0	9
historia del puente de londres	esp	0	1	0	17
historia del tower bridge	esp	0	4	0	7.25
historia del tower bridge	gbr	0	2	0	10.5
historia del tower bridge	nld	0	1	0	11
historia del tower bridge	per	0	3	0	8.33
historia londynu	bgd	0	1	0	34
historia londynu	vnm	0	1	0	43
historia puzzli	pol	0	1	0	18
historia tower bridge	bra	0	3	0	6.67
historia tower bridge	chl	0	2	0	11
historia tower bridge	esp	0	7	0	8.43
historia tower bridge	gbr	0	6	0	7.33
historia tower bridge	pol	0	4	0	6
historia tower bridge	prt	0	1	0	7
historia tower bridge	swe	0	1	0	10
historien	swe	0	1	0	2
history	mys	0	1	0	3
history of the tower bridge	fra	0	1	0	44
história	prt	0	1	0	1
hiše	svn	0	4	0	69.5
hjemmelavede valentinsgaver	dnk	0	1	0	2
hjälp vid stress	swe	0	3	0	54
hlavolamy	cze	0	1	0	3
hoa này hoa j	vnm	0	1	0	21
hobby haus	deu	0	1	0	37
hobbytoys	esp	0	2	0	48.5
hobi	hrv	0	1	0	2
hodiny 3d	rus	0	1	0	32
hodiny sova	cze	0	14	0	1.29
hoe ontstressen	bel	0	2	0	85.5
hoe ontstressen	nld	0	1	0	96
hoe stress onder controle houden	bel	0	1	0	22
hoiulaegas	est	0	1	0	38
hol kapható	hun	0	1	0	9
hol lehet ilyet venni	hun	0	1	0	8
hol lehet kapni	hun	0	1	0	6
hol lehet kapni ilyet?	hun	0	1	0	5
hol lehet kapni?	hun	0	1	0	2
hol vasarolhato meg?	hun	0	1	0	5
holiday café	fra	0	1	0	16
holiday café	pol	0	1	0	10
holiday regal	deu	0	1	0	10
holidaycafe	dnk	0	1	0	10
holliday cafe	pol	0	1	0	10
holz 3d puzzle	aut	0	2	0	16
holz 3d puzzle	deu	0	82	0	10.09
holz drucker	deu	0	5	0	5.6
holz flipper	deu	0	3	0	25.67
holz gewehr	deu	0	1	0	1
holz lkw	deu	0	1	0	5
holz motorrad	deu	0	1	0	4
holz panzer	deu	0	5	0	1
holz panzer	fra	0	1	0	1
holz puzzle tiere	deu	0	2	0	38.5
holz waffe	deu	0	1	0	15
holz waffen	deu	0	3	0	14.33
holzbausatz kinder 10 jahre	deu	0	1	0	2
holzblumen puzzle	deu	0	2	0	9
holzfeuerwehrauto	bra	0	1	0	40
holzflipper	deu	0	1	0	20
holzflipper bausatz	aut	0	1	0	7
holzflipper bausatz	che	0	2	0	4.5
holzflipper bausatz	deu	0	3	0	4
holzmagic	che	0	1	0	9
holzmagic	deu	0	11	0	7.55
holzmodell traktor	deu	0	13	0	16.85
holzpanzer	deu	0	2	0	9
holzpanzer	dnk	0	1	0	1
holzpolizeiauto	deu	0	2	0	12
holzpuzzle elefant	deu	0	9	0	31
holzpuzzle erwachsene tiere	deu	0	1	0	32
holzpuzzle motorrad	aut	0	4	0	11.25
holzpuzzle motorrad	che	0	1	0	27
holzpuzzle motorrad	deu	0	13	0	9.38
holzpuzzle test	deu	0	1	0	27
holzpuzzle tiere	deu	0	2	0	42.5
holzpuzzle uhr	deu	0	2	0	34
honey ice cream shop	aus	0	1	0	14
honey ice cream shop rolife	deu	0	4	0	6.75
honey ice cream shop rolife	ita	0	1	0	4
honey ice cream shop rolife	nld	0	2	0	5.5
horloge retro	fra	0	1	0	3
horloge zodiaque	fra	0	1	0	47
hot air balloon puzzle	fin	0	1	0	8
hot air balloon wooden puzzle	aus	0	1	0	3
house miniature	rou	0	1	0	10
hout 3d puzzel	bel	0	1	0	3
hout 3d puzzel	nld	0	8	0	3.38
hout puzzel 3d	bel	0	2	0	5
hout puzzel 3d	nld	0	18	0	3.83
houten 3d puzzel	bel	0	27	0	4.41
houten 3d puzzel	deu	0	1	0	4
houten 3d puzzel	fra	0	2	0	3.5
houten 3d puzzel	gbr	0	1	0	6
houten 3d puzzel	ita	0	1	0	3
houten 3d puzzel volwassenen	are	0	1	0	1
houten 3d puzzel volwassenen	bel	0	5	0	6.8
houten 3d puzzel volwassenen	nld	0	78	0	2.19
houten 3d puzzel volwassenen	usa	0	2	0	2
houten 3d puzzels	bel	0	3	0	4.67
houten 3d puzzels	che	0	1	0	4
houten 3d puzzels	fra	0	1	0	4
houten 3d puzzels	nld	0	21	0	4.76
houten 3d puzzels volwassenen	bel	0	1	0	5
houten bloemen	nld	0	1	0	3
houten bouwpakket	nld	0	1	0	2
houten geweer	nld	0	2	0	9
houten koekoeksklok	nld	0	4	0	1
houten platenspeler	nld	0	1	0	1
houten puzzel 3d	bel	0	4	0	2.75
houten puzzel 3d	esp	0	1	0	4
houten puzzel 3d	nld	0	32	0	3.44
houten puzzelbal oplossing	nld	0	1	0	16
houten wapens	nld	0	2	0	11
how long it takes	usa	0	1	0	1
how much is it worth	aus	0	1	0	22
how much is it worth	gbr	0	1	0	26
how much is it worth	ita	0	1	0	15
how much is this worth in pounds?	gbr	0	1	0	12
how much to buy new	aus	0	1	0	17
how much?	idn	0	1	0	12
how to choose a building set for an adult	are	0	1	0	13
how to choose a building set for an adult	jpn	0	1	0	11
how to choose a building set for an adult	rus	0	1	0	12
how to choose a building set for an adult	usa	0	1	0	12
how to choose a building set for an adult	vnm	0	1	0	11
how to join this	pak	0	1	0	10
how to make 3d wooden puzzles	usa	0	1	0	9
hraci skrinka	cze	0	2	0	18.5
hraci skrinky	cze	0	2	0	10.5
hraci skříňka	cze	0	1	0	11
hrací skřínka	cze	0	1	0	20
hrací skříň	cze	0	2	0	3
hrací skříňka	cze	0	6	0	20.67
hrací skříňka na kličku	cze	0	1	0	31
hrací skříňka pro děti	ltu	0	1	0	41
hrací skříňky	cze	0	17	0	20
hračky koloseum	cze	0	2	0	36
hudebni skrinka	cze	0	1	0	11
huize vladyslava	nld	0	1	0	26
hur kan jag hjälpa mitt barn att utveckla sina motoriska färdigheter genom leksaker?	swe	0	2	0	10
hvad er tower bridge	dnk	0	2	0	4
hvad kan den sælges for?	dnk	0	1	0	1
hvilke byggesæt kan voksne også have glæde af at samle?	dnk	0	8	0	5.88
hvor kan de købes	dnk	0	1	0	1
hvordan slapper man af	dnk	0	1	0	15
hvordan slapper man af	usa	0	1	0	8
hvordan slipper man af med hovedpine	dnk	0	1	0	54
hvornår blev tower bridge bygget	dnk	0	36	0	4.08
hvornår blev tower bridge bygget	gbr	0	1	0	5
ház makett	hun	0	25	0	7.36
ház makett készítés házilag	aut	0	1	0	8
ház makett készítés házilag	hun	0	3	0	17.33
häxbutik	swe	0	1	0	95
i puzzle sono meglio di cartone o altro materale?	ita	0	5	0	21
ideais presente mulher	prt	0	1	0	14
ideas de regalo para mujer	chl	0	3	0	5
ideas de regalo para mujer	mex	0	1	0	6
ideas de regalo para mujer	usa	0	2	0	8
ideas de regalo para mujer	ven	0	1	0	6
ideas de regalos de mujer	deu	0	2	0	7
ideas de regalos para mujer	chl	0	1	0	5
ideas de regalos para mujer	mex	0	2	0	7
ideas de regalos para mujer	per	0	1	0	8
ideas de regalos para mujeres	mex	0	1	0	6
ideas de regalos torre del mar	esp	0	3	0	64
ideas regalo mujer	chl	0	1	0	13
ideas regalos mujer	mex	0	3	0	9.33
ideas regalos mujer	per	0	1	0	6
ideas regalos para mujer	usa	0	1	0	10
idee regalo costruzioni per lui	ita	0	1	0	11
idee regalo per un uomo che ha tutto	ita	0	1	0	34
idee regalo uomo che ha tutto	ita	0	1	0	34
ideia de presente feminino	bra	0	1	0	63
ideia de presente para mulher	bra	0	1	0	64
ideias de presente pra mulher	bra	0	1	0	66
ideias de presentes para mulher	bra	0	1	0	64
ideias presentes femininos	bra	0	1	0	62
ideid	est	0	1	0	10
ideja za rojstni dan	svn	0	1	0	39
ideje za darila za otroke	svn	0	1	0	29
ideje za darila za rojstni dan	svn	0	2	0	21
ideje za darilo za rojstni dan	zzz	0	1	0	24
ideje za rojstni dan	svn	0	1	0	46
if diy house dora's loft	fra	0	1	0	6
igen	hun	0	6	0	13
ikea manul	chl	0	1	0	10
ikea manul	gbr	0	1	0	10
ikea manul	nld	0	1	0	10
il primo	ita	0	1	0	15
il représente quoi	fra	0	1	0	5
ile kosztuje	pol	0	2	0	10.5
ile kosztują	deu	0	1	0	1
ile on kosztuje	pol	0	1	0	3
image	gbr	0	1	0	3
image	ind	0	1	0	1
imagen 3 d	esp	0	1	0	4
imagenes	ecu	0	1	0	1
imagenes	per	0	1	0	42
imagens	prt	0	1	0	2
imitacja książek	pol	0	1	0	25
immagine	che	0	1	0	5
immagine	ita	0	1	0	28
immagine kit	ita	0	1	0	1
immagini	ita	0	3	0	4
impresora 3d madera	esp	0	9	0	8.56
impresora 3d madera	mex	0	1	0	16
impresora madera	esp	0	21	0	4
impresora madera 3d	esp	0	16	0	6.94
impressora 3d madeira	bra	0	2	0	7
impressora 3d madeira	prt	0	7	0	4.71
impressora de madeira 3d	prt	0	2	0	3
impressora madeira	prt	0	1	0	10
in europe	fra	0	1	0	5
in temu	lka	0	1	0	9
in wroclaw	pol	0	1	0	4
individualiteit puzzel	deu	0	1	0	9
informationen tower bridge	deu	0	1	0	49
informationen über die tower bridge	deu	0	1	0	40
informationen über tower bridge	deu	0	1	0	37
inglaterra tower bridge	prt	0	1	0	13
inne	pol	0	2	0	5
instrucciones	esp	0	2	0	12.5
instructions	usa	0	1	0	16
instrukcja	pol	0	1	0	2
instrumentos musicais 3d	prt	0	1	0	5
intertoys 3d puzzel	nld	0	1	0	33
inventeur puzzle	idn	0	1	0	17
inventeur puzzle	pak	0	1	0	18
invernadero miniatura	arg	0	1	0	1
invernadero miniatura	esp	0	4	0	1.75
invernadero rolife	esp	0	1	0	2
ipoh	mys	0	1	0	31
iris	ita	0	1	0	2
iris roxa	arg	0	1	0	21
is building blocks fine motor skills	pak	0	1	0	11
is rokr a chinese company?	nzl	0	2	0	11
is rokr legit	usa	0	1	0	31
is there a 3d puzzle?	hun	0	1	0	1
is there a brand	phl	0	1	0	14
isolering loftrum	dnk	0	2	0	68
istoria	rou	0	1	0	1
it looked like this	aus	0	1	0	11
italiensk restaurant københavn bedst bedømte	dnk	0	1	0	23
ja	deu	0	1	0	24
ja	swe	0	1	0	5
ja tack	swe	0	1	0	32
jacht 3d	pol	0	9	0	2.22
jachtvoertuigen	nld	0	1	0	2
jah	est	0	1	0	5
jak na stres	cze	0	2	0	52
jak se uklidnit ve stresu	cze	0	1	0	30
jak se uvolnit a zbavit se stresu	cze	0	2	0	19
jak se vyhnout stresu	cze	0	2	0	30
jak se vyvarovat stresu	cze	0	1	0	46
jak se zbavit nervozity	cze	0	3	0	28.33
jak se zbavit nervozity a stresu	cze	0	1	0	28
jak se zbavit stresu	cze	0	17	0	24
jak se zbavit stresu a deprese	cze	0	1	0	41
jak se zbavit stresu a strachu	cze	0	1	0	30
jak się nazywa	pol	0	1	0	15
jak snížit stres	cze	0	4	0	47.75
jak sprawić, że mój dom będzie bardziej przytulny?	pol	0	1	0	4
jak udělat holce radost	cze	0	1	0	47
jak vybrat puzzle	cze	0	26	0	10.46
jak vypadá	cze	0	1	0	3
jak zvladat stres	cze	0	11	0	50.18
jaka cena	pol	0	2	0	11
jaka jest wartość	pol	0	1	0	20
jaka to firma	pol	0	1	0	24
jaki to model	pol	0	1	0	2
jakie modele rolife polecasz dla początkującego hobbysty?	pol	0	17	0	2.06
jaky darek pro muze	cze	0	1	0	6
jaký dárek koupit muži	cze	0	1	0	7
japoński statek	pol	0	96	0	10.07
jardim miller	bra	0	2	0	11
jedinstvene darove	deu	0	1	0	25
jeep little	rou	0	1	0	1
jeep story pieces	fra	0	15	0	4.8
jeftini pokloni za djecu	hrv	0	1	0	9
jen pro muze	gbr	0	1	0	10
jest nim tower bridge	pol	0	9	0	9.56
jigsaw puzzle	gha	0	1	0	6
jigsaw puzzle tools	usa	0	1	0	27
jogos de habilidades motoras	prt	0	10	0	7.4
jop	cze	0	1	0	3
journey puzzle	ita	0	2	0	3
juguetes en miniatura para armar	esp	0	1	0	23
justice guard corsac m60	gbr	0	1	0	33
jàtèk	hun	0	1	0	1
játék ak 47	hun	0	1	0	1
játék ak 47	pol	0	1	0	1
játékszekrény	hun	0	1	0	30
jó	hun	0	1	0	15
kado tip vrouw	nld	0	1	0	63
kado tips vrouw	nld	0	1	0	57
kadotips vrouwen	bel	0	2	0	46.5
kaina	deu	0	1	0	22
kaina	ltu	0	2	0	2
kako kontrolirati stres	bgd	0	1	0	37
kako kontrolirati stres	bra	0	1	0	38
kako kontrolirati stres	can	0	1	0	47
kako kontrolirati stres	che	0	1	0	41
kako kontrolirati stres	deu	0	1	0	39
kako kontrolirati stres	fra	0	1	0	38
kako kontrolirati stres	idn	0	1	0	48
kako kontrolirati stres	ind	0	2	0	38.5
kako kontrolirati stres	jpn	0	2	0	42.5
kako kontrolirati stres	nld	0	1	0	40
kako kontrolirati stres	sau	0	1	0	40
kako kontrolirati stres	usa	0	5	0	38.8
kako obvladati stres	bra	0	1	0	39
kako obvladati stres	fra	0	1	0	36
kako obvladati stres	ind	0	4	0	36.75
kako obvladati stres	jpn	0	2	0	36.5
kako obvladati stres	mex	0	2	0	36.5
kako obvladati stres	nld	0	1	0	35
kako obvladati stres	sau	0	1	0	39
kako obvladati stres	usa	0	2	0	37.5
kako odpraviti stres	aut	0	1	0	28
kako odpraviti stres	can	0	2	0	26.5
kako odpraviti stres	deu	0	2	0	14
kako odpraviti stres	dom	0	1	0	25
kako odpraviti stres	esp	0	3	0	20
kako odpraviti stres	fra	0	1	0	23
kako odpraviti stres	ind	0	1	0	27
kako odpraviti stres	jpn	0	2	0	29
kako odpraviti stres	mex	0	3	0	24
kako odpraviti stres	pol	0	3	0	26
kako odpraviti stres	sau	0	2	0	14
kako odpraviti stres	usa	0	5	0	23
kako odpraviti stres	ven	0	1	0	25
kako odpraviti stres za vedno	sgp	0	1	0	34
kako premagati stres	bra	0	1	0	37
kako premagati stres	can	0	1	0	39
kako premagati stres	deu	0	1	0	40
kako premagati stres	esp	0	1	0	36
kako premagati stres	fra	0	1	0	37
kako premagati stres	ind	0	2	0	39.5
kako premagati stres	jpn	0	4	0	38.5
kako premagati stres	mex	0	1	0	39
kako premagati stres	pol	0	2	0	35
kako premagati stres	sau	0	2	0	34.5
kako premagati stres	tur	0	1	0	40
kako premagati stres	usa	0	4	0	32.5
kako se koristi	bih	0	1	0	15
kako se riješiti stresa	hrv	0	1	0	20
kako to napraviti	hrv	0	1	0	10
kako ublaziti stres	aut	0	1	0	43
kako ublaziti stres	can	0	2	0	39
kako ublaziti stres	chl	0	1	0	33
kako ublaziti stres	col	0	1	0	40
kako ublaziti stres	dom	0	2	0	43.5
kako ublaziti stres	esp	0	2	0	42
kako ublaziti stres	fra	0	1	0	38
kako ublaziti stres	ind	0	1	0	39
kako ublaziti stres	jam	0	1	0	42
kako ublaziti stres	jpn	0	1	0	40
kako ublaziti stres	usa	0	4	0	37.5
kako zmanjšati stres	bra	0	3	0	29
kako zmanjšati stres	dom	0	2	0	30.5
kako zmanjšati stres	esp	0	1	0	29
kako zmanjšati stres	fra	0	1	0	35
kako zmanjšati stres	ind	0	2	0	35
kako zmanjšati stres	jpn	0	1	0	32
kako zmanjšati stres	nld	0	1	0	34
kako zmanjšati stres	pol	0	4	0	24.5
kako zmanjšati stres	rus	0	1	0	33
kako zmanjšati stres	sau	0	1	0	36
kako zmanjšati stres	svn	0	4	0	33.5
kako zmanjšati stres	swe	0	1	0	30
kako zmanjšati stres	usa	0	6	0	35
kakukkos ora	hun	0	5	0	1
kakukkos ora	rou	0	1	0	1
kakukkos óra gyerekeknek	hun	0	7	0	1
kakukkos óra gyerekeknek	svk	0	1	0	1
kalendrid	est	0	1	0	79
kalidora	nld	0	1	0	67
kameelia	gbr	0	1	0	45
kan du säga fler	swe	0	1	0	2
kan ni ge exempel på leksaker som hjälper barn med motoriska färdigheter?	swe	0	2	0	8.5
kannh	grc	0	2	0	2
kannst du mal zeigen	deu	0	1	0	1
karabin ak	srb	0	1	0	1
karabin ak 47	pol	0	10	0	3.1
karabin z drewna	pol	0	7	0	9.71
karabiny z drewna	pol	0	2	0	40
karrusell	swe	0	1	0	8
karusell	arg	0	1	0	21
karusell	aut	0	3	0	2
karusell	bra	0	1	0	21
karusell	che	0	1	0	11
karusell	deu	0	17	0	14.35
karusell	dnk	0	2	0	9
karusell	grc	0	1	0	31
karusell	idn	0	2	0	26.5
karusell	ind	0	1	0	22
karusell	irl	0	1	0	21
karusell	jor	0	1	0	43
karusell	ken	0	1	0	21
karusell	kor	0	1	0	22
karusell	nor	0	38	0	21.29
karusell	phl	0	1	0	21
karusell	prt	0	1	0	13
karusell	pse	0	1	0	13
karusell	swe	0	112	0	10.72
karusell	tha	0	1	0	32
karusell	usa	0	2	0	23.5
karusrll	swe	0	1	0	8
karuzela	deu	0	2	0	13
karuzela	fra	0	1	0	23
karuzela	ind	0	1	0	41
karuzela	pol	0	42	0	22.1
karuzela	usa	0	1	0	12
karácsony utca	hun	0	3	0	10.33
kas tai	ltu	0	1	0	3
kasseapparat boghandler	dnk	0	1	0	75
kathy's greenhouse	swe	0	1	0	2
katonai terepjáró	hun	0	6	0	1
kavarna simon	svn	0	5	0	8.8
kaç euro	deu	0	1	0	2
kde kouoit	cze	0	1	0	16
kde koupit levně	cze	0	1	0	10
kde kúpim?	svk	0	1	0	19
kerek születésnapi ajándék	hun	0	12	0	54.33
kerro tästä	fin	0	1	0	1
kiki	lva	0	1	0	93
kiki magic emporium	rou	0	1	0	9
kiki miniature	ita	0	9	0	6.78
kiki tienda	esp	0	2	0	14
kiki's magic emporium	gbr	0	1	0	31
kiki's magic emporium	ltu	0	1	0	3
kiki's magic emporium	prt	0	1	0	9
kiki's magic emporium	swe	0	1	0	10
kikis magic emporium	bel	0	1	0	10
kikis magic emporium	dnk	0	1	0	7
king bridge london	bgd	0	3	0	1.33
king bridge london	irn	0	1	0	2
king bridge london	ita	0	1	0	2
king bridge london	pol	0	2	0	1
kingi	est	0	1	0	28
kingid naistele	est	0	16	0	27.75
kingiidee mehele	est	0	6	0	11.67
kingiidee naisele	est	0	3	0	30.67
kingiideed jõuludeks	est	0	15	0	18.73
kingiideed naistele	est	0	74	0	17.77
kingitus mehele	est	0	4	0	25.25
kingitus mehele kellel on kõik olemas	est	0	27	0	9.41
kingitus naisele	est	0	56	0	25.16
kingitus naisele	kwt	0	1	0	21
kingitus naisele	usa	0	2	0	20.5
kingitus poistele	est	0	1	0	18
kingitused jõuludeks	est	0	2	0	3.5
kingitused jõuludeks	swe	0	1	0	1
kingitused lastele	est	0	16	0	14.88
kingitused meestele	est	0	1	0	25
kingitused naisele	est	0	1	0	30
kingitused naistele	est	0	85	0	26.58
kingituste maksustamine	est	0	1	0	31
kit casa miniatura	esp	0	48	0	18.62
kit casa miniatura	ind	0	1	0	25
kit casa miniatura	prt	0	4	0	9
kit casa miniatura	rus	0	1	0	23
kit casa miniatura	sau	0	1	0	25
kit casa miniatura	uga	0	1	0	12
kit casa miniatura	usa	0	1	0	20
kit complet	fra	0	1	0	16
kit construcción miniatura	esp	0	1	0	22
kit construção miniatura	prt	0	2	0	9
kit costruzione case in miniatura	ita	0	1	0	11
kit costruzione case in miniatura legno	che	0	1	0	10
kit costruzione case in miniatura legno	ita	0	4	0	13.25
kit de construção miniatura	prt	0	1	0	9
kit di costruzione	ita	0	1	0	3
kits	che	0	1	0	1
klassieke puzzel	nld	0	1	0	47
klocki 3d	pol	0	1	0	5
kluriga träpussel lösningar	swe	0	1	0	1
knjižni kotiček	svn	0	1	0	19
knutselen volwassenen decoratie	prt	0	1	0	7
koets puzzel	nld	0	19	0	7.53
koka puzles	lva	0	1	0	24
kokia kaina?	ltu	0	1	0	24
kolibrii	gbr	0	1	0	15
koloseum 3d	cze	0	1	0	1
koloseum puzzle 3d	pol	0	3	0	2.67
kolosseum 3d puzzle	deu	0	2	0	13.5
kolosseum modell	deu	0	8	0	10.75
kombajn crtez	hrv	0	1	0	1
kombajn kresba	cze	0	3	0	1
koordinációs képességek	hun	0	1	0	54
koparka 3d	pol	0	21	0	4.67
kopen nederland	nld	0	1	0	21
kosten	deu	0	1	0	4
kreativa presenter till flickvän	swe	0	1	0	28
kreativní dárek pro ženu	cze	0	5	0	16
kruiisilaev	est	0	1	0	16
królewski powóz	pol	0	2	0	9
kröyer	tha	0	1	0	43
ktore lepsze	pol	0	1	0	34
które miniaturowe domki do składania mają najwięcej elementów w cenie do 200 złotych?	pol	0	19	0	9.53
kui kallis	est	0	1	0	19
kur pirkti	ltu	0	1	0	3
kur pirkti kaina	ltu	0	1	0	2
kust saab osta?	est	0	1	0	6
kuulipilduja	dnk	0	2	0	1
kuulipilduja	est	0	2	0	11.5
kuulipilduja	fin	0	1	0	1
kuulus sild	est	0	1	0	7
kuumaõhupall	est	0	1	0	10
kuva	fin	0	1	0	1
kučiće vrijeme	hrv	0	1	0	13
kw401	cri	0	1	0	9
kw401	deu	0	3	0	2.67
kw401	mex	0	1	0	1
kwiatek z drewna	pol	0	2	0	32
kwiaty 3 d	pol	0	4	0	8.25
kwiaty do skladania	pol	0	2	0	2.5
kwiaty do składania	pol	0	16	0	4.69
kwiaty drewniane	pol	0	7	0	12.29
kwiaty z drewna	deu	0	1	0	8
kwiaty z drewna	idn	0	1	0	14
kwiaty z drewna	pol	0	12	0	11.5
kytice ze dřeva	cze	0	1	0	4
kängurus puzzle	kor	0	1	0	71
käokell	est	0	10	0	1
käokell	usa	0	2	0	24
képek ezekről	hun	0	1	0	46
képekkel	hun	0	1	0	10
képesség fejlesztés	hun	0	2	0	44
kézügyesség fejlesztése	hun	0	2	0	79
könig charles iii.	aut	0	1	0	3
königskutsche	deu	0	1	0	1
könyv ajándékba	hun	0	2	0	18
köpa från temu	swe	0	1	0	20
különleges fa puzzle	hun	0	5	0	12
kütyük férfiaknak	hun	0	1	0	39
la fabrica de regalos	esp	0	27	0	22.26
la maison des miniatures	fra	0	31	0	8.29
la sagrada familia puzzle	deu	0	2	0	6
la tienda de la bruja	esp	0	2	0	8.5
la torre de pisa maqueta	esp	0	2	0	14
lav stori	svk	0	1	0	81
lavlittle	sgp	0	1	0	8
lc601	irn	0	1	0	8
lc601	rou	0	1	0	7
lc701	deu	0	1	0	8
lc701	hun	0	1	0	3
lc701	kor	0	1	0	10
lc701	nld	0	1	0	10
lc801	can	0	1	0	69
lc801	esp	0	1	0	4
lc801	lva	0	1	0	5
lc901	fra	0	3	0	1.33
lc901	grc	0	1	0	10
lc901	nld	0	1	0	12
lc901c	che	0	1	0	8
lc901c	esp	0	1	0	6
lc901c	fra	0	2	0	3.5
lc901c	gha	0	1	0	5
lc901c	mus	0	1	0	10
lc901c	nld	0	2	0	8
lc901c	pol	0	1	0	2
le pont bridge	fra	0	1	0	26
le pont tower bridge	fra	0	1	0	15
le tecniche per rilassarsi	ita	0	1	0	23
le tower bridge	che	0	1	0	11
le tower bridge	fra	0	3	0	23.33
leao acabado	pry	0	1	0	1
leao acabado	qat	0	1	0	1
legendäre maschinen	deu	0	1	0	37
legjobb ajándék	hun	0	29	0	16.31
legjobb valentin napi ajándék	hun	0	4	0	19
legno	ita	0	1	0	2
legno 3d	ind	0	1	0	3
legno 3d	ita	0	12	0	1.25
legnomaz	ita	0	27	0	9.41
lego 3d architecture puzzle	cze	0	1	0	27
lejon 3d	swe	0	18	0	1.83
lemmet puzzel	nld	0	33	0	9.18
leone 3d	chl	0	2	0	11.5
leone 3d	ita	0	3	0	6
leone 3d	swe	0	1	0	1
leone 3d in casa	ita	0	1	0	15
leone wood	ita	0	1	0	27
leopard 1	cze	0	3	0	1
leopard 1	nld	0	1	0	5
leopard 1 3d	cze	0	1	0	4
leopard 1 3d	est	0	1	0	2
leopard 1 3d	vnm	0	1	0	12
leopard 1 3d model	idn	0	1	0	2
leopard 1 3d model	usa	0	4	0	17.75
leopard 1 model	cze	0	2	0	1
leopard 1 model	nld	0	1	0	1
leoparden puzzle	bgd	0	1	0	28
leoparden puzzle	col	0	1	0	29
leoparden puzzle	ind	0	1	0	28
leoparden puzzle	sau	0	1	0	28
lesen šopek	svn	0	3	0	3
lesen šopek s posvetilom	svn	0	6	0	7.17
lesena mansardna hiša	svn	0	1	0	75
lesena sestavljanka	svn	0	22	0	6.86
lesene mini hiške	svn	0	14	0	63.57
lesene puzzle	ita	0	1	0	19
lesene puzzle	svn	0	1	0	10
lesene sestavljanke	svn	0	25	0	6.16
lesene sestavljanke	usa	0	1	0	12
leu 3d	rou	0	1	0	19
leuk cadeau vrouw	nld	0	2	0	3
lev 3d	cze	0	4	0	5.5
lg501	dnk	0	1	0	3
lg501	fra	0	4	0	5.75
lg501	ind	0	1	0	26
lg501	ita	0	5	0	7.6
lg501	lux	0	3	0	9.67
lg501	pol	0	1	0	3
lg501	rus	0	2	0	21
lg501	smr	0	1	0	7
lga01	bra	0	1	0	2
lga01	esp	0	1	0	1
lga01	mex	0	2	0	1.5
lga01	nld	0	3	0	5.33
lga01 marble night city	jpn	0	1	0	11
lga02	pol	0	1	0	2
library 3d puzzle	bgr	0	1	0	7
libreria arcade	ita	0	3	0	4.67
libreria casetta	ita	0	10	0	12.6
libreria en miniatura	esp	0	17	0	2.65
libreria en miniatura	usa	0	3	0	2
libreria in miniatura	che	0	1	0	1
libreria in miniatura	ita	0	21	0	5.76
libreria in miniatura fai da te	ita	0	3	0	1.67
libreria mini	ita	0	1	0	3
libreria miniatura	esp	0	31	0	1.94
libreria miniatura	ita	0	13	0	7.54
libreria miniatura	usa	0	1	0	1
libreria sakura	ita	0	1	0	9
librería miniatura	esp	0	7	0	2.29
librería miniatura	usa	0	1	0	4
lichtgevende wereldbol	nld	0	1	0	4
lien pour commander	fra	0	1	0	4
liggande bokhylla	swe	0	1	0	55
like this	usa	0	1	0	38
lil simon's coffee	fra	0	3	0	7.33
lila motorcykel	swe	0	2	0	1
lila írisz	hun	0	1	0	10
lily	pol	0	1	0	1
link	ita	0	1	0	1
link	mex	0	1	0	19
linkus	ltu	0	1	0	2
lirum larum leg vs eurotoys puslespil i træ	dnk	0	1	0	10
litle story	pol	0	4	0	3.5
little fiat	cze	0	2	0	1
little sherman	esp	0	1	0	2
little story	aut	0	1	0	5
little story	cze	0	5	0	3.2
little story	fra	0	1	0	6
little story	hun	0	2	0	4
little story	nld	0	4	0	6
little story	pol	0	86	0	4.56
little story	ukr	0	1	0	8
little story	usa	0	1	0	5
little story 3d-holzpuzzle opernhaus sydney	deu	0	6	0	1
little story 3d-holzpuzzle opernhaus sydney	nld	0	6	0	1
little story construction sets	sau	0	1	0	7
little story puzzle 3d	lux	0	1	0	2
little story story puzzles	sau	0	4	0	12.5
little story x	cze	0	2	0	4.5
little tank	cze	0	1	0	1
little tram	cze	0	2	0	7.5
littlestory	fin	0	1	0	8
littlestory	pol	0	5	0	5.2
livello difficoltà	ita	0	1	0	2
livraria miniatura para montar	prt	0	1	0	9
lk-503	usa	0	13	0	18.54
lk201	esp	0	1	0	1
lk201	nld	0	1	0	10
lk502	lva	0	1	0	5
lk502	pol	0	1	0	3
lk502	ukr	0	1	0	8
lk505	fin	0	1	0	6
lk505	fra	0	1	0	3
lk505	mex	0	2	0	5
lk505	pry	0	1	0	7
lk505	swe	0	1	0	5
lk602	esp	0	1	0	3
lk602	pol	0	1	0	9
lk701	esp	0	2	0	2
lk701	pol	0	2	0	6.5
lk701	tha	0	1	0	9
lk701	vnm	0	1	0	4
lk701 locomotive	tha	0	2	0	9
lk703b	esp	0	1	0	5
lk703b	nld	0	3	0	7
lk703c	fra	0	1	0	2
lk703c	nld	0	2	0	8
lk703c	nzl	0	1	0	9
lk703c	rou	0	1	0	8
lk703c	vnm	0	1	0	7
lk703c mechanical typewriter	aus	0	1	0	11
lk703c mechanical typewriter	deu	0	2	0	4.5
lk703c mechanical typewriter	geo	0	2	0	6
lk703c mechanical typewriter	ltu	0	1	0	4
lk801	bel	0	1	0	6
lk801	grc	0	2	0	5
lk801	ita	0	1	0	2
lk801	pol	0	7	0	2.43
lk801	tha	0	1	0	9
lka01	esp	0	1	0	8
lka02	bgr	0	1	0	7
lka02	deu	0	3	0	10
lka02	fra	0	1	0	5
lka02	nld	0	5	0	14.2
lka02	pol	0	1	0	1
lkb01d	deu	0	1	0	7
lkb01d	gbr	0	1	0	7
lkb01d	nld	0	1	0	10
lkw puzzle	deu	0	2	0	20
lo anterior	esp	0	1	0	1
lo encuentro en temu?	gbr	0	1	0	11
loft rolife	fra	0	1	0	2
loftrum	dnk	0	2	0	83
loftrum	rus	0	1	0	3
logo rolife	arg	0	1	0	1
logo rolife	bel	0	1	0	1
logo rolife	esp	0	1	0	1
logo rolife	fra	0	2	0	1
logo rolife	mex	0	1	0	1
logo rolife	nld	0	2	0	1
loja atacado	esp	0	1	0	6
loja das bruxas	prt	0	1	0	9
loja de bruxas	prt	0	4	0	37
loja miniaturas	prt	0	1	0	14
lokomotive puzzle	col	0	2	0	6.5
lokomotive puzzle	deu	0	2	0	7
londen tower bridge	nld	0	4	0	12.5
london bridge	cze	0	9	0	24.22
london bridge	dnk	0	1	0	10
london bridge	nld	0	7	0	11
london bridge	rou	0	2	0	9.5
london bridge 3d puzzle	deu	0	1	0	1
london bridge a tower bridge	pol	0	1	0	19
london bridge black and white	can	0	1	0	1
london bridge black and white	gbr	0	1	0	1
london bridge black and white	hkg	0	1	0	1
london bridge fakta	swe	0	2	0	17.5
london bridge früher	deu	0	1	0	42
london bridge histoire	can	0	1	0	8
london bridge histoire	fra	0	21	0	9.19
london bridge histoire	gbr	0	1	0	10
london bridge historia	arg	0	1	0	8
london bridge historia	bol	0	1	0	6
london bridge historia	bra	0	3	0	5.33
london bridge historia	chl	0	2	0	5.5
london bridge historia	col	0	1	0	6
london bridge historia	esp	0	5	0	4.2
london bridge historia	gbr	0	5	0	4.4
london bridge historia	pol	0	1	0	5
london bridge historia	prt	0	1	0	4
london bridge historia	swe	0	6	0	5.67
london bridge historie	cze	0	1	0	11
london bridge historie	dnk	0	7	0	4.43
london bridge historie	nor	0	1	0	9
london bridge londra	ita	0	1	0	17
london bridge miniature	nld	0	1	0	7
london bridge storia	ita	0	4	0	6.5
london bridge story	gbr	0	2	0	13
london bridge story	tur	0	2	0	8
london bridge story	usa	0	1	0	27
london bridge tower	pol	0	2	0	12.5
london bro	dnk	0	5	0	10.2
london bro	hkg	0	1	0	9
london bro	mex	0	1	0	9
london bron	swe	0	1	0	29
london hídjai	hun	0	2	0	21
london king bridge	are	0	1	0	1
london king bridge	qat	0	2	0	1
london most	hrv	0	1	0	11
london torony	hun	0	2	0	21
london tower bridge	est	0	1	0	6
london tower bridge history	fra	0	1	0	14
london tower története	hun	0	1	0	10
londonas tilts	lva	0	3	0	4.67
londoni hidak	hun	0	2	0	33
londoni híd	hun	0	1	0	1
londoni tower	hun	0	3	0	51
londono taueris	ltu	0	1	0	27
londono tiltas	gbr	0	3	0	11
londono tiltas	ltu	0	6	0	10.83
londono tiltas	nld	0	1	0	12
londono tiltas	nor	0	1	0	11
londonski most	hrv	0	1	0	10
londres puente famoso	esp	0	2	0	6.5
londyn historia	bgd	0	1	0	93
londyn historia	ind	0	1	0	76
londyn most	aus	0	1	0	21
londyn most	gbr	0	1	0	3
londyn most	pol	0	7	0	7.29
londyn most tower bridge	pol	0	1	0	3
londyn tower bridge	kor	0	1	0	12
londyn tower bridge	pol	0	24	0	7
londyński most zwodzony oparty na dwóch wieżach	deu	0	1	0	6
londyński most zwodzony oparty na dwóch wieżach	pol	0	8	0	9.25
londýn most	cze	0	12	0	11.17
londýn tower bridge	are	0	1	0	12
londýn tower bridge	cze	0	8	0	10.12
londýn tower bridge	svk	0	1	0	13
londýnský most	cze	0	2	0	12
lontoo silta	fin	0	1	0	52
lontoon silta	fin	0	2	0	56.5
lq501	esp	0	1	0	2
lq502	pry	0	1	0	10
lq502	usa	0	1	0	9
lq901	ecu	0	1	0	11
lq901	isr	0	1	0	6
lq901	mex	0	2	0	6.5
lq901	usa	0	1	0	9
ls402	pol	0	1	0	11
luminous globe	che	0	1	0	17
luminous globe	cze	0	2	0	10.5
luminous globe	deu	0	2	0	32.5
luminous globe	esp	0	1	0	14
luminous globe	est	0	1	0	8
luminous globe	fra	0	1	0	46
luminous globe	hun	0	1	0	8
luminous globe	ita	0	1	0	3
luminous globe	ltu	0	2	0	9
luminous globe 3d wooden puzzle	deu	0	2	0	13
luminous globe 3d wooden puzzle	irl	0	1	0	9
luminous globe rokr	ecu	0	1	0	5
luminous globe rokr	esp	0	2	0	20
luminous globe rokr	ita	0	6	0	5.5
luminous globe rokr	nld	0	1	0	2
luminous globe st003	esp	0	2	0	9.5
lutande tornet	swe	0	3	0	11
luxuriöse geschenke für frauen	bra	0	1	0	45
luxuriöse geschenke für frauen	deu	0	4	0	51.75
luxuriöse geschenke für frauen	idn	0	1	0	45
luxus geschenk frau	bgd	0	1	0	41
luxus geschenk frau	bra	0	1	0	45
luxus geschenk frau	deu	0	2	0	43.5
luxus geschenk für frauen	deu	0	5	0	42
luxus geschenke damen	deu	0	1	0	38
luxus geschenke frauen	che	0	1	0	39
luxus geschenke frauen	deu	0	13	0	51.46
luxus geschenke frauen	fin	0	1	0	70
luxus geschenke frauen	usa	0	1	0	40
luxus geschenke für damen	deu	0	1	0	48
luxus geschenke für frauen	deu	0	45	0	42.64
luxus geschenke für frauen	ecu	0	1	0	40
luxus geschenke für frauen	idn	0	1	0	40
luxus geschenke für frauen	nld	0	2	0	56.5
luxus geschenke für frauen	pak	0	1	0	39
luxus geschenke für frauen	phl	0	1	0	41
luxus geschenke für frauen	usa	0	1	0	37
lysende globus	dnk	0	2	0	8.5
lyserød tulipan	dnk	0	2	0	1
lägga pussel bra för hjärnan	swe	0	3	0	27.67
lær at slappe af	dnk	0	6	0	23.5
løsning	dnk	0	1	0	2
macchina da scrivere	ita	0	1	0	11
macchina da scrivere giocattolo	ita	0	1	0	5
macchina in 3d	ita	0	1	0	12
macchina magica	ita	0	1	0	6
machine a ecrire rokr	fra	0	4	0	10.25
machine gun wood	nld	0	1	0	29
machine à écrire amazon	fra	0	1	0	1
machinepistool puzzel	nld	0	14	0	10.64
madeira leao	prt	0	17	0	10.24
madeira leão	prt	0	4	0	9.75
madeira speedway	bra	0	1	0	9
madeira speedway	deu	0	1	0	10
madera 3d	esp	0	1	0	8
madera camelia	per	0	1	0	1
madera sagrada	nor	0	4	0	5.25
magasin de miniatures	usa	0	1	0	5
magasin de sorciere	fra	0	2	0	13.5
magasin miniature	fra	0	1	0	15
magasin sorciere	fra	0	1	0	15
magia house	esp	0	7	0	6
magic cello	ita	0	2	0	3
magic cello music box	grc	0	1	0	1
magic cello music box	ita	0	3	0	5.67
magic cello music box	prt	0	1	0	7
magic cello music box	rou	0	2	0	7
magic cello music box	usa	0	1	0	25
magic cello rokr	esp	0	1	0	8
magic cello rokr	fra	0	1	0	12
magic cello rokr	ita	0	2	0	3
magic cello rokr	nld	0	1	0	9
magic emporium	ita	0	1	0	16
magic emporium rolife	rou	0	1	0	9
magic fantasy corner	pol	0	1	0	9
magic harp rokr	fra	0	1	0	8
magic holz flipper	deu	0	6	0	24.17
magic holz kuckucksuhr	deu	0	4	0	8.5
magic house	dnk	0	4	0	7
magic house	esp	0	1	0	55
magic house rolife	esp	0	1	0	1
magic house rolife	prt	0	1	0	7
magical house	deu	0	2	0	3.5
magical house	dnk	0	1	0	1
magical house	ita	0	2	0	4.5
magical house	swe	0	3	0	2
magiczne pianino	deu	0	1	0	7
magiczne pianino	pol	0	6	0	8.83
magisk	dnk	0	1	0	16
maileg miniatyrhus	swe	0	6	0	47.83
mais 5	prt	0	1	0	1
maison bibliotheque	fra	0	1	0	14
maison des miniature	fra	0	9	0	7.44
maison des miniatures	aut	0	1	0	10
maison des miniatures	fra	0	219	0	9
maison des miniatures	lux	0	1	0	11
maison des miniatures	pyf	0	1	0	7
maison des miniatures	reu	0	1	0	8
maison mose	fra	0	1	0	8
maisonnette dora	fra	0	3	0	21.33
maisons des miniatures	fra	0	15	0	7.2
make a picture	gbr	0	1	0	2
makett	est	0	1	0	4
makett ház	esp	0	1	0	11
makett ház	fra	0	1	0	11
makett ház	hun	0	18	0	10.89
makett ház	rou	0	1	0	6
makett ház	svk	0	1	0	8
makett ház építése	hun	0	7	0	8.57
makett ház építése	rou	0	2	0	7
makett házak	hun	0	17	0	6.65
makett kuckó	hun	0	36	0	7.56
makett kuckó	svk	0	2	0	8
makieta wieży eiffla	pol	0	3	0	10.33
maly fiat 125p	esp	0	1	0	10
manuale di montaggio	ita	0	1	0	23
manufacturing toy	usa	0	1	0	13
maqueta airplane	kaz	0	1	0	4
maqueta airplane	mys	0	1	0	4
maqueta barco navegando	arg	0	1	0	4
maqueta barco navegando	bgd	0	3	0	2
maqueta barco navegando	bgr	0	1	0	1
maqueta barco navegando	bra	0	4	0	2.5
maqueta barco navegando	chl	0	3	0	2
maqueta barco navegando	cri	0	1	0	1
maqueta barco navegando	deu	0	1	0	4
maqueta barco navegando	dom	0	1	0	4
maqueta barco navegando	dza	0	1	0	1
maqueta barco navegando	ecu	0	1	0	1
maqueta barco navegando	est	0	1	0	1
maqueta barco navegando	eth	0	1	0	4
maqueta barco navegando	idn	0	1	0	4
maqueta barco navegando	ita	0	1	0	1
maqueta barco navegando	mar	0	1	0	4
maqueta barco navegando	mmr	0	1	0	1
maqueta barco navegando	mys	0	1	0	4
maqueta barco navegando	npl	0	2	0	2.5
maqueta barco navegando	pak	0	2	0	4
maqueta barco navegando	per	0	1	0	1
maqueta barco navegando	rus	0	3	0	3
maqueta barco navegando	swe	0	1	0	4
maqueta barco navegando	tha	0	1	0	4
maqueta barco navegando	tjk	0	1	0	1
maqueta barco navegando	usa	0	2	0	1
maqueta barco navegando	ven	0	2	0	2.5
maqueta barco navegando	vnm	0	1	0	4
maqueta cafeteria simon	are	0	1	0	4
maqueta cafeteria simon	arg	0	4	0	1.75
maqueta cafeteria simon	bgd	0	3	0	4
maqueta cafeteria simon	bol	0	1	0	1
maqueta cafeteria simon	bra	0	1	0	4
maqueta cafeteria simon	che	0	1	0	1
maqueta cafeteria simon	col	0	2	0	1
maqueta cafeteria simon	ecu	0	1	0	1
maqueta cafeteria simon	fra	0	3	0	4
maqueta cafeteria simon	gab	0	1	0	4
maqueta cafeteria simon	grc	0	1	0	1
maqueta cafeteria simon	mex	0	1	0	4
maqueta cafeteria simon	mkd	0	1	0	1
maqueta cafeteria simon	mmr	0	1	0	1
maqueta cafeteria simon	npl	0	1	0	4
maqueta cafeteria simon	pak	0	2	0	1
maqueta cafeteria simon	rou	0	1	0	4
maqueta cafeteria simon	rus	0	6	0	2
maqueta cafeteria simon	sau	0	1	0	4
maqueta cafeteria simon	tun	0	1	0	1
maqueta cafeteria simon	ven	0	1	0	4
maqueta cafeteria simon	vnm	0	1	0	4
maqueta cafeteria simon	zaf	0	1	0	4
maqueta carruaje clasico	are	0	1	0	1
maqueta carruaje clasico	arg	0	3	0	2
maqueta carruaje clasico	bgd	0	5	0	2.8
maqueta carruaje clasico	blr	0	1	0	1
maqueta carruaje clasico	bra	0	2	0	2.5
maqueta carruaje clasico	col	0	1	0	4
maqueta carruaje clasico	dza	0	1	0	4
maqueta carruaje clasico	esp	0	1	0	1
maqueta carruaje clasico	fin	0	1	0	1
maqueta carruaje clasico	fra	0	1	0	1
maqueta carruaje clasico	idn	0	1	0	4
maqueta carruaje clasico	isr	0	1	0	4
maqueta carruaje clasico	ita	0	1	0	1
maqueta carruaje clasico	lbn	0	1	0	1
maqueta carruaje clasico	lva	0	1	0	1
maqueta carruaje clasico	mar	0	3	0	4
maqueta carruaje clasico	pry	0	1	0	4
maqueta carruaje clasico	qat	0	1	0	4
maqueta carruaje clasico	rus	0	2	0	1
maqueta carruaje clasico	swe	0	1	0	1
maqueta carruaje clasico	ukr	0	1	0	1
maqueta carruaje clasico	usa	0	3	0	3
maqueta carruaje clasico	ven	0	1	0	4
maqueta carruaje clasico	vnm	0	2	0	4
maqueta casa librería de sam	mex	0	1	0	1
maqueta casa miniatura	esp	0	1	0	28
maqueta cocina de betty	deu	0	6	0	1
maqueta cocina de betty	nld	0	10	0	1
maqueta de la sagrada familia para niños	ecu	0	1	0	1
maqueta de madera	esp	0	2	0	3
maqueta de tren clásico europeo en madera con muchos detalles para montar paso a paso	esp	0	1	0	2
maqueta del coliseo	esp	0	1	0	4
maqueta floristeria emily	arg	0	1	0	1
maqueta floristeria emily	bel	0	1	0	3
maqueta floristeria emily	bgd	0	1	0	3
maqueta floristeria emily	bra	0	2	0	2
maqueta floristeria emily	can	0	1	0	2
maqueta floristeria emily	chl	0	1	0	1
maqueta floristeria emily	col	0	1	0	2
maqueta floristeria emily	dza	0	1	0	1
maqueta floristeria emily	fra	0	2	0	1.5
maqueta floristeria emily	ita	0	1	0	1
maqueta floristeria emily	kgz	0	1	0	1
maqueta floristeria emily	pak	0	2	0	1
maqueta floristeria emily	prt	0	1	0	1
maqueta floristeria emily	rus	0	1	0	1
maqueta floristeria emily	tun	0	1	0	1
maqueta floristeria emily	usa	0	1	0	2
maqueta globo aereoestatico	arg	0	6	0	1.5
maqueta globo aereoestatico	bgd	0	4	0	2.5
maqueta globo aereoestatico	bra	0	3	0	4
maqueta globo aereoestatico	chl	0	2	0	2.5
maqueta globo aereoestatico	col	0	1	0	4
maqueta globo aereoestatico	dza	0	3	0	3
maqueta globo aereoestatico	ecu	0	1	0	4
maqueta globo aereoestatico	est	0	1	0	1
maqueta globo aereoestatico	fra	0	1	0	1
maqueta globo aereoestatico	grc	0	1	0	1
maqueta globo aereoestatico	ind	0	1	0	4
maqueta globo aereoestatico	irl	0	1	0	1
maqueta globo aereoestatico	kgz	0	1	0	1
maqueta globo aereoestatico	mar	0	1	0	4
maqueta globo aereoestatico	prt	0	1	0	1
maqueta globo aereoestatico	rus	0	3	0	2
maqueta globo aereoestatico	sau	0	1	0	4
maqueta globo aereoestatico	tun	0	1	0	1
maqueta globo aereoestatico	ukr	0	2	0	2.5
maqueta globo aereoestatico	ven	0	2	0	1
maqueta globo aereoestatico	vnm	0	1	0	4
maqueta globo dirigible	arg	0	2	0	1
maqueta globo dirigible	aus	0	1	0	1
maqueta globo dirigible	bgd	0	2	0	1
maqueta globo dirigible	bra	0	1	0	1
maqueta globo dirigible	chl	0	1	0	1
maqueta globo dirigible	dnk	0	1	0	1
maqueta globo dirigible	esp	0	1	0	1
maqueta globo dirigible	gbr	0	1	0	1
maqueta globo dirigible	kaz	0	2	0	1
maqueta globo dirigible	mys	0	1	0	1
maqueta globo dirigible	pak	0	1	0	1
maqueta globo dirigible	pse	0	1	0	1
maqueta globo dirigible	rus	0	1	0	1
maqueta globo dirigible	xkk	0	1	0	1
maqueta globo dirigible	zaf	0	1	0	1
maqueta globo luminoso	bel	0	1	0	1
maqueta globo luminoso	bgd	0	1	0	1
maqueta globo luminoso	bra	0	1	0	1
maqueta globo luminoso	chl	0	1	0	1
maqueta globo luminoso	cze	0	1	0	1
maqueta globo luminoso	ecu	0	1	0	1
maqueta globo luminoso	fra	0	1	0	1
maqueta globo luminoso	irq	0	1	0	1
maqueta globo luminoso	per	0	1	0	1
maqueta globo luminoso	pol	0	1	0	1
maqueta globo luminoso	ukr	0	1	0	1
maqueta globo luminoso	usa	0	1	0	1
maqueta globo luminoso	ven	0	1	0	1
maqueta madera 3d	esp	0	1	0	12
maqueta madera 3d avión	are	0	1	0	1
maqueta madera 3d avión	arg	0	5	0	1.6
maqueta madera 3d avión	bfa	0	1	0	4
maqueta madera 3d avión	bgd	0	4	0	2.5
maqueta madera 3d avión	bra	0	6	0	3
maqueta madera 3d avión	can	0	2	0	2.5
maqueta madera 3d avión	col	0	1	0	4
maqueta madera 3d avión	deu	0	1	0	1
maqueta madera 3d avión	ecu	0	1	0	1
maqueta madera 3d avión	fra	0	1	0	1
maqueta madera 3d avión	isr	0	1	0	4
maqueta madera 3d avión	kwt	0	1	0	1
maqueta madera 3d avión	mar	0	1	0	1
maqueta madera 3d avión	mex	0	1	0	1
maqueta madera 3d avión	mkd	0	1	0	1
maqueta madera 3d avión	nga	0	1	0	4
maqueta madera 3d avión	npl	0	1	0	4
maqueta madera 3d avión	pak	0	1	0	4
maqueta madera 3d avión	rus	0	6	0	3.5
maqueta madera 3d avión	tun	0	1	0	1
maqueta madera 3d avión	usa	0	1	0	4
maqueta miniatura	esp	0	1	0	25
maqueta notre dame	esp	0	1	0	4
maqueta parque atracciones	bra	0	2	0	1
maqueta parque atracciones	idn	0	1	0	1
maqueta parque atracciones	ind	0	1	0	1
maqueta parque atracciones	isr	0	1	0	1
maqueta parque atracciones	mlt	0	1	0	1
maqueta parque atracciones	prt	0	2	0	1
maqueta parque atracciones	rus	0	2	0	1
maqueta parque atracciones	vnm	0	2	0	1
maqueta parque atracciones	xkk	0	1	0	1
maqueta reloj	esp	0	1	0	16
maqueta rokr	arg	0	1	0	8
maqueta rokr	esp	0	8	0	6
maqueta rokr	pan	0	2	0	7
maqueta rolife	esp	0	11	0	9
maqueta sujetalibros sakura densya	arm	0	1	0	1
maqueta sujetalibros sakura densya	chl	0	1	0	1
maqueta sujetalibros sakura densya	grc	0	1	0	1
maqueta sujetalibros: sunshine town	arg	0	1	0	1
maqueta sujetalibros: sunshine town	bgd	0	1	0	1
maqueta sujetalibros: sunshine town	bra	0	2	0	1
maqueta sujetalibros: sunshine town	dza	0	1	0	1
maqueta sujetalibros: sunshine town	mys	0	1	0	1
maqueta sujetalibros: sunshine town	rus	0	1	0	1
maqueta sujetalibros: sunshine town	uzb	0	1	0	1
maqueta sujetalibros: sunshine town	vnm	0	1	0	1
maqueta tienda	esp	0	1	0	60
maqueta tranvia	are	0	1	0	1
maqueta tranvia	arg	0	1	0	1
maqueta tranvia	bgd	0	4	0	1
maqueta tranvia	bra	0	2	0	1
maqueta tranvia	chl	0	1	0	1
maqueta tranvia	fra	0	1	0	1
maqueta tranvia	idn	0	1	0	1
maqueta tranvia	ita	0	1	0	1
maqueta tranvia	kgz	0	1	0	1
maqueta tranvia	ury	0	1	0	1
maqueta tranvia	usa	0	1	0	1
maqueta tranvia	vnm	0	2	0	1
maquetas	col	0	1	0	2
maquetas	esp	0	1	0	11
maquetas 3d madera	esp	0	2	0	30.5
maquetas casas miniatura	esp	0	1	0	20
maquetas de robot	esp	0	1	0	3
maquetas de tranvía desde 180 euros	esp	0	1	0	57
maquetas de tranvías	esp	0	1	0	44
maquetas dificiles	esp	0	1	0	4
maquetas en miniatura	esp	0	1	0	32
maquetas en miniatura	phl	0	1	0	36
maquetas habitaciones	esp	0	2	0	12.5
maquetas miniatura	esp	0	3	0	17.67
maquetas miniaturas	esp	0	2	0	21.5
maquetas para montar de madera	esp	0	2	0	1
maquetas rokr	chn	0	1	0	3
maquetas rokr	esp	0	47	0	4.64
maquette bois a monter	fra	0	1	0	3
maquette bois voiture	fra	0	1	0	1
maquette de voiture	fra	0	3	0	14.67
maquette dirigeable	aus	0	1	0	1
maquette dirigeable	bra	0	1	0	11
maquette dirigeable	ecu	0	1	0	1
maquette dirigeable	fra	0	4	0	1
maquette en bois 147 pièces - globe lumineux - rokr	bel	0	2	0	18
maquette en bois 147 pièces - globe lumineux - rokr	cri	0	1	0	18
maquette en bois 147 pièces - globe lumineux - rokr	fra	0	24	0	16.62
maquette en bois 147 pièces - globe lumineux - rokr	idn	0	1	0	16
maquette en bois 147 pièces - globe lumineux - rokr	irq	0	1	0	18
maquette en bois 147 pièces - globe lumineux - rokr	mex	0	1	0	18
maquette en bois 147 pièces - globe lumineux - rokr	pan	0	1	0	18
maquette en bois 147 pièces - globe lumineux - rokr	phl	0	1	0	18
maquette en bois 147 pièces - globe lumineux - rokr	usa	0	6	0	18.67
maquette en bois 147 pièces - globe lumineux - rokr	ven	0	1	0	20
maquette en bois action	fra	0	1	0	31
maquette fleuriste	fra	0	1	0	51
maquette puzzle 3d	fra	0	13	0	5.23
maquette rolife	fra	0	1	0	15
maquette tour eiffel	tha	0	1	0	53
maquette voiture	arg	0	1	0	16
maquette voiture	bgd	0	2	0	21.5
maquette voiture	bol	0	1	0	18
maquette voiture	bra	0	4	0	23.25
maquette voiture	can	0	24	0	20.62
maquette voiture	che	0	3	0	18.67
maquette voiture	deu	0	2	0	35.5
maquette voiture	dza	0	2	0	30.5
maquette voiture	esp	0	1	0	18
maquette voiture	fra	0	43	0	26.16
maquette voiture	gbr	0	1	0	44
maquette voiture	gtm	0	1	0	17
maquette voiture	irq	0	1	0	45
maquette voiture	ita	0	1	0	19
maquette voiture	kor	0	1	0	20
maquette voiture	lby	0	1	0	43
maquette voiture	mar	0	1	0	17
maquette voiture	svk	0	1	0	17
maquette voiture	tur	0	1	0	24
maquette voiture	ury	0	1	0	44
maquette voiture	usa	0	2	0	30.5
maquette voiture	uzb	0	2	0	30
maquette voiture	zaf	0	1	0	16
maquette voiture bois	fra	0	2	0	10
maquette voiture en bois	fra	0	1	0	4
maquina de escribir	esp	0	3	0	2.67
maquina de escribir antigua	esp	0	1	0	5
maquina de escribir electrica	esp	0	1	0	4
maquina de escribir rokr	esp	0	1	0	6
maquina para escribir en madera	chl	0	1	0	51
marble night city	bra	0	2	0	13
marble night city	cze	0	1	0	10
marble night city	esp	0	5	0	9
marble night city	gbr	0	29	0	21.14
marble night city	hun	0	2	0	3.5
marble night city	irl	0	1	0	5
marble night city	ita	0	2	0	4.5
marble night city	kor	0	1	0	20
marble night city	npl	0	1	0	20
marble night city	rus	0	3	0	28
marble night city	swe	0	1	0	8
marble night city	tha	0	1	0	19
marble night city	ukr	0	1	0	21
marble night city	usa	0	3	0	7
marble night city	zaf	0	1	0	18
marble night city rokr	esp	0	2	0	9.5
marble night city rokr	mex	0	1	0	2
marble night city rokr	nld	0	1	0	10
marble night city rokr	pol	0	2	0	3.5
marble parkour	bel	0	1	0	10
marble parkour	cze	0	1	0	3
marble parkour	dnk	0	1	0	4
marble parkour	esp	0	4	0	5.25
marble parkour	fra	0	4	0	5
marble parkour	ita	0	2	0	7
marble parkour	nor	0	1	0	10
marble parkour	swe	0	2	0	3.5
marble parkour	tur	0	3	0	10
marble parkour lg501	nld	0	2	0	4.5
marble parkour lg501	tun	0	1	0	5
marble parkour rokr	esp	0	2	0	3
marble parkour rokr	fra	0	2	0	8
marble parkour rokr	nld	0	5	0	8.4
marble robotics	usa	0	1	0	21
marble run madera	esp	0	1	0	11
marcas de kit	prt	0	1	0	3
maskiner	nor	0	1	0	1
mass	esp	0	1	0	2
maszyna do pisania dla dzieci	pol	0	2	0	3.5
maus tank interior	kwt	0	1	0	21
maus tank interior	vnm	0	1	0	11
mc401	bra	0	2	0	5
mc401	cze	0	2	0	4
mc502	esp	0	1	0	9
mc701	arg	0	1	0	7
mc701	bra	0	1	0	1
mc701	deu	0	1	0	8
mc701	esp	0	1	0	9
mc701	fra	0	1	0	4
mc701	hun	0	4	0	1.5
mc701	ita	0	4	0	2.25
mc701	ltu	0	1	0	1
mc701	rus	0	3	0	70.33
mc701	swe	0	1	0	2
mcb02	esp	0	1	0	9
mcb02	fra	0	7	0	3.43
mcb02	lva	0	1	0	1
me	grc	0	1	0	20
me muestras una foto	esp	0	1	0	2
me puedes hacer una imagen	esp	0	1	0	2
me puedes mostrar una foto de como quedaría	chl	0	1	0	42
mecanica espacial	esp	0	1	0	99
mechanical	ind	0	1	0	3
mechanical 3d puzzle	aus	0	1	0	16
mechanical 3d puzzle	usa	0	19	0	4.21
mechanical model kit	usa	0	1	0	32
mechanical music box	esp	0	1	0	36
mechanical music box amk63	prt	0	2	0	3
mechanical music box magic cello	ltu	0	2	0	4
mechanical music box magic cello	pol	0	1	0	9
mechanical music box magic cello	rou	0	1	0	7
mechanical music box romantic carousel	esp	0	1	0	11
mechanical music box starry night	dnk	0	1	0	11
mechanical music box starry night	esp	0	1	0	8
mechanical owl clock	usa	0	4	0	10.25
mechanical swing	gum	0	1	0	2
mechanical swing	tur	0	1	0	1
mechanical swing	usa	0	3	0	1.33
mechanical toy	ind	0	1	0	46
mechanical toy	swe	0	3	0	47.67
mechanical toys	usa	0	1	0	25
mechanical toys for adults	usa	0	1	0	24
mechanical typewriter wooden 3d puzzle	deu	0	1	0	14
mechanical typewriter wooden 3d puzzle	gbr	0	1	0	5
mechanical typewriter wooden 3d puzzle	ita	0	1	0	9
mechanical typewriter wooden 3d puzzle	rou	0	2	0	4.5
mechanical wooden puzzles	usa	0	1	0	14
mechanické puzzle	cze	0	4	0	5.25
mechaniczne pianino	aus	0	1	0	11
mechaniczne pianino	aut	0	1	0	11
mechaniczne pianino	bgr	0	1	0	11
mechaniczne pianino	can	0	3	0	9.33
mechaniczne pianino	che	0	1	0	7
mechaniczne pianino	deu	0	6	0	9.17
mechaniczne pianino	dnk	0	1	0	10
mechaniczne pianino	fin	0	1	0	7
mechaniczne pianino	gbr	0	3	0	10
mechaniczne pianino	grc	0	1	0	10
mechaniczne pianino	ita	0	4	0	8
mechaniczne pianino	jpn	0	1	0	11
mechaniczne pianino	pol	0	248	0	10
mechaniczne pianino	tur	0	1	0	7
mechaniczne pianino	usa	0	1	0	8
mechaniczne pianino lub fortepian	pol	0	3	0	12
mechanika	hun	0	1	0	1
mechanikus	hun	0	1	0	6
mechanikus kakukkos óra	hun	0	4	0	1.25
mechanische puzzle	deu	0	4	0	5.5
mechanisches sonnensystem	che	0	2	0	1
mechanisches sonnensystem	deu	0	2	0	1
medidas de la caja	mex	0	1	0	4
medines deliones 3d	ltu	0	11	0	1.18
mediniai konstruktoriai	ltu	0	4	0	53
mediniai konstruktoriai suaugusiems	ltu	0	1	0	50
mehaaniline klaver	est	0	18	0	1.56
mehhanismi liikuvad osad	est	0	10	0	9.6
mejor decoracion	esp	0	1	0	4
mekanisk ingeniørkunst	gbr	0	1	0	24
mekanisk ingeniørkunst	isr	0	1	0	71
mekanisk model af solsystemet	cyp	0	1	0	2
mekanisk model af solsystemet	dnk	0	17	0	4.88
mekanisk model af solsystemet	grc	0	2	0	3.5
mekanisk model af solsystemet	prt	0	1	0	5
mekanisk model af solsystemet	swe	0	1	0	3
meloodia kaunistus	est	0	1	0	30
mennyibe kerulhet?	hun	0	1	0	1
mennyibe kerül?	deu	0	1	0	4
mennyibe kerül?	hun	0	2	0	3
mennyit ér	hun	0	1	0	1
mennyit érhet?	hun	0	1	0	9
mesterlövész	hun	0	1	0	1
mi ez az épület	hun	0	1	0	19
mi ez az épület?	hun	0	1	0	3
mi fai vedere le immagini?	ita	0	1	0	30
mi fai vedere qualche immagine	ita	0	1	0	29
micro restaurant	dnk	0	1	0	13
mida kinkida naisele	est	0	2	0	29
miller garden	fra	0	1	0	4
miller's garden	bra	0	1	0	7
miller's garden	deu	0	1	0	2
miller's garden	esp	0	1	0	4
miller's garden	est	0	1	0	6
miller's garden	fra	0	3	0	7.33
miller's garden	ltu	0	1	0	6
miller's garden	rou	0	1	0	8
miller's garden	swe	0	4	0	3.75
miller's garden	usa	0	9	0	12.22
miller's garden diy miniature house	bel	0	1	0	9
miller's garden diy miniature house	deu	0	1	0	3
miller's garden diy miniature house	fra	0	1	0	8
miller's garden diy miniature house	ltu	0	1	0	2
miller's garden miniature house	che	0	1	0	4
miller's garden miniature house	deu	0	1	0	3
miller's garden miniature house	fra	0	3	0	5.67
miller's garden rolife	esp	0	1	0	1
miller's garden rolife	fra	0	1	0	5
miller's garden rolife	pol	0	2	0	5
miller's garden rolife	usa	0	5	0	6.4
millerio	col	0	1	0	5
millerio	ltu	0	1	0	9
millerio	rou	0	1	0	6
millerio	ukr	0	1	0	7
millers garden	bra	0	2	0	8
millers garden	che	0	1	0	7
millers garden	esp	0	3	0	3
millers garden	fra	0	1	0	6
millers garden	ind	0	1	0	4
millers garden	nld	0	2	0	4.5
millers garden	prt	0	1	0	4
millers garden centre	esp	0	1	0	8
millers garden rolife	fra	0	1	0	7
millers garden rolife	usa	0	2	0	4
milline on parim koht, kust leida kunstiteoseid, mis sobivad kingituseks?	est	0	10	0	12.1
milyen tipus?	hun	0	1	0	20
minature house	dnk	0	1	0	5
minature house	ltu	0	1	0	11
minature room	fin	0	1	0	4
minature rooms	dnk	0	1	0	12
mindkettő	hun	0	1	0	15
mineatura	lva	0	1	0	10
mini biblioteca	ita	0	1	0	4
mini biblioteca	rou	0	13	0	5.08
mini bibliotecas	esp	0	1	0	1
mini biblioteczka	pol	0	2	0	43
mini biblioteka	hrv	0	1	0	1
mini bookshelf toy	usa	0	1	0	6
mini butik	dnk	0	1	0	10
mini cabana	deu	0	1	0	1
mini cabana	rou	0	2	0	1
mini casa para montar	prt	0	1	0	12
mini case da costruire	ita	0	16	0	8.25
mini casette	ita	0	3	0	15.33
mini casette in legno	ita	0	4	0	28.5
mini casinhas para montar	prt	0	1	0	10
mini casitas	esp	0	1	0	23
mini chalet	ita	0	5	0	4.4
mini dom	pol	0	1	0	57
mini domek	bgr	0	1	0	5
mini domek	pol	0	6	0	36.5
mini domeček	cze	0	14	0	13.07
mini domečky	cze	0	5	0	22.6
mini domki	pol	0	2	0	55
mini domy	ind	0	1	0	63
mini domy	pol	0	2	0	59.5
mini hot rod	usa	0	1	0	8
mini house	cze	0	1	0	3
mini house	dnk	0	4	0	27.25
mini ház árak	hun	0	2	0	37
mini házak	hun	0	9	0	10.56
mini libreria	ita	0	4	0	37.5
mini librerie	ita	0	2	0	24
mini maquetas	esp	0	1	0	22
mini maszyna do pisania	pol	0	1	0	5
mini mobili	ita	0	1	0	40
mini negozio	deu	0	1	0	9
mini negozio	ita	0	10	0	11.9
mini pistolet	bel	0	1	0	1
mini pistolet	deu	0	1	0	1
mini pistolet	ind	0	1	0	51
mini pistolet	nld	0	2	0	1
mini pistolet	pol	0	56	0	1.04
mini pisztoly	hun	0	4	0	3.75
mini room	che	0	8	0	7.75
mini room	prt	0	2	0	11.5
mini room action	swe	0	1	0	10
mini room build	gbr	0	1	0	16
mini room build your	bel	0	1	0	9
mini room build your	che	0	1	0	5
mini room build your	cze	0	1	0	9
mini room build your	deu	0	1	0	7
mini room build your	esp	0	1	0	7
mini room build your	ita	0	1	0	7
mini room build your	pol	0	3	0	9.67
mini room building kit	bel	0	5	0	7.8
mini room building kit	ltu	0	1	0	6
mini room building kit	nld	0	2	0	9
mini room building kit	ukr	0	1	0	7
mini room diy kit	deu	0	1	0	7
mini room kit	nld	0	2	0	13.5
mini room kits	bel	0	2	0	4.5
mini room kits	che	0	1	0	10
mini room kits	dnk	0	1	0	8
mini room kits	esp	0	1	0	5
mini room kits	irl	0	15	0	18.93
mini room kits	pol	0	2	0	10
mini room magic room	che	0	1	0	4
mini room set	aut	0	1	0	7
mini room set	pol	0	1	0	12
mini room set	rou	0	3	0	8.67
mini room story room	bel	0	1	0	13
mini room toy	nld	0	1	0	4
mini rooms	che	0	1	0	12
mini rooms	cze	0	5	0	8
mini rooms	fra	0	10	0	10.6
mini rooms	irl	0	1	0	11
mini rooms	nld	0	1	0	12
mini rooms	rou	0	1	0	6
mini rooms	smr	0	1	0	6
mini rooms	swe	0	1	0	13
mini rooms to build	bel	0	2	0	8.5
mini rooms to build	deu	0	1	0	8
mini rooms to build	irl	0	1	0	8
mini rooms to build	ita	0	1	0	8
mini rooms to build	nld	0	2	0	8.5
mini rooms to build	phl	0	1	0	10
mini rooms to build	pol	0	2	0	10
mini stanze	bel	0	1	0	9
mini stanze	ita	0	14	0	10.43
mini vehicle 3d wood puzzle	cze	0	2	0	9.5
mini vehicle 3d wood puzzle	esp	0	4	0	4.25
mini vehicle 3d wood puzzle	est	0	1	0	3
mini vehicle 3d wood puzzle	ltu	0	1	0	4
mini vehicle 3d wood puzzle	lva	0	1	0	4
mini vehicle 3d wood puzzle	pol	0	2	0	7
mini vehicle 3d wood puzzle	ukr	0	2	0	4
mini wieża eiffla	pol	0	2	0	1
miniatur	hun	0	14	0	6.93
miniatur laden	deu	0	1	0	25
miniatur zimmer	deu	0	1	0	23
miniatura	lva	0	35	0	6.4
miniatura biblioteca	esp	0	1	0	1
miniatura biblioteca	ita	0	3	0	1.33
miniatura casa	esp	0	2	0	16.5
miniatura casa	ita	0	1	0	12
miniatura casa	prt	0	2	0	5
miniatura casa de muñecas	esp	0	3	0	33.67
miniatura case	ita	0	4	0	2.5
miniatura de	esp	0	1	0	11
miniatura de bateria musical	prt	0	1	0	5
miniatura de biblioteca	prt	0	1	0	2
miniatura de casa	esp	0	1	0	22
miniatura de casa	prt	0	1	0	9
miniatura libreria	esp	0	10	0	2.1
miniatura libreria	ita	0	33	0	7.61
miniatura libreria	usa	0	1	0	1
miniaturas	ltu	0	1	0	10
miniaturas	lva	0	14	0	4.64
miniaturas artesanales comprar	esp	0	12	0	30.17
miniaturas casa	esp	0	1	0	11
miniaturas casa	prt	0	2	0	6
miniaturas casa de muñecas	arg	0	1	0	35
miniaturas casa de muñecas	esp	0	6	0	33
miniaturas casa de muñecas	idn	0	1	0	32
miniaturas casa de muñecas	rus	0	1	0	24
miniaturas casa de muñecas	usa	0	1	0	37
miniaturas casas	esp	0	3	0	12.33
miniaturas casas	prt	0	8	0	5.12
miniaturas casas de muñecas	esp	0	4	0	33
miniaturas casas de muñecas	jpn	0	1	0	31
miniaturas casas de muñecas	lby	0	1	0	34
miniaturas casas muñecas	bgd	0	1	0	31
miniaturas casas muñecas	ind	0	1	0	34
miniaturas casitas	esp	0	1	0	12
miniaturas de casas	che	0	1	0	8
miniaturas de casas	esp	0	3	0	14.67
miniaturas de casas	prt	0	4	0	5.5
miniaturas de casas de muñecas	esp	0	1	0	32
miniaturas de casas de muñecas	ind	0	1	0	32
miniaturas diy	esp	0	1	0	24
miniaturas para artesanato	prt	0	1	0	11
miniaturas para casa de muñecas	esp	0	1	0	35
miniaturas para casas de muñecas	bgd	0	1	0	24
miniaturas para casas de muñecas	deu	0	1	0	26
miniaturas para casas de muñecas	esp	0	23	0	21.65
miniaturas para construir	prt	0	1	0	3
miniaturas para montar	esp	0	2	0	24.5
miniaturas rolife	prt	0	2	0	7.5
miniaturas y casas de muñecas	esp	0	1	0	34
miniaturas y casas de muñecas	phl	0	1	0	36
miniature	dnk	0	2	0	5
miniature apartment	rou	0	1	0	8
miniature apartment building	svk	0	1	0	9
miniature building sets	nld	0	1	0	26
miniature byggesæt	grc	0	1	0	13
miniature cafe	fra	0	2	0	15
miniature casa	esp	0	1	0	14
miniature casa	ita	0	7	0	10.57
miniature casette	ita	0	12	0	8.33
miniature casette in legno	ita	0	3	0	9.33
miniature da costruire	ita	0	3	0	13
miniature dollhouse for sale	usa	0	1	0	7
miniature drivhus	dnk	0	13	0	1.08
miniature drivhus	swe	0	1	0	1
miniature dukkehus	dnk	0	6	0	58.67
miniature garden house	bel	0	1	0	8
miniature hobby	dnk	0	2	0	20.5
miniature house	che	0	1	0	13
miniature house	cze	0	4	0	12.75
miniature house	dnk	0	14	0	6.57
miniature house	grc	0	2	0	13
miniature house	hun	0	2	0	30
miniature house	ita	0	1	0	23
miniature house	ltu	0	3	0	9
miniature house	lva	0	1	0	5
miniature house	prt	0	2	0	10
miniature house	rou	0	1	0	11
miniature house	srb	0	2	0	12.5
miniature house building kits	deu	0	4	0	24
miniature house building tips	bra	0	1	0	9
miniature house building tips	usa	0	3	0	10.67
miniature house kits	dnk	0	1	0	46
miniature house kits for adults	deu	0	7	0	26
miniature houses	che	0	1	0	13
miniature houses	deu	0	1	0	7
miniature houses	dnk	0	2	0	15.5
miniature houses	gbr	0	1	0	13
miniature hus	dnk	0	43	0	14.95
miniature huse	dnk	0	48	0	2.75
miniature huse byg selv	dnk	0	25	0	9.12
miniature level	are	0	1	0	19
miniature level	ind	0	1	0	17
miniature libreria	ita	0	17	0	10.24
miniature magasin	dnk	0	1	0	12
miniature magasin	fra	0	17	0	63.82
miniature møbler	dnk	0	5	0	56.2
miniature plæneklipper	dnk	0	1	0	21
miniature restaurant	ind	0	1	0	25
miniature restaurant	phl	0	3	0	20.33
miniature restaurant	vnm	0	1	0	30
miniature room	che	0	1	0	6
miniature room	deu	0	1	0	12
miniature room	dnk	0	2	0	5
miniature room	fin	0	5	0	9.2
miniature room	irl	0	2	0	11.5
miniature room	isr	0	2	0	9.5
miniature room	ita	0	2	0	4
miniature room	ltu	0	1	0	6
miniature room	mar	0	2	0	8
miniature room	nor	0	2	0	8.5
miniature room	rou	0	1	0	3
miniature room	swe	0	5	0	7.2
miniature room	ukr	0	1	0	7
miniature room building kits	imn	0	1	0	9
miniature room building kits	rou	0	1	0	6
miniature room kit	grc	0	1	0	10
miniature room kit	nld	0	1	0	9
miniature room kit	rou	0	1	0	6
miniature room kits	deu	0	4	0	10.25
miniature room kits	nld	0	2	0	10
miniature room kits	pol	0	2	0	9
miniature room kits for adults	esp	0	1	0	7
miniature room kits for adults	ita	0	1	0	11
miniature room set	irl	0	1	0	10
miniature rooms	hrv	0	1	0	4
miniature rooms	irl	0	1	0	12
miniature rooms	nld	0	3	0	3.67
miniature rooms kit	kor	0	1	0	10
miniature rooms kit	rou	0	1	0	5
miniature serre	fra	0	1	0	2
miniature serre	ita	0	1	0	1
miniature shop	dnk	0	1	0	14
miniature shops to build	deu	0	1	0	5
miniature stores	prt	0	1	0	6
miniature studio room	dza	0	1	0	6
miniature studio room	nor	0	1	0	9
miniature wooden puzzles	fra	0	1	0	11
miniaturehuset	dnk	0	4	0	49.25
miniaturen winkel	bgd	0	1	0	65
miniaturen winkel	nld	0	47	0	60.51
miniaturen winkels	nld	0	40	0	38.8
miniatures shop	fra	0	1	0	13
miniaturhaus holz	deu	0	1	0	38
miniaturhäuser	aut	0	1	0	1
miniaturhäuser	deu	0	18	0	12.06
miniaturladen	deu	0	2	0	8.5
miniaturni	cze	0	3	0	9.33
miniaturní	cze	0	12	0	8.33
miniaturowa budowla	pol	0	1	0	17
miniaturowe domki	esp	0	1	0	4
miniaturowe domy	pol	0	3	0	12
miniaturowy dom	nld	0	1	0	2
miniaturowy dom	pol	0	22	0	5.68
miniaturowy domek	nld	0	1	0	3
miniaturowy domek	pol	0	59	0	7.07
miniaturowy domek	rou	0	1	0	6
miniaturowy domek	usa	0	1	0	4
miniaturowy domek diy	pol	0	5	0	1
miniaturu maja	lva	0	13	0	10.46
miniatuur	bel	0	3	0	16
miniatuur	est	0	3	0	5.33
miniatuur	gbr	0	1	0	14
miniatuur	nld	0	31	0	25.23
miniatuur	usa	0	1	0	2
miniatuur kas	bel	0	25	0	7.16
miniatuur kas	nld	0	30	0	4.63
miniatuur winkel	aut	0	1	0	14
miniatuur winkel	bel	0	10	0	16.4
miniatuur winkel	cze	0	1	0	15
miniatuur winkel	deu	0	1	0	14
miniatuur winkel	fra	0	1	0	14
miniatuur winkel	nld	0	140	0	15.58
miniatuur winkel	pol	0	1	0	11
miniatuur winkel	tza	0	1	0	11
miniatuur winkels	gbr	0	1	0	32
miniatuur winkels	nld	0	10	0	6.1
miniatuur winkeltje	bel	0	11	0	16.18
miniatuur winkeltje	fra	0	1	0	16
miniatuur winkeltje	nld	0	61	0	18.75
miniatuurhuis	bel	0	1	0	28
miniatuurhuis	nld	0	8	0	18.38
miniatuurhuisjes	nld	0	13	0	5.92
miniatuurne	est	0	7	0	2.43
miniatyr hus	dnk	0	1	0	1
miniatyr hus	fin	0	1	0	2
miniatyr hus	nor	0	3	0	27.67
miniatyr hus byggsats	dnk	0	1	0	7
miniatyr hus trä	swe	0	5	0	12.2
miniatyr saker	swe	0	1	0	5
miniatyrhus	nor	0	3	0	19
miniatyrhus	rus	0	1	0	4
miniatyrhus	tur	0	1	0	4
miniatyrhus	usa	0	1	0	2
miniatyrhus byggsats	grc	0	1	0	7
miniatyrhus byggsats	nor	0	2	0	7.5
miniatyrhus byggsats	usa	0	1	0	11
miniatyrhus diy	fin	0	1	0	7
miniatyrhus diy	nor	0	2	0	19
miniatyrlandskap	swe	0	2	0	10
miniatyrrum	swe	0	5	0	9.6
miniatür	hun	0	6	0	10
miniatūra	lva	0	4	0	8.25
miniatūra	usa	0	3	0	13
miniatūra māja	deu	0	1	0	5
miniatūra māja	lva	0	51	0	5.67
miniatūras	col	0	2	0	11
miniatūras	lva	0	35	0	5.66
miniatūras	nld	0	1	0	9
miniatūras mājas	lva	0	22	0	5.77
miniatūru māja	grc	0	1	0	9
miniatūru māja	lva	0	21	0	12.05
miniatūru māja	nor	0	3	0	9
miniatűr	rou	0	1	0	8
miniatűr pincher	hun	0	2	0	13
miniatűr schnauzer	hun	0	1	0	12
minihouse	dnk	0	1	0	56
miniházak	deu	0	1	0	19
miniházak	hun	0	14	0	11.5
minimajade müük	est	0	1	0	10
minipistol	swe	0	3	0	4
minipistole	deu	0	1	0	1
minipistole	hrv	0	1	0	1
miniseum	dnk	0	1	0	33
minitur	hun	0	1	0	6
miniture room	irl	0	1	0	7
miniture room	pol	0	1	0	10
miniture rooms	bgr	0	1	0	7
miniture rooms	deu	0	1	0	9
mira	esp	0	1	0	2
mirror	usa	0	1	0	5
missä näitä myydään	fin	0	1	0	1
mitos y leyendas	mex	0	1	0	1
mitra thompson giocattolo	ita	0	2	0	31.5
mitragliatrice rotante	ita	0	4	0	8.5
mladinska knjiga book nook	hrv	0	1	0	4
mladinska knjiga book nook	svn	0	9	0	3.89
moaz	est	0	1	0	5
moaz	pol	0	2	0	23
mobili in miniatura	ita	0	1	0	33
mobili miniatura	ita	0	1	0	35
mobili miniatura	lva	0	1	0	37
mobili miniatura	vnm	0	1	0	35
model ak 47	pol	0	1	0	6
model big ben	cze	0	1	0	1
model big ben	fra	0	11	0	5.73
model do składania	pol	0	1	0	17
model dolls house	usa	0	1	0	23
model gitary	pol	0	10	0	1.6
model lokomotywy parowej	pol	0	15	0	1
model motocykla żużlowego	pol	0	1	0	9
model parowozu	pol	0	5	0	1.4
model puzzle	usa	0	2	0	9
model stem	pol	0	27	0	7.85
model sterowca	idn	0	1	0	11
model sterowca	pol	0	11	0	4.82
model tank story	che	0	1	0	6
model tank story	deu	0	1	0	2
model tank story	est	0	1	0	4
model tank story	fra	0	1	0	4
model tank story	isr	0	2	0	5
model tank story	jpn	0	1	0	4
model tank story	nld	0	1	0	3
model tank story	nzl	0	11	0	5.55
model układu słonecznego 3d	pol	0	4	0	1
model vzducholodi	cze	0	1	0	3
model wózka widłowego	pol	0	3	0	2
modelado 3d construcción madera	esp	0	1	0	13
modele do sklejania drewniane	ind	0	1	0	31
modele do sklejania drewniane	nor	0	1	0	31
modele do sklejania drewniane	pol	0	57	0	16.46
modelismo casas	prt	0	3	0	9.33
modell	deu	0	1	0	5
modell sagrada familia	deu	0	8	0	6.88
modell sagrada familia	esp	0	1	0	7
modellbau zimmer	deu	0	2	0	38.5
modellbausatz holz	deu	0	1	0	45
modellbygge barn	swe	0	1	0	14
modelli di barca a vela	ita	0	2	0	51
modellini case	ita	0	3	0	14.33
modellini case da costruire	ita	0	4	0	17.25
modellini di case	ita	0	5	0	10
modellini di case da costruire	ita	0	4	0	14.25
modellini di legno	ita	0	1	0	7
modellino 3d	ita	0	1	0	3
modellino casa	ita	0	3	0	25.67
modellino torre eiffel	fra	0	1	0	13
modellino torre eiffel	ita	0	2	0	3
modellismo casa	bgd	0	1	0	27
modellismo casa	ita	0	2	0	25
modellismo case	irl	0	1	0	26
modellismo case	ita	0	2	0	23
modellismo case	maf	0	1	0	25
modellismo case in legno	ita	0	2	0	19.5
modellismo case in miniatura	egy	0	1	0	11
modellismo case in miniatura	gbr	0	2	0	7.5
modellismo case in miniatura	ita	0	6	0	12.17
modellismo da costruire in legno	ita	0	1	0	5
modèle big ben	fra	0	5	0	3.4
modèle similaire	fra	0	1	0	2
moeilijke 3d puzzels	nld	0	2	0	20
molino mecanico	esp	0	1	0	1
moniatur	hun	0	2	0	5
monocular telescopio	arg	0	1	0	10
monocular telescopio	esp	0	33	0	11.21
monocular telescopio	mex	0	1	0	9
monokularni teleskop	svn	0	9	0	2.78
monokulært dobbeltsyn	dnk	0	7	0	18
monopoly rokr	ita	0	1	0	1
montaggio puzzle	ita	0	1	0	42
monumentos 3d	esp	0	2	0	36
more	pak	0	1	0	1
mori pan	cze	0	1	0	4
mose's detective agency	deu	0	1	0	4
mose's detective agency	rus	0	1	0	10
mose's detective agency	usa	0	3	0	11.67
moseho	usa	0	1	0	10
moses detective	deu	0	1	0	10
moses detective agency	deu	0	2	0	3.5
moses detective agency	ita	0	1	0	6
most difficult rokr puzzle	gbr	0	1	0	11
most expensive birthday	gbr	0	1	0	1
most expensive birthday	idn	0	2	0	1
most expensive birthday	phl	0	1	0	10
most expensive birthday	usa	0	2	0	8
most expensive birthday gift	are	0	1	0	9
most expensive birthday gift	gbr	0	4	0	8.5
most expensive birthday gift	ind	0	7	0	7.14
most expensive birthday gift	mdv	0	1	0	5
most expensive birthday gift	mys	0	1	0	7
most expensive birthday gift	nga	0	1	0	5
most expensive birthday gift	pak	0	1	0	5
most expensive birthday gift	usa	0	2	0	7.5
most expensive birthday gift	zaf	0	1	0	6
most expensive gift	bgd	0	1	0	9
most expensive gift	deu	0	1	0	10
most expensive gift	gbr	0	6	0	13
most expensive gift	ita	0	3	0	9.67
most expensive gift	jam	0	2	0	11
most expensive gift	khm	0	3	0	10.67
most expensive gift	mmr	0	1	0	9
most expensive gift	nor	0	2	0	5
most expensive gift	pak	0	4	0	9
most expensive gift	phl	0	2	0	12
most expensive gift	sau	0	1	0	8
most expensive gift	svn	0	1	0	9
most expensive gift	usa	0	1	0	9
most expensive gift for girls	bgd	0	1	0	10
most expensive gift for girls	gbr	0	1	0	7
most expensive gift for girls	ind	0	17	0	7.76
most expensive gift for girls	pak	0	1	0	2
most expensive gift for girls	phl	0	1	0	6
most expensive gift for girls	sgp	0	1	0	7
most expensive gift for girls	zwe	0	1	0	2
most expensive gifts	rou	0	1	0	8
most expensive gifts for women	deu	0	1	0	8
most expensive things for girls	ind	0	1	0	12
most expensive things for girls	lka	0	1	0	3
most london	pol	0	1	0	26
most london bridge	gbr	0	1	0	14
most london bridge	pol	0	1	0	16
most londyn	pol	0	10	0	7.9
most londyński	pol	0	6	0	14.33
most tower bridge	pol	0	5	0	25
most u londonu	aut	0	2	0	8.5
most u londonu	bih	0	3	0	9.67
most u londonu	cze	0	1	0	9
most u londonu	gbr	0	1	0	10
most u londonu	mne	0	1	0	10
most u londonu	nld	0	1	0	8
most u londonu	srb	0	34	0	9.62
most u londonu	xkk	0	1	0	7
most u londonu tower bridge	bih	0	2	0	12.5
most u londonu tower bridge	hrv	0	2	0	11.5
most u londonu tower bridge	srb	0	7	0	9.29
most v londyne	cze	0	1	0	12
most v londýně	cze	0	36	0	11.11
most w anglii	pol	0	2	0	39.5
most w londynie	bgd	0	1	0	21
most w londynie	idn	0	1	0	69
most w londynie	pol	0	3	0	29
most w wielkiej brytanii	pol	0	1	0	51
most zwodzony w londynie	pol	0	1	0	41
mostarle molino	esp	0	1	0	5
mostarle molino de viento	esp	0	2	0	2.5
mosty w londynie	ind	0	1	0	21
mosty w londynie	pol	0	4	0	11
mosty w londynie	usa	0	1	0	12
mosty w londynie	xkk	0	1	0	31
moto comanche	fra	0	1	0	1
moto da corsa blu	ita	0	2	0	1
moto da speedway	ita	0	1	0	3
moto di legno	ita	0	3	0	5.33
moto in legno	ind	0	1	0	11
moto in legno	ita	0	1	0	1
moto in legno	kaz	0	1	0	12
moto puzzle	che	0	1	0	3
moto puzzle	col	0	1	0	3
moto puzzle	esp	0	2	0	3
moto puzzle	fra	0	3	0	3.67
moto puzzle	ind	0	4	0	4.25
moto rokr	fra	0	1	0	19
moto rokr	ltu	0	1	0	16
motor puzzle	hrv	0	1	0	5
motor puzzle	hun	0	2	0	10
motor puzzle	ltu	0	1	0	9
motorcycle	cyp	0	1	0	100
motorcycle	grc	0	1	0	46
motorcycle puzzle	gbr	0	1	0	23
motorcycle wooden puzzle	fin	0	1	0	12
motorické dovednosti	cze	0	5	0	18.6
motorické schopnosti	cze	0	2	0	17.5
motorik	swe	0	2	0	65.5
motorik øvelser	dnk	0	4	0	57.75
motorika kod odraslih	svn	0	1	0	6
motorikus képességek	hun	0	4	0	26
motorikübungen	phl	0	2	0	66.5
motorische förderung	deu	0	1	0	86
motorische ontwikkelingen	nld	0	2	0	29.5
motorische planung übungen	fra	0	1	0	36
motorische vaardigheden	nld	0	18	0	53.67
motorische ziele bei kindern	gbr	0	1	0	46
motorische ziele bei kindern	usa	0	1	0	55
motorisk träning	mar	0	1	0	55
motorisk träning	swe	0	1	0	59
motoriske øvelser	dnk	0	1	0	56
motoričke sposobnosti	aut	0	1	0	10
motoričke sposobnosti	deu	0	1	0	11
motoričke sposobnosti	hrv	0	3	0	8
motorkruiser	nld	0	8	0	41
motorkruiser verkopen	nld	0	1	0	24
motorola rokr	ita	0	3	0	23
motorola rokr e1	ita	0	1	0	6
motoros fejlődés játék	hun	0	4	0	11
motoros funkciók	hun	0	1	0	13
motoros képességek	hun	0	7	0	15.29
motoros képességek	lka	0	1	0	10
motoros képességek	vnm	0	2	0	19
motoros puzzle	hun	0	1	0	4
motorrad modell holz	deu	0	2	0	4
motorrad puzzle	aut	0	2	0	4
motorrad puzzle	che	0	2	0	3.5
motorrad puzzle	deu	0	20	0	3.95
motverka stress	swe	0	2	0	56
moze	hrv	0	2	0	1.5
može slika	hrv	0	1	0	4
mr millers	dnk	0	1	0	2
mr millers	swe	0	2	0	1
mrs cathy	hun	0	4	0	2.5
music box 3d wooden puzzle	aus	0	1	0	33
music box 3d wooden puzzle	grc	0	1	0	5
music box 3d wooden puzzle	nld	0	1	0	11
music box christmas	pol	0	1	0	2
music instrument	bel	0	1	0	12
mutass fotot	rou	0	1	0	1
muziek doosje	nld	0	1	0	7
muzyka	pol	0	1	0	3
muéstrame link de compra	col	0	1	0	13
my preferences	rus	0	1	0	32
máquina de escribir	esp	0	1	0	3
máquinas de escribir antiguas precios	esp	0	2	0	1
más	esp	0	1	0	3
más que hobby	esp	0	1	0	1
música com violoncelo	prt	0	2	0	4
műszaki ajándék férfiaknak	hun	0	5	0	22.4
na niej london bridge	pol	0	2	0	7.5
nabízíte velkoobchodní spolupráci	cze	0	3	0	9
nad nią tower bridge	pol	0	2	0	9
naef	nld	0	1	0	18
nagymozgások fejlesztése	hun	0	2	0	78
najdi cenu	cze	0	1	0	5
najdi produkt	cze	0	1	0	1
najlepsze sklepy z miniaturami diy w polsce	pol	0	9	0	5.67
najstarszy most w londynie	pol	0	1	0	48
nama barang	idn	0	1	0	90
name	ind	0	1	0	19
namikai	ltu	0	1	0	9
natale 3d	ita	0	5	0	7.6
necesito una imagen visual	esp	0	1	0	23
nederlands	nld	0	1	0	3
nee deze	nld	0	1	0	28
negozi miniature	gbr	0	1	0	13
negozi piccoli	ita	0	1	0	11
negozio di miniature	ita	0	3	0	51.33
negozio fisico	ita	0	1	0	4
negozio miniature	ita	0	1	0	18
nehéz puzzle	hun	0	4	0	7.75
nejlepší blog	cze	0	1	0	16
nejlepší dárek	cze	0	1	0	13
nejlepší dárek na valentýna	cze	0	1	0	26
nejprodávanější dárky na vánoce	cze	0	7	0	8.43
nejprodávanější dárky pro ženy	cri	0	1	0	15
nejprodávanější dárky pro ženy	cze	0	10	0	13.6
nejprodávanější dárky pro ženy	idn	0	1	0	17
nejprodávanější dárky pro ženy	ind	0	1	0	18
nejprodávanější dárky pro ženy	sau	0	1	0	14
nejznámější most v londýně	cze	0	4	0	10.5
nelk alice	kor	0	1	0	20
nerf stagecoach	nld	0	1	0	5
never wither	sgp	0	1	0	5
neviditelná police na knihy	cze	0	3	0	43
nhiêu	vnm	0	1	0	28
nie mogę znaleźć	pol	0	1	0	2
no hay ninguna imagen	esp	0	1	0	13
nog meer	nld	0	1	0	2
non	fra	0	1	0	1
nook	bgr	0	1	0	8
nook	svn	0	6	0	8.67
nook book	cze	0	2	0	12
notre dame 3d puzzle	cze	0	1	0	5
notre dame 3d puzzle	gbr	0	2	0	1
notre dame 3d puzzle	isr	0	1	0	1
notre dame 3d puzzle	ita	0	1	0	1
notre dame 3d puzzle	pol	0	1	0	1
notre dame 3d puzzle	svk	0	1	0	1
notre dame 3d puzzle	usa	0	1	0	1
notre dame cathedral 3d puzzle	can	0	1	0	1
notre dame cathedral 3d puzzle	gbr	0	1	0	1
notre dame cathedral 3d puzzle	usa	0	8	0	1
notre dame cathedral 3d puzzle	zaf	0	1	0	1
notre dame puzzle	esp	0	1	0	11
notre dame puzzle 3d	deu	0	1	0	5
notre dame puzzle 3d	esp	0	4	0	1
notre dame puzzle 3d	fra	0	1	0	1
notre dame puzzle 3d	ita	0	2	0	1
notre dame puzzle 3d	pol	0	1	0	11
notre dame puzzles	isr	0	1	0	22
notre dame puzzles	kor	0	1	0	24
notre dame wooden puzzle	gbr	0	1	0	2
notre dame wooden puzzle	ita	0	1	0	1
nápad na vánoční dárek	cze	0	1	0	18
nástěnné hodiny sova	cze	0	1	0	13
návod	cze	0	1	0	1
näita pilte	est	0	1	0	1
när byggdes tower bridge	fin	0	1	0	11
när byggdes tower bridge	gbr	0	2	0	12.5
när byggdes tower bridge	nld	0	1	0	13
när byggdes tower bridge	swe	0	15	0	9.53
něco hezkého pro ženu	cze	0	10	0	7.6
nơi mua	vnm	0	1	0	27
o ancião da cabaça mágica	usa	0	1	0	16
o que oferecer a um homem que tem tudo	ago	0	10	0	7.7
o que oferecer a um homem que tem tudo	bel	0	1	0	9
o que oferecer a um homem que tem tudo	bra	0	1	0	1
o que oferecer a um homem que tem tudo	che	0	3	0	7
o que oferecer a um homem que tem tudo	dnk	0	2	0	6
o que oferecer a um homem que tem tudo	fra	0	1	0	9
o que oferecer a um homem que tem tudo	grc	0	1	0	6
o que oferecer a um homem que tem tudo	moz	0	2	0	7.5
o que oferecer a um homem que tem tudo	stp	0	1	0	10
o que oferecer a um homem que tem tudo	usa	0	1	0	8
o que significa hobbies	ago	0	1	0	14
o que é tower bridge	bra	0	1	0	10
o que é tower bridge	prt	0	2	0	11
oad wood	nld	0	1	0	8
obojí	cze	0	1	0	5
obrazek	cze	0	1	0	25
obrazku	cze	0	1	0	3
obrazky	cze	0	1	0	12
obszar stem	pol	0	2	0	11
od jakiego wieku	pol	0	1	0	21
od nule	svn	0	1	0	2
odstranění stresu	cze	0	2	0	19
ok	esp	0	2	0	2.5
ok	pol	0	1	0	14
okos ajándék férfiaknak	hun	0	5	0	7.6
onde comprar	prt	0	1	0	24
onde comprar e quanto custa	prt	0	1	0	19
onde comprar igual?	prt	0	1	0	26
onde comprar?	bra	0	1	0	3
onde está a histórica ponte de londres	bra	0	5	0	6.2
onde está atualmente a histórica ponte de londres	bra	0	1	0	26
onde eu compro	gbr	0	1	0	13
onderste gedeelte puzzel	nld	0	1	0	18
online	ita	0	1	0	14
ontlading van stress	nld	0	1	0	95
ontstressen	bel	0	3	0	93
ontstressen	nld	0	12	0	96.58
ontstressen tips	nld	0	2	0	84.5
opera house sydney	esp	0	1	0	3
oq dar de presente para mulher	bra	0	1	0	78
orchideen puzzle	ind	0	1	0	56
orchideen puzzle	kor	0	1	0	54
originaalne kingitus	est	0	3	0	43
original gave	dnk	0	5	0	20.2
original gave	nor	0	3	0	35.67
original toys 3d	usa	0	1	0	11
originales regalos para mujer	pol	0	1	0	7
origine mot puzzle	fra	0	1	0	35
origine puzzle	che	0	1	0	11
origineel cadeau valentijnsdag	nld	0	4	0	4.25
origineel mannen cadeau	nld	0	2	0	3
origineels	bel	0	1	0	44
origineels	nld	0	1	0	89
originele mannen cadeau	nld	0	3	0	2.67
origins puzzles	jor	0	2	0	8
originální dárek na valentýna pro muže	cze	0	2	0	13
orologi a cucu economici	ita	0	1	0	13
orologio a cucu legno	ita	0	1	0	1
orologio a cucù meccanico	ita	0	1	0	6
orologio da montare	ita	0	1	0	2
orologio puzzle	ita	0	2	0	12.5
oroszlán 3d	hun	0	6	0	1.17
oui	fra	0	1	0	25
ouzzle 3d	fra	0	1	0	3
ouzzle 3d	ury	0	1	0	7
ouzzle 3d	usa	0	1	0	7
owl clock	can	0	1	0	33
owl clock	cze	0	1	0	13
owl clock	gbr	0	2	0	41.5
owl clock	idn	0	1	0	45
owl clock	ita	0	1	0	43
owl clock	rus	0	1	0	40
owl clock 3d wooden puzzle	fra	0	1	0	9
owl clock kit	prt	0	1	0	9
owl clock lk503	cze	0	2	0	2
owl clock lk503	esp	0	3	0	2.33
owl clock lk503	fra	0	1	0	8
owl clock wooden puzzle	gbr	0	1	0	24
ozdoba na polke z ksiazkami	nld	0	1	0	11
ozdoba na polke z ksiazkami	pol	0	22	0	9.18
ozdoby na półkę z książkami	pol	0	6	0	7.83
ozdoby na regal z ksiazkami	gbr	0	1	0	6
ozdoby na regał z książkami	hrv	0	1	0	8
pabuklas	ltu	0	1	0	1
pabūklas	ltu	0	3	0	1.33
padoda	esp	0	1	0	1
pagina web	esp	0	1	0	17
pagoda	arg	0	2	0	44
pagoda	chl	0	3	0	40.33
pagoda	col	0	3	0	23
pagoda	cri	0	4	0	33.5
pagoda	ecu	0	1	0	34
pagoda	esp	0	112	0	11.29
pagoda	mex	0	1	0	34
pagoda	pan	0	1	0	32
pagoda	per	0	1	0	32
pagoda	pol	0	16	0	7.88
pagoda	ury	0	1	0	34
pagoda	uzb	0	1	0	4
pagoda 3d	ita	0	3	0	5
pagoda 3d	pol	0	2	0	1.5
pagoda a cinque piani	jpn	0	1	0	5
pagoda in legno	ita	0	1	0	1
pagoda paviljon	svn	0	3	0	5.67
pagoda puzzle	esp	0	4	0	4.5
pagoda puzzle	ita	0	1	0	8
pagoda sl	esp	0	3	0	14
pagoda version	pol	0	2	0	7.5
pagoda wooden	gbr	0	1	0	34
pagodad	esp	0	1	0	1
pagode	kor	0	1	0	1
pagode holz	deu	0	3	0	8
pagode japonaise en bois	fra	0	1	0	1
pagods	esp	0	2	0	7
pagofa	esp	0	2	0	7
pagood	est	0	3	0	11
pagood	kaz	0	1	0	2
pagood	swe	0	1	0	3
pagpda	esp	0	1	0	1
pan mori	cze	0	9	0	1.56
pangoda	esp	0	3	0	5.33
panzer aus holz	deu	0	2	0	1
panzer fv4005	deu	0	2	0	3.5
panzer holz	fra	0	1	0	1
panzer puzzle	deu	0	8	0	2
para el hombre que lo tiene todo	esp	0	1	0	39
para el hombre que lo tiene todo	mex	0	1	0	36
para o homem que já tem tudo	bra	0	1	0	9
para o homem que já tem tudo	che	0	1	0	8
para o homem que tem tudo	bra	0	2	0	15.5
para saurus	usa	0	3	0	1
parasaurus	arg	0	7	0	1
parasaurus	aus	0	1	0	1
parasaurus	aut	0	2	0	1
parasaurus	bel	0	5	0	1
parasaurus	bra	0	1	0	22
parasaurus	che	0	3	0	1
parasaurus	chl	0	5	0	1
parasaurus	cri	0	1	0	1
parasaurus	cze	0	30	0	5.27
parasaurus	deu	0	38	0	1
parasaurus	dnk	0	7	0	5.71
parasaurus	dza	0	2	0	31
parasaurus	ecu	0	1	0	1
parasaurus	esp	0	12	0	1.83
parasaurus	est	0	1	0	1
parasaurus	fra	0	4	0	1
parasaurus	gbr	0	2	0	1
parasaurus	hnd	0	1	0	1
parasaurus	hun	0	3	0	1
parasaurus	idn	0	26	0	1.42
parasaurus	isr	0	1	0	1
parasaurus	ita	0	10	0	6.4
parasaurus	jpn	0	1	0	1
parasaurus	ltu	0	1	0	1
parasaurus	lva	0	2	0	6
parasaurus	mar	0	1	0	1
parasaurus	mex	0	3	0	1
parasaurus	nld	0	5	0	3
parasaurus	nor	0	1	0	1
parasaurus	pak	0	1	0	1
parasaurus	phl	0	2	0	1
parasaurus	pol	0	1	0	1
parasaurus	pry	0	1	0	1
parasaurus	rou	0	3	0	1
parasaurus	srb	0	1	0	1
parasaurus	swe	0	3	0	3.67
parasaurus	tha	0	3	0	4.67
parasaurus	tur	0	27	0	3
parasaurus	ury	0	1	0	1
parasaurus	usa	0	21	0	1
parasaurus	ven	0	2	0	1
parasaurus	vnm	0	2	0	1
parasourus	per	0	1	0	1
parfumi kot darilo zanj	svn	0	2	0	13.5
parna lokomotiva	svk	0	1	0	5
parowóz zabawka	pol	0	1	0	34
parts for this	usa	0	1	0	18
paso de montaña	esp	0	1	0	12
pavylyon	fra	0	4	0	4.25
pazzle 3d	grc	0	1	0	6
pazzle 3d	ita	0	1	0	4
pazzle 3d	mda	0	6	0	10.17
pazzle 3d	nor	0	1	0	3
peluche bourrasque	dza	0	1	0	13
pero en imágenes	arg	0	1	0	14
perpetual calendar rokr	sau	0	1	0	7
pezzo warszawa	kor	0	1	0	13
photo of puzzles	npl	0	1	0	2
photo stp	fra	0	1	0	3
pianino mechaniczne	pol	0	30	0	9.97
piano puzzle	esp	0	3	0	8
piano puzzle	ita	0	1	0	7
piano rokr	che	0	1	0	2
piano rokr	esp	0	1	0	11
piano rokr	fra	0	1	0	3
piano rokr	idn	0	1	0	1
piano rolife	bel	0	1	0	6
piano rolife	che	0	1	0	7
piano rolife	esp	0	2	0	1
piano rolife	fra	0	2	0	9.5
piano rolife	tha	0	1	0	10
piano wooden puzzle	deu	0	1	0	11
piano wooden puzzle	srb	0	1	0	10
pianoforte 3d	ita	0	2	0	10
pianoforte di legno	ita	0	1	0	41
piccoli negozi	ita	0	2	0	16
piccolo negozio	ita	0	1	0	61
pictures	pol	0	1	0	1
piece puzzle 3d	usa	0	1	0	33
piezas para armar	esp	0	1	0	2
pillangó orchidea	hun	0	1	0	1
pinball holz	deu	0	2	0	34.5
pinball machine	cze	0	1	0	3
pinball puzzle	rou	0	2	0	10
pinball rokr	bra	0	1	0	2
pinball rokr	dnk	0	1	0	3
pinball rokr	esp	0	3	0	8.33
pinball rokr	fra	0	1	0	15
pinball rokr	ita	0	1	0	3
pinball table	ita	0	1	0	1
pinball wooden puzzle	pol	0	1	0	7
pink lily rowood	esp	0	2	0	10.5
pink lily rowood	irl	0	1	0	5
pink lily rowood	ita	0	1	0	3
pink lily rowood	pol	0	1	0	2
pink lily rowood	usa	0	1	0	5
pisa 3d	ita	0	3	0	19
pisa torn	est	0	9	0	7.56
pisa torn	nor	0	1	0	6
pisa torn	swe	0	3	0	9.33
pisalni stroj	aut	0	1	0	1
pisalni stroj	svn	0	22	0	12.05
pisalni stroj	usa	0	1	0	1
pisatorn	swe	0	3	0	6
pistol 3d	rou	0	2	0	5.5
pistol din lemn	rou	0	2	0	1.5
pistola de madeira	prt	0	5	0	6
pistola m60	ita	0	1	0	1
pistola madera	esp	0	1	0	8
pistolas de madera	esp	0	1	0	10
pistole in miniatura	ita	0	1	0	1
pistolet 3d	pol	0	5	0	3.8
pistolet bois	fra	0	2	0	35
pistolet drewniany	dnk	0	1	0	27
pistolet drewniany	ltu	0	1	0	29
pistolet drewniany	pol	0	13	0	28.23
pistolet puzzle 3d	pol	0	1	0	1
pizos bokstas	ltu	0	11	0	13.73
pizos bokštas	ita	0	1	0	12
pizzle 3d	bel	0	1	0	3
pizzle 3d	can	0	1	0	6
pizzle 3d	dnk	0	1	0	3
pizzle 3d	fra	0	11	0	4.27
pizzle 3d	gbr	0	1	0	8
pizzle 3d	grc	0	2	0	5.5
pizzle 3d	mex	0	1	0	5
pizzle 3d	pol	0	19	0	3.68
pizzle 3d	rou	0	1	0	3
pizzle 3d	swe	0	1	0	3
pkr 3d	ind	0	1	0	71
pladespiller	bfa	0	1	0	26
pladespiller	dnk	0	46	0	31.83
pladespiller	fin	0	1	0	21
pladespiller	fra	0	1	0	28
pladespiller	qat	0	1	0	26
pladespiller	usa	0	1	0	26
planning to paint	usa	0	1	0	3
plattenspieler holz	aut	0	1	0	1
plattenspieler holz	deu	0	1	0	13
plaukta ieliktnis	est	0	1	0	1
plaukta ieliktnis	lva	0	5	0	6.8
play robotics	esp	0	1	0	61
playful mario 3d wood puzzle	dnk	0	1	0	7
playful mario 3d wood puzzle	esp	0	1	0	9
playful mario 3d wood puzzle	gbr	0	1	0	14
playful mario 3d wood puzzle	ltu	0	2	0	8
playful mario 3d wood puzzle	nld	0	3	0	8.67
playful mario 3d wood puzzle	usa	0	3	0	7.33
plot 85	bra	0	1	0	1
pluzzles 3 d	esp	0	34	0	4.68
podul din londra	mda	0	3	0	9.33
podul din londra	rou	0	20	0	10.95
podul londrei	gbr	0	2	0	17
podul londrei	mda	0	1	0	11
podul londrei	rou	0	11	0	11.36
podul londrei	swe	0	1	0	10
podul reginei londra	gbr	0	4	0	10
podul reginei londra	rou	0	4	0	10.25
pokazi mi sliku toga	svn	0	1	0	12
pokazi sliko	svn	0	1	0	5
pokaż	pol	0	1	0	1
pokaż zdjęcia	pol	0	1	0	2
pokaži slike	svn	0	1	0	5
poklon za djecake	hrv	0	2	0	6
poklon za muskarca koji ima sve	srb	0	9	0	14.44
poleć fajne zestawy drewnianych puzzli 3d dla początkujących.	pol	0	16	0	2.75
police na knihy	cze	0	1	0	12
policijski auto crtež	hrv	0	1	0	7
polonez 1500	hun	0	1	0	3
polonez model	ind	0	1	0	11
polonez model	per	0	1	0	2
polonez model do sklejania	pol	0	1	0	25
polskie sklepy	pol	0	1	0	9
pomysły na prezenty dla chłopców	pol	0	2	0	24.5
pomysły na prezenty polska	deu	0	1	0	10
pont bleu londres	fra	0	1	0	19
pont celebre londres	sen	0	1	0	11
pont london bridge	fra	0	13	0	11.62
pont londres	can	0	1	0	11
pont tower bridge	fra	0	2	0	21
ponte de londres	bgd	0	1	0	43
ponte de londres	bra	0	2	0	38.5
ponte de londres	idn	0	1	0	45
ponte de londres	prt	0	1	0	21
ponte de londres antiga	che	0	1	0	11
ponte de londres história	bra	0	3	0	3.33
ponte di londra famoso	ita	0	2	0	16.5
ponte em londres	deu	0	1	0	13
ponte em londres	nld	0	1	0	13
ponte em londres	prt	0	1	0	12
ponte em londres famosa	che	0	1	0	12
ponte em londres famosa	gbr	0	1	0	9
ponte em londres famosa	prt	0	10	0	12
ponte famosa de londres	bra	0	1	0	2
ponte famosa de londres	prt	0	5	0	12.8
ponte famosa em londres	bra	0	1	0	22
ponte famosa em londres	gbr	0	2	0	13.5
ponte famosa em londres	irl	0	1	0	12
ponte famosa em londres	prt	0	1	0	10
ponte famosa em londres	swe	0	1	0	10
ponte famosa em londres	usa	0	1	0	10
ponte famosa londres	fra	0	1	0	9
ponte famosa londres	gbr	0	2	0	12.5
ponte famosa londres	prt	0	6	0	11.67
ponte famoso a londra	ita	0	3	0	11
ponte famoso di londra	ita	0	2	0	16.5
ponte londres	bra	0	1	0	28
ponte londres	prt	0	3	0	11.33
ponte londres tower bridge	bra	0	1	0	12
ponte londres tower bridge	prt	0	1	0	13
ponte que abre em londres	prt	0	4	0	13
ponte tower bridge	bra	0	1	0	11
ponte tower bridge	ita	0	1	0	2
pontes de londres	bra	0	1	0	22
poproszę zdjęcia	pol	0	1	0	1
populiariausios dovanos	ltu	0	1	0	29
populāras dāvanas	lva	0	2	0	25
poslovna darila ugodno	svn	0	1	0	75
povlečení eiffelovka 3d	cze	0	1	0	40
poze	rou	0	2	0	13
poziom trudności	pol	0	1	0	6
pozytywka drewniana	pol	0	2	0	16.5
pozytywka instrument	pol	0	2	0	1.5
pozytywka instrument	usa	0	1	0	12
pozytywka mechaniczna	pol	0	2	0	6
pqgoda	esp	0	1	0	1
precio	esp	0	12	0	12.67
precio	per	0	2	0	25.5
precio nuevo	esp	0	1	0	1
precio?	esp	0	2	0	20
preis	che	0	1	0	18
preis	deu	0	4	0	21.5
preis für	aut	0	1	0	8
premiery ksiazkowe magiczny kacik	pol	0	3	0	7.33
premium miniature	rou	0	1	0	9
prendas 40 anos homem	prt	0	1	0	3
present factory	ltu	0	1	0	2
present för honom	bra	0	1	0	12
present för honom	gbr	0	1	0	11
present för honom	swe	0	11	0	8.73
present till honom tips	swe	0	1	0	25
present till man som har allt	swe	0	1	0	25
presente original para homem	bra	0	3	0	2
presente para 60 anos masculino	prt	0	1	0	3
presente para homem que tem tudo	bra	0	3	0	10.33
presente para homem que tem tudo	prt	0	1	0	8
presente que toda mulher gosta	bra	0	1	0	73
presentes para homem originais	prt	0	2	0	1.5
presentes que as mulheres gostam	bra	0	1	0	55
prezent dla fana architektury	pol	0	1	0	23
prezent dla mężczyzny który ma wszystko	pol	0	1	0	29
prezent dla mężczyzny który wszystko ma	pol	0	1	0	21
prezenty ﻿dla chłopców	pol	0	2	0	14.5
prezzo	ita	0	12	0	16.5
prezzo in italia	chn	0	1	0	22
prezzo migliore	ita	0	1	0	4
prezzo?	fra	0	1	0	1
preço	prt	0	1	0	3
preț	ita	0	1	0	12
price	ita	0	1	0	2
price	usa	0	1	0	29
price in	hun	0	1	0	14
price in euros	dnk	0	1	0	2
price?	swe	0	1	0	24
prije	hrv	0	1	0	3
prijs	nld	0	2	0	7.5
prijs en verkooppunten	bel	0	1	0	22
prijs nu	nld	0	1	0	20
pris	swe	0	1	0	2
pris i butik	dnk	0	1	0	2
pris?	dnk	0	1	0	2
prisen ?	dnk	0	1	0	10
prix	fra	0	5	0	7
prix neuf	fra	0	1	0	1
pro něj	cze	0	1	0	14
pro začátečníky	can	0	1	0	2
prodaja daril	svn	0	2	0	7.5
prodotti simili	ita	0	1	0	13
prémiový dárek	cze	0	1	0	13
puente de londres historia	chl	0	4	0	19.5
puente famoso de londres	mex	0	1	0	27
puente levadizo de londres	esp	0	1	0	11
puente mas famoso de londres	esp	0	2	0	21
puentes famosos en londres	esp	0	3	0	12.67
puezle 3d	bel	0	1	0	3
puezle 3d	fra	0	12	0	4.58
puhke	esp	0	1	0	14
puidust cnc detailid	est	0	2	0	87
puidust pusle	est	0	35	0	7.31
puidust pusled	est	0	2	0	8
pulze 3d	fra	0	5	0	3.2
punane nelk	est	0	1	0	1
puppy's cozy villa	cze	0	1	0	8
puska	hun	0	1	0	1
pusle 3d	fra	0	1	0	4
pusle 3d	nld	0	1	0	3
puslede müük	est	0	4	0	11.75
puslespil 3d	dnk	0	17	0	2.94
puslespil i træ	dnk	0	1	0	23
puslespil træ	dnk	0	3	0	7
puspiekabe	lva	0	1	0	34
pussel 3d	bel	0	1	0	4
pussel 3d	deu	0	1	0	4
pussel 3d	fra	0	1	0	3
pussel 3d	swe	0	84	0	8.65
pussel eiffeltornet	swe	0	9	0	11.56
pussel i trä	swe	0	9	0	11.56
pussel lejon	swe	0	7	0	15.29
pussel t	swe	0	1	0	1
pussel trä	dnk	0	1	0	9
pussel trä	swe	0	10	0	13.9
pussel trä vuxen	swe	0	21	0	16.38
pussling	swe	0	1	0	2
puzl3	per	0	1	0	5
puzle	pol	0	1	0	2
puzle 3 d	bel	0	1	0	3
puzle 3 d	chl	0	1	0	7
puzle 3 d	cze	0	1	0	7
puzle 3 d	fra	0	1	0	5
puzle 3 d	gtm	0	1	0	2
puzle 3 d	idn	0	1	0	2
puzle 3 d	mex	0	1	0	6
puzle 3 d	pol	0	49	0	4.35
puzle 3d	arg	0	5	0	4.6
puzle 3d	aut	0	2	0	5
puzle 3d	bra	0	1	0	8
puzle 3d	chl	0	4	0	5
puzle 3d	col	0	6	0	5.5
puzle 3d	cze	0	1	0	3
puzle 3d	deu	0	3	0	3.67
puzle 3d	ecu	0	1	0	5
puzle 3d	egy	0	1	0	4
puzle 3d	esp	0	2	0	8
puzle 3d	gbr	0	3	0	6.67
puzle 3d	hun	0	2	0	5
puzle 3d	idn	0	2	0	2.5
puzle 3d	jpn	0	1	0	6
puzle 3d	ken	0	1	0	6
puzle 3d	lbn	0	1	0	2
puzle 3d	mex	0	5	0	6.6
puzle 3d	nld	0	2	0	5
puzle 3d	nor	0	1	0	4
puzle 3d	per	0	2	0	4
puzle 3d	pol	0	309	0	4.58
puzle 3d	rou	0	1	0	3
puzle 3d	srb	0	1	0	7
puzle 3d	svn	0	1	0	3
puzle 3d	usa	0	2	0	5
puzle 3d madera	arg	0	1	0	1
puzle 3d madera	esp	0	14	0	3.14
puzle globus	pol	0	1	0	4
puzle madera 3d	esp	0	1	0	3
puzles	esp	0	1	0	3
puzles 3 d	esp	0	1	0	21
puzles 3d	col	0	1	0	7
puzles 3d	esp	0	7	0	7.43
puzles 3d	prt	0	7	0	5.43
puzles en 3d	esp	0	7	0	3.43
puzlle	cze	0	1	0	5
puzlle 3d	arg	0	1	0	4
puzlle 3d	bra	0	1	0	5
puzlle 3d	che	0	1	0	4
puzlle 3d	fra	0	7	0	4.29
puzlle 3d	idn	0	1	0	2
puzlle 3d	pol	0	3	0	3.67
puzlle 3d	tun	0	1	0	3
puzz 3d notre dame	aus	0	1	0	12
puzz 3d notre dame	esp	0	2	0	11
puzze 3d	fra	0	6	0	4.33
puzzel 3 d	bel	0	1	0	4
puzzel 3 d	can	0	4	0	7.5
puzzel 3 d	fra	0	3	0	4.67
puzzel 3d	bel	0	6	0	13.67
puzzel 3d	deu	0	1	0	7
puzzel 3d	gbr	0	1	0	5
puzzel 3d	ita	0	1	0	13
puzzel 3d	mys	0	1	0	1
puzzel 3d	nld	0	63	0	11.87
puzzel 3d	rou	0	1	0	6
puzzel 3d	usa	0	1	0	13
puzzel cadeau voor gezinnen actie	nld	0	4	0	27.75
puzzel heelal	nld	0	2	0	8.5
puzzel plakken op hout	nld	0	8	0	28.62
puzzel sagrada familia	bel	0	1	0	1
puzzel sagrada familia	esp	0	1	0	2
puzzel sagrada familia	nld	0	4	0	3.75
puzzel vastplakken op hout	nld	0	5	0	27.4
puzzel vrachtwagen	gbr	0	1	0	11
puzzel vrachtwagen	nld	0	3	0	6.67
puzzelen als bijverdienste	esp	0	1	0	12
puzzelen als bijverdienste	nld	0	8	0	12.25
puzzels 3d	aut	0	1	0	23
puzzels 3d	bel	0	2	0	5
puzzels 3d	ind	0	2	0	5
puzzels 3d	nld	0	61	0	10.1
puzzels 3d	prt	0	1	0	8
puzzelwedstrijd	nld	0	1	0	81
puzzelwedstrijd zeeland	nld	0	7	0	88.14
puzzl 3d	fra	0	13	0	3.38
puzzl 3d	irn	0	1	0	2
puzzl 3d	mar	0	1	0	7
puzzl 3d	mex	0	1	0	6
puzzl 3d	pol	0	1	0	4
puzzle	bra	0	1	0	3
puzzle	deu	0	1	0	3
puzzle	fra	0	1	0	3
puzzle	grc	0	1	0	6
puzzle	pol	0	1	0	2
puzzle 20000 dílků	cze	0	1	0	68
puzzle 3 d	arg	0	1	0	5
puzzle 3 d	aze	0	1	0	7
puzzle 3 d	bgd	0	1	0	4
puzzle 3 d	can	0	7	0	4.86
puzzle 3 d	che	0	6	0	5.67
puzzle 3 d	cze	0	1	0	6
puzzle 3 d	deu	0	2	0	7
puzzle 3 d	fra	0	325	0	3.91
puzzle 3 d	gbr	0	1	0	4
puzzle 3 d	hrv	0	1	0	11
puzzle 3 d	idn	0	6	0	5.33
puzzle 3 d	ind	0	1	0	5
puzzle 3 d	ita	0	9	0	5.44
puzzle 3 d	jpn	0	1	0	4
puzzle 3 d	mda	0	3	0	6.67
puzzle 3 d	mys	0	1	0	7
puzzle 3 d	ncl	0	1	0	4
puzzle 3 d	nld	0	4	0	2.5
puzzle 3 d	nor	0	1	0	8
puzzle 3 d	per	0	2	0	8
puzzle 3 d	phl	0	1	0	5
puzzle 3 d	pol	0	3	0	19.67
puzzle 3 d	reu	0	2	0	4.5
puzzle 3 d	rou	0	6	0	6
puzzle 3 d	usa	0	3	0	5.33
puzzle 3 d	ven	0	1	0	5
puzzle 3 d action	fra	0	1	0	11
puzzle 3 d action	lux	0	1	0	8
puzzle 3 d bois	fra	0	5	0	15.4
puzzle 3 d en bois	fra	0	1	0	22
puzzle 3 d voiture	fra	0	2	0	6
puzzle 3d	afg	0	1	0	4
puzzle 3d	alb	0	5	0	4.4
puzzle 3d	and	0	1	0	7
puzzle 3d	are	0	8	0	4.5
puzzle 3d	arg	0	53	0	6.62
puzzle 3d	aus	0	60	0	5.35
puzzle 3d	aut	0	10	0	5.1
puzzle 3d	bgd	0	22	0	10.59
puzzle 3d	bgr	0	7	0	5.43
puzzle 3d	bol	0	6	0	5.5
puzzle 3d	bra	0	114	0	6.05
puzzle 3d	btn	0	2	0	13.5
puzzle 3d	can	0	214	0	6.07
puzzle 3d	che	0	268	0	5.66
puzzle 3d	chl	0	125	0	7.42
puzzle 3d	chn	0	2	0	6.5
puzzle 3d	cmr	0	4	0	3.5
puzzle 3d	cod	0	1	0	4
puzzle 3d	col	0	87	0	6.37
puzzle 3d	cri	0	9	0	4.78
puzzle 3d	cyp	0	2	0	4
puzzle 3d	cze	0	60	0	6
puzzle 3d	deu	0	130	0	4.77
puzzle 3d	dnk	0	5	0	4.4
puzzle 3d	dom	0	5	0	4.4
puzzle 3d	dza	0	14	0	4.57
puzzle 3d	ecu	0	7	0	3.43
puzzle 3d	egy	0	35	0	4.09
puzzle 3d	esp	0	125	0	11.14
puzzle 3d	est	0	1	0	7
puzzle 3d	fin	0	5	0	8
puzzle 3d	fro	0	2	0	9
puzzle 3d	gbr	0	179	0	8.29
puzzle 3d	gha	0	2	0	10.5
puzzle 3d	gin	0	1	0	3
puzzle 3d	glp	0	3	0	3.67
puzzle 3d	gmb	0	1	0	23
puzzle 3d	grc	0	26	0	5.15
puzzle 3d	gtm	0	6	0	5.33
puzzle 3d	guf	0	1	0	4
puzzle 3d	guy	0	1	0	5
puzzle 3d	hkg	0	2	0	5.5
puzzle 3d	hnd	0	1	0	6
puzzle 3d	hrv	0	6	0	3.67
puzzle 3d	hun	0	22	0	7.27
puzzle 3d	ind	0	110	0	6.02
puzzle 3d	irl	0	14	0	5.14
puzzle 3d	irn	0	4	0	3.5
puzzle 3d	irq	0	11	0	7.64
puzzle 3d	isl	0	1	0	7
puzzle 3d	isr	0	20	0	5.05
puzzle 3d	ita	0	278	0	7.97
puzzle 3d	jam	0	3	0	6
puzzle 3d	jor	0	3	0	2.67
puzzle 3d	jpn	0	3	0	7.67
puzzle 3d	kaz	0	4	0	6.5
puzzle 3d	ken	0	1	0	12
puzzle 3d	kor	0	10	0	8.9
puzzle 3d	kwt	0	1	0	2
puzzle 3d	lby	0	1	0	4
puzzle 3d	lka	0	1	0	8
puzzle 3d	ltu	0	5	0	5.4
puzzle 3d	lux	0	8	0	4.38
puzzle 3d	mar	0	14	0	3.57
puzzle 3d	mda	0	27	0	5.7
puzzle 3d	mdg	0	3	0	3
puzzle 3d	mdv	0	2	0	3
puzzle 3d	mex	0	133	0	7.1
puzzle 3d	mkd	0	2	0	6
puzzle 3d	mng	0	2	0	16
puzzle 3d	moz	0	8	0	3.88
puzzle 3d	mtq	0	7	0	4.71
puzzle 3d	mus	0	1	0	3
puzzle 3d	mys	0	30	0	5.2
puzzle 3d	ncl	0	6	0	4.33
puzzle 3d	nga	0	4	0	4.5
puzzle 3d	nld	0	112	0	13.83
puzzle 3d	nor	0	19	0	5.37
puzzle 3d	npl	0	4	0	6.5
puzzle 3d	nzl	0	1	0	5
puzzle 3d	pak	0	9	0	5.89
puzzle 3d	pan	0	4	0	5
puzzle 3d	per	0	44	0	4.7
puzzle 3d	phl	0	45	0	7.98
puzzle 3d	pri	0	3	0	6
puzzle 3d	prt	0	30	0	5.63
puzzle 3d	pry	0	1	0	5
puzzle 3d	pse	0	3	0	5
puzzle 3d	pyf	0	2	0	7.5
puzzle 3d	qat	0	3	0	5.67
puzzle 3d	rou	0	242	0	8.79
puzzle 3d	rus	0	9	0	8.33
puzzle 3d	rwa	0	1	0	5
puzzle 3d	sau	0	15	0	7.13
puzzle 3d	sen	0	2	0	3.5
puzzle 3d	sgp	0	3	0	5.67
puzzle 3d	sle	0	1	0	4
puzzle 3d	smr	0	1	0	4
puzzle 3d	srb	0	5	0	4.8
puzzle 3d	svk	0	25	0	5.48
puzzle 3d	swe	0	18	0	6.44
puzzle 3d	syr	0	13	0	4.38
puzzle 3d	tgo	0	1	0	31
puzzle 3d	tha	0	15	0	6
puzzle 3d	tun	0	16	0	4.56
puzzle 3d	tur	0	19	0	5.32
puzzle 3d	twn	0	3	0	5.67
puzzle 3d	tza	0	1	0	6
puzzle 3d	ukr	0	5	0	6
puzzle 3d	ury	0	26	0	5.62
puzzle 3d	usa	0	232	0	8.27
puzzle 3d	uzb	0	7	0	4.57
puzzle 3d	ven	0	12	0	9.08
puzzle 3d	vnm	0	21	0	5.57
puzzle 3d	zaf	0	6	0	7
puzzle 3d 500 elementów	pol	0	1	0	22
puzzle 3d action	bel	0	7	0	8.57
puzzle 3d action	esp	0	8	0	9.62
puzzle 3d action	fra	0	93	0	9.25
puzzle 3d action	ita	0	4	0	10.75
puzzle 3d action	lux	0	2	0	7.5
puzzle 3d action	prt	0	4	0	8.25
puzzle 3d adulte difficile	arg	0	1	0	3
puzzle 3d adulte difficile	aus	0	1	0	2
puzzle 3d adulte difficile	can	0	1	0	2
puzzle 3d adulte difficile	che	0	2	0	3.5
puzzle 3d adulte difficile	col	0	2	0	25.5
puzzle 3d adulte difficile	egy	0	1	0	3
puzzle 3d adulte difficile	fra	0	83	0	6.58
puzzle 3d adulte difficile	gbr	0	3	0	22.33
puzzle 3d adulte difficile	ind	0	3	0	15
puzzle 3d adulte difficile	tur	0	2	0	13
puzzle 3d adulte difficile	usa	0	3	0	11.33
puzzle 3d adulte difficile	ven	0	1	0	3
puzzle 3d animales	esp	0	5	0	1
puzzle 3d animali	ita	0	45	0	7.24
puzzle 3d architecture	fra	0	2	0	8.5
puzzle 3d architecture	ita	0	1	0	7
puzzle 3d architecture	tun	0	1	0	5
puzzle 3d architektura	pol	0	12	0	1.83
puzzle 3d architektura	ukr	0	1	0	1
puzzle 3d architektura	usa	0	1	0	1
puzzle 3d auta	bgd	0	1	0	43
puzzle 3d auto	cze	0	3	0	4.67
puzzle 3d auto	esp	0	1	0	10
puzzle 3d auto	ita	0	48	0	5.67
puzzle 3d autobus	pol	0	1	0	4
puzzle 3d avion	esp	0	7	0	3.86
puzzle 3d avion	fra	0	2	0	1
puzzle 3d avion	pan	0	1	0	1
puzzle 3d avion	rou	0	1	0	14
puzzle 3d barca	deu	0	1	0	1
puzzle 3d barca	ita	0	2	0	2
puzzle 3d barco	esp	0	7	0	8.86
puzzle 3d bateau	bgd	0	1	0	24
puzzle 3d bateau	fra	0	18	0	23.67
puzzle 3d bateau	gbr	0	1	0	36
puzzle 3d bateau	jam	0	1	0	25
puzzle 3d bateau	lby	0	1	0	19
puzzle 3d bateau	sau	0	1	0	16
puzzle 3d bateau	syr	0	2	0	19
puzzle 3d bateau	tur	0	1	0	19
puzzle 3d bateau	usa	0	2	0	33.5
puzzle 3d bateau	ven	0	1	0	39
puzzle 3d biblioteca	rou	0	6	0	11
puzzle 3d bois	alb	0	1	0	35
puzzle 3d bois	aus	0	1	0	35
puzzle 3d bois	aze	0	1	0	25
puzzle 3d bois	bel	0	21	0	20.29
puzzle 3d bois	bfa	0	2	0	20.5
puzzle 3d bois	bgd	0	3	0	31
puzzle 3d bois	bhr	0	2	0	33
puzzle 3d bois	bra	0	5	0	33.8
puzzle 3d bois	can	0	3	0	19.33
puzzle 3d bois	che	0	10	0	17.3
puzzle 3d bois	col	0	3	0	21.67
puzzle 3d bois	deu	0	1	0	32
puzzle 3d bois	esp	0	4	0	27.75
puzzle 3d bois	fra	0	305	0	24.31
puzzle 3d bois	gbr	0	8	0	28.5
puzzle 3d bois	gha	0	1	0	35
puzzle 3d bois	hnd	0	3	0	34.33
puzzle 3d bois	idn	0	1	0	24
puzzle 3d bois	ind	0	3	0	27.33
puzzle 3d bois	irq	0	3	0	30.67
puzzle 3d bois	ita	0	2	0	17
puzzle 3d bois	jam	0	4	0	23
puzzle 3d bois	jor	0	2	0	31
puzzle 3d bois	ken	0	3	0	39
puzzle 3d bois	kgz	0	1	0	25
puzzle 3d bois	mex	0	1	0	32
puzzle 3d bois	nga	0	1	0	25
puzzle 3d bois	pak	0	2	0	28.5
puzzle 3d bois	phl	0	1	0	25
puzzle 3d bois	sau	0	1	0	25
puzzle 3d bois	som	0	3	0	23.33
puzzle 3d bois	sur	0	1	0	22
puzzle 3d bois	syr	0	1	0	25
puzzle 3d bois	tha	0	1	0	25
puzzle 3d bois	tto	0	1	0	31
puzzle 3d bois	tur	0	6	0	27.83
puzzle 3d bois	uga	0	1	0	25
puzzle 3d bois	ury	0	1	0	26
puzzle 3d bois	usa	0	28	0	27.14
puzzle 3d bois	uzb	0	2	0	36.5
puzzle 3d bois	ven	0	2	0	25
puzzle 3d bois	zaf	0	2	0	29
puzzle 3d bois - action	fra	0	3	0	6.67
puzzle 3d bois action	bel	0	2	0	9
puzzle 3d bois action	fra	0	14	0	7.43
puzzle 3d bois animaux	fra	0	1	0	58
puzzle 3d bois difficile	che	0	1	0	11
puzzle 3d bois difficile	fra	0	7	0	9.86
puzzle 3d bois mecanique	fra	0	1	0	43
puzzle 3d bois moto	fra	0	12	0	6.33
puzzle 3d bois mécanique	fra	0	1	0	12
puzzle 3d bois rokr	fra	0	1	0	16
puzzle 3d bonsai	esp	0	2	0	6
puzzle 3d bonsai	fra	0	1	0	2
puzzle 3d bonsai	ita	0	1	0	1
puzzle 3d bonsai	pol	0	2	0	11
puzzle 3d budowle	pol	0	6	0	28.5
puzzle 3d budowle	usa	0	1	0	30
puzzle 3d budynki	pol	0	1	0	2
puzzle 3d building	ukr	0	1	0	2
puzzle 3d cars	esp	0	1	0	34
puzzle 3d cars	gbr	0	1	0	55
puzzle 3d cars	ita	0	8	0	9
puzzle 3d cars	pol	0	1	0	19
puzzle 3d coche	esp	0	17	0	10.24
puzzle 3d coche	gbr	0	1	0	14
puzzle 3d coche	ita	0	1	0	7
puzzle 3d coches	esp	0	12	0	11.42
puzzle 3d coliseo	esp	0	1	0	42
puzzle 3d coliseo romano	esp	0	5	0	15.6
puzzle 3d coliseo romano	prt	0	1	0	1
puzzle 3d colisée	fra	0	2	0	9.5
puzzle 3d colisée	gbr	0	1	0	1
puzzle 3d colosseo	ita	0	23	0	10.26
puzzle 3d con led	ita	0	5	0	6.6
puzzle 3d czołg	nld	0	1	0	6
puzzle 3d czołg	pol	0	14	0	6.57
puzzle 3d czołg	usa	0	1	0	14
puzzle 3d de madera	arg	0	1	0	1
puzzle 3d de madera	cri	0	2	0	4
puzzle 3d de madera	esp	0	42	0	6.12
puzzle 3d de madera	fra	0	1	0	2
puzzle 3d de madera	mex	0	2	0	3
puzzle 3d de madera	per	0	1	0	1
puzzle 3d de madera	usa	0	1	0	7
puzzle 3d difficile	che	0	1	0	18
puzzle 3d difficile	fra	0	10	0	11.9
puzzle 3d dinosauri	ita	0	3	0	22.33
puzzle 3d dla dorosłych	arg	0	1	0	2
puzzle 3d dla dorosłych	bel	0	1	0	4
puzzle 3d dla dorosłych	bra	0	2	0	3.5
puzzle 3d dla dorosłych	cyp	0	1	0	3
puzzle 3d dla dorosłych	deu	0	20	0	2.9
puzzle 3d dla dorosłych	fra	0	1	0	2
puzzle 3d dla dorosłych	nld	0	2	0	2
puzzle 3d dla dorosłych	nor	0	2	0	2.5
puzzle 3d dla dorosłych	pol	0	526	0	3.98
puzzle 3d dla dorosłych	prt	0	1	0	3
puzzle 3d dla dorosłych	swe	0	1	0	2
puzzle 3d dla dorosłych	usa	0	3	0	3.33
puzzle 3d dla dziewczynki	pol	0	1	0	8
puzzle 3d drewniane	bgr	0	1	0	2
puzzle 3d drewniane	deu	0	2	0	4
puzzle 3d drewniane	hrv	0	1	0	4
puzzle 3d drewniane	mys	0	1	0	2
puzzle 3d drewniane	pol	0	148	0	4.06
puzzle 3d drewniane	usa	0	1	0	2
puzzle 3d drewniane dla dorosłych	pol	0	39	0	2.38
puzzle 3d drewniane dla dorosłych	usa	0	1	0	2
puzzle 3d duże	pol	0	3	0	23
puzzle 3d edificios	esp	0	19	0	9.21
puzzle 3d educa stegosaurus	bgd	0	1	0	3
puzzle 3d eiffel tower	ita	0	1	0	12
puzzle 3d em madeira	prt	0	2	0	3
puzzle 3d en bois	arg	0	1	0	1
puzzle 3d en bois	bel	0	28	0	17.43
puzzle 3d en bois	bgr	0	1	0	41
puzzle 3d en bois	bih	0	1	0	21
puzzle 3d en bois	che	0	23	0	20.39
puzzle 3d en bois	civ	0	1	0	1
puzzle 3d en bois	deu	0	2	0	11
puzzle 3d en bois	esp	0	5	0	25.2
puzzle 3d en bois	eth	0	1	0	41
puzzle 3d en bois	fra	0	85	0	12.65
puzzle 3d en bois	hrv	0	2	0	27.5
puzzle 3d en bois	hun	0	1	0	41
puzzle 3d en bois	idn	0	2	0	37
puzzle 3d en bois	ind	0	4	0	14.25
puzzle 3d en bois	irq	0	2	0	27.5
puzzle 3d en bois	ita	0	5	0	31
puzzle 3d en bois	jor	0	2	0	26.5
puzzle 3d en bois	mex	0	2	0	26.5
puzzle 3d en bois	nld	0	1	0	1
puzzle 3d en bois	phl	0	3	0	9.67
puzzle 3d en bois	pry	0	2	0	31.5
puzzle 3d en bois	sau	0	2	0	27
puzzle 3d en bois	som	0	1	0	31
puzzle 3d en bois	syr	0	2	0	31.5
puzzle 3d en bois	tun	0	1	0	23
puzzle 3d en bois	tur	0	1	0	41
puzzle 3d en bois	ury	0	1	0	1
puzzle 3d en bois	usa	0	10	0	27.5
puzzle 3d en bois rokr dream gift factory	pol	0	1	0	3
puzzle 3d fiori	ita	0	9	0	4.22
puzzle 3d fleur	fra	0	1	0	34
puzzle 3d fleurs rowood	fra	0	9	0	2.89
puzzle 3d flores	prt	0	3	0	7.33
puzzle 3d giapponese	che	0	1	0	9
puzzle 3d giapponese	ita	0	8	0	5.38
puzzle 3d globus	idn	0	1	0	11
puzzle 3d globus	pol	0	14	0	5.93
puzzle 3d globus	usa	0	2	0	11
puzzle 3d holz	bra	0	2	0	16
puzzle 3d holz	deu	0	15	0	4.53
puzzle 3d holz	hun	0	1	0	21
puzzle 3d holz	nga	0	1	0	16
puzzle 3d illuminati	ita	0	1	0	24
puzzle 3d in legno	deu	0	2	0	3
puzzle 3d in legno	ita	0	67	0	8.13
puzzle 3d in legno	nga	0	1	0	2
puzzle 3d in legno	usa	0	1	0	5
puzzle 3d in legno per adulti	ita	0	1	0	25
puzzle 3d japan	deu	0	1	0	12
puzzle 3d japan	pol	0	3	0	2.67
puzzle 3d japonais	fra	0	4	0	11.5
puzzle 3d japonia	pol	0	4	0	4
puzzle 3d katedra notre dame	ltu	0	1	0	1
puzzle 3d katedra notre dame	pol	0	23	0	1.35
puzzle 3d kawasaki	fin	0	1	0	12
puzzle 3d kawasaki	pol	0	1	0	28
puzzle 3d koloseum	pol	0	8	0	7.12
puzzle 3d koloseum	usa	0	1	0	11
puzzle 3d krzywa wieża w pizie	pol	0	2	0	10.5
puzzle 3d kwiaty	bel	0	1	0	5
puzzle 3d kwiaty	deu	0	2	0	3
puzzle 3d kwiaty	nld	0	1	0	4
puzzle 3d legno	bgr	0	1	0	8
puzzle 3d legno	bra	0	1	0	21
puzzle 3d legno	che	0	2	0	2
puzzle 3d legno	fra	0	1	0	3
puzzle 3d legno	mar	0	1	0	18
puzzle 3d legno	nld	0	1	0	2
puzzle 3d lemn	nld	0	2	0	3.5
puzzle 3d lemn	rou	0	62	0	5.37
puzzle 3d lemn	usa	0	1	0	3
puzzle 3d libreria	ita	0	2	0	11
puzzle 3d lion	fra	0	3	0	1.67
puzzle 3d lokomotywa	deu	0	1	0	6
puzzle 3d lokomotywa	pol	0	13	0	8.23
puzzle 3d lokomotywa	usa	0	1	0	21
puzzle 3d londyn	pol	0	3	0	25
puzzle 3d macchine	ita	0	10	0	4.4
puzzle 3d madeira	bra	0	3	0	4.33
puzzle 3d madeira	che	0	2	0	3
puzzle 3d madeira	chn	0	1	0	4
puzzle 3d madeira	deu	0	1	0	4
puzzle 3d madeira	jpn	0	1	0	4
puzzle 3d madeira	nld	0	1	0	2
puzzle 3d madeira	prt	0	47	0	2.77
puzzle 3d madeira	rou	0	1	0	2
puzzle 3d madera	and	0	1	0	4
puzzle 3d madera	arg	0	7	0	5.57
puzzle 3d madera	chl	0	20	0	5.9
puzzle 3d madera	col	0	20	0	4.4
puzzle 3d madera	cri	0	3	0	3.33
puzzle 3d madera	deu	0	1	0	5
puzzle 3d madera	dom	0	2	0	3
puzzle 3d madera	gbr	0	1	0	3
puzzle 3d madera	hnd	0	1	0	2
puzzle 3d madera	ita	0	1	0	3
puzzle 3d madera	mex	0	7	0	3.29
puzzle 3d madera	nld	0	1	0	4
puzzle 3d madera	nor	0	1	0	3
puzzle 3d madera	per	0	3	0	5
puzzle 3d madera	pri	0	1	0	5
puzzle 3d madera	ury	0	3	0	4.67
puzzle 3d madera	usa	0	1	0	1
puzzle 3d madera	ven	0	1	0	2
puzzle 3d madera adultos	esp	0	4	0	8.25
puzzle 3d mappamondo	ita	0	3	0	20.67
puzzle 3d mecanic	chl	0	1	0	5
puzzle 3d mecanique	fra	0	4	0	38
puzzle 3d meccanici	ita	0	34	0	8.82
puzzle 3d monumenti	ita	0	6	0	22.67
puzzle 3d monumentos	esp	0	12	0	10.75
puzzle 3d moto	esp	0	1	0	4
puzzle 3d moto	fra	0	37	0	2.92
puzzle 3d moto	ita	0	4	0	2.75
puzzle 3d moto	prt	0	1	0	4
puzzle 3d mécanique	fra	0	2	0	25
puzzle 3d noel	che	0	1	0	1
puzzle 3d noel	fra	0	2	0	1
puzzle 3d notre dame	esp	0	7	0	7.57
puzzle 3d notre dame	pol	0	39	0	7.51
puzzle 3d piano	esp	0	1	0	1
puzzle 3d piano	prt	0	2	0	9
puzzle 3d pociąg	pol	0	10	0	4.5
puzzle 3d ravensburger colosseo	ita	0	4	0	40.75
puzzle 3d robotime	esp	0	2	0	11.5
puzzle 3d rokr	chl	0	1	0	20
puzzle 3d rokr	esp	0	3	0	4
puzzle 3d rokr	fra	0	3	0	7.67
puzzle 3d rokr	ita	0	8	0	2.12
puzzle 3d rolife	esp	0	9	0	11.44
puzzle 3d rolife	ita	0	5	0	8.4
puzzle 3d rolife	pol	0	3	0	3
puzzle 3d roma	arg	0	1	0	3
puzzle 3d roma	esp	0	4	0	10.5
puzzle 3d roma	ita	0	4	0	4.5
puzzle 3d rower	pol	0	5	0	15.4
puzzle 3d sagrada familia	esp	0	47	0	2.57
puzzle 3d sagrada familia	fra	0	13	0	2.62
puzzle 3d sagrada familia	ita	0	10	0	2.2
puzzle 3d sagrada familia	ltu	0	1	0	1
puzzle 3d sagrada familia	pol	0	15	0	1.27
puzzle 3d sagrada familia	rou	0	3	0	3.33
puzzle 3d sagrada familia	svk	0	1	0	1
puzzle 3d sagrada familia	swe	0	1	0	1
puzzle 3d samochody	pol	0	1	0	48
puzzle 3d samolot	deu	0	1	0	6
puzzle 3d samolot	gbr	0	1	0	7
puzzle 3d samolot	pol	0	41	0	7.59
puzzle 3d samolot	usa	0	1	0	39
puzzle 3d sistema solar	esp	0	7	0	2.71
puzzle 3d sistema solare	ita	0	11	0	6.55
puzzle 3d statek	pol	0	1	0	15
puzzle 3d sterowiec	pol	0	1	0	27
puzzle 3d t rex	fra	0	1	0	2
puzzle 3d t rex	ita	0	1	0	3
puzzle 3d torre de pisa	esp	0	3	0	8.67
puzzle 3d torre di pisa	ita	0	1	0	7
puzzle 3d torre eiffel	ita	0	65	0	10.86
puzzle 3d torre eiffel	phl	0	1	0	13
puzzle 3d torre eiffel con luz	esp	0	1	0	30
puzzle 3d torre eiffel istruzioni	ita	0	2	0	8.5
puzzle 3d tower bridge	esp	0	1	0	1
puzzle 3d tower bridge	ita	0	1	0	1
puzzle 3d tower bridge	pol	0	10	0	8.5
puzzle 3d układ słoneczny	pol	0	13	0	4.46
puzzle 3d układ słoneczny	usa	0	1	0	1
puzzle 3d voiture	arg	0	1	0	23
puzzle 3d voiture	bel	0	4	0	29
puzzle 3d voiture	bgd	0	1	0	12
puzzle 3d voiture	bra	0	2	0	22
puzzle 3d voiture	che	0	2	0	16
puzzle 3d voiture	chn	0	1	0	41
puzzle 3d voiture	civ	0	1	0	14
puzzle 3d voiture	deu	0	1	0	22
puzzle 3d voiture	dom	0	1	0	12
puzzle 3d voiture	ecu	0	1	0	11
puzzle 3d voiture	esp	0	1	0	42
puzzle 3d voiture	fra	0	199	0	19.59
puzzle 3d voiture	gbr	0	3	0	25.33
puzzle 3d voiture	hkg	0	1	0	22
puzzle 3d voiture	hnd	0	1	0	14
puzzle 3d voiture	idn	0	1	0	22
puzzle 3d voiture	ind	0	3	0	22.67
puzzle 3d voiture	irq	0	2	0	23
puzzle 3d voiture	jam	0	2	0	13
puzzle 3d voiture	lby	0	1	0	22
puzzle 3d voiture	mar	0	1	0	13
puzzle 3d voiture	nic	0	1	0	23
puzzle 3d voiture	omn	0	3	0	22.33
puzzle 3d voiture	pak	0	3	0	19
puzzle 3d voiture	phl	0	2	0	27
puzzle 3d voiture	rus	0	1	0	13
puzzle 3d voiture	sau	0	1	0	6
puzzle 3d voiture	srb	0	1	0	12
puzzle 3d voiture	syr	0	1	0	13
puzzle 3d voiture	tha	0	1	0	23
puzzle 3d voiture	tjk	0	1	0	21
puzzle 3d voiture	tto	0	1	0	21
puzzle 3d voiture	tur	0	2	0	34
puzzle 3d voiture	ukr	0	2	0	17.5
puzzle 3d voiture	usa	0	10	0	25.4
puzzle 3d voiture	ven	0	4	0	24.5
puzzle 3d voiture de course	can	0	1	0	2
puzzle 3d voiture de course	fra	0	19	0	2.63
puzzle 3d voiture de course	gbr	0	1	0	3
puzzle 3d warszawa	pol	0	11	0	7
puzzle 3d wieza eiffla	pol	0	4	0	2.25
puzzle 3d wieża eiffla	ltu	0	1	0	16
puzzle 3d wieża eiffla	pol	0	12	0	9
puzzle 3d wieża eiffla led	pol	0	9	0	2.67
puzzle 3d wood	bel	0	1	0	1
puzzle 3d wood	esp	0	2	0	4
puzzle 3d wood	fra	0	1	0	18
puzzle 3d wood	ita	0	4	0	1
puzzle 3d wooden	pol	0	1	0	3
puzzle 3d z drewna	deu	0	1	0	2
puzzle 3d z drewna	gbr	0	4	0	2.25
puzzle 3d z drewna	pol	0	44	0	4.57
puzzle 3d z drewna	usa	0	1	0	3
puzzle 3d zegar	bel	0	1	0	10
puzzle 3d zegar	pol	0	2	0	11.5
puzzle 3d zwierzeta	pol	0	2	0	8.5
puzzle 3d zwierzęta	deu	0	2	0	8.5
puzzle 3d zwierzęta	gbr	0	1	0	7
puzzle 3d zwierzęta	ltu	0	1	0	6
puzzle 3d zwierzęta	pol	0	36	0	7.11
puzzle action 3d	fra	0	6	0	7.83
puzzle action 3d	pol	0	1	0	22
puzzle aerei	ita	0	12	0	17.92
puzzle animali legno	ita	0	2	0	22.5
puzzle ape	ita	0	1	0	1
puzzle architecture	fra	0	3	0	4.33
puzzle architecture	gbr	0	1	0	11
puzzle architecture	ind	0	2	0	7
puzzle architecture	irq	0	1	0	3
puzzle architecture	ita	0	1	0	24
puzzle architecture	ltu	0	1	0	1
puzzle architecture	nld	0	1	0	6
puzzle architecture	phl	0	1	0	4
puzzle architecture	sgp	0	1	0	7
puzzle architecture	syr	0	1	0	26
puzzle architecture	tha	0	1	0	5
puzzle architektura	che	0	1	0	3
puzzle architektura	cze	0	2	0	3
puzzle architektura	deu	0	1	0	3
puzzle architektura	gbr	0	1	0	1
puzzle architektura	ita	0	1	0	1
puzzle arquitectura	chl	0	1	0	6
puzzle arquitectura	esp	0	8	0	6.62
puzzle auta	cze	0	5	0	37.4
puzzle auta	ita	0	1	0	31
puzzle auto	cze	0	7	0	14.14
puzzle auto	esp	0	6	0	4.33
puzzle auto	ita	0	2	0	17.5
puzzle auto 3d	cze	0	3	0	8
puzzle auto 3d	gbr	0	1	0	13
puzzle auto 3d	ita	0	9	0	4.67
puzzle autobus	ita	0	8	0	6.12
puzzle automobili	ita	0	3	0	7.67
puzzle avion	esp	0	8	0	2.38
puzzle bergseen	aut	0	1	0	31
puzzle bibliothek	deu	0	1	0	16
puzzle bienen	arg	0	1	0	24
puzzle big ben	hun	0	1	0	17
puzzle blumen	deu	0	6	0	32.17
puzzle blumen	fin	0	1	0	31
puzzle blumen	ind	0	1	0	24
puzzle blumen	ukr	0	1	0	31
puzzle blumenmotiv	bgd	0	1	0	25
puzzle blumensträuße	deu	0	1	0	31
puzzle blumensträuße	idn	0	1	0	35
puzzle bois 3d	aus	0	1	0	28
puzzle bois 3d	bel	0	10	0	11.7
puzzle bois 3d	bra	0	1	0	41
puzzle bois 3d	can	0	1	0	4
puzzle bois 3d	che	0	2	0	9
puzzle bois 3d	fra	0	29	0	21.97
puzzle bois 3d	prt	0	1	0	26
puzzle bois 3d	zaf	0	1	0	25
puzzle bois action	bel	0	3	0	9.33
puzzle bois action	fra	0	27	0	8.93
puzzle bois pas cher	fra	0	3	0	22
puzzle bonsai	aut	0	1	0	12
puzzle bonsai	deu	0	2	0	4.5
puzzle bonsai	esp	0	3	0	10.67
puzzle bonsai	hun	0	1	0	1
puzzle bonsai	ita	0	2	0	1
puzzle bonsai	nld	0	1	0	10
puzzle bonsai	pol	0	1	0	12
puzzle bookstore	cze	0	4	0	10.25
puzzle bookstore	mar	0	1	0	2
puzzle bookstore	prt	0	8	0	13.62
puzzle bookstore	rou	0	9	0	12
puzzle brandenburg	cym	0	1	0	36
puzzle brandenburg	deu	0	1	0	14
puzzle brandenburg	idn	0	1	0	13
puzzle brandenburg	ind	0	1	0	26
puzzle brandenburg	slv	0	1	0	20
puzzle brandenburger tor	arg	0	1	0	5
puzzle brandenburger tor	arm	0	2	0	6
puzzle brandenburger tor	bgd	0	1	0	4
puzzle brandenburger tor	bra	0	1	0	5
puzzle brandenburger tor	deu	0	4	0	5.25
puzzle brandenburger tor	gbr	0	1	0	4
puzzle brandenburger tor	ita	0	1	0	11
puzzle brandenburger tor	ken	0	2	0	7
puzzle brandenburger tor	phl	0	1	0	8
puzzle brandenburger tor	ukr	0	1	0	5
puzzle brandenburger tor	vnm	0	1	0	5
puzzle brücken & brunnen	deu	0	1	0	25
puzzle buildings	nld	0	2	0	22.5
puzzle bücherei	deu	0	1	0	8
puzzle camion	ita	0	4	0	7.75
puzzle chalet montagne	ita	0	1	0	9
puzzle clock	esp	0	3	0	31.33
puzzle coche	esp	0	2	0	19
puzzle coche 3d	esp	0	13	0	11.23
puzzle coches	esp	0	1	0	23
puzzle coliseo	esp	0	1	0	31
puzzle coliseo romano	esp	0	2	0	38
puzzle colisée	fra	0	1	0	31
puzzle coloseum	deu	0	1	0	9
puzzle colosseo	ita	0	3	0	37.67
puzzle colosseo 3d	ita	0	8	0	10.88
puzzle colosseum	arg	0	2	0	6
puzzle colosseum	deu	0	1	0	13
puzzle colosseum	ind	0	4	0	7.25
puzzle colosseum	kor	0	1	0	6
puzzle colosseum	mys	0	1	0	8
puzzle colosseum	rou	0	1	0	1
puzzle coming together	gbr	0	1	0	2
puzzle creative stem	deu	0	1	0	5
puzzle cruise ship	pol	0	1	0	23
puzzle cu flori	ita	0	2	0	20.5
puzzle czołg	nor	0	1	0	28
puzzle czołg	pol	0	2	0	13
puzzle de coches	esp	0	2	0	19.5
puzzle de flores	esp	0	6	0	14.17
puzzle de madeira 3d	bra	0	4	0	1.25
puzzle de madeira 3d	prt	0	9	0	2.44
puzzle de madera 3d	chl	0	1	0	1
puzzle de madera 3d	col	0	1	0	2
puzzle de madera 3d	cri	0	1	0	1
puzzle de madera 3d	dom	0	1	0	1
puzzle de madera 3d	ecu	0	4	0	1
puzzle de madera 3d	esp	0	77	0	1.48
puzzle de madera 3d	fra	0	1	0	2
puzzle de madera 3d	isr	0	1	0	2
puzzle de madera 3d	mex	0	1	0	1
puzzle de madera 3d	nld	0	1	0	2
puzzle de madera 3d	per	0	1	0	1
puzzle de madera 3d	pol	0	1	0	1
puzzle de madera 3d	ury	0	3	0	3.67
puzzle de roma	esp	0	1	0	38
puzzle de sonidos de madera vehículos	esp	0	1	0	23
puzzle di legno	ita	0	5	0	7.8
puzzle di legno 3d	che	0	1	0	3
puzzle di legno 3d	ita	0	33	0	2.79
puzzle di legno 3d	nld	0	1	0	2
puzzle dla dorosłych 3d	deu	0	1	0	31
puzzle dla dorosłych 3d	pol	0	19	0	5.21
puzzle dla dorosłych 3d	usa	0	1	0	7
puzzle drevene	cze	0	3	0	19.67
puzzle drevené	cze	0	3	0	17.67
puzzle drewniane 3d	ago	0	1	0	5
puzzle drewniane 3d	deu	0	2	0	3.5
puzzle drewniane 3d	fra	0	3	0	5.33
puzzle drewniane 3d	idn	0	1	0	18
puzzle drewniane 3d	nld	0	1	0	2
puzzle drewniane 3d	usa	0	1	0	5
puzzle drewniane 3d dla dorosłych	pol	0	2	0	22
puzzle drewniane 3d dla dorosłych	usa	0	1	0	21
puzzle drewniane 3d dla dzieci	pol	0	2	0	11.5
puzzle drewniane producent	pol	0	6	0	42.33
puzzle dřevěné	cze	0	8	0	15.75
puzzle ed	usa	0	1	0	8
puzzle eiffelova věž	cze	0	2	0	18.5
puzzle elefant	deu	0	2	0	23
puzzle elefante	esp	0	1	0	31
puzzle elefante	ita	0	3	0	15.67
puzzle elefante madera	esp	0	5	0	13.4
puzzle elefanten	cog	0	1	0	27
puzzle elefanten	deu	0	3	0	26.67
puzzle elefanten	ind	0	2	0	29.5
puzzle elefanten	lbn	0	1	0	27
puzzle elefanten	npl	0	1	0	25
puzzle em 3d	bra	0	1	0	1
puzzle en 3d	aus	0	3	0	3.33
puzzle en 3d	aut	0	1	0	3
puzzle en 3d	bel	0	5	0	2.4
puzzle en 3d	bgd	0	2	0	3
puzzle en 3d	bra	0	1	0	3
puzzle en 3d	can	0	66	0	3.94
puzzle en 3d	che	0	54	0	3.19
puzzle en 3d	col	0	2	0	3
puzzle en 3d	cri	0	1	0	4
puzzle en 3d	dom	0	1	0	3
puzzle en 3d	ecu	0	1	0	2
puzzle en 3d	esp	0	7	0	7.43
puzzle en 3d	fra	0	233	0	3.22
puzzle en 3d	gbr	0	1	0	2
puzzle en 3d	idn	0	2	0	3
puzzle en 3d	ind	0	2	0	2.5
puzzle en 3d	mex	0	1	0	5
puzzle en 3d	mtq	0	3	0	4
puzzle en 3d	mus	0	1	0	4
puzzle en 3d	nld	0	28	0	2.89
puzzle en 3d	npl	0	1	0	2
puzzle en 3d	phl	0	1	0	2
puzzle en 3d	pol	0	2	0	2
puzzle en 3d	pry	0	2	0	2.5
puzzle en 3d	pse	0	1	0	2
puzzle en 3d	ukr	0	1	0	3
puzzle en 3d	ury	0	1	0	5
puzzle en 3d	usa	0	6	0	3.17
puzzle en 3d	vnm	0	1	0	3
puzzle en 3d	zaf	0	1	0	2
puzzle en bois 3d	bel	0	7	0	11.86
puzzle en bois 3d	can	0	1	0	5
puzzle en bois 3d	che	0	3	0	7.67
puzzle en bois 3d	fra	0	17	0	16.18
puzzle en bois action	fra	0	42	0	7.62
puzzle en bois lion	fra	0	1	0	33
puzzle en bois pas cher	fra	0	3	0	6.33
puzzle en bois véhicule	fra	0	5	0	6.6
puzzle fa	deu	0	1	0	9
puzzle fa	hun	0	4	0	8
puzzle fa	tha	0	1	0	7
puzzle familia	fra	0	1	0	2
puzzle fiat	cze	0	10	0	9.8
puzzle fiat	ita	0	2	0	16.5
puzzle fiori	ita	0	2	0	19.5
puzzle flamenco	esp	0	1	0	2
puzzle flamingo	deu	0	1	0	24
puzzle flamingo	fra	0	1	0	1
puzzle flamingo	hun	0	1	0	3
puzzle flamingo	pri	0	2	0	2
puzzle flamingo	rou	0	2	0	1
puzzle flamingos	deu	0	1	0	33
puzzle flamingos	ind	0	2	0	31.5
puzzle flamingos	ita	0	1	0	33
puzzle flora	ukr	0	1	0	10
puzzle flores	esp	0	12	0	13.08
puzzle flores 3d	esp	0	18	0	4.89
puzzle flores 3d	prt	0	2	0	10
puzzle flower	nld	0	1	0	5
puzzle flower	svn	0	1	0	6
puzzle flowers	esp	0	1	0	55
puzzle fából	hun	0	9	0	6.33
puzzle gate	geo	0	1	0	5
puzzle gate	srb	0	1	0	2
puzzle gate	usa	0	1	0	11
puzzle gate	vnm	0	1	0	2
puzzle geschichte	che	0	1	0	19
puzzle giapponese	ita	0	1	0	10
puzzle giapponesi	ita	0	1	0	11
puzzle giraffa	ita	0	26	0	8.81
puzzle giraffe	ita	0	2	0	6.5
puzzle globe	ita	0	2	0	10.5
puzzle globus	cze	0	8	0	11
puzzle globus	deu	0	2	0	1
puzzle globus	pol	0	14	0	3.14
puzzle globus	usa	0	1	0	3
puzzle globus 3d	che	0	1	0	1
puzzle globus 3d	cze	0	2	0	6
puzzle globus 3d	deu	0	6	0	7
puzzle globus 3d	pol	0	8	0	3.12
puzzle guitar	ita	0	1	0	5
puzzle helicopter	fin	0	1	0	11
puzzle helicopter	fra	0	1	0	3
puzzle helikopter	che	0	1	0	1
puzzle historia	pol	0	2	0	25
puzzle holz	bgd	0	1	0	41
puzzle holz	che	0	8	0	13
puzzle holz	deu	0	46	0	13.59
puzzle holz 3d	bra	0	1	0	5
puzzle holz 3d	deu	0	16	0	6.69
puzzle holz 3d	rus	0	2	0	18.5
puzzle impresora 3d	esp	0	8	0	1.5
puzzle impresora 3d	usa	0	1	0	2
puzzle in 3 d	ita	0	2	0	1
puzzle in 3d	aus	0	1	0	2
puzzle in 3d	bhr	0	1	0	21
puzzle in 3d	bra	0	1	0	1
puzzle in 3d	che	0	5	0	1
puzzle in 3d	deu	0	28	0	5.14
puzzle in 3d	esp	0	2	0	1
puzzle in 3d	fin	0	1	0	21
puzzle in 3d	fra	0	1	0	21
puzzle in 3d	gbr	0	35	0	3.29
puzzle in 3d	ita	0	77	0	1.08
puzzle in 3d	nld	0	92	0	21.01
puzzle in 3d	phl	0	1	0	2
puzzle in 3d	prt	0	1	0	1
puzzle in 3d	swe	0	1	0	1
puzzle in 3d	tur	0	1	0	21
puzzle in 3d	usa	0	73	0	6.66
puzzle in 3d	ven	0	1	0	21
puzzle in legno	ita	0	5	0	8.8
puzzle in legno 3d	usa	0	1	0	21
puzzle instrument	usa	0	1	0	50
puzzle instrumentos musicales	esp	0	2	0	14
puzzle instrumentos musicales	ita	0	1	0	6
puzzle jeep	deu	0	1	0	13
puzzle jeep	esp	0	1	0	11
puzzle jeep	ita	0	1	0	10
puzzle jirafa	esp	0	4	0	12.25
puzzle jirafa tiger	esp	0	2	0	8.5
puzzle kayu	idn	0	2	0	18
puzzle koloseum	cze	0	3	0	9.33
puzzle koloseum	pol	0	3	0	1
puzzle kombajn	cze	0	3	0	6
puzzle kvetiny	aut	0	2	0	8.5
puzzle kvetiny	cze	0	14	0	10.07
puzzle kvety	cze	0	1	0	12
puzzle květiny	cze	0	21	0	9.52
puzzle kwiaty	kor	0	1	0	22
puzzle kwiaty	pol	0	4	0	26.5
puzzle kwiaty 3000	pol	0	1	0	25
puzzle kwiaty 3d	deu	0	1	0	2
puzzle kwiaty 3d	pol	0	15	0	3.07
puzzle kängurus	phl	0	1	0	74
puzzle la sagrada familia	deu	0	1	0	2
puzzle la sagrada familia	fra	0	1	0	4
puzzle la sagrada familia	ita	0	1	0	1
puzzle la sagrada familia	nld	0	6	0	1
puzzle la sagrada familia	pol	0	4	0	7
puzzle lab	deu	0	1	0	8
puzzle labs	pol	0	1	0	17
puzzle legno	deu	0	1	0	11
puzzle legno	ita	0	11	0	9.82
puzzle legno	pol	0	1	0	10
puzzle legno 3d	che	0	2	0	3
puzzle legno 3d	ita	0	55	0	10.87
puzzle legno tiger	fra	0	1	0	1
puzzle legno tiger	ita	0	3	0	4.67
puzzle leon	esp	0	6	0	8.83
puzzle leone	ita	0	14	0	11.93
puzzle leoparden	idn	0	1	0	31
puzzle leoparden	rus	0	1	0	27
puzzle letadlo	cze	0	14	0	4.21
puzzle lev	cze	0	3	0	19.33
puzzle libreria 3d	ita	0	1	0	1
puzzle lila	fra	0	1	0	7
puzzle lkw	ukr	0	1	0	22
puzzle lodě	cze	0	1	0	29
puzzle lokomotiva	cze	0	11	0	4.18
puzzle lokomotiva	usa	0	1	0	3
puzzle lokomotive	deu	0	1	0	11
puzzle lokomotive	gtm	0	1	0	12
puzzle lokomotive	ind	0	2	0	11
puzzle lokomotywa	pol	0	9	0	5.56
puzzle lokomotywa	usa	0	1	0	23
puzzle madeira 3d	bra	0	2	0	2
puzzle madeira 3d	esp	0	1	0	2
puzzle madeira 3d	prt	0	38	0	2.71
puzzle madera	esp	0	1	0	4
puzzle madera 3d	arg	0	3	0	1
puzzle madera 3d	deu	0	1	0	3
puzzle madera 3d	esp	0	23	0	3.09
puzzle madera 3d	ven	0	1	0	2
puzzle madera león 100 piezas	arg	0	1	0	3
puzzle madera león 100 piezas	col	0	1	0	3
puzzle madera león 100 piezas	kaz	0	1	0	3
puzzle madera león 100 piezas	mys	0	1	0	3
puzzle madera león 100 piezas	rus	0	3	0	2.67
puzzle madera león 100 piezas	sau	0	1	0	3
puzzle madera león 100 piezas	tha	0	1	0	3
puzzle madera león 100 piezas	usa	0	1	0	3
puzzle mappamondo 3d	ita	0	1	0	1
puzzle maquette	can	0	1	0	6
puzzle maquette	fra	0	2	0	4
puzzle maquette	mar	0	1	0	4
puzzle maus	ita	0	1	0	10
puzzle mecanico	arg	0	1	0	2
puzzle mecanico	bol	0	1	0	1
puzzle mecanico	ecu	0	1	0	5
puzzle mecanico	esp	0	13	0	4.85
puzzle mecanique	fra	0	2	0	35
puzzle mecanique	lbr	0	1	0	11
puzzle meccanici	ita	0	1	0	15
puzzle meccanico	ita	0	7	0	6.86
puzzle mechanical	swe	0	1	0	17
puzzle mechaniczne	esp	0	1	0	8
puzzle mechaniczne	pol	0	67	0	10.21
puzzle mechaniczne	usa	0	1	0	8
puzzle mit blumen	deu	0	1	0	24
puzzle mongolfiere	ita	0	1	0	7
puzzle monumentos del mundo	esp	0	1	0	50
puzzle moto	cri	0	1	0	11
puzzle moto	esp	0	11	0	2.64
puzzle moto	fra	0	6	0	5.67
puzzle moto	ita	0	17	0	7.47
puzzle moto	per	0	1	0	1
puzzle moto	pol	0	1	0	1
puzzle moto 3d	bra	0	1	0	4
puzzle moto 3d	esp	0	3	0	3.67
puzzle moto 3d	fra	0	7	0	1.86
puzzle motor	esp	0	1	0	34
puzzle motor	hrv	0	3	0	4.67
puzzle motor	hun	0	1	0	11
puzzle motor	pol	0	2	0	40
puzzle motor	srb	0	1	0	11
puzzle motorcycle	ecu	0	1	0	24
puzzle motorcycle	esp	0	1	0	3
puzzle motorcycle	gbr	0	1	0	35
puzzle motorcycle	ita	0	1	0	2
puzzle motorcycle	pol	0	1	0	22
puzzle motorcycle	rou	0	1	0	2
puzzle motorka	cze	0	15	0	3.67
puzzle motorky	cze	0	25	0	9
puzzle motorky	svk	0	8	0	4.38
puzzle motory	esp	0	1	0	13
puzzle motos	esp	0	10	0	6.1
puzzle musical instruments	ukr	0	1	0	17
puzzle musicali	ita	0	2	0	11.5
puzzle muzyczne	pol	0	11	0	11.73
puzzle mécanique	cod	0	1	0	1
puzzle mécanique	fra	0	3	0	32.67
puzzle notre dame	col	0	1	0	31
puzzle notre dame	cze	0	7	0	6.29
puzzle notre dame	hrv	0	1	0	8
puzzle notre dame	ind	0	1	0	12
puzzle notre dame	ita	0	1	0	15
puzzle notre dame	kor	0	1	0	15
puzzle notre dame	pol	0	2	0	6
puzzle notre dame 3d	deu	0	1	0	1
puzzle notre dame 3d	esp	0	1	0	1
puzzle notre dame 3d	pol	0	2	0	1
puzzle orologio	ita	0	1	0	6
puzzle piano	ita	0	1	0	8
puzzle plachetnice	cze	0	3	0	11.33
puzzle plane	bel	0	1	0	1
puzzle pro seniory	cze	0	3	0	27.67
puzzle przestrzenne	aus	0	1	0	1
puzzle przestrzenne	kor	0	1	0	1
puzzle przestrzenne	prt	0	1	0	1
puzzle przestrzenne	usa	0	1	0	1
puzzle retro	cze	0	2	0	1.5
puzzle rokr	isl	0	1	0	5
puzzle rokr	ita	0	3	0	3.67
puzzle rokr	jpn	0	1	0	7
puzzle rokr	pol	0	3	0	1
puzzle rokr	rou	0	2	0	5
puzzle rolife	esp	0	7	0	9.29
puzzle rolife	ita	0	1	0	6
puzzle rosa	esp	0	3	0	4
puzzle rowood	esp	0	1	0	2
puzzle rowood	fra	0	4	0	4.5
puzzle rowood	pol	0	1	0	1
puzzle rośliny	pol	0	1	0	42
puzzle rzym	pol	0	2	0	26.5
puzzle sagrada familia	arg	0	1	0	1
puzzle sagrada familia	bra	0	2	0	1
puzzle sagrada familia	col	0	3	0	3.67
puzzle sagrada familia	cze	0	8	0	1.5
puzzle sagrada familia	esp	0	17	0	4.71
puzzle sagrada familia	fin	0	1	0	11
puzzle sagrada familia	fra	0	13	0	2.23
puzzle sagrada familia	gbr	0	2	0	3.5
puzzle sagrada familia	hnd	0	1	0	6
puzzle sagrada familia	hti	0	1	0	1
puzzle sagrada familia	idn	0	2	0	5.5
puzzle sagrada familia	ind	0	2	0	3.5
puzzle sagrada familia	ita	0	6	0	4.67
puzzle sagrada familia	nld	0	1	0	9
puzzle sagrada familia	npl	0	1	0	1
puzzle sagrada familia	phl	0	2	0	1
puzzle sagrada familia	pol	0	35	0	8.14
puzzle sagrada familia	prt	0	1	0	10
puzzle sagrada familia	reu	0	1	0	13
puzzle sagrada familia	rou	0	3	0	9
puzzle sagrada familia	svk	0	6	0	2.67
puzzle sagrada familia	ukr	0	1	0	1
puzzle sagrada familia 3d	cze	0	1	0	1
puzzle sagrada familia 3d	fra	0	4	0	1
puzzle sagrada familia 3d	ita	0	2	0	1
puzzle sagrada familia 3d	pol	0	3	0	1
puzzle sagrada familia 3d	rou	0	2	0	2
puzzle sakura	cze	0	5	0	1
puzzle sakura	deu	0	3	0	9
puzzle sakura	pol	0	6	0	6
puzzle samolot	pol	0	3	0	39.33
puzzle samolot	usa	0	1	0	57
puzzle schiefer turm von pisa	cmr	0	1	0	7
puzzle schiefer turm von pisa	deu	0	4	0	7.75
puzzle schwierigkeitsgrad	che	0	1	0	15
puzzle schwierigkeitsgrad	deu	0	1	0	5
puzzle segelschiff	deu	0	7	0	17.57
puzzle segelschiff	ita	0	1	0	1
puzzle segelschiffe	deu	0	2	0	30.5
puzzle segelschiffe	pak	0	1	0	32
puzzle sistema solar	esp	0	2	0	1
puzzle sistema solare	ita	0	1	0	26
puzzle slon	cze	0	2	0	19
puzzle sluneční soustava	cze	0	5	0	14.6
puzzle sova	cze	0	1	0	35
puzzle steinerne brücke	ind	0	1	0	26
puzzle stem	deu	0	1	0	6
puzzle stem	ita	0	4	0	8.75
puzzle swing	fra	0	2	0	2
puzzle t rex	cze	0	1	0	2
puzzle t rex	ita	0	2	0	3.5
puzzle tank	bel	0	1	0	5
puzzle tank	bgd	0	1	0	1
puzzle tank	can	0	1	0	1
puzzle tank	che	0	1	0	2
puzzle tank	cze	0	11	0	1.91
puzzle tank	deu	0	7	0	3.57
puzzle tank	fin	0	1	0	3
puzzle tank	fra	0	14	0	3.36
puzzle tank	gbr	0	3	0	1.67
puzzle tank	grc	0	2	0	2
puzzle tank	hrv	0	1	0	2
puzzle tank	hun	0	1	0	1
puzzle tank	idn	0	1	0	4
puzzle tank	irl	0	2	0	3
puzzle tank	ita	0	3	0	5.67
puzzle tank	mda	0	1	0	3
puzzle tank	mex	0	1	0	2
puzzle tank	pol	0	1	0	4
puzzle tank	prt	0	1	0	1
puzzle tank	rou	0	1	0	2
puzzle tank	rus	0	2	0	1.5
puzzle tank	sau	0	1	0	2
puzzle tank	sur	0	1	0	3
puzzle tank	svk	0	5	0	6.6
puzzle tank	tur	0	1	0	1
puzzle tank	vnm	0	1	0	1
puzzle tanks	svk	0	4	0	11.5
puzzle tanks	usa	0	1	0	5
puzzle tanky	cze	0	10	0	7
puzzle tanky	svk	0	11	0	8
puzzle telefon	bgr	0	1	0	5
puzzle telefon	mda	0	1	0	1
puzzle terbuat dari	idn	0	1	0	7
puzzle terbuat dari apa	idn	0	26	0	9.5
puzzle terminator	pol	0	5	0	7.6
puzzle tiger	bfa	0	1	0	71
puzzle tiger	col	0	1	0	22
puzzle tiger	cyp	0	1	0	26
puzzle tiger	deu	0	5	0	25
puzzle tiger	idn	0	2	0	30
puzzle tiger	ind	0	2	0	34
puzzle tiger	ita	0	40	0	8.65
puzzle tiger	pol	0	1	0	29
puzzle tiger legno	dnk	0	1	0	1
puzzle tiger legno	fra	0	8	0	1
puzzle tiger legno	ita	0	11	0	4.27
puzzle tiger madera	esp	0	2	0	11.5
puzzle tools	ind	0	6	0	11.17
puzzle tools	swe	0	1	0	11
puzzle torre eiffel	ita	0	4	0	16.25
puzzle torre eiffel 3d	ita	0	2	0	6
puzzle tower bridge	bgd	0	1	0	25
puzzle tower bridge	ita	0	1	0	2
puzzle tower bridge 3d	deu	0	1	0	21
puzzle tres d	chl	0	1	0	5
puzzle tres d	esp	0	13	0	2.85
puzzle tres dimensiones	esp	0	11	0	4.82
puzzle trex	ita	0	1	0	2
puzzle trex	pol	0	1	0	14
puzzle tridimensional	rou	0	1	0	6
puzzle tridimensionale	aut	0	1	0	3
puzzle tridimensionale	che	0	1	0	3
puzzle tridimensionale	deu	0	2	0	3
puzzle tridimensionale	esp	0	1	0	8
puzzle tridimensionale	ita	0	101	0	3.14
puzzle tridimensionale	usa	0	1	0	3
puzzle tridimensionali	ita	0	22	0	2.09
puzzle uhr	deu	0	6	0	38.5
puzzle uhr	ind	0	1	0	33
puzzle uhr	prt	0	1	0	39
puzzle uhren	deu	0	1	0	19
puzzle uhren	ind	0	1	0	13
puzzle uhren	kor	0	1	0	19
puzzle veliero	ita	0	12	0	19.17
puzzle voiture 3d	bra	0	1	0	32
puzzle voiture 3d	fra	0	20	0	15.7
puzzle voiture 3d	irq	0	2	0	12
puzzle voiture 3d	jam	0	1	0	12
puzzle voiture 3d	tur	0	1	0	13
puzzle voiture 3d	usa	0	1	0	13
puzzle voiture 3d	uzb	0	1	0	22
puzzle voiture de course	fra	0	3	0	12
puzzle voiture de sport	fra	0	1	0	1
puzzle warschau	deu	0	1	0	43
puzzle warszawa	pol	0	2	0	34.5
puzzle wieza eiffla	pol	0	1	0	13
puzzle wieża eiffla	pol	0	4	0	7.5
puzzle wieża eiffla	vnm	0	1	0	15
puzzle wieża eiffla 3d	pol	0	3	0	5.67
puzzle wood 3d	ita	0	1	0	21
puzzle wood 3d	pol	0	1	0	18
puzzle wooden	ita	0	1	0	6
puzzle wooden	pol	0	1	0	8
puzzle wyprzedaż	grc	0	1	0	25
puzzle wyprzedaż	pol	0	21	0	22.67
puzzle yamaha	cze	0	1	0	1
puzzle z kwiatami	pol	0	1	0	21
puzzle żaglowiec	pol	0	2	0	21
puzzle-uri ieftine	rou	0	4	0	13.5
puzzle.3d	ita	0	1	0	9
puzzle3d	aut	0	1	0	8
puzzle3d	bel	0	1	0	7
puzzle3d	bra	0	2	0	5.5
puzzle3d	can	0	3	0	6.67
puzzle3d	col	0	2	0	6.5
puzzle3d	fra	0	18	0	4.94
puzzle3d	idn	0	1	0	2
puzzle3d	ind	0	3	0	5.33
puzzle3d	irn	0	1	0	1
puzzle3d	mda	0	1	0	3
puzzle3d	mys	0	1	0	6
puzzle3d	phl	0	3	0	4.67
puzzle3d	pol	0	7	0	4.86
puzzle3d	pyf	0	1	0	3
puzzle3d	sau	0	1	0	6
puzzle3d	syr	0	1	0	6
puzzle3d	twn	0	1	0	10
puzzle3d	usa	0	3	0	9.33
puzzleauto	usa	0	1	0	38
puzzled 3d	bra	0	1	0	9
puzzles 3 d	bel	0	1	0	3
puzzles 3 d	esp	0	1	0	4
puzzles 3d	ago	0	1	0	5
puzzles 3d	arg	0	2	0	6
puzzles 3d	aus	0	1	0	6
puzzles 3d	bel	0	56	0	6.18
puzzles 3d	bgd	0	2	0	6.5
puzzles 3d	blr	0	1	0	8
puzzles 3d	bra	0	4	0	6.75
puzzles 3d	can	0	43	0	6.81
puzzles 3d	chl	0	1	0	6
puzzles 3d	chn	0	1	0	5
puzzles 3d	cog	0	1	0	5
puzzles 3d	col	0	1	0	11
puzzles 3d	deu	0	37	0	6
puzzles 3d	esp	0	104	0	8.47
puzzles 3d	fra	0	91	0	4.86
puzzles 3d	gbr	0	3	0	7.33
puzzles 3d	grc	0	4	0	6.75
puzzles 3d	hnd	0	1	0	8
puzzles 3d	idn	0	1	0	12
puzzles 3d	ind	0	4	0	5.5
puzzles 3d	isr	0	1	0	4
puzzles 3d	ita	0	14	0	5.21
puzzles 3d	jpn	0	1	0	10
puzzles 3d	mar	0	1	0	6
puzzles 3d	nga	0	1	0	12
puzzles 3d	nld	0	1	0	6
puzzles 3d	pak	0	1	0	7
puzzles 3d	pan	0	1	0	4
puzzles 3d	phl	0	1	0	11
puzzles 3d	pol	0	13	0	8.31
puzzles 3d	prt	0	5	0	5
puzzles 3d	rou	0	1	0	7
puzzles 3d	rus	0	3	0	4
puzzles 3d	slv	0	1	0	6
puzzles 3d	tur	0	3	0	4.33
puzzles 3d	ukr	0	1	0	3
puzzles 3d	ury	0	1	0	1
puzzles 3d	usa	0	74	0	7
puzzles 3d	ven	0	1	0	5
puzzles 3d	vnm	0	2	0	12.5
puzzles 3d animales	esp	0	1	0	1
puzzles 3d bois	fra	0	5	0	17.8
puzzles 3d de madera	che	0	2	0	1
puzzles 3d de madera	esp	0	16	0	2.25
puzzles 3d de madera	per	0	2	0	1
puzzles 3d en bois	fra	0	1	0	23
puzzles 3d madera	arg	0	3	0	2
puzzles 3d madera	chl	0	1	0	2
puzzles 3d madera	col	0	2	0	3
puzzles 3d madera	esp	0	78	0	3.33
puzzles 3d madera	mex	0	2	0	2.5
puzzles 3d madera	prt	0	2	0	4
puzzles 3d madera	ury	0	1	0	2
puzzles 3d madera adultos	esp	0	1	0	6
puzzles 3d madera coches	esp	0	5	0	1
puzzles 3d monumentos	esp	0	23	0	10.91
puzzles coches	esp	0	2	0	20.5
puzzles de coches	esp	0	3	0	20.67
puzzles de flores	esp	0	4	0	14
puzzles de madera 3d	arg	0	22	0	4.45
puzzles de madera 3d	chl	0	2	0	9
puzzles de madera 3d	esp	0	90	0	2.48
puzzles de madera 3d	mex	0	1	0	1
puzzles de madera 3d	per	0	1	0	1
puzzles de madera 3d	prt	0	1	0	2
puzzles en 3d	chl	0	1	0	4
puzzles en 3d	deu	0	30	0	5.97
puzzles en 3d	dnk	0	1	0	4
puzzles en 3d	esp	0	22	0	3.64
puzzles en 3d	gbr	0	3	0	3.67
puzzles en 3d	nld	0	30	0	2.47
puzzles en 3d	pol	0	1	0	2
puzzles en 3d	usa	0	24	0	3.75
puzzles en bois 3d	fra	0	3	0	22.67
puzzles en bois pas cher	che	0	1	0	11
puzzles flores	esp	0	7	0	12
puzzles madera 3d	col	0	1	0	2
puzzles madera 3d	esp	0	68	0	3.38
puzzles mecanicos	esp	0	3	0	5.33
puzzles mecanicos	pry	0	1	0	1
puzzles rolife	esp	0	2	0	10
puzzles tres d	esp	0	10	0	7.1
puzzles victoria	deu	0	1	0	48
puzzleswing	lka	0	3	0	5
puzzletank	hun	0	1	0	10
puzzli	pol	0	1	0	2
puzzlz 3d	bgd	0	1	0	6
puzzlz 3d	ecu	0	1	0	6
puzzlz 3d	esp	0	1	0	5
puzzlz 3d	fra	0	17	0	4.88
puzzlz 3d	ind	0	2	0	16
puzzlz 3d	jor	0	1	0	6
puzzlz 3d	kor	0	1	0	6
puzzlz 3d	phl	0	3	0	6.33
półka domek na książki	pol	0	1	0	36
półka na książki domek	pol	0	1	0	33
překvapení pro partnerku	cze	0	1	0	23
překvapení pro ženu	cze	0	1	0	19
qual è il prezzo	ita	0	1	0	2
qualcosa di diverso	ita	0	1	0	2
qualcosa di più specifico	ita	0	1	0	1
quando costa	ita	0	1	0	2
quantas peças	prt	0	1	0	2
quanto costa	ita	0	2	0	2.5
quanto costa?	ita	0	1	0	2
quanto costano	ita	0	1	0	14
quanto posso venderlo	deu	0	1	0	11
quanto potrebbe costare	ita	0	1	0	20
quanto vale in euro	ita	0	1	0	23
quanto vale?	ita	0	1	0	3
quanto viene?	ita	0	1	0	9
que barco es este?	esp	0	1	0	17
que es esto	esp	0	1	0	28
que es un rompecabezas arma	esp	0	1	0	20
que esto?	esp	0	1	0	4
que mide	esp	0	1	0	3
que regalar a tu novia	esp	0	1	0	25
que regalar a un hombre que tiene de todo	esp	0	2	0	61
que regalarle a un hombre que lo tiene todo	esp	0	1	0	49
quebra cabeca	prt	0	1	0	5
quebra cabeca 3d	prt	0	4	0	3.75
quebra cabeca 3d livraria	che	0	1	0	2
quebra cabeca sagrada familia	esp	0	2	0	3
quebra cabeça	nld	0	1	0	2
quebra cabeça	prt	0	1	0	4
quebra cabeça 3 d	fra	0	1	0	5
quebra cabeça 3d	arg	0	1	0	1
quebra cabeça 3d	aut	0	1	0	2
quebra cabeça 3d	bra	0	18	0	19.17
quebra cabeça 3d	deu	0	4	0	2.5
quebra cabeça 3d	ecu	0	1	0	12
quebra cabeça 3d	gbr	0	1	0	3
quebra cabeça 3d	irl	0	2	0	1.5
quebra cabeça 3d	nld	0	1	0	2
quebra cabeça 3d	prt	0	9	0	2.67
quebra cabeça 3d	swe	0	1	0	2
quebra cabeça 3d	usa	0	4	0	2.75
quebra cabeça 3d carros	deu	0	1	0	4
quebra cabeça 3d de madeira	usa	0	1	0	2
quebra cabeça 3d madeira	bra	0	6	0	3
quebra cabeça 3d madeira	col	0	1	0	1
quebra cabeça 3d madeira	ita	0	1	0	1
quebra cabeça 3d madeira	usa	0	2	0	1
quebra cabeça 3d torre eiffel	fra	0	1	0	10
quebra cabeça 3d torre eiffel	ita	0	1	0	3
quebra cabeça 3d torre eiffel	prt	0	1	0	1
quebra cabeça arquitetura	bra	0	1	0	14
quebra cabeça avião	bra	0	1	0	21
quebra cabeça coliseu	esp	0	5	0	3.6
quebra cabeça de madeira 3d como montar	bra	0	5	0	7.6
quebra cabeça de madeira como montar	prt	0	1	0	11
quebra cabeça impressora 3d	col	0	1	0	4
quebra cabeça madeira 3d	prt	0	1	0	1
quebra cabeça mecanico	bra	0	2	0	12
quebra cabeças 3d madeira	esp	0	1	0	1
quebra cabeças madeira	prt	0	13	0	6.69
quebra-cabeças mecanicos	bra	0	4	0	18.5
quebra-cabeças mecânicos	bra	0	3	0	13
quel est son prix ?	fra	0	2	0	6.5
quero saber onde comprar	prt	0	1	0	16
questo	ita	0	1	0	5
questo?	ita	0	1	0	2
qué regalarle a un hombre que lo tiene todo	per	0	1	0	6
raamaturiiuli kokkupanek	est	0	1	0	7
raceauto puzzel	nld	0	7	0	6.43
rakstāmmašīna	lva	0	1	0	33
rasmlar	uzb	0	1	0	3
rd puzzle	nld	0	1	0	48
reboque 3d	ita	0	1	0	13
red camellia rowood	fra	0	2	0	11.5
regali di lusso bambino	ita	0	2	0	36
regali di natale per lui costosi	ita	0	1	0	6
regali per bambini costosi	ita	0	11	0	13.55
regali per chi ha tutto uomo	ita	0	2	0	31.5
regali per un uomo che ha tutto	ita	0	2	0	29.5
regali per uomo che ha tutto	ita	0	2	0	28.5
regalo a un uomo	ita	0	1	0	5
regalo experiencias hombre	esp	0	1	0	7
regalo para hombre que lo tiene todo	esp	0	1	0	51
regalo para mujer	chl	0	9	0	11.44
regalo para mujer	gbr	0	1	0	6
regalo para mujer	mex	0	1	0	4
regalo para tu novia	esp	0	2	0	13
regalo para un hombre que lo tiene todo	esp	0	1	0	53
regalo para un hombre que tiene de todo	esp	0	2	0	49.5
regalo per un uomo che ha tutto	ita	0	2	0	29.5
regalo per uomo che ha tutto	ita	0	3	0	26.33
regalo uomo che ha tutto	ita	0	3	0	27.67
regalos caro	esp	0	2	0	6
regalos caros	arm	0	1	0	28
regalos caros	esp	0	2	0	8.5
regalos caros para hombres	esp	0	3	0	15.67
regalos caros para niños	esp	0	2	0	6.5
regalos caros para niños	mex	0	1	0	10
regalos caros para niños	slv	0	1	0	8
regalos de cumpleaños caros	esp	0	2	0	7
regalos diferentes para mujeres	esp	0	1	0	4
regalos mujer ideas	esp	0	1	0	18
regalos mujeres	esp	0	1	0	6
regalos para hombre que tiene de todo	esp	0	1	0	54
regalos para hombres baratos	esp	0	1	0	18
regalos para hombres que lo tienen todo	esp	0	1	0	40
regalos para mujeres	arg	0	1	0	8
regalos para mujeres	aze	0	1	0	6
regalos para mujeres	blr	0	2	0	14
regalos para mujeres	bra	0	2	0	16
regalos para mujeres	chl	0	1	0	8
regalos para mujeres	col	0	1	0	4
regalos para mujeres	ecu	0	1	0	4
regalos para mujeres	esp	0	48	0	5.5
regalos para mujeres	geo	0	1	0	3
regalos para mujeres	irq	0	1	0	25
regalos para mujeres	jpn	0	1	0	25
regalos para mujeres	mex	0	5	0	9
regalos para mujeres	nga	0	1	0	7
regalos para mujeres	pan	0	1	0	23
regalos para mujeres	pry	0	1	0	20
regalos para mujeres	rus	0	2	0	11.5
regalos para mujeres	zaf	0	1	0	9
regalos para mujeres jovenes	esp	0	3	0	8.33
regalos para mujeres originales	esp	0	1	0	7
regalos para un hombre que lo tiene todo	esp	0	1	0	51
regalos para un hombre que tiene de todo	esp	0	2	0	51
regalos que derriten a una mujer	esp	0	2	0	86.5
relogio coruja	prt	0	1	0	1
reloj buho	esp	0	2	0	8
reloj cuco madera	esp	0	1	0	13
reloj de cuco para montar	esp	0	5	0	13.2
reloj puzzle	esp	0	3	0	11.67
relojes de cuco	esp	0	1	0	7
relvad	est	0	1	0	36
remember background	hkg	0	1	0	5
renovering af loftrum	dnk	0	6	0	73.5
reood	pol	0	1	0	7
replika ak 47 metal drewno	pol	0	2	0	33
repülős puzzle	bra	0	1	0	11
restaurant mini	zaf	0	1	0	3
restaurant miniatures	fra	0	9	0	4.78
retro puzzle	cze	0	1	0	17
retro telefon	est	0	7	0	1.71
retro telefon	hrv	0	2	0	2
retro telefon	svn	0	2	0	2.5
retro wood art	pol	0	2	0	6.5
retrobil	tur	0	1	0	3
retrotelefon	arg	0	1	0	4
reviews	hun	0	1	0	17
revolver m60	deu	0	1	0	1
rex puzzle	pol	0	1	0	3
riesenrad holz	deu	0	2	0	6
rincon de libros	esp	0	2	0	7
rincon entre libros	esp	0	1	0	6
ristluslaev	est	0	1	0	4
ristluslaev	rus	0	1	0	5
ro kr	usa	0	1	0	7
ro life	cze	0	4	0	3.25
ro life	dnk	0	10	0	5.1
ro life	hrv	0	1	0	5
ro life	pol	0	3	0	4.33
ro life miniature	usa	0	1	0	5
ro wood	esp	0	1	0	4
ro wood	fra	0	4	0	5
ro wood	ita	0	2	0	3
ro wood	nld	0	1	0	11
ro wood	nzl	0	1	0	9
ro wood	phl	0	1	0	10
ro wood	reu	0	1	0	5
ro wood	usa	0	2	0	3
robbe models	usa	0	1	0	7
robetoy	dnk	0	8	0	60
robetoy	nor	0	2	0	61.5
robetoys	cze	0	2	0	2
robetoys	prt	0	1	0	8
robilife	nld	0	1	0	10
robo house	usa	0	1	0	4
robo puzzle	bgr	0	1	0	7
robo puzzle	mar	0	1	0	8
robo puzzle	rou	0	1	0	7
robo time	bgr	0	1	0	2
robo time	deu	0	1	0	12
robo toy	esp	0	1	0	42
robo toys	are	0	1	0	6
robo toys	bel	0	1	0	45
robo toys	che	0	1	0	3
robo toys	deu	0	18	0	5.28
robo toys	hun	0	2	0	3
robo toys	jpn	0	1	0	12
robo toys	nld	0	2	0	34
robo toys	sau	0	1	0	10
robocat toy	fra	0	1	0	50
robolife srl	ita	0	1	0	20
robopax	hun	0	1	0	23
robot legno	ita	0	2	0	21
robot nutcracker	usa	0	1	0	10
robot toys	esp	0	2	0	44.5
robotic toys	esp	0	1	0	44
robotica toys	deu	0	1	0	34
robotics shop	esp	0	1	0	45
robotics toys	esp	0	1	0	51
robotik holz	ind	0	1	0	38
robotime	aut	0	1	0	48
robotime	bel	0	2	0	35
robotime	bgr	0	2	0	20.5
robotime	che	0	1	0	25
robotime	cze	0	2	0	20
robotime	deu	0	29	0	42.45
robotime	dnk	0	3	0	21.67
robotime	esp	0	2	0	35.5
robotime	fra	0	1	0	49
robotime	gbr	0	2	0	43
robotime	grc	0	2	0	41
robotime	hkg	0	2	0	43
robotime	hrv	0	1	0	41
robotime	hun	0	5	0	11.4
robotime	isr	0	1	0	35
robotime	ita	0	2	0	31
robotime	ltu	0	1	0	38
robotime	lux	0	1	0	40
robotime	lva	0	4	0	39
robotime	pol	0	20	0	31.05
robotime	sgp	0	2	0	37.5
robotime	svk	0	3	0	32.33
robotime	svn	0	1	0	37
robotime	swe	0	2	0	45.5
robotime	usa	0	3	0	49.33
robotime 1912 eternal atlantic voyager	bgd	0	1	0	1
robotime 1912 eternal atlantic voyager	bra	0	1	0	1
robotime 1912 eternal atlantic voyager	dnk	0	1	0	1
robotime 1912 eternal atlantic voyager	mar	0	1	0	1
robotime 1912 eternal atlantic voyager	rou	0	1	0	1
robotime 3d holzpuzzle	deu	0	2	0	20.5
robotime 3d holzpuzzle segelschiff	deu	0	1	0	1
robotime 3d pinball	cze	0	2	0	8
robotime 3d puzzel	nld	0	5	0	8.2
robotime 3d puzzle	deu	0	5	0	23.8
robotime 3d puzzle	esp	0	3	0	22
robotime 3d puzzle	irl	0	6	0	18
robotime 3d puzzle	ita	0	1	0	22
robotime 3d puzzle	svk	0	1	0	10
robotime 3d puzzles	cze	0	1	0	3
robotime 3d puzzles	gbr	0	1	0	35
robotime 3d wooden puzzle	cze	0	1	0	2
robotime 3d wooden puzzle	gbr	0	2	0	29
robotime auto	deu	0	1	0	50
robotime bausatz gear ball challenge	usa	0	1	0	18
robotime book nook library of wonders tgb16	deu	0	1	0	8
robotime chocolate factory	swe	0	1	0	7
robotime classic printing press	esp	0	1	0	1
robotime classic printing press	nld	0	1	0	1
robotime coche vintage	arg	0	2	0	4
robotime coche vintage	bgd	0	3	0	4
robotime coche vintage	bol	0	1	0	4
robotime coche vintage	bra	0	6	0	2
robotime coche vintage	chl	0	1	0	1
robotime coche vintage	col	0	2	0	1
robotime coche vintage	cyp	0	1	0	1
robotime coche vintage	deu	0	1	0	1
robotime coche vintage	dza	0	1	0	4
robotime coche vintage	ecu	0	1	0	1
robotime coche vintage	esp	0	1	0	4
robotime coche vintage	fra	0	1	0	4
robotime coche vintage	gbr	0	1	0	4
robotime coche vintage	jor	0	1	0	1
robotime coche vintage	khm	0	1	0	1
robotime coche vintage	mar	0	2	0	4
robotime coche vintage	mex	0	1	0	4
robotime coche vintage	nic	0	1	0	4
robotime coche vintage	pse	0	1	0	1
robotime coche vintage	rus	0	6	0	3
robotime coche vintage	sau	0	1	0	4
robotime coche vintage	usa	0	1	0	4
robotime coche vintage	ven	0	1	0	1
robotime coche vintage	zaf	0	1	0	1
robotime detective agency	rus	0	1	0	29
robotime deutschland	deu	0	5	0	32
robotime domek	pol	0	16	0	22.44
robotime dora's loft	deu	0	1	0	1
robotime draaimolen	bel	0	1	0	43
robotime dream gift factory	ita	0	1	0	7
robotime dream gift factory	nld	0	1	0	56
robotime dump truck	deu	0	1	0	1
robotime dump truck	nld	0	1	0	1
robotime dump truck	prt	0	1	0	1
robotime erfahrungen	deu	0	2	0	17.5
robotime españa	esp	0	1	0	28
robotime eu	bel	0	1	0	7
robotime eu	bgr	0	9	0	6
robotime eu	cze	0	1	0	7
robotime eu	dnk	0	2	0	7.5
robotime eu	esp	0	1	0	8
robotime eu	hun	0	8	0	4.62
robotime eu	ita	0	2	0	8.5
robotime eu	ltu	0	2	0	6
robotime eu	prt	0	1	0	7
robotime eu	svk	0	2	0	7
robotime eu	usa	0	1	0	7
robotime europe	aut	0	1	0	9
robotime europe	bgr	0	3	0	6.33
robotime europe	che	0	3	0	9.33
robotime europe	cze	0	1	0	7
robotime europe	deu	0	1	0	11
robotime europe	dnk	0	1	0	9
robotime europe	esp	0	3	0	8
robotime europe	est	0	2	0	7.5
robotime europe	fin	0	1	0	10
robotime europe	fra	0	10	0	10.5
robotime europe	gbr	0	1	0	9
robotime europe	hkg	0	1	0	8
robotime europe	hun	0	2	0	3
robotime europe	ita	0	9	0	8.11
robotime europe	ltu	0	1	0	8
robotime europe	mlt	0	2	0	10
robotime europe	mne	0	1	0	8
robotime europe	nor	0	3	0	7.33
robotime europe	svk	0	2	0	7
robotime europe	swe	0	1	0	7
robotime europe	ukr	0	1	0	7
robotime europe	usa	0	1	0	8
robotime europe ltd	che	0	1	0	10
robotime europe ltd	egy	0	1	0	9
robotime europe ltd	esp	0	1	0	11
robotime europe ltd	fin	0	2	0	9
robotime europe ltd	jpn	0	1	0	9
robotime europe ltd	srb	0	1	0	8
robotime europe ltd	swe	0	2	0	9
robotime flipperkast	nld	0	2	0	50.5
robotime globe	bel	0	2	0	44
robotime globe	ita	0	1	0	10
robotime groothandel	bel	0	2	0	41
robotime groothandel	nld	0	3	0	49
robotime großhandel	deu	0	5	0	27
robotime kas	nld	0	1	0	48
robotime kaufen	deu	0	17	0	35.65
robotime maqueta barco diplomático japonés	arg	0	1	0	1
robotime maqueta barco diplomático japonés	bfa	0	1	0	4
robotime maqueta barco diplomático japonés	bgd	0	2	0	2.5
robotime maqueta barco diplomático japonés	bhr	0	1	0	1
robotime maqueta barco diplomático japonés	bra	0	6	0	2.5
robotime maqueta barco diplomático japonés	chl	0	1	0	4
robotime maqueta barco diplomático japonés	dom	0	3	0	3
robotime maqueta barco diplomático japonés	ecu	0	1	0	4
robotime maqueta barco diplomático japonés	fra	0	2	0	2.5
robotime maqueta barco diplomático japonés	gbr	0	1	0	4
robotime maqueta barco diplomático japonés	ind	0	1	0	4
robotime maqueta barco diplomático japonés	irl	0	1	0	1
robotime maqueta barco diplomático japonés	jor	0	1	0	1
robotime maqueta barco diplomático japonés	kaz	0	2	0	4
robotime maqueta barco diplomático japonés	mar	0	1	0	4
robotime maqueta barco diplomático japonés	mex	0	2	0	2.5
robotime maqueta barco diplomático japonés	npl	0	1	0	4
robotime maqueta barco diplomático japonés	pak	0	1	0	4
robotime maqueta barco diplomático japonés	pol	0	1	0	1
robotime maqueta barco diplomático japonés	rus	0	4	0	2.5
robotime maqueta barco diplomático japonés	tun	0	1	0	4
robotime maqueta barco diplomático japonés	tur	0	1	0	1
robotime maqueta barco diplomático japonés	usa	0	3	0	2
robotime maqueta carruaje clasico	are	0	1	0	1
robotime maqueta carruaje clasico	arg	0	1	0	4
robotime maqueta carruaje clasico	bgd	0	1	0	4
robotime maqueta carruaje clasico	idn	0	1	0	4
robotime maqueta reloj de buho	bgd	0	3	0	4
robotime maqueta reloj de buho	bra	0	4	0	2.5
robotime maqueta reloj de buho	mex	0	1	0	4
robotime maqueta starry night	are	0	1	0	4
robotime maqueta starry night	arg	0	1	0	4
robotime maqueta starry night	bhr	0	1	0	1
robotime maqueta starry night	bra	0	2	0	4
robotime maqueta starry night	col	0	1	0	1
robotime maqueta starry night	ecu	0	2	0	2.5
robotime maqueta starry night	esp	0	3	0	1
robotime maqueta starry night	fin	0	1	0	1
robotime maqueta starry night	fra	0	3	0	1
robotime maqueta starry night	gbr	0	1	0	1
robotime maqueta starry night	idn	0	2	0	4
robotime maqueta starry night	ita	0	1	0	1
robotime maqueta starry night	kaz	0	2	0	2.5
robotime maqueta starry night	mar	0	2	0	2.5
robotime maqueta starry night	nld	0	1	0	1
robotime maqueta starry night	npl	0	2	0	2.5
robotime maqueta starry night	pak	0	1	0	1
robotime maqueta starry night	rus	0	4	0	2.5
robotime maqueta starry night	usa	0	1	0	4
robotime maqueta starry night	uzb	0	1	0	4
robotime maqueta starry night	ven	0	1	0	1
robotime maqueta sujetalibros time travel	tur	0	1	0	1
robotime maqueta torre eiffel	alb	0	1	0	4
robotime maqueta torre eiffel	arg	0	5	0	1.6
robotime maqueta torre eiffel	bel	0	2	0	1
robotime maqueta torre eiffel	bgd	0	2	0	2.5
robotime maqueta torre eiffel	bra	0	3	0	3
robotime maqueta torre eiffel	col	0	4	0	2.5
robotime maqueta torre eiffel	dom	0	1	0	1
robotime maqueta torre eiffel	dza	0	1	0	1
robotime maqueta torre eiffel	esp	0	1	0	4
robotime maqueta torre eiffel	fra	0	1	0	4
robotime maqueta torre eiffel	gbr	0	2	0	4
robotime maqueta torre eiffel	isr	0	1	0	4
robotime maqueta torre eiffel	jor	0	1	0	4
robotime maqueta torre eiffel	mar	0	1	0	1
robotime maqueta torre eiffel	mkd	0	1	0	1
robotime maqueta torre eiffel	mmr	0	1	0	1
robotime maqueta torre eiffel	nld	0	1	0	1
robotime maqueta torre eiffel	npl	0	1	0	1
robotime maqueta torre eiffel	nzl	0	1	0	1
robotime maqueta torre eiffel	per	0	1	0	4
robotime maqueta torre eiffel	rus	0	1	0	1
robotime maqueta torre eiffel	usa	0	1	0	4
robotime maqueta torre eiffel	vnm	0	3	0	2
robotime marble city night	are	0	1	0	1
robotime marble city night	bgd	0	3	0	1
robotime marble city night	bgr	0	1	0	1
robotime marble city night	dza	0	1	0	1
robotime marble city night	ecu	0	1	0	1
robotime marble city night	esp	0	1	0	1
robotime marble city night	fra	0	1	0	1
robotime marble city night	idn	0	2	0	1
robotime marble city night	mex	0	1	0	1
robotime marble city night	tun	0	1	0	1
robotime marble city night	usa	0	2	0	1
robotime marble city night	vnm	0	1	0	1
robotime marble city night	zaf	0	1	0	1
robotime marble night city	nld	0	2	0	40
robotime marble night city	pol	0	2	0	4
robotime miller's garden	cze	0	1	0	8
robotime miller's garden diy	aus	0	1	0	1
robotime miller's garden diy	cze	0	1	0	1
robotime miller's garden diy	dza	0	1	0	1
robotime miller's garden diy	esp	0	1	0	1
robotime miller's garden diy	ven	0	1	0	1
robotime motocicleta	are	0	2	0	2.5
robotime motocicleta	arg	0	2	0	1
robotime motocicleta	bgd	0	2	0	1
robotime motocicleta	bra	0	8	0	3.25
robotime motocicleta	chl	0	1	0	4
robotime motocicleta	col	0	1	0	1
robotime motocicleta	fra	0	1	0	4
robotime motocicleta	gbr	0	1	0	4
robotime motocicleta	kgz	0	1	0	1
robotime motocicleta	mar	0	1	0	4
robotime motocicleta	per	0	1	0	4
robotime motocicleta	prt	0	1	0	1
robotime motocicleta	qat	0	1	0	1
robotime motocicleta	rus	0	2	0	2.5
robotime motocicleta	tgo	0	1	0	4
robotime motocicleta	tun	0	2	0	4
robotime motocicleta	tur	0	1	0	1
robotime motocicleta	ukr	0	1	0	1
robotime motocicleta	usa	0	1	0	1
robotime motocicleta	uzb	0	1	0	1
robotime motocicleta	ven	0	2	0	2.5
robotime motocicleta	vnm	0	2	0	2.5
robotime motocicleta	zaf	0	1	0	1
robotime orrery	bel	0	1	0	43
robotime orrery	nld	0	1	0	45
robotime padova	ita	0	10	0	5.4
robotime piano	nld	0	1	0	48
robotime printing press	nld	0	1	0	54
robotime puzzle	cze	0	1	0	1
robotime puzzle 3d	esp	0	4	0	10.5
robotime puzzle 3d	nor	0	1	0	69
robotime puzzle 3d	pol	0	2	0	44
robotime puzzle 3d	usa	0	1	0	45
robotime puzzle 3d horloge hibou	deu	0	2	0	1
robotime puzzle 3d horloge hibou	nld	0	5	0	1
robotime puzzle 3d horloge hibou	pol	0	1	0	1
robotime puzzle 3d in legno	deu	0	2	0	1
robotime puzzle 3d in legno	nld	0	5	0	1
robotime puzzle 3d in legno stazione sakura	deu	0	8	0	1
robotime puzzle 3d in legno stazione sakura	nld	0	4	0	1
robotime puzzle 3d motorrad cruiser	alb	0	1	0	1
robotime puzzle 3d motorrad cruiser	bra	0	4	0	1.75
robotime puzzle 3d motorrad cruiser	chl	0	1	0	1
robotime puzzle 3d motorrad cruiser	col	0	2	0	2.5
robotime puzzle 3d motorrad cruiser	deu	0	1	0	1
robotime puzzle 3d motorrad cruiser	mar	0	1	0	1
robotime puzzle 3d motorrad cruiser	rus	0	2	0	2.5
robotime puzzle 3d motorrad cruiser	srb	0	1	0	1
robotime puzzle 3d motorrad cruiser	tha	0	1	0	1
robotime puzzle 3d motorrad cruiser	ven	0	1	0	4
robotime puzzle 3d telescopio monocular	are	0	1	0	4
robotime puzzle 3d telescopio monocular	arg	0	6	0	2.5
robotime puzzle 3d telescopio monocular	bgd	0	1	0	1
robotime puzzle 3d telescopio monocular	bol	0	1	0	1
robotime puzzle 3d telescopio monocular	bra	0	5	0	2.8
robotime puzzle 3d telescopio monocular	can	0	1	0	4
robotime puzzle 3d telescopio monocular	chl	0	2	0	1.5
robotime puzzle 3d telescopio monocular	ecu	0	1	0	4
robotime puzzle 3d telescopio monocular	esp	0	1	0	4
robotime puzzle 3d telescopio monocular	kaz	0	1	0	1
robotime puzzle 3d telescopio monocular	mar	0	1	0	4
robotime puzzle 3d telescopio monocular	mkd	0	1	0	4
robotime puzzle 3d telescopio monocular	npl	0	1	0	1
robotime puzzle 3d telescopio monocular	per	0	1	0	4
robotime puzzle 3d telescopio monocular	rus	0	3	0	3
robotime puzzle 3d telescopio monocular	sau	0	1	0	4
robotime puzzle 3d telescopio monocular	slv	0	1	0	1
robotime puzzle 3d telescopio monocular	usa	0	1	0	1
robotime puzzle 3d telescopio monocular	uzb	0	1	0	4
robotime puzzle 3d telescopio monocular	ven	0	1	0	1
robotime rokr	deu	0	2	0	57
robotime rokr	esp	0	1	0	33
robotime rolife	esp	0	2	0	11.5
robotime rolife	pol	0	1	0	7
robotime rolife	usa	0	1	0	9
robotime sakura	pol	0	1	0	10
robotime sakura densya book nook	cze	0	1	0	8
robotime sakura densya book nook	ita	0	1	0	8
robotime sakura dreamy tour	pol	0	1	0	1
robotime starry night	nld	0	2	0	34
robotime tipsy restaurant	chl	0	1	0	1
robotime tipsy restaurant	kaz	0	1	0	1
robotime tipsy restaurant	uzb	0	1	0	1
robotime uk	gbr	0	2	0	43.5
robotime violin	prt	0	1	0	1
robotime wereldbol	bel	0	2	0	24.5
robotime wereldbol	nld	0	1	0	9
robotime wholesale	bel	0	3	0	31.67
robotime wholesale	deu	0	3	0	30.33
robotime wooden bloom box	pol	0	1	0	1
robotime wooden puzzle	gbr	0	1	0	32
robotime zonnestelsel	bel	0	2	0	29.5
robotime zonnestelsel	nld	0	3	0	37.33
robotime-eu	arg	0	2	0	8
robotime-eu	dnk	0	1	0	6
robotime-eu	esp	0	1	0	6
robotime-eu	est	0	1	0	6
robotime-eu	hun	0	1	0	5
robotime-eu	usa	0	1	0	10
robotime-eu.com	aze	0	1	0	5
robotime-eu.com	bra	0	1	0	7
robotime-eu.com	deu	0	1	0	7
robotime-eu.com	grc	0	1	0	7
robotime-eu.com	idn	0	1	0	7
robotime-eu.com	ind	0	1	0	7
robotime-eu.com	pol	0	1	0	9
robotime-eu.com	usa	0	1	0	6
robotimes	aut	0	1	0	27
robotines villajoyosa	esp	0	1	0	54
robotoolz	usa	0	3	0	7.33
robotoy	arg	0	5	0	6
robotoy	bgd	0	1	0	6
robotoy	bra	0	1	0	3
robotoy	che	0	5	0	1.8
robotoy	chl	0	1	0	7
robotoy	col	0	2	0	8.5
robotoy	cze	0	3	0	1
robotoy	deu	0	3	0	1.33
robotoy	dnk	0	1	0	1
robotoy	dza	0	1	0	1
robotoy	ecu	0	1	0	8
robotoy	egy	0	2	0	5.5
robotoy	gbr	0	5	0	7.4
robotoy	idn	0	2	0	9
robotoy	ind	0	7	0	7.71
robotoy	ita	0	3	0	1.33
robotoy	lbn	0	1	0	5
robotoy	lva	0	1	0	1
robotoy	mex	0	2	0	5.5
robotoy	nld	0	1	0	2
robotoy	nor	0	4	0	3
robotoy	pak	0	1	0	2
robotoy	per	0	5	0	6.8
robotoy	pol	0	3	0	1.33
robotoy	rou	0	2	0	1
robotoy	srb	0	1	0	2
robotoy	swe	0	14	0	3.5
robotoy	tha	0	1	0	10
robotoy	tur	0	3	0	4.33
robotoy	twn	0	2	0	6.5
robotoy	ury	0	1	0	3
robotoy	usa	0	1	0	9
robotoy base	gbr	0	1	0	30
robotoya	cze	0	1	0	1
robotoys	are	0	1	0	2
robotoys	can	0	6	0	3.5
robotoys	idn	0	1	0	2
robotoys	isr	0	1	0	1
robotoys	kor	0	2	0	2.5
robotoys	mac	0	2	0	1
robotoys	mys	0	2	0	1
robotoys	phl	0	1	0	2
robotoys	sau	0	1	0	1
robotoys	sgp	0	3	0	4.33
robotoys	tur	0	1	0	1
robotoys	twn	0	18	0	5.89
robotoys official website	aus	0	1	0	5
robotoys official website	bra	0	1	0	2
robotoys official website	esp	0	1	0	9
robotoys official website	ita	0	1	0	2
robotoys official website	jpn	0	1	0	4
robotoys official website	swe	0	2	0	2
robotoys sk	aut	0	1	0	6
robotoys sk	cze	0	1	0	2
robotoys sk	svk	0	20	0	6.5
robotoyz	nld	0	1	0	2
robotoyz	per	0	1	0	5
robotszu	deu	0	2	0	46.5
robotszu	esp	0	1	0	49
robotszu	nld	0	1	0	58
robotys	cze	0	2	0	2
robotys	fra	0	2	0	8
robotys	svk	0	3	0	7
robovision ltd	gbr	0	1	0	59
robowood	esp	0	1	0	3
robowood	usa	0	1	0	10
robtoys	deu	0	1	0	8
robtoys	fra	0	4	0	1.5
robtoys	nld	0	1	0	5
robtoys	usa	0	2	0	50
rock robotic	usa	0	1	0	2
rocker puzzle	esp	0	1	0	7
rocker puzzles	fin	0	1	0	9
rocker puzzles	nld	0	1	0	8
rockr	esp	0	1	0	31
rockr puzzle	esp	0	1	0	3
rockr puzzle	pol	0	1	0	1
rodatoys	esp	0	1	0	36
rode anjer	nld	0	1	0	11
rode raceauto	nld	0	2	0	1
roewood	svk	0	1	0	4
rofile	ita	0	4	0	5.5
roflie	esp	0	1	0	6
roflife	esp	0	2	0	7
roflife	pol	0	1	0	2
roglife	dnk	0	1	0	3
roglife	lva	0	1	0	4
rohlife	esp	0	1	0	11
rohood	mar	0	1	0	9
roife	pol	0	1	0	4
roilife	esp	0	1	0	7
roilife	ita	0	1	0	3
roivoli	fin	0	1	0	39
rok box	usa	0	1	0	22
rok r	ita	0	1	0	6
rok r	svn	0	1	0	8
rokar	ind	0	1	0	78
roker	esp	0	1	0	59
rokife	ita	0	1	0	4
rokkr puzzle	arg	0	2	0	10.5
rokkr puzzle	ita	0	1	0	9
roklr	nld	0	1	0	8
rokor	usa	0	2	0	45.5
rokorokubi	hun	0	12	0	17.83
rokr	alb	0	1	0	7
rokr	are	0	2	0	7.5
rokr	arg	0	1	0	8
rokr	aus	0	3	0	24
rokr	aut	0	5	0	10
rokr	bel	0	42	0	16.71
rokr	bgd	0	1	0	81
rokr	bih	0	1	0	6
rokr	bra	0	7	0	14.57
rokr	can	0	5	0	26.4
rokr	che	0	4	0	8.25
rokr	chl	0	2	0	16.5
rokr	chn	0	1	0	29
rokr	col	0	1	0	6
rokr	cri	0	1	0	8
rokr	cyp	0	2	0	9
rokr	deu	0	41	0	18.05
rokr	fin	0	22	0	8.95
rokr	gbr	0	47	0	28.45
rokr	grc	0	60	0	8.43
rokr	gtm	0	3	0	7.67
rokr	hkg	0	5	0	24.6
rokr	hnd	0	3	0	6.67
rokr	idn	0	4	0	22
rokr	ind	0	12	0	10.42
rokr	irl	0	10	0	5.4
rokr	irn	0	2	0	9
rokr	irq	0	1	0	7
rokr	isl	0	2	0	5
rokr	isr	0	5	0	14.4
rokr	jpn	0	1	0	28
rokr	kor	0	4	0	8.25
rokr	lbn	0	1	0	11
rokr	lux	0	1	0	14
rokr	lva	0	10	0	5.9
rokr	mex	0	6	0	14
rokr	mkd	0	1	0	8
rokr	mlt	0	3	0	7.67
rokr	moz	0	1	0	10
rokr	mys	0	1	0	6
rokr	nld	0	45	0	23.87
rokr	nor	0	12	0	7.67
rokr	nzl	0	2	0	16.5
rokr	pak	0	1	0	7
rokr	pan	0	1	0	8
rokr	per	0	4	0	17.75
rokr	phl	0	3	0	18.67
rokr	prt	0	54	0	5.67
rokr	rou	0	46	0	5.09
rokr	rus	0	4	0	19.75
rokr	sau	0	1	0	14
rokr	sgp	0	5	0	12
rokr	slv	0	1	0	6
rokr	srb	0	2	0	6
rokr	svk	0	3	0	8.67
rokr	tha	0	1	0	30
rokr	tur	0	2	0	10.5
rokr	ukr	0	5	0	5.8
rokr	usa	0	8	0	58.12
rokr	uzb	0	1	0	6
rokr	vnm	0	3	0	20.33
rokr	zaf	0	3	0	13
rokr 3d	bgr	0	1	0	3
rokr 3d	cze	0	1	0	2
rokr 3d	dnk	0	1	0	6
rokr 3d	hun	0	1	0	3
rokr 3d	ita	0	4	0	3.5
rokr 3d	nld	0	14	0	20.57
rokr 3d	pol	0	1	0	1
rokr 3d	rou	0	1	0	5
rokr 3d holzpuzzle	deu	0	2	0	23.5
rokr 3d pinball	bgr	0	1	0	8
rokr 3d pinball	deu	0	14	0	6.93
rokr 3d pinball	dnk	0	1	0	1
rokr 3d pinball	esp	0	1	0	7
rokr 3d pinball	fra	0	2	0	4
rokr 3d pinball	grc	0	1	0	12
rokr 3d pinball	phl	0	1	0	8
rokr 3d pinball	pol	0	1	0	4
rokr 3d pinball machine	pol	0	2	0	2.5
rokr 3d pinball machine	swe	0	1	0	10
rokr 3d pinball machine 3d wooden puzzle eg01	bgr	0	1	0	9
rokr 3d pinball machine 3d wooden puzzle eg01	cze	0	2	0	2.5
rokr 3d pinball machine 3d wooden puzzle eg01	pol	0	1	0	3
rokr 3d pinball machine 3d wooden puzzle eg01	usa	0	1	0	16
rokr 3d pinball machine eg01	are	0	1	0	10
rokr 3d puzzle	deu	0	3	0	32.67
rokr 3d puzzle	esp	0	1	0	3
rokr 3d puzzle	fin	0	1	0	9
rokr 3d puzzle	gbr	0	2	0	9.5
rokr 3d puzzle	ita	0	1	0	3
rokr 3d puzzle	mda	0	1	0	5
rokr 3d puzzles	esp	0	2	0	4
rokr 3d puzzles	gbr	0	2	0	31.5
rokr 3d puzzles	ita	0	1	0	6
rokr 3d wooden puzzle	ita	0	9	0	5.56
rokr 3d wooden puzzle	nld	0	2	0	36.5
rokr 3d wooden puzzle	pol	0	1	0	2
rokr 3d wooden puzzles	esp	0	1	0	8
rokr 3d wooden puzzles	ita	0	1	0	6
rokr 3d wooden puzzles for adults	usa	0	1	0	18
rokr ak	nld	0	1	0	10
rokr ak 47	nld	0	3	0	12
rokr ak 47	swe	0	1	0	11
rokr ak 47	usa	0	1	0	24
rokr ak-47	swe	0	1	0	8
rokr ak-47	usa	0	1	0	23
rokr ak-47 assault rifle gun toy 3d wooden puzzle lq901	dnk	0	1	0	10
rokr ak-47 assault rifle gun toy 3d wooden puzzle lq901	esp	0	1	0	6
rokr ak47	can	0	1	0	39
rokr ak47	cze	0	1	0	3
rokr ak47	deu	0	1	0	6
rokr ak47	dnk	0	2	0	10
rokr ak47	fra	0	3	0	6.33
rokr ak47	qat	0	1	0	9
rokr ak47	svn	0	1	0	10
rokr ak47	swe	0	1	0	8
rokr ak47	usa	0	5	0	13.2
rokr amk63	pol	0	1	0	1
rokr amk63	prt	0	1	0	3
rokr amk81	nic	0	1	0	9
rokr amk81	nld	0	1	0	6
rokr amk81	pol	0	1	0	2
rokr auto	deu	0	5	0	18.8
rokr bausatz	deu	0	1	0	39
rokr bausätze	deu	0	1	0	33
rokr bausätze	tur	0	1	0	38
rokr brand	twn	0	1	0	9
rokr brasil	bra	0	1	0	10
rokr byggsats	chn	0	1	0	2
rokr candy factory	deu	0	1	0	8
rokr candy factory	pol	0	1	0	1
rokr car	fin	0	1	0	12
rokr car	geo	0	1	0	9
rokr carousel	gbr	0	1	0	24
rokr carousel	nld	0	5	0	8.8
rokr catalogue	fra	0	1	0	18
rokr catalogue	ind	0	1	0	10
rokr cello	deu	0	1	0	11
rokr cello	esp	0	2	0	7.5
rokr cello	usa	0	2	0	25
rokr cello music box	nld	0	1	0	9
rokr chocolate factory	bel	0	3	0	9
rokr chocolate factory	deu	0	9	0	6.67
rokr chocolate factory	esp	0	1	0	9
rokr chocolate factory	fra	0	3	0	8.67
rokr chocolate factory	hun	0	1	0	4
rokr chocolate factory	nld	0	7	0	10.57
rokr chocolate factory	pol	0	1	0	3
rokr chocolate factory	svk	0	1	0	7
rokr christmas	ita	0	2	0	9
rokr christmas	mlt	0	1	0	8
rokr christmas	nld	0	1	0	17
rokr christmas	usa	0	1	0	20
rokr christmas dream gift factory	can	0	1	0	29
rokr christmas dream gift factory	ita	0	2	0	4.5
rokr christmas dream gift factory	usa	0	1	0	18
rokr christmas dream gift factory wooden music box	usa	0	1	0	14
rokr christmas tree	usa	0	1	0	1
rokr classic city tram	ita	0	1	0	3
rokr classic city tram	ltu	0	1	0	5
rokr classic city tram	nld	0	1	0	7
rokr clock	ita	0	3	0	8.67
rokr clock puzzle	nld	0	1	0	11
rokr company	aus	0	1	0	10
rokr company	che	0	2	0	6.5
rokr company	egy	0	1	0	11
rokr company	ind	0	1	0	6
rokr company	tha	0	1	0	9
rokr company	twn	0	1	0	8
rokr corsac m60	pol	0	1	0	2
rokr cruiser motorcycle	irl	0	1	0	7
rokr cruiser motorcycle	pol	0	1	0	2
rokr cuckoo clock	prt	0	1	0	4
rokr cuckoo clock mechanical 3d wooden puzzle	aut	0	3	0	9.33
rokr cuckoo clock mechanical 3d wooden puzzle	grc	0	1	0	16
rokr cuckoo clock mechanical 3d wooden puzzle	irl	0	1	0	9
rokr cuckoo clock mechanical 3d wooden puzzle	prt	0	1	0	11
rokr cuckoo clock mechanical 3d wooden puzzle	usa	0	1	0	3
rokr diy	esp	0	1	0	7
rokr dream	ita	0	2	0	4.5
rokr dream gift factory	arg	0	1	0	1
rokr dream gift factory	bra	0	1	0	1
rokr dream gift factory	deu	0	1	0	26
rokr dream gift factory	dnk	0	1	0	16
rokr dream gift factory	est	0	1	0	6
rokr dream gift factory	gbr	0	1	0	31
rokr dream gift factory	hun	0	5	0	3
rokr dream gift factory	ita	0	15	0	5.53
rokr dream gift factory	ken	0	1	0	1
rokr dream gift factory	mex	0	1	0	1
rokr dream gift factory	prt	0	1	0	8
rokr dream gift factory	usa	0	2	0	16
rokr dream gift factory	ven	0	1	0	1
rokr dream gift factory eab01	esp	0	1	0	5
rokr dream gift factory wooden music box eab01	vnm	0	1	0	25
rokr eab01	che	0	2	0	6
rokr eab01	chn	0	1	0	8
rokr eab01	esp	0	1	0	4
rokr eab01	fra	0	2	0	4.5
rokr eab01	hkg	0	1	0	9
rokr eab01	kaz	0	1	0	4
rokr eab01	nld	0	6	0	8
rokr eab01	rou	0	1	0	6
rokr eab01	svn	0	1	0	2
rokr eab01	swe	0	1	0	3
rokr eab01	usa	0	1	0	10
rokr eab01	vnm	0	1	0	7
rokr eg01	cze	0	1	0	2
rokr eg01	deu	0	2	0	5.5
rokr eg01	hun	0	1	0	3
rokr eg01	ita	0	1	0	7
rokr eg01	nld	0	2	0	6
rokr electric guitar	bel	0	1	0	8
rokr electric guitar	fin	0	1	0	11
rokr electric guitar	ita	0	3	0	5.67
rokr electric guitar	nld	0	2	0	8
rokr electric guitar	nor	0	1	0	12
rokr electric guitar	prt	0	4	0	11.25
rokr electric guitar	usa	0	1	0	33
rokr electric guitar instructions	usa	0	1	0	8
rokr electric guitar model 3d wooden puzzle tg605k	deu	0	1	0	4
rokr españa	gtm	0	1	0	3
rokr europe	bel	0	1	0	3
rokr europe	chn	0	1	0	1
rokr europe	lux	0	1	0	2
rokr europe	prt	0	3	0	2.33
rokr excavator	esp	0	1	0	1
rokr excavator	ita	0	1	0	6
rokr film projector	mys	0	2	0	9
rokr flipper	aut	0	6	0	6.33
rokr flipper	bel	0	1	0	7
rokr flipper	che	0	2	0	7.5
rokr flipper	deu	0	51	0	7.67
rokr flipper	dnk	0	1	0	5
rokr flipper	fra	0	5	0	7.2
rokr flipper	hun	0	3	0	4.33
rokr flipper	ita	0	11	0	7.82
rokr flipper	nld	0	3	0	39
rokr flipper	reu	0	1	0	9
rokr flipper pinball 3d	che	0	1	0	11
rokr flipper pinball 3d	hun	0	2	0	5.5
rokr flipper pinball 3d	ita	0	1	0	8
rokr flipperkast	aut	0	3	0	4
rokr flipperkast	hun	0	1	0	4
rokr flipperkast	nld	0	2	0	27
rokr flop	bra	0	1	0	8
rokr flop	esp	0	1	0	2
rokr france	esp	0	1	0	9
rokr gatling gun	swe	0	1	0	20
rokr gear ball challenge	deu	0	2	0	10.5
rokr gear ball challenge	nld	0	3	0	12
rokr gear ball challenge 3d wooden puzzle egc01	deu	0	1	0	10
rokr gear ball challenge egc01	usa	0	1	0	10
rokr gift factory	hun	0	2	0	2.5
rokr gift factory	ita	0	1	0	7
rokr gift factory	pol	0	2	0	3
rokr globe	esp	0	1	0	7
rokr globe	gbr	0	1	0	28
rokr globe	ita	0	1	0	6
rokr globe	jor	0	1	0	17
rokr globe	nld	0	12	0	10.25
rokr globe	prt	0	1	0	11
rokr globe	swe	0	1	0	10
rokr globe	usa	0	2	0	17.5
rokr globe lumineux	pak	0	1	0	13
rokr globe puzzle	pol	0	1	0	4
rokr globe puzzle	prt	0	1	0	5
rokr globus	cze	0	2	0	2
rokr globus	deu	0	4	0	17
rokr globus	dnk	0	1	0	3
rokr globus	pol	0	5	0	1
rokr gramophone	pol	0	1	0	8
rokr grand prix car	esp	0	3	0	7
rokr grand prix car	fin	0	1	0	9
rokr grand prix car	hrv	0	1	0	6
rokr grand prix car	ita	0	1	0	4
rokr grand prix car	nld	0	4	0	11.25
rokr grand prix car	pol	0	1	0	2
rokr guitar	ita	0	1	0	5
rokr guitar model	bel	0	1	0	12
rokr gun	ukr	0	1	0	17
rokr harp	fin	0	2	0	10.5
rokr harry potter	cze	0	1	0	10
rokr helmet	prt	0	1	0	8
rokr holz	alb	0	1	0	9
rokr holz	deu	0	14	0	17.64
rokr holzmodelle	deu	0	3	0	23.67
rokr holzpuzzle	deu	0	5	0	20.6
rokr horloge	fra	0	1	0	27
rokr italia	fra	0	1	0	1
rokr jeep	deu	0	1	0	3
rokr jeep	esp	0	1	0	1
rokr jeep	nld	0	1	0	8
rokr justice guard ak47	pol	0	1	0	9
rokr kerst	bel	0	1	0	2
rokr kerst	nld	0	2	0	5
rokr kits	gbr	0	1	0	29
rokr koekoeksklok	bel	0	1	0	19
rokr koekoeksklok	nld	0	1	0	17
rokr kuckucksuhr	deu	0	7	0	11.71
rokr kuckucksuhr anleitung deutsch	pol	0	1	0	10
rokr lc901c	deu	0	2	0	7.5
rokr lc901c	esp	0	1	0	3
rokr lc901c	fra	0	1	0	6
rokr lc901c	nld	0	4	0	8
rokr lc901c	nor	0	2	0	6
rokr lc901c	rou	0	1	0	1
rokr lg501	fra	0	1	0	3
rokr lga01	ukr	0	1	0	7
rokr lk701	deu	0	3	0	5.33
rokr lk701	esp	0	2	0	2.5
rokr lk701	fra	0	2	0	3
rokr lk701	gbr	0	1	0	10
rokr lk701	nld	0	3	0	5
rokr lk701	twn	0	1	0	7
rokr lk701	ukr	0	1	0	6
rokr lk701	usa	0	2	0	10
rokr lk703b	esp	0	1	0	8
rokr lk703b	pol	0	1	0	5
rokr lka02	bgr	0	1	0	7
rokr lka02	esp	0	2	0	5.5
rokr lka02	fra	0	1	0	7
rokr lka02	pol	0	1	0	3
rokr locomotive	deu	0	4	0	4.75
rokr locomotive	fra	0	3	0	9.67
rokr locomotive	gbr	0	32	0	27.22
rokr locomotive	hun	0	1	0	9
rokr locomotive	irl	0	1	0	8
rokr locomotive	nld	0	8	0	9.25
rokr locomotive	nor	0	1	0	10
rokr locomotive	usa	0	1	0	21
rokr locomotive lk701	bel	0	1	0	4
rokr locomotive lk701	deu	0	5	0	6.4
rokr locomotive lk701	esp	0	5	0	3.8
rokr locomotive lk701	gbr	0	50	0	13.94
rokr locomotive lk701	irl	0	1	0	3
rokr locomotive lk701	nor	0	1	0	3
rokr locomotive lk701	pol	0	1	0	6
rokr locomotive lk701	rou	0	1	0	13
rokr locomotive lk701	usa	0	1	0	9
rokr locomotive mechanical gears	cze	0	1	0	10
rokr logo	aus	0	2	0	8
rokr logo	fin	0	1	0	7
rokr logo	gbr	0	1	0	8
rokr logo	ind	0	1	0	5
rokr logo	nzl	0	1	0	7
rokr logo	pak	0	2	0	5.5
rokr logo	swe	0	1	0	7
rokr london	deu	0	4	0	10.5
rokr luminous globe	esp	0	1	0	15
rokr luminous globe	gbr	0	1	0	33
rokr luminous globe	ita	0	2	0	8
rokr luminous globe	usa	0	1	0	20
rokr luminous globe 3d wooden puzzle	ita	0	1	0	8
rokr luminous globe 3d wooden puzzle	prt	0	1	0	7
rokr luminous globe 3d wooden puzzle	ukr	0	1	0	7
rokr luminous globe st003	deu	0	1	0	9
rokr luminous globe st003d	ita	0	1	0	2
rokr machine a ecrire	bel	0	1	0	12
rokr machine a ecrire	fra	0	7	0	11.57
rokr magic cello	ita	0	5	0	4.6
rokr magic cello	twn	0	1	0	36
rokr magic cello mechanical music box 3d wooden puzzle	usa	0	19	0	1
rokr magic piano	deu	0	2	0	11
rokr magic piano	esp	0	5	0	6.2
rokr magic piano	ita	0	8	0	3.38
rokr magic piano	nld	0	1	0	12
rokr magic piano () reviews	usa	0	1	0	5
rokr magic piano mechanical music box 3d wooden puzzle amk81	irl	0	3	0	8
rokr magic piano mechanical music box 3d wooden puzzle amk81	usa	0	1	0	46
rokr magic piano music box	esp	0	10	0	9
rokr maquetas	and	0	1	0	3
rokr maquetas	bel	0	1	0	7
rokr maquetas	chn	0	2	0	5
rokr maquetas	deu	0	1	0	3
rokr maquetas	dom	0	1	0	6
rokr maquetas	fra	0	1	0	8
rokr maquetas	gbr	0	1	0	7
rokr maquetas	gtm	0	1	0	6
rokr maquetas	jpn	0	1	0	6
rokr maquetas	pan	0	1	0	7
rokr maquetas	per	0	2	0	7
rokr maquetas	swe	0	1	0	4
rokr maquetas	usa	0	1	0	10
rokr maquina de escribir	esp	0	12	0	7.67
rokr marble	esp	0	1	0	4
rokr marble	ita	0	1	0	8
rokr marble night city	bra	0	1	0	5
rokr marble night city	che	0	1	0	10
rokr marble night city	dnk	0	2	0	6.5
rokr marble night city	esp	0	5	0	7
rokr marble night city	hun	0	3	0	2.67
rokr marble night city	irl	0	1	0	9
rokr marble night city	ita	0	2	0	4
rokr marble night city	jpn	0	1	0	8
rokr marble night city	nld	0	2	0	8.5
rokr marble night city	pol	0	3	0	5
rokr marble night city	svn	0	1	0	8
rokr marble night city	usa	0	6	0	13
rokr marble night city	zaf	0	2	0	10.5
rokr marble night city 3d wooden puzzle	phl	0	1	0	21
rokr marble night city 3d wooden puzzle	usa	0	1	0	11
rokr marble night city lga01	hun	0	1	0	2
rokr marble night city lga01	nld	0	1	0	7
rokr marble parkour	aut	0	1	0	9
rokr marble parkour	esp	0	1	0	3
rokr marble parkour	fin	0	3	0	10.33
rokr marble parkour	fra	0	1	0	6
rokr marble parkour	swe	0	2	0	3
rokr marble parkour lg501	bra	0	1	0	9
rokr marble parkour lg501	deu	0	1	0	7
rokr marble parkour lg501	esp	0	1	0	1
rokr marble parkour lg501	fra	0	1	0	5
rokr marble parkour lg501	nld	0	2	0	8
rokr marble run night city	ukr	0	1	0	15
rokr marble travel london marble run 3d wooden puzzle	usa	0	1	0	1
rokr mc501	deu	0	1	0	3
rokr mcb02	cze	0	1	0	2
rokr mcb02	kaz	0	1	0	4
rokr mcb02	tha	0	1	0	22
rokr meaning	gbr	0	2	0	10
rokr meaning	hkg	0	1	0	7
rokr meaning	mys	0	2	0	8.5
rokr meaning	phl	0	2	0	9.5
rokr meaning	tha	0	1	0	7
rokr meaning	usa	0	3	0	8
rokr mechanical gears	ind	0	1	0	34
rokr mechanical gears	usa	0	1	0	34
rokr mechanical music box	gbr	0	1	0	22
rokr mechanical music box	nld	0	1	0	17
rokr mechanical music box	usa	0	1	0	9
rokr mechanical music box starry night	aus	0	1	0	19
rokr mechanical orrery st001	cyp	0	1	0	5
rokr mechanical orrery st001	ita	0	1	0	6
rokr mechanical orrery st001	prt	0	3	0	7
rokr mechanical orrery st001 3d wooden puzzle	irl	0	1	0	9
rokr mechanical typewriter	ltu	0	1	0	13
rokr mechanical typewriter lk703b	cze	0	1	0	8
rokr metal	cze	0	1	0	8
rokr metal	fra	0	1	0	2
rokr mini gun	fin	0	1	0	7
rokr mini gun	usa	0	2	0	20
rokr minigun	swe	0	1	0	17
rokr model	pol	0	1	0	1
rokr modelbouw	nld	0	1	0	26
rokr modele	are	0	1	0	2
rokr modele	che	0	1	0	2
rokr modele	fra	0	1	0	8
rokr modele	swe	0	2	0	6.5
rokr modele	usa	0	1	0	1
rokr modelle	deu	0	16	0	17.94
rokr modelle	esp	0	1	0	10
rokr modelle	hrv	0	1	0	10
rokr modelle	idn	0	1	0	10
rokr modelle	nor	0	1	0	7
rokr modelle	tha	0	1	0	9
rokr models	cyp	0	1	0	9
rokr models	cze	0	3	0	6
rokr models	deu	0	1	0	20
rokr models	esp	0	1	0	7
rokr models	gbr	0	7	0	27.29
rokr models	irl	0	2	0	9.5
rokr models	ita	0	2	0	6
rokr models	mlt	0	1	0	11
rokr models	nld	0	2	0	16.5
rokr models	pol	0	8	0	3
rokr models	prt	0	2	0	8
rokr monocular telescope	bel	0	1	0	12
rokr monocular telescope	nld	0	1	0	9
rokr monocular telescope	phl	0	1	0	5
rokr monopoly	esp	0	1	0	1
rokr motor	fin	0	1	0	7
rokr motor	tha	0	2	0	4
rokr motorcycle	aut	0	1	0	9
rokr motorcycle	bel	0	1	0	13
rokr motorcycle	fin	0	1	0	10
rokr motorcycle	usa	0	1	0	10
rokr music box	gbr	0	1	0	24
rokr nederland	nld	0	2	0	20.5
rokr night city	bra	0	1	0	8
rokr night city	fra	0	1	0	6
rokr night city	lva	0	1	0	3
rokr night city	nld	0	2	0	7
rokr official	pol	0	1	0	6
rokr online	cze	0	2	0	3
rokr orpheus	bel	0	1	0	5
rokr orpheus	can	0	1	0	14
rokr orpheus	deu	0	2	0	6
rokr orpheus	fra	0	1	0	1
rokr orpheus	ita	0	2	0	3
rokr orpheus	nld	0	1	0	4
rokr orrery	esp	0	1	0	5
rokr owl	pol	0	1	0	2
rokr owl clock	gbr	0	6	0	30.83
rokr owl clock	isl	0	1	0	8
rokr owl clock	ltu	0	1	0	9
rokr owl clock	mar	0	1	0	37
rokr owl clock	rou	0	1	0	8
rokr owl clock	usa	0	2	0	12.5
rokr owl clock	zaf	0	1	0	35
rokr owl clock instructions pdf	cri	0	1	0	18
rokr owl clock lk503	bel	0	1	0	8
rokr pendulum clock	nld	0	3	0	29
rokr perpetual calendar	ita	0	1	0	12
rokr piano	bel	0	1	0	10
rokr piano	bra	0	1	0	10
rokr piano	cze	0	2	0	2.5
rokr piano	dnk	0	1	0	11
rokr piano	esp	0	4	0	5
rokr piano	fra	0	7	0	7.29
rokr piano	ita	0	2	0	4.5
rokr piano	nld	0	12	0	10
rokr pinball	cze	0	5	0	1.2
rokr pinball	deu	0	23	0	6.65
rokr pinball	dnk	0	1	0	9
rokr pinball	esp	0	10	0	10.1
rokr pinball	gbr	0	1	0	32
rokr pinball	hun	0	1	0	6
rokr pinball	ita	0	14	0	8.79
rokr pinball	nld	0	2	0	17.5
rokr pinball	pol	0	8	0	3.88
rokr pinball	prt	0	1	0	9
rokr pinball	swe	0	12	0	6.17
rokr pinball	usa	0	50	0	7.66
rokr pinball machine	cze	0	1	0	10
rokr pinball machine	deu	0	1	0	4
rokr pinball machine	gbr	0	1	0	11
rokr pinball machine	ltu	0	1	0	9
rokr pinball machine	twn	0	1	0	11
rokr pistol	deu	0	3	0	2
rokr plane	nld	0	1	0	25
rokr planetarium	esp	0	1	0	3
rokr planetarium	irl	0	1	0	9
rokr prime steam express	esp	0	1	0	6
rokr prime steam express mc501	esp	0	1	0	5
rokr products	vnm	0	1	0	16
rokr puzzle	bel	0	5	0	5.2
rokr puzzle	cze	0	2	0	2.5
rokr puzzle	deu	0	8	0	21
rokr puzzle	dnk	0	2	0	9
rokr puzzle	egy	0	1	0	31
rokr puzzle	esp	0	20	0	3.95
rokr puzzle	fin	0	2	0	19
rokr puzzle	gbr	0	31	0	28.52
rokr puzzle	hrv	0	1	0	8
rokr puzzle	hun	0	3	0	9.67
rokr puzzle	isl	0	1	0	8
rokr puzzle	mex	0	5	0	6.4
rokr puzzle	nld	0	1	0	11
rokr puzzle	nor	0	1	0	10
rokr puzzle	prt	0	2	0	11
rokr puzzle	rou	0	8	0	17
rokr puzzle	svk	0	2	0	3
rokr puzzle	svn	0	1	0	7
rokr puzzle	swe	0	3	0	12.33
rokr puzzle	usa	0	3	0	28
rokr puzzle 3d	bel	0	2	0	5
rokr puzzle 3d	can	0	2	0	15.5
rokr puzzle 3d	che	0	1	0	8
rokr puzzle 3d	cze	0	1	0	1
rokr puzzle 3d	esp	0	13	0	3.54
rokr puzzle 3d	fra	0	18	0	8.89
rokr puzzle 3d	nld	0	1	0	5
rokr puzzle 3d	pol	0	7	0	1
rokr puzzle 3d legno	ita	0	11	0	2.73
rokr puzzle 3d madera	esp	0	29	0	4.31
rokr puzzle box	irl	0	1	0	13
rokr puzzles	arg	0	1	0	10
rokr puzzles	deu	0	1	0	25
rokr puzzles	gbr	0	31	0	29.81
rokr puzzles	pol	0	1	0	2
rokr puzzles near me	pol	0	1	0	6
rokr racing car	lbn	0	1	0	10
rokr racing car	usa	0	1	0	11
rokr racing car lk505	esp	0	2	0	4
rokr racing car lk505	fra	0	2	0	9
rokr reloj	esp	0	1	0	2
rokr revolver	bra	0	5	0	1
rokr revolver	nld	0	1	0	7
rokr rifle	cze	0	1	0	1
rokr robot	ita	0	1	0	5
rokr robotime	pol	0	2	0	9.5
rokr rolife	esp	0	1	0	5
rokr romantic carousel	rou	0	1	0	13
rokr rompecabezas	mex	0	6	0	10
rokr rotating barrel machine gun	ita	0	1	0	7
rokr sale	dnk	0	1	0	12
rokr sale	gbr	0	43	0	30.49
rokr seahorse barque	ltu	0	1	0	7
rokr shop	aut	0	1	0	14
rokr shop	ita	0	2	0	7.5
rokr solar system	col	0	1	0	11
rokr solar system	fin	0	3	0	10
rokr solar system	ita	0	1	0	3
rokr solar system planetary orbits	esp	0	1	0	6
rokr space shuttle	deu	0	2	0	21
rokr space shuttle 3d wooden puzzle lka02	fin	0	2	0	9.5
rokr space shuttle 3d wooden puzzle lka02	hun	0	1	0	9
rokr space shuttle lka02	deu	0	1	0	10
rokr space shuttle lka02	irl	0	1	0	6
rokr space shuttle lka02	nld	0	1	0	13
rokr space shuttle mechanical 3d wooden puzzle	usa	0	1	0	29
rokr spare parts	gbr	0	1	0	52
rokr st003	cze	0	1	0	2
rokr st003	est	0	1	0	2
rokr st003	ind	0	1	0	9
rokr st003	nld	0	1	0	10
rokr st003	pol	0	1	0	5
rokr st003d	cze	0	1	0	3
rokr st003d	deu	0	2	0	8
rokr st003d	ita	0	1	0	2
rokr starry night	deu	0	1	0	9
rokr starry night	esp	0	3	0	8
rokr starry night	fra	0	2	0	5
rokr starry night	ita	0	2	0	4
rokr starry night	pol	0	2	0	2
rokr starry night	usa	0	1	0	38
rokr starry night mechanical music box	svn	0	1	0	5
rokr stavebnice	bgr	0	2	0	2
rokr stavebnice	gbr	0	1	0	5
rokr stavebnice	svk	0	16	0	7.81
rokr steam engine	usa	0	1	0	32
rokr steam engine mechanical 3d wooden puzzle lka01	esp	0	1	0	8
rokr steampunk	pol	0	1	0	4
rokr store	deu	0	1	0	7
rokr store	nld	0	1	0	4
rokr store near me	nor	0	1	0	9
rokr submachine gun	deu	0	1	0	9
rokr submachine gun	ita	0	1	0	9
rokr sverige	swe	0	4	0	2
rokr swing ride	cze	0	5	0	2
rokr swing ride	deu	0	1	0	10
rokr swing ride	esp	0	1	0	6
rokr swing ride	gbr	0	1	0	32
rokr swing ride	ita	0	2	0	5.5
rokr swing ride	pol	0	1	0	2
rokr swing ride	usa	0	2	0	23.5
rokr telescope	fra	0	2	0	5.5
rokr telescope	gtm	0	1	0	6
rokr telescope	kor	0	1	0	6
rokr telescope	prt	0	1	0	9
rokr telescope	swe	0	2	0	12
rokr the seahorse barque 3d wooden puzzle mcb02	cze	0	1	0	2
rokr the seahorse barque 3d wooden puzzle mcb02	esp	0	1	0	8
rokr the seahorse barque 3d wooden puzzle mcb02	est	0	1	0	7
rokr the seahorse barque 3d wooden puzzle mcb02	ita	0	1	0	7
rokr the seahorse barque 3d wooden puzzle mcb02	svk	0	1	0	8
rokr thompson	ita	0	1	0	5
rokr thompson	mex	0	2	0	1.5
rokr thompson submachine gun	esp	0	1	0	12
rokr thompson submachine gun	fra	0	2	0	11
rokr tienda	esp	0	1	0	6
rokr tienda	mex	0	2	0	10
rokr tommy gun	pol	0	3	0	1
rokr train	bgr	0	1	0	4
rokr train	esp	0	3	0	8
rokr train	fra	0	2	0	6.5
rokr train	usa	0	1	0	5
rokr train model	usa	0	5	0	5.8
rokr tram	bel	0	3	0	4
rokr tram	gbr	0	3	0	7
rokr tram	nld	0	5	0	4.4
rokr treasure box	aus	0	1	0	25
rokr treasure box	fra	0	1	0	9
rokr treasure box	ita	0	1	0	4
rokr treasure tray	ita	0	1	0	8
rokr treasure tray	prt	0	1	0	13
rokr typewriter	nld	0	2	0	33.5
rokr uil klok	nld	0	1	0	13
rokr uk	gbr	0	1	0	34
rokr velociraptor	cze	0	1	0	6
rokr velociraptor	esp	0	2	0	5
rokr velociraptor	ita	0	1	0	4
rokr victorian lantern	aus	0	1	0	6
rokr victorian lantern	deu	0	1	0	6
rokr victorian lantern	fra	0	1	0	6
rokr victorian lantern	rou	0	3	0	4.33
rokr victorian lantern	usa	0	1	0	4
rokr view all games & puzzles	gbr	0	42	0	30.93
rokr vintage car	arm	0	1	0	3
rokr vintage car	dom	0	1	0	2
rokr violin	esp	0	2	0	3
rokr violin	ita	0	2	0	3
rokr violin	prt	0	1	0	8
rokr violin	svk	0	1	0	9
rokr violin	usa	0	1	0	14
rokr violin capriccio	fin	0	1	0	8
rokr vitascope	aus	0	1	0	31
rokr vitascope	deu	0	6	0	19
rokr vitascope	esp	0	3	0	11
rokr vitascope	fra	0	3	0	28.33
rokr vitascope	hrv	0	1	0	6
rokr vitascope	ind	0	1	0	10
rokr vitascope	ita	0	4	0	3
rokr vitascope	ltu	0	2	0	5.5
rokr vitascope	usa	0	1	0	30
rokr vitascope film	aus	0	1	0	23
rokr vitascope lk601	ind	0	1	0	9
rokr wereldbol	nld	0	1	0	1
rokr wood	bel	0	1	0	9
rokr wood	ita	0	1	0	5
rokr wooden	ukr	0	1	0	10
rokr wooden models	gbr	0	1	0	33
rokr wooden puzzles	esp	0	2	0	5
rokr wooden puzzles	est	0	1	0	2
rokr wooden puzzles	gbr	0	2	0	24.5
rokr wooden puzzles	ita	0	1	0	8
rokr wooden puzzles	pol	0	1	0	2
rokr wooden puzzles	usa	0	1	0	19
rokr zodiac wall clock	esp	0	2	0	9.5
rokr zodiac wall clock	ita	0	1	0	7
rokr конструктор	est	0	1	0	18
rokr конструктор деревянный	rus	0	3	0	23.33
rokr ピンボール	jpn	0	1	0	35
rokr 公司	gbr	0	1	0	18
rokr.	esp	0	1	0	5
rokr.	swe	0	1	0	4
rokr.com	cze	0	1	0	6
rokro	ita	0	1	0	10
rokrs	eth	0	1	0	9
rokrs	ita	0	1	0	8
rokrs	mlt	0	1	0	9
rokrs	nld	0	1	0	11
roku puzzles	pol	0	1	0	5
rolaif	esp	0	1	0	7
rolaif	ita	0	2	0	5
rolelife	ita	0	2	0	6.5
rolfie	bgr	0	2	0	5
rolfie	dnk	0	4	0	3.25
rolfie	esp	0	7	0	19
rolfie	est	0	1	0	3
rolfie	hun	0	1	0	2
rolief	esp	0	1	0	10
rolief	hun	0	1	0	5
rolief	pol	0	1	0	5
rolif	fra	0	5	0	7.6
rolif3	esp	0	1	0	8
rolif3	pol	0	1	0	6
rolifd	dnk	0	2	0	3
rolifd	pol	0	1	0	3
rolife	aus	0	21	0	66.05
rolife	aut	0	3	0	6
rolife	bel	0	4	0	24.5
rolife	bgd	0	2	0	31.5
rolife	bra	0	2	0	26
rolife	can	0	2	0	18.5
rolife	che	0	4	0	23.25
rolife	chl	0	1	0	2
rolife	cyp	0	1	0	8
rolife	deu	0	32	0	22.59
rolife	fra	0	15	0	37.13
rolife	gbr	0	7	0	39.86
rolife	hrv	0	40	0	3.62
rolife	idn	0	2	0	9
rolife	ind	0	1	0	37
rolife	irl	0	2	0	17
rolife	isr	0	2	0	27.5
rolife	jpn	0	3	0	32
rolife	kgz	0	1	0	6
rolife	kor	0	1	0	20
rolife	lux	0	1	0	17
rolife	mex	0	2	0	22
rolife	mlt	0	3	0	4.33
rolife	mne	0	1	0	6
rolife	mys	0	1	0	26
rolife	nld	0	28	0	26.96
rolife	pan	0	1	0	1
rolife	rou	0	14	0	23.5
rolife	rus	0	1	0	29
rolife	sau	0	2	0	23
rolife	sgp	0	1	0	34
rolife	srb	0	2	0	14.5
rolife	svk	0	6	0	4.33
rolife	svn	0	6	0	8.67
rolife	swe	0	14	0	9
rolife	tha	0	1	0	28
rolife	twn	0	2	0	8
rolife	ukr	0	1	0	38
rolife	usa	0	10	0	31.3
rolife	ven	0	2	0	2
rolife	vnm	0	4	0	22.75
rolife - sakura dreamy tour - amt02	deu	0	2	0	1
rolife - sakura dreamy tour - amt02	nld	0	3	0	1
rolife 3d	deu	0	1	0	23
rolife 3d	ita	0	1	0	4
rolife 3d	lux	0	1	0	1
rolife 3d	pol	0	2	0	4
rolife 3d	prt	0	2	0	3
rolife 3d puzzle	aus	0	2	0	6
rolife 3d puzzle	deu	0	2	0	16
rolife 3d puzzle	esp	0	1	0	13
rolife 3d puzzle	gbr	0	7	0	7.14
rolife 3d puzzle	hrv	0	1	0	9
rolife 3d puzzle	ita	0	3	0	6.33
rolife 3d puzzle	nld	0	1	0	11
rolife 3d puzzle	usa	0	1	0	6
rolife 3d puzzle eiffel tower	che	0	1	0	11
rolife 3d puzzle eiffel tower	nld	0	1	0	19
rolife 3d puzzle eiffel tower	prt	0	1	0	10
rolife 3d puzzle sakura bonsai	deu	0	3	0	8.67
rolife 3d puzzle sakura bonsai	ita	0	1	0	4
rolife 3d puzzle sakura journey	deu	0	2	0	10
rolife 3d puzzle sakura journey	esp	0	1	0	8
rolife 3d puzzle sakura journey	isl	0	1	0	4
rolife 3d puzzle sakura journey	pol	0	2	0	2
rolife 3d puzzle sakura tree house	deu	0	2	0	7
rolife 3d puzzles	cze	0	1	0	2
rolife 3d puzzles	esp	0	1	0	8
rolife 3d puzzles	pol	0	5	0	6.4
rolife 3d wooden puzzle	ita	0	1	0	9
rolife 3d wooden puzzle	prt	0	1	0	4
rolife 3d wooden puzzle sakura tree house tgs04	can	0	1	0	5
rolife 8+	cze	0	2	0	5
rolife alice	est	0	2	0	1
rolife alice	ita	0	5	0	1
rolife alice	nld	0	1	0	12
rolife alice	prt	0	1	0	4
rolife alice in wonderland	ita	0	2	0	2
rolife alice in wonderland book nook	grc	0	1	0	4
rolife alice tea store	esp	0	2	0	10.5
rolife alice tea store	ita	0	7	0	1
rolife alice tea store	zaf	0	2	0	10.5
rolife alice's tea store	irl	0	1	0	8
rolife alicia en el pais de las maravillas	esp	0	1	0	19
rolife amc01	che	0	1	0	1
rolife amc01	deu	0	1	0	5
rolife amc01	esp	0	1	0	7
rolife amc01	mys	0	2	0	6.5
rolife amc01	phl	0	1	0	6
rolife amc01	pol	0	1	0	2
rolife amc01	rus	0	1	0	5
rolife amc01	tha	0	2	0	5.5
rolife arcade	usa	0	1	0	15
rolife arcade dating	ita	0	3	0	7.67
rolife arcade dating	nld	0	3	0	14.33
rolife barcelona	esp	0	15	0	7.67
rolife baumhaus	deu	0	2	0	1.5
rolife bausatz	deu	0	1	0	4
rolife benelux	aus	0	2	0	7.5
rolife benelux	gbr	0	1	0	5
rolife benelux	swe	0	1	0	4
rolife benelux	usa	0	1	0	2
rolife biblioteca	bra	0	1	0	6
rolife biblioteca	esp	0	8	0	7.25
rolife biblioteca	prt	0	2	0	3.5
rolife big ben	aut	0	1	0	5
rolife big ben	bel	0	1	0	9
rolife big ben	cze	0	1	0	3
rolife big ben	deu	0	5	0	5.4
rolife big ben	esp	0	1	0	8
rolife big ben	fra	0	1	0	5
rolife big ben	gbr	0	2	0	10.5
rolife big ben	ita	0	1	0	3
rolife big ben	nic	0	2	0	8
rolife big ben	nld	0	4	0	7
rolife big ben	rou	0	1	0	8
rolife big ben	usa	0	1	0	3
rolife bistro	and	0	1	0	9
rolife bistro	can	0	1	0	6
rolife bistro	dnk	0	2	0	8
rolife bistro	esp	0	1	0	10
rolife bistro	usa	0	1	0	9
rolife bistro bar	esp	0	1	0	10
rolife bistro bar	nld	0	1	0	8
rolife bloemenwinkel	bel	0	15	0	17.73
rolife bloemenwinkel	nld	0	14	0	10.64
rolife boat	bel	0	3	0	6
rolife boat	esp	0	1	0	2
rolife boat	nld	0	1	0	11
rolife boat	prt	0	1	0	4
rolife bonsai	bra	0	1	0	11
rolife bonsai	deu	0	4	0	1.5
rolife bonsai	esp	0	4	0	5
rolife bonsai	grc	0	1	0	10
rolife bonsai	irl	0	1	0	2
rolife bonsai	ita	0	1	0	7
rolife bonsai	mar	0	1	0	12
rolife bonsai	nld	0	24	0	11.08
rolife bonsai tree	aut	0	1	0	12
rolife bonsai tree	deu	0	1	0	12
rolife bonsai tree	esp	0	1	0	8
rolife bonsai tree	irl	0	1	0	3
rolife bonsai tree	ita	0	4	0	7.25
rolife bonsai tree	nld	0	1	0	13
rolife book nook	deu	0	1	0	3
rolife book nook	est	0	1	0	2
rolife book nook	hun	0	1	0	4
rolife book nook	ita	0	1	0	1
rolife book nook	svn	0	5	0	3.2
rolife book nook and wonderland	nld	0	1	0	37
rolife book nook and wonderland sakura densya	ita	0	1	0	8
rolife book nook arcade dating	nld	0	1	0	25
rolife book nook sakura	fin	0	1	0	9
rolife book nook sakura	prt	0	1	0	9
rolife book nook sakura	rou	0	1	0	6
rolife book nook sakura densya	cze	0	1	0	1
rolife book nook sakura densya	ita	0	1	0	6
rolife book nook sakura densya	prt	0	2	0	7
rolife book nook sakura densya	rou	0	1	0	12
rolife book nook sakura densya	ukr	0	1	0	18
rolife book nooks	aut	0	1	0	10
rolife booknook	cze	0	3	0	3.67
rolife bookshop	ita	0	2	0	8
rolife bookstore	ita	0	2	0	5.5
rolife bookstore tgb07	fra	0	1	0	10
rolife bookstore tgb07	svn	0	1	0	2
rolife bouwpakket	nld	0	1	0	3
rolife brand	prt	0	1	0	2
rolife building sets	usa	0	1	0	3
rolife cafe	dnk	0	3	0	8.33
rolife cafe	prt	0	2	0	4.5
rolife cafe	swe	0	1	0	10
rolife café	nld	0	1	0	12
rolife café	pol	0	1	0	7
rolife café	prt	0	1	0	3
rolife carousel	deu	0	2	0	10
rolife carousel	fra	0	6	0	7.33
rolife carousel	nld	0	2	0	4
rolife carousel	prt	0	1	0	2
rolife carousel music box	deu	0	1	0	8
rolife carrusel	esp	0	5	0	6.6
rolife carrusel	usa	0	1	0	8
rolife casa	bra	0	1	0	10
rolife casa	prt	0	1	0	7
rolife casa en miniatura diy	deu	0	1	0	1
rolife casa en miniatura diy	esp	0	1	0	1
rolife casa en miniatura diy	gbr	0	1	0	1
rolife casa en miniatura diy	nld	0	4	0	1
rolife casa miniatura	prt	0	2	0	4.5
rolife cathy's flower house	aut	0	1	0	4
rolife cathy's flower house	deu	0	6	0	2.83
rolife cathy's flower house	esp	0	6	0	15.67
rolife cathy's flower house	fra	0	19	0	5.74
rolife cathy's flower house	gbr	0	1	0	20
rolife cathy's flower house	hun	0	1	0	8
rolife cathy's flower house	ita	0	1	0	4
rolife cathy's flower house	lva	0	2	0	9
rolife cathy's flower house	nld	0	6	0	6.17
rolife cathy's flower house	pol	0	1	0	5
rolife cathy's flower house	prt	0	3	0	9.33
rolife cathy's flower house	rou	0	1	0	12
rolife cathy's flower house dg104	cyp	0	1	0	4
rolife cathy's flower house diy miniature house dg104	esp	0	1	0	11
rolife cathys flower house	irl	0	1	0	7
rolife cello	can	0	1	0	1
rolife cello	che	0	1	0	4
rolife cello	cze	0	1	0	1
rolife cello	deu	0	2	0	2
rolife cello	fra	0	1	0	9
rolife cello	hrv	0	1	0	2
rolife cello	irl	0	1	0	2
rolife cello	ita	0	2	0	1
rolife cello	nic	0	1	0	3
rolife cello	usa	0	1	0	1
rolife chalet	can	0	1	0	10
rolife chalet	fra	0	7	0	7.57
rolife chalet	prt	0	1	0	6
rolife cherry blossom tree	aus	0	1	0	40
rolife cherry blossom tree	deu	0	2	0	3.5
rolife china	nld	0	1	0	9
rolife christmas melody tree	nld	0	1	0	18
rolife christmas street	pol	0	1	0	2
rolife classic carousel	esp	0	3	0	9.33
rolife classic carousel	fra	0	1	0	7
rolife classic carousel 3d wooden puzzle amc01	rou	0	1	0	11
rolife cocina	esp	0	2	0	9.5
rolife coffee shop	bih	0	2	0	10
rolife coffee shop	grc	0	1	0	8
rolife company	deu	0	1	0	11
rolife company	kor	0	1	0	11
rolife company	mys	0	1	0	12
rolife corner bookstore	che	0	1	0	11
rolife country of origin	aus	0	1	0	7
rolife country of origin	can	0	1	0	8
rolife country of origin	gbr	0	1	0	7
rolife country of origin	hkg	0	1	0	1
rolife country of origin	sgp	0	1	0	10
rolife country of origin	tha	0	1	0	8
rolife country of origin	usa	0	3	0	7.33
rolife cozy kitchen	cri	0	1	0	4
rolife cozy kitchen	deu	0	1	0	7
rolife cozy kitchen	esp	0	2	0	4.5
rolife cozy kitchen	nld	0	1	0	10
rolife cozy kitchen	prt	0	1	0	4
rolife cozy kitchen diy miniature house kit dg159	esp	0	1	0	2
rolife cozy living lounge	hun	0	1	0	4
rolife creation set	usa	0	3	0	10.67
rolife cuckoo clock	prt	0	1	0	3
rolife của nước nào	vnm	0	4	0	7.25
rolife danmark	chn	0	1	0	2
rolife danmark	deu	0	1	0	1
rolife danmark	dnk	0	33	0	1.91
rolife danmark	grc	0	1	0	2
rolife danmark	sgp	0	1	0	2
rolife danmark	usa	0	1	0	2
rolife detective agency	aut	0	2	0	2
rolife detective agency	deu	0	1	0	4
rolife detective agency	dnk	0	1	0	2
rolife detective agency	fin	0	1	0	2
rolife detective agency	hun	0	1	0	2
rolife detective agency	ltu	0	1	0	2
rolife detective agency	nld	0	1	0	5
rolife detective agency	prt	0	1	0	6
rolife detective agency	usa	0	4	0	7.75
rolife deutschland	deu	0	5	0	22.8
rolife dg102	esp	0	2	0	3
rolife dg102	fra	0	5	0	4
rolife dg102	nld	0	1	0	9
rolife dg102	nor	0	1	0	10
rolife dg104	deu	0	1	0	2
rolife dg104	esp	0	1	0	4
rolife dg104	ltu	0	2	0	3
rolife dg104	nld	0	3	0	6
rolife dg104	pol	0	2	0	1.5
rolife dg109	che	0	1	0	3
rolife dg109	esp	0	3	0	6.33
rolife dg109	phl	0	2	0	5
rolife dg109	usa	0	2	0	7
rolife dg145	can	0	1	0	5
rolife dg145	esp	0	2	0	6
rolife dg145	fra	0	1	0	5
rolife dg145	ita	0	1	0	5
rolife dg166	deu	0	1	0	5
rolife dg166	esp	0	1	0	2
rolife dg167	can	0	1	0	7
rolife dg167	gbr	0	1	0	5
rolife dg167	ita	0	2	0	5
rolife dg167	jpn	0	1	0	10
rolife dg167	tha	0	1	0	3
rolife dg167	usa	0	1	0	5
rolife dg181	arg	0	1	0	4
rolife dg181	cze	0	1	0	2
rolife dg181	fra	0	2	0	7.5
rolife dg181	hun	0	2	0	1.5
rolife dg181	nld	0	1	0	5
rolife dg181	swe	0	1	0	5
rolife difficulty level	are	0	1	0	9
rolife disney	dnk	0	3	0	5.33
rolife disney	prt	0	1	0	5
rolife diy	pol	0	39	0	8.31
rolife diy 3d wooden puzzle model kit - sakura themed sakura journey tram	usa	0	8	0	11.62
rolife diy house	dnk	0	1	0	12
rolife diy miniature	usa	0	1	0	8
rolife diy miniature dollhouse dg102	nld	0	1	0	1
rolife diy miniature house	deu	0	1	0	1
rolife diy miniature house	dnk	0	4	0	8
rolife diy miniature house	hun	0	4	0	5
rolife diy miniature house - cathy's flower house dg104	grc	0	1	0	6
rolife diy miniature house cathy's flower house	aut	0	1	0	13
rolife diy miniature house cozy kitchen	esp	0	1	0	3
rolife diy miniature house dg104	deu	0	1	0	1
rolife diy miniature house dg166	cze	0	1	0	12
rolife diy miniature house emily's flower shop	esp	0	2	0	9.5
rolife diy miniature house the magic study dg166	esp	0	1	0	10
rolife dora's loft	aus	0	1	0	24
rolife dora's loft	dnk	0	1	0	11
rolife dora's loft	est	0	1	0	4
rolife dora's loft	lva	0	1	0	4
rolife dora's loft	nld	0	2	0	6
rolife dora's loft	usa	0	1	0	19
rolife dora's loft instructions	mex	0	1	0	15
rolife dora's loft instructions	rou	0	1	0	10
rolife doras loft	deu	0	1	0	10
rolife doras loft	irl	0	1	0	8
rolife doras loft	swe	0	3	0	6.67
rolife dream gift factory	gbr	0	3	0	10
rolife dream gift factory	irl	0	2	0	8.5
rolife dream gift factory	tha	0	3	0	6.33
rolife dream gift factory	tur	0	1	0	4
rolife drum kit	deu	0	1	0	9
rolife drum kit	fin	0	1	0	9
rolife drum kit	hun	0	1	0	6
rolife drum kit	ita	0	1	0	8
rolife drum kit	pol	0	2	0	9.5
rolife drum kit	prt	0	1	0	6
rolife eesti	fin	0	1	0	1
rolife eiffel tower	fra	0	6	0	9.33
rolife eiffel tower	irl	0	2	0	9.5
rolife eiffel tower	prt	0	1	0	12
rolife eiffel tower	ukr	0	1	0	5
rolife eiffel tower	usa	0	4	0	11.75
rolife emily flower shop	ltu	0	1	0	11
rolife emily flower shop	nld	0	1	0	8
rolife emily's flower shop	esp	0	1	0	9
rolife emily's flower shop	fin	0	2	0	7
rolife emily's flower shop	gbr	0	1	0	26
rolife emily's flower shop	hrv	0	1	0	9
rolife emily's flower shop	hun	0	1	0	10
rolife emily's flower shop	ita	0	1	0	9
rolife emily's flower shop	ltu	0	4	0	8.75
rolife emily's flower shop	mlt	0	1	0	7
rolife emily's flower shop	swe	0	2	0	3.5
rolife emily's flower shop () reviews	usa	0	1	0	11
rolife emily's flower shop dg145	cze	0	1	0	5
rolife emily's flower shop dg145	nor	0	1	0	7
rolife emily's flower shop difficulty	can	0	1	0	10
rolife emily's flower shop difficulty	fra	0	1	0	1
rolife emily's flower shop difficulty	gbr	0	4	0	8.25
rolife emily's flower shop difficulty	usa	0	8	0	7
rolife emilys flower shop	dnk	0	1	0	7
rolife españa	arg	0	1	0	6
rolife españa	ecu	0	1	0	6
rolife españa	nld	0	1	0	5
rolife españa	per	0	2	0	7
rolife españa	phl	0	1	0	5
rolife europe	aus	0	1	0	4
rolife europe	bel	0	1	0	8
rolife europe	bra	0	1	0	4
rolife europe	deu	0	1	0	3
rolife europe	dnk	0	2	0	2.5
rolife europe	fin	0	2	0	3.5
rolife europe	fra	0	2	0	6
rolife europe	hun	0	1	0	1
rolife europe	irl	0	4	0	4.75
rolife europe	mlt	0	3	0	2.33
rolife europe	nld	0	1	0	6
rolife europe	pol	0	1	0	2
rolife europe	prt	0	3	0	3.67
rolife europe	srb	0	1	0	4
rolife europe	swe	0	1	0	2
rolife europe	tun	0	1	0	6
rolife europe	tur	0	1	0	2
rolife europe	usa	0	3	0	1
rolife evergreen pine bonsai	irl	0	1	0	5
rolife falling sakura	aut	0	1	0	9
rolife falling sakura	bel	0	1	0	17
rolife falling sakura	dnk	0	1	0	2
rolife falling sakura	ita	0	1	0	3
rolife falling sakura	nld	0	2	0	8
rolife feltrinelli	ita	0	1	0	19
rolife ferris wheel	aut	0	1	0	10
rolife ferris wheel	fin	0	1	0	9
rolife five storied pagoda	deu	0	3	0	3.67
rolife five storied pagoda	esp	0	1	0	3
rolife five storied pagoda	fra	0	1	0	1
rolife five storied pagoda	gbr	0	1	0	5
rolife five storied pagoda	ita	0	2	0	2.5
rolife five storied pagoda	jpn	0	3	0	2
rolife five storied pagoda	pol	0	1	0	3
rolife five storied pagoda	sgp	0	1	0	2
rolife five storied pagoda	tur	0	1	0	4
rolife floral corner	prt	0	1	0	11
rolife floral corner diy book nook kit	usa	0	1	0	1
rolife flower	usa	0	1	0	3
rolife flower shop	fin	0	1	0	9
rolife flower shop	gbr	0	1	0	44
rolife flower shop	ita	0	1	0	10
rolife flowery sweets and teas	fin	0	1	0	4
rolife flowery sweets and teas	nor	0	1	0	5
rolife flowery sweets and teas	nzl	0	1	0	15
rolife fnac	prt	0	1	0	3
rolife gramophone	bel	0	1	0	1
rolife gramophone	deu	0	1	0	2
rolife gramophone	fin	0	1	0	4
rolife gramophone	fra	0	5	0	3.8
rolife gramophone	irl	0	2	0	7.5
rolife gramophone	ita	0	1	0	7
rolife gramophone	nld	0	3	0	5
rolife gramophone	tha	0	1	0	11
rolife gramophone	usa	0	2	0	3.5
rolife grand piano	and	0	1	0	4
rolife grand piano	bel	0	1	0	8
rolife greece	gbr	0	1	0	10
rolife greece	nor	0	1	0	8
rolife happy corner emily's flower shop	dnk	0	1	0	3
rolife happy corner emily's flower shop	esp	0	1	0	6
rolife happy corner emily's flower shop	mlt	0	1	0	7
rolife holiday cafe	deu	0	1	0	8
rolife holiday cafe	dnk	0	5	0	4.2
rolife holiday cafe	esp	0	1	0	6
rolife holiday cafe	hun	0	2	0	1
rolife honey ice cream shop	aus	0	1	0	11
rolife honey ice cream shop	deu	0	2	0	5
rolife honey ice cream shop	jpn	0	1	0	9
rolife honey ice cream shop	mex	0	2	0	2
rolife honey ice cream shop	swe	0	1	0	7
rolife honey ice cream shop	usa	0	1	0	45
rolife hot air balloon	deu	0	1	0	1
rolife hot air balloon	fin	0	1	0	3
rolife hot air balloon	irl	0	2	0	5.5
rolife hot air balloon	ita	0	1	0	5
rolife hot air balloon	nld	0	3	0	3.33
rolife house	ita	0	1	0	11
rolife houses	irl	0	2	0	4
rolife huisje	nld	0	2	0	13
rolife ice cream	esp	0	1	0	5
rolife ice cream shop	nld	0	1	0	8
rolife invernadero	and	0	1	0	1
rolife invernadero	chl	0	2	0	1
rolife invernadero	cri	0	1	0	1
rolife invernadero	esp	0	5	0	2.8
rolife invernadero	mex	0	2	0	1
rolife italia	aus	0	1	0	2
rolife italia	che	0	1	0	2
rolife italia	deu	0	1	0	5
rolife italia	esp	0	2	0	5.5
rolife italia	gbr	0	1	0	4
rolife italia	nld	0	1	0	5
rolife italia	usa	0	1	0	7
rolife italy	arg	0	1	0	5
rolife italy	esp	0	1	0	12
rolife italy	prt	0	1	0	6
rolife japan	dnk	0	1	0	3
rolife japan	pol	0	1	0	7
rolife japanese book nook	dnk	0	1	0	11
rolife japanese store	fra	0	1	0	3
rolife japon	esp	0	4	0	6.25
rolife jardin	fra	0	6	0	2.33
rolife karussell	deu	0	1	0	7
rolife keuken	bel	0	11	0	16.82
rolife keuken	esp	0	1	0	17
rolife keuken	nld	0	13	0	13.08
rolife kiki's magic emporium	pol	0	2	0	8
rolife kiki's magic emporium dg155	esp	0	1	0	8
rolife konstruktorius	ltu	0	2	0	11
rolife kuckucksuhr	deu	0	8	0	7
rolife library sam's study diy miniature dollhouse	usa	0	3	0	10
rolife libreria	ita	0	3	0	6
rolife logo	aut	0	1	0	1
rolife logo	brn	0	1	0	1
rolife logo	col	0	2	0	1
rolife logo	cri	0	2	0	1
rolife logo	deu	0	1	0	1
rolife logo	esp	0	3	0	1
rolife logo	fra	0	4	0	1
rolife logo	idn	0	2	0	1
rolife logo	irl	0	1	0	1
rolife logo	irn	0	3	0	1
rolife logo	isr	0	1	0	1
rolife logo	kor	0	1	0	1
rolife logo	mex	0	2	0	1
rolife logo	mys	0	1	0	1
rolife logo	nld	0	5	0	1
rolife logo	nzl	0	1	0	1
rolife logo	pak	0	2	0	1
rolife logo	pol	0	2	0	3
rolife logo	sgp	0	1	0	1
rolife logo	tha	0	8	0	1
rolife logo	usa	0	13	0	1
rolife london bus	ita	0	1	0	10
rolife madrid	esp	0	1	0	6
rolife magic	ita	0	2	0	10
rolife magic	pol	0	1	0	10
rolife magic house	bgr	0	1	0	3
rolife magic house	dnk	0	1	0	4
rolife magic house	ita	0	6	0	4.5
rolife maison miniature	fra	0	2	0	14.5
rolife makett	nor	0	2	0	4
rolife makett	pol	0	2	0	6
rolife maquetas	esp	0	100	0	8.68
rolife maquette	fra	0	6	0	8
rolife meaning	usa	0	1	0	11
rolife mechanical	alb	0	1	0	7
rolife miller's garden	che	0	2	0	14
rolife miller's garden	deu	0	6	0	8.67
rolife miller's garden	fra	0	5	0	4.4
rolife miller's garden	nld	0	6	0	1.83
rolife miller's garden	pol	0	4	0	2.25
rolife miller's garden	usa	0	5	0	11
rolife miller's garden dg108	deu	0	3	0	7.67
rolife miller's garden dg108	fra	0	1	0	2
rolife miller's garden dg108	nld	0	1	0	2
rolife miller's garden diy miniature house kit dg108	deu	0	1	0	5
rolife miller's garden diy miniature house kit dg108	usa	0	1	0	10
rolife millers garden	deu	0	6	0	8.17
rolife millers garden	fra	0	1	0	4
rolife millers garden	nld	0	1	0	3
rolife millers garden	usa	0	2	0	8.5
rolife mini	dnk	0	2	0	2
rolife miniatur	hun	0	1	0	10
rolife miniatura	bra	0	1	0	8
rolife miniaturas	lva	0	7	0	2
rolife miniaturas	prt	0	4	0	4.75
rolife miniature	aut	0	1	0	3
rolife miniature	dnk	0	11	0	6.73
rolife miniature	esp	0	1	0	9
rolife miniature	grc	0	25	0	9.16
rolife miniature	ita	0	21	0	7.43
rolife miniature	mys	0	3	0	12
rolife miniature	phl	0	1	0	12
rolife miniature	usa	0	1	0	2
rolife miniature house	hun	0	1	0	3
rolife miniature house	idn	0	1	0	9
rolife miniature house	ita	0	1	0	5
rolife miniature italia	ita	0	6	0	2.17
rolife miniature rooms	usa	0	1	0	4
rolife miniatures	usa	0	1	0	6
rolife model	pol	0	1	0	4
rolife modern 3d wooden puzzle - five-storied pagoda tgn02	usa	0	2	0	1
rolife mose's detective agency	aut	0	2	0	3.5
rolife mose's detective agency	irl	0	1	0	6
rolife mose's detective agency	pol	0	1	0	1
rolife music dreamer classic carousel	aut	0	1	0	2
rolife natale	ita	0	15	0	3.6
rolife negozi italia	nld	0	1	0	6
rolife origin	can	0	1	0	9
rolife origin	cyp	0	1	0	7
rolife origin	esp	0	1	0	10
rolife origin	grc	0	1	0	10
rolife origin	mmr	0	1	0	7
rolife origin	mys	0	2	0	8.5
rolife origin	phl	0	2	0	8.5
rolife origin	twn	0	1	0	9
rolife origin	usa	0	2	0	10
rolife origin country	dnk	0	1	0	9
rolife origin country	ita	0	1	0	9
rolife origin country	phl	0	1	0	7
rolife origin country	tha	0	1	0	9
rolife origin country	usa	0	1	0	8
rolife origin country	zaf	0	1	0	8
rolife pagoda	deu	0	1	0	6
rolife pagoda	esp	0	3	0	2.67
rolife pagoda	fin	0	1	0	5
rolife pagoda	fra	0	1	0	2
rolife pagoda	gbr	0	1	0	3
rolife pagoda	hun	0	1	0	1
rolife pagoda	ita	0	5	0	2.2
rolife pagoda	jpn	0	5	0	2.6
rolife pagoda	mys	0	1	0	2
rolife pagoda	nld	0	5	0	5
rolife pagoda	phl	0	1	0	2
rolife pagoda	tur	0	1	0	2
rolife pagoda	usa	0	4	0	3.5
rolife piano	bel	0	3	0	9
rolife piano	che	0	2	0	10
rolife piano	deu	0	1	0	5
rolife piano	fra	0	4	0	11
rolife piano	ita	0	4	0	3.25
rolife piano	nld	0	1	0	8
rolife piano	twn	0	1	0	7
rolife piano	usa	0	1	0	4
rolife portugal	fra	0	1	0	3
rolife portugal	nzl	0	1	0	2
rolife portugal	usa	0	2	0	2.5
rolife price	nld	0	1	0	14
rolife products	fra	0	1	0	12
rolife puppy villa	nld	0	1	0	6
rolife puppy villa	pol	0	1	0	11
rolife puzzle	esp	0	11	0	6.09
rolife puzzle	hun	0	4	0	5.75
rolife puzzle	ita	0	7	0	8.14
rolife puzzle	pol	0	1	0	3
rolife puzzle 3d	esp	0	2	0	11
rolife puzzle 3d	swe	0	1	0	6
rolife puzzle 3d bois sakura journey	nld	0	2	0	1
rolife puzzles	ita	0	1	0	8
rolife restaurant	bel	0	2	0	27
rolife restaurant	dnk	0	9	0	7
rolife restaurant	esp	0	3	0	9.67
rolife restaurant	gbr	0	1	0	16
rolife restaurant	nld	0	14	0	13.29
rolife restaurant	usa	0	2	0	12
rolife robotime	esp	0	1	0	18
rolife robotime	ita	0	1	0	10
rolife rokr	ita	0	1	0	6
rolife sailing ship	aut	0	1	0	6
rolife sakura	cze	0	2	0	3
rolife sakura	dnk	0	3	0	8.67
rolife sakura	esp	0	1	0	28
rolife sakura	est	0	1	0	3
rolife sakura	grc	0	1	0	6
rolife sakura	hun	0	4	0	1.25
rolife sakura	ita	0	13	0	4
rolife sakura	pol	0	2	0	2
rolife sakura	prt	0	9	0	2.78
rolife sakura	swe	0	2	0	7
rolife sakura baumhaus	aut	0	1	0	3
rolife sakura baumhaus	deu	0	6	0	3.83
rolife sakura baumhaus	gbr	0	2	0	3
rolife sakura bonsai	deu	0	4	0	11.25
rolife sakura bonsai	esp	0	7	0	8
rolife sakura bonsai	grc	0	1	0	6
rolife sakura bonsai	ita	0	3	0	2
rolife sakura bonsai	ltu	0	1	0	5
rolife sakura bonsai	nor	0	1	0	11
rolife sakura bonsai	prt	0	3	0	5
rolife sakura bonsai	usa	0	1	0	7
rolife sakura densya	bgr	0	1	0	1
rolife sakura densya	can	0	1	0	25
rolife sakura densya	cze	0	1	0	1
rolife sakura densya	dnk	0	3	0	8
rolife sakura densya	esp	0	3	0	12
rolife sakura densya	fin	0	2	0	3
rolife sakura densya	gbr	0	1	0	29
rolife sakura densya	gib	0	1	0	5
rolife sakura densya	hrv	0	1	0	5
rolife sakura densya	irl	0	2	0	8.5
rolife sakura densya	ita	0	10	0	3.7
rolife sakura densya	jpn	0	1	0	4
rolife sakura densya	nld	0	1	0	6
rolife sakura densya	pol	0	1	0	8
rolife sakura densya	prt	0	1	0	2
rolife sakura densya	rou	0	1	0	3
rolife sakura densya	srb	0	1	0	5
rolife sakura densya	svk	0	1	0	2
rolife sakura densya	swe	0	1	0	4
rolife sakura densya	usa	0	1	0	28
rolife sakura densya tgb01	che	0	1	0	9
rolife sakura densya tgb01	esp	0	1	0	7
rolife sakura densya tgb01	usa	0	1	0	9
rolife sakura dreamy tour	deu	0	4	0	8.75
rolife sakura dreamy tour	esp	0	2	0	4.5
rolife sakura dreamy tour	ita	0	2	0	2.5
rolife sakura dreamy tour	pol	0	2	0	8
rolife sakura dreamy tour	swe	0	2	0	4
rolife sakura journey	grc	0	1	0	6
rolife sakura journey	hkg	0	1	0	13
rolife sakura journey	ita	0	8	0	3.5
rolife sakura journey	ltu	0	1	0	7
rolife sakura journey	pol	0	3	0	4.67
rolife sakura journey 3d wooden puzzle tgs02	esp	0	1	0	5
rolife sakura journey 3d wooden puzzle tgs02	gbr	0	1	0	6
rolife sakura journey 3d wooden puzzle tgs02	ita	0	1	0	3
rolife sakura journey 3d wooden puzzle tgs02	prt	0	1	0	3
rolife sakura journey 3d wooden puzzle tgs02	swe	0	1	0	5
rolife sakura pavilion	bel	0	1	0	10
rolife sakura pavilion	deu	0	1	0	8
rolife sakura pavilion	fin	0	3	0	5
rolife sakura pavilion	gbr	0	1	0	5
rolife sakura pavilion	irl	0	1	0	4
rolife sakura pavilion	ita	0	5	0	7
rolife sakura pavilion	nld	0	5	0	8.6
rolife sakura pavilion	pol	0	1	0	1
rolife sakura pavilion	sgp	0	1	0	10
rolife sakura pavilion	tha	0	2	0	9
rolife sakura pavilion	usa	0	2	0	3
rolife sakura pavilion 3d wooden puzzle	hrv	0	1	0	2
rolife sakura pavilion 3d wooden puzzle tga07	usa	0	1	0	4
rolife sakura tram	ita	0	1	0	8
rolife sakura tree house	bel	0	1	0	21
rolife sakura tree house	deu	0	2	0	2
rolife sakura tree house	esp	0	1	0	9
rolife sakura tree house	hun	0	3	0	7
rolife sakura tree house	ita	0	5	0	5.4
rolife sakura tree house	prt	0	2	0	7.5
rolife sakura tree house	usa	0	2	0	28.5
rolife sakura tree house 3d puzzle	usa	0	1	0	28
rolife sakura treehouse	deu	0	2	0	3
rolife sakura wine alley	est	0	1	0	10
rolife sakura wine alley	ita	0	1	0	9
rolife sakura wine alley - book nook	bra	0	2	0	1
rolife sakura wine alley - book nook	can	0	1	0	1
rolife sakura wine alley - book nook	fra	0	1	0	1
rolife sakura wine alley - book nook	gbr	0	1	0	1
rolife sakura wine alley - book nook	rus	0	2	0	1
rolife sakura wine alley tgb11	bgr	0	1	0	10
rolife sam's study	bel	0	1	0	9
rolife sam's study	esp	0	5	0	6
rolife sam's study	gbr	0	1	0	32
rolife sam's study	hun	0	1	0	6
rolife sam's study	pol	0	1	0	8
rolife sam's study	svn	0	1	0	6
rolife sam's study	usa	0	4	0	9
rolife sam's study dg102	esp	0	4	0	6.25
rolife sam's study dg102	fra	0	2	0	8.5
rolife sam's study dg102	pol	0	1	0	1
rolife sam's study dg102	svk	0	1	0	9
rolife sam's study difficulty	dnk	0	1	0	1
rolife sam's study difficulty	gbr	0	4	0	10.5
rolife sam's study difficulty	grc	0	1	0	10
rolife sam's study difficulty	irl	0	1	0	10
rolife sams study	esp	0	2	0	8
rolife sams study	prt	0	1	0	7
rolife saxophone	che	0	3	0	9
rolife saxophone	esp	0	1	0	2
rolife saxophone	fra	0	1	0	4
rolife saxophone	nld	0	6	0	5.83
rolife serra	ita	0	15	0	2.93
rolife serre	fra	0	1	0	19
rolife set	pol	0	1	0	7
rolife sets	pol	0	1	0	10
rolife ship	che	0	1	0	8
rolife ship	deu	0	1	0	10
rolife ship	dnk	0	1	0	8
rolife ship	ita	0	1	0	6
rolife ship	ltu	0	1	0	8
rolife ship	nld	0	2	0	8.5
rolife ship model	cze	0	1	0	3
rolife ship model	isr	0	1	0	5
rolife ship model	mys	0	1	0	10
rolife ship model	rus	0	1	0	10
rolife simon's coffee	aut	0	2	0	6
rolife simon's coffee	bel	0	2	0	8
rolife simon's coffee	deu	0	2	0	9.5
rolife simon's coffee	esp	0	2	0	3
rolife simon's coffee	hun	0	1	0	4
rolife simon's coffee	ita	0	1	0	1
rolife simon's coffee	lva	0	1	0	5
rolife simon's coffee	nld	0	1	0	10
rolife simon's coffee	pol	0	1	0	8
rolife simon's coffee	prt	0	2	0	7
rolife simon's coffee	sau	0	1	0	5
rolife simon's coffee	svk	0	1	0	4
rolife simon's coffee	swe	0	1	0	10
rolife simon's coffee	usa	0	3	0	11.33
rolife simon's coffee instructions	usa	0	1	0	9
rolife simon's coffee shop	fra	0	1	0	4
rolife simon's coffee shop	irl	0	1	0	9
rolife simon's coffee shop	nld	0	2	0	8
rolife simon's coffee shop	ury	0	1	0	6
rolife simon's coffee shop	usa	0	1	0	10
rolife simons coffee	dnk	0	1	0	4
rolife simons coffee	imn	0	1	0	5
rolife simons coffee	tur	0	1	0	6
rolife simons coffee	usa	0	4	0	7.5
rolife simons coffee	zaf	0	1	0	8
rolife simons coffee shop	dnk	0	2	0	4.5
rolife srbija	mne	0	1	0	3
rolife stationery shop	aus	0	1	0	3
rolife studio	nld	0	1	0	20
rolife sunshine town	esp	0	8	0	6.62
rolife sunshine town	fra	0	1	0	7
rolife sunshine town	ita	0	10	0	7
rolife sunshine town	nld	0	9	0	8.78
rolife sunshine town	pol	0	4	0	3.75
rolife sunshine town	prt	0	5	0	2.6
rolife sunshine town	swe	0	4	0	6
rolife sunshine town tgb02	ita	0	2	0	3
rolife sunshine town tgb02	nld	0	1	0	10
rolife sunshine town tgb02	rou	0	1	0	4
rolife super creator	grc	0	1	0	7
rolife sushi	esp	0	1	0	8
rolife sushi	ita	0	1	0	6
rolife sushi	prt	0	1	0	6
rolife sverige	deu	0	1	0	1
rolife sverige	dnk	0	1	0	4
rolife sverige	jpn	0	1	0	3
rolife sverige	nor	0	2	0	5
rolife swing ride	nld	0	2	0	12
rolife tea shop	usa	0	1	0	12
rolife tgb01	deu	0	1	0	10
rolife tgb01	esp	0	1	0	7
rolife tgb01	fra	0	1	0	8
rolife tgb01	ita	0	1	0	2
rolife tgb01	nld	0	1	0	8
rolife tgb01	tha	0	1	0	4
rolife tgb01	usa	0	4	0	7.25
rolife tgb02	aus	0	1	0	11
rolife tgb02	can	0	1	0	9
rolife tgb02	cze	0	1	0	1
rolife tgb02	esp	0	1	0	3
rolife tgb02	fra	0	1	0	9
rolife tgb02	tha	0	2	0	7
rolife tgb02	ukr	0	1	0	14
rolife tgb02	usa	0	5	0	7.4
rolife tgb03	cze	0	1	0	1
rolife tgb03	deu	0	1	0	5
rolife tgb04	deu	0	1	0	6
rolife tgb04	prt	0	2	0	2
rolife tgb04	swe	0	1	0	6
rolife tgb06	deu	0	2	0	10
rolife tgb06	hrv	0	1	0	3
rolife tgb07	deu	0	2	0	7.5
rolife tgb07	dnk	0	1	0	4
rolife tgb07	fra	0	3	0	9
rolife tgb07	hun	0	1	0	2
rolife tgb07	ita	0	2	0	4.5
rolife tgb07	prt	0	1	0	2
rolife tgb10	can	0	2	0	8
rolife tgb10	deu	0	2	0	7
rolife tgb10	fra	0	1	0	8
rolife tgb10	ita	0	1	0	2
rolife tgb10	twn	0	1	0	6
rolife tgb11	deu	0	2	0	9.5
rolife tgb11	tur	0	1	0	11
rolife tgb11	usa	0	1	0	9
rolife tgb12	jpn	0	2	0	5
rolife tgb14	cze	0	1	0	7
rolife tgb15	nld	0	1	0	7
rolife tgb16	jpn	0	1	0	5
rolife tgb17	bih	0	1	0	3
rolife tgb17	tha	0	1	0	4
rolife tgs02	deu	0	6	0	3.83
rolife tgs02	fra	0	3	0	8
rolife tgs02	gbr	0	1	0	5
rolife tgs02	jpn	0	2	0	7
rolife tgs02	tha	0	1	0	7
rolife tgs02	usa	0	1	0	14
rolife tgs04	chl	0	1	0	4
rolife tgs04	deu	0	2	0	5
rolife tgs04	ita	0	1	0	4
rolife tgs04	prt	0	1	0	2
rolife thalia	deu	0	1	0	32
rolife tienda japonesa	esp	0	1	0	8
rolife time travel	dnk	0	2	0	5
rolife tipsy	prt	0	1	0	6
rolife tipsy restaurant	aut	0	2	0	12
rolife tipsy restaurant	bra	0	1	0	1
rolife tipsy restaurant	chl	0	1	0	1
rolife tipsy restaurant	cze	0	1	0	6
rolife tipsy restaurant	deu	0	1	0	14
rolife tipsy restaurant	dnk	0	4	0	8.25
rolife tipsy restaurant	esp	0	5	0	8.2
rolife tipsy restaurant	hun	0	1	0	6
rolife tipsy restaurant	ita	0	3	0	4
rolife tipsy restaurant	nld	0	1	0	12
rolife tipsy restaurant	swe	0	3	0	12
rolife tipsy restaurant	tha	0	1	0	1
rolife tipsy restaurant	usa	0	2	0	8.5
rolife tipsy restaurant () reviews	usa	0	1	0	10
rolife tipsy restaurant diy miniature house dg167	esp	0	1	0	3
rolife tokyo	prt	0	1	0	6
rolife torre eiffel	chl	0	1	0	4
rolife torre eiffel	cri	0	1	0	4
rolife torre eiffel	ita	0	5	0	2
rolife tower bridge	deu	0	2	0	9.5
rolife tower bridge	fra	0	1	0	10
rolife tower bridge	ita	0	1	0	4
rolife tower bridge	nld	0	5	0	5.6
rolife tower bridge	pol	0	1	0	3
rolife tower bridge	prt	0	2	0	2
rolife tram	bel	0	1	0	10
rolife tram	esp	0	1	0	1
rolife tram	fin	0	1	0	4
rolife tram	gbr	0	3	0	4.33
rolife tram	hkg	0	1	0	5
rolife tram	ita	0	4	0	1.25
rolife tram	nld	0	6	0	3.5
rolife tram	pol	0	2	0	7
rolife tram	rou	0	2	0	5
rolife tram	swe	0	1	0	1
rolife tramcar	bel	0	1	0	6
rolife tramcar	esp	0	4	0	2.25
rolife tramcar	fra	0	2	0	3
rolife tramcar	hun	0	1	0	1
rolife tramcar	isr	0	1	0	5
rolife tramcar	ita	0	2	0	1
rolife tramcar	nld	0	2	0	5.5
rolife tramcar	pol	0	1	0	5
rolife tramcar	prt	0	4	0	3.5
rolife tramcar tg505	esp	0	2	0	1.5
rolife tuinhuis	nld	0	1	0	13
rolife typewriter	bgr	0	2	0	8.5
rolife typewriter	can	0	3	0	8.33
rolife typewriter	che	0	1	0	9
rolife typewriter	ltu	0	2	0	6.5
rolife typewriter	nld	0	3	0	9
rolife typewriter	usa	0	2	0	7
rolife venice	nld	0	1	0	52
rolife violin	arg	0	1	0	2
rolife violin	ita	0	3	0	2.67
rolife violin	rou	0	2	0	8.5
rolife vs rokr	usa	0	1	0	19
rolife where is it from	bel	0	1	0	11
rolife where to buy	ita	0	1	0	8
rolife witch	esp	0	1	0	2
rolife wooden puzzles	pol	0	1	0	5
rolife どこの国	can	0	1	0	9
rolife どこの国	jpn	0	1	0	7
rolife.	cze	0	1	0	3
rolife.	dnk	0	1	0	3
rolife.	esp	0	1	0	7
rolife.	pol	0	1	0	1
rolife.	prt	0	1	0	3
rolife: cozy kitchen	deu	0	3	0	1
rolife: cozy kitchen	nld	0	5	0	1
rolifee	dnk	0	1	0	5
rolifer	deu	0	3	0	30
rolifer	swe	0	1	0	8
rolifes	esp	0	1	0	9
rolifes	prt	0	2	0	4
rolifes	swe	0	1	0	2
rolife® tipsy restaurant diy miniature house kit	usa	0	1	0	1
roliffe	esp	0	2	0	7
roliffe	prt	0	2	0	5
rolifie	hun	0	1	0	4
rolifr	esp	0	1	0	7
rolifr	est	0	1	0	2
rolifr	hun	0	1	0	4
rolifr	ita	0	3	0	6.33
rolifr	ltu	0	1	0	5
rolifr	lva	0	1	0	2
rolifr	prt	0	1	0	3
rolifw	dnk	0	3	0	5
rolifw	esp	0	8	0	6.75
rolifw	est	0	1	0	7
rolifw	hrv	0	1	0	6
rolifw	hun	0	2	0	3
rolifw	ita	0	7	0	5
rolifw	pol	0	3	0	4
rolifw	prt	0	4	0	5.25
rolilife	lva	0	1	0	3
rolite puzzle	cze	0	1	0	4
rolite puzzle	esp	0	1	0	8
roll life miniatures	usa	0	1	0	5
rollife	bgr	0	3	0	3
rollife	cze	0	1	0	2
rollife	dnk	0	3	0	3.33
rollife	esp	0	20	0	6.85
rollife	ita	0	6	0	4.33
rollife	ltu	0	1	0	4
rollife	lva	0	3	0	2.67
rollife	pol	0	7	0	4.14
rollife	prt	0	7	0	5.43
rolllife	nor	0	1	0	3
rolofe	bgr	0	3	0	2.67
rolofe	cze	0	1	0	3
rolofe	esp	0	12	0	6.83
rolofe	est	0	1	0	5
rolofe	grc	0	3	0	8.67
rolofe	ita	0	2	0	4.5
rolofe	pol	0	3	0	3.33
rolofe	prt	0	8	0	4.88
rololife	bgr	0	1	0	4
rolufe	esp	0	4	0	7.25
rolufe	est	0	1	0	2
rolufe	hun	0	1	0	2
rolufe	ita	0	1	0	5
rolufe	prt	0	2	0	3.5
rolyfe	esp	0	2	0	6
romantic notes wall clock	esp	0	1	0	1
romantic notes wall clock	ltu	0	1	0	7
romantic wall clock	are	0	1	0	4
romantic wall clock	aus	0	1	0	9
romantic wall clock	ind	0	2	0	6.5
romantiline kingitus naisele	usa	0	1	0	7
romoecabezas 3d	esp	0	2	0	4.5
rompe cabezas 3d	col	0	1	0	7
rompe cabezas 3d	esp	0	1	0	6
rompe cabezas 3d	usa	0	2	0	6.5
rompecabeza 3d	per	0	1	0	2
rompecabeza 3d madera	arg	0	1	0	1
rompecabeza 3d madera	esp	0	3	0	6.67
rompecabeza 3d madera	per	0	1	0	2
rompecabeza 3d madera	usa	0	1	0	1
rompecabeza 3d madera	ven	0	1	0	1
rompecabeza de madera	mex	0	1	0	9
rompecabeza de madera	per	0	1	0	4
rompecabeza de madera 3d	esp	0	1	0	13
rompecabeza de madera 3d	pse	0	1	0	14
rompecabeza madera 3d	esp	0	1	0	15
rompecabezas	esp	0	2	0	2.5
rompecabezas 3 d	esp	0	5	0	4.8
rompecabezas 3d	arg	0	6	0	26.83
rompecabezas 3d	aus	0	1	0	7
rompecabezas 3d	bgd	0	3	0	15
rompecabezas 3d	bol	0	1	0	4
rompecabezas 3d	che	0	2	0	4.5
rompecabezas 3d	chn	0	1	0	2
rompecabezas 3d	col	0	13	0	14.54
rompecabezas 3d	cri	0	2	0	12.5
rompecabezas 3d	cub	0	1	0	8
rompecabezas 3d	deu	0	2	0	3
rompecabezas 3d	ecu	0	6	0	6.83
rompecabezas 3d	fra	0	1	0	3
rompecabezas 3d	gbr	0	2	0	10
rompecabezas 3d	guy	0	1	0	4
rompecabezas 3d	irn	0	1	0	13
rompecabezas 3d	ita	0	2	0	2.5
rompecabezas 3d	jpn	0	1	0	3
rompecabezas 3d	mex	0	34	0	16.24
rompecabezas 3d	per	0	11	0	16.55
rompecabezas 3d	phl	0	1	0	13
rompecabezas 3d	rus	0	1	0	15
rompecabezas 3d	ukr	0	1	0	15
rompecabezas 3d	usa	0	15	0	5.73
rompecabezas 3d	ven	0	1	0	3
rompecabezas 3d arquitectura	arg	0	1	0	4
rompecabezas 3d arquitectura	col	0	1	0	3
rompecabezas 3d arquitectura	mex	0	7	0	3.14
rompecabezas 3d coliseo romano	arg	0	1	0	1
rompecabezas 3d coliseo romano	mex	0	1	0	1
rompecabezas 3d de madera	esp	0	4	0	15.5
rompecabezas 3d de madera	mex	0	1	0	22
rompecabezas 3d en madera	col	0	7	0	1.71
rompecabezas 3d en madera	ecu	0	2	0	2.5
rompecabezas 3d en madera	esp	0	3	0	1
rompecabezas 3d en madera	pan	0	2	0	3
rompecabezas 3d flores	arg	0	1	0	3
rompecabezas 3d flores	cri	0	1	0	2
rompecabezas 3d flores	esp	0	1	0	9
rompecabezas 3d flores	mex	0	1	0	1
rompecabezas 3d madera	bol	0	3	0	2
rompecabezas 3d madera	che	0	2	0	2
rompecabezas 3d madera	col	0	3	0	5
rompecabezas 3d madera	cri	0	1	0	12
rompecabezas 3d madera	ecu	0	3	0	2
rompecabezas 3d madera	esp	0	158	0	2.77
rompecabezas 3d madera	gtm	0	3	0	4
rompecabezas 3d madera	hnd	0	1	0	1
rompecabezas 3d madera	mex	0	3	0	9.33
rompecabezas 3d madera	nic	0	1	0	1
rompecabezas 3d madera	pan	0	2	0	6
rompecabezas 3d madera	per	0	2	0	1
rompecabezas 3d madera	slv	0	3	0	1
rompecabezas 3d madera	usa	0	4	0	1.25
rompecabezas 3d para adultos	esp	0	1	0	5
rompecabezas 3d sagrada familia	esp	0	1	0	1
rompecabezas 3d sagrada familia	mex	0	2	0	19.5
rompecabezas arma	chl	0	1	0	1
rompecabezas arma	esp	0	148	0	5.39
rompecabezas arma	fra	0	2	0	6.5
rompecabezas arma	som	0	1	0	9
rompecabezas arma	ury	0	1	0	1
rompecabezas arma prohibida	esp	0	2	0	40
rompecabezas armas	esp	0	15	0	6.6
rompecabezas caza	esp	0	1	0	33
rompecabezas coliseo romano	esp	0	1	0	36
rompecabezas de autos	esp	0	1	0	11
rompecabezas de coches	esp	0	1	0	10
rompecabezas de flores	esp	0	2	0	12
rompecabezas de flores 3d	ecu	0	1	0	1
rompecabezas de herramientas	arg	0	1	0	1
rompecabezas de la sagrada familia	ecu	0	1	0	1
rompecabezas de leon	esp	0	1	0	6
rompecabezas de madera	esp	0	4	0	11.5
rompecabezas de madera	mex	0	3	0	11
rompecabezas de madera 3d	arg	0	1	0	21
rompecabezas de madera 3d	esp	0	7	0	12.57
rompecabezas de madera en 3d	esp	0	2	0	16.5
rompecabezas en 3d	esp	0	1	0	3
rompecabezas en madera 3d	esp	0	1	0	13
rompecabezas madera 3d	esp	0	1	0	14
rompecabezas mecanico	col	0	2	0	21
rompecabezas mecanicos	esp	0	1	0	13
rompecabezas mecánico	col	0	1	0	22
rompecabezas mecánico	esp	0	1	0	11
rompecabezas sagrada familia	arg	0	1	0	22
rompecabezas tridimensional	ven	0	1	0	1
rompecabezas tridimensional de madera	mex	0	1	0	11
room kits	est	0	1	0	8
room mini	hun	0	1	0	7
roowood	aus	0	2	0	6.5
roowood	aut	0	1	0	7
roowood	bel	0	1	0	5
roowood	bgr	0	1	0	7
roowood	che	0	2	0	6.5
roowood	chl	0	1	0	10
roowood	cog	0	1	0	6
roowood	cze	0	1	0	1
roowood	deu	0	2	0	6.5
roowood	esp	0	2	0	5
roowood	fra	0	2	0	5
roowood	gbr	0	2	0	9
roowood	ita	0	6	0	8.5
roowood	nga	0	1	0	6
roowood	nld	0	2	0	6
roowood	nzl	0	1	0	8
roowood	rus	0	1	0	6
roowood	srb	0	1	0	4
roowood	tur	0	2	0	1.5
roowood	usa	0	1	0	11
rorkr	esp	0	2	0	6.5
rorkr	ita	0	2	0	3.5
rotacni kulomet	cze	0	4	0	6
rotacni kulomet	usa	0	2	0	12.5
rotační kulomet	cze	0	2	0	11
rotační kulomet	usa	0	1	0	1
rotes rennauto	deu	0	3	0	1
rotlife	ita	0	1	0	7
roulife	prt	0	1	0	6
rovelo creative	usa	0	1	0	4
rowod	bra	0	1	0	10
rowod	deu	0	1	0	7
rowod	esp	0	1	0	6
rowood	and	0	2	0	4
rowood	are	0	8	0	7.25
rowood	aus	0	1	0	10
rowood	aut	0	14	0	8.36
rowood	bel	0	33	0	7.27
rowood	blr	0	1	0	7
rowood	bol	0	1	0	4
rowood	bra	0	17	0	8.53
rowood	can	0	14	0	9.14
rowood	che	0	28	0	6.93
rowood	chl	0	7	0	7.43
rowood	chn	0	2	0	7
rowood	cyp	0	3	0	4.33
rowood	deu	0	158	0	8.98
rowood	dom	0	2	0	4
rowood	dza	0	1	0	3
rowood	egy	0	2	0	3.5
rowood	est	0	6	0	6.17
rowood	fin	0	9	0	5.56
rowood	gbr	0	11	0	22.36
rowood	grc	0	6	0	8
rowood	gtm	0	1	0	3
rowood	gum	0	1	0	3
rowood	hkg	0	3	0	6.33
rowood	hun	0	24	0	1.5
rowood	idn	0	20	0	8
rowood	ind	0	10	0	7.9
rowood	irl	0	9	0	3.67
rowood	irq	0	2	0	4
rowood	isl	0	1	0	2
rowood	jpn	0	21	0	9.14
rowood	kaz	0	1	0	7
rowood	khm	0	1	0	9
rowood	kor	0	2	0	7
rowood	kwt	0	2	0	7.5
rowood	ltu	0	13	0	6.08
rowood	lux	0	2	0	5
rowood	lva	0	5	0	2.8
rowood	mar	0	1	0	6
rowood	mex	0	45	0	7.71
rowood	mlt	0	2	0	3
rowood	mng	0	1	0	6
rowood	moz	0	1	0	7
rowood	mys	0	12	0	8.42
rowood	nzl	0	3	0	13.33
rowood	pak	0	4	0	6
rowood	per	0	8	0	6.12
rowood	phl	0	22	0	8
rowood	pri	0	1	0	11
rowood	pry	0	1	0	8
rowood	qat	0	1	0	11
rowood	rou	0	2	0	8
rowood	rus	0	3	0	7.67
rowood	sau	0	16	0	7
rowood	sgp	0	1	0	3
rowood	srb	0	4	0	4.25
rowood	svk	0	2	0	1.5
rowood	tha	0	27	0	7.96
rowood	tun	0	1	0	3
rowood	tur	0	2	0	11
rowood	twn	0	8	0	6.12
rowood	ukr	0	3	0	7.33
rowood	ury	0	1	0	9
rowood	ven	0	16	0	7
rowood	vir	0	1	0	9
rowood	vnm	0	17	0	7.35
rowood	zaf	0	4	0	10.25
rowood 3d	deu	0	1	0	6
rowood 3d	ita	0	1	0	1
rowood 3d	srb	0	2	0	4.5
rowood 3d	swe	0	1	0	2
rowood 3d	tha	0	1	0	9
rowood 3d puzzle	aut	0	2	0	4.5
rowood 3d puzzle	che	0	1	0	12
rowood 3d puzzle	deu	0	36	0	6.94
rowood 3d puzzle	dnk	0	1	0	3
rowood 3d puzzle	fra	0	1	0	6
rowood 3d puzzle	hun	0	8	0	2
rowood 3d puzzle	prt	0	1	0	3
rowood 3d puzzle	usa	0	1	0	14
rowood 3d puzzles	are	0	1	0	9
rowood 3d puzzles	bgr	0	1	0	5
rowood 3d puzzles	bra	0	1	0	9
rowood 3d puzzles	esp	0	1	0	8
rowood 3d puzzles	fra	0	1	0	6
rowood 3d puzzles	irl	0	1	0	8
rowood 3d puzzles	ita	0	1	0	3
rowood 3d puzzles	prt	0	2	0	4
rowood 3d puzzles	swe	0	3	0	7
rowood 3d puzzles	usa	0	11	0	12.45
rowood 3d wooden puzzle	aus	0	1	0	13
rowood 3d wooden puzzle	che	0	1	0	3
rowood 3d wooden puzzle	fra	0	1	0	9
rowood bloemen	nld	0	9	0	10.56
rowood blumen	aut	0	15	0	9.4
rowood blumen	dnk	0	1	0	10
rowood blumen	ita	0	3	0	10
rowood blumen	swe	0	1	0	10
rowood blumen	usa	0	1	0	10
rowood bonsai	fra	0	1	0	10
rowood bonsai	gbr	0	2	0	9.5
rowood bonsai	ita	0	1	0	1
rowood bonsai	nld	0	1	0	5
rowood bouquet	pol	0	1	0	8
rowood bouwpakket	nld	0	2	0	22.5
rowood chamomile	cze	0	2	0	8
rowood chamomile	deu	0	2	0	8
rowood chamomile	ita	0	4	0	5.75
rowood chamomile	tur	0	2	0	9
rowood crafts	fra	0	1	0	11
rowood cultura	fra	0	1	0	11
rowood decoration	bel	0	11	0	6.36
rowood fiori	che	0	1	0	2
rowood fiori	svn	0	1	0	2
rowood fiori	usa	0	1	0	3
rowood fleur	che	0	1	0	8
rowood fleur	idn	0	1	0	5
rowood flores	and	0	1	0	8
rowood flores	arg	0	1	0	2
rowood flores	aus	0	1	0	9
rowood flores	chl	0	2	0	6.5
rowood flores	cri	0	2	0	6.5
rowood flores	cze	0	1	0	2
rowood flores	dom	0	2	0	8
rowood flores	gtm	0	2	0	2.5
rowood flores	mex	0	10	0	6.2
rowood flores	nld	0	1	0	5
rowood flores	pan	0	1	0	9
rowood flores	pri	0	1	0	9
rowood flores	slv	0	1	0	2
rowood flower	bel	0	2	0	2
rowood flower	che	0	4	0	3.75
rowood flower	col	0	2	0	8.5
rowood flower	deu	0	7	0	11.14
rowood flower	dnk	0	2	0	3
rowood flower	esp	0	5	0	6
rowood flower	fin	0	1	0	3
rowood flower	fra	0	5	0	6
rowood flower	gbr	0	1	0	15
rowood flower	hkg	0	5	0	10.4
rowood flower	hun	0	1	0	4
rowood flower	idn	0	7	0	9.29
rowood flower	mex	0	4	0	6.25
rowood flower	mys	0	1	0	8
rowood flower	nld	0	2	0	9
rowood flower	per	0	1	0	5
rowood flower	phl	0	2	0	5.5
rowood flower	pol	0	1	0	2
rowood flower	pri	0	1	0	7
rowood flower	sau	0	1	0	5
rowood flower	srb	0	1	0	3
rowood flower	svn	0	1	0	3
rowood flower	swe	0	1	0	10
rowood flower	tha	0	9	0	8.44
rowood flower	twn	0	1	0	9
rowood flower	usa	0	134	0	9.73
rowood flower bouquet	esp	0	1	0	10
rowood flower bouquet	ita	0	1	0	6
rowood flower puzzle	fin	0	1	0	5
rowood flower puzzle	nor	0	1	0	5
rowood flower puzzle	twn	0	1	0	9
rowood flowers	arg	0	1	0	6
rowood flowers	aus	0	2	0	14
rowood flowers	aut	0	1	0	5
rowood flowers	bel	0	4	0	4.5
rowood flowers	bgr	0	2	0	3
rowood flowers	che	0	3	0	3.67
rowood flowers	deu	0	4	0	23.75
rowood flowers	ecu	0	1	0	6
rowood flowers	esp	0	16	0	7.94
rowood flowers	fin	0	3	0	7
rowood flowers	fra	0	33	0	8.39
rowood flowers	gbr	0	2	0	18.5
rowood flowers	gtm	0	1	0	3
rowood flowers	hkg	0	2	0	9
rowood flowers	hun	0	6	0	4.17
rowood flowers	ind	0	1	0	12
rowood flowers	irl	0	7	0	7.43
rowood flowers	ltu	0	4	0	4
rowood flowers	lux	0	1	0	4
rowood flowers	lva	0	1	0	2
rowood flowers	mex	0	3	0	8
rowood flowers	nic	0	1	0	4
rowood flowers	nld	0	15	0	8.53
rowood flowers	nor	0	1	0	3
rowood flowers	nzl	0	2	0	12.5
rowood flowers	pan	0	1	0	4
rowood flowers	phl	0	14	0	8.29
rowood flowers	pol	0	3	0	5
rowood flowers	pri	0	1	0	9
rowood flowers	rou	0	1	0	8
rowood flowers	sau	0	2	0	5
rowood flowers	srb	0	4	0	3.25
rowood flowers	svk	0	1	0	7
rowood flowers	svn	0	3	0	3
rowood flowers	swe	0	7	0	3.71
rowood flowers	tur	0	2	0	4
rowood flowers	twn	0	1	0	7
rowood flowers	ukr	0	1	0	3
rowood flowers	ven	0	1	0	5
rowood flowers	vnm	0	1	0	11
rowood glittering water lily	ita	0	2	0	6.5
rowood golden sunflower	deu	0	1	0	8
rowood golden sunflower	fin	0	2	0	7
rowood golden sunflower	fra	0	2	0	8
rowood golden sunflower	irl	0	1	0	8
rowood golden sunflower	ita	0	1	0	1
rowood kits	esp	0	2	0	3
rowood kwiaty	bra	0	1	0	22
rowood kwiaty	idn	0	1	0	11
rowood kwiaty	ita	0	1	0	2
rowood kwiaty	mar	0	1	0	7
rowood light orange gerbera daisy	deu	0	2	0	7
rowood light orange gerbera daisy	esp	0	1	0	10
rowood lilac	bel	0	1	0	4
rowood lilac	deu	0	4	0	11.25
rowood lilac	esp	0	1	0	5
rowood lilac	ita	0	4	0	6
rowood lilac	nor	0	1	0	3
rowood lilac	pol	0	1	0	3
rowood lilac	prt	0	1	0	2
rowood lilac	svk	0	1	0	5
rowood lilac	svn	0	1	0	2
rowood lily	bel	0	1	0	9
rowood lily	deu	0	2	0	9
rowood lily	esp	0	2	0	7.5
rowood lily	ita	0	1	0	1
rowood maquette	fra	0	36	0	7.78
rowood maquette	gbr	0	1	0	5
rowood maquette	usa	0	1	0	5
rowood models	swe	0	1	0	9
rowood official website	fra	0	2	0	9
rowood official website	ita	0	2	0	7
rowood official website	nzl	0	2	0	11
rowood official website	qat	0	1	0	10
rowood orange tulip	hun	0	2	0	5
rowood orange tulip	nld	0	1	0	4
rowood orange tulip	pol	0	2	0	4.5
rowood orange tulip	prt	0	1	0	2
rowood orchid	cze	0	1	0	10
rowood orchid	ita	0	2	0	1.5
rowood orchid	rou	0	1	0	8
rowood paris cathedral	cze	0	2	0	5.5
rowood paris cathedral	fra	0	2	0	10
rowood paris cathedral 3d wooden puzzle tg511	esp	0	2	0	3
rowood pink carnation	aut	0	1	0	10
rowood pink carnation	deu	0	1	0	10
rowood pink carnation	esp	0	2	0	9
rowood pink carnation	mkd	0	1	0	8
rowood pink carnation	swe	0	1	0	10
rowood pink dahlia	gbr	0	3	0	10.67
rowood pink dahlia	mys	0	1	0	5
rowood pink dahlia	nld	0	2	0	7.5
rowood pink lily	aut	0	1	0	8
rowood pink lily	deu	0	4	0	10.75
rowood pink lily	esp	0	6	0	10.5
rowood pink lily	ita	0	5	0	3.6
rowood pink lily	nld	0	1	0	8
rowood pink lily	pol	0	1	0	1
rowood pink lily	svn	0	1	0	4
rowood pink rose	ita	0	2	0	7
rowood pink rose	nld	0	1	0	9
rowood pink rose	pol	0	1	0	6
rowood pink tulip	deu	0	2	0	7
rowood pink tulip	esp	0	2	0	6.5
rowood pink tulip	fin	0	1	0	4
rowood pink tulip	ita	0	3	0	6
rowood pink tulip	prt	0	1	0	5
rowood purple iris	ita	0	1	0	1
rowood purple moth orchid	nld	0	1	0	10
rowood puzzle	che	0	2	0	5.5
rowood puzzle	cze	0	3	0	1
rowood puzzle	deu	0	22	0	7.77
rowood puzzle	dnk	0	1	0	3
rowood puzzle	dza	0	1	0	7
rowood puzzle	esp	0	2	0	2.5
rowood puzzle	fra	0	18	0	5.39
rowood puzzle	hun	0	1	0	1
rowood puzzle	jpn	0	2	0	10
rowood puzzle	pol	0	1	0	1
rowood puzzle	prt	0	1	0	3
rowood puzzle	reu	0	1	0	8
rowood puzzle	rou	0	1	0	11
rowood puzzle	tha	0	1	0	8
rowood puzzle	twn	0	1	0	7
rowood puzzle	ukr	0	1	0	4
rowood puzzle 3d	arg	0	1	0	11
rowood puzzle 3d	esp	0	7	0	3.71
rowood puzzle 3d	fra	0	2	0	9
rowood puzzle 3d	rou	0	1	0	11
rowood puzzles	aus	0	1	0	20
rowood puzzles	bel	0	1	0	11
rowood puzzles	deu	0	1	0	11
rowood puzzles	esp	0	2	0	3.5
rowood puzzles	fin	0	2	0	6.5
rowood puzzles	fra	0	1	0	5
rowood puzzles	mex	0	3	0	10.33
rowood puzzles	nld	0	3	0	9.67
rowood puzzles	pak	0	1	0	9
rowood puzzles	sau	0	1	0	8
rowood puzzles	tha	0	1	0	7
rowood puzzles	usa	0	3	0	9
rowood puzzles	zaf	0	1	0	10
rowood red camellia	deu	0	1	0	3
rowood red camellia	esp	0	3	0	3
rowood red camellia	fra	0	2	0	8
rowood red camellia	nld	0	1	0	8
rowood red camellia	pol	0	1	0	5
rowood red carnation	fra	0	2	0	5
rowood red carnation	ind	0	1	0	9
rowood red carnation	ita	0	1	0	5
rowood red carnation	mkd	0	1	0	8
rowood red carnation	nld	0	2	0	10.5
rowood red carnation	pan	0	1	0	8
rowood red carnation	prt	0	2	0	2
rowood red carnation	sau	0	3	0	7.33
rowood red carnation	tur	0	1	0	10
rowood red carnation	usa	0	1	0	11
rowood red rose	aut	0	2	0	11.5
rowood red rose	bel	0	1	0	5
rowood red rose	deu	0	1	0	11
rowood red rose	fra	0	1	0	10
rowood red rose	gbr	0	1	0	2
rowood red rose	ita	0	6	0	3.67
rowood red rose	prt	0	1	0	3
rowood red rose	svk	0	1	0	6
rowood red rose	swe	0	1	0	10
rowood ridderkerk	nld	0	1	0	35
rowood rose	aut	0	2	0	12
rowood rose	deu	0	3	0	6.67
rowood rose	esp	0	1	0	5
rowood sakura	arg	0	1	0	1
rowood sakura	bel	0	1	0	1
rowood sakura	can	0	1	0	2
rowood sakura	che	0	1	0	2
rowood sakura	deu	0	3	0	6
rowood sakura	esp	0	7	0	1.71
rowood sakura	fin	0	1	0	3
rowood sakura	fra	0	9	0	5.78
rowood sakura	ita	0	2	0	1
rowood sakura	nld	0	1	0	7
rowood sakura	nzl	0	2	0	1.5
rowood sakura	pol	0	5	0	1.8
rowood sakura	swe	0	1	0	5
rowood sakura	tur	0	1	0	1
rowood sakura	usa	0	1	0	2
rowood sakura wooden bloom craft	glp	0	1	0	8
rowood sakura wooden bloom craft	ita	0	2	0	3
rowood sakura wooden bloom craft	pol	0	1	0	6
rowood starry night	nld	0	1	0	24
rowood sunflower	aut	0	1	0	5
rowood sunflower	bel	0	1	0	11
rowood sunflower	bgr	0	1	0	6
rowood sunflower	cze	0	5	0	5.4
rowood sunflower	deu	0	4	0	9.5
rowood sunflower	esp	0	4	0	7.75
rowood sunflower	fra	0	2	0	10
rowood sunflower	ita	0	5	0	5.6
rowood sunflower	lva	0	1	0	5
rowood sunflower	nld	0	4	0	8.75
rowood sunflower	pol	0	2	0	4
rowood sunflower	prt	0	2	0	5.5
rowood sunflower	sau	0	2	0	8
rowood sunflower	svn	0	1	0	5
rowood sunflower	swe	0	1	0	6
rowood sunflower	tur	0	2	0	9
rowood sunflower	usa	0	2	0	6
rowood tulip	bel	0	1	0	9
rowood tulip	fra	0	1	0	11
rowood tulip	grc	0	1	0	6
rowood tulip	ita	0	3	0	6
rowood tulip	nld	0	1	0	10
rowood tulip	svk	0	1	0	9
rowood water lily	ita	0	1	0	4
rowood website	ita	0	1	0	11
rowood wooden bloom box	fra	0	1	0	8
rowood wooden bloom box	prt	0	1	0	1
rowood wooden bloom box	rou	0	1	0	6
rowood wooden bloom box	swe	0	1	0	7
rowood wooden craft	che	0	1	0	12
rowood wooden flower basket	gbr	0	2	0	4
rowood wooden flower basket	phl	0	1	0	6
rowood wooden flower basket diy 3d puzzle tw03h	bra	0	1	0	3
rowood wooden flower bouquet	ita	0	1	0	9
rowood wooden flower bouquet	nld	0	1	0	11
rowood wooden flowers	dnk	0	1	0	6
rowoods	ita	0	2	0	1.5
rowoods	nld	0	2	0	51.5
rowoof	fra	0	2	0	4
rowoof	nld	0	2	0	8.5
rowoof	pak	0	1	0	5
rowoof	usa	0	1	0	10
roword	deu	0	1	0	5
roword	fra	0	1	0	5
rowwood	gbr	0	1	0	13
rowwood	ita	0	1	0	1
rowwood	nld	0	1	0	2
rowwood	swe	0	1	0	3
rozvoj motoriky	cze	0	2	0	24
ročno izdelana darila za rojstni dan	svn	0	5	0	29
rrokr	bih	0	1	0	3
rudý karafiát	cze	0	1	0	1
ruifam 3d wooden puzzles	usa	0	1	0	4
ruko toys	usa	0	1	0	22
részképességek fejlesztése	hun	0	1	0	64
różowy skuter 50	pol	0	1	0	1
rød racerbil	dnk	0	2	0	1
s	hnd	0	1	0	1
s	usa	0	3	0	1.67
sago park	swe	0	1	0	6
sagrada familia	fra	0	1	0	2
sagrada familia 3d	bra	0	3	0	1
sagrada familia 3d	esp	0	31	0	3.45
sagrada familia 3d	hun	0	1	0	4
sagrada familia 3d	ind	0	1	0	6
sagrada familia 3d	nld	0	3	0	2.67
sagrada familia 3d	phl	0	2	0	2.5
sagrada familia 3d	usa	0	2	0	22.5
sagrada familia 3d model online	deu	0	1	0	8
sagrada familia 3d puzzle	alb	0	1	0	8
sagrada familia 3d puzzle	bel	0	2	0	1
sagrada familia 3d puzzle	bgr	0	1	0	10
sagrada familia 3d puzzle	bih	0	1	0	1
sagrada familia 3d puzzle	can	0	1	0	1
sagrada familia 3d puzzle	deu	0	4	0	1
sagrada familia 3d puzzle	est	0	2	0	1
sagrada familia 3d puzzle	fin	0	3	0	4.33
sagrada familia 3d puzzle	gha	0	1	0	1
sagrada familia 3d puzzle	hun	0	5	0	1
sagrada familia 3d puzzle	ind	0	3	0	1
sagrada familia 3d puzzle	irl	0	1	0	1
sagrada familia 3d puzzle	ita	0	5	0	1
sagrada familia 3d puzzle	ltu	0	1	0	1
sagrada familia 3d puzzle	nzl	0	1	0	1
sagrada familia 3d puzzle	per	0	1	0	10
sagrada familia 3d puzzle	phl	0	1	0	1
sagrada familia 3d puzzle	pol	0	6	0	1
sagrada familia 3d puzzle	rou	0	7	0	1
sagrada familia 3d puzzle	svk	0	1	0	1
sagrada familia 3d puzzle	svn	0	3	0	2
sagrada familia 3d puzzle	tur	0	1	0	1
sagrada familia em 3d	fra	0	1	0	1
sagrada familia en 3d	esp	0	3	0	1.67
sagrada familia eu	pol	0	1	0	11
sagrada familia madera	esp	0	1	0	1
sagrada familia miniature	esp	0	1	0	4
sagrada familia model 3d	pol	0	2	0	3.5
sagrada familia modell	fra	0	1	0	6
sagrada familia modell	hun	0	1	0	8
sagrada familia modell fertig	deu	0	1	0	5
sagrada familia puzzle	bgd	0	1	0	7
sagrada familia puzzle	can	0	1	0	15
sagrada familia puzzle	cze	0	1	0	1
sagrada familia puzzle	deu	0	16	0	4.38
sagrada familia puzzle	esp	0	14	0	5.07
sagrada familia puzzle	fra	0	3	0	10.33
sagrada familia puzzle	gbr	0	8	0	2.62
sagrada familia puzzle	hrv	0	1	0	7
sagrada familia puzzle	hun	0	1	0	1
sagrada familia puzzle	irl	0	1	0	12
sagrada familia puzzle	ita	0	6	0	10.83
sagrada familia puzzle	ken	0	1	0	6
sagrada familia puzzle	ltu	0	1	0	10
sagrada familia puzzle	mda	0	1	0	7
sagrada familia puzzle	nld	0	1	0	7
sagrada familia puzzle	pol	0	11	0	2.82
sagrada familia puzzle	prt	0	3	0	4.67
sagrada familia puzzle	rus	0	1	0	4
sagrada familia puzzle	ukr	0	1	0	1
sagrada familia puzzle	usa	0	4	0	1
sagrada familia puzzle	vnm	0	1	0	1
sagrada familia puzzle	zaf	0	1	0	2
sagrada familia puzzle 3d	arg	0	1	0	1
sagrada familia puzzle 3d	aus	0	1	0	1
sagrada familia puzzle 3d	aut	0	2	0	2.5
sagrada familia puzzle 3d	can	0	1	0	1
sagrada familia puzzle 3d	chl	0	1	0	1
sagrada familia puzzle 3d	cze	0	1	0	1
sagrada familia puzzle 3d	deu	0	3	0	1.67
sagrada familia puzzle 3d	esp	0	18	0	1
sagrada familia puzzle 3d	fra	0	9	0	1
sagrada familia puzzle 3d	hun	0	1	0	1
sagrada familia puzzle 3d	idn	0	1	0	1
sagrada familia puzzle 3d	ita	0	3	0	1.33
sagrada familia puzzle 3d	nld	0	3	0	3.33
sagrada familia puzzle 3d	pol	0	14	0	1
sagrada familia puzzle 3d	prt	0	1	0	1
sagrada familia puzzle 3d	rou	0	1	0	1
sagrada família 3d	idn	0	1	0	1
sagrada puzzle	esp	0	1	0	1
sagrada puzzle	hkg	0	1	0	3
sagrada puzzle	idn	0	1	0	3
sagrada puzzle	ita	0	1	0	3
sagrada puzzle	nzl	0	1	0	4
sagrada puzzle	pak	0	1	0	3
sagrada puzzle	pol	0	4	0	1.5
saksofon drewniany	pol	0	2	0	14.5
saksofon inglise keeles	est	0	3	0	8.67
sakura 3d	pol	0	2	0	1.5
sakura 3d puzzle	deu	0	5	0	9
sakura 3d puzzle	esp	0	1	0	10
sakura 3d puzzle	gbr	0	2	0	2
sakura 3d puzzle	nld	0	2	0	5.5
sakura 3d puzzle	qat	0	3	0	7.67
sakura 3d puzzle	srb	0	2	0	5.5
sakura baumhaus	deu	0	2	0	10.5
sakura bondai	dnk	0	1	0	1
sakura bonsai	aut	0	1	0	5
sakura bonsai	cze	0	4	0	5.75
sakura bonsai	dnk	0	3	0	3.67
sakura bonsai	esp	0	6	0	9.17
sakura bonsai	ltu	0	1	0	3
sakura bonsai	pol	0	8	0	6.25
sakura bonsai	tha	0	1	0	2
sakura bonsai	ukr	0	1	0	5
sakura bonsai 3d puzzle	deu	0	6	0	10
sakura bonsai 3d puzzle	gbr	0	2	0	4
sakura bonsai 3d puzzle	ita	0	2	0	3.5
sakura bonsai 3d puzzle	nld	0	1	0	10
sakura bonsai 3d puzzle	phl	0	1	0	3
sakura bonsai 3d puzzle	prt	0	1	0	6
sakura bonsai rolife	bra	0	1	0	5
sakura bonsai rolife	deu	0	4	0	10.75
sakura bonsai rolife	esp	0	1	0	3
sakura bonsai rolife	grc	0	4	0	2
sakura bonsai rolife	ita	0	1	0	3
sakura bonsai rolife	jpn	0	1	0	6
sakura bonsai rolife	mex	0	1	0	2
sakura bonsai rolife	mlt	0	1	0	4
sakura bonsai rolife	usa	0	1	0	8
sakura book nook	deu	0	4	0	37.5
sakura book nook	gbr	0	2	0	33
sakura book nook	hrv	0	1	0	8
sakura book nook	ita	0	5	0	10.8
sakura book nook kit	nld	0	1	0	26
sakura book nook rolife	svn	0	1	0	5
sakura booknook	swe	0	1	0	10
sakura densha	pol	0	1	0	2
sakura densha	swe	0	1	0	1
sakura densya	bel	0	1	0	35
sakura densya	can	0	1	0	33
sakura densya	cze	0	4	0	3
sakura densya	deu	0	2	0	41.5
sakura densya	dnk	0	7	0	6.57
sakura densya	esp	0	1	0	33
sakura densya	fin	0	4	0	10.25
sakura densya	gbr	0	2	0	35
sakura densya	hun	0	4	0	3.75
sakura densya	ita	0	16	0	6.62
sakura densya	pol	0	4	0	9.25
sakura densya	prt	0	4	0	4
sakura densya	rou	0	1	0	11
sakura densya	svn	0	3	0	10
sakura densya	swe	0	10	0	7
sakura densya	tur	0	1	0	1
sakura densya	ukr	0	1	0	17
sakura densya	usa	0	2	0	5
sakura densya book nook	can	0	1	0	29
sakura densya book nook	esp	0	1	0	26
sakura densya book nook	fin	0	1	0	12
sakura densya book nook	ita	0	10	0	10.7
sakura densya book nook	nld	0	1	0	9
sakura densya book nook	pak	0	1	0	5
sakura densya book nook	rou	0	1	0	13
sakura densya book nook	ukr	0	1	0	11
sakura densya book nook	zaf	0	1	0	7
sakura densya rolife	dnk	0	1	0	9
sakura densya rolife	egy	0	1	0	5
sakura densya rolife	fra	0	1	0	6
sakura densya rolife	ita	0	1	0	7
sakura densya rolife	jpn	0	1	0	7
sakura dreamy tour	deu	0	2	0	9
sakura dreamy tour	esp	0	4	0	6.75
sakura dreamy tour	ita	0	5	0	5.4
sakura dreamy tour	pol	0	1	0	3
sakura dreamy tour	swe	0	1	0	7
sakura dreamy tour music box	fra	0	1	0	4
sakura dreamy tour rolife	prt	0	1	0	2
sakura drevo	cze	0	6	0	2.33
sakura fa	hun	0	1	0	9
sakura holz	aut	0	1	0	12
sakura journey	dnk	0	1	0	3
sakura journey	grc	0	1	0	1
sakura journey	hun	0	1	0	5
sakura journey	ind	0	1	0	2
sakura journey	ita	0	4	0	3.25
sakura journey	pol	0	2	0	1.5
sakura journey	vnm	0	1	0	22
sakura journey 3d puzzle	esp	0	3	0	7
sakura journey 3d puzzle	fin	0	1	0	3
sakura journey 3d puzzle	tur	0	1	0	2
sakura journey rolife	est	0	1	0	5
sakura journey rolife	ita	0	3	0	4
sakura journey rolife	pol	0	1	0	2
sakura logi	lva	0	1	0	5
sakura miniature	ita	0	1	0	4
sakura modèle 101	aus	0	1	0	6
sakura pavilion	bra	0	2	0	10
sakura pavilion	deu	0	3	0	7.33
sakura pavilion	esp	0	3	0	10
sakura pavilion	isr	0	1	0	11
sakura pavilion	nld	0	6	0	7.5
sakura pavilion	phl	0	1	0	4
sakura pavilion	prt	0	2	0	5
sakura pavilion	tha	0	1	0	10
sakura pavilion rolife	bel	0	1	0	7
sakura pavilion rolife	cri	0	2	0	4
sakura pavilion rolife	deu	0	1	0	6
sakura pavilion rolife	esp	0	3	0	4
sakura pavilion rolife	fra	0	1	0	10
sakura pavilion rolife	gbr	0	1	0	10
sakura pavilion rolife	nld	0	2	0	10.5
sakura pavilion rolife	usa	0	3	0	8.33
sakura pavillion	deu	0	1	0	6
sakura pavillion	svn	0	1	0	2
sakura puzzle	are	0	1	0	10
sakura puzzle	deu	0	4	0	8
sakura puzzle	esp	0	2	0	5.5
sakura puzzle	fin	0	1	0	10
sakura puzzle	gbr	0	1	0	3
sakura puzzle	hun	0	2	0	1.5
sakura puzzle	ita	0	1	0	5
sakura puzzle	pol	0	1	0	8
sakura puzzle	rou	0	1	0	4
sakura puzzle 3d	deu	0	1	0	7
sakura puzzle 3d	pol	0	1	0	1
sakura rolife	dnk	0	1	0	4
sakura rolife	ita	0	4	0	2.5
sakura rolife	pol	0	1	0	1
sakura train book nook	aus	0	1	0	12
sakura train book nook	ita	0	1	0	1
sakura train book nook	nld	0	1	0	18
sakura tree house	bel	0	1	0	28
sakura tree house	fra	0	1	0	3
sakura tree house	hun	0	2	0	1.5
sakura tree house	ita	0	3	0	4.67
sakura tree house	lux	0	1	0	11
sakura tree house 3d puzzle	ita	0	2	0	3.5
sakura tree house 3d puzzle	pol	0	1	0	5
sakura tree house 3d puzzle	srb	0	1	0	4
sakura tree house rolife	esp	0	1	0	2
sakura tree house rolife	ita	0	1	0	6
sakura tree house rolife	nld	0	1	0	29
sakura tree house rolife	pol	0	6	0	4.33
sakura tree house rolife	prt	0	2	0	9
sakura tree house rolife	svn	0	1	0	4
sakura treehouse	usa	0	2	0	30
sakura tv rolife	cze	0	2	0	2
sakura wine alley	ita	0	15	0	9.73
sakura wine alley	pol	0	1	0	10
sakura wine alley book nook	swe	0	1	0	1
sakura wooden puzzle	deu	0	1	0	1
sakura wooden puzzle	ita	0	1	0	5
sakura's travel 3d puzzle	deu	0	2	0	7
sam study rolife	ita	0	5	0	11
sam study rolife	ltu	0	1	0	7
sam study rolife	nor	0	1	0	10
sam's library	dnk	0	1	0	5
sam's study	esp	0	2	0	2
sam's study	fin	0	1	0	10
sam's study	gbr	0	1	0	35
sam's study	mmr	0	1	0	31
sam's study	pol	0	1	0	6
sam's study	prt	0	2	0	9
sam's study	usa	0	2	0	13
sam's study miniature kit	cyp	0	1	0	5
sam's study miniature kit	fin	0	1	0	10
sam's study rolife	bel	0	1	0	12
sam's study rolife	dnk	0	1	0	11
sam's study rolife	esp	0	1	0	4
sam's study rolife	hrv	0	1	0	7
sam's study rolife	hun	0	1	0	7
sam's study rolife	nld	0	1	0	8
sam's study rolife	pol	0	1	0	9
samler	dnk	0	1	0	1
samlesæt fritidshytte	dnk	0	9	0	70.78
samlesæt fritidstræhus	dnk	0	25	0	46.44
samolot puzzle 3d	pol	0	1	0	5
sams library	ind	0	1	0	4
sams library	nzl	0	1	0	1
sams library	pol	0	1	0	2
sams library	swe	0	4	0	3.5
sams library	ukr	0	1	0	6
sams study	esp	0	2	0	9.5
sams study rolife	esp	0	2	0	6.5
sams study rolife	prt	0	2	0	5.5
sams study rolife	zaf	0	1	0	10
sarok könyvespolc	hun	0	1	0	22
sat s kukavicom	usa	0	1	0	5
savivarcio nuoma	ltu	0	1	0	31
saxophon aus holz	deu	0	2	0	2.5
scapa de stres	rou	0	1	0	27
scaricare lo stress	ita	0	1	0	38
scaricare lo stress	pry	0	1	0	39
schaktbil	swe	0	28	0	33.21
schaktbil uppsala	swe	0	7	0	24.43
schiefer turm von pisa 3d puzzle	deu	0	1	0	11
schiefer turm von pisa puzzle	bgr	0	1	0	7
schiefer turm von pisa puzzle	idn	0	1	0	7
schiefer turm von pisa puzzle	ind	0	1	0	7
schiefer turm von pisa puzzle	tjk	0	1	0	8
scooter de madera	bra	0	1	0	28
scooter houten	nld	0	4	0	9.25
scooter ålder	deu	0	1	0	43
seahorse barque 3d wooden puzzle	rou	0	1	0	6
segelschiff puzzle	deu	0	3	0	31
sejlskibet	dnk	0	12	0	2.33
sena	bgr	0	1	0	13
senovinis pabuklas	ltu	0	2	0	6.5
senovinis pabūklas	ltu	0	7	0	7
serre miniature	chl	0	1	0	1
serre miniature	fra	0	6	0	1.17
serre miniature	gbr	0	1	0	1
serre miniature	ind	0	1	0	1
serre miniature	ita	0	1	0	6
serre miniature	kaz	0	1	0	1
serre miniature	rou	0	1	0	15
sherman little	usa	0	5	0	1.2
shop miniature	esp	0	1	0	17
shop miniature	fra	0	1	0	28
show a picture of	usa	0	1	0	10
show images	gbr	0	1	0	21
show picture	ltu	0	1	0	3
show the end	ltu	0	1	0	1
si	esp	0	2	0	3
si	prt	0	1	0	21
si cuanto tarda?	esp	0	1	0	1
si eso	esp	0	1	0	32
si illumina?	ita	0	1	0	3
si possono ordinare online?	ita	0	1	0	1
si procedi	ita	0	1	0	1
si, por favor	esp	0	1	0	1
siegesbogen	deu	0	3	0	6.67
sim	prt	0	1	0	4
simeons house	hun	0	1	0	9
similar puzzle	aus	0	1	0	45
simmons coffee shop	esp	0	1	0	8
simon coffe	col	0	1	0	9
simon coffee shop	nld	0	1	0	12
simon coffee shop	vnm	0	1	0	10
simon's coffee	col	0	1	0	8
simon's coffee	esp	0	2	0	5.5
simon's coffee	ita	0	1	0	13
simon's coffee	kor	0	1	0	4
simon's coffee	mex	0	3	0	11.33
simon's coffee house	fin	0	1	0	9
simon's coffee house	pol	0	5	0	10.2
simon's coffee miniature	fin	0	1	0	4
simon's coffee miniature	irl	0	1	0	9
simon's coffee rolife	esp	0	1	0	2
simon's coffee rolife	est	0	1	0	4
simon's coffee rolife	per	0	1	0	10
simon's coffee rolife	usa	0	13	0	9.08
simon's coffee shop	esp	0	1	0	8
simon's coffee shop	est	0	2	0	7
simon's coffee shop	fra	0	2	0	8
simon's coffee shop	ita	0	1	0	6
simon's coffee shop	pol	0	1	0	7
simon's coffee shop	rou	0	1	0	9
simon's coffee shop miniature	bel	0	1	0	7
simon's coffee shop miniature	fin	0	1	0	3
simon's coffee shop miniature	fra	0	2	0	9.5
simon's coffee shop miniature	usa	0	1	0	12
simon's coffee shop rolife	bra	0	1	0	10
simon's coffee shop rolife	deu	0	1	0	7
simon's coffee shop rolife	usa	0	1	0	7
simons cafe	aus	0	1	0	7
simons cafe	fin	0	2	0	4
simons cafe	idn	0	1	0	4
simons cafe	npl	0	1	0	4
simons cafe	swe	0	2	0	18
simons cafe	usa	0	9	0	5.78
simons cafe rolife	deu	0	1	0	8
simons cafe rolife	lva	0	1	0	2
simons coffe	rou	0	1	0	11
simons coffee	est	0	1	0	5
simons coffee	fin	0	2	0	5.5
simons coffee	fra	0	1	0	9
simons coffee	ind	0	1	0	10
simons coffee	phl	0	1	0	7
simons coffee	usa	0	1	0	3
simons coffee house	bel	0	1	0	11
simons coffee house	esp	0	1	0	7
simons coffee house	fin	0	2	0	4.5
simons coffee house	nld	0	1	0	8
simons coffee house	srb	0	1	0	9
simons coffee rolife	dnk	0	1	0	7
simons coffee rolife	fin	0	1	0	3
simons coffee rolife	srb	0	2	0	2
simons coffee rolife	usa	0	6	0	9.33
simons coffee shop	aut	0	2	0	10.5
simons coffee shop	bhr	0	1	0	9
simons coffee shop	cyp	0	1	0	4
simons coffee shop	fin	0	1	0	3
simons coffee shop	lka	0	1	0	10
simons coffee shop	nld	0	4	0	9.75
simons coffee shop	rou	0	1	0	5
simons coffee shop	sgp	0	1	0	11
sistema solar em 3d	bra	0	1	0	11
sistema solar em 3d	gbr	0	1	0	11
sistema solar mecanico	esp	0	5	0	4.2
sistema solar mecanico	mex	0	1	0	11
sistema solare 3d	ita	0	2	0	11
sistemul solar 3d	rou	0	1	0	12
skaņuplašu atskaņotājs	lva	0	1	0	6
sklep czarownicy	pol	0	4	0	12.75
sklep dla czarownic	pol	0	12	0	13
skrinjice	svn	0	5	0	25.4
slike	hrv	0	1	0	2
slova a	hrv	0	1	0	11
small stuff miniatūru māja	lva	0	1	0	24
società in vendita	ita	0	1	0	24
something else?	cyp	0	1	0	1
sopek roz	svn	0	3	0	11
sova 3d	svn	0	2	0	2
speciale puzzels hout	nld	0	1	0	2
speedway motorcykel	swe	0	1	0	1
speedway motorrad modell	che	0	2	0	8
speedway motorrad modell	ita	0	1	0	6
speedwaymotor	nld	0	2	0	6
speldosa i trä	fin	0	1	0	9
spelskap	swe	0	1	0	8
spot stuff	cze	0	1	0	2
sri lanka price	lka	0	1	0	19
st001	hun	0	1	0	8
st001	ita	0	5	0	8.8
st001	nld	0	2	0	6.5
st001	pol	0	2	0	7
st003	cze	0	1	0	2
st003	esp	0	1	0	6
st003	fra	0	1	0	2
st003	ita	0	2	0	2
st003	ltu	0	3	0	1
st003	mys	0	1	0	9
st003	swe	0	1	0	3
st003	usa	0	1	0	8
st003 luminous globe	deu	0	1	0	6
st003 luminous globe	fra	0	1	0	10
st003 luminous globe	usa	0	1	0	12
st004	deu	0	4	0	3
st004	esp	0	1	0	3
st004	fra	0	2	0	8
st004	hun	0	1	0	1
st004	ken	0	1	0	8
st004	prt	0	1	0	1
stalowa	pol	0	1	0	22
stampante 3d legno	ita	0	12	0	12.33
stanze in miniatura da costruire	ita	0	11	0	2.09
stanze in miniatura da costruire	swe	0	1	0	2
starinski gramofon	svn	0	2	0	1
starry night amk51	deu	0	1	0	9
starry night amk51	irl	0	1	0	6
starry night amk51	prt	0	1	0	3
starry night music box	esp	0	1	0	8
starry night music box	lva	0	1	0	8
starry night music box	usa	0	1	0	17
starry night rokr	deu	0	1	0	11
starry night rokr	esp	0	1	0	8
steam engine rokr	fra	0	2	0	42.5
steckbrief tower bridge	deu	0	2	0	38
steeg puzzel	nld	0	8	0	10.38
stegosaurus 3d wooden puzzle	aut	0	1	0	6
stegosaurus 3d wooden puzzle	mex	0	1	0	3
stegosaurus puzzle	fra	0	1	0	1
stegosaurus puzzle	pol	0	1	0	1
stem	fra	0	1	0	6
stem	pol	0	2	0	71.5
stem lab	dza	0	1	0	9
stem lab	pol	0	1	0	6
stem lab	prt	0	1	0	10
stem madeira	prt	0	1	0	2
stem model	ind	0	1	0	9
stem model	sgp	0	1	0	11
stem model	usa	0	1	0	28
stem models	bdi	0	1	0	11
stem models	esp	0	1	0	1
stem models	ind	0	4	0	7
stem models	irl	0	1	0	9
stem models	mex	0	1	0	10
stem models	nga	0	1	0	1
stem models	pak	0	2	0	10
stem models	prt	0	1	0	1
stem models	usa	0	6	0	10.5
stem para madeira	bra	0	1	0	3
stem puzzle	deu	0	1	0	2
stem wood	ecu	0	1	0	18
step-by-step video	pri	0	1	0	19
stilvolles geschenk für mann	deu	0	2	0	26
sting scooter	fra	0	2	0	1
sting scooter	nld	0	2	0	1
storia	gbr	0	1	0	1
storia del tower bridge	gbr	0	6	0	8.5
storia del tower bridge	ita	0	1	0	7
storia tower bridge	ita	0	1	0	10
story arch puzzle	deu	0	1	0	1
story arch puzzle	fra	0	3	0	9
story arch puzzle	usa	0	3	0	1.67
story puzzel	nld	0	1	0	13
story puzzle	pol	0	1	0	5
story tower bridge	gbr	0	2	0	8.5
straalmotor puzzel	nld	0	1	0	8
street scene	nld	0	2	0	1
stress come combatterlo	ita	0	1	0	3
stress tips	ind	0	1	0	98
stress tips	nld	0	2	0	94.5
stress tips	npl	0	1	0	94
stress tips	twn	0	1	0	99
stressi maandamine	est	0	2	0	17
stégosaure	fra	0	1	0	2
subfusil thompson juguete	esp	0	1	0	1
such mir den link dazu	ita	0	1	0	24
sugestao de presente para mulher	bra	0	1	0	69
sujetalibros sakura densya	arg	0	1	0	1
sujetalibros sakura densya	bgd	0	1	0	1
sujetalibros sakura densya	bra	0	1	0	1
sujetalibros sakura densya	col	0	1	0	1
sujetalibros sakura densya	dom	0	1	0	1
sujetalibros sakura densya	mex	0	1	0	1
sujetalibros sakura densya	uzb	0	1	0	1
sunflower wooden puzzle	cze	0	1	0	1
sunflower wooden puzzle	ita	0	1	0	6
sunshine town	cze	0	1	0	6
sunshine town	ita	0	2	0	6.5
sunshine town	prt	0	1	0	4
sunshine town	svk	0	1	0	11
sunshine town	swe	0	5	0	7.4
sunshine town book nook	cze	0	1	0	2
sunshine town book nook	fra	0	2	0	44.5
sunshine town rolife	esp	0	9	0	6.89
sunshine town rolife	ita	0	1	0	7
sunshine town rolife	pol	0	1	0	3
sunshine town rolife	prt	0	1	0	3
sunshine town tgb02	prt	0	1	0	3
sunshine town tgb02	usa	0	1	0	9
sunčev sustav 3d	hrv	0	1	0	1
suona	ita	0	1	0	15
surinkimas	ltu	0	1	0	23
surprise mini dollhouse	usa	0	1	0	3
svjetla tornja	hrv	0	2	0	43
svítící 3d puzzle	cze	0	1	0	26
swing ride	fra	0	1	0	1
swing ride rokr	esp	0	4	0	10.25
swing ride rokr	nld	0	2	0	13
swing ride rokr	pol	0	2	0	2
sydney ooperimaja	est	0	2	0	4.5
sydney opera house 3d puzzle	nld	0	1	0	19
syrena 105	hun	0	5	0	4.6
syrena 105	prt	0	1	0	2
szukam drewnianych puzzli 3d o wysokim poziomie trudności do 200 złotych.	pol	0	17	0	1.94
születésnapi ajándék	hun	0	5	0	12.8
születésnapi ajándékok	hun	0	1	0	14
szülinapi ajándékok gyerekeknek	hun	0	1	0	11
szülinapi ajándékok nőknek	hun	0	1	0	11
sünnipäeva kingitused	est	0	28	0	21.89
sünnipäevakingid	est	0	1	0	9
t 34-85	ita	0	1	0	83
t 34/85	ita	0	1	0	80
t rex 3d puzzle	cze	0	1	0	1
t rex 3d puzzle	deu	0	1	0	1
t rex puzzle	hun	0	1	0	4
t rex puzzle	ita	0	1	0	13
t rex puzzle	pol	0	1	0	32
t rex puzzle 3d	usa	0	1	0	1
t rex wooden puzzle	irl	0	1	0	11
t rex wooden puzzle	usa	0	1	0	8
t-rex	hun	0	1	0	12
t-rex puzzle	lva	0	1	0	1
t13 tank	rus	0	1	0	18
tablas y calendarios el universo	ecu	0	1	0	69
tak	pol	0	2	0	3
tank 3d	pol	0	2	0	5
tank leopard 1	cze	0	2	0	6.5
tank puzzle	arg	0	1	0	1
tank puzzle	bih	0	1	0	2
tank puzzle	cze	0	3	0	6.33
tank puzzle	esp	0	1	0	1
tank puzzle	hun	0	3	0	2.33
tank puzzle	idn	0	2	0	1
tank puzzle	khm	0	1	0	1
tank puzzle	nld	0	1	0	1
tank puzzle	rus	0	1	0	2
tank puzzle	svk	0	8	0	5.5
tank puzzle	tur	0	2	0	1.5
tank puzzle	usa	0	2	0	1.5
tank tortoise	bel	0	1	0	1
tank tortoise	bra	0	2	0	1.5
tank tortoise	can	0	1	0	11
tank tortoise	chl	0	1	0	2
tank tortoise	deu	0	2	0	17.5
tank tortoise	esp	0	1	0	11
tank tortoise	gbr	0	1	0	11
tank tortoise	idn	0	2	0	6
tank tortoise	ita	0	2	0	1
tank tortoise	pol	0	2	0	7
tank tortoise	swe	0	1	0	1
tank tortoise	usa	0	3	0	15.33
tanks	svn	0	1	0	11
tanque 3d	esp	0	9	0	3.78
tanque de madera	dom	0	1	0	1
tanque de madera	esp	0	2	0	6
tanque fv4005	esp	0	1	0	7
tanquet	prt	0	1	0	3
tarif?	fra	0	1	0	21
tauera tilts	gbr	0	1	0	4
tauera tilts	lva	0	10	0	5.2
tauera tilts	nor	0	1	0	4
tauerio tiltas	cze	0	1	0	9
tauerio tiltas	gbr	0	3	0	13
tauerio tiltas	ltu	0	25	0	8.96
tebutik	swe	0	1	0	13
techniky proti stresu	cze	0	1	0	6
tecniche di rilassamento per stress	ita	0	1	0	2
tedi	esp	0	1	0	9
telefon karussell	deu	0	1	0	4
telefono 3d	nld	0	1	0	25
telefono de madera	esp	0	1	0	3
telescoop hout	bel	0	1	0	11
telescopio 3d	esp	0	1	0	2
telescopio 3d	ita	0	3	0	4.67
telescopio monocular rokr	bgd	0	1	0	4
telescopio monocular rokr	chl	0	1	0	1
telescopio monocular rokr	esp	0	1	0	1
telescopio monocular rokr	isr	0	1	0	4
telescopio monocular rokr	ita	0	1	0	2
telescopio monocular rokr	pol	0	1	0	1
telescopio monocular rokr	rus	0	1	0	2
telescopio monocular rokr	ury	0	1	0	2
telescopio monocular rokr	usa	0	1	0	2
tell me what is that	mys	0	1	0	1
tenk crtez	bih	0	1	0	1
tenk crtez	hrv	0	2	0	1
terminator m870	esp	0	1	0	4
terminator m870	ita	0	2	0	4.5
terminator m870	pol	0	2	0	3
teuerstes	deu	0	1	0	2
teure geschenke für frau	deu	0	2	0	52.5
teure geschenke für frauen	deu	0	3	0	45.33
teure geschenke für mädchen	deu	0	1	0	13
teure sachen für mädchen	deu	0	1	0	11
tf-001	ita	0	1	0	10
tf001	cze	0	1	0	4
tf001	svn	0	2	0	6
tg 505	deu	0	1	0	5
tg 505	fra	0	1	0	8
tg301	esp	0	5	0	22.8
tg304	deu	0	2	0	10
tg305	esp	0	1	0	7
tg305	tha	0	1	0	10
tg306	aus	0	1	0	6
tg306	tha	0	1	0	3
tg306	usa	0	1	0	17
tg307	esp	0	1	0	9
tg307	tha	0	1	0	63
tg309	nld	0	1	0	8
tg406	bel	0	1	0	4
tg406	esp	0	1	0	2
tg406	idn	0	1	0	10
tg406	ind	0	2	0	4.5
tg406	irl	0	1	0	3
tg406	nld	0	1	0	8
tg406	nor	0	1	0	5
tg406	sgp	0	1	0	8
tg406	tha	0	36	0	5.58
tg406	vnm	0	2	0	5.5
tg407	ita	0	1	0	11
tg407 flight status today	sgp	0	2	0	32
tg409	fra	0	1	0	10
tg409	prt	0	1	0	8
tg411	fra	0	1	0	4
tg411	irn	0	1	0	7
tg411	sgp	0	3	0	7
tg412	deu	0	2	0	5
tg412	nzl	0	1	0	1
tg501	can	0	1	0	3
tg504	bel	0	1	0	7
tg504	esp	0	1	0	3
tg504	fra	0	1	0	10
tg505	are	0	1	0	8
tg505	bra	0	2	0	9
tg505	fra	0	2	0	3
tg505	mmr	0	1	0	7
tg505	mys	0	1	0	8
tg505	nor	0	1	0	3
tg505	phl	0	4	0	8.5
tg505	tha	0	1	0	5
tg505	tza	0	1	0	7
tg505	uzb	0	1	0	9
tg507	bel	0	1	0	1
tg510	pol	0	1	0	4
tg511	hun	0	1	0	9
tg511	ita	0	1	0	7
tg511	ltu	0	1	0	3
tgb01	deu	0	3	0	8
tgb01	esp	0	1	0	7
tgb01	gbr	0	1	0	3
tgb01	irn	0	1	0	9
tgb01	ita	0	1	0	2
tgb01	kor	0	1	0	1
tgb01	usa	0	1	0	10
tgb02	deu	0	1	0	4
tgb02	ita	0	1	0	4
tgb02	pol	0	1	0	2
tgb02 sunshine town	ita	0	2	0	6.5
tgb02 sunshine town	lva	0	1	0	3
tgb02 sunshine town	rou	0	1	0	6
tgb03	ita	0	1	0	4
tgb03	nld	0	1	0	9
tgb06	bra	0	1	0	6
tgb06	esp	0	1	0	4
tgb06	isl	0	1	0	9
tgb06	swe	0	1	0	4
tgb06	ukr	0	1	0	7
tgb06 garden house	esp	0	1	0	3
tgb07	fra	0	1	0	6
tgb09	deu	0	1	0	9
tgb09	pry	0	1	0	7
tgb09	vnm	0	1	0	10
tgb10	deu	0	1	0	9
tgb10	fra	0	4	0	7.5
tgb10	lva	0	1	0	4
tgb10	mex	0	1	0	3
tgb10	nld	0	1	0	15
tgb10	swe	0	2	0	4
tgb10	usa	0	1	0	9
tgb11	esp	0	1	0	7
tgb11	fra	0	2	0	10
tgb11	ita	0	1	0	1
tgb12	esp	0	1	0	9
tgb12	fra	0	1	0	9
tgb12	isr	0	1	0	8
tgb12	nld	0	1	0	2
tgb12	nor	0	1	0	10
tgb12	swe	0	5	0	2.8
tgb13	fra	0	1	0	9
tgb14	bel	0	2	0	9.5
tgb14	dnk	0	2	0	2
tgb14	esp	0	1	0	7
tgb14	fra	0	1	0	4
tgb14	ita	0	1	0	10
tgb14	swe	0	19	0	3.42
tgb15	fra	0	2	0	5
tgb15	jpn	0	1	0	3
tgb15	swe	0	32	0	3.09
tgb16	blr	0	1	0	1
tgb16	esp	0	1	0	7
tgb16	ita	0	1	0	5
tgb16	pol	0	1	0	2
tgb16	swe	0	1	0	11
tgb17	bel	0	1	0	1
tgb17	esp	0	1	0	2
tgb17	mex	0	2	0	2
tgb17	swe	0	22	0	4.18
tgb17	tha	0	1	0	5
tgl01	est	0	1	0	7
tgl01	mex	0	1	0	1
tgl01	pry	0	1	0	2
tgl02	fra	0	1	0	3
tgl02	nld	0	2	0	3
tgm02	ita	0	2	0	1.5
tgn01	chn	0	2	0	8.5
tgn01	esp	0	1	0	2
tgn01	fra	0	1	0	7
tgn01	ita	0	1	0	2
tgn01	swe	0	1	0	1
tgs02	bel	0	1	0	7
tgs02	cze	0	1	0	1
tgs02	deu	0	1	0	8
tgs02	hun	0	1	0	3
tgs02	ita	0	2	0	3
tgs02	nld	0	1	0	10
tgs04	che	0	1	0	3
tgs04	deu	0	3	0	6.33
tgs04	esp	0	1	0	3
tgs04	fra	0	1	0	4
tgs04	jpn	0	1	0	8
tgs04	rus	0	1	0	2
th001	usa	0	1	0	53
thalia rolife	deu	0	1	0	22
the little story	cze	0	1	0	8
the magic study	deu	0	1	0	1
the magic study	nld	0	2	0	1
the most expensive gift	dom	0	1	0	8
the most expensive gift	est	0	1	0	10
the most expensive gift	ind	0	2	0	9.5
the most expensive gift	irn	0	1	0	9
the most expensive gift	isr	0	1	0	5
the most expensive gift	nld	0	1	0	10
the most expensive gift	phl	0	1	0	11
the most expensive gift	rus	0	1	0	6
the most expensive gift	uzb	0	1	0	11
the seahorse barque	irl	0	1	0	13
the seahorse barque	nor	0	1	0	1
the seahorse barque 3d wooden puzzle	fin	0	1	0	4
the seahorse barque 3d wooden puzzle	grc	0	1	0	8
the seahorse barque 3d wooden puzzle	hun	0	1	0	5
the seahorse barque 3d wooden puzzle	ita	0	1	0	9
the seahorse barque 3d wooden puzzle	pol	0	1	0	7
the seahorse barque mcb02	esp	0	1	0	9
the seahorse barque mcb02	ind	0	1	0	1
the seahorse barque rokr	esp	0	2	0	8.5
the tortoise tank	phl	0	1	0	13
the tower bridge	bgd	0	2	0	20
the tower bridge	fra	0	6	0	18.83
the tower bridge	idn	0	2	0	18.5
the tower bridge	phl	0	2	0	29.5
the tower bridge history	fra	0	1	0	12
the wood art	are	0	1	0	21
thompson submachine gun rokr difficulty	usa	0	4	0	5.5
three dimensional puzzle	deu	0	1	0	3
ti einai auto	grc	0	1	0	14
tienda bruja	chl	0	1	0	29
tienda bruja	esp	0	3	0	11
tienda bruja	per	0	1	0	11
tienda de brujas	esp	0	11	0	17.09
tienda de casas de muñecas	chl	0	1	0	55
tienda de casas de muñecas	col	0	1	0	52
tienda de casas de muñecas	cri	0	1	0	47
tienda de casas de muñecas	esp	0	24	0	51.38
tienda de casas de muñecas	geo	0	1	0	47
tienda de casitas	esp	0	3	0	32.33
tienda de casitas	usa	0	1	0	24
tienda de casitas miniaturas	esp	0	8	0	12.38
tienda de miniaturas	esp	0	48	0	24.12
tienda de miniaturas	gbr	0	19	0	26.74
tienda de miniaturas	per	0	1	0	22
tienda de miniaturas	phl	0	1	0	22
tienda de miniaturas	usa	0	1	0	35
tienda de miniaturas online	esp	0	3	0	35.33
tienda de miniaturas online españa	esp	0	1	0	65
tienda en miniatura	esp	0	8	0	11.75
tienda kiki	esp	0	4	0	14.25
tienda miniatura	esp	0	4	0	10.25
tienda miniaturas	esp	0	42	0	21.21
tienda miniaturas	idn	0	1	0	17
tienda miniaturas online	esp	0	9	0	46.33
tienda online para comprar miniaturas de casas de muñecas	esp	0	5	0	25.4
tiendadecasitas	esp	0	3	0	54.33
tiendas de miniaturas	esp	0	15	0	16.4
tiendas de miniaturas	mex	0	3	0	12
tiendas de miniaturas	usa	0	1	0	9
tiendas de miniaturas para casas de muñecas	dza	0	2	0	25
tiendas de miniaturas para casas de muñecas	esp	0	49	0	22.14
tiendas de miniaturas para casas de muñecas	ven	0	2	0	23.5
tiendas de miniaturas para casas de muñecas en madrid	esp	0	1	0	36
tiendas en miniatura	bol	0	1	0	11
tiendas en miniatura	chl	0	1	0	2
tiendas en miniatura	ecu	0	1	0	9
tiendas en miniatura	esp	0	4	0	3
tiendas mini	esp	0	2	0	18
tiendas miniatura	esp	0	2	0	10
tiendas miniaturas	esp	0	6	0	16.67
tiger 3d puzzle	deu	0	1	0	3
tiger 3d puzzle	esp	0	1	0	4
tiger giochi legno	ita	0	1	0	23
tiger holz	deu	0	3	0	1.67
tiger puzzle	cyp	0	1	0	20
tiger puzzle	deu	0	4	0	22.5
tiger puzzle	esp	0	2	0	19.5
tiger puzzle	idn	0	1	0	24
tiger puzzle	ind	0	4	0	21.25
tiger puzzle	irl	0	1	0	16
tiger puzzle	ita	0	18	0	8.94
tiger puzzle	per	0	1	0	27
tiger puzzle	phl	0	1	0	22
tiger puzzles	ita	0	2	0	8
tigre puzzle	esp	0	1	0	21
tigris 3d	hun	0	1	0	5
tigris i	hun	0	1	0	4
tigris tank modell	hun	0	5	0	1.4
tik tok dopamina	ita	0	1	0	7
tiktok dopamin	hun	0	1	0	7
tiktok dopamina	ita	0	1	0	9
time travel rolife	ita	0	1	0	5
time travel station	ita	0	1	0	9
tiny házak	hun	0	2	0	8.5
tiny room kits	deu	0	1	0	9
tipsy modelarskie	usa	0	1	0	46
tipsy obchod	cze	0	11	0	7.45
tipsy restaurant	chl	0	1	0	9
tipsy restaurant	col	0	1	0	9
tipsy restaurant	cze	0	1	0	1
tipsy restaurant	dnk	0	5	0	6.4
tipsy restaurant	esp	0	2	0	7.5
tipsy restaurant	fra	0	1	0	29
tipsy restaurant	ita	0	3	0	4.67
tipsy restaurant	mex	0	1	0	2
tipsy restaurant	nld	0	1	0	9
tipsy restaurant	pol	0	1	0	3
tipsy restaurant	rou	0	2	0	8.5
tipsy restaurant	swe	0	1	0	7
tipsy restaurant	usa	0	6	0	5.17
tipsy restaurant & bar	hun	0	2	0	4
tipsy restaurant & bar	swe	0	1	0	11
tipsy restaurant miniature	dnk	0	2	0	6.5
tipsy restaurant miniature	esp	0	1	0	8
tipsy restaurant rolife	aut	0	2	0	9
tipsy restaurant rolife	cyp	0	2	0	10
tipsy restaurant rolife	dnk	0	1	0	10
tipsy restaurant rolife	esp	0	8	0	8.88
tipsy restaurant rolife	fin	0	1	0	6
tipsy restaurant rolife	ita	0	2	0	4.5
tipsy restaurant rolife	nld	0	5	0	5.6
tipsy restaurant rolife	pol	0	1	0	2
tipsy restaurant rolife	rou	0	1	0	7
tipsy restaurant rolife	swe	0	1	0	10
tipsy restaurant rolife	usa	0	6	0	10.17
tipy a triky do domacnosti	cze	0	1	0	6
tipy na dárek	cze	0	2	0	23
tipy na vánoční dárek	cze	0	3	0	11.33
titanic bouwpakket hout	bel	0	1	0	1
tiwer bridge	bel	0	1	0	12
to czy to	pol	0	1	0	3
to i to	pol	0	1	0	9
to299	idn	0	2	0	19.5
tocadiscos de madera	esp	0	1	0	1
tocadiscos de madera	mex	0	1	0	1
tocadiscos madera	col	0	1	0	1
tocadiscos madera	esp	0	4	0	24.25
tocadiscos madera	mex	0	1	0	1
toer bridge	bra	0	1	0	30
tommy gun 3d	pol	0	1	0	8
tommy gun wood	usa	0	1	0	59
tommy gun zabawka	pol	0	6	0	3.17
tool puzzle	usa	0	1	0	17
tools puzzle	usa	0	1	0	1
top 1	cze	0	1	0	2
top 10 beste cadeaus voor vrouwen	nld	0	11	0	66.73
top 10 cadeau voor vrouwen	nld	0	7	0	70.14
top 10 cadeaus voor vrouwen	bel	0	4	0	69
top 10 cadeaus voor vrouwen	deu	0	1	0	94
top 10 cadeaus voor vrouwen	fra	0	1	0	84
top 10 cadeaus voor vrouwen	nld	0	47	0	82
top 10 cadeaus voor vrouwen	sgp	0	1	0	63
top 10 cadeaus vrouwen	nld	0	11	0	71.64
top 10 vrouwen cadeaus	nld	0	6	0	68
torneti	deu	0	2	0	40.5
tornja	deu	0	1	0	1
torre	bra	0	1	0	2
torre bridge londres	mex	0	1	0	6
torre de pisa 3d	prt	0	1	0	2
torre de pisa maqueta	esp	0	1	0	16
torre eiffel de madera	esp	0	4	0	4.25
torre eiffel disegno 3d	ita	0	1	0	5
torre eiffel en madera	esp	0	1	0	5
torre eiffel madera	chl	0	1	0	1
torre eiffel madera	esp	0	2	0	7
torre eiffel madera	mex	0	1	0	1
torre eiffel madera	pan	0	1	0	1
torre eiffel madera	ury	0	1	0	1
torre eiffel mdf	ven	0	1	0	1
torre eiffel puzzle	ita	0	1	0	15
torre eiffel puzzle 3d	ita	0	12	0	10.83
torre pisa maqueta	esp	0	1	0	1
tortois tank	pol	0	2	0	12
tortoise ?	rou	0	1	0	3
tortoise char	fra	0	1	0	2
tortoise char	ind	0	1	0	4
tortoise czołg	pol	0	2	0	6.5
tortoise little	fra	0	1	0	1
tortoise tank	arg	0	2	0	6
tortoise tank	aus	0	2	0	13
tortoise tank	bel	0	1	0	1
tortoise tank	bgd	0	1	0	47
tortoise tank	can	0	1	0	22
tortoise tank	chl	0	1	0	1
tortoise tank	col	0	2	0	27
tortoise tank	cze	0	1	0	1
tortoise tank	deu	0	4	0	17
tortoise tank	fra	0	3	0	34.67
tortoise tank	gbr	0	1	0	12
tortoise tank	gum	0	1	0	2
tortoise tank	hrv	0	1	0	1
tortoise tank	hun	0	1	0	14
tortoise tank	idn	0	11	0	5.55
tortoise tank	ind	0	2	0	28
tortoise tank	jpn	0	1	0	2
tortoise tank	lva	0	1	0	2
tortoise tank	mex	0	2	0	1
tortoise tank	phl	0	1	0	11
tortoise tank	pol	0	47	0	7.32
tortoise tank	pry	0	1	0	1
tortoise tank	rou	0	1	0	13
tortoise tank	sgp	0	1	0	20
tortoise tank	tha	0	1	0	1
tortoise tank	tur	0	4	0	1
tortoise tank	ukr	0	4	0	1
tortoise tank	usa	0	24	0	43.17
tortoise tank	vnm	0	1	0	1
toune disque	fra	0	1	0	22
tourne dique	fra	0	1	0	22
tourne disc	bel	0	5	0	21
tourne disc	bgd	0	1	0	24
tourne disc	gbr	0	1	0	21
tourne disque	arm	0	2	0	63.5
tourne disque	aus	0	1	0	22
tourne disque	bel	0	1	0	21
tourne disque	bra	0	2	0	52.5
tourne disque	can	0	3	0	13.33
tourne disque	col	0	5	0	55
tourne disque	deu	0	2	0	32.5
tourne disque	dza	0	2	0	11
tourne disque	fra	0	21	0	31.76
tourne disque	gbr	0	1	0	23
tourne disque	gtm	0	2	0	47
tourne disque	idn	0	1	0	24
tourne disque	ind	0	2	0	32.5
tourne disque	irn	0	1	0	42
tourne disque	mar	0	16	0	14.19
tourne disque	phl	0	2	0	47
tourne disque	tza	0	1	0	75
tourne disque	usa	0	4	0	25.5
tourne disque bois	can	0	1	0	3
tourne disque bois	dom	0	1	0	31
tourne disque bois	fra	0	1	0	13
tourne disque bois	kor	0	1	0	21
tourne disque bois	nor	0	1	0	12
tourne disque bois	phl	0	2	0	16
tourne disque en bois	fra	0	1	0	1
tower bridge	bel	0	9	0	10.11
tower bridge	bra	0	10	0	25.5
tower bridge	che	0	2	0	18.5
tower bridge	chl	0	1	0	15
tower bridge	cri	0	2	0	21
tower bridge	cze	0	26	0	17.5
tower bridge	dnk	0	1	0	10
tower bridge	esp	0	2	0	16.5
tower bridge	fin	0	1	0	13
tower bridge	fra	0	11	0	29
tower bridge	hrv	0	1	0	23
tower bridge	hun	0	1	0	10
tower bridge	ind	0	3	0	12.67
tower bridge	irl	0	1	0	18
tower bridge	isr	0	1	0	11
tower bridge	kor	0	1	0	36
tower bridge	nld	0	5	0	10.8
tower bridge	pol	0	49	0	11.76
tower bridge	prt	0	1	0	11
tower bridge	ukr	0	2	0	15
tower bridge 1894	deu	0	3	0	29
tower bridge 3d	cze	0	1	0	3
tower bridge 3d	pol	0	1	0	1
tower bridge 3d puzzle	are	0	1	0	1
tower bridge 3d puzzle	cze	0	2	0	3.5
tower bridge 3d puzzle	deu	0	1	0	1
tower bridge 3d puzzle	ita	0	1	0	8
tower bridge a londres	bra	0	1	0	28
tower bridge altura	bra	0	2	0	10
tower bridge altura	esp	0	4	0	9
tower bridge annee construction	fra	0	7	0	8.71
tower bridge anno di costruzione	che	0	1	0	8
tower bridge anno di costruzione	gbr	0	8	0	11.5
tower bridge anno di costruzione	ita	0	6	0	11.67
tower bridge bau	deu	0	17	0	8.94
tower bridge bau	gbr	0	2	0	11.5
tower bridge baujahr	deu	0	2	0	23
tower bridge besonderheiten	deu	0	2	0	37.5
tower bridge betekenis	bel	0	1	0	11
tower bridge black and white	gbr	0	1	0	1
tower bridge blue	dnk	0	1	0	6
tower bridge bridge	pol	0	2	0	20
tower bridge ciekawostki	idn	0	1	0	12
tower bridge ciekawostki	pol	0	9	0	12.22
tower bridge co to	pol	0	8	0	9.88
tower bridge colors	deu	0	2	0	8
tower bridge construction	bel	0	2	0	7
tower bridge construction	fra	0	35	0	9.37
tower bridge construction	glp	0	1	0	9
tower bridge construction date	fra	0	3	0	4.33
tower bridge construction date	mtq	0	1	0	9
tower bridge costruzione	gbr	0	1	0	12
tower bridge costruzione	ita	0	1	0	9
tower bridge costruzione	nld	0	1	0	11
tower bridge couleur	fra	0	94	0	4.72
tower bridge couleur	glp	0	1	0	4
tower bridge couleur	reu	0	1	0	4
tower bridge curiosidades	bra	0	4	0	8.5
tower bridge curiosidades	gbr	0	1	0	10
tower bridge curiosità	ita	0	4	0	30.25
tower bridge date	fra	0	9	0	10.44
tower bridge date de construction	bel	0	2	0	6.5
tower bridge date de construction	can	0	2	0	9.5
tower bridge date de construction	fra	0	46	0	7.98
tower bridge date de construction	gbr	0	3	0	7.33
tower bridge date de construction	reu	0	5	0	8.4
tower bridge date de construction	rus	0	1	0	8
tower bridge desenho	prt	0	5	0	1
tower bridge en francais	can	0	1	0	10
tower bridge fakta	arg	0	2	0	15.5
tower bridge fakta	dnk	0	5	0	4.8
tower bridge fakta	lka	0	1	0	14
tower bridge fakta	nor	0	4	0	8.25
tower bridge fakta	swe	0	1	0	15
tower bridge fakta	ury	0	1	0	29
tower bridge fakta	uzb	0	1	0	5
tower bridge fakten	deu	0	2	0	45
tower bridge früher	tur	0	1	0	11
tower bridge geschichte	deu	0	3	0	16
tower bridge geschichte	gbr	0	8	0	8.38
tower bridge geschiedenis	gbr	0	5	0	11.6
tower bridge geschiedenis	nld	0	9	0	9.22
tower bridge histoire	bel	0	2	0	7
tower bridge histoire	bra	0	1	0	16
tower bridge histoire	can	0	1	0	7
tower bridge histoire	che	0	1	0	6
tower bridge histoire	dza	0	3	0	14.33
tower bridge histoire	gbr	0	27	0	9.96
tower bridge histoire	idn	0	2	0	10.5
tower bridge histoire	ind	0	3	0	15.33
tower bridge histoire	kor	0	2	0	10
tower bridge histoire	mtq	0	1	0	5
tower bridge historia	arg	0	4	0	7.25
tower bridge historia	aus	0	2	0	11.5
tower bridge historia	bra	0	3	0	7.67
tower bridge historia	chl	0	1	0	9
tower bridge historia	col	0	4	0	5.75
tower bridge historia	esp	0	21	0	7.43
tower bridge historia	fin	0	2	0	4
tower bridge historia	gbr	0	44	0	7.59
tower bridge historia	hnd	0	1	0	6
tower bridge historia	mex	0	4	0	7.75
tower bridge historia	pol	0	11	0	6.27
tower bridge historia	prt	0	1	0	8
tower bridge historia	ven	0	1	0	10
tower bridge historie	cze	0	5	0	7.2
tower bridge historie	fra	0	1	0	7
tower bridge historie	nld	0	1	0	9
tower bridge historie	nor	0	1	0	9
tower bridge história	bra	0	17	0	4.24
tower bridge história	gbr	0	11	0	5.09
tower bridge história	prt	0	2	0	2.5
tower bridge história	usa	0	1	0	8
tower bridge iluminado	col	0	1	0	1
tower bridge info	fra	0	2	0	16
tower bridge informationen	deu	0	3	0	49.33
tower bridge informationen	fra	0	1	0	22
tower bridge infos	deu	0	2	0	47
tower bridge kiedy powstał	gbr	0	4	0	8.5
tower bridge kiedy powstał	pol	0	7	0	5.57
tower bridge london	rou	0	1	0	8
tower bridge london historia	chl	0	3	0	9
tower bridge london historia	col	0	2	0	8
tower bridge london historia	cri	0	1	0	7
tower bridge london historia	dom	0	2	0	7.5
tower bridge london historia	gbr	0	3	0	20.33
tower bridge london historia	gtm	0	2	0	7.5
tower bridge london historia	mex	0	67	0	7.22
tower bridge london historia	pan	0	1	0	8
tower bridge london historia	per	0	4	0	8.75
tower bridge london historia	pry	0	1	0	7
tower bridge london historia	ury	0	2	0	7
tower bridge london storia	ita	0	2	0	9
tower bridge london storia	nld	0	1	0	7
tower bridge londra	rou	0	9	0	31.56
tower bridge londres	bra	0	1	0	26
tower bridge londres	prt	0	3	0	13.33
tower bridge londres	vnm	0	1	0	21
tower bridge londres histoire	can	0	1	0	7
tower bridge londres histoire	dza	0	3	0	8.67
tower bridge londres histoire	fra	0	20	0	7.4
tower bridge londres histoire	glp	0	1	0	9
tower bridge londres histoire	hti	0	1	0	7
tower bridge londres histoire	mar	0	10	0	6
tower bridge londres histoire	sen	0	1	0	7
tower bridge londyn	cze	0	1	0	14
tower bridge londyn	gbr	0	2	0	7.5
tower bridge londyn wielka brytania	pol	0	1	0	31
tower bridge miniature	nld	0	1	0	7
tower bridge of london	pol	0	3	0	22
tower bridge of london history	usa	0	1	0	31
tower bridge opis	col	0	1	0	11
tower bridge opis	phl	0	1	0	11
tower bridge opis	pol	0	5	0	8.2
tower bridge ouvert	fra	0	1	0	1
tower bridge puzzle	mys	0	1	0	24
tower bridge puzzle	pol	0	1	0	8
tower bridge puzzle 3d	deu	0	1	0	11
tower bridge puzzle 3d	esp	0	1	0	5
tower bridge puzzle 3d	pol	0	2	0	8.5
tower bridge significado	bra	0	3	0	10
tower bridge significado	esp	0	3	0	9.33
tower bridge significado	prt	0	1	0	8
tower bridge steckbrief	deu	0	1	0	39
tower bridge storia	gbr	0	7	0	8.71
tower bridge storia	ita	0	1	0	22
tower bridge story	deu	0	1	0	9
tower bridge story	fra	0	1	0	9
tower bridge story	gbr	0	1	0	13
tower bridge taille	fra	0	1	0	10
tower bridge tower bridge	pol	0	2	0	18
tower bridge wikipédia	fra	0	1	0	19
tower bridge zajímavosti	cze	0	2	0	11.5
tower brifge	bel	0	1	0	8
tower híd	hun	0	3	0	12.33
tower of bridge	pol	0	4	0	27.75
tower of london ciekawostki	pol	0	1	0	2
toy 3d	usa	0	1	0	24
toy story t34	pol	0	1	0	2
toy thompson	usa	0	1	0	11
toys designed	usa	0	1	0	24
tracello	fin	0	1	0	4
train puzzle 3d	aus	0	1	0	11
tramcar	ita	0	2	0	5.5
trampoli di legno	ita	0	2	0	55
trampoli in legno	ita	0	2	0	59
trampoli legno	ita	0	2	0	55.5
tramvaj	srb	0	1	0	1
tredimensionel puslespil	dnk	0	8	0	5.88
tredimensionellt pussel	swe	0	1	0	2
trex puzzle	fra	0	1	0	1
trex puzzle	pol	0	1	0	3
trgovina z lesenimi igračami	ita	0	1	0	29
trgovina za mlađu djecu	fra	0	1	0	28
trgovina za mlađu djecu	idn	0	1	0	25
trgovina za mlađu djecu	ukr	0	1	0	25
triomfboog puzzel	nld	0	1	0	5
trylleskole	dnk	0	6	0	20
trä pussel	swe	0	2	0	18
trä pussel	usa	0	1	0	9
trädhushotell småland	swe	0	1	0	81
träna finmotorik	ind	0	1	0	51
träna finmotorik	slv	0	1	0	52
träna finmotorik	swe	0	1	0	52
träna finmotorik barn	swe	0	1	0	49
träpussel	bgr	0	1	0	24
träpussel	col	0	1	0	15
träpussel	gbr	0	1	0	22
träpussel	swe	0	19	0	24.11
träpussel 3d	swe	0	18	0	4.89
träpussel for vuxna	swe	0	1	0	2
träpussel lösning	swe	0	2	0	10.5
träpuzzel	swe	0	1	0	33
træ byggesæt	dnk	0	1	0	12
træ gevær	dnk	0	1	0	1
træ pistol	dnk	0	4	0	1
træ puslespil	dnk	0	36	0	21.81
træbyggesæt	dnk	0	2	0	14.5
træpuslespil	dnk	0	3	0	29
tu as des image	fra	0	1	0	4
tulipan 3d	pol	0	1	0	1
tulipaner symbolik	dnk	0	1	0	12
tulipano in legno	ita	0	1	0	4
tulpe bauen	deu	0	2	0	11
tulupani	ita	0	1	0	2
turistbus	dnk	0	13	0	59.31
turistbus aarhus	dnk	0	1	0	68
turistbus ikast	dnk	0	1	0	63
turistbus midtjylland	dnk	0	1	0	63
turistbus randers	dnk	0	2	0	60.5
turntable puzzle	che	0	1	0	15
tutorial na yt	pol	0	1	0	16
tutorial para armarlo	esp	0	1	0	3
tvaikonis	lva	0	1	0	23
tw011	bgr	0	1	0	6
tw011	nld	0	9	0	16
tw011	vnm	0	3	0	1.67
tw041	kor	0	4	0	5.5
tw042	fra	0	1	0	8
tw042	kor	0	2	0	1
tw042	vnm	0	10	0	3.6
tw071	fra	0	1	0	6
tw131	kor	0	1	0	5
typewriter wooden puzzle	chl	0	1	0	2
typewriter wooden puzzle	dnk	0	1	0	2
typewriter wooden puzzle	fra	0	1	0	5
typewriter wooden puzzle	irl	0	3	0	6
typewriter wooden puzzle	isr	0	1	0	2
typewriter wooden puzzle	phl	0	1	0	1
typewriter wooden puzzle	usa	0	5	0	3
typewriter wooden puzzle	vnm	0	1	0	1
tyrannosaurus rex puzzle	esp	0	1	0	3
tyrannosaurus rex puzzle	usa	0	2	0	1.5
tökéletes valentin napi ajándék	fra	0	1	0	21
tökéletes valentin napi ajándék	hun	0	9	0	18.22
udnyttelse af loftrum	dnk	0	18	0	81.67
udnyttelse af loftrum pris	dnk	0	19	0	69.68
uganke za možgane	svn	0	2	0	22.5
uhr puzzle	deu	0	1	0	34
układ słoneczny 3d	pol	0	4	0	11.5
układanki 3d	pol	0	3	0	15.67
układanki z drewna	pol	0	1	0	2
ulička do knihovny	cze	0	40	0	5.95
umetak za policu	hrv	0	13	0	6.77
umiejetnosci motoryczne	pol	0	2	0	12.5
umiejętności motoryczne	ita	0	1	0	11
umiejętności motoryczne	pol	0	5	0	11.4
un puzzle tridimensionale	ita	0	1	0	7
uniek cadeau vrouw	nld	0	2	0	53.5
uniek kado vrouw	nld	0	1	0	57
universe puzzle	dnk	0	1	0	11
universe puzzle	svk	0	1	0	13
univerzální dárek pro muže	cze	0	1	0	34
ure i træ	dnk	0	1	0	47
uvolnění stresu	cze	0	1	0	42
vad kostar	swe	0	1	0	16
vad är detta värt?	swe	0	1	0	2
valentin nap ajándék ötlet	hun	0	1	0	36
valentin napi ajándék nőknek	hun	0	3	0	8.67
valentin napi ajándék ötlet	hun	0	1	0	46
valentin napi ajándék ötletek	hun	0	3	0	36
valentin napi ajándékötletek	hun	0	4	0	39.25
valentin napi ajándékötletek	lux	0	1	0	39
valentin napi ajándékötletek	usa	0	1	0	38
valentin napi kicsi ajándékok	arg	0	1	0	17
valentin napi kicsi ajándékok	aus	0	1	0	13
valentin napi kicsi ajándékok	bra	0	2	0	14
valentin napi kicsi ajándékok	can	0	2	0	13.5
valentin napi kicsi ajándékok	ecu	0	2	0	15
valentin napi kicsi ajándékok	gbr	0	6	0	13.17
valentin napi kicsi ajándékok	hnd	0	1	0	16
valentin napi kicsi ajándékok	ind	0	2	0	12
valentin napi kicsi ajándékok	irq	0	1	0	15
valentin napi kicsi ajándékok	sau	0	1	0	14
valentin napi kicsi ajándékok	tur	0	1	0	13
valentin napi kicsi ajándékok	ukr	0	1	0	13
valentin napi kicsi ajándékok	usa	0	8	0	13.25
valentino diena	gbr	0	2	0	60
valentino diena dovanos	ltu	0	1	0	17
valentino dienos dovanos	ita	0	2	0	46.5
valentino dienos dovanos	ltu	0	5	0	56.2
valentinsdags gaver	dnk	0	1	0	12
valentinsdagsgave	dnk	0	7	0	15.86
valentýn dárek	cze	0	5	0	10
valentīndienas dāvanas	lva	0	2	0	40
valeur	nld	0	1	0	2
valor	che	0	1	0	1
valor	prt	0	1	0	6
valor	pry	0	1	0	20
valore	ita	0	7	0	6.43
value	usa	0	1	0	22
vediamo	ita	0	1	0	1
veliero modellino	ita	0	1	0	3
venda em portugal	prt	0	1	0	3
venta de casas en miniatura hechas a mano	esp	0	1	0	21
venta de miniaturas	esp	0	3	0	15.67
venta de puzzles de madera al por mayor	esp	0	1	0	7
ventajas	arg	0	1	0	11
ventilation af loftrum	dnk	0	1	0	97
ventilation loftrum	dnk	0	1	0	99
verbesserung der motorischen funktionen	lux	0	5	0	61.4
verjaardagcadeaus	bra	0	1	0	44
verjaardagcadeaus	che	0	1	0	46
verjaardagcadeaus	esp	0	1	0	42
verjaardagcadeaus	fra	0	20	0	43.55
verjaardagcadeaus	gbr	0	1	0	45
verjaardagcadeaus	hnd	0	1	0	47
verjaardagcadeaus	irq	0	1	0	30
verjaardagcadeaus	jor	0	1	0	44
verjaardagcadeaus	nld	0	13	0	47.85
verjaardagcadeaus	phl	0	1	0	43
verjaardagcadeaus	svn	0	1	0	33
verjaardagcadeaus	ury	0	1	0	43
verjaardagcadeaus	usa	0	4	0	45.25
verlichte eiffeltoren	nld	0	1	0	6
very expensive gift	bgd	0	1	0	11
vezbe za razvoj motorike kod dece	aut	0	1	0	9
video	hun	0	1	0	19
video anleitung	deu	0	1	0	2
video de montagem	bra	0	1	0	8
view all games & puzzles rokr	gbr	0	39	0	34.44
view all games & puzzles rokr	ita	0	1	0	33
vikšrinės technikos važiuoklės dalys	ltu	0	1	0	48
vilka utomhusleksaker är bäst för att stimulera barns motoriska färdigheter?	swe	0	6	0	6.67
vinalle	bra	0	1	0	96
vinalle	deu	0	1	0	77
vinalle	ita	0	2	0	70
vino sakura	esp	0	1	0	14
vinted	cze	0	1	0	17
violin capriccio	hrv	0	1	0	3
violin capriccio	ita	0	2	0	1
violoncelo de brinquedo	prt	0	1	0	1
virágkosár	hun	0	2	0	43
virágkosár küldés	hun	0	4	0	41.75
virágos puzzle	hun	0	5	0	13.6
visa mig	swe	0	1	0	21
vitascope	aus	0	1	0	32
vitascope	bra	0	1	0	2
vitascope	dnk	0	4	0	2.5
vitascope	esp	0	1	0	5
vitascope	fin	0	1	0	22
vitascope	fra	0	1	0	28
vitascope	hun	0	2	0	1.5
vitascope	ita	0	29	0	4.21
vitascope	npl	0	1	0	30
vitascope	pol	0	4	0	1.75
vitascope	prt	0	2	0	3.5
vitascope lk601	fra	0	1	0	6
vitascope lk601	nld	0	23	0	11.3
vitascope lk601	tha	0	1	0	10
vitascope lk601	tur	0	2	0	24
vitascope rokr	esp	0	5	0	6.8
vitascope rokr	fra	0	2	0	8
vitascope rokr	ita	0	2	0	3
voglio comprarlo	ita	0	1	0	16
voiture 3d puzzle	fra	0	15	0	3.27
voiture 3d puzzle	mar	0	1	0	3
voiture en 3d	fra	0	8	0	19.25
voiture puzzle 3d	fra	0	7	0	9.57
vojni dzip	bih	0	2	0	6
vonatos puzzle	hun	0	1	0	11
voorbeeld	nld	0	1	0	21
vrachtwagen puzzel	nld	0	1	0	24
vramofon	cze	0	1	0	1
vrouwen cadeaus top 10	nld	0	12	0	68.92
vrouwen cadeautips	nld	0	1	0	53
vrouwen gadgets	bel	0	1	0	44
vrouwen gadgets	egy	0	1	0	37
vrouwen gadgets	nld	0	1	0	38
vyprodej darku	cze	0	2	0	13.5
vánoční pozornost	cze	0	1	0	28
väggdekor grävmaskin	swe	0	3	0	28.67
värde	swe	0	3	0	4.67
véhicule	fra	0	1	0	6
výprodej dárků	cze	0	2	0	10
waar is dit te koop	nld	0	1	0	13
waar kan ik het kopen	bel	0	1	0	12
waar kopen	nld	0	1	0	15
waar kun je dit kopen	nld	0	1	0	5
waar op voorraad	nld	0	1	0	20
waar te koop	nld	0	4	0	14
waarom is de tower bridge gebouwd	nld	0	2	0	11
wann wurde die tower bridge gebaut	deu	0	3	0	33.33
wann wurde tower bridge gebaut	deu	0	1	0	35
wanneer is de tower bridge gebouwd	bel	0	1	0	12
wanneer is de tower bridge gebouwd	gbr	0	2	0	10.5
wanneer is de tower bridge gebouwd	nld	0	13	0	10.08
warszawa	pol	0	1	0	3
warszawa m20	hun	0	7	0	2
warszawa puzzle	cze	0	1	0	6
warum ist die tower bridge berühmt	deu	0	1	0	11
warum ist die tower bridge berühmt	gbr	0	1	0	11
warum ist die tower bridge so berühmt	deu	0	4	0	7.5
was kann man einem mann schenken der schon alles hat	deu	0	1	0	42
was kostet das	usa	0	1	0	3
was kostet dieses modell	deu	0	1	0	22
was model	nld	0	1	0	5
was schenkt man einem mann der alles hat	deu	0	1	0	47
was schenkt man einem mann der schon alles hat	deu	0	1	0	35
wat geef je een vrouw die alles al heeft	nld	0	1	0	68
wat is de duurste	nld	0	1	0	3
wat is dit	nld	0	1	0	27
wat zijn motorische vaardigheden	nld	0	3	0	51
welche baukästen sind am besten für den kreativen ausdruck?	deu	0	1	0	2
welche baukästen sind gut für die entwicklung der feinmotorik?	deu	0	25	0	6.12
welche baukästen sind gut für die entwicklung der feinmotorik?	ind	0	1	0	19
welche baukästen sind gut für die entwicklung der feinmotorik?	usa	0	1	0	6
welche farbe hat die tower bridge	deu	0	4	0	8.25
welcher kleber für 3d puzzle?	aut	0	2	0	12.5
welk merk	nld	0	1	0	15
welk speelgoed helpt bij de motorische ontwikkeling?	bel	0	1	0	10
wer hat die tower bridge gebaut	deu	0	3	0	35
wer ist der hersteller	deu	0	1	0	17
weuter	deu	0	1	0	3
what are 3d puzzles	usa	0	1	0	33
what are motor activities	gbr	0	1	0	77
what are the 3d scupltures on top of truck maed of	nld	0	3	0	6
what do you call miniature houses	phl	0	1	0	11
what house style is this	prt	0	1	0	26
what is a 3d puzzle	usa	0	1	0	35
what is rokr	aus	0	2	0	7
what is rokr	can	0	1	0	10
what is rokr	deu	0	2	0	8.5
what is rokr	gbr	0	1	0	6
what is rokr	idn	0	2	0	5.5
what is rokr	irq	0	1	0	6
what is rokr	mys	0	1	0	7
what is rokr	nzl	0	1	0	9
what is rokr	sau	0	1	0	8
what is rokr	usa	0	11	0	6.73
what is the brand for this	usa	0	1	0	30
what is the hardest rokr puzzle?	aus	0	1	0	11
what is the hardest rokr puzzle?	can	0	1	0	11
what is the value of this	usa	0	1	0	21
what price in malaysia	che	0	1	0	16
what type of puzzle is built in 3d	gbr	0	1	0	15
what type of puzzle is built in 3d	usa	0	1	0	16
what's the age range	usa	0	1	0	6
what's the most expensive gift	phl	0	1	0	11
whats this product called	phl	0	1	0	5
where can i buy this	usa	0	1	0	25
where can i buy this and for how much	usa	0	1	0	32
where can i buy this online?	usa	0	2	0	10.5
where do you purchase these	usa	0	1	0	17
where is rokr based	gbr	0	1	0	11
where is rokr based	nld	0	1	0	7
where is rokr based	usa	0	2	0	15.5
where is rokr from	bel	0	1	0	6
where is rokr from	gbr	0	3	0	6
where is rokr from	jpn	0	1	0	6
where is rokr from	mys	0	1	0	7
where is rokr from	nld	0	2	0	7
where is rokr from	nzl	0	1	0	6
where is rokr from	sgp	0	2	0	6
where is rokr from	usa	0	2	0	6
where is rokr located	usa	0	2	0	9
where is rolife from	prt	0	1	0	9
where is rolife from	srb	0	2	0	8.5
where to buy	swe	0	1	0	21
which building is this	dnk	0	1	0	13
why is london bridge so famous?	deu	0	1	0	10
why is the tower bridge famous	cyp	0	1	0	11
why is the tower bridge famous	ind	0	1	0	9
why is the tower bridge famous	nld	0	5	0	8.6
why is tower bridge blue	fra	0	1	0	10
why is tower bridge famous	esp	0	2	0	1
why is tower bridge famous	fra	0	1	0	9
why is tower bridge famous	nga	0	1	0	10
why is tower bridge famous	nld	0	1	0	11
why was tower bridge built	fra	0	1	0	6
wie alt ist die tower bridge	deu	0	3	0	34
wie heißt die berühmte brücke in london	deu	0	1	0	30
wieviel teile	deu	0	1	0	1
wieza eiffla podświetlana	fra	0	8	0	9.75
wieza eiffla podświetlana	pol	0	11	0	5.45
wieza eiffla podświetlana	prt	0	1	0	4
wieża eiffla 3d	pak	0	1	0	19
wieża eiffla 3d	pol	0	5	0	2
wieża eiffla 3d puzzle	pol	0	8	0	3.62
wieża eiffla puzzle	pol	0	7	0	3
wieża eiffla puzzle 3d	cze	0	1	0	13
wieża eiffla puzzle 3d led	pol	0	6	0	1.17
windmill eco	che	0	1	0	3
windmill eco	usa	0	3	0	9.33
with pictures please	can	0	1	0	21
wkładka w książce na mapie tablice	pol	0	1	0	4
wo	deu	0	1	0	6
wo kann ich es kaufen?	aut	0	1	0	24
wo kann man das kaufen	deu	0	2	0	14.5
wo kaufen	deu	0	1	0	27
wood 3d puzzle	cze	0	1	0	9
wood 3d puzzle	deu	0	2	0	3
wood 3d puzzle	hun	0	1	0	11
wood 3d puzzle	ita	0	4	0	34.25
wood 3d puzzle	usa	0	1	0	40
wood craft	zaf	0	1	0	1
wood flower puzzle	bel	0	1	0	10
wood mechanical toy	gbr	0	1	0	29
wood puzzle 3d	ago	0	1	0	11
wood puzzle 3d	che	0	1	0	12
wood puzzle 3d	deu	0	2	0	11
wood puzzle 3d	hkg	0	1	0	12
wood puzzle 3d	irl	0	1	0	11
wood puzzle 3d	ita	0	25	0	4.44
wood puzzle 3d	kor	0	1	0	1
wood puzzle 3d	mys	0	1	0	21
wood puzzle 3d	nzl	0	1	0	14
wood puzzle 3d	pol	0	4	0	3.25
wood puzzle 3d	usa	0	1	0	15
wood stem	esp	0	1	0	9
wood typewriter	phl	0	1	0	1
wood windmill kit	usa	0	1	0	1
wooden 3d animals	usa	0	1	0	4
wooden 3d puzzle	cze	0	1	0	8
wooden 3d puzzle	dnk	0	1	0	3
wooden 3d puzzle	ita	0	1	0	33
wooden 3d puzzle	pol	0	1	0	28
wooden 3d puzzle	swe	0	2	0	8.5
wooden 3d puzzles	dnk	0	1	0	8
wooden 3d puzzles	ita	0	1	0	31
wooden 3d puzzles	pol	0	1	0	27
wooden 3d puzzles for adults	usa	0	1	0	7
wooden airship	fin	0	1	0	8
wooden ak	hun	0	1	0	7
wooden ak 47	aus	0	1	0	33
wooden ak 47	cze	0	2	0	2
wooden ak 47	fin	0	2	0	14.5
wooden ak 47	gbr	0	1	0	21
wooden ak 47	pol	0	2	0	1
wooden ak-47	phl	0	1	0	1
wooden ak47	col	0	1	0	27
wooden ak47	gbr	0	1	0	24
wooden ak47	ind	0	1	0	22
wooden ak47	usa	0	8	0	19.25
wooden animal puzzle 3d	tun	0	1	0	4
wooden ape	ita	0	1	0	1
wooden art gifts	usa	0	1	0	82
wooden assembly set flower bouquet	deu	0	1	0	10
wooden bloom	nor	0	2	0	13.5
wooden bloom box	ita	0	5	0	9
wooden bloom box	swe	0	1	0	11
wooden build	bra	0	1	0	61
wooden building kits	usa	0	1	0	27
wooden cello	usa	0	1	0	34
wooden combine harvester	ita	0	1	0	7
wooden dinosaur skeleton puzzle	aus	0	1	0	12
wooden elephant puzzle	svn	0	1	0	10
wooden flower bouquet rowood	irn	0	1	0	20
wooden flower bouquet rowood	pol	0	1	0	5
wooden flower puzzle	aus	0	1	0	9
wooden flower puzzle	aut	0	4	0	7
wooden flower puzzle	bel	0	8	0	7.88
wooden flower puzzle	che	0	2	0	8
wooden flower puzzle	cze	0	6	0	8.33
wooden flower puzzle	deu	0	7	0	11
wooden flower puzzle	esp	0	12	0	7.92
wooden flower puzzle	fra	0	2	0	13.5
wooden flower puzzle	hun	0	1	0	9
wooden flower puzzle	nld	0	14	0	9.64
wooden flower puzzle	pol	0	7	0	11.71
wooden flower puzzle	rou	0	1	0	6
wooden flower puzzle	svk	0	1	0	5
wooden flower puzzle	usa	0	5	0	11
wooden flower puzzle 3d	bel	0	2	0	5.5
wooden flower puzzle 3d	che	0	1	0	9
wooden flower puzzle 3d	cze	0	3	0	4.33
wooden flower puzzle 3d	deu	0	4	0	8
wooden flower puzzle 3d	esp	0	2	0	5
wooden flower puzzle 3d	hkg	0	1	0	3
wooden flower puzzle 3d	ita	0	4	0	5
wooden flower puzzle 3d	ltu	0	1	0	2
wooden flower puzzle 3d	nld	0	2	0	6
wooden flower puzzle 3d	pol	0	1	0	7
wooden flower puzzle 3d	usa	0	1	0	6
wooden flower puzzle action	nld	0	2	0	21.5
wooden flower puzzles	esp	0	2	0	7.5
wooden flower puzzles	ita	0	3	0	7.33
wooden flower puzzles	nld	0	1	0	10
wooden giraffe puzzle	deu	0	1	0	12
wooden giraffe puzzle	usa	0	1	0	19
wooden globe puzzle	esp	0	1	0	12
wooden keyboard	grc	0	1	0	10
wooden machinery	usa	0	1	0	3
wooden machines	usa	0	1	0	3
wooden mechanical 3d puzzle wall clock zodiac rokr lc601	usa	0	1	0	1
wooden mechanical music box	aus	0	1	0	41
wooden mechanical puzzles	grc	0	1	0	5
wooden mechanical toys	usa	0	2	0	2
wooden music box puzzle	aus	0	1	0	43
wooden owl clock	gbr	0	1	0	34
wooden owl clock	usa	0	2	0	21
wooden piano puzzle	usa	0	1	0	68
wooden pinball game	gbr	0	1	0	44
wooden pinball machine	fra	0	1	0	42
wooden pot spa gift factory	hkg	0	1	0	7
wooden puzzle	idn	0	3	0	28.33
wooden puzzle 3d	deu	0	5	0	11
wooden puzzle 3d	esp	0	1	0	23
wooden puzzle 3d	fra	0	2	0	11
wooden puzzle 3d	ita	0	15	0	7.27
wooden puzzle 3d	ltu	0	1	0	11
wooden puzzle 3d	nld	0	1	0	21
wooden puzzle 3d	pol	0	2	0	66.5
wooden puzzle action	fra	0	6	0	8.83
wooden puzzle action	ita	0	10	0	6.3
wooden puzzle action	nld	0	2	0	9.5
wooden puzzle action	pol	0	1	0	10
wooden puzzle animals	hun	0	1	0	30
wooden puzzle building kits	ind	0	1	0	11
wooden puzzle clock	gbr	0	1	0	24
wooden puzzle elephant	hrv	0	2	0	6
wooden puzzle elephant	svk	0	1	0	10
wooden puzzle flower	esp	0	1	0	7
wooden puzzle flower	pol	0	1	0	9
wooden puzzle flower	usa	0	1	0	14
wooden puzzle flowers	deu	0	3	0	9
wooden puzzle flowers	esp	0	2	0	7
wooden puzzle flowers	fra	0	1	0	10
wooden puzzle flowers	pol	0	2	0	11
wooden puzzle flowers	rou	0	2	0	5.5
wooden puzzle flowers	usa	0	2	0	12.5
wooden puzzle globe	nld	0	2	0	9.5
wooden puzzle toys	usa	0	1	0	11
wooden puzzles 3d	cze	0	3	0	11
wooden puzzles 3d	usa	0	5	0	4.6
wooden steamship	deu	0	1	0	42
wooden t rex	ita	0	1	0	26
wooden tank	tha	0	1	0	3
wooden tank model	pol	0	1	0	1
wooden tank model	usa	0	2	0	1
wooden tank models	pol	0	1	0	16
wooden technic	rou	0	1	0	1
wooden thompson machine gun	usa	0	1	0	35
wooden tommy gun	fin	0	1	0	1
wooden tommy gun	gbr	0	1	0	29
wooden tommy gun	usa	0	1	0	53
wooden typewriter puzzle	usa	0	4	0	3
woodworking 3d	usa	0	1	0	21
world of tanks puzzle	pol	0	2	0	40
wot amx 13 105	kor	0	1	0	14
wot model	pol	0	1	0	25
www robotime eu com	esp	0	1	0	7
wygeneruj obraz	pol	0	1	0	7
wyprzedaż puzzli	pol	0	12	0	9.67
wyprzedaż puzzli	usa	0	2	0	6.5
xem hình	vnm	0	1	0	3
y cuál es el más caro?	ecu	0	1	0	3
yes	phl	0	2	0	4.5
yes please!	usa	0	1	0	7
youtube	lva	0	1	0	21
youtube tutorial	pol	0	1	0	31
z action	pol	0	1	0	1
z którego roku jest ten model	pol	0	1	0	1
za igracke	bih	0	1	0	6
za ile kupić	pol	0	1	0	5
zabawka	pol	0	1	0	11
zabawki 3d	pol	0	1	0	3
zdjęcia	pol	0	1	0	2
zegar sowa	pol	0	1	0	1
zegar z kukułką drewniany	gbr	0	1	0	11
zegar z kukułką drewniany	pol	0	3	0	24.67
zegar z kukułką mechaniczny	pol	0	3	0	4
zeig mir bilder wie das aussehen könnte	deu	0	1	0	70
zelta 3d	idn	0	1	0	26
zestawy do budowania dla dorosłych	pol	0	3	0	12.33
zirafa 3d	bih	0	1	0	1
znajdź coś innego	pol	0	1	0	1
znajdź drewniane puzzle 3d z szybką dostawą na terenie polski.	pol	0	16	0	4.31
znajdź ten produkt	pol	0	1	0	1
zodiac wall clock	bel	0	2	0	11
zodiac wall clock	ita	0	1	0	10
zvejas laivas	gbr	0	1	0	3
zvezdna noč opis slike	bra	0	1	0	37
zvezdna noč opis slike	phl	0	1	0	34
zvezdna noč opis slike	pol	0	1	0	39
zywnosc w miniaturze	pol	0	5	0	11.4
¿qué precio tiene?	esp	0	1	0	11
állatos fa kirakó	hun	0	1	0	43
állatos fa puzzle	hun	0	1	0	41
állatos kirakó	hun	0	1	0	46
állatos puzzle	hun	0	5	0	34.4
ára	hun	0	1	0	5
árbol para armar	gtm	0	1	0	1
árkád könyvesbolt	hun	0	1	0	21
äge kingitus naisele	est	0	2	0	32.5
ähnliche günstigere modelle	deu	0	1	0	11
är pussel bra för hjärnan	swe	0	2	0	24.5
értelmes ajándék gyerekeknek	hun	0	1	0	64
írógép	hun	0	14	0	6.5
írógép	rou	0	1	0	11
összeszerelhető autó felnőtteknek	hun	0	4	0	5
öökull inglise keeles	aus	0	1	0	3
čarobni pianino	svn	0	2	0	5
čím potěšit ženu	cze	0	1	0	38
čím překvapit ženu	cze	0	2	0	32
čím udělat ženě radost	cze	0	1	0	43
ładowarka mechaniczna	pol	0	6	0	2.17
świecący globus	bra	0	1	0	4
świecący globus	pol	0	31	0	6.26
šopek rož	svn	0	18	0	1
ένθετο ράφι	grc	0	3	0	1
ακριβα δωρα	grc	0	2	0	2.5
γέφυρα του λονδίνου	cyp	0	7	0	9.29
γέφυρα του λονδίνου	gbr	0	7	0	9.29
γέφυρα του λονδίνου	grc	0	33	0	7.42
γέφυρα του λονδίνου	nld	0	2	0	6.5
γεφυρα λονδινου	gbr	0	8	0	3.75
γεφυρα λονδινου	grc	0	33	0	5.45
δωρα γενεθλιων	grc	0	14	0	33.79
δωρα γενεθλιων	rus	0	2	0	21
δωρα για γενεθλια	grc	0	1	0	33
δωρο γενεθλίων	grc	0	1	0	31
δωρο γενεθλιων	grc	0	4	0	41.75
δώρα γενεθλίων	grc	0	15	0	33.4
δώρα για γενέθλια	grc	0	2	0	34
δώρα για κορίτσια	grc	0	4	0	3.25
δώρο γενεθλίων	grc	0	1	0	26
εδώ στην ελλάδα	grc	0	1	0	9
ελλάδα	grc	0	1	0	10
εφήβους	grc	0	1	0	2
θελω αυτα	grc	0	1	0	15
ιδέεσ για δώρα γενεθλίων	cyp	0	2	0	14
ιδέεσ για δώρα γενεθλίων	grc	0	2	0	19
ιδεες για δωρο γενεθλιων	deu	0	1	0	10
ιδεεσ για δωρο γενεθλιων	grc	0	1	0	14
ιδιαιτερα δωρα γενεθλιων	grc	0	1	0	44
καρουζελ	deu	0	1	0	46
καρουζελ	grc	0	12	0	10.42
μηχανικό πιάνο	grc	0	25	0	4.36
μινιατουρα	grc	0	3	0	1
μινιατουρα καφε	grc	0	19	0	4.68
μινιατουρεσ	grc	0	2	0	17
μοντελισμοσ σπιτια	grc	0	1	0	13
ναι	grc	0	2	0	6.5
ναιι	grc	0	1	0	5
πιάνο με ουρά	grc	0	2	0	12.5
πιανο με ουρα	grc	0	23	0	30.3
πολιορκητικη μηχανη	cyp	0	3	0	4
πολιορκητικη μηχανη	grc	0	10	0	4.6
που θα το βρω	grc	0	1	0	20
ρολοι κουκοσ	grc	0	1	0	9
συναρμολογηση	grc	0	1	0	2
τα ηλιοτρόπια	grc	0	1	0	14
τα καλυτερα δωρα για αγορια	grc	0	1	0	4
τιμή	grc	0	1	0	2
τιμη	grc	0	3	0	13.67
φωτογραφιες	grc	0	1	0	39
а что еще можно	rus	0	1	0	1
айфелова кула	bgr	0	1	0	12
айфелова кула	deu	0	1	0	11
борса за дървен материал	bgr	0	1	0	98
бук нук	bgr	0	4	0	6.25
в польше	pol	0	1	0	17
где купить	pol	0	1	0	7
где это	kaz	0	1	0	13
да	bgr	0	1	0	4
да	rus	0	1	0	2
де можна купити?	deu	0	1	0	28
друго	srb	0	1	0	1
дървен 3д пъзел	bgr	0	2	0	4.5
дървен градински стол	bgr	0	1	0	41
дървен материал плевен цени	bgr	0	1	0	81
дървен пъзел	bgr	0	58	0	4.17
дървен пъзел	rou	0	1	0	7
дървен пъзел за възрастни	bgr	0	10	0	7.9
дървен уокър	bgr	0	1	0	45
дървени 3д пъзели	bgr	0	4	0	6.25
дървени макети за сглобяване	tur	0	1	0	8
дървени пъзели	esp	0	2	0	10
дървени пъзели за възрастни	deu	0	1	0	8
дървени пъзели за възрастни	esp	0	1	0	9
еще ?	kaz	0	1	0	1
за възрастен	bgr	0	1	0	3
знайти посилання	ukr	0	1	0	5
идеи за подарък за жена	bgr	0	11	0	9
идеи за подарък на жена	bgr	0	1	0	5
идеи за подаръци за жена	bgr	0	10	0	8.4
идеи за подаръци за рожден ден	bgr	0	1	0	9
из чего они сделаны?	rus	0	1	0	20
интересен подарък за мъж	bgr	0	11	0	2
как да се справя със стреса	bgr	0	1	0	79
как се лепи пъзел	bgr	0	2	0	3.5
как собрать?	blr	0	1	0	4
какво да правим при силен стрес	bgr	0	1	0	76
какво е това	bgr	0	1	0	3
колко струва	bgr	0	1	0	8
купити в польщі	pol	0	1	0	4
купити схожий	ukr	0	1	0	8
купить	esp	0	1	0	26
лондон бридж	bgr	0	18	0	9.28
лондон бридж	deu	0	1	0	9
лондон бридж	gbr	0	7	0	10.29
лондон мост	bgr	0	7	0	9.29
лондонска кула	bgr	0	1	0	36
лондонски мост	bgr	0	5	0	8
лондонски мост	deu	0	1	0	14
лондонски мост	hun	0	2	0	13
марки мотоциклов	rus	0	1	0	10
машина	rus	0	1	0	1
механичен музикален инструмент	bgr	0	23	0	3.65
мини библиотека	bgr	0	2	0	1
миниатюрна	bgr	0	4	0	7.75
миниатюрна	deu	0	1	0	10
миниатюрни	bgr	0	14	0	6.07
миниатюрни	deu	0	1	0	7
миниатюрни	grc	0	1	0	3
миниатюрный	deu	0	1	0	5
мост в лондон	bgr	0	1	0	9
мост лондон	bgr	0	2	0	8.5
мост лондон	grc	0	1	0	11
мост лондон	nld	0	1	0	9
найди на алиэкспресс	rus	0	1	0	6
найди на озоне	rus	0	1	0	20
найти инструкцию по сборке	blr	0	1	0	14
нарисуй примерно	rus	0	1	0	21
оригинален подарък за мъж	bgr	0	1	0	1
оригинални подаръци за мъж	bgr	0	8	0	4.12
пазл	uzb	0	1	0	2
пазлы	uzb	0	1	0	3
питам	bgr	0	1	0	8
подарък за мъж който има всичко	bgr	0	17	0	17.06
подарък за него	bgr	0	2	0	4
подарък за рожден ден	bgr	0	2	0	56.5
подаръци за рождени дни	bgr	0	37	0	21.59
покажи фото	blr	0	1	0	14
пъзел кубчета	bgr	0	1	0	33
пъзел с добавена реалност	bgr	0	1	0	43
пъзел с цветя	bgr	0	9	0	8
роботайм	bgr	0	12	0	7.67
рокр	bgr	0	1	0	8
рокр	esp	0	1	0	4
рокр	pol	0	1	0	1
руский	cze	0	1	0	1
самые дорогие подарки детям	rus	0	1	0	59
сглобяване	bgr	0	1	0	12
скъпи подаръци	bgr	0	1	0	10
скільки він коштує	ita	0	1	0	2
т бридж	bgr	0	1	0	6
танк тортойс	kgz	0	1	0	1
тауар	bgr	0	1	0	7
тауер бридж	bgr	0	1	0	7
тауър	bgr	0	19	0	9.95
тауър	esp	0	2	0	10
тауър бридж	deu	0	1	0	4
тауър бридж	dnk	0	1	0	4
тауър бридж	gbr	0	23	0	4.61
тауър бридж	grc	0	1	0	4
тауър бридж	nld	0	1	0	5
тауър лондон	bgr	0	2	0	10.5
тортойс танк	pol	0	1	0	1
тортойс танк	rus	0	1	0	22
у меня нет	rus	0	1	0	9
украса за рожден ден в къщи	bgr	0	1	0	74
уникален подарък за мъж	bgr	0	1	0	8
фото	rus	0	1	0	2
ціна чехія	cze	0	1	0	3
العاب بازل	sau	0	1	0	7
بازل	egy	0	1	0	3
بزل 3d	jor	0	7	0	1
بزل 3d	sau	0	5	0	3.4
تفاصيل	irq	0	1	0	10
روليف	kwt	0	1	0	17
روليف	pol	0	1	0	6
طريقة التركيب	kwt	0	1	0	8
ماكيت خشب مجسم	egy	0	1	0	3
এটা কোথায় কিনতে পাবো	bgd	0	1	0	11
ขอดูรูปประกอบด้วย	tha	0	1	0	19
รูปด้วยค่ะ	bel	0	1	0	18
მაჩვენეთ	geo	0	1	0	1
どうぐは？	jpn	0	1	0	1
どれが一番人気?	jpn	0	1	0	7
オシャレなやつ	jpn	0	1	0	1
コロッセオ	jpn	0	1	0	1
ネットに売ってる？	jpn	0	1	0	28
パズルは？	jpn	0	1	0	3
動くやつは？	jpn	0	1	0	5
图片看	mys	0	1	0	19
安いのある？	jpn	0	1	0	6
店家	ita	0	1	0	8
找类似	ita	0	1	0	3
特定	twn	0	1	0	3
画像無いの？	jpn	0	1	0	15
細かい	jpn	0	1	0	3
那個國家的品牌	twn	0	1	0	1
難易度	jpn	0	1	0	3
이미지	kor	0	1	0	4
