query	page	clicks	impressions	ctr	position
rowood	https://it.robotoys.eu/marche/rowood	44	286	0.153846	1.52
robotoys	https://robotoys.eu/	29	193	0.150259	4.25
rokr	https://pl.robotoys.eu/marki/rokr	22	198	0.111111	1.27
rowood	https://es.robotoys.eu/marcas/rowood	17	304	0.055921	3.95
rolife	https://pl.robotoys.eu/marki/rolife	16	458	0.034934	3.26
rolife	https://bg.robotoys.eu/marky/rolife	14	161	0.086957	3.65
rowood fiori	https://it.robotoys.eu/puzzle-3d-in-legno/fiori	13	123	0.105691	1.33
rowood fleur	https://fr.robotoys.eu/marques/rowood	13	177	0.073446	3.47
robotoys	https://cz.robotoys.eu/	12	71	0.169014	2.14
robotoys	https://es.robotoys.eu/	12	26	0.461538	3.08
rowood	https://fr.robotoys.eu/marques/rowood	12	417	0.028777	3.89
puzzle 3d	https://fr.robotoys.eu/casse-tete-3d-en-bois/architecture/puzzle-3d-en-bois-sagrada-familia-little-story-e018-p133	11	8991	0.001223	4.98
robotoys	https://nl.robotoys.eu/	10	17	0.588235	1.06
rowood	https://robotoys.eu/brands/rowood	10	816	0.012255	7.22
rowood flower	https://robotoys.eu/brands/rowood	10	261	0.038314	7.9
rowood flores	https://es.robotoys.eu/marcas/rowood	9	108	0.083333	2.97
3d puzzle	https://de.robotoys.eu/3d-puzzle-aus-holz/die-architektur/3d-puzzle-aus-holz-sagrada-familia-little-story-e018-p133	8	7081	0.00113	5.17
robotoys	https://fr.robotoys.eu/	8	25	0.32	1
rokr	https://it.robotoys.eu/marche/rokr	8	781	0.010243	4.14
rolife	https://cz.robotoys.eu/znacky/rolife	8	201	0.039801	2.16
book nook hrvatska	https://hr.robotoys.eu/minijaturne-kuce/knjige-nook	7	48	0.145833	6.29
miniatyrhus	https://se.robotoys.eu/miniatyrhus	7	153	0.045752	2.62
rokr stavebnice	https://cz.robotoys.eu/znacky/rokr	7	68	0.102941	1.59
rolife	https://it.robotoys.eu/marche/rolife	7	596	0.011745	5.16
rolife	https://pt.robotoys.eu/marcas/rolife	7	460	0.015217	4.59
rowood	https://pl.robotoys.eu/marki/rowood	7	44	0.159091	1.27
rowood flowers	https://robotoys.eu/brands/rowood	7	289	0.024221	7.8
robotoys	https://de.robotoys.eu/	6	24	0.25	8.62
rokr byggsats	https://se.robotoys.eu/marken/rokr	6	58	0.103448	1.83
rokr modele	https://pl.robotoys.eu/marki/rokr	6	57	0.105263	1.42
rolife	https://hu.robotoys.eu/markak/rolife	6	274	0.021898	3.17
rolife eesti	https://ee.robotoys.eu/kaubamargid/rolife	6	27	0.222222	1.07
rowood	https://pt.robotoys.eu/marcas/rowood	6	48	0.125	3.42
тауър бридж	https://bg.robotoys.eu/blog/ystoryiata-na-prochutyia-taur-brydzh-kak-da-prenesete-london-v-doma-sy	6	136	0.044118	3.36
3d fa puzzle	https://hu.robotoys.eu/fabol-keszult-3d-puzzle	5	81	0.061728	3.01
puzzle 3d	https://fr.robotoys.eu/casse-tete-3d-en-bois/architecture/puzzle-3d-en-bois-arc-de-la-victoire-little-story-e011-p123	5	6524	0.000766	4.58
robotoys	https://it.robotoys.eu/	5	11	0.454545	4.09
robotoys	https://pt.robotoys.eu/	5	9	0.555556	1.44
rokr	https://cz.robotoys.eu/znacky/rokr	5	107	0.046729	1.86
rokr maquetas	https://es.robotoys.eu/marcas/rokr	5	384	0.013021	6.02
rokr puzzle	https://it.robotoys.eu/marche/rokr	5	226	0.022124	4.55
rolife	https://dk.robotoys.eu/maerker/rolife	5	421	0.011876	4.09
rolife	https://ee.robotoys.eu/kaubamargid/rolife	5	79	0.063291	3.03
rolife puzzle 3d	https://it.robotoys.eu/marche/rolife	5	74	0.067568	4.08
rowood	https://se.robotoys.eu/marken/rowood	5	22	0.227273	1.18
3d dřevěné puzzle	https://cz.robotoys.eu/drevene-3d-puzzle	4	65	0.061538	3.65
3d puzzel	https://nl.robotoys.eu/houten-3d-puzzel/architectuur/houten-3d-puzzel-sagrada-familia-little-story-e018-p133	4	1617	0.002474	3.95
book nook slovenija	https://si.robotoys.eu/miniaturne-hise/knjige-nook	4	20	0.2	1.6
dřevěné 3d puzzle	https://cz.robotoys.eu/drevene-3d-puzzle	4	76	0.052632	3.49
puzzle 3d	https://pl.robotoys.eu/drewniane-puzzle-3d/architektura/drewniane-puzzle-3d-luk-zwyciestwa-little-story-e011-p123	4	6275	0.000637	5.17
robotoys	https://pl.robotoys.eu/	4	13	0.307692	4.08
rokr	https://es.robotoys.eu/marcas/rokr	4	640	0.00625	5.46
rokr modele	https://pl.robotoys.eu/blog/rokr-twoje-wejscie-do-swiata-kreatywnosci-i-rozrywki	4	51	0.078431	4.37
rowood puzzle 3d	https://robotoys.eu/brands/rowood	4	44	0.090909	2.23
tower bridge historie	https://dk.robotoys.eu/blog/historien-om-den-beromte-tower-bridge-sadan-bringer-du-london-til-dit-hjem	4	16	0.25	2.81
3d pussel	https://se.robotoys.eu/3d-pussel-i-tra/arkitektur/3d-pussel-i-tra-sagrada-familia-little-story-e018-p133	3	862	0.00348	3.82
3d puzzel voor volwassenen	https://nl.robotoys.eu/houten-3d-puzzel/architectuur/houten-3d-puzzel-sagrada-familia-little-story-e018-p133	3	342	0.008772	4.11
3d puzzle	https://de.robotoys.eu/3d-puzzle-aus-holz/die-architektur/3d-puzzle-aus-holz-siegesbogen-little-story-e011-p123	3	7530	0.000398	4.94
3д пъзел за възрастни	https://bg.robotoys.eu/drven-3d-pzel	3	4	0.75	11.5
book nook	https://robotoys.eu/miniature-houses/books-nook	3	61	0.04918	4.1
book nook eesti	https://ee.robotoys.eu/miniatuursed-majad/raamatud-nook	3	16	0.1875	3.25
book nook цена	https://bg.robotoys.eu/mynyatiurny-kshchy/knygy-nook	3	25	0.12	9.04
fa 3d puzzle	https://hu.robotoys.eu/fabol-keszult-3d-puzzle	3	33	0.090909	2.33
fleur rowood	https://fr.robotoys.eu/marques/rowood	3	26	0.115385	3.31
houten 3d puzzel	https://nl.robotoys.eu/houten-3d-puzzel/architectuur/houten-3d-puzzel-sagrada-familia-little-story-e018-p133	3	223	0.013453	3.85
miniature byggesæt	https://dk.robotoys.eu/miniaturehuse	3	40	0.075	6.88
miniatyrhus byggsats	https://se.robotoys.eu/miniatyrhus	3	108	0.027778	10.64
miniatűr	https://hu.robotoys.eu/miniatur-hazak	3	16	0.1875	8.19
o que oferecer a um homem que tem tudo	https://pt.robotoys.eu/blogue/um-presente-para-o-homem-que-ja-tem-tudo-24-dicas-originais-que-o-vao-surpreender-de-verdade	3	233	0.012876	10.16
rokr	https://bg.robotoys.eu/marky/rokr	3	30	0.1	4.3
rokr 3d puzzle	https://cz.robotoys.eu/znacky/rokr	3	21	0.142857	3
rolfie	https://pl.robotoys.eu/marki/rolife	3	9	0.333333	2.78
rolife	https://gr.robotoys.eu/markes/rolife	3	87	0.034483	9.14
rolife sverige	https://se.robotoys.eu/marken/rolife	3	50	0.06	3.9
rolife цена	https://bg.robotoys.eu/marky/rolife	3	9	0.333333	3.78
rowood	https://cz.robotoys.eu/znacky/rowood	3	21	0.142857	1.1
rowood puzzle	https://it.robotoys.eu/marche/rowood	3	12	0.25	1.08
sagrada familia 3d puzzle	https://robotoys.eu/wooden-3d-puzzle/architecture/wooden-3d-puzzle-sagrada-familia-little-story-e018-p133	3	49	0.061224	2.55
3d fa puzzle felnőtteknek	https://hu.robotoys.eu/fabol-keszult-3d-puzzle	2	81	0.024691	2.77
3d fa puzzle felnőtteknek	https://hu.robotoys.eu/fabol-keszult-3d-puzzle/epiteszet/fa-3d-puzzle-sagrada-familia-little-story-e018-p133	2	80	0.025	1.82
3d houten puzzel	https://nl.robotoys.eu/houten-3d-puzzel/architectuur/houten-3d-puzzel-sagrada-familia-little-story-e018-p133	2	124	0.016129	3.77
3d pussel trä	https://se.robotoys.eu/3d-pussel-i-tra	2	70	0.028571	5.53
3d puzzel hout	https://nl.robotoys.eu/houten-3d-puzzel/architectuur/houten-3d-puzzel-sagrada-familia-little-story-e018-p133	2	277	0.00722	2.66
3d puzzel volwassenen	https://nl.robotoys.eu/houten-3d-puzzel/architectuur/houten-3d-puzzel-sagrada-familia-little-story-e018-p133	2	207	0.009662	5.15
3d puzzle auto	https://cz.robotoys.eu/drevene-3d-puzzle/vozidla	2	35	0.057143	4.49
3d puzzle dřevěné	https://cz.robotoys.eu/drevene-3d-puzzle	2	61	0.032787	2.57
3d puzzle tank	https://hu.robotoys.eu/fabol-keszult-3d-puzzle/jarmuvek	2	2	1	2
3d puzzle windmill	https://robotoys.eu/wooden-3d-puzzle/architecture/wooden-mechanical-3d-puzzle-windmill-eco-wood-art-p154	2	7	0.285714	7.86
3d puzzle za odrasle	https://hr.robotoys.eu/drvena-3d-slagalica/arhitektura/drvena-3d-puzzle-sagrada-familia-little-story-e018-p133	2	42	0.047619	2
3d træ puslespil	https://dk.robotoys.eu/trae-3d-puslespil	2	10	0.2	2.8
book nook mladinska knjiga	https://si.robotoys.eu/miniaturne-hise/knjige-nook	2	38	0.052632	3.55
bygga miniatyrhus material	https://se.robotoys.eu/blogg/vad-du-behover-veta-innan-du-bygger-miniatyrhus	2	26	0.076923	5.31
fa puzzle	https://hu.robotoys.eu/fabol-keszult-3d-puzzle	2	278	0.007194	8.01
houten 3d puzzels volwassenen	https://nl.robotoys.eu/houten-3d-puzzel/architectuur/houten-3d-puzzel-sagrada-familia-little-story-e018-p133	2	30	0.066667	2.67
little story puzzle 3d	https://pl.robotoys.eu/marki/little-story	2	28	0.071429	3.75
puzzle drewniane 3d	https://pl.robotoys.eu/drewniane-puzzle-3d/architektura/drewniane-puzzle-3d-sagrada-familia-little-story-e018-p133	2	184	0.01087	3.82
robotoy	https://fr.robotoys.eu/	2	6	0.333333	2
robtoys	https://pt.robotoys.eu/	2	3	0.666667	3.33
rokr	https://hu.robotoys.eu/markak/rokr	2	85	0.023529	3.36
rokr	https://se.robotoys.eu/marken/rokr	2	97	0.020619	5.11
rokr 3d puzzle	https://hu.robotoys.eu/markak/rokr	2	15	0.133333	5.33
rokr ak47	https://it.robotoys.eu/puzzle-3d-in-legno/armi/fucile-ak-47-rokr-lq901-p67	2	4	0.5	3.5
rokr italia	https://it.robotoys.eu/marche/rokr	2	29	0.068966	1.55
rokr thompson	https://fr.robotoys.eu/casse-tete-3d-en-bois/armes/thompson-rokr-lqb01-p74	2	7	0.285714	7.29
rolife alice's tea store	https://it.robotoys.eu/case-in-miniatura/negozi-in-miniatura/casa-in-miniatura-negozio-di-te-di-alice-rolife-dg156-p61	2	3	0.666667	1
rolife christmas street	https://robotoys.eu/miniature-houses/books-nook/bookshelf-insert-christmas-street-rolife-tgc06-p139	2	14	0.142857	3.64
rolife greece	https://gr.robotoys.eu/markes/rolife	2	13	0.153846	4.15
rolife italia	https://it.robotoys.eu/marche/rolife	2	99	0.020202	3.9
rolife makett	https://hu.robotoys.eu/markak/rolife	2	28	0.071429	2.07
roowood	https://pt.robotoys.eu/marcas/rowood	2	2	1	2.5
rowood	https://dk.robotoys.eu/maerker/rowood	2	13	0.153846	1.08
rowood	https://it.robotoys.eu/puzzle-3d-in-legno/fiori	2	276	0.007246	4.75
rowood fiori	https://it.robotoys.eu/marche/rowood	2	118	0.016949	3.46
rowood fleurs	https://fr.robotoys.eu/marques/rowood	2	12	0.166667	3.42
rowood kwiaty	https://pl.robotoys.eu/drewniane-puzzle-3d/kwiaty	2	24	0.083333	1
rowood sito ufficiale	https://it.robotoys.eu/marche/rowood	2	14	0.142857	2.5
1	https://cz.robotoys.eu/drevene-3d-puzzle/vozidla/drevene-3d-puzzle-plachetnice-pan-mori-eco-wood-art-p216	1	1	1	3
150zl	https://robotoys.eu/wooden-3d-puzzle/vehicles/wooden-3d-puzzle-sailing-ship-djong-eco-wood-art-p232	1	1	1	1
3 d puslespil	https://dk.robotoys.eu/trae-3d-puslespil/arkitektur/trae-3d-puslespil-sagrada-familia-little-story-e018-p133	1	26	0.038462	2.85
3d flipper	https://hu.robotoys.eu/fabol-keszult-3d-puzzle/stem-lab/flipper-rokr-eg01-p43	1	10	0.1	5.3
3d flower puzzle	https://robotoys.eu/blog/a-wooden-bouquet-that-never-withers-discover-the-magic-of-3d-flower-puzzles	1	71	0.014085	5.94
3d pusle	https://ee.robotoys.eu/puidust-3d-pusle	1	29	0.034483	12.97
3d pusled	https://ee.robotoys.eu/puidust-3d-pusle	1	24	0.041667	5.04
3d puslespil træ	https://dk.robotoys.eu/trae-3d-puslespil	1	33	0.030303	3.36
3d pussel vuxna	https://se.robotoys.eu/3d-pussel-i-tra	1	157	0.006369	12.04
3d pussel vuxna	https://se.robotoys.eu/3d-pussel-i-tra/arkitektur/3d-pussel-i-tra-sagrada-familia-little-story-e018-p133	1	166	0.006024	5.33
3d puzzle	https://robotoys.eu/blog/wooden-3d-puzzles-how-to-choose-your-first-building-kit-and-what-to-prepare-for	1	2	0.5	4.5
3d puzzle architecture	https://robotoys.eu/wooden-3d-puzzle/architecture	1	31	0.032258	2.42
3d puzzle colosseum	https://robotoys.eu/wooden-3d-puzzle/architecture/wooden-3d-puzzle-colosseum-little-story-e016-p126	1	16	0.0625	6.56
3d puzzle drevene	https://cz.robotoys.eu/drevene-3d-puzzle/architektura/drevene-3d-puzzle-sagrada-familia-little-story-e018-p133	1	8	0.125	3.88
3d puzzle fa	https://hu.robotoys.eu/fabol-keszult-3d-puzzle	1	13	0.076923	2.08
3d puzzle flower bouquet	https://robotoys.eu/wooden-3d-puzzle/flowers	1	7	0.142857	9.29
3d puzzle holz schiff	https://de.robotoys.eu/3d-puzzle-aus-holz/fahrzeuge/3d-puzzle-aus-holz-segelschiff-lord-of-the-seas-eco-wood-art-p216	1	37	0.027027	9.43
3d puzzle rolife	https://cz.robotoys.eu/znacky/rolife	1	2	0.5	1
3d sestavljanka	https://si.robotoys.eu/lesena-3d-sestavljanka	1	25	0.04	6.76
3d stavebnice pro dospělé	https://cz.robotoys.eu/blog/drevene-3d-puzzle-jak-vybrat-svoji-prvni-stavebnice-a-na-co-se-pripravit	1	28	0.035714	11.43
3d träpussel	https://se.robotoys.eu/3d-pussel-i-tra	1	31	0.032258	4.29
3d wooden puzzle architecture	https://robotoys.eu/wooden-3d-puzzle/architecture	1	13	0.076923	7.54
3d дървени пъзели	https://bg.robotoys.eu/drven-3d-pzel	1	11	0.090909	5.64
amk81	https://fr.robotoys.eu/casse-tete-3d-en-bois/instruments-de-musique/piano-magique-rokr-amk81-p70	1	8	0.125	6.88
architektur puzzle	https://de.robotoys.eu/3d-puzzle-aus-holz/die-architektur	1	19	0.052632	12.95
book nook	https://hr.robotoys.eu/minijaturne-kuce/knjige-nook	1	43	0.023256	29.95
book nook rolife	https://cz.robotoys.eu/miniaturni-domecky/books-nook	1	11	0.090909	2.82
casa miniatura	https://pt.robotoys.eu/casas-em-miniatura/lojas-de-miniaturas	1	8	0.125	5.5
casas en miniatura para construir	https://es.robotoys.eu/casas-en-miniatura/tiendas-de-miniaturas	1	4	0.25	18
casette da costruire in miniatura	https://it.robotoys.eu/case-in-miniatura	1	44	0.022727	8.07
casette in miniatura da costruire	https://it.robotoys.eu/case-in-miniatura	1	40	0.025	11.28
casitas de miniatura	https://es.robotoys.eu/casas-en-miniatura-mejor-valoradas	1	2	0.5	10
costruzioni 3d legno	https://it.robotoys.eu/puzzle-3d-in-legno/architettura/puzzle-3d-in-legno-sagrada-familia-little-story-e018-p133	1	16	0.0625	3.75
costruzioni in miniatura	https://it.robotoys.eu/case-in-miniatura	1	16	0.0625	10.69
darila za rojstni dan	https://si.robotoys.eu/ideje-za-darila/darila-za-rojstni-dan	1	5	0.2	18.8
darilo za moškega ki ima vse	https://si.robotoys.eu/blog/darilo-za-moskega-ki-ze-ima-vse-24-izvirnih-nasvetov-ki-ga-bodo-resnicno-presenetili	1	131	0.007634	8.69
dg155	https://it.robotoys.eu/case-in-miniatura/negozi-in-miniatura/negozio-di-streghe-kiki-rolife-dg155-p31	1	1	1	1
dg166	https://lt.robotoys.eu/miniatiuriniai-namai/miniatiuriniai-kambariai/miniatiurinis-namas-magijos-mokykla-rolife-dg166-p163	1	1	1	1
diy miniature house cathy's flower house	https://cz.robotoys.eu/miniaturni-domecky/miniaturni-pokoje/sklenik-pani-cathy-rolife-dg104-p28	1	1	1	1
diy miniatyrhus	https://se.robotoys.eu/miniatyrhus	1	39	0.025641	9.1
diy miniatűr ház	https://hu.robotoys.eu/miniatur-hazak-konnyu-nehezsegi-fokozat	1	14	0.071429	9.36
dora's loft rolife	https://pl.robotoys.eu/miniaturowe-domki/miniaturowe-pokoje/miniaturowy-dom-poddasze-dory-rolife-dg12-p91	1	2	0.5	1.5
dove acquistarlo	https://it.robotoys.eu/puzzle-3d-in-legno/fiori/puzzle-3d-in-legno-cestino-di-fiori-in-legno-rowood-tw03h-p210	1	1	1	2
dream gift factory rokr	https://hu.robotoys.eu/fabol-keszult-3d-puzzle/stem-lab/fa-mechanikus-3d-kirako-alomajandek-gyar-rokr-eab01-p202	1	2	0.5	2
drewniane puzzle 3d	https://pl.robotoys.eu/drewniane-puzzle-3d/architektura/drewniane-puzzle-3d-sagrada-familia-little-story-e018-p133	1	403	0.002481	3.55
drewniane puzzle 3d	https://pl.robotoys.eu/drewniane-puzzle-3d/wszechswiat/uklad-sloneczny-rokr-st001-p71	1	1	1	1
drewniane puzzle 3d zwierzęta	https://pl.robotoys.eu/drewniane-puzzle-3d/zwierzeta	1	5	0.2	5.4
dřevěná puška	https://cz.robotoys.eu/drevene-3d-puzzle/zbrane	1	2	0.5	11.5
dřevěné 3d stavebnice	https://cz.robotoys.eu/drevene-3d-puzzle	1	2	0.5	19
dřevěné puzzle 3d	https://cz.robotoys.eu/drevene-3d-puzzle	1	60	0.016667	4.22
dřevěné stavebnice pro dospělé	https://cz.robotoys.eu/drevene-3d-puzzle/architektura/drevene-3d-puzzle-sagrada-familia-little-story-e018-p133	1	61	0.016393	2.92
eco wood art	https://bg.robotoys.eu/marky/eco-wood-art	1	1	1	4
eco-wood-art	https://cz.robotoys.eu/znacky/eco-wood-art	1	2	0.5	5.5
eiffel tower wooden puzzle	https://robotoys.eu/wooden-3d-puzzle/architecture/model-of-the-eiffel-tower-rolife-tg501-p17	1	1	1	5
fa puzzle 3d	https://hu.robotoys.eu/fabol-keszult-3d-puzzle	1	28	0.035714	2.71
fa puzzle felnőtteknek	https://hu.robotoys.eu/fabol-keszult-3d-puzzle	1	70	0.014286	6.66
fakta om tower bridge	https://dk.robotoys.eu/blog/historien-om-den-beromte-tower-bridge-sadan-bringer-du-london-til-dit-hjem	1	20	0.05	5.05
fotó	https://hu.robotoys.eu/miniatur-hazak/konyvek-kucko/konyvespolc-betet-falling-sakura-rolife-tgb05-p50	1	1	1	2
fából készült virágok	https://hu.robotoys.eu/blog/egy-soha-el-nem-hervado-fa-csokor-fedezd-fel-a-3d-s-viragkirakok-varazsat	1	7	0.142857	10.86
gdje ima za kupiti	https://hr.robotoys.eu/minijaturne-kuce/knjige-nook/sakura-densya-rolife-tgb01-p29	1	1	1	1
gdzie kupic w polsce	https://pl.robotoys.eu/drewniane-puzzle-3d/pozytywki/drewniana-mechaniczna-ukladanka-3d-magiczna-harfa-rokr-amk71-p254	1	1	1	1
histoire tower bridge	https://fr.robotoys.eu/blog/lhistoire-du-celebre-tower-bridge-comment-amener-londres-chez-vous	1	20	0.05	6.8
houten 3d modellen	https://nl.robotoys.eu/houten-3d-puzzel/architectuur/houten-3d-puzzel-sagrada-familia-little-story-e018-p133	1	16	0.0625	1.56
igen szeretném	https://hu.robotoys.eu/miniatur-hazak/miniatur-szobak/sam-dolgozoszoba-konyvtara-rolife-dg102-p86	1	1	1	2
kalaschnikow ak 47	https://de.robotoys.eu/3d-puzzle-aus-holz/waffen/ak-47-gewehr-rokr-lq901-p67	1	1	1	9
kaufen	https://de.robotoys.eu/3d-puzzle-aus-holz/fahrzeuge/3d-puzzle-aus-holz-grand-prix-motorrad-little-story-e021-p173	1	1	1	1
kde koupit	https://cz.robotoys.eu/drevene-3d-puzzle/vozidla/model-parni-lokomotivy-rokr-mc501-p13	1	1	1	33
kiek kainuoja	https://lt.robotoys.eu/prekiniai-zenklai/rolife	1	1	1	1
kingiideed naisele	https://ee.robotoys.eu/blogi/7-vastupandamatut-kingiideed-naistele	1	28	0.035714	30.04
kur pigiausia	https://robotoys.eu/the-cheapest-rolife-brand-products	1	1	1	1
könyvkuckó	https://hu.robotoys.eu/miniatur-hazak/konyvek-kucko	1	6	0.166667	28.67
lav 3d	https://hr.robotoys.eu/drvena-3d-slagalica/zivotinje/drvena-3d-puzzle-lav-little-story-d011-p119	1	3	0.333333	3.33
lc901c	https://ro.robotoys.eu/puzzle-3d-din-lemn/ceasuri-calendare/puzzle-mecanic-3d-din-lemn-ceas-cu-cuc-rokr-lc901c-p198	1	1	1	2
linkami	https://it.robotoys.eu/puzzle-3d-in-legno/architettura/modello-della-torre-eiffel-rolife-tg501-p17	1	1	1	1
little story	https://de.robotoys.eu/marken/little-story	1	18	0.055556	5.39
little story drewniane puzzle model 3d	https://pl.robotoys.eu/marki/little-story	1	16	0.0625	6.25
little story puzzle 3d	https://de.robotoys.eu/marken/little-story	1	1	1	2
little story puzzle 3d	https://fr.robotoys.eu/marques/little-story	1	3	0.333333	1
lk703c	https://robotoys.eu/wooden-3d-puzzle/stem-lab/wooden-mechanical-3d-puzzle-mechanical-typewriter-magic-version-rokr-lk703c-p266	1	3	0.333333	6
lokomotywa	https://pl.robotoys.eu/drewniane-puzzle-3d/pojazdy/lokomotywa-rokr-lk701-p7	1	1	1	5
magic piano rokr	https://es.robotoys.eu/rompecabezas-3d-de-madera/instrumentos-musicales/magic-piano-rokr-amk81-p70	1	6	0.166667	4.17
makete kuca	https://hr.robotoys.eu/minijaturne-kucice-100-do-149-kom	1	2	0.5	5
maqueta sagrada familia	https://es.robotoys.eu/rompecabezas-3d-de-madera/arquitectura/puzzle-3d-de-madera-sagrada-familia-little-story-e018-p133	1	1	1	1
marble parkour rokr	https://it.robotoys.eu/puzzle-3d-in-legno/stem-lab/marmo-parkour-rokr-lg501-p42	1	1	1	2
medines 3d deliones	https://lt.robotoys.eu/medine-3d-delione	1	25	0.04	6.72
miller's garden diy miniature house	https://es.robotoys.eu/casas-en-miniatura/habitaciones-en-miniatura/mr-millers-garden-rolife-dg108-p23	1	1	1	2
miller's garden rolife	https://robotoys.eu/miniature-houses/miniature-rooms/mr-millers-garden-rolife-dg108-p23	1	23	0.043478	3.78
mini case da costruire	https://it.robotoys.eu/case-in-miniatura	1	17	0.058824	7.94
mini pistola	https://si.robotoys.eu/lesena-3d-sestavljanka/orozje/lesena-mehanska-3d-sestavljanka-mini-pistola-rokr-lq502-p147	1	4	0.25	1
mini pistole	https://si.robotoys.eu/lesena-3d-sestavljanka/orozje/lesena-mehanska-3d-sestavljanka-mini-pistola-rokr-lq502-p147	1	4	0.25	1
mini rooms	https://robotoys.eu/miniature-houses/miniature-rooms	1	24	0.041667	9.38
miniatura maja	https://lv.robotoys.eu/letakas-miniaturas-majas	1	7	0.142857	4.86
miniature case	https://it.robotoys.eu/case-in-miniatura/negozi-in-miniatura/negozio-di-fiori-emily-rolife-dg145-p25	1	1	1	6
miniaturní domečky	https://cz.robotoys.eu/miniaturni-domky-stredni-obtiznost	1	32	0.03125	6.41
miniaturowe domki	https://pl.robotoys.eu/miniaturowe-domki	1	36	0.027778	11.33
miniatyr byggsats	https://se.robotoys.eu/blogg/vad-du-behover-veta-innan-du-bygger-miniatyrhus	1	2	0.5	32
miniatyr hus	https://se.robotoys.eu/miniatyrhus/miniatyrbutiker/haxaffar-kiki-rolife-dg155-p31	1	7	0.142857	5.86
miniatyr hus byggsats	https://se.robotoys.eu/miniatyrhus	1	18	0.055556	9.5
miniatyrhus diy	https://se.robotoys.eu/miniatyrhus	1	14	0.071429	11.64
miniatyrhus trädgård	https://se.robotoys.eu/miniatyrhus/miniatyrrum/mr-millers-tradgard-rolife-dg108-p23	1	6	0.166667	4.67
miniatūru māja cenas	https://lv.robotoys.eu/miniaturas-majas	1	6	0.166667	3.67
miniatűr ház makett	https://hu.robotoys.eu/miniatur-hazak	1	20	0.05	4
mose's detective agency	https://de.robotoys.eu/miniaturhauser/miniaturraume/moses-detektivburo-rolife-dg157-p24	1	3	0.333333	4.33
negozi in miniatura	https://it.robotoys.eu/case-in-miniatura/negozi-in-miniatura	1	12	0.083333	6.08
non sono questi	https://robotoys.eu/wooden-3d-puzzle/vehicles/motorcycle-cruiser-rokr-lk504-p12	1	1	1	1
per i commercianti	https://it.robotoys.eu/link-utili/circa-la-societa/vendita-allingrosso	1	1	1	1
pinball rokr	https://cz.robotoys.eu/drevene-3d-puzzle/stem-lab/pinball-rokr-eg01-p43	1	3	0.333333	1.33
playful mario 3d wood puzzle	https://robotoys.eu/wooden-3d-puzzle-100-to-149-pcs	1	18	0.055556	8.61
poskladat	https://robotoys.eu/miniature-houses/books-nook/bookshelf-insert-christmas-street-rolife-tgc06-p139	1	1	1	2
prendas de aniversário homem	https://pt.robotoys.eu/blogue/um-presente-para-o-homem-que-ja-tem-tudo-24-dicas-originais-que-o-vao-surpreender-de-verdade	1	1	1	3
puzle 3d	https://fr.robotoys.eu/casse-tete-3d-en-bois/architecture/puzzle-3d-en-bois-sagrada-familia-little-story-e018-p133	1	57	0.017544	5.32
puzzle 3d bois difficile	https://fr.robotoys.eu/puzzle-3d-en-bois-difficulte-elevee	1	4	0.25	8.25
puzzle 3d flores	https://es.robotoys.eu/rompecabezas-3d-de-madera/flores	1	18	0.055556	4
puzzle 3d in legno	https://it.robotoys.eu/puzzle-3d-in-legno-piu-di-300-pezzi	1	12	0.083333	19.42
puzzle 3d kwiaty	https://pl.robotoys.eu/drewniane-puzzle-3d/kwiaty	1	31	0.032258	4.16
puzzle 3d legno	https://it.robotoys.eu/puzzle-3d-in-legno/architettura/puzzle-3d-in-legno-sagrada-familia-little-story-e018-p133	1	268	0.003731	3.2
puzzle 3d legno	https://it.robotoys.eu/puzzle-3d-in-legno/fiori/puzzle-3d-in-legno-sakura-bonsai-rolife-tg415-p142	1	1	1	5
puzzle 3d legno adulti	https://it.robotoys.eu/puzzle-3d-in-legno/fiori/puzzle-3d-in-legno-mazzo-di-fiori-rowood-tw01h-p100	1	1	1	32
puzzle 3d madera	https://es.robotoys.eu/rompecabezas-3d-de-madera/arquitectura/puzzle-3d-de-madera-sagrada-familia-little-story-e018-p133	1	279	0.003584	3.48
puzzle 3d rokr	https://pl.robotoys.eu/marki/rokr	1	3	0.333333	1.33
puzzle 3d sakura	https://it.robotoys.eu/puzzle-3d-in-legno/veicoli/puzzle-3d-in-legno-sakura-journey-rolife-tgs02-p105	1	2	0.5	6.5
puzzle architektura	https://pl.robotoys.eu/drewniane-puzzle-3d/architektura/drewniane-puzzle-3d-sagrada-familia-little-story-e018-p133	1	16	0.0625	3.5
puzzle in legno 3d	https://it.robotoys.eu/blog/storia-dei-puzzle-in-legno-3d-dalle-origini-al-presente	1	14	0.071429	10.21
puzzle przestrzenne	https://pl.robotoys.eu/drewniane-puzzle-3d/architektura/drewniane-puzzle-3d-sagrada-familia-little-story-e018-p133	1	98	0.010204	1.76
puzzle rokr	https://es.robotoys.eu/marcas/rokr	1	5	0.2	3.2
puzzle rolife 3d	https://it.robotoys.eu/puzzle-3d-in-legno/fiori	1	3	0.333333	2
puzzle sagrada familia	https://de.robotoys.eu/3d-puzzle-aus-holz/die-architektur/3d-puzzle-aus-holz-sagrada-familia-little-story-e018-p133	1	31	0.032258	3.52
puzzle sagrada familia 3d	https://es.robotoys.eu/rompecabezas-3d-de-madera/arquitectura/puzzle-3d-de-madera-sagrada-familia-little-story-e018-p133	1	23	0.043478	1.09
quebra cabeça 3d	https://pt.robotoys.eu/quebra-cabeca-3d-de-madeira/stem-lab/quebra-cabeca-3d-mecanico-de-madeira-impressora-classica-rokr-lk602-p90	1	45	0.022222	9.47
regalos caros para niños	https://es.robotoys.eu/los-regalos-mas-caros-para-ninos	1	5	0.2	4.4
robotime	https://robotoys.eu/	1	47	0.021277	36.34
robotime 3d	https://cz.robotoys.eu/drevene-3d-puzzle	1	15	0.066667	6.2
robotime 3d puzzle	https://cz.robotoys.eu/drevene-3d-puzzle	1	32	0.03125	4.22
robotime bg	https://bg.robotoys.eu/	1	77	0.012987	6.74
robotime sakura densya	https://cz.robotoys.eu/miniaturni-domecky/books-nook/sakura-densya-rolife-tgb01-p29	1	1	1	1
robotoy	https://nl.robotoys.eu/	1	3	0.333333	3
robotoy	https://robotoys.eu/	1	76	0.013158	4.76
robotoys	https://bg.robotoys.eu/polezny-vrzky/za-kompanyiata/za-nas	1	3	0.333333	1
robotoys	https://dk.robotoys.eu/	1	16	0.0625	6.38
robotoys	https://es.robotoys.eu/enlaces-utiles/todo-sobre-compras	1	12	0.083333	1
robotoys	https://es.robotoys.eu/venta-de-puzzles-de-madera-3d	1	12	0.083333	1
robotoys	https://fr.robotoys.eu/idees-de-cadeau	1	11	0.090909	1
robotoys	https://gr.robotoys.eu/	1	36	0.027778	1.03
robotoys	https://robotoys.eu/useful-links/about-company	1	58	0.017241	2.72
robotoys	https://se.robotoys.eu/	1	2	0.5	1
rockr puzzle	https://it.robotoys.eu/marche/rokr	1	2	0.5	5
rokr	https://dk.robotoys.eu/maerker/rokr	1	75	0.013333	3.24
rokr	https://ee.robotoys.eu/kaubamargid/rokr	1	27	0.037037	3.44
rokr	https://hr.robotoys.eu/brendovi/rokr	1	46	0.021739	5.85
rokr	https://lt.robotoys.eu/prekiniai-zenklai/rokr	1	25	0.04	4.56
rokr	https://pl.robotoys.eu/blog/rokr-twoje-wejscie-do-swiata-kreatywnosci-i-rozrywki	1	155	0.006452	5.35
rokr	https://pl.robotoys.eu/najnowsze-produkty-marki-rokr	1	147	0.006803	1.18
rokr	https://robotoys.eu/brands/rokr	1	251	0.003984	7.2
rokr 3d pinball	https://robotoys.eu/wooden-3d-puzzle/stem-lab/pinball-rokr-eg01-p43	1	9	0.111111	4.89
rokr 3d puzzle	https://robotoys.eu/brands/rokr	1	31	0.032258	4.06
rokr ak 47	https://hr.robotoys.eu/drvena-3d-slagalica/oruzje/ak-47-puska-rokr-lq901-p67	1	1	1	1
rokr ak 47	https://pl.robotoys.eu/drewniane-puzzle-3d/bronie/karabin-ak-47-rokr-lq901-p67	1	2	0.5	1
rokr ak-47	https://pl.robotoys.eu/drewniane-puzzle-3d/bronie/karabin-ak-47-rokr-lq901-p67	1	1	1	1
rokr ak47	https://es.robotoys.eu/rompecabezas-3d-de-madera/armas/rifle-ak-47-rokr-lq901-p67	1	5	0.2	5.8
rokr book nook	https://cz.robotoys.eu/miniaturni-domecky/books-nook	1	1	1	3
rokr chocolate factory	https://it.robotoys.eu/puzzle-3d-in-legno/stem-lab/puzzle-3d-meccanico-in-legno-fabbrica-di-cioccolato-rokr-lga02-p75	1	3	0.333333	3
rokr company	https://robotoys.eu/blog/rokr-your-entry-into-the-world-of-creativity-and-entertainment	1	7	0.142857	8.14
rokr dream gift factory	https://pl.robotoys.eu/drewniane-puzzle-3d/stem-lab/drewniana-mechaniczna-ukladanka-3d-fabryka-prezentow-marzen-rokr-eab01-p202	1	4	0.25	2.75
rokr españa	https://es.robotoys.eu/marcas/rokr	1	41	0.02439	4.2
rokr italia	https://it.robotoys.eu/blog/rokr-il-tuo-ingresso-nel-mondo-della-creativita-e-dellintrattenimento	1	21	0.047619	8.29
rokr macchina da scrivere	https://it.robotoys.eu/concorso-di-puzzle/macchina-da-scrivere-meccanica-versione-classica-rokr-lk703b-265	1	13	0.076923	4.46
rokr marble parkour	https://dk.robotoys.eu/trae-3d-puslespil/stem-lab/marble-parkour-rokr-lg501-p42	1	1	1	4
rokr mechanical typewriter lk703b	https://robotoys.eu/wooden-3d-puzzle/stem-lab/wooden-mechanical-3d-puzzle-mechanical-typewriter-classic-version-rokr-lk703b-p265	1	2	0.5	6
rokr pinball machine	https://robotoys.eu/wooden-3d-puzzle/stem-lab/pinball-rokr-eg01-p43	1	6	0.166667	8.67
rokr puzzle	https://pl.robotoys.eu/marki/rokr	1	11	0.090909	1.55
rokr puzzle 3d	https://it.robotoys.eu/marche/rokr	1	114	0.008772	5.12
rokr puzzles	https://es.robotoys.eu/marcas/rokr	1	40	0.025	4.88
rokr revolver	https://it.robotoys.eu/puzzle-3d-in-legno/armi/revolver-corsac-m60-rokr-lq401-p35	1	1	1	1
rokr space shuttle 3d wooden puzzle lka02	https://robotoys.eu/wooden-3d-puzzle/the-universe/wooden-mechanical-3d-puzzle-space-shuttle-rokr-lka02-p253	1	4	0.25	10
rokr vitascope	https://hu.robotoys.eu/fabol-keszult-3d-puzzle/stem-lab/filmvetito-vitascope-rokr-lk601-p5	1	1	1	4
rokr vitascope	https://pl.robotoys.eu/drewniane-puzzle-3d/stem-lab/projektor-filmowy-vitascope-rokr-lk601-p5	1	3	0.333333	6
rokra	https://pl.robotoys.eu/marki/rokr	1	3	0.333333	4
rolife	https://es.robotoys.eu/marcas/rolife	1	902	0.001109	6.9
rolife	https://lt.robotoys.eu/prekiniai-zenklai/rolife	1	79	0.012658	5.33
rolife	https://lv.robotoys.eu/zimoli/rolife	1	46	0.021739	3.89
rolife 3d	https://hu.robotoys.eu/markak/rolife	1	2	0.5	2.5
rolife 3d puzzle	https://cz.robotoys.eu/znacky/rolife	1	4	0.25	1.5
rolife 3d puzzle	https://hu.robotoys.eu/markak/rolife	1	8	0.125	2
rolife 3d puzzle	https://pl.robotoys.eu/marki/rolife	1	3	0.333333	4.33
rolife 3d wooden puzzle - classic carousel amc01	https://robotoys.eu/wooden-3d-puzzle/music-boxes/wooden-mechanical-3d-puzzle-classic-carousel-rolife-amc01-p146	1	1	1	12
rolife book nook	https://cz.robotoys.eu/miniaturni-domecky/books-nook	1	66	0.015152	2.71
rolife book nook	https://lv.robotoys.eu/miniaturas-majas/gramatas-nook	1	1	1	8
rolife book nook sakura	https://robotoys.eu/miniature-houses/books-nook/sakura-densya-rolife-tgb01-p29	1	10	0.1	4.6
rolife classic carousel 3d wooden puzzle amc01	https://robotoys.eu/wooden-3d-puzzle/music-boxes/wooden-mechanical-3d-puzzle-classic-carousel-rolife-amc01-p146	1	2	0.5	7
rolife dg102	https://pl.robotoys.eu/miniaturowe-domki/miniaturowe-pokoje/biblioteka-do-nauki-sama-rolife-dg102-p86	1	2	0.5	1.5
rolife dora's loft	https://pl.robotoys.eu/miniaturowe-domki/miniaturowe-pokoje/miniaturowy-dom-poddasze-dory-rolife-dg12-p91	1	4	0.25	1.25
rolife españa	https://es.robotoys.eu/marcas/rolife	1	108	0.009259	6.23
rolife europe	https://robotoys.eu/brands/rolife	1	28	0.035714	2.86
rolife evergreen pine bonsai	https://robotoys.eu/wooden-3d-puzzle/flowers/wooden-3d-puzzle-evergreen-pine-bonsai-rolife-tg510-p143	1	2	0.5	3.5
rolife italy	https://it.robotoys.eu/marche/rolife	1	3	0.333333	6.33
rolife mose's detective agency	https://robotoys.eu/miniature-houses/miniature-rooms/moses-detective-agency-rolife-dg157-p24	1	5	0.2	7.6
rolife negozi italia	https://it.robotoys.eu/marche/rolife	1	9	0.111111	2
rolife pagoda	https://pl.robotoys.eu/drewniane-puzzle-3d/architektura/pieciopietrowa-pagoda-rolife-tgn02-p45	1	1	1	1
rolife portugal	https://pt.robotoys.eu/marcas/rolife	1	57	0.017544	3.72
rolife puzzle	https://cz.robotoys.eu/znacky/rolife	1	1	1	1
rolife puzzle 3d	https://it.robotoys.eu/	1	1	1	1
rolife puzzle 3d	https://pl.robotoys.eu/marki/rolife	1	20	0.05	4.15
rolife sakura dreamy tour	https://robotoys.eu/wooden-3d-puzzle/music-boxes/wooden-mechanical-3d-puzzle-sakura-dreamy-tour-rolife-amt02-p219	1	1	1	5
rolife sakura pavilion	https://hu.robotoys.eu/fabol-keszult-3d-puzzle/epiteszet/fa-3d-kirako-sakura-pavilon-rolife-tga07-p268	1	2	0.5	3
rolife sakura pavilion	https://robotoys.eu/wooden-3d-puzzle/architecture/wooden-3d-puzzle-sakura-pavilion-rolife-tga07-p268	1	8	0.125	6.75
rolife tgb01	https://cz.robotoys.eu/miniaturni-domecky/books-nook/sakura-densya-rolife-tgb01-p29	1	2	0.5	1
rolifr	https://pl.robotoys.eu/marki/rolife	1	3	0.333333	3
rolufe	https://pl.robotoys.eu/marki/rolife	1	2	0.5	1.5
romantiline kingitus naisele	https://ee.robotoys.eu/blogi/7-vastupandamatut-kingiideed-naistele	1	18	0.055556	6.78
rompecabezas 3d	https://es.robotoys.eu/rompecabezas-3d-de-madera/arquitectura/puzzle-3d-de-madera-sagrada-familia-little-story-e018-p133	1	249	0.004016	8.27
roowood	https://robotoys.eu/brands/rowood	1	28	0.035714	6.68
rowood	https://nl.robotoys.eu/merken/rowood	1	136	0.007353	7.07
rowood blumen	https://de.robotoys.eu/marken/rowood	1	175	0.005714	9.39
rowood bouquet	https://it.robotoys.eu/puzzle-3d-in-legno/fiori/puzzle-3d-in-legno-mazzo-di-fiori-rowood-tw01h-p100	1	2	0.5	1.5
rowood fleur	https://robotoys.eu/brands/rowood	1	1	1	1
rowood kwiaty	https://pl.robotoys.eu/marki/rowood	1	7	0.142857	5.86
rowood lily	https://pl.robotoys.eu/drewniane-puzzle-3d/kwiaty/drewniana-ukladanka-3d-rozowa-lilia-rowood-tw071-p144	1	1	1	1
rowood puzzle 3d	https://de.robotoys.eu/marken/rowood	1	2	0.5	5.5
rowood sakura	https://robotoys.eu/wooden-3d-puzzle/flowers/wooden-3d-puzzle-sakura-rowood-tw101-p195	1	11	0.090909	2.36
rowood tulip	https://pt.robotoys.eu/marcas/rowood	1	1	1	1
rowwood	https://pl.robotoys.eu/marki/rowood	1	3	0.333333	1.33
sagrada familia	https://hr.robotoys.eu/drvena-3d-slagalica/arhitektura/drvena-3d-puzzle-sagrada-familia-little-story-e018-p133	1	1	1	2
sagrada familia modell	https://de.robotoys.eu/3d-puzzle-aus-holz/die-architektur/3d-puzzle-aus-holz-sagrada-familia-little-story-e018-p133	1	25	0.04	6.76
sakura dream tour	https://it.robotoys.eu/concorso-di-puzzle/sakura-dreamy-tour-rolife-amt02-219	1	5	0.2	5.6
sakura tree house	https://pl.robotoys.eu/drewniane-puzzle-3d/architektura/drewniana-ukladanka-3d-sakura-treehouse-rolife-tgs04-p201	1	6	0.166667	2.17
si	https://robotoys.eu/brands/rokr	1	1	1	4
simon's coffee	https://robotoys.eu/miniature-houses/miniature-stores/simons-coffee-shop-rolife-dg109-p64	1	3	0.333333	6.33
simons coffe	https://es.robotoys.eu/casas-en-miniatura/tiendas-de-miniaturas/cafe-en-simon-rolife-dg109-p64	1	5	0.2	4.2
simons coffee	https://robotoys.eu/miniature-houses/miniature-stores/simons-coffee-shop-rolife-dg109-p64	1	9	0.111111	6.56
speedway motorrad modell	https://de.robotoys.eu/3d-puzzle-aus-holz/fahrzeuge/3d-puzzle-aus-holz-blaues-speedway-motorrad-little-story-e019b-p239	1	28	0.035714	6.43
tgb01	https://fr.robotoys.eu/maisons-miniatures/coin-livres/sakura-densya-rolife-tgb01-p29	1	2	0.5	7
tgb17	https://fr.robotoys.eu/maisons-miniatures/coin-livres/insert-detagere-parc-dattractions-feerique-rolife-tgb17-p257	1	2	0.5	1
tipsy restaurant rolife	https://hu.robotoys.eu/miniatur-hazak/miniatur-uzletek/miniatur-haz-etterem-tipsy-rolife-dg167-p209	1	2	0.5	2
tower bridge histoire	https://fr.robotoys.eu/blog/lhistoire-du-celebre-tower-bridge-comment-amener-londres-chez-vous	1	95	0.010526	8.93
tower bridge historia	https://se.robotoys.eu/blogg/the-story-of-the-famous-tower-bridge-how-to-bring-london-to-your-home	1	9	0.111111	8.33
tower bridge história	https://pt.robotoys.eu/blogue/a-historia-da-famosa-tower-bridge-como-levar-londres-para-a-sua-casa	1	33	0.030303	4.64
tower bridge model	https://cz.robotoys.eu/drevene-3d-puzzle/architektura/model-tower-bridge-s-led-osvetlenim-rolife-tg412-p19	1	1	1	1
vianocny	https://robotoys.eu/miniature-houses/books-nook/bookshelf-insert-christmas-interior-scene-rolife-tgc07-p140	1	1	1	2
was gibt es noch als alternative	https://robotoys.eu/blog/wooden-3d-puzzles-how-to-choose-your-first-building-kit-and-what-to-prepare-for	1	1	1	3
wieża eiffla puzzle 3d	https://pl.robotoys.eu/drewniane-puzzle-3d/architektura/podswietlana-wieza-eiffla-rolife-tgl01-p73	1	8	0.125	8.5
wo kann ich das kaufen?	https://de.robotoys.eu/3d-puzzle-aus-holz/spieluhren/mechanisches-3d-puzzle-aus-holz-klassisches-karussell-rolife-amc01-p146	1	1	1	3
wooden bloom	https://robotoys.eu/wooden-3d-puzzle/flowers	1	3	0.333333	11
wooden building puzzles	https://robotoys.eu/blog/wooden-3d-puzzles-how-to-choose-your-first-building-kit-and-what-to-prepare-for	1	2	0.5	9
wooden flower puzzle	https://robotoys.eu/wooden-3d-puzzle/flowers	1	110	0.009091	9.01
wooden flower puzzles	https://robotoys.eu/wooden-3d-puzzle/flowers	1	8	0.125	7.62
wooden windmill kit	https://robotoys.eu/wooden-3d-puzzle/architecture/wooden-mechanical-3d-puzzle-windmill-eco-wood-art-p154	1	3	0.333333	1
za odrasle	https://robotoys.eu/wooden-3d-puzzle/stem-lab/pinball-rokr-eg01-p43	1	1	1	1
zongora	https://hu.robotoys.eu/	1	1	1	1
πόσο κοστίζουν	https://gr.robotoys.eu/mikroskopika-spitia/magazia-me-miniatoyres	1	1	1	4
де купити в польщі	https://pl.robotoys.eu/miniaturowe-domki/sklepy-z-miniaturami/kwiaciarnia-emily-rolife-dg145-p25	1	1	1	1
дървен	https://bg.robotoys.eu/polezny-vrzky/za-kompanyiata/trgovyia-na-edro	1	1	1	1
дървени пъзели	https://bg.robotoys.eu/drven-3d-pzel	1	5	0.2	14.2
дървени пъзели за възрастни	https://bg.robotoys.eu/drven-3d-pzel	1	6	0.166667	10
пожарная машина	https://ee.robotoys.eu/	1	1	1	1
римляни	https://bg.robotoys.eu/blog/nai-dobryiat-podark-za-nego-orygynalen-s-ystorycheska-notka	1	1	1	6
с латвии	https://lv.robotoys.eu/miniaturas-majas/miniaturas-istabas	1	1	1	3
таур	https://bg.robotoys.eu/blog/ystoryiata-na-prochutyia-taur-brydzh-kak-da-prenesete-london-v-doma-sy	1	2	0.5	2.5
"""little story"""	https://se.robotoys.eu/marken/little-story	0	1	0	4
/360view	https://robotoys.eu/wooden-3d-puzzle/the-animals/wooden-3d-puzzle-flamingo-little-story-d007-p116	0	1	0	1
105 - 13	https://lt.robotoys.eu/medine-3d-delione/transporto-priemones/medine-3d-delione-tankas-amx-13-105-little-story-wot05-p177	0	1	0	6
105+13	https://es.robotoys.eu/rompecabezas-3d-de-madera/vehiculos/rompecabezas-3d-de-madera-tanque-amx-13-105-little-story-wot05-p177	0	3	0	6.33
13*105	https://dk.robotoys.eu/trae-3d-puslespil/koretojer/trae-3d-puslespil-tank-amx-13-105-little-story-wot05-p177	0	1	0	9
13*105	https://fr.robotoys.eu/casse-tete-3d-en-bois/vehicules/puzzle-3d-en-bois-char-amx-13-105-little-story-wot05-p177	0	1	0	10
13/105	https://es.robotoys.eu/rompecabezas-3d-de-madera/vehiculos/rompecabezas-3d-de-madera-tanque-amx-13-105-little-story-wot05-p177	0	1	0	7
13/105	https://fr.robotoys.eu/casse-tete-3d-en-bois/vehicules/puzzle-3d-en-bois-char-amx-13-105-little-story-wot05-p177	0	1	0	8
13/105	https://hu.robotoys.eu/fabol-keszult-3d-puzzle/jarmuvek/fa-3d-puzzle-tank-amx-13-105-little-story-wot05-p177	0	1	0	7
150*199	https://se.robotoys.eu/3d-pussel-i-tra-150-till-199-st	0	1	0	10
1912 eternal atlantic voyager	https://es.robotoys.eu/rompecabezas-3d-de-madera/vehiculos/rompecabezas-3d-de-madera-eternal-atlantic-voyager-1912-rolife-tgl02-p223	0	1	0	9
1912 eternal atlantic voyager	https://nl.robotoys.eu/houten-3d-puzzel/voertuigen/houten-3d-puzzel-eternal-atlantic-voyager-1912-rolife-tgl02-p223	0	2	0	6
2	https://nl.robotoys.eu/miniatuur-huizen/boeken-hoekje/inzetstuk-voor-boekenplank-holiday-cafe-rolife-tgb15-p225	0	1	0	8
2	https://robotoys.eu/brands/rokr	0	1	0	3
3 d globus	https://cz.robotoys.eu/drevene-3d-puzzle/vesmir/svitici-globus-rokr-st003-p3	0	1	0	4
3 d puslespil	https://dk.robotoys.eu/trae-3d-puslespil/arkitektur/trae-3d-puslespil-victory-arch-little-story-e011-p123	0	6	0	4.33
3 d pussel	https://de.robotoys.eu/3d-puzzle-aus-holz/die-architektur/3d-puzzle-aus-holz-sagrada-familia-little-story-e018-p133	0	4	0	4.75
3 d pussel	https://de.robotoys.eu/3d-puzzle-aus-holz/die-architektur/3d-puzzle-aus-holz-siegesbogen-little-story-e011-p123	0	4	0	4.75
3 d pussel	https://se.robotoys.eu/3d-pussel-i-tra/arkitektur/3d-pussel-i-tra-sagrada-familia-little-story-e018-p133	0	50	0	3.44
3 d puzle	https://de.robotoys.eu/3d-puzzle-aus-holz/die-architektur/3d-puzzle-aus-holz-sagrada-familia-little-story-e018-p133	0	1	0	6
3 d puzle	https://de.robotoys.eu/3d-puzzle-aus-holz/die-architektur/3d-puzzle-aus-holz-siegesbogen-little-story-e011-p123	0	1	0	17
3 d puzzel	https://de.robotoys.eu/3d-puzzle-aus-holz/die-architektur/3d-puzzle-aus-holz-sagrada-familia-little-story-e018-p133	0	39	0	4.13
3 d puzzel	https://de.robotoys.eu/3d-puzzle-aus-holz/die-architektur/3d-puzzle-aus-holz-siegesbogen-little-story-e011-p123	0	37	0	3.95
3 d puzzel	https://nl.robotoys.eu/houten-3d-puzzel/architectuur/houten-3d-puzzel-sagrada-familia-little-story-e018-p133	0	74	0	3.64
3 d puzzels	https://nl.robotoys.eu/houten-3d-puzzel/architectuur/houten-3d-puzzel-sagrada-familia-little-story-e018-p133	0	20	0	4.55
3 d puzzle	https://cz.robotoys.eu/drevene-3d-puzzle	0	1	0	24
3 d puzzle	https://cz.robotoys.eu/drevene-3d-puzzle/architektura/drevene-3d-puzzle-sagrada-familia-little-story-e018-p133	0	1	0	7
3 d puzzle	https://cz.robotoys.eu/drevene-3d-puzzle/architektura/drevene-3d-puzzle-vitezny-oblouk-little-story-e011-p123	0	1	0	6
3 d puzzle	https://cz.robotoys.eu/drevene-3d-puzzle/stem-lab/drevene-mechanicke-3d-puzzle-klasicka-tiskarna-rokr-lk602-p90	0	1	0	1
3 d puzzle	https://de.robotoys.eu/3d-puzzle-aus-holz/die-architektur/3d-puzzle-aus-holz-sagrada-familia-little-story-e018-p133	0	858	0	4.17
3 dimensional puzzles	https://robotoys.eu/wooden-3d-puzzle/flowers/wooden-3d-puzzle-wooden-flower-basket-rowood-tw03h-p210	0	1	0	65
3 dpuzzle	https://de.robotoys.eu/3d-puzzle-aus-holz/die-architektur/3d-puzzle-aus-holz-sagrada-familia-little-story-e018-p133	0	5	0	4.2
3 dpuzzle	https://de.robotoys.eu/3d-puzzle-aus-holz/die-architektur/3d-puzzle-aus-holz-siegesbogen-little-story-e011-p123	0	5	0	3.6
30.000 ft	https://robotoys.eu/wooden-3d-puzzle/stem-lab/pinball-rokr-eg01-p43	0	1	0	6
3d	https://hu.robotoys.eu/fabol-keszult-3d-puzzle/jarmuvek/fa-3d-kirako-rendorauto-eco-wood-art-p214	0	1	0	7
3d ak 47	https://de.robotoys.eu/3d-puzzle-aus-holz/waffen/ak-47-gewehr-rokr-lq901-p67	0	1	0	3
3d animal puzzles for adults	https://robotoys.eu/wooden-3d-puzzle/the-animals	0	1	0	7
3d architecture puzzle	https://robotoys.eu/wooden-3d-puzzle/architecture	0	6	0	4.5
3d auta	https://cz.robotoys.eu/drevene-3d-puzzle/vozidla/drevene-mechanicke-3d-puzzle-cervene-zavodni-auto-eco-wood-art-p152	0	6	0	3.33
3d auta	https://cz.robotoys.eu/drevene-3d-puzzle/vozidla/model-auta-grand-prix-rokr-mc401-p16	0	11	0	9.55
3d auto	https://hu.robotoys.eu/fabol-keszult-3d-puzzle/jarmuvek/veteran-auto-rokr-mc801-p72	0	1	0	7
3d auto	https://lv.robotoys.eu/koka-3d-puzle/transportlidzekli/vintage-auto-rokr-mc801-p72	0	1	0	7
3d autobus	https://cz.robotoys.eu/drevene-3d-puzzle/vozidla/drevene-3d-puzzle-londynsky-turisticky-autobus-rolife-tgm02-p106	0	12	0	4.92
3d biene	https://de.robotoys.eu/3d-puzzle-aus-holz/die-tiere/3d-puzzle-aus-holz-biene-little-story-d001-p128	0	3	0	3.33
3d bloemboeketten	https://nl.robotoys.eu/blog/een-houten-boeket-dat-nooit-verwelkt-ontdek-de-magie-van-3d-bloemenpuzzels	0	1	0	9
3d bo	https://robotoys.eu/	0	1	0	11
3d bouwpakket hout	https://nl.robotoys.eu/houten-3d-puzzel/architectuur/houten-3d-puzzel-sagrada-familia-little-story-e018-p133	0	1	0	3
3d building puzzle	https://robotoys.eu/blog/wooden-3d-puzzles-how-to-choose-your-first-building-kit-and-what-to-prepare-for	0	1	0	12
3d building puzzle	https://robotoys.eu/wooden-3d-puzzle/architecture	0	1	0	38
3d building puzzles	https://robotoys.eu/wooden-3d-puzzle/architecture	0	3	0	5
3d buzzle	https://de.robotoys.eu/3d-puzzle-aus-holz/die-architektur/3d-puzzle-aus-holz-sagrada-familia-little-story-e018-p133	0	2	0	3
3d buzzle	https://de.robotoys.eu/3d-puzzle-aus-holz/die-architektur/3d-puzzle-aus-holz-siegesbogen-little-story-e011-p123	0	2	0	5
3d car puzzle	https://robotoys.eu/wooden-3d-puzzle/vehicles/wooden-mechanical-3d-puzzle-red-racing-car-eco-wood-art-p152	0	8	0	12.62
3d cardboard puzzle	https://it.robotoys.eu/blog/storia-dei-puzzle-in-legno-3d-dalle-origini-al-presente	0	1	0	11
3d christmas tree puzzle	https://it.robotoys.eu/puzzle-3d-in-legno/carillon/puzzle-3d-meccanico-in-legno-albero-di-natale-melodico-rolife-ams01-p138	0	2	0	67
3d colosseum	https://hu.robotoys.eu/fabol-keszult-3d-puzzle/epiteszet/fa-3d-puzzle-colosseum-little-story-e016-p126	0	1	0	11
3d colosseum puzzle	https://de.robotoys.eu/3d-puzzle-aus-holz/die-architektur/3d-puzzle-aus-holz-colosseum-little-story-e016-p126	0	1	0	11
3d delione	https://lt.robotoys.eu/medine-3d-delione	0	2	0	9.5
3d delione	https://lt.robotoys.eu/medine-3d-delione-daugiau-nei-300-vnt	0	1	0	8
3d deliones	https://lt.robotoys.eu/medine-3d-delione	0	4	0	12.25
3d drevene mechanicke puzzle	https://cz.robotoys.eu/drevene-3d-puzzle/vozidla/drevene-mechanicke-3d-puzzle-cervene-zavodni-auto-eco-wood-art-p152	0	1	0	27
3d drevene puzzle	https://cz.robotoys.eu/drevene-3d-puzzle	0	13	0	4.23
3d drevene puzzle	https://cz.robotoys.eu/drevene-3d-puzzle/architektura/drevene-3d-puzzle-sagrada-familia-little-story-e018-p133	0	13	0	6.31
3d drevene stavebnice	https://cz.robotoys.eu/drevene-3d-puzzle	0	1	0	2
3d drvene puzzle	https://hr.robotoys.eu/drvena-3d-slagalica-vise-od-300-kom	0	1	0	5
3d drvene puzzle	https://hr.robotoys.eu/drvena-3d-slagalica/arhitektura/drvena-3d-puzzle-sagrada-familia-little-story-e018-p133	0	1	0	3
3d drvene slagalice	https://hr.robotoys.eu/drvena-3d-slagalica	0	4	0	3.25
3d drvene slagalice	https://hr.robotoys.eu/drvena-3d-slagalica-manje-od-100-kom	0	1	0	37
3d dřevěné puzzle	https://cz.robotoys.eu/blog/drevene-3d-puzzle-jak-vybrat-svoji-prvni-stavebnice-a-na-co-se-pripravit	0	4	0	32
3d dřevěné puzzle	https://cz.robotoys.eu/drevene-3d-puzzle/architektura/drevene-3d-puzzle-koloseum-little-story-e016-p126	0	8	0	11.5
3d dřevěné puzzle	https://cz.robotoys.eu/drevene-3d-puzzle/architektura/drevene-3d-puzzle-sagrada-familia-little-story-e018-p133	0	59	0	5.03
3d dřevěné skládačky	https://cz.robotoys.eu/drevene-3d-puzzle	0	6	0	7.5
3d dřevěné stavebnice	https://cz.robotoys.eu/drevene-3d-puzzle	0	21	0	4.57
3d dřevěné stavebnice	https://cz.robotoys.eu/drevene-3d-puzzle/architektura/drevene-3d-puzzle-sagrada-familia-little-story-e018-p133	0	22	0	2.73
3d eiffel tower model	https://robotoys.eu/wooden-3d-puzzle/architecture/model-of-the-eiffel-tower-rolife-tg501-p17	0	2	0	11
3d eiffel tower puzzle	https://hu.robotoys.eu/fabol-keszult-3d-puzzle/epiteszet/az-eiffel-torony-modellje-rolife-tg501-p17	0	1	0	6
3d elephant puzzle	https://robotoys.eu/wooden-3d-puzzle/the-animals/wooden-3d-puzzle-elephant-little-story-d012-p120	0	3	0	2.67
3d fa	https://hu.robotoys.eu/fabol-keszult-3d-puzzle	0	8	0	3.12
3d fa kirakó	https://hu.robotoys.eu/a-legjobb-ertekelesu-fabol-keszult-3d-puzzle	0	1	0	43
3d fa kirakó	https://hu.robotoys.eu/fabol-keszult-3d-puzzle	0	18	0	2.44
3d fa kirakó	https://hu.robotoys.eu/fabol-keszult-3d-puzzle/stem-lab/fa-3d-kirako-retro-telefon-eco-wood-art-p156	0	17	0	4.18
3d fa kirakó	https://hu.robotoys.eu/fabol-keszult-3d-puzzle/viragok	0	1	0	43
3d fa kirakó	https://hu.robotoys.eu/fabol-keszult-3d-puzzle/viragok/fa-3d-kirako-fa-viraglada-rowood-tw02h-p162	0	11	0	2.91
3d fa makett	https://hu.robotoys.eu/a-legjobb-ertekelesu-fabol-keszult-3d-puzzle	0	1	0	41
3d fa makett	https://hu.robotoys.eu/fabol-keszult-3d-puzzle	0	10	0	6
3d fa makett	https://hu.robotoys.eu/fabol-keszult-3d-puzzle/epiteszet/fa-3d-puzzle-sagrada-familia-little-story-e018-p133	0	3	0	2
3d fa puzzle	https://hu.robotoys.eu/a-legjobb-ertekelesu-fabol-keszult-3d-puzzle	0	7	0	53.43
3d fa puzzle	https://hu.robotoys.eu/fa-3d-puzzle-kevesebb-mint-100-db	0	2	0	27
3d fa puzzle	https://hu.robotoys.eu/fa-3d-puzzle-tobb-mint-300-db	0	4	0	50.75
3d fa puzzle	https://hu.robotoys.eu/fabol-keszult-3d-puzzle/az-allatok	0	3	0	53.67
3d fa puzzle	https://hu.robotoys.eu/fabol-keszult-3d-puzzle/epiteszet/fa-3d-puzzle-gyozelmi-iv-little-story-e011-p123	0	9	0	5.44
3d fa puzzle	https://hu.robotoys.eu/fabol-keszult-3d-puzzle/epiteszet/fa-3d-puzzle-sagrada-familia-little-story-e018-p133	0	70	0	2.87
3d fa puzzle	https://hu.robotoys.eu/fabol-keszult-3d-puzzle/orak-naptarak/orabagoly-rokr-lk503-p6	0	1	0	1
3d fa puzzle	https://hu.robotoys.eu/fabol-keszult-3d-puzzle/viragok	0	11	0	42.55
3d fa puzzle gyerekeknek	https://hu.robotoys.eu/fabol-keszult-3d-puzzle	0	19	0	2.95
3d flipper	https://de.robotoys.eu/3d-puzzle-aus-holz/stem-lab/flipper-rokr-eg01-p43	0	1	0	23
3d flipper	https://nl.robotoys.eu/houten-3d-puzzel/stem-lab/flipperkast-rokr-eg01-p43	0	1	0	33
3d flower puzzle	https://robotoys.eu/wooden-3d-puzzle/flowers	0	38	0	8.63
3d flower puzzles	https://robotoys.eu/blog/a-wooden-bouquet-that-never-withers-discover-the-magic-of-3d-flower-puzzles	0	5	0	2
3d globus	https://cz.robotoys.eu/drevene-3d-puzzle/vesmir/svitici-globus-rokr-st003-p3	0	53	0	6.25
3d globus	https://si.robotoys.eu/lesena-3d-sestavljanka/vesolje/svetleci-globus-rokr-st003-p3	0	2	0	9
3d gun	https://dk.robotoys.eu/trae-3d-puslespil/vaben/thompson-rokr-lqb01-p74	0	1	0	1
3d hodiny	https://cz.robotoys.eu/drevene-3d-puzzle/hodiny-kalendare/romanticke-nastenne-hodiny-rokr-lc701-p56	0	13	0	3.31
3d holz	https://de.robotoys.eu/3d-puzzle-aus-holz-200-bis-299-teile	0	3	0	41.67
3d holz model	https://de.robotoys.eu/3d-puzzle-aus-holz/die-architektur/3d-puzzle-aus-holz-colosseum-little-story-e016-p126	0	35	0	2.71
3d holzpuzzle	https://de.robotoys.eu/3d-puzzle-aus-holz	0	5	0	33.6
3d holzpuzzle	https://de.robotoys.eu/3d-puzzle-aus-holz-200-bis-299-teile	0	1	0	45
3d holzpuzzle erwachsene schwer	https://de.robotoys.eu/3d-puzzle-aus-holz-hoher-schwierigkeitsgrad	0	1	0	37
3d holzpuzzle schiff	https://de.robotoys.eu/3d-puzzle-aus-holz/fahrzeuge/3d-puzzle-aus-holz-segelschiff-lord-of-the-seas-eco-wood-art-p216	0	3	0	3.33
3d holzpuzzle tiere	https://de.robotoys.eu/3d-puzzle-aus-holz/die-tiere	0	6	0	11.33
3d holzpuzzle uhr	https://de.robotoys.eu/3d-puzzle-aus-holz/uhren-kalender	0	1	0	28
3d holzpuzzle weihnachten	https://de.robotoys.eu/3d-puzzle-aus-holz/spieluhren/mechanisches-3d-puzzle-aus-holz-melodischer-weihnachtsbaum-rolife-ams01-p138	0	1	0	1
3d holzpuzzles	https://de.robotoys.eu/3d-puzzle-aus-holz	0	23	0	26.22
3d hout puzzel	https://nl.robotoys.eu/houten-3d-puzzel/architectuur/houten-3d-puzzel-sagrada-familia-little-story-e018-p133	0	5	0	4.2
3d houten puzzel	https://nl.robotoys.eu/houten-3d-puzzel/architectuur	0	1	0	10
3d houten puzzel volwassenen	https://nl.robotoys.eu/houten-3d-puzzel/architectuur/houten-3d-puzzel-sagrada-familia-little-story-e018-p133	0	143	0	3.23
3d houten puzzels	https://nl.robotoys.eu/houten-3d-puzzel/architectuur/houten-3d-puzzel-sagrada-familia-little-story-e018-p133	0	19	0	4
3d houten puzzels	https://nl.robotoys.eu/houten-3d-puzzel/voertuigen/houten-3d-puzzel-locomotief-little-story-e012-p124	0	1	0	4
3d houten puzzels voor volwassenen	https://nl.robotoys.eu/houten-3d-puzzel/architectuur/houten-3d-puzzel-sagrada-familia-little-story-e018-p133	0	39	0	3.72
3d hračky	https://cz.robotoys.eu/	0	1	0	7
3d hračky	https://cz.robotoys.eu/drevene-3d-puzzle/stem-lab/drevene-mechanicke-3d-puzzle-klasicka-tiskarna-rokr-lk602-p90	0	1	0	5
3d jigsaw puzzle	https://robotoys.eu/wooden-3d-puzzle/flowers/wooden-3d-puzzle-glittering-water-lily-rowood-th001-p192	0	1	0	21
3d kirako	https://hu.robotoys.eu/fabol-keszult-3d-puzzle	0	8	0	9.75
3d kirako	https://hu.robotoys.eu/fabol-keszult-3d-puzzle/epiteszet/fa-3d-kirako-sakura-treehouse-rolife-tgs04-p201	0	8	0	4.75
3d kirako	https://hu.robotoys.eu/fabol-keszult-3d-puzzle/jarmuvek/fa-3d-kirako-tank-tortoise-little-story-wot08-p180	0	4	0	3.5
3d kirakó	https://hu.robotoys.eu/fabol-keszult-3d-puzzle	0	29	0	11.45
3d kirakó	https://hu.robotoys.eu/fabol-keszult-3d-puzzle/epiteszet/fa-3d-kirako-sakura-treehouse-rolife-tgs04-p201	0	3	0	14.33
3d kirakó	https://hu.robotoys.eu/fabol-keszult-3d-puzzle/stem-lab/fa-3d-kirako-retro-telefon-eco-wood-art-p156	0	105	0	3.33
3d kirakó felnőtteknek	https://hu.robotoys.eu/fabol-keszult-3d-puzzle	0	29	0	6.9
3d kirakó felnőtteknek	https://hu.robotoys.eu/fabol-keszult-3d-puzzle/epiteszet/fa-3d-puzzle-sagrada-familia-little-story-e018-p133	0	18	0	2.06
3d kirakó gyerekeknek	https://hu.robotoys.eu/fabol-keszult-3d-puzzle	0	8	0	9.12
3d kit	https://robotoys.eu/wooden-3d-puzzle/flowers/wooden-3d-puzzle-glittering-water-lily-rowood-th001-p192	0	1	0	3
3d koka puzles	https://lv.robotoys.eu/	0	1	0	9
3d konstruktoriai	https://lt.robotoys.eu/	0	4	0	70.5
3d legno	https://it.robotoys.eu/puzzle-3d-in-legno/architettura/puzzle-3d-in-legno-sagrada-familia-little-story-e018-p133	0	1	0	2
3d library puzzle	https://robotoys.eu/wooden-3d-puzzle/architecture/wooden-3d-puzzle-library-by-the-seashore-p261	0	1	0	9
3d lion puzzle	https://robotoys.eu/wooden-3d-puzzle/the-animals/wooden-3d-puzzle-lion-little-story-d011-p119	0	1	0	20
3d luzzle	https://de.robotoys.eu/3d-puzzle-aus-holz/die-architektur/3d-puzzle-aus-holz-sagrada-familia-little-story-e018-p133	0	1	0	3
3d makett	https://hu.robotoys.eu/fabol-keszult-3d-puzzle	0	8	0	12.12
3d makett	https://hu.robotoys.eu/fabol-keszult-3d-puzzle/epiteszet/fa-3d-puzzle-colosseum-little-story-e016-p126	0	2	0	13
3d makett	https://hu.robotoys.eu/fabol-keszult-3d-puzzle/epiteszet/fa-3d-puzzle-gyozelmi-iv-little-story-e011-p123	0	1	0	13
3d makett	https://hu.robotoys.eu/fabol-keszult-3d-puzzle/epiteszet/fa-3d-puzzle-sagrada-familia-little-story-e018-p133	0	2	0	7
3d mechanické puzzle	https://cz.robotoys.eu/drevene-3d-puzzle	0	5	0	6.4
3d mechanické puzzle	https://cz.robotoys.eu/drevene-3d-puzzle/stem-lab/drevene-mechanicke-3d-puzzle-klasicka-tiskarna-rokr-lk602-p90	0	4	0	4
3d medines deliones	https://lt.robotoys.eu/medine-3d-delione	0	24	0	8.42
3d metal puzzle ak47	https://robotoys.eu/wooden-3d-puzzle/weapons/ak-47-rifle-rokr-lq901-p67	0	1	0	25
3d miniatur	https://hu.robotoys.eu/miniatur-hazak	0	1	0	5
3d model puzzle	https://robotoys.eu/wooden-3d-puzzle/flowers/wooden-3d-puzzle-pink-dahlia-rowood-tw131-p252	0	1	0	22
3d model puzzle	https://robotoys.eu/wooden-3d-puzzle/flowers/wooden-3d-puzzle-purple-iris-rowood-tw121-p251	0	1	0	25
3d model puzzle	https://robotoys.eu/wooden-3d-puzzle/vehicles/wooden-3d-puzzle-eternal-atlantic-voyager-1912-rolife-tgl02-p223	0	1	0	12
3d moto	https://es.robotoys.eu/rompecabezas-3d-de-madera/vehiculos/puzzle-de-madera-3d-moto-de-carreras-little-story-e019-p171	0	2	0	7
3d mudelid	https://ee.robotoys.eu/blogi/miks-on-3d-puidust-mudelid-ideaalne-kingitus-igas-vanuses	0	2	0	1
3d music box	https://robotoys.eu/wooden-3d-puzzle/music-boxes	0	2	0	27.5
3d notre dame	https://cz.robotoys.eu/drevene-3d-puzzle/architektura/drevene-3d-puzzle-katedrala-notre-dame-little-story-e017-p127	0	2	0	3.5
3d notre dame	https://de.robotoys.eu/3d-puzzle-aus-holz/die-architektur/3d-puzzle-aus-holz-kathedrale-notre-dame-little-story-e017-p127	0	1	0	5
3d notre dame puzzle	https://robotoys.eu/wooden-3d-puzzle/architecture/wooden-3d-puzzle-notre-dame-cathedral-little-story-e017-p127	0	4	0	3.5
3d ouzzle	https://de.robotoys.eu/3d-puzzle-aus-holz/die-architektur/3d-puzzle-aus-holz-sagrada-familia-little-story-e018-p133	0	3	0	6
3d ouzzle	https://de.robotoys.eu/3d-puzzle-aus-holz/die-architektur/3d-puzzle-aus-holz-siegesbogen-little-story-e011-p123	0	6	0	5.17
3d ouzzles	https://de.robotoys.eu/3d-puzzle-aus-holz/die-architektur/3d-puzzle-aus-holz-siegesbogen-little-story-e011-p123	0	1	0	3
3d owl puzzle	https://robotoys.eu/wooden-3d-puzzle/the-animals/wooden-3d-puzzle-owl-little-story-d009-p132	0	1	0	7
3d palapeli	https://robotoys.eu/wooden-3d-puzzle/architecture	0	1	0	1
3d pazle	https://de.robotoys.eu/3d-puzzle-aus-holz/die-architektur/3d-puzzle-aus-holz-sagrada-familia-little-story-e018-p133	0	1	0	6
3d pazle	https://de.robotoys.eu/3d-puzzle-aus-holz/die-architektur/3d-puzzle-aus-holz-siegesbogen-little-story-e011-p123	0	4	0	12.25
3d pazzle	https://cz.robotoys.eu/drevene-3d-puzzle	0	1	0	13
3d pazzle	https://de.robotoys.eu/3d-puzzle-aus-holz/die-architektur/3d-puzzle-aus-holz-sagrada-familia-little-story-e018-p133	0	6	0	10.33
3d pazzle	https://de.robotoys.eu/3d-puzzle-aus-holz/die-architektur/3d-puzzle-aus-holz-siegesbogen-little-story-e011-p123	0	9	0	9.78
3d pieces	https://robotoys.eu/	0	1	0	1
3d pinball machine	https://de.robotoys.eu/3d-puzzle-aus-holz/stem-lab/flipper-rokr-eg01-p43	0	1	0	12
3d pinball machine	https://pl.robotoys.eu/drewniane-puzzle-3d/stem-lab/pinball-rokr-eg01-p43	0	2	0	4
3d pinball rokr	https://de.robotoys.eu/3d-puzzle-aus-holz/stem-lab/flipper-rokr-eg01-p43	0	3	0	6
3d pinball rokr	https://fr.robotoys.eu/casse-tete-3d-en-bois/stem-lab/pinball-rokr-eg01-p43	0	1	0	8
3d pinball rokr	https://pl.robotoys.eu/drewniane-puzzle-3d/stem-lab/pinball-rokr-eg01-p43	0	1	0	2
3d pizzle	https://de.robotoys.eu/3d-puzzle-aus-holz/die-architektur/3d-puzzle-aus-holz-sagrada-familia-little-story-e018-p133	0	8	0	4.25
3d pizzle	https://de.robotoys.eu/3d-puzzle-aus-holz/die-architektur/3d-puzzle-aus-holz-siegesbogen-little-story-e011-p123	0	14	0	3.93
3d printing puzzles	https://robotoys.eu/wooden-3d-puzzle/flowers/wooden-3d-puzzle-glittering-water-lily-rowood-th001-p192	0	1	0	61
3d pusle	https://ee.robotoys.eu/3d-puidust-puslede-muuk	0	1	0	37
3d pusle	https://ee.robotoys.eu/puidust-3d-pusle-korge-raskusastmega	0	2	0	18.5
3d pusle	https://ee.robotoys.eu/puidust-3d-pusle/arhitektuur/puidust-3d-pusle-colosseumi-little-story-e016-p126	0	41	0	47.85
3d pusle	https://ee.robotoys.eu/puidust-3d-pusle/arhitektuur/puidust-3d-pusle-sagrada-familia-little-story-e018-p133	0	55	0	34.22
3d pusled	https://ee.robotoys.eu/3d-puidust-puslede-muuk	0	3	0	46
3d pusled	https://ee.robotoys.eu/puidust-3d-pusle/arhitektuur/puidust-3d-pusle-sagrada-familia-little-story-e018-p133	0	38	0	68.05
3d puslespil	https://dk.robotoys.eu/trae-3d-puslespil/arkitektur/trae-3d-puslespil-notre-dame-cathedral-little-story-e017-p127	0	48	0	16.12
3d puslespil	https://dk.robotoys.eu/trae-3d-puslespil/arkitektur/trae-3d-puslespil-sagrada-familia-little-story-e018-p133	0	434	0	3.94
3d puslespil	https://dk.robotoys.eu/trae-3d-puslespil/arkitektur/trae-3d-puslespil-victory-arch-little-story-e011-p123	0	80	0	10.74
3d puslespil træ	https://dk.robotoys.eu/blog/3d-puslespil-i-trae-sadan-vaelger-du-dit-forste-byggesaet-og-hvad-du-skal-forberede-dig-pa	0	19	0	11.84
3d puslespil træ	https://dk.robotoys.eu/trae-3d-puslespil/arkitektur/trae-3d-puslespil-notre-dame-cathedral-little-story-e017-p127	0	5	0	1.8
3d puslespil træ	https://dk.robotoys.eu/trae-3d-puslespil/arkitektur/trae-3d-puslespil-sagrada-familia-little-story-e018-p133	0	33	0	3.91
3d puslespil træ	https://dk.robotoys.eu/trae-3d-puslespil/arkitektur/trae-3d-puslespil-victory-arch-little-story-e011-p123	0	18	0	3.78
3d puslespil voksne	https://dk.robotoys.eu/trae-3d-puslespil/arkitektur/trae-3d-puslespil-notre-dame-cathedral-little-story-e017-p127	0	2	0	4
3d puslespil voksne	https://dk.robotoys.eu/trae-3d-puslespil/arkitektur/trae-3d-puslespil-sagrada-familia-little-story-e018-p133	0	49	0	3.65
3d puslespil voksne	https://dk.robotoys.eu/trae-3d-puslespil/arkitektur/trae-3d-puslespil-victory-arch-little-story-e011-p123	0	1	0	17
3d pussel	https://se.robotoys.eu/3d-pussel-i-tra	0	1	0	30
3d pussel	https://se.robotoys.eu/3d-pussel-i-tra/arkitektur/tra-3d-pussel-victory-arch-little-story-e011-p123	0	67	0	18.21
3d pussel	https://se.robotoys.eu/blogg/10-verktyg-du-behover-nar-du-satter-ihop-ett-3d-pussel-i-tra	0	1	0	9
3d pussel	https://se.robotoys.eu/blogg/3d-pussel-i-tra-hur-du-valjer-ditt-forsta-byggset-och-vad-du-ska-forbereda-dig-for	0	1	0	11
3d pussel bil	https://se.robotoys.eu/3d-pussel-i-tra/fordon/mekaniskt-3d-pussel-i-tra-gul-racerbil-eco-wood-art-p151	0	8	0	12.88
3d pussel djur	https://se.robotoys.eu/3d-pussel-i-tra/djuren	0	3	0	21.33
3d pussel djur	https://se.robotoys.eu/3d-pussel-i-tra/djuren/tra-3d-pussel-lejon-little-story-d011-p119	0	12	0	2.67
3d pussel eiffeltornet	https://se.robotoys.eu/3d-pussel-i-tra/arkitektur/modell-av-eiffeltornet-rolife-tg501-p17	0	5	0	2.2
3d pussel i trä	https://se.robotoys.eu/3d-pussel-i-tra	0	3	0	4.33
3d pussel trä	https://se.robotoys.eu/3d-pussel-i-tra-200-till-299-st	0	2	0	49.5
3d pussel trä	https://se.robotoys.eu/3d-pussel-i-tra/arkitektur/3d-pussel-i-tra-sagrada-familia-little-story-e018-p133	0	34	0	13.41
3d pussel trä	https://se.robotoys.eu/3d-pussel-i-tra/arkitektur/tra-3d-pussel-notre-dame-cathedral-little-story-e017-p127	0	18	0	19.5
3d pussel trä	https://se.robotoys.eu/3d-pussel-i-tra/arkitektur/tra-3d-pussel-victory-arch-little-story-e011-p123	0	72	0	4.97
3d pussel trä	https://se.robotoys.eu/blogg/fa-din-hjarna-i-rorelse-med-mekaniska-3d-pussel-i-tra	0	25	0	22.2
3d pussel trä	https://se.robotoys.eu/tra-3d-pussel-latt-svarighetsgrad	0	2	0	3.5
3d pussel vuxen	https://se.robotoys.eu/3d-pussel-i-tra/arkitektur/3d-pussel-i-tra-sagrada-familia-little-story-e018-p133	0	22	0	4.55
3d pussel vuxna	https://se.robotoys.eu/3d-pussel-i-tra/arkitektur/tra-3d-pussel-colosseum-little-story-e016-p126	0	153	0	5.24
3d pussle	https://de.robotoys.eu/3d-puzzle-aus-holz/die-architektur/3d-puzzle-aus-holz-sagrada-familia-little-story-e018-p133	0	3	0	5.33
3d pussle	https://de.robotoys.eu/3d-puzzle-aus-holz/die-architektur/3d-puzzle-aus-holz-siegesbogen-little-story-e011-p123	0	4	0	5.25
3d putzle	https://cz.robotoys.eu/drevene-3d-puzzle	0	1	0	17
3d putzle	https://de.robotoys.eu/3d-puzzle-aus-holz/die-architektur/3d-puzzle-aus-holz-sagrada-familia-little-story-e018-p133	0	11	0	3.36
3d putzle	https://de.robotoys.eu/3d-puzzle-aus-holz/die-architektur/3d-puzzle-aus-holz-siegesbogen-little-story-e011-p123	0	12	0	3.58
3d puz	https://de.robotoys.eu/3d-puzzle-aus-holz/die-architektur/3d-puzzle-aus-holz-sagrada-familia-little-story-e018-p133	0	1	0	4
3d puze	https://de.robotoys.eu/3d-puzzle-aus-holz/die-architektur/3d-puzzle-aus-holz-sagrada-familia-little-story-e018-p133	0	3	0	4.33
3d puze	https://de.robotoys.eu/3d-puzzle-aus-holz/die-architektur/3d-puzzle-aus-holz-siegesbogen-little-story-e011-p123	0	3	0	4.33
3d puze	https://nl.robotoys.eu/houten-3d-puzzel/architectuur/houten-3d-puzzel-sagrada-familia-little-story-e018-p133	0	30	0	3.23
3d puzel	https://de.robotoys.eu/3d-puzzle-aus-holz/die-architektur/3d-puzzle-aus-holz-sagrada-familia-little-story-e018-p133	0	2	0	4.5
3d puzel	https://de.robotoys.eu/3d-puzzle-aus-holz/die-architektur/3d-puzzle-aus-holz-siegesbogen-little-story-e011-p123	0	3	0	5.33
3d puzel	https://nl.robotoys.eu/houten-3d-puzzel/architectuur/houten-3d-puzzel-sagrada-familia-little-story-e018-p133	0	6	0	5
3d puzle	https://de.robotoys.eu/3d-puzzle-aus-holz/die-architektur/3d-puzzle-aus-holz-sagrada-familia-little-story-e018-p133	0	45	0	5.02
3d puzle	https://de.robotoys.eu/3d-puzzle-aus-holz/die-architektur/3d-puzzle-aus-holz-siegesbogen-little-story-e011-p123	0	52	0	4.71
3d puzle	https://lv.robotoys.eu/koka-3d-puzle	0	1	0	12
3d puzles	https://lv.robotoys.eu/koka-3d-puzle	0	20	0	10.5
3d puzz	https://de.robotoys.eu/3d-puzzle-aus-holz/die-architektur/3d-puzzle-aus-holz-sagrada-familia-little-story-e018-p133	0	7	0	4.43
3d puzz	https://de.robotoys.eu/3d-puzzle-aus-holz/die-architektur/3d-puzzle-aus-holz-siegesbogen-little-story-e011-p123	0	10	0	4.4
3d puzz	https://nl.robotoys.eu/houten-3d-puzzel/architectuur/houten-3d-puzzel-sagrada-familia-little-story-e018-p133	0	4	0	2
3d puzze	https://de.robotoys.eu/3d-puzzle-aus-holz/die-architektur/3d-puzzle-aus-holz-sagrada-familia-little-story-e018-p133	0	7	0	4.14
3d puzze	https://de.robotoys.eu/3d-puzzle-aus-holz/die-architektur/3d-puzzle-aus-holz-siegesbogen-little-story-e011-p123	0	8	0	3.75
3d puzze	https://nl.robotoys.eu/houten-3d-puzzel/architectuur/houten-3d-puzzel-sagrada-familia-little-story-e018-p133	0	2	0	3.5
3d puzzel	https://de.robotoys.eu/3d-puzzle-aus-holz/die-architektur/3d-puzzle-aus-holz-sagrada-familia-little-story-e018-p133	0	267	0	4.23
3d puzzel	https://de.robotoys.eu/3d-puzzle-aus-holz/die-architektur/3d-puzzle-aus-holz-siegesbogen-little-story-e011-p123	0	254	0	4.08
3d puzzel auto	https://nl.robotoys.eu/houten-3d-puzzel/voertuigen	0	4	0	7.75
3d puzzel colosseum	https://nl.robotoys.eu/houten-3d-puzzel/architectuur/houten-3d-puzzel-colosseum-little-story-e016-p126	0	7	0	8.29
3d puzzel dieren	https://nl.robotoys.eu/houten-3d-puzzel/de-dieren	0	3	0	12.67
3d puzzel gebouwen	https://nl.robotoys.eu/houten-3d-puzzel/architectuur	0	1	0	8
3d puzzel gebouwen	https://nl.robotoys.eu/houten-3d-puzzel/architectuur/houten-3d-puzzel-sagrada-familia-little-story-e018-p133	0	68	0	5.53
3d puzzel hout	https://nl.robotoys.eu/houten-3d-puzzel/architectuur/houten-3d-puzzel-notre-dame-kathedraal-little-story-e017-p127	0	32	0	5.81
3d puzzel intertoys	https://nl.robotoys.eu/houten-3d-puzzel-minder-dan-100-stuks	0	1	0	35
3d puzzel kopen	https://nl.robotoys.eu/houten-3d-puzzel/architectuur/houten-3d-puzzel-sagrada-familia-little-story-e018-p133	0	30	0	15.57
3d puzzel notre dame	https://nl.robotoys.eu/houten-3d-puzzel/architectuur/houten-3d-puzzel-notre-dame-kathedraal-little-story-e017-p127	0	2	0	11
3d puzzel toren van pisa	https://nl.robotoys.eu/houten-3d-puzzel/architectuur/houten-3d-puzzel-scheve-toren-van-pisa-little-story-e009-p114	0	1	0	1
3d puzzel tower bridge	https://de.robotoys.eu/3d-puzzle-aus-holz/die-architektur/tower-bridge-modell-mit-led-beleuchtung-rolife-tg412-p19	0	1	0	1
3d puzzel vliegtuig	https://nl.robotoys.eu/houten-3d-puzzel/voertuigen/houten-3d-puzzel-vliegtuig-little-story-d016-p130	0	7	0	4
3d puzzels	https://de.robotoys.eu/3d-puzzle-aus-holz/die-architektur/3d-puzzle-aus-holz-sagrada-familia-little-story-e018-p133	0	8	0	5.5
3d puzzels	https://de.robotoys.eu/3d-puzzle-aus-holz/die-architektur/3d-puzzle-aus-holz-siegesbogen-little-story-e011-p123	0	6	0	5.33
3d puzzels	https://nl.robotoys.eu/houten-3d-puzzel/architectuur/houten-3d-puzzel-sagrada-familia-little-story-e018-p133	0	614	0	5.9
3d puzzels hout	https://nl.robotoys.eu/houten-3d-puzzel/architectuur/houten-3d-puzzel-sagrada-familia-little-story-e018-p133	0	21	0	3.33
3d puzzels volwassenen	https://nl.robotoys.eu/houten-3d-puzzel/architectuur/houten-3d-puzzel-sagrada-familia-little-story-e018-p133	0	37	0	4.59
3d puzzels voor volwassenen	https://nl.robotoys.eu/houten-3d-puzzel/architectuur/houten-3d-puzzel-sagrada-familia-little-story-e018-p133	0	89	0	6.72
3d puzzke	https://de.robotoys.eu/3d-puzzle-aus-holz/die-architektur/3d-puzzle-aus-holz-sagrada-familia-little-story-e018-p133	0	4	0	4.75
3d puzzke	https://de.robotoys.eu/3d-puzzle-aus-holz/die-architektur/3d-puzzle-aus-holz-siegesbogen-little-story-e011-p123	0	4	0	5.75
3d puzzl	https://de.robotoys.eu/3d-puzzle-aus-holz/die-architektur/3d-puzzle-aus-holz-sagrada-familia-little-story-e018-p133	0	10	0	5.7
3d puzzl	https://de.robotoys.eu/3d-puzzle-aus-holz/die-architektur/3d-puzzle-aus-holz-siegesbogen-little-story-e011-p123	0	10	0	5.4
3d puzzle	https://cz.robotoys.eu/drevene-3d-puzzle	0	128	0	14.8
3d puzzle	https://cz.robotoys.eu/drevene-3d-puzzle/architektura/drevene-3d-puzzle-sagrada-familia-little-story-e018-p133	0	6	0	2
3d puzzle	https://cz.robotoys.eu/drevene-3d-puzzle/architektura/drevene-3d-puzzle-vitezny-oblouk-little-story-e011-p123	0	3	0	2.67
3d puzzle	https://cz.robotoys.eu/drevene-3d-puzzle/stem-lab/drevene-mechanicke-3d-puzzle-klasicka-tiskarna-rokr-lk602-p90	0	2	0	1.5
3d puzzle	https://fr.robotoys.eu/casse-tete-3d-en-bois/architecture/puzzle-3d-en-bois-arc-de-la-victoire-little-story-e011-p123	0	1	0	1
3d puzzle	https://hr.robotoys.eu/drvena-3d-slagalica/zivotinje/drvena-3d-puzzle-pcela-little-story-d001-p128	0	1	0	21
3d puzzle	https://hu.robotoys.eu/fabol-keszult-3d-puzzle	0	3	0	14.33
3d puzzle	https://hu.robotoys.eu/fabol-keszult-3d-puzzle/epiteszet/fa-3d-puzzle-gyozelmi-iv-little-story-e011-p123	0	1	0	1
3d puzzle	https://hu.robotoys.eu/fabol-keszult-3d-puzzle/epiteszet/fa-3d-puzzle-sagrada-familia-little-story-e018-p133	0	2	0	2
3d puzzle	https://hu.robotoys.eu/fabol-keszult-3d-puzzle/stem-lab/fabol-keszult-mechanikus-3d-puzzle-klasszikus-nyomtato-rokr-lk602-p90	0	1	0	6
3d puzzle	https://it.robotoys.eu/blog/storia-dei-puzzle-in-legno-3d-dalle-origini-al-presente	0	4	0	9.25
3d puzzle	https://nl.robotoys.eu/houten-3d-puzzel/architectuur/houten-3d-puzzel-sagrada-familia-little-story-e018-p133	0	1	0	2
3d puzzle	https://robotoys.eu/blog/history-of-3d-wooden-puzzles-from-beginnings-to-the-present	0	1	0	27
3d puzzle	https://robotoys.eu/useful-links/about-company/about-us	0	1	0	2
3d puzzle	https://robotoys.eu/wooden-3d-puzzle/architecture	0	6	0	1.5
3d puzzle	https://robotoys.eu/wooden-3d-puzzle/architecture/wooden-3d-puzzle-victory-arch-little-story-e011-p123	0	2	0	1
3d puzzle	https://robotoys.eu/wooden-3d-puzzle/flowers/wooden-3d-puzzle-glittering-water-lily-rowood-th001-p192	0	1	0	3
3d puzzle	https://robotoys.eu/wooden-3d-puzzle/flowers/wooden-3d-puzzle-pink-dahlia-rowood-tw131-p252	0	1	0	26
3d puzzle 3d	https://de.robotoys.eu/3d-puzzle-aus-holz/die-architektur/3d-puzzle-aus-holz-sagrada-familia-little-story-e018-p133	0	68	0	6.4
3d puzzle 3d puzzle	https://de.robotoys.eu/3d-puzzle-aus-holz/die-architektur/3d-puzzle-aus-holz-siegesbogen-little-story-e011-p123	0	1	0	5
3d puzzle action	https://fr.robotoys.eu/puzzle-3d-en-bois-en-action	0	9	0	9.44
3d puzzle action	https://robotoys.eu/wooden-3d-puzzle-in-action	0	8	0	8.5
3d puzzle airplane	https://robotoys.eu/wooden-3d-puzzle/vehicles/wooden-3d-puzzle-airplane-little-story-d016-p130	0	2	0	1
3d puzzle animal	https://robotoys.eu/wooden-3d-puzzle/the-animals	0	1	0	8
3d puzzle animals	https://robotoys.eu/wooden-3d-puzzle/the-animals	0	2	0	13
3d puzzle arc de triomphe	https://robotoys.eu/wooden-3d-puzzle/architecture/wooden-3d-puzzle-victory-arch-little-story-e011-p123	0	1	0	1
3d puzzle assembly	https://robotoys.eu/wooden-3d-puzzle-assembly-time-more-than-5-hours	0	1	0	9
3d puzzle aus holz	https://de.robotoys.eu/3d-puzzle-aus-holz/die-architektur/3d-puzzle-aus-holz-colosseum-little-story-e016-p126	0	1	0	3
3d puzzle aus holz	https://de.robotoys.eu/3d-puzzle-aus-holz/die-architektur/3d-puzzle-aus-holz-sagrada-familia-little-story-e018-p133	0	1	0	6
3d puzzle aus holz	https://de.robotoys.eu/3d-puzzle-aus-holz/fahrzeuge/motorrad-cruiser-rokr-lk504-p12	0	1	0	4
3d puzzle auta	https://cz.robotoys.eu/drevene-3d-puzzle/vozidla	0	5	0	11
3d puzzle auta	https://cz.robotoys.eu/drevene-3d-puzzle/vozidla/drevene-mechanicke-3d-puzzle-cervene-zavodni-auto-eco-wood-art-p152	0	3	0	1.33
3d puzzle auta	https://cz.robotoys.eu/drevene-3d-puzzle/vozidla/drevene-mechanicke-3d-puzzle-zlute-zavodni-auto-eco-wood-art-p151	0	1	0	2
3d puzzle auto	https://cz.robotoys.eu/drevene-3d-puzzle/vozidla/drevene-mechanicke-3d-puzzle-cervene-zavodni-auto-eco-wood-art-p152	0	32	0	5.44
3d puzzle auto	https://cz.robotoys.eu/drevene-3d-puzzle/vozidla/drevene-mechanicke-3d-puzzle-zlute-zavodni-auto-eco-wood-art-p151	0	1	0	2
3d puzzle auto	https://hu.robotoys.eu/fabol-keszult-3d-puzzle/jarmuvek/grand-prix-automodell-rokr-mc401-p16	0	1	0	2
3d puzzle auto	https://hu.robotoys.eu/fabol-keszult-3d-puzzle/jarmuvek/veteran-auto-rokr-mc801-p72	0	4	0	3.5
3d puzzle auto	https://it.robotoys.eu/puzzle-3d-in-legno/veicoli	0	12	0	4.67
3d puzzle auto	https://robotoys.eu/wooden-3d-puzzle/vehicles	0	6	0	11.33
3d puzzle autó	https://hu.robotoys.eu/fabol-keszult-3d-puzzle/jarmuvek	0	1	0	10
3d puzzle autó	https://hu.robotoys.eu/fabol-keszult-3d-puzzle/jarmuvek/veteran-auto-rokr-mc801-p72	0	5	0	2
3d puzzle bagoly	https://hu.robotoys.eu/fabol-keszult-3d-puzzle/az-allatok/fa-3d-puzzle-bagoly-little-story-d009-p132	0	8	0	8.38
3d puzzle bauwerke	https://de.robotoys.eu/3d-puzzle-aus-holz/die-architektur	0	1	0	21
3d puzzle big ben	https://hu.robotoys.eu/fabol-keszult-3d-puzzle/epiteszet/big-ben-modell-led-vilagitassal-rolife-tg507-p20	0	2	0	11
3d puzzle blumen	https://de.robotoys.eu/3d-puzzle-aus-holz/blumen	0	20	0	9.35
3d puzzle boat	https://robotoys.eu/wooden-3d-puzzle/vehicles/wooden-3d-puzzle-yacht-little-story-d015-p129	0	2	0	1.5
3d puzzle bois	https://fr.robotoys.eu/casse-tete-3d-en-bois/architecture/puzzle-3d-en-bois-colisee-little-story-e016-p126	0	5	0	14
3d puzzle bois	https://fr.robotoys.eu/casse-tete-3d-en-bois/architecture/puzzle-3d-en-bois-sagrada-familia-little-story-e018-p133	0	3	0	9.33
3d puzzle bois	https://fr.robotoys.eu/puzzle-3d-en-bois-en-action	0	2	0	14
3d puzzle bonsai	https://de.robotoys.eu/3d-puzzle-aus-holz/blumen/holz-3d-puzzle-immergruner-kiefernbonsai-rolife-tg510-p143	0	5	0	7
3d puzzle bonsai	https://de.robotoys.eu/3d-puzzle-aus-holz/blumen/holz-3d-puzzle-sakura-bonsai-rolife-tg415-p142	0	1	0	1
3d puzzle bonsai	https://es.robotoys.eu/rompecabezas-3d-de-madera/flores/rompecabezas-3d-de-madera-sakura-bonsai-rolife-tg415-p142	0	1	0	1
3d puzzle bonsai	https://it.robotoys.eu/puzzle-3d-in-legno/fiori/puzzle-3d-in-legno-sakura-bonsai-rolife-tg415-p142	0	2	0	1
3d puzzle bonsai	https://robotoys.eu/wooden-3d-puzzle/flowers/wooden-3d-puzzle-sakura-bonsai-rolife-tg415-p142	0	2	0	6
3d puzzle bota	https://cz.robotoys.eu/drevene-3d-puzzle	0	6	0	19.67
3d puzzle bota	https://cz.robotoys.eu/nejnovejsi-drevene-3d-puzzle	0	2	0	19
3d puzzle brandenburger tor	https://de.robotoys.eu/3d-puzzle-aus-holz/die-architektur/3d-puzzle-aus-holz-brandenburger-tor-little-story-e015-p125	0	26	0	8.15
3d puzzle brandenburger tor	https://nl.robotoys.eu/houten-3d-puzzel/architectuur/houten-3d-puzzel-brandenburger-tor-little-story-e015-p125	0	1	0	3
3d puzzle brandenburger tor	https://robotoys.eu/wooden-3d-puzzle/architecture/wooden-3d-puzzle-brandenburg-gate-little-story-e015-p125	0	1	0	7
3d puzzle brandenburger tor beleuchtet	https://de.robotoys.eu/3d-puzzle-aus-holz/die-architektur/3d-puzzle-aus-holz-brandenburger-tor-little-story-e015-p125	0	6	0	8.5
3d puzzle brandenburger tor ravensburger	https://nl.robotoys.eu/houten-3d-puzzel/architectuur/houten-3d-puzzel-brandenburger-tor-little-story-e015-p125	0	1	0	45
3d puzzle budovy	https://cz.robotoys.eu/drevene-3d-puzzle/architektura	0	1	0	36
3d puzzle buildings	https://robotoys.eu/wooden-3d-puzzle/architecture	0	7	0	20.14
3d puzzle buy	https://robotoys.eu/wooden-3d-puzzle/vehicles/wooden-3d-puzzle-royal-carriage-rolife-tg302-p62	0	1	0	44
3d puzzle car	https://robotoys.eu/wooden-3d-puzzle/vehicles	0	3	0	7
3d puzzle cars	https://es.robotoys.eu/rompecabezas-3d-de-madera/vehiculos	0	1	0	41
3d puzzle cars	https://robotoys.eu/wooden-3d-puzzle/vehicles	0	1	0	11
3d puzzle cathedral	https://robotoys.eu/wooden-3d-puzzle/architecture/wooden-3d-puzzle-notre-dame-cathedral-little-story-e017-p127	0	1	0	12
3d puzzle clock	https://robotoys.eu/wooden-3d-puzzle/clocks-calendars	0	6	0	5.33
3d puzzle colosseum	https://de.robotoys.eu/3d-puzzle-aus-holz/die-architektur/3d-puzzle-aus-holz-colosseum-little-story-e016-p126	0	12	0	10.08
3d puzzle colosseum	https://se.robotoys.eu/3d-pussel-i-tra/arkitektur/tra-3d-pussel-colosseum-little-story-e016-p126	0	2	0	1
3d puzzle creation set sakura bonsai	https://es.robotoys.eu/rompecabezas-3d-de-madera/flores/rompecabezas-3d-de-madera-sakura-bonsai-rolife-tg415-p142	0	1	0	8
3d puzzle creation set sakura bonsai	https://robotoys.eu/wooden-3d-puzzle/flowers/wooden-3d-puzzle-sakura-bonsai-rolife-tg415-p142	0	8	0	7.75
3d puzzle dinosaurier	https://de.robotoys.eu/3d-puzzle-aus-holz/die-tiere/3d-puzzle-aus-holz-t-rex-little-story-d006-p115	0	1	0	2
3d puzzle dinosaurus	https://cz.robotoys.eu/drevene-3d-puzzle/zvirata/drevene-3d-puzzle-t-rex-little-story-d006-p115	0	2	0	23.5
3d puzzle drevene	https://cz.robotoys.eu/drevene-3d-puzzle	0	7	0	2.43
3d puzzle dřevěné	https://cz.robotoys.eu/drevene-3d-puzzle/architektura/drevene-3d-puzzle-katedrala-notre-dame-little-story-e017-p127	0	9	0	1.11
3d puzzle dřevěné	https://cz.robotoys.eu/drevene-3d-puzzle/architektura/drevene-3d-puzzle-koloseum-little-story-e016-p126	0	16	0	1
3d puzzle dřevěné	https://cz.robotoys.eu/drevene-3d-puzzle/architektura/drevene-3d-puzzle-sagrada-familia-little-story-e018-p133	0	60	0	2.37
3d puzzle dřevěné	https://cz.robotoys.eu/drevene-3d-puzzle/stem-lab/drevene-3d-puzzle-retro-telefon-eco-wood-art-p156	0	5	0	3
3d puzzle dřevěné	https://cz.robotoys.eu/drevene-3d-puzzle/stem-lab/drevene-mechanicke-3d-puzzle-klasicka-tiskarna-rokr-lk602-p90	0	1	0	2
3d puzzle dřevěné	https://cz.robotoys.eu/nejnovejsi-drevene-3d-puzzle	0	1	0	9
3d puzzle eiffel torony	https://hu.robotoys.eu/fabol-keszult-3d-puzzle/epiteszet/az-eiffel-torony-modellje-rolife-tg501-p17	0	1	0	7
3d puzzle eiffel torony	https://hu.robotoys.eu/fabol-keszult-3d-puzzle/epiteszet/vilagito-eiffel-torony-rolife-tgl01-p73	0	1	0	11
3d puzzle eiffelova věž	https://cz.robotoys.eu/drevene-3d-puzzle/architektura/model-eiffelovy-veze-rolife-tg501-p17	0	1	0	58
3d puzzle eiffelova věž	https://cz.robotoys.eu/drevene-3d-puzzle/architektura/svitici-eiffelova-vez-rolife-tgl01-p73	0	9	0	12.78
3d puzzle fa	https://hu.robotoys.eu/a-legjobb-ertekelesu-fabol-keszult-3d-puzzle	0	1	0	57
3d puzzle fa	https://hu.robotoys.eu/fabol-keszult-3d-puzzle/epiteszet/fa-3d-puzzle-colosseum-little-story-e016-p126	0	2	0	19
3d puzzle fa	https://hu.robotoys.eu/fabol-keszult-3d-puzzle/epiteszet/fa-3d-puzzle-gyozelmi-iv-little-story-e011-p123	0	10	0	4.4
3d puzzle fa	https://hu.robotoys.eu/fabol-keszult-3d-puzzle/epiteszet/fa-3d-puzzle-sagrada-familia-little-story-e018-p133	0	10	0	4.4
3d puzzle fa	https://hu.robotoys.eu/fabol-keszult-3d-puzzle/viragok	0	2	0	44.5
3d puzzle felnőtteknek	https://hu.robotoys.eu/fabol-keszult-3d-puzzle	0	171	0	9.02
3d puzzle felnőtteknek	https://hu.robotoys.eu/fabol-keszult-3d-puzzle/epiteszet/fa-3d-puzzle-sagrada-familia-little-story-e018-p133	0	193	0	2.74
3d puzzle flower	https://robotoys.eu/blog/a-wooden-bouquet-that-never-withers-discover-the-magic-of-3d-flower-puzzles	0	2	0	8
3d puzzle flower	https://robotoys.eu/wooden-3d-puzzle/flowers	0	9	0	7
3d puzzle flower bouquet	https://robotoys.eu/blog/a-wooden-bouquet-that-never-withers-discover-the-magic-of-3d-flower-puzzles	0	1	0	11
3d puzzle flowers	https://robotoys.eu/blog/a-wooden-bouquet-that-never-withers-discover-the-magic-of-3d-flower-puzzles	0	4	0	1
3d puzzle flowers	https://robotoys.eu/wooden-3d-puzzle/flowers	0	9	0	7.67
3d puzzle flugzeug	https://de.robotoys.eu/3d-puzzle-aus-holz/fahrzeuge/3d-puzzle-aus-holz-flugzeug-little-story-d016-p130	0	21	0	6.86
3d puzzle földgömb	https://hu.robotoys.eu/fabol-keszult-3d-puzzle	0	2	0	16.5
3d puzzle földgömb	https://hu.robotoys.eu/fabol-keszult-3d-puzzle/az-univerzum/vilagito-foldgomb-rokr-st003-p3	0	1	0	1
3d puzzle garden	https://robotoys.eu/wooden-3d-puzzle/flowers	0	2	0	12
3d puzzle globus	https://cz.robotoys.eu/drevene-3d-puzzle/vesmir/svitici-globus-rokr-st003-p3	0	27	0	2.15
3d puzzle gyerekeknek	https://hu.robotoys.eu/fabol-keszult-3d-puzzle	0	2	0	11.5
3d puzzle helicopter	https://robotoys.eu/wooden-3d-puzzle/vehicles/wooden-3d-puzzle-helicopter-little-story-d017-p131	0	6	0	2.33
3d puzzle holz	https://de.robotoys.eu/3d-puzzle-aus-holz-200-bis-299-teile	0	1	0	24
3d puzzle holz	https://de.robotoys.eu/3d-puzzle-aus-holz/die-architektur/3d-puzzle-aus-holz-colosseum-little-story-e016-p126	0	18	0	13.44
3d puzzle holz	https://de.robotoys.eu/3d-puzzle-aus-holz/die-architektur/3d-puzzle-aus-holz-sagrada-familia-little-story-e018-p133	0	55	0	16.44
3d puzzle holz	https://de.robotoys.eu/3d-puzzle-aus-holz/fahrzeuge/3d-puzzle-aus-holz-grand-prix-motorrad-little-story-e021-p173	0	6	0	15.83
3d puzzle holz	https://de.robotoys.eu/3d-puzzle-aus-holz/fahrzeuge/3d-puzzle-aus-holz-sting-scooter-little-story-e022-p174	0	81	0	11.49
3d puzzle holz	https://de.robotoys.eu/3d-puzzle-aus-holz/fahrzeuge/3d-puzzle-aus-holz-tiger-i-little-story-wot03-p136	0	23	0	12.96
3d puzzle holz erwachsene	https://de.robotoys.eu/3d-puzzle-aus-holz/die-architektur/3d-puzzle-aus-holz-sagrada-familia-little-story-e018-p133	0	22	0	14.55
3d puzzle image	https://robotoys.eu/wooden-3d-puzzle/architecture/wooden-3d-puzzle-victory-arch-little-story-e011-p123	0	2	0	1
3d puzzle images	https://robotoys.eu/wooden-3d-puzzle/architecture/wooden-3d-puzzle-sagrada-familia-little-story-e018-p133	0	15	0	1
3d puzzle images	https://robotoys.eu/wooden-3d-puzzle/architecture/wooden-3d-puzzle-victory-arch-little-story-e011-p123	0	12	0	1.17
3d puzzle koloseum	https://cz.robotoys.eu/drevene-3d-puzzle/architektura/drevene-3d-puzzle-koloseum-little-story-e016-p126	0	10	0	3.4
3d puzzle koloseum	https://robotoys.eu/wooden-3d-puzzle/architecture/wooden-3d-puzzle-colosseum-little-story-e016-p126	0	2	0	9
3d puzzle kolosseum	https://de.robotoys.eu/3d-puzzle-aus-holz/die-architektur/3d-puzzle-aus-holz-colosseum-little-story-e016-p126	0	2	0	5.5
3d puzzle kolosseum	https://robotoys.eu/wooden-3d-puzzle/architecture/wooden-3d-puzzle-colosseum-little-story-e016-p126	0	1	0	10
3d puzzle készítése	https://hu.robotoys.eu/blog/10-eszkoz-amire-szukseged-lesz-egy-fabol-keszult-3d-puzzle-osszeallitasahoz	0	1	0	3
3d puzzle leaning tower of pisa	https://it.robotoys.eu/puzzle-3d-in-legno/architettura/puzzle-3d-in-legno-torre-pendente-di-pisa-little-story-e009-p114	0	2	0	63.5
3d puzzle leaning tower of pisa	https://robotoys.eu/wooden-3d-puzzle/architecture/wooden-3d-puzzle-leaning-tower-of-pisa-little-story-e009-p114	0	1	0	6
3d puzzle led	https://de.robotoys.eu/3d-puzzle-aus-holz/die-architektur/tower-bridge-modell-mit-led-beleuchtung-rolife-tg412-p19	0	14	0	5.71
3d puzzle legno	https://it.robotoys.eu/puzzle-3d-in-legno-piu-di-300-pezzi	0	1	0	8
3d puzzle library	https://robotoys.eu/wooden-3d-puzzle/architecture/wooden-3d-puzzle-library-by-the-seashore-p261	0	4	0	6
3d puzzle lion	https://robotoys.eu/wooden-3d-puzzle/the-animals/wooden-3d-puzzle-lion-little-story-d011-p119	0	1	0	5
3d puzzle lkw	https://de.robotoys.eu/3d-puzzle-aus-holz/fahrzeuge/holz-3d-puzzle-lkw-little-story-d004-p168	0	1	0	12
3d puzzle lode	https://cz.robotoys.eu/drevene-3d-puzzle/vozidla/drevene-3d-puzzle-kolovy-parnik-river-princess-eco-wood-art-p159	0	1	0	11
3d puzzle lode	https://cz.robotoys.eu/drevene-3d-puzzle/vozidla/drevene-3d-puzzle-model-rybarske-lode-rolife-tg308-p38	0	2	0	20
3d puzzle lokomotive	https://de.robotoys.eu/3d-puzzle-aus-holz/fahrzeuge/3d-puzzle-aus-holz-lokomotive-little-story-e012-p124	0	19	0	1.05
3d puzzle madera	https://es.robotoys.eu/rompecabezas-3d-de-madera/arquitectura	0	3	0	18.33
3d puzzle maják	https://cz.robotoys.eu/drevene-3d-puzzle/zvirata/drevene-3d-puzzle-plamenak-little-story-d007-p116	0	1	0	42
3d puzzle motorcycle	https://cz.robotoys.eu/drevene-3d-puzzle/vozidla/motorka-cruiser-rokr-lk504-p12	0	1	0	6
3d puzzle motorrad	https://de.robotoys.eu/3d-puzzle-aus-holz/fahrzeuge/3d-puzzle-aus-holz-gelbes-grand-prix-motorrad-little-story-e021y-p244	0	2	0	12
3d puzzle motorrad	https://de.robotoys.eu/3d-puzzle-aus-holz/fahrzeuge/3d-puzzle-aus-holz-grand-prix-motorrad-little-story-e021-p173	0	21	0	8
3d puzzle motorrad	https://de.robotoys.eu/3d-puzzle-aus-holz/fahrzeuge/3d-puzzle-aus-holz-grunes-speedway-motorrad-little-story-e019g-p240	0	1	0	12
3d puzzle motorrad	https://de.robotoys.eu/3d-puzzle-aus-holz/fahrzeuge/3d-puzzle-aus-holz-lila-speedtail-motorrad-little-story-e020p-p242	0	1	0	12
3d puzzle motorrad	https://de.robotoys.eu/3d-puzzle-aus-holz/fahrzeuge/holz-3d-puzzle-motorrad-speedtail-little-story-e020-p172	0	1	0	12
3d puzzle motorrad	https://de.robotoys.eu/3d-puzzle-aus-holz/fahrzeuge/mechanisches-3d-puzzle-aus-holz-cruiser-motorrad-eco-wood-art-p150	0	6	0	13.33
3d puzzle motorrad	https://de.robotoys.eu/3d-puzzle-aus-holz/fahrzeuge/motorrad-cruiser-rokr-lk504-p12	0	1	0	5
3d puzzle music box	https://robotoys.eu/wooden-3d-puzzle/music-boxes	0	4	0	20.5
3d puzzle notre dame	https://cz.robotoys.eu/drevene-3d-puzzle/architektura/drevene-3d-puzzle-katedrala-notre-dame-little-story-e017-p127	0	9	0	2.33
3d puzzle notre dame	https://de.robotoys.eu/3d-puzzle-aus-holz/die-architektur/3d-puzzle-aus-holz-kathedrale-notre-dame-little-story-e017-p127	0	1	0	6
3d puzzle notre dame	https://robotoys.eu/wooden-3d-puzzle/architecture/wooden-3d-puzzle-notre-dame-cathedral-little-story-e017-p127	0	6	0	1
3d puzzle of flower bouquet	https://robotoys.eu/wooden-3d-puzzle/flowers	0	5	0	7.8
3d puzzle of flower bouquet	https://robotoys.eu/wooden-3d-puzzle/flowers/wooden-3d-puzzle-bouquet-of-flowers-rowood-tw01h-p100	0	1	0	7
3d puzzle opera house sydney	https://cz.robotoys.eu/drevene-3d-puzzle/architektura/drevene-3d-puzzle-opera-v-sydney-little-story-e028-p238	0	1	0	1
3d puzzle piano	https://robotoys.eu/wooden-3d-puzzle/musical-instruments/magic-piano-rokr-amk81-p70	0	1	0	8
3d puzzle pisa	https://de.robotoys.eu/3d-puzzle-aus-holz/die-architektur/3d-puzzle-aus-holz-schiefer-turm-von-pisa-little-story-e009-p114	0	8	0	8.5
3d puzzle pisa	https://it.robotoys.eu/puzzle-3d-in-legno/architettura/puzzle-3d-in-legno-torre-pendente-di-pisa-little-story-e009-p114	0	1	0	9
3d puzzle pisa tower	https://de.robotoys.eu/3d-puzzle-aus-holz/die-architektur/3d-puzzle-aus-holz-schiefer-turm-von-pisa-little-story-e009-p114	0	2	0	6.5
3d puzzle plane	https://robotoys.eu/wooden-3d-puzzle/vehicles/wooden-3d-puzzle-airplane-little-story-d016-p130	0	2	0	5.5
3d puzzle robot	https://cz.robotoys.eu/drevene-3d-puzzle	0	1	0	11
3d puzzle robot	https://cz.robotoys.eu/nejnovejsi-drevene-3d-puzzle	0	1	0	19
3d puzzle robot	https://robotoys.eu/wooden-3d-puzzle/vehicles	0	1	0	41
3d puzzle robotime	https://cz.robotoys.eu/drevene-3d-puzzle	0	1	0	3
3d puzzle rokr	https://bg.robotoys.eu/marky/rokr	0	1	0	9
3d puzzle rokr	https://hu.robotoys.eu/markak/rokr	0	1	0	3
3d puzzle rokr	https://it.robotoys.eu/marche/rokr	0	1	0	3
3d puzzle rolife	https://cz.robotoys.eu/drevene-3d-puzzle/hudebni-nastroje/drevene-3d-puzzle-gramofon-rolife-tg408-p39	0	2	0	5
3d puzzle rolife	https://cz.robotoys.eu/drevene-3d-puzzle/kvety/drevene-3d-puzzle-sakura-bonsai-rolife-tg415-p142	0	2	0	5
3d puzzle rolife	https://hu.robotoys.eu/markak/rolife	0	3	0	3.33
3d puzzle rolife	https://it.robotoys.eu/puzzle-3d-in-legno/fiori	0	1	0	7
3d puzzle rose	https://de.robotoys.eu/3d-puzzle-aus-holz/blumen/3d-puzzle-aus-holz-rote-rose-rowood-tw042-p101	0	2	0	11.5
3d puzzle sagrada familia	https://cz.robotoys.eu/drevene-3d-puzzle/architektura/drevene-3d-puzzle-sagrada-familia-little-story-e018-p133	0	3	0	1
3d puzzle sagrada familia	https://de.robotoys.eu/3d-puzzle-aus-holz/die-architektur/3d-puzzle-aus-holz-sagrada-familia-little-story-e018-p133	0	17	0	1.35
3d puzzle sagrada familia	https://fr.robotoys.eu/casse-tete-3d-en-bois/architecture/puzzle-3d-en-bois-sagrada-familia-little-story-e018-p133	0	1	0	1
3d puzzle sagrada familia	https://nl.robotoys.eu/houten-3d-puzzel/architectuur/houten-3d-puzzel-sagrada-familia-little-story-e018-p133	0	2	0	1
3d puzzle sagrada familia	https://robotoys.eu/wooden-3d-puzzle/architecture/wooden-3d-puzzle-sagrada-familia-little-story-e018-p133	0	15	0	2.47
3d puzzle sagrada familia	https://se.robotoys.eu/3d-pussel-i-tra/arkitektur/3d-pussel-i-tra-sagrada-familia-little-story-e018-p133	0	1	0	1
3d puzzle sakura	https://de.robotoys.eu/3d-puzzle-aus-holz/blumen/holz-3d-puzzle-sakura-bonsai-rolife-tg415-p142	0	1	0	3
3d puzzle sakura	https://de.robotoys.eu/3d-puzzle-aus-holz/fahrzeuge/3d-puzzle-aus-holz-sakura-journey-rolife-tgs02-p105	0	8	0	8.12
3d puzzle sakura	https://hu.robotoys.eu/fabol-keszult-3d-puzzle/viragok/fa-3d-puzzle-sakura-bonsai-rolife-tg415-p142	0	1	0	1
3d puzzle sakura	https://hu.robotoys.eu/fabol-keszult-3d-puzzle/viragok/fa-3d-puzzle-sakura-rowood-tw101-p195	0	1	0	5
3d puzzle sakura	https://ro.robotoys.eu/puzzle-3d-din-lemn/flori/puzzle-3d-din-lemn-sakura-bonsai-rolife-tg415-p142	0	1	0	1
3d puzzle sakura	https://ro.robotoys.eu/puzzle-3d-din-lemn/vehicule/puzzle-3d-din-lemn-sakura-journey-rolife-tgs02-p105	0	1	0	11
3d puzzle sakura	https://robotoys.eu/wooden-3d-puzzle/architecture/wooden-3d-puzzle-sakura-treehouse-rolife-tgs04-p201	0	1	0	1
3d puzzle sakura	https://robotoys.eu/wooden-3d-puzzle/flowers/wooden-3d-puzzle-sakura-bonsai-rolife-tg415-p142	0	1	0	1
3d puzzle sakura bonsai	https://de.robotoys.eu/3d-puzzle-aus-holz/blumen/holz-3d-puzzle-sakura-bonsai-rolife-tg415-p142	0	3	0	8.33
3d puzzle sakura bonsai	https://es.robotoys.eu/rompecabezas-3d-de-madera/flores/rompecabezas-3d-de-madera-sakura-bonsai-rolife-tg415-p142	0	5	0	6.6
3d puzzle sakura bonsai	https://pl.robotoys.eu/drewniane-puzzle-3d/kwiaty/drewniana-ukladanka-3d-sakura-bonsai-rolife-tg415-p142	0	1	0	8
3d puzzle sakura bonsai	https://ro.robotoys.eu/puzzle-3d-din-lemn/flori/puzzle-3d-din-lemn-sakura-bonsai-rolife-tg415-p142	0	1	0	7
3d puzzle sakura bonsai	https://robotoys.eu/wooden-3d-puzzle/flowers/wooden-3d-puzzle-sakura-bonsai-rolife-tg415-p142	0	5	0	8.8
3d puzzle sakura tree house	https://it.robotoys.eu/puzzle-3d-in-legno/architettura/puzzle-3d-in-legno-sakura-treehouse-rolife-tgs04-p201	0	1	0	5
3d puzzle sakura tree house	https://robotoys.eu/wooden-3d-puzzle/architecture/wooden-3d-puzzle-sakura-treehouse-rolife-tgs04-p201	0	1	0	8
3d puzzle schiefer turm von pisa	https://de.robotoys.eu/3d-puzzle-aus-holz/die-architektur/3d-puzzle-aus-holz-schiefer-turm-von-pisa-little-story-e009-p114	0	25	0	6.48
3d puzzle schiff	https://de.robotoys.eu/3d-puzzle-aus-holz/fahrzeuge/3d-puzzle-aus-holz-segelschiff-lord-of-the-seas-eco-wood-art-p216	0	14	0	16.36
3d puzzle schwer	https://de.robotoys.eu/3d-puzzle-aus-holz/die-architektur/3d-puzzle-aus-holz-sagrada-familia-little-story-e018-p133	0	9	0	4.11
3d puzzle schwer	https://de.robotoys.eu/3d-puzzle-aus-holz/die-architektur/3d-puzzle-aus-holz-siegesbogen-little-story-e011-p123	0	1	0	11
3d puzzle sculpture	https://robotoys.eu/wooden-3d-puzzle/architecture	0	1	0	34
3d puzzle segelschiff	https://de.robotoys.eu/3d-puzzle-aus-holz/fahrzeuge/3d-puzzle-aus-holz-segelschiff-lord-of-the-seas-eco-wood-art-p216	0	16	0	6.12
3d puzzle stavby	https://cz.robotoys.eu/drevene-3d-puzzle/architektura/drevene-3d-puzzle-domecek-na-strome-sakura-rolife-tgs04-p201	0	5	0	3
3d puzzle svítící	https://cz.robotoys.eu/drevene-3d-puzzle/architektura/svitici-eiffelova-vez-rolife-tgl01-p73	0	11	0	11.27
3d puzzle svítící	https://cz.robotoys.eu/drevene-3d-puzzle/vesmir/svitici-globus-rokr-st003-p3	0	20	0	5.9
3d puzzle t rex	https://cz.robotoys.eu/drevene-3d-puzzle/zvirata/drevene-3d-puzzle-t-rex-little-story-d006-p115	0	3	0	1
3d puzzle t rex	https://hu.robotoys.eu/fabol-keszult-3d-puzzle/az-allatok/fa-3d-puzzle-t-rex-little-story-d006-p115	0	3	0	1
3d puzzle t rex	https://pl.robotoys.eu/drewniane-puzzle-3d/zwierzeta/drewniane-puzzle-3d-t-rex-little-story-d006-p115	0	1	0	1
3d puzzle t rex	https://robotoys.eu/wooden-3d-puzzle/the-animals/wooden-3d-puzzle-t-rex-little-story-d006-p115	0	3	0	3.33
3d puzzle tank	https://cz.robotoys.eu/drevene-3d-puzzle	0	1	0	5
3d puzzle tank	https://cz.robotoys.eu/drevene-3d-puzzle/vozidla/drevene-3d-puzzle-tank-fv4005-little-story-wot09-p236	0	1	0	13
3d puzzle tank	https://cz.robotoys.eu/drevene-3d-puzzle/vozidla/drevene-3d-puzzle-tank-leopard-1-little-story-wot07-p179	0	4	0	2.5
3d puzzle tank	https://cz.robotoys.eu/drevene-3d-puzzle/vozidla/drevene-3d-puzzle-tank-tortoise-little-story-wot08-p180	0	3	0	2.33
3d puzzle tank	https://hu.robotoys.eu/fabol-keszult-3d-puzzle/jarmuvek/fa-3d-kirako-tank-leopard-1-little-story-wot07-p179	0	1	0	1
3d puzzle tank	https://pl.robotoys.eu/drewniane-puzzle-3d/pojazdy/drewniana-ukladanka-3d-tank-tortoise-little-story-wot08-p180	0	1	0	1
3d puzzle tank	https://robotoys.eu/wooden-3d-puzzle/vehicles/wooden-3d-puzzle-tank-leopard-1-little-story-wot07-p179	0	11	0	2.36
3d puzzle tank	https://robotoys.eu/wooden-3d-puzzle/vehicles/wooden-3d-puzzle-tank-tortoise-little-story-wot08-p180	0	4	0	3.25
3d puzzle tiere	https://de.robotoys.eu/3d-puzzle-aus-holz/die-tiere	0	23	0	21.13
3d puzzle tiere	https://de.robotoys.eu/3d-puzzle-aus-holz/die-tiere/3d-puzzle-aus-holz-elefant-little-story-d012-p120	0	2	0	11
3d puzzle tiger	https://cz.robotoys.eu/drevene-3d-puzzle/vozidla/drevene-3d-puzzle-tiger-i-little-story-wot03-p136	0	1	0	1
3d puzzle tiger	https://de.robotoys.eu/3d-puzzle-aus-holz/fahrzeuge/3d-puzzle-aus-holz-tiger-i-little-story-wot03-p136	0	6	0	1.17
3d puzzle tower bridge	https://cz.robotoys.eu/drevene-3d-puzzle/architektura/model-tower-bridge-s-led-osvetlenim-rolife-tg412-p19	0	7	0	4.71
3d puzzle tower bridge	https://de.robotoys.eu/3d-puzzle-aus-holz/die-architektur/tower-bridge-modell-mit-led-beleuchtung-rolife-tg412-p19	0	2	0	8
3d puzzle tower bridge	https://pl.robotoys.eu/drewniane-puzzle-3d/architektura/model-tower-bridge-z-oswietleniem-led-rolife-tg412-p19	0	3	0	5.33
3d puzzle travel vessel	https://fr.robotoys.eu/casse-tete-3d-en-bois/vehicules/puzzle-3d-en-bois-bateau-de-croisiere-rolife-tg306-p87	0	1	0	10
3d puzzle truck	https://cz.robotoys.eu/drevene-3d-puzzle/vozidla/drevene-3d-puzzle-cisternovy-naves-pro-truck-road-king-eco-wood-art-p155	0	1	0	6
3d puzzle truck	https://robotoys.eu/wooden-3d-puzzle/vehicles	0	5	0	5.4
3d puzzle truck	https://robotoys.eu/wooden-3d-puzzle/vehicles/dump-truck-model-rokr-tg603k-p34	0	1	0	1
3d puzzle typewriter	https://robotoys.eu/wooden-3d-puzzle/stem-lab/wooden-mechanical-3d-puzzle-typewriter-eco-wood-art-p158	0	3	0	9
3d puzzle vehicle	https://robotoys.eu/wooden-3d-puzzle/vehicles	0	6	0	17.33
3d puzzle világítós	https://hu.robotoys.eu/fabol-keszult-3d-puzzle/epiteszet/vilagito-eiffel-torony-rolife-tgl01-p73	0	6	0	6
3d puzzle vlak	https://cz.robotoys.eu/drevene-3d-puzzle/vozidla/drevene-3d-puzzle-lokomotiva-little-story-e012-p124	0	3	0	3.33
3d puzzle vlak	https://cz.robotoys.eu/drevene-3d-puzzle/vozidla/model-parni-lokomotivy-rokr-mc501-p13	0	5	0	3.6
3d puzzle weihnachten	https://de.robotoys.eu/3d-puzzle-aus-holz/spieluhren/mechanisches-3d-puzzle-aus-holz-melodischer-weihnachtsbaum-rolife-ams01-p138	0	20	0	2.1
3d puzzle wood	https://cz.robotoys.eu/drevene-3d-puzzle-200-az-299ks	0	2	0	8
3d puzzle wood	https://es.robotoys.eu/rompecabezas-3d-de-madera/arquitectura	0	1	0	16
3d puzzle wood	https://es.robotoys.eu/rompecabezas-3d-de-madera/vehiculos/puzzle-3d-de-madera-polonez-1500-little-story-e003-p95	0	1	0	50
3d puzzle wood	https://it.robotoys.eu/blog/storia-dei-puzzle-in-legno-3d-dalle-origini-al-presente	0	3	0	9
3d puzzle wood	https://it.robotoys.eu/puzzle-3d-in-legno/architettura/pagoda-a-cinque-piani-rolife-tgn02-p45	0	5	0	4
3d puzzle wood	https://it.robotoys.eu/puzzle-3d-in-legno/architettura/puzzle-3d-in-legno-sagrada-familia-little-story-e018-p133	0	2	0	5
3d puzzle wood	https://robotoys.eu/wooden-3d-puzzle-100-to-149-pcs	0	2	0	21
3d puzzle wood	https://robotoys.eu/wooden-3d-puzzle/architecture	0	1	0	31
3d puzzle wooden	https://it.robotoys.eu/puzzle-3d-in-legno-piu-di-300-pezzi	0	1	0	32
3d puzzle wooden	https://robotoys.eu/	0	1	0	6
3d puzzle wooden clock	https://robotoys.eu/wooden-3d-puzzle/clocks-calendars	0	3	0	8.67
3d puzzle za odrasle	https://hr.robotoys.eu/drvena-3d-slagalica/arhitektura/drvena-3d-puzzle-pobjednicki-luk-little-story-e011-p123	0	3	0	1
3d puzzle zvířata	https://cz.robotoys.eu/drevene-3d-puzzle/zvirata/drevene-3d-puzzle-klokan-little-story-d014-p122	0	6	0	3.5
3d puzzle zvířata	https://cz.robotoys.eu/drevene-3d-puzzle/zvirata/drevene-3d-puzzle-lev-little-story-d011-p119	0	5	0	1.8
3d puzzle zvířata	https://cz.robotoys.eu/drevene-3d-puzzle/zvirata/drevene-3d-puzzle-plamenak-little-story-d007-p116	0	3	0	1.67
3d puzzle állatok	https://hu.robotoys.eu/fabol-keszult-3d-puzzle/az-allatok	0	4	0	4.25
3d puzzled	https://de.robotoys.eu/3d-puzzle-aus-holz/die-architektur/3d-puzzle-aus-holz-siegesbogen-little-story-e011-p123	0	1	0	6
3d puzzles	https://de.robotoys.eu/bloggen/bringen-sie-ihr-gehirn-mit-mechanischen-3d-puzzles-aus-holz-in-schwung	0	1	0	23
3d puzzles	https://es.robotoys.eu/venta-de-puzzles-de-madera-3d	0	1	0	46
3d puzzles	https://robotoys.eu/blog/history-of-3d-wooden-puzzles-from-beginnings-to-the-present	0	1	0	25
3d puzzles	https://robotoys.eu/wooden-3d-puzzle/architecture	0	1	0	4
3d puzzles	https://robotoys.eu/wooden-3d-puzzle/flowers	0	1	0	6
3d puzzles animals	https://robotoys.eu/wooden-3d-puzzle/the-animals	0	2	0	15
3d puzzles architecture	https://robotoys.eu/wooden-3d-puzzle/architecture	0	3	0	4.67
3d puzzles buildings	https://robotoys.eu/wooden-3d-puzzle/architecture	0	7	0	22.57
3d puzzles cars	https://robotoys.eu/wooden-3d-puzzle/vehicles	0	3	0	27
3d puzzles wooden	https://robotoys.eu/wooden-3d-puzzle/architecture	0	1	0	32
3d puzzlr	https://de.robotoys.eu/3d-puzzle-aus-holz/die-architektur/3d-puzzle-aus-holz-sagrada-familia-little-story-e018-p133	0	8	0	3.5
3d puzzlr	https://de.robotoys.eu/3d-puzzle-aus-holz/die-architektur/3d-puzzle-aus-holz-siegesbogen-little-story-e011-p123	0	7	0	3.43
3d puzzlw	https://de.robotoys.eu/3d-puzzle-aus-holz/die-architektur/3d-puzzle-aus-holz-sagrada-familia-little-story-e018-p133	0	6	0	4.83
3d puzzlw	https://de.robotoys.eu/3d-puzzle-aus-holz/die-architektur/3d-puzzle-aus-holz-siegesbogen-little-story-e011-p123	0	3	0	4.67
3d rosa	https://se.robotoys.eu/3d-pussel-i-tra/blommor/tra-3d-pussel-rosa-ros-rowood-tw041-p111	0	1	0	3
3d rouwbloemen	https://nl.robotoys.eu/houten-3d-puzzel/bloemen	0	1	0	21
3d ruze	https://cz.robotoys.eu/drevene-3d-puzzle/kvety/drevene-3d-puzzle-cervena-ruze-rowood-tw042-p101	0	12	0	1
3d ruze	https://cz.robotoys.eu/drevene-3d-puzzle/kvety/drevene-3d-puzzle-ruzova-ruze-rowood-tw041-p111	0	2	0	1
3d sagrada familia	https://de.robotoys.eu/3d-puzzle-aus-holz/die-architektur/3d-puzzle-aus-holz-sagrada-familia-little-story-e018-p133	0	2	0	2.5
3d sagrada familia	https://nl.robotoys.eu/houten-3d-puzzel/architectuur/houten-3d-puzzel-sagrada-familia-little-story-e018-p133	0	3	0	3.33
3d sagrada familia	https://pl.robotoys.eu/drewniane-puzzle-3d/architektura/drewniane-puzzle-3d-sagrada-familia-little-story-e018-p133	0	2	0	2
3d sakura	https://cz.robotoys.eu/drevene-3d-puzzle/kvety/drevene-3d-puzzle-sakura-bonsai-rolife-tg415-p142	0	2	0	6
3d sakura	https://hu.robotoys.eu/fabol-keszult-3d-puzzle/viragok/fa-3d-puzzle-sakura-bonsai-rolife-tg415-p142	0	1	0	1
3d sakura	https://robotoys.eu/wooden-3d-puzzle/flowers/wooden-3d-puzzle-sakura-bonsai-rolife-tg415-p142	0	1	0	1
3d scooter	https://cz.robotoys.eu/drevene-3d-puzzle/vozidla/drevene-3d-puzzle-ruzovy-sting-scooter-little-story-e022r-p246	0	1	0	3
3d scooter	https://hu.robotoys.eu/fabol-keszult-3d-puzzle/jarmuvek/fa-3d-puzzle-sting-scooter-little-story-e022-p174	0	1	0	3
3d scooter	https://nl.robotoys.eu/houten-3d-puzzel/voertuigen/houten-3d-puzzel-sting-scooter-little-story-e022-p174	0	7	0	5
3d scooter	https://se.robotoys.eu/3d-pussel-i-tra/fordon/trapussel-3d-sting-scooter-little-story-e022-p174	0	1	0	2
3d sestavljanke	https://si.robotoys.eu/lesena-3d-sestavljanka	0	27	0	4.44
3d skládačky	https://cz.robotoys.eu/drevene-3d-puzzle	0	2	0	21
3d slagalica	https://hr.robotoys.eu/drvena-3d-slagalica-manje-od-100-kom	0	1	0	18
3d stavebnice	https://cz.robotoys.eu/blog/drevene-3d-puzzle-jak-vybrat-svoji-prvni-stavebnice-a-na-co-se-pripravit	0	7	0	15
3d stavebnice	https://cz.robotoys.eu/blog/little-story-3d-stavebnice-ktere-spojuji-kreativitu-zabavu-a-kvalitu	0	25	0	5.08
3d stavebnice	https://cz.robotoys.eu/drevene-3d-puzzle/stem-lab/drevene-mechanicke-3d-puzzle-tovarna-na-darky-snu-rokr-eab01-p202	0	1	0	2
3d stavebnice pro dospělé	https://cz.robotoys.eu/drevene-3d-puzzle/architektura/drevene-3d-puzzle-koloseum-little-story-e016-p126	0	2	0	9.5
3d stavebnice pro dospělé	https://cz.robotoys.eu/drevene-3d-puzzle/architektura/drevene-3d-puzzle-sagrada-familia-little-story-e018-p133	0	10	0	2.9
3d steckpuzzle	https://de.robotoys.eu/3d-puzzle-aus-holz/die-architektur/3d-puzzle-aus-holz-sagrada-familia-little-story-e018-p133	0	17	0	6.24
3d stegosaurus	https://nl.robotoys.eu/houten-3d-puzzel/de-dieren/houten-3d-puzzel-stegosaurus-little-story-d010-p118	0	2	0	1
3d stem	https://robotoys.eu/wooden-3d-puzzle/stem-lab	0	1	0	31
3d sting	https://pl.robotoys.eu/drewniane-puzzle-3d/pojazdy/drewniana-ukladanka-3d-hulajnoga-sting-little-story-e022-p174	0	1	0	5
3d story	https://es.robotoys.eu/rompecabezas-3d-de-madera/los-animales/puzzle-3d-de-madera-t-rex-little-story-d006-p115	0	1	0	24
3d story	https://es.robotoys.eu/rompecabezas-3d-de-madera/vehiculos/puzzle-3d-de-madera-tigre-i-little-story-wot03-p136	0	1	0	11
3d story	https://es.robotoys.eu/rompecabezas-3d-de-madera/vehiculos/rompecabezas-3d-de-madera-autobus-little-story-d002-p166	0	1	0	31
3d story	https://es.robotoys.eu/rompecabezas-3d-de-madera/vehiculos/rompecabezas-3d-de-madera-motocicleta-comanche-roja-little-story-e023r-p248	0	1	0	31
3d szenenbibliothek	https://de.robotoys.eu/3d-puzzle-aus-holz/die-architektur/3d-puzzle-aus-holz-bibliothek-am-meer-p261	0	1	0	4
3d tiger puzzle	https://de.robotoys.eu/3d-puzzle-aus-holz/fahrzeuge/3d-puzzle-aus-holz-tiger-i-little-story-wot03-p136	0	2	0	6.5
3d tower bridge puzzle	https://cz.robotoys.eu/drevene-3d-puzzle/architektura/model-tower-bridge-s-led-osvetlenim-rolife-tg412-p19	0	1	0	10
3d toys	https://robotoys.eu/	0	1	0	9
3d toys	https://robotoys.eu/wooden-3d-puzzle/architecture/wooden-mechanical-3d-puzzle-marble-track-london-rokr-egb01-p264	0	1	0	2
3d traktor	https://dk.robotoys.eu/trae-3d-puslespil/koretojer/traemekanisk-3d-puslespil-traktor-eco-wood-art-p233	0	2	0	1
3d træ puslespil	https://dk.robotoys.eu/trae-3d-puslespil/arkitektur/trae-3d-puslespil-notre-dame-cathedral-little-story-e017-p127	0	1	0	1
3d træ puslespil	https://dk.robotoys.eu/trae-3d-puslespil/arkitektur/trae-3d-puslespil-sagrada-familia-little-story-e018-p133	0	10	0	2.1
3d træ puslespil	https://dk.robotoys.eu/trae-3d-puslespil/arkitektur/trae-3d-puslespil-victory-arch-little-story-e011-p123	0	2	0	14
3d virág	https://hu.robotoys.eu/fabol-keszult-3d-puzzle/viragok	0	1	0	13
3d voiture	https://fr.robotoys.eu/casse-tete-3d-en-bois/vehicules/puzzle-3d-mecanique-en-bois-voiture-de-course-rouge-eco-wood-art-p152	0	6	0	15.33
3d wood animals	https://robotoys.eu/wooden-3d-puzzle/the-animals	0	4	0	1
3d wood models	https://robotoys.eu/wooden-3d-puzzle/flowers/wooden-3d-puzzle-hummingbird-in-a-blooming-garden-p259	0	1	0	4
3d wood puzzle	https://it.robotoys.eu/blog/storia-dei-puzzle-in-legno-3d-dalle-origini-al-presente	0	1	0	8
3d wood puzzles	https://robotoys.eu/blog/wooden-3d-puzzles-how-to-choose-your-first-building-kit-and-what-to-prepare-for	0	1	0	5
3d wood puzzles for adults	https://robotoys.eu/	0	1	0	3
3d wood puzzles for adults	https://robotoys.eu/blog/wooden-3d-puzzles-how-to-choose-your-first-building-kit-and-what-to-prepare-for	0	1	0	6
3d woodcraft animals	https://robotoys.eu/wooden-3d-puzzle/the-animals	0	4	0	9.5
3d wooden	https://robotoys.eu/wooden-3d-puzzle/architecture/wooden-mechanical-3d-puzzle-windmill-eco-wood-art-p154	0	1	0	15
3d wooden	https://robotoys.eu/wooden-3d-puzzle/flowers/wooden-3d-puzzle-purple-iris-rowood-tw121-p251	0	1	0	23
3d wooden animal puzzle	https://robotoys.eu/wooden-3d-puzzle/the-animals	0	3	0	5
3d wooden animal puzzles	https://robotoys.eu/wooden-3d-puzzle/the-animals	0	7	0	3.29
3d wooden animals	https://robotoys.eu/wooden-3d-puzzle/the-animals	0	2	0	9
3d wooden dinosaur puzzle	https://robotoys.eu/wooden-3d-puzzle/the-animals/wooden-3d-puzzle-t-rex-little-story-d006-p115	0	1	0	35
3d wooden elephant puzzle	https://robotoys.eu/wooden-3d-puzzle/the-animals/wooden-3d-puzzle-elephant-little-story-d012-p120	0	1	0	4
3d wooden flower	https://robotoys.eu/blog/a-wooden-bouquet-that-never-withers-discover-the-magic-of-3d-flower-puzzles	0	1	0	11
3d wooden flower	https://robotoys.eu/wooden-3d-puzzle/flowers	0	1	0	13
3d wooden flower puzzle	https://robotoys.eu/wooden-3d-puzzle/flowers	0	13	0	7.15
3d wooden flower puzzle orange tulip	https://robotoys.eu/blog/a-wooden-bouquet-that-never-withers-discover-the-magic-of-3d-flower-puzzles	0	2	0	10
3d wooden flowers	https://robotoys.eu/blog/a-wooden-bouquet-that-never-withers-discover-the-magic-of-3d-flower-puzzles	0	1	0	17
3d wooden flowers	https://robotoys.eu/wooden-3d-puzzle/flowers	0	2	0	22.5
3d wooden mechanical orrery solar system model kit	https://robotoys.eu/wooden-3d-puzzle/the-universe/solar-system-rokr-st001-p71	0	1	0	10
3d wooden motorcycle	https://robotoys.eu/wooden-3d-puzzle/vehicles/motorcycle-cruiser-rokr-lk504-p12	0	1	0	19
3d wooden owl puzzle	https://robotoys.eu/wooden-3d-puzzle/clocks-calendars/clock-owl-rokr-lk503-p6	0	1	0	29
3d wooden puzzels	https://robotoys.eu/wooden-3d-puzzle/architecture/five-story-pagoda-rolife-tgn02-p45	0	1	0	18
3d wooden puzzle	https://cz.robotoys.eu/drevene-3d-puzzle	0	1	0	11
3d wooden puzzle	https://de.robotoys.eu/3d-puzzle-aus-holz	0	1	0	30
3d wooden puzzle	https://de.robotoys.eu/3d-puzzle-aus-holz-200-bis-299-teile	0	2	0	22
3d wooden puzzle	https://es.robotoys.eu/venta-de-puzzles-de-madera-3d	0	1	0	32
3d wooden puzzle	https://fr.robotoys.eu/vente-de-puzzles-3d-en-bois	0	2	0	43.5
3d wooden puzzle	https://it.robotoys.eu/blog/storia-dei-puzzle-in-legno-3d-dalle-origini-al-presente	0	1	0	8
3d wooden puzzle	https://robotoys.eu/blog/history-of-3d-wooden-puzzles-from-beginnings-to-the-present	0	2	0	25
3d wooden puzzle	https://robotoys.eu/wooden-3d-puzzle/architecture	0	11	0	33
3d wooden puzzle	https://robotoys.eu/wooden-3d-puzzle/architecture/five-story-pagoda-rolife-tgn02-p45	0	1	0	22
3d wooden puzzle	https://robotoys.eu/wooden-3d-puzzle/flowers/wooden-3d-puzzle-glittering-water-lily-rowood-th001-p192	0	1	0	27
3d wooden puzzle	https://robotoys.eu/wooden-3d-puzzle/flowers/wooden-3d-puzzle-purple-iris-rowood-tw121-p251	0	1	0	27
3d wooden puzzle	https://robotoys.eu/wooden-3d-puzzle/vehicles/wooden-3d-puzzle-eternal-atlantic-voyager-1912-rolife-tgl02-p223	0	1	0	15
3d wooden puzzle	https://se.robotoys.eu/3d-pussel-i-tra/blommor/3d-pussel-i-tra-rod-ros-rowood-tw042-p101	0	1	0	1
3d wooden puzzle airplane	https://robotoys.eu/wooden-3d-puzzle/vehicles/wooden-3d-puzzle-airplane-little-story-d016-p130	0	2	0	6.5
3d wooden puzzle animals	https://robotoys.eu/blog/history-of-3d-wooden-puzzles-from-beginnings-to-the-present	0	1	0	45
3d wooden puzzle animals	https://robotoys.eu/wooden-3d-puzzle/the-animals	0	7	0	6.71
3d wooden puzzle clock	https://robotoys.eu/wooden-3d-puzzle/clocks-calendars	0	3	0	19
3d wooden puzzle colosseum	https://robotoys.eu/wooden-3d-puzzle/architecture/wooden-3d-puzzle-colosseum-little-story-e016-p126	0	4	0	1
3d wooden puzzle dinosaur	https://robotoys.eu/wooden-3d-puzzle/the-animals/wooden-3d-puzzle-parasaurus-little-story-d008-p117	0	1	0	11
3d wooden puzzle flower	https://robotoys.eu/blog/a-wooden-bouquet-that-never-withers-discover-the-magic-of-3d-flower-puzzles	0	11	0	5.27
3d wooden puzzle flower	https://robotoys.eu/wooden-3d-puzzle/flowers	0	2	0	3.5
3d wooden puzzle gramophone	https://robotoys.eu/wooden-3d-puzzle/musical-instruments/wooden-3d-puzzle-gramophone-rolife-tg408-p39	0	1	0	10
3d wooden puzzle grand piano	https://it.robotoys.eu/puzzle-3d-in-legno/strumenti-musicali/pianoforte-magico-rokr-amk81-p70	0	1	0	2
3d wooden puzzle grand piano	https://robotoys.eu/wooden-3d-puzzle/musical-instruments/wooden-3d-puzzle-grand-piano-rolife-tg402-p200	0	1	0	14
3d wooden puzzle helicopter	https://robotoys.eu/wooden-3d-puzzle/vehicles/wooden-3d-puzzle-helicopter-little-story-d017-p131	0	1	0	4
3d wooden puzzle hot air balloon	https://robotoys.eu/wooden-3d-puzzle/vehicles/hot-air-balloon-rolife-tg406-p84	0	2	0	3
3d wooden puzzle music box	https://robotoys.eu/wooden-3d-puzzle/music-boxes	0	4	0	27.25
3d wooden puzzle robotime	https://cz.robotoys.eu/drevene-3d-puzzle	0	1	0	2
3d wooden puzzle sailing ship	https://robotoys.eu/wooden-3d-puzzle/vehicles/wooden-3d-puzzle-sailing-ship-djong-eco-wood-art-p232	0	2	0	8
3d wooden puzzle ship	https://robotoys.eu/wooden-3d-puzzle/vehicles/wooden-3d-puzzle-sailing-ship-djong-eco-wood-art-p232	0	1	0	6
3d wooden puzzles	https://robotoys.eu/	0	4	0	10.25
3d wooden puzzles	https://robotoys.eu/wooden-3d-puzzle/architecture	0	1	0	38
3d wooden puzzles	https://robotoys.eu/wooden-3d-puzzle/architecture/five-story-pagoda-rolife-tgn02-p45	0	1	0	28
3d wooden puzzles	https://robotoys.eu/wooden-3d-puzzle/architecture/wooden-3d-puzzle-sakura-treehouse-rolife-tgs04-p201	0	1	0	9
3d wooden puzzles	https://robotoys.eu/wooden-3d-puzzle/music-boxes/wooden-mechanical-3d-puzzle-magic-harp-rokr-amk71-p254	0	1	0	9
3d wooden puzzles	https://robotoys.eu/wooden-3d-puzzle/the-universe/wooden-mechanical-3d-puzzle-space-shuttle-rokr-lka02-p253	0	1	0	9
3d wooden puzzles animal	https://robotoys.eu/wooden-3d-puzzle/the-animals	0	1	0	5
3d wooden puzzles eiffel tower	https://robotoys.eu/wooden-3d-puzzle/architecture/illuminated-eiffel-tower-rolife-tgl01-p73	0	1	0	11
3d wooden puzzles eiffel tower	https://robotoys.eu/wooden-3d-puzzle/architecture/model-of-the-eiffel-tower-rolife-tg501-p17	0	2	0	6
3d állatok	https://hu.robotoys.eu/fabol-keszult-3d-puzzle/az-allatok	0	18	0	10.5
3d дървен пъзел	https://bg.robotoys.eu/	0	33	0	8.52
3d дървен пъзел	https://bg.robotoys.eu/drven-3d-pzel	0	33	0	2.15
3d дървен пъзел	https://bg.robotoys.eu/drven-3d-pzel/arkhytektura/drven-3d-pzel-arka-na-pobedata-little-story-e011-p123	0	4	0	12.5
3d дървен пъзел	https://bg.robotoys.eu/drven-3d-pzel/arkhytektura/drven-3d-pzel-sagrada-familia-little-story-e018-p133	0	27	0	1
3d дървен пъзел	https://bg.robotoys.eu/drven-3d-pzel/zhyvotnyte/drven-3d-pzel-pchela-little-story-d001-p128	0	1	0	11
3d пазл колизей	https://bg.robotoys.eu/drven-3d-pzel/arkhytektura/drven-3d-pzel-colosseum-little-story-e016-p126	0	1	0	59
3d пъзел	https://bg.robotoys.eu/drven-3d-pzel	0	3	0	9.33
3d пъзел	https://bg.robotoys.eu/drven-3d-pzel/arkhytektura/drven-3d-pzel-arka-na-pobedata-little-story-e011-p123	0	1	0	11
3d пъзели	https://bg.robotoys.eu/drven-3d-pzel	0	28	0	10.82
3d пъзели	https://bg.robotoys.eu/drven-3d-pzel/arkhytektura/drven-3d-pzel-arka-na-pobedata-little-story-e011-p123	0	6	0	15.33
3d пъзели	https://bg.robotoys.eu/drven-3d-pzel/arkhytektura/drven-3d-pzel-sagrada-familia-little-story-e018-p133	0	59	0	16.32
3d-pussel trä	https://se.robotoys.eu/3d-pussel-i-tra	0	17	0	5.71
3d-pussel vuxna	https://se.robotoys.eu/3d-pussel-i-tra	0	2	0	10
3dpuzzel	https://de.robotoys.eu/3d-puzzle-aus-holz/die-architektur/3d-puzzle-aus-holz-sagrada-familia-little-story-e018-p133	0	8	0	5.25
3dpuzzel	https://de.robotoys.eu/3d-puzzle-aus-holz/die-architektur/3d-puzzle-aus-holz-siegesbogen-little-story-e011-p123	0	6	0	5.17
3dpuzzel	https://nl.robotoys.eu/houten-3d-puzzel/architectuur/houten-3d-puzzel-sagrada-familia-little-story-e018-p133	0	9	0	3.89
3dpuzzle	https://de.robotoys.eu/3d-puzzle-aus-holz/die-architektur/3d-puzzle-aus-holz-sagrada-familia-little-story-e018-p133	0	50	0	4.38
3dpuzzle	https://de.robotoys.eu/3d-puzzle-aus-holz/die-architektur/3d-puzzle-aus-holz-siegesbogen-little-story-e011-p123	0	57	0	4.18
3д пъзел	https://bg.robotoys.eu/drven-3d-pzel	0	15	0	10.27
3д пъзел	https://bg.robotoys.eu/drven-3d-pzel-vreme-za-sglobiavane-nad-5-chasa	0	6	0	10.17
3д пъзел	https://bg.robotoys.eu/drven-3d-pzel-vreme-za-sglobiavane-ot-1-do-3-chasa	0	4	0	13.75
3д пъзел	https://bg.robotoys.eu/drven-3d-pzel-vreme-za-sglobiavane-ot-3-do-5-chasa	0	8	0	7.75
3д пъзел	https://bg.robotoys.eu/drven-3d-pzel/arkhytektura/drven-3d-pzel-arka-na-pobedata-little-story-e011-p123	0	1	0	1
3д пъзели	https://bg.robotoys.eu/drven-3d-pzel	0	8	0	10.75
3д пъзели	https://bg.robotoys.eu/drven-3d-pzel/arkhytektura/drven-3d-pzel-sagrada-familia-little-story-e018-p133	0	7	0	23.29
3д пъзели от дърво	https://bg.robotoys.eu/drven-3d-pzel	0	17	0	4.06
42 euro	https://robotoys.eu/wooden-3d-puzzle-high-difficulty	0	1	0	2
539*5	https://dk.robotoys.eu/trae-3d-puslespil/musikdaser/mekanisk-3d-puslespil-i-trae-klassisk-karrusel-rolife-amc01-p146	0	1	0	10
8€	https://es.robotoys.eu/rompecabezas-3d-de-madera/vehiculos/rompecabezas-3d-de-madera-buque-diplomatico-japones-rolife-tg307-p199	0	1	0	2
?	https://robotoys.eu/wooden-3d-puzzle/vehicles/locomotive-rokr-lk701-p7	0	1	0	15
[heimdekoration]	https://de.robotoys.eu/bloggen/so-wahlen-sie-die-beste-heimdekoration-aus-tipps-und-tricks	0	3	0	23.33
a action	https://pl.robotoys.eu/drewniane-puzzle-3d/architektura/model-tower-bridge-z-oswietleniem-led-rolife-tg412-p19	0	1	0	19
a do muzyki	https://pl.robotoys.eu/drewniane-puzzle-3d/instrumenty-muzyczne	0	1	0	4
a frame	https://cz.robotoys.eu/drevene-3d-puzzle/architektura/drevene-3d-puzzle-mini-horska-chata-a-frame-rolife-dg181-p227	0	6	0	3.67
a jak wyglądają	https://pl.robotoys.eu/drewniane-puzzle-3d/pojazdy/drewniane-mechaniczne-puzzle-3d-dylizans-rokr-amka1-p99	0	1	0	5
a może ten?	https://pl.robotoys.eu/drewniane-puzzle-3d/instrumenty-muzyczne/drewniane-puzzle-3d-wiolonczela-rolife-tg411-p85	0	1	0	5
a nej	https://cz.robotoys.eu/blog/nejlepsi-darek-pro-nej-originalni-s-dotekem-historie	0	1	0	10
a night in the city	https://cz.robotoys.eu/drevene-3d-puzzle/stem-lab/marble-night-city-rokr-lga01-p2	0	1	0	37
a puzzle	https://cz.robotoys.eu/drevene-3d-puzzle/stem-lab/drevene-mechanicke-3d-puzzle-klasicka-tiskarna-rokr-lk602-p90	0	1	0	5
a tank que quebrou o jogo	https://pt.robotoys.eu/concurso-de-quebra-cabeca/tanque-t-34-85-little-story-wot02-135	0	1	0	16
a tower bridge	https://pt.robotoys.eu/blogue/a-historia-da-famosa-tower-bridge-como-levar-londres-para-a-sua-casa	0	1	0	10
a-frame	https://cz.robotoys.eu/drevene-3d-puzzle/architektura/drevene-3d-puzzle-mini-horska-chata-a-frame-rolife-dg181-p227	0	4	0	4.25
aanhangwagen puzzel	https://nl.robotoys.eu/houten-3d-puzzel/voertuigen/houten-3d-puzzel-kiepwagen-met-aanhanger-road-king-eco-wood-art-p207	0	1	0	4
about tower bridge	https://fr.robotoys.eu/blog/lhistoire-du-celebre-tower-bridge-comment-amener-londres-chez-vous	0	1	0	18
accordeon puzzel	https://nl.robotoys.eu/houten-3d-puzzel/muziekinstrumenten/accordeon-rolife-tg410-p41	0	1	0	4
action	https://nl.robotoys.eu/houten-3d-puzzel/bloemen	0	1	0	1
action 3d puzzle	https://fr.robotoys.eu/puzzle-3d-en-bois-en-action	0	1	0	14
action 3d puzzle	https://robotoys.eu/wooden-3d-puzzle-in-action	0	3	0	7.67
action cena	https://pl.robotoys.eu/drewniane-puzzle-3d/pozytywki/romantyczna-karuzela-rokr-amk62-p77	0	1	0	23
action puzzle	https://fr.robotoys.eu/puzzle-3d-en-bois-en-action	0	3	0	9.67
action puzzle 3d	https://fr.robotoys.eu/puzzle-3d-en-bois-en-action	0	91	0	9.47
action puzzle 3d	https://robotoys.eu/wooden-3d-puzzle-in-action	0	2	0	6
action puzzle 3d bois	https://fr.robotoys.eu/puzzle-3d-en-bois-en-action	0	8	0	7.38
action puzzle bois	https://fr.robotoys.eu/puzzle-3d-en-bois-en-action	0	18	0	6.5
actividades motoras	https://es.robotoys.eu/blog/top-5-actividades-que-apoyan-el-desarrollo-de-la-motricidad	0	1	0	9
actividades para el desarrollo motor	https://es.robotoys.eu/blog/top-5-actividades-que-apoyan-el-desarrollo-de-la-motricidad	0	1	0	22
activiteiten om fijne motoriek te stimuleren	https://nl.robotoys.eu/blog/top-5-activiteiten-die-de-ontwikkeling-van-motorische-vaardigheden-ondersteunen	0	1	0	55
ada yg lain?	https://robotoys.eu/wooden-3d-puzzle/stem-lab/wooden-mechanical-3d-puzzle-classic-printer-rokr-lk602-p90	0	1	0	1
aeronave	https://it.robotoys.eu/puzzle-3d-in-legno/veicoli/modello-aeronave-rolife-tg407-p22	0	1	0	22
afspænding mod stress	https://dk.robotoys.eu/blog/hvordan-man-slipper-af-med-stress-10-effektive-tips	0	15	0	46.47
afspænding stress	https://dk.robotoys.eu/blog/hvordan-man-slipper-af-med-stress-10-effektive-tips	0	14	0	66.79
afstresning	https://dk.robotoys.eu/blog/hvordan-man-slipper-af-med-stress-10-effektive-tips	0	30	0	12.13
afstresning af kroppen	https://dk.robotoys.eu/blog/hvordan-man-slipper-af-med-stress-10-effektive-tips	0	1	0	55
afstressende	https://dk.robotoys.eu/blog/hvordan-man-slipper-af-med-stress-10-effektive-tips	0	10	0	20.2
afstressende aktiviteter	https://dk.robotoys.eu/blog/hvordan-man-slipper-af-med-stress-10-effektive-tips	0	28	0	16
agencia detectives	https://es.robotoys.eu/casas-en-miniatura/habitaciones-en-miniatura/agencia-de-detectives-de-mose-rolife-dg157-p24	0	46	0	67.24
ai stemlab	https://ro.robotoys.eu/puzzle-3d-din-lemn	0	1	0	28
airship dump	https://robotoys.eu/wooden-3d-puzzle/vehicles/wooden-3d-puzzle-earthmoving-dump-truck-moaz-75053-eco-wood-art-p235	0	1	0	47
ajándék férfiaknak	https://hu.robotoys.eu/a-legkeresettebb-ajandekok-ferfiaknak-es-fiuknak	0	2	0	49
ajándéktárgyak férfiaknak	https://hu.robotoys.eu/a-legkeresettebb-ajandekok-ferfiaknak-es-fiuknak	0	1	0	38
ajándékötlet	https://hu.robotoys.eu/blog/7-ellenallhatatlan-ajandekotlet-noknek	0	1	0	37
ajándékötlet nőknek	https://hu.robotoys.eu/blog/7-ellenallhatatlan-ajandekotlet-noknek	0	3	0	20.33
ak 399	https://hu.robotoys.eu/fabol-keszult-3d-puzzle/fegyverek/ak-47-rifle-rokr-lq901-p67	0	1	0	12
ak 47	https://pl.robotoys.eu/drewniane-puzzle-3d/bronie/karabin-ak-47-rokr-lq901-p67	0	119	0	2.96
ak 47 de brinquedo	https://pt.robotoys.eu/quebra-cabeca-3d-de-madeira/armas/rifle-ak-47-rokr-lq901-p67	0	1	0	1
ak 47 de madera replica	https://es.robotoys.eu/rompecabezas-3d-de-madera/armas/rifle-ak-47-rokr-lq901-p67	0	1	0	25
ak 47 giocattolo	https://it.robotoys.eu/puzzle-3d-in-legno/armi/fucile-ak-47-rokr-lq901-p67	0	7	0	4.29
ak 47 leksak	https://se.robotoys.eu/3d-pussel-i-tra/vapen/ak-47-gevar-rokr-lq901-p67	0	1	0	1
ak 47 madeira	https://pt.robotoys.eu/quebra-cabeca-3d-de-madeira/armas/rifle-ak-47-rokr-lq901-p67	0	1	0	1
ak 47 puska	https://hr.robotoys.eu/drvena-3d-slagalica/oruzje/ak-47-puska-rokr-lq901-p67	0	2	0	1
ak-47 giocattolo	https://it.robotoys.eu/puzzle-3d-in-legno/armi/fucile-ak-47-rokr-lq901-p67	0	1	0	14
ak147	https://es.robotoys.eu/rompecabezas-3d-de-madera/armas/rifle-ak-47-rokr-lq901-p67	0	3	0	27.67
ak47 de madera	https://es.robotoys.eu/rompecabezas-3d-de-madera/armas/rifle-ak-47-rokr-lq901-p67	0	1	0	5
ak47 giocattolo	https://it.robotoys.eu/puzzle-3d-in-legno/armi/fucile-ak-47-rokr-lq901-p67	0	6	0	8.33
ak47 rokr	https://fr.robotoys.eu/casse-tete-3d-en-bois/armes/fusil-ak-47-rokr-lq901-p67	0	2	0	6
ak47 skins cs	https://pl.robotoys.eu/drewniane-puzzle-3d/bronie/karabin-ak-47-rokr-lq901-p67	0	1	0	55
ak47 wooden	https://robotoys.eu/wooden-3d-puzzle/weapons/ak-47-rifle-rokr-lq901-p67	0	1	0	6
ako sa zbavit stresu	https://cz.robotoys.eu/blog/jak-se-zbavit-stresu-10-ucinnych-tipu	0	1	0	10
ako sa zbaviť stresu	https://cz.robotoys.eu/blog/jak-se-zbavit-stresu-10-ucinnych-tipu	0	3	0	7
akordeons	https://lv.robotoys.eu/koka-3d-puzle/muzikas-instrumenti/akordeons-rolife-tg410-p41	0	1	0	1
aktualna cena	https://pl.robotoys.eu/drewniane-puzzle-3d/kwiaty/drewniane-puzzle-3d-rumianek-rowood-tw061-p109	0	1	0	3
al 47	https://pl.robotoys.eu/drewniane-puzzle-3d/bronie/karabin-ak-47-rokr-lq901-p67	0	2	0	1
albero di natale elettrico che si apre da solo video	https://it.robotoys.eu/puzzle-3d-in-legno/carillon/puzzle-3d-meccanico-in-legno-albero-di-natale-melodico-rolife-ams01-p138	0	1	0	13
albero puzzle	https://it.robotoys.eu/puzzle-3d-in-legno/carillon/puzzle-3d-meccanico-in-legno-albero-di-natale-melodico-rolife-ams01-p138	0	9	0	22.33
alice adventure | book nook	https://de.robotoys.eu/miniaturhauser/bucher-ecke/bucherregaleinsatz-reise-ins-wunderland-rolife-tgb12-p165	0	1	0	1
alice in wonderland rolife	https://es.robotoys.eu/casas-en-miniatura/tiendas-de-miniaturas/casa-en-miniatura-la-tienda-de-te-de-alice-rolife-dg156-p61	0	1	0	2
alice te	https://it.robotoys.eu/case-in-miniatura/negozi-in-miniatura/casa-in-miniatura-negozio-di-te-di-alice-rolife-dg156-p61	0	1	0	1
alice tea	https://it.robotoys.eu/case-in-miniatura/negozi-in-miniatura/casa-in-miniatura-negozio-di-te-di-alice-rolife-dg156-p61	0	3	0	1
alice tea store	https://es.robotoys.eu/casas-en-miniatura/tiendas-de-miniaturas/casa-en-miniatura-la-tienda-de-te-de-alice-rolife-dg156-p61	0	1	0	4
alice tea store	https://it.robotoys.eu/case-in-miniatura/negozi-in-miniatura/casa-in-miniatura-negozio-di-te-di-alice-rolife-dg156-p61	0	3	0	1.33
alice tea store	https://robotoys.eu/miniature-houses/miniature-stores/miniature-house-alices-tea-shop-rolife-dg156-p61	0	1	0	10
alice tea store rolife	https://it.robotoys.eu/case-in-miniatura/negozi-in-miniatura/casa-in-miniatura-negozio-di-te-di-alice-rolife-dg156-p61	0	1	0	1
alice's tea store	https://it.robotoys.eu/case-in-miniatura/negozi-in-miniatura/casa-in-miniatura-negozio-di-te-di-alice-rolife-dg156-p61	0	1	0	2
alice's tea store	https://robotoys.eu/miniature-houses/miniature-stores/miniature-house-alices-tea-shop-rolife-dg156-p61	0	2	0	9
alice's tea store rolife	https://it.robotoys.eu/case-in-miniatura/negozi-in-miniatura/casa-in-miniatura-negozio-di-te-di-alice-rolife-dg156-p61	0	1	0	1
alices tea shop	https://robotoys.eu/miniature-houses/miniature-stores/miniature-house-alices-tea-shop-rolife-dg156-p61	0	1	0	8
aliexpress	https://es.robotoys.eu/rompecabezas-3d-de-madera/flores/puzzle-3d-de-madera-lirio-rosa-rowood-tw071-p144	0	1	0	29
aliexpress	https://es.robotoys.eu/rompecabezas-3d-de-madera/stem-lab/marmol-parkour-rokr-lg501-p42	0	1	0	17
altezza tower bridge	https://it.robotoys.eu/blog/the-story-of-the-famous-tower-bridge-how-to-bring-london-to-your-home	0	5	0	10.4
altri modelli	https://it.robotoys.eu/case-in-miniatura/angolo-dei-libri/time-travel-rolife-tgb04-p60	0	1	0	61
altro	https://it.robotoys.eu/puzzle-3d-in-legno/architettura/pagoda-a-cinque-piani-rolife-tgn02-p45	0	1	0	1
altro	https://it.robotoys.eu/puzzle-3d-in-legno/stem-lab/puzzle-3d-meccanico-in-legno-stampante-classica-rokr-lk602-p90	0	1	0	1
altro	https://it.robotoys.eu/puzzle-3d-in-legno/veicoli/puzzle-3d-meccanico-in-legno-diligenza-rokr-amka1-p99	0	1	0	1
am601	https://de.robotoys.eu/3d-puzzle-aus-holz/spieluhren/mechanisches-3d-puzzle-aus-holz-spielschrank-orpheus-rokr-am601-p82	0	1	0	7
am601	https://es.robotoys.eu/rompecabezas-3d-de-madera/cajas-de-musica/puzzle-3d-mecanico-de-madera-mueble-de-juego-orpheus-rokr-am601-p82	0	1	0	3
am601	https://fr.robotoys.eu/casse-tete-3d-en-bois/boites-a-musique/puzzle-3d-mecanique-en-bois-armoire-de-jeux-orpheus-rokr-am601-p82	0	1	0	7
am601	https://robotoys.eu/wooden-3d-puzzle/music-boxes/wooden-mechanical-3d-puzzle-game-cabinet-orpheus-rokr-am601-p82	0	3	0	8.33
amazon de	https://cz.robotoys.eu/blog/idealni-darek-pro-deti-ktery-rozviji-kreativitu-a-trpelivost	0	1	0	11
ambas	https://es.robotoys.eu/casas-en-miniatura/habitaciones-en-miniatura/biblioteca-de-estudio-de-sam-rolife-dg102-p86	0	1	0	10
ambulance eco	https://fr.robotoys.eu/casse-tete-3d-en-bois/vehicules/puzzle-3d-en-bois-ambulance-eco-wood-art-p203	0	11	0	10.73
ambulance puzzle	https://robotoys.eu/wooden-3d-puzzle/vehicles/wooden-3d-puzzle-ambulance-eco-wood-art-p203	0	2	0	10.5
ambulance+woodworking	https://robotoys.eu/wooden-3d-puzzle/vehicles/wooden-3d-puzzle-ambulance-eco-wood-art-p203	0	1	0	1
ambulancia eco	https://es.robotoys.eu/rompecabezas-3d-de-madera/vehiculos/rompecabezas-3d-de-madera-ambulancia-eco-wood-art-p203	0	4	0	6.5
amc01	https://de.robotoys.eu/3d-puzzle-aus-holz/spieluhren/mechanisches-3d-puzzle-aus-holz-klassisches-karussell-rolife-amc01-p146	0	1	0	6
amc01	https://es.robotoys.eu/rompecabezas-3d-de-madera/cajas-de-musica/rompecabezas-mecanico-3d-de-madera-carrusel-clasico-rolife-amc01-p146	0	1	0	3
amc01	https://fr.robotoys.eu/casse-tete-3d-en-bois/boites-a-musique/puzzle-3d-mecanique-en-bois-carrousel-classique-rolife-amc01-p146	0	1	0	5
amc01	https://nl.robotoys.eu/houten-3d-puzzel/muziekdoosjes/houten-mechanische-3d-puzzel-klassieke-carrousel-rolife-amc01-p146	0	2	0	6
amc01	https://robotoys.eu/wooden-3d-puzzle/music-boxes/wooden-mechanical-3d-puzzle-classic-carousel-rolife-amc01-p146	0	4	0	3.25
ametralladora de madera	https://es.robotoys.eu/rompecabezas-3d-de-madera/armas	0	1	0	3
amk51	https://it.robotoys.eu/puzzle-3d-in-legno/carillon/carillon-notte-stellata-rokr-amk51-p11	0	1	0	4
amk51	https://robotoys.eu/wooden-3d-puzzle/music-boxes/music-box-starry-night-rokr-amk51-p11	0	1	0	10
amk63	https://lt.robotoys.eu/deliones-konkursas/muzikine-dezute-stebuklinga-violoncele-rokr-amk63-1	0	1	0	9
amk63	https://lt.robotoys.eu/medine-3d-delione/muzikines-dezutes/muzikine-dezute-stebuklinga-violoncele-rokr-amk63-p1	0	1	0	4
amk81	https://es.robotoys.eu/rompecabezas-3d-de-madera/instrumentos-musicales/magic-piano-rokr-amk81-p70	0	1	0	5
amk81	https://nl.robotoys.eu/houten-3d-puzzel/muziekinstrumenten/magische-piano-rokr-amk81-p70	0	2	0	6
amk81	https://robotoys.eu/wooden-3d-puzzle/musical-instruments/magic-piano-rokr-amk81-p70	0	1	0	3
amk82	https://bg.robotoys.eu/marky/rokr	0	1	0	2
amk82	https://bg.robotoys.eu/nai-novyte-produkty-na-markata-rokr	0	1	0	4
amk82	https://de.robotoys.eu/3d-puzzle-aus-holz/spieluhren	0	2	0	6.5
amk82	https://de.robotoys.eu/marken/rokr	0	1	0	7
amk82	https://es.robotoys.eu/marcas/rokr	0	1	0	8
amk82	https://nl.robotoys.eu/de-nieuwste-producten-van-het-merk-rokr	0	2	0	9
amt01	https://es.robotoys.eu/rompecabezas-3d-de-madera/cajas-de-musica/carnaval-al-atardecer-rolife-amt01-p79	0	1	0	7
amt01	https://fr.robotoys.eu/casse-tete-3d-en-bois/boites-a-musique/carnaval-au-coucher-du-soleil-rolife-amt01-p79	0	2	0	10
amt01	https://fr.robotoys.eu/concours-de-puzzle/carnaval-au-coucher-du-soleil-rolife-amt01-79	0	2	0	8
amulet bonsai sakura	https://cz.robotoys.eu/drevene-3d-puzzle/kvety/drevene-3d-puzzle-sakura-bonsai-rolife-tg415-p142	0	2	0	9
amx 13 105	https://cz.robotoys.eu/drevene-3d-puzzle/vozidla/drevene-3d-puzzle-tank-amx-13-105-little-story-wot05-p177	0	14	0	4.79
amx 13 105	https://es.robotoys.eu/rompecabezas-3d-de-madera/vehiculos/rompecabezas-3d-de-madera-tanque-amx-13-105-little-story-wot05-p177	0	3	0	3
amx 13 105	https://fr.robotoys.eu/casse-tete-3d-en-bois/vehicules/puzzle-3d-en-bois-char-amx-13-105-little-story-wot05-p177	0	20	0	3.85
amx 13 105	https://hu.robotoys.eu/fabol-keszult-3d-puzzle/jarmuvek/fa-3d-puzzle-tank-amx-13-105-little-story-wot05-p177	0	6	0	4.33
amx 13 105	https://it.robotoys.eu/puzzle-3d-in-legno/veicoli/puzzle-3d-in-legno-carro-armato-amx-13-105-little-story-wot05-p177	0	3	0	3
amx 13 105	https://nl.robotoys.eu/houten-3d-puzzel/voertuigen/houten-3d-puzzel-tank-amx-13-105-little-story-wot05-p177	0	2	0	4
amx 13 105	https://robotoys.eu/wooden-3d-puzzle/vehicles/wooden-3d-puzzle-tank-amx-13-105-little-story-wot05-p177	0	46	0	7.28
amx 13 105	https://se.robotoys.eu/3d-pussel-i-tra/fordon/trapussel-3d-tank-amx-13-105-little-story-wot05-p177	0	1	0	4
amx 13 120	https://fr.robotoys.eu/casse-tete-3d-en-bois/vehicules/puzzle-3d-en-bois-char-amx-13-105-little-story-wot05-p177	0	1	0	2
amx 13 idf	https://fr.robotoys.eu/casse-tete-3d-en-bois/vehicules/puzzle-3d-en-bois-char-amx-13-105-little-story-wot05-p177	0	1	0	3
amx 13 model	https://robotoys.eu/wooden-3d-puzzle/vehicles/wooden-3d-puzzle-tank-amx-13-105-little-story-wot05-p177	0	1	0	7
amx 13/105	https://fr.robotoys.eu/casse-tete-3d-en-bois/vehicules/puzzle-3d-en-bois-char-amx-13-105-little-story-wot05-p177	0	1	0	3
amx-13 105	https://dk.robotoys.eu/trae-3d-puslespil/koretojer/trae-3d-puslespil-tank-amx-13-105-little-story-wot05-p177	0	1	0	5
amx-13 105	https://fr.robotoys.eu/casse-tete-3d-en-bois/vehicules/puzzle-3d-en-bois-char-amx-13-105-little-story-wot05-p177	0	3	0	2
amx-13 105	https://hu.robotoys.eu/fabol-keszult-3d-puzzle/jarmuvek/fa-3d-puzzle-tank-amx-13-105-little-story-wot05-p177	0	2	0	5
amx-13 105	https://robotoys.eu/wooden-3d-puzzle/vehicles/wooden-3d-puzzle-tank-amx-13-105-little-story-wot05-p177	0	1	0	13
amx-13-105	https://es.robotoys.eu/rompecabezas-3d-de-madera/vehiculos/rompecabezas-3d-de-madera-tanque-amx-13-105-little-story-wot05-p177	0	1	0	3
amx-13-105	https://fr.robotoys.eu/casse-tete-3d-en-bois/vehicules/puzzle-3d-en-bois-char-amx-13-105-little-story-wot05-p177	0	1	0	2
amx-13-105	https://hu.robotoys.eu/fabol-keszult-3d-puzzle/jarmuvek/fa-3d-puzzle-tank-amx-13-105-little-story-wot05-p177	0	3	0	4.67
amx-13-105	https://robotoys.eu/wooden-3d-puzzle/vehicles/wooden-3d-puzzle-tank-amx-13-105-little-story-wot05-p177	0	9	0	5.56
amx-13/105	https://dk.robotoys.eu/trae-3d-puslespil/koretojer/trae-3d-puslespil-tank-amx-13-105-little-story-wot05-p177	0	1	0	7
amx-13/105	https://pt.robotoys.eu/quebra-cabeca-3d-de-madeira/veiculos/quebra-cabeca-3d-de-madeira-tanque-amx-13-105-little-story-wot05-p177	0	1	0	9
amx-13/105	https://robotoys.eu/wooden-3d-puzzle/vehicles/wooden-3d-puzzle-tank-amx-13-105-little-story-wot05-p177	0	10	0	4.9
amx13 105	https://fr.robotoys.eu/casse-tete-3d-en-bois/vehicules/puzzle-3d-en-bois-char-amx-13-105-little-story-wot05-p177	0	1	0	2
ananda miniaturas	https://es.robotoys.eu/casas-en-miniatura/tiendas-de-miniaturas	0	1	0	34
andere	https://robotoys.eu/blog/wooden-3d-puzzles-how-to-choose-your-first-building-kit-and-what-to-prepare-for	0	1	0	2
animal 3d puzzle	https://robotoys.eu/wooden-3d-puzzle/the-animals	0	1	0	9
animal puzzle 3d	https://it.robotoys.eu/puzzle-3d-in-legno/gli-animali	0	1	0	3
animal puzzle 3d	https://robotoys.eu/wooden-3d-puzzle/the-animals	0	1	0	36
anime rose tower wood	https://robotoys.eu/wooden-3d-puzzle/flowers/wooden-3d-puzzle-red-rose-rowood-tw042-p101	0	1	0	6
ano de surgimento	https://robotoys.eu/blog/history-of-3d-wooden-puzzles-from-beginnings-to-the-present	0	1	0	1
any other factors	https://robotoys.eu/blog/wooden-3d-puzzles-how-to-choose-your-first-building-kit-and-what-to-prepare-for	0	1	0	3
ar wood toys	https://robotoys.eu/	0	1	0	14
arc de triomphe 3d puzzle	https://robotoys.eu/wooden-3d-puzzle/architecture/wooden-3d-puzzle-victory-arch-little-story-e011-p123	0	5	0	3.2
arcade dating	https://gr.robotoys.eu/mikroskopika-spitia/biblia-nook/entheto-rafi-arcade-dating-rolife-tgb10-p148	0	1	0	1
arcade dating	https://it.robotoys.eu/case-in-miniatura/angolo-dei-libri/inserto-per-libreria-arcade-dating-rolife-tgb10-p148	0	4	0	5.75
arch puzzle	https://robotoys.eu/wooden-3d-puzzle/architecture/wooden-3d-puzzle-victory-arch-little-story-e011-p123	0	2	0	2
architect 3d puzzle	https://robotoys.eu/wooden-3d-puzzle/architecture	0	60	0	5.67
architectural puzzle	https://robotoys.eu/wooden-3d-puzzle/architecture	0	2	0	12.5
architectural puzzles	https://robotoys.eu/wooden-3d-puzzle/architecture	0	7	0	21
architecture 3d puzzle	https://robotoys.eu/wooden-3d-puzzle/architecture	0	6	0	9
architecture puzzle	https://robotoys.eu/wooden-3d-puzzle/architecture	0	12	0	5.17
architecture puzzles	https://robotoys.eu/wooden-3d-puzzle/architecture	0	5	0	15.6
architecture puzzles 3d	https://robotoys.eu/wooden-3d-puzzle/architecture	0	11	0	5.82
architektura 3d	https://pl.robotoys.eu/drewniane-puzzle-3d/architektura	0	1	0	1
are there any pictures	https://robotoys.eu/wooden-3d-puzzle/weapons/thompson-rokr-lqb01-p74	0	1	0	2
arkitec 3d puzzle	https://robotoys.eu/wooden-3d-puzzle/architecture	0	5	0	5.4
arkitec 3d puzzles	https://robotoys.eu/wooden-3d-puzzle/architecture	0	2	0	4.5
arkitektur	https://dk.robotoys.eu/trae-3d-puslespil/arkitektur/fem-etagers-pagode-rolife-tgn02-p45	0	1	0	1
arma de madeira	https://pt.robotoys.eu/quebra-cabeca-3d-de-madeira/armas	0	1	0	9
arma madeira	https://pt.robotoys.eu/quebra-cabeca-3d-de-madeira/armas	0	1	0	6
arma rompecabezas	https://es.robotoys.eu/rompecabezas-3d-de-madera/armas/rompecabezas-mecanico-3d-de-madera-mini-pistola-rokr-lq502-p147	0	1	0	1
arma rompecabezas	https://es.robotoys.eu/rompecabezas-3d-de-madera/armas/thompson-rokr-lqb01-p74	0	4	0	14
armables en 3d	https://es.robotoys.eu/rompecabezas-3d-de-madera/arquitectura/puzzle-3d-de-madera-catedral-de-notre-dame-little-story-e017-p127	0	1	0	15
armas de madeira	https://pt.robotoys.eu/quebra-cabeca-3d-de-madeira/armas	0	1	0	11
armas rompecabezas	https://es.robotoys.eu/rompecabezas-3d-de-madera/armas	0	2	0	8
arme casse tete	https://fr.robotoys.eu/casse-tete-3d-en-bois/armes	0	6	0	11.17
art eco	https://cz.robotoys.eu/znacky/eco-wood-art	0	1	0	8
assemblaggio puzzle	https://it.robotoys.eu/blog	0	1	0	19
assemblaggio puzzle	https://it.robotoys.eu/blog/10-strumenti-di-cui-hai-bisogno-per-assemblare-un-puzzle-3d-in-legno	0	3	0	8.67
atividades coordenação motora	https://pt.robotoys.eu/blogue/top-5-atividades-que-apoiam-o-desenvolvimento-de-habilidades-motoras	0	1	0	22
atlantic 3d	https://cz.robotoys.eu/drevene-3d-puzzle/vozidla/drevene-3d-puzzle-eternal-atlantic-voyager-1912-rolife-tgl02-p223	0	1	0	6
aurumootor	https://ee.robotoys.eu/puidust-3d-pusle/stem-lab/puidust-mehaaniline-3d-pusle-aurumootor-rokr-lka01-p104	0	1	0	12
auto	https://it.robotoys.eu/puzzle-3d-in-legno/veicoli/puzzle-meccanico-3d-in-legno-auto-da-corsa-rossa-eco-wood-art-p152	0	1	0	7
auto 3d puzzle	https://it.robotoys.eu/puzzle-3d-in-legno/veicoli	0	2	0	4.5
auto eco	https://cz.robotoys.eu/drevene-3d-puzzle/vozidla/drevene-mechanicke-3d-puzzle-zlute-zavodni-auto-eco-wood-art-p151	0	1	0	28
auto puzzle	https://es.robotoys.eu/rompecabezas-3d-de-madera/vehiculos	0	1	0	3
auto puzzle 3d	https://it.robotoys.eu/puzzle-3d-in-legno/veicoli	0	17	0	5.35
autobus 3d	https://pl.robotoys.eu/drewniane-puzzle-3d/pojazdy/drewniane-puzzle-3d-londynski-autobus-turystyczny-rolife-tgm02-p106	0	3	0	8
autobus de madera	https://es.robotoys.eu/rompecabezas-3d-de-madera/vehiculos/puzzle-3d-de-madera-autobus-turistico-de-londres-rolife-tgm02-p106	0	1	0	1
automodel puzzel	https://nl.robotoys.eu/houten-3d-puzzel/voertuigen/grand-prix-automodel-rokr-mc401-p16	0	5	0	10
autós puzzle	https://hu.robotoys.eu/fabol-keszult-3d-puzzle/jarmuvek/veteran-auto-rokr-mc801-p72	0	7	0	6.57
avec images	https://robotoys.eu/miniature-houses/books-nook/sakura-densya-rolife-tgb01-p29	0	1	0	2
avec photo	https://robotoys.eu/wooden-3d-puzzle/the-universe/wooden-mechanical-3d-puzzle-solar-powered-car-harbinger-rover-rokr-ls402-p14	0	1	0	3
avion puzzle 3d	https://es.robotoys.eu/rompecabezas-3d-de-madera/vehiculos/puzzle-3d-de-madera-avion-little-story-d016-p130	0	1	0	1
avion puzzle 3d	https://fr.robotoys.eu/casse-tete-3d-en-bois/vehicules/puzzle-3d-en-bois-avion-little-story-d016-p130	0	3	0	2
avião de madeira grande	https://pt.robotoys.eu/quebra-cabeca-3d-de-madeira/veiculos/quebra-cabeca-3d-de-madeira-aviao-little-story-d016-p130	0	1	0	1
ayuda para armarlo	https://es.robotoys.eu/blog/haz-que-tu-cerebro-se-mueva-con-rompecabezas-mecanicos-de-madera-en-3d	0	1	0	3
bajkowy park rozrywki	https://pl.robotoys.eu/miniaturowe-domki/kacik-ksiazek/wkladka-do-regalu-bajkowy-park-rozrywki-rolife-tgb17-p257	0	6	0	32.5
balista	https://pl.robotoys.eu/drewniane-puzzle-3d/bronie/balista-machiny-oblezniczej-rokr-kw401-p15	0	1	0	1
balon 3d	https://pl.robotoys.eu/drewniane-puzzle-3d/pojazdy/balon-na-ogrzane-powietrze-rolife-tg406-p84	0	1	0	1
balon kombajn	https://si.robotoys.eu/lesena-3d-sestavljanka/vozila/lesena-mehanska-3d-sestavljanka-kombajn-za-zito-gh800-eco-wood-art-p160	0	1	0	8
barca lucia modellino	https://it.robotoys.eu/puzzle-3d-in-legno/veicoli/puzzle-3d-in-legno-barca-da-pesca-modello-rolife-tg308-p38	0	1	0	1
barca puzzle	https://it.robotoys.eu/puzzle-3d-in-legno/veicoli/puzzle-meccanico-3d-in-legno-barca-a-vela-cavalluccio-marino-rokr-mcb02-p212	0	1	0	1
barco a vapor	https://pt.robotoys.eu/quebra-cabeca-3d-de-madeira/veiculos/quebra-cabeca-3d-de-madeira-barco-a-vapor-river-princess-eco-wood-art-p159	0	1	0	16
barevné	https://cz.robotoys.eu/drevene-3d-puzzle/architektura/petipatrova-pagoda-rolife-tgn02-p45	0	1	0	1
barkács ajándék férfiaknak	https://hu.robotoys.eu/a-legkeresettebb-ajandekok-ferfiaknak-es-fiuknak	0	1	0	40
bat chatillon bourrasque	https://robotoys.eu/wooden-3d-puzzle/vehicles/wooden-3d-puzzle-bat-chatillon-bourrasque-little-story-wot04-p134	0	5	0	14.6
bat châtillon bourrasque	https://robotoys.eu/wooden-3d-puzzle/vehicles/wooden-3d-puzzle-bat-chatillon-bourrasque-little-story-wot04-p134	0	3	0	29.33
bat.-châtillon bourrasque	https://fr.robotoys.eu/casse-tete-3d-en-bois/vehicules/puzzle-3d-en-bois-bat-chatillon-bourrasque-little-story-wot04-p134	0	1	0	19
bateria madera	https://es.robotoys.eu/rompecabezas-3d-de-madera/instrumentos-musicales/bateria-rolife-tg409-p81	0	3	0	2
batteria 3d	https://it.robotoys.eu/puzzle-3d-in-legno/strumenti-musicali/batteria-rolife-tg409-p81	0	2	0	1.5
bauanleitung	https://de.robotoys.eu/3d-puzzle-aus-holz/waffen/mechanisches-3d-puzzle-aus-holz-flugabwehrkanone-rokr-lqm01-p255	0	1	0	12
baujahr tower bridge	https://de.robotoys.eu/bloggen/die-geschichte-der-beruhmten-tower-bridge-wie-sie-london-zu-ihnen-nach-hause-holen	0	3	0	33.67
başka	https://robotoys.eu/wooden-3d-puzzle/architecture/wooden-3d-puzzle-colosseum-little-story-e016-p126	0	1	0	2
başka	https://robotoys.eu/wooden-3d-puzzle/vehicles/wooden-mechanical-3d-puzzle-truck-road-king-eco-wood-art-p206	0	1	0	4
bedste gave til ham	https://dk.robotoys.eu/blog/den-bedste-gave-til-ham-original-med-et-strejf-af-historie	0	1	0	13
behandla stress	https://se.robotoys.eu/blogg/hur-man-blir-av-med-stress-10-effektiva-tips	0	1	0	54
bekende schilderijen nabootsen	https://nl.robotoys.eu/blog/geschiedenis-van-3d-houten-puzzels-van-het-begin-tot-het-heden	0	1	0	117
belevenis cadeau vrouw	https://nl.robotoys.eu/blog/7-onweerstaanbare-cadeau-ideeen-voor-vrouwen	0	1	0	58
bere	https://si.robotoys.eu/blog/najboljse-darilo-zanjo-carobni-koticek-za-knjigoljubca	0	1	0	8
berühmte brücke in england	https://de.robotoys.eu/bloggen/die-geschichte-der-beruhmten-tower-bridge-wie-sie-london-zu-ihnen-nach-hause-holen	0	1	0	13
best 3d wood puzzles for adults	https://robotoys.eu/wooden-3d-puzzle/architecture/five-story-pagoda-rolife-tgn02-p45	0	1	0	27
best glue for 3d wooden puzzles	https://robotoys.eu/blog/10-tools-you-need-when-assembling-a-wooden-3d-puzzle	0	2	0	6.5
best mechanical puzzles for kids	https://robotoys.eu/wooden-3d-puzzle/stem-lab/wooden-mechanical-3d-puzzle-gear-ball-challenge-rokr-egc01-p213	0	1	0	17
best rokr	https://robotoys.eu/the-best-rated-products-of-the-rokr-brand	0	30	0	5.6
best rokr model	https://robotoys.eu/the-best-rated-products-of-the-rokr-brand	0	3	0	7.67
best rokr puzzle	https://robotoys.eu/the-best-rated-products-of-the-rokr-brand	0	17	0	8.94
best rokr sets	https://robotoys.eu/the-best-rated-products-of-the-rokr-brand	0	9	0	8.33
betalingsmuligheder	https://dk.robotoys.eu/nyttige-links/ofte-stillede-sporgsmal/betalingsmuligheder	0	1	0	76
bewegende decoratie 6 letters	https://nl.robotoys.eu/houten-3d-puzzel/stem-lab/houten-mechanische-3d-puzzel-klassieke-printer-rokr-lk602-p90	0	1	0	33
bewegende decoratie puzzel	https://nl.robotoys.eu/blog/houten-3d-puzzels-hoe-kies-je-je-eerste-bouwset-en-waar-moet-je-je-op-voorbereiden	0	1	0	11
biblio bookstore	https://fr.robotoys.eu/maisons-miniatures/coin-livres/bookstore-rolife-tgb07-p76	0	1	0	37
biblioteca de montar	https://pt.robotoys.eu/casas-em-miniatura/quartos-em-miniatura/biblioteca-de-estudo-de-sam-rolife-dg102-p86	0	1	0	3
biblioteca diy	https://es.robotoys.eu/casas-en-miniatura/habitaciones-en-miniatura/biblioteca-de-estudio-de-sam-rolife-dg102-p86	0	2	0	2
biblioteca mini	https://it.robotoys.eu/case-in-miniatura/camere-in-miniatura/biblioteca-studio-di-sam-rolife-dg102-p86	0	2	0	11
biblioteca miniatura	https://es.robotoys.eu/casas-en-miniatura/habitaciones-en-miniatura/biblioteca-de-estudio-de-sam-rolife-dg102-p86	0	15	0	1.53
biblioteca miniatura	https://pt.robotoys.eu/casas-em-miniatura/quartos-em-miniatura/biblioteca-de-estudo-de-sam-rolife-dg102-p86	0	6	0	2.33
biblioteca miniatura para montar	https://pt.robotoys.eu/casas-em-miniatura/quartos-em-miniatura/biblioteca-de-estudo-de-sam-rolife-dg102-p86	0	1	0	1
biblioteka	https://hr.robotoys.eu/minijaturne-kuce/minijaturne-sobe/samova-radna-biblioteka-rolife-dg102-p86	0	1	0	2
bienen puzzle	https://de.robotoys.eu/3d-puzzle-aus-holz/die-tiere/3d-puzzle-aus-holz-biene-little-story-d001-p128	0	1	0	30
big ben 3d	https://de.robotoys.eu/3d-puzzle-aus-holz/die-architektur/big-ben-modell-mit-led-beleuchtung-rolife-tg507-p20	0	1	0	10
big ben model	https://cz.robotoys.eu/drevene-3d-puzzle/architektura/model-big-ben-s-led-osvetlenim-rolife-tg507-p20	0	2	0	1
big ben model	https://fr.robotoys.eu/casse-tete-3d-en-bois/architecture/modele-big-ben-avec-eclairage-led-rolife-tg507-p20	0	2	0	7.5
big ben model	https://robotoys.eu/wooden-3d-puzzle/architecture/big-ben-model-with-led-lighting-rolife-tg507-p20	0	2	0	4
big ben model kit	https://robotoys.eu/wooden-3d-puzzle/architecture/big-ben-model-with-led-lighting-rolife-tg507-p20	0	1	0	17
big ben puzzle	https://cz.robotoys.eu/drevene-3d-puzzle/architektura/model-big-ben-s-led-osvetlenim-rolife-tg507-p20	0	1	0	8
big ben puzzle	https://de.robotoys.eu/3d-puzzle-aus-holz/die-architektur/big-ben-modell-mit-led-beleuchtung-rolife-tg507-p20	0	1	0	11
big ben wooden puzzle	https://robotoys.eu/wooden-3d-puzzle/architecture/big-ben-model-with-led-lighting-rolife-tg507-p20	0	1	0	7
bijzonder cadeau vrouw	https://nl.robotoys.eu/blog/7-onweerstaanbare-cadeau-ideeen-voor-vrouwen	0	7	0	68.29
bild	https://de.robotoys.eu/3d-puzzle-aus-holz/waffen/ak-47-gewehr-rokr-lq901-p67	0	1	0	1
bilder	https://de.robotoys.eu/3d-puzzle-aus-holz/die-architektur/big-ben-modell-mit-led-beleuchtung-rolife-tg507-p20	0	2	0	5.5
bilder	https://de.robotoys.eu/3d-puzzle-aus-holz/stem-lab/marble-parkour-rokr-lg501-p42	0	1	0	75
bilder	https://robotoys.eu/wooden-3d-puzzle/vehicles/wooden-3d-puzzle-locomotive-little-story-e012-p124	0	1	0	1
bilittle	https://dk.robotoys.eu/trae-3d-puslespil/dyrene/trae-3d-puslespil-bi-little-story-d001-p128	0	12	0	7.33
bilmodel	https://dk.robotoys.eu/trae-3d-puslespil/koretojer/grand-prix-bilmodel-rokr-mc401-p16	0	3	0	54.67
bin ball	https://es.robotoys.eu/rompecabezas-3d-de-madera/stem-lab/pinball-rokr-eg01-p43	0	1	0	6
bite 3d	https://lv.robotoys.eu/koka-3d-puzle/dzivnieki/koka-3d-puzle-bite-little-story-d001-p128	0	1	0	7
bitte bilder	https://de.robotoys.eu/3d-puzzle-aus-holz/die-tiere/3d-puzzle-aus-holz-elefant-little-story-d012-p120	0	1	0	1
bitte bilder	https://de.robotoys.eu/3d-puzzle-aus-holz/fahrzeuge/holz-3d-puzzle-bagger-rokr-tg508k-p197	0	1	0	5
blijvend cadeau vrouw	https://nl.robotoys.eu/blog/7-onweerstaanbare-cadeau-ideeen-voor-vrouwen	0	12	0	48.67
bloemen van hout	https://nl.robotoys.eu/houten-3d-puzzel/bloemen	0	2	0	12
bloemensnoepjes	https://nl.robotoys.eu/miniatuur-huizen/miniatuur-winkels/miniatuurhuis-bloemensnoepjes-en-thee-rolife-dg146-p92	0	1	0	1
blog emeryta	https://pl.robotoys.eu/blog/budowanie-puzzli-najlepsza-aktywnosc-dla-emeryta	0	2	0	36.5
blomsterbutik	https://dk.robotoys.eu/miniaturehuse/miniature-butikker/blomsterbutik-emily-rolife-dg145-p25	0	1	0	18
blomsterkurv	https://dk.robotoys.eu/puslespil-konkurrence/trae-blomsterkurv-rowood-tw03h-210	0	1	0	58
blomsterkurv	https://dk.robotoys.eu/trae-3d-puslespil/blomster/trae-3d-puslespil-trae-blomsterkurv-rowood-tw03h-p210	0	1	0	24
blume 2000 voucher	https://de.robotoys.eu/3d-puzzle-aus-holz/blumen/3d-puzzle-aus-holz-rosa-tulpe-rowood-tw082-p161	0	1	0	1
blumen puzzle	https://de.robotoys.eu/3d-puzzle-aus-holz/blumen	0	7	0	24.86
blumen-arrangements puzzle	https://de.robotoys.eu/3d-puzzle-aus-holz/blumen	0	3	0	28
blumensträuße puzzle	https://de.robotoys.eu/3d-puzzle-aus-holz/blumen	0	3	0	33.33
bobni	https://si.robotoys.eu/lesena-3d-sestavljanka/glasbila/bobni-rolife-tg409-p81	0	1	0	1
bodelo	https://pt.robotoys.eu/quebra-cabeca-3d-de-madeira/veiculos/bodelo-de-escavadeira-rokr-tg509k-p32	0	2	0	9.5
bois	https://fr.robotoys.eu/casse-tete-3d-en-bois/architecture/puzzle-3d-en-bois-sagrada-familia-little-story-e018-p133	0	1	0	2
bois	https://robotoys.eu/wooden-3d-puzzle/architecture/wooden-3d-puzzle-sagrada-familia-little-story-e018-p133	0	1	0	4
bois espace	https://robotoys.eu/wooden-3d-puzzle/the-universe/wooden-mechanical-3d-puzzle-solar-powered-car-harbinger-rover-rokr-ls402-p14	0	1	0	7
bonde de brinquedo	https://pt.robotoys.eu/quebra-cabeca-3d-de-madeira/veiculos/quebra-cabeca-3d-de-madeira-bonde-urbano-classico-rokr-lk801-p88	0	1	0	6
bonsai 3d puzzle	https://de.robotoys.eu/3d-puzzle-aus-holz/blumen/holz-3d-puzzle-immergruner-kiefernbonsai-rolife-tg510-p143	0	5	0	4.6
bonsai 3d puzzle	https://hu.robotoys.eu/fabol-keszult-3d-puzzle/viragok/fa-3d-puzzle-sakura-bonsai-rolife-tg415-p142	0	1	0	1
bonsai 3d puzzle	https://hu.robotoys.eu/fabol-keszult-3d-puzzle/viragok/fabol-keszult-3d-puzzle-evergreen-pine-bonsai-rolife-tg510-p143	0	1	0	1
bonsai 3d puzzle	https://robotoys.eu/wooden-3d-puzzle/flowers/wooden-3d-puzzle-sakura-bonsai-rolife-tg415-p142	0	4	0	5
bonsai puzzle	https://cz.robotoys.eu/drevene-3d-puzzle/kvety/drevene-3d-puzzle-sakura-bonsai-rolife-tg415-p142	0	4	0	1
bonsai puzzle	https://de.robotoys.eu/3d-puzzle-aus-holz/blumen/holz-3d-puzzle-immergruner-kiefernbonsai-rolife-tg510-p143	0	2	0	7.5
bonsai puzzle	https://es.robotoys.eu/rompecabezas-3d-de-madera/flores/rompecabezas-3d-de-madera-sakura-bonsai-rolife-tg415-p142	0	1	0	13
bonsai puzzle	https://fr.robotoys.eu/casse-tete-3d-en-bois/fleurs/puzzle-3d-en-bois-sakura-bonsai-rolife-tg415-p142	0	1	0	1
bonsai puzzle	https://hu.robotoys.eu/fabol-keszult-3d-puzzle/viragok/fa-3d-puzzle-sakura-bonsai-rolife-tg415-p142	0	1	0	1
bonsai puzzle	https://hu.robotoys.eu/fabol-keszult-3d-puzzle/viragok/fabol-keszult-3d-puzzle-evergreen-pine-bonsai-rolife-tg510-p143	0	1	0	1
bonsai puzzle	https://it.robotoys.eu/puzzle-3d-in-legno/fiori/puzzle-3d-in-legno-sakura-bonsai-rolife-tg415-p142	0	2	0	8
bonsai puzzle	https://ro.robotoys.eu/puzzle-3d-din-lemn/flori/puzzle-3d-din-lemn-evergreen-pine-bonsai-rolife-tg510-p143	0	2	0	7.5
bonsai puzzle	https://ro.robotoys.eu/puzzle-3d-din-lemn/flori/puzzle-3d-din-lemn-sakura-bonsai-rolife-tg415-p142	0	1	0	1
bonsai puzzle	https://robotoys.eu/wooden-3d-puzzle/flowers/wooden-3d-puzzle-evergreen-pine-bonsai-rolife-tg510-p143	0	1	0	13
bonsai puzzle	https://robotoys.eu/wooden-3d-puzzle/flowers/wooden-3d-puzzle-sakura-bonsai-rolife-tg415-p142	0	8	0	4.38
bonsai puzzle 3d	https://es.robotoys.eu/rompecabezas-3d-de-madera/flores/rompecabezas-3d-de-madera-bonsai-de-pino-perenne-rolife-tg510-p143	0	2	0	11
bonsai puzzle 3d	https://es.robotoys.eu/rompecabezas-3d-de-madera/flores/rompecabezas-3d-de-madera-sakura-bonsai-rolife-tg415-p142	0	1	0	1
bonsai puzzle 3d	https://fr.robotoys.eu/casse-tete-3d-en-bois/fleurs/puzzle-3d-en-bois-pin-a-feuilles-persistantes-bonsai-rolife-tg510-p143	0	4	0	8.75
bonsai puzzle 3d	https://robotoys.eu/wooden-3d-puzzle/flowers/wooden-3d-puzzle-evergreen-pine-bonsai-rolife-tg510-p143	0	1	0	9
bonsai puzzle 3d	https://robotoys.eu/wooden-3d-puzzle/flowers/wooden-3d-puzzle-sakura-bonsai-rolife-tg415-p142	0	2	0	2
bonsai sakura	https://cz.robotoys.eu/drevene-3d-puzzle/kvety/drevene-3d-puzzle-sakura-bonsai-rolife-tg415-p142	0	4	0	2.25
bonsai sakura	https://hu.robotoys.eu/fabol-keszult-3d-puzzle/viragok/fa-3d-puzzle-sakura-bonsai-rolife-tg415-p142	0	1	0	11
bonsai sakura	https://it.robotoys.eu/concorso-di-puzzle/sakura-bonsai-rolife-tg415-142	0	1	0	15
bonsai sakura	https://pl.robotoys.eu/drewniane-puzzle-3d/kwiaty/drewniana-ukladanka-3d-sakura-bonsai-rolife-tg415-p142	0	1	0	1
bonsai sakura	https://robotoys.eu/wooden-3d-puzzle/flowers/wooden-3d-puzzle-sakura-bonsai-rolife-tg415-p142	0	5	0	6.6
bonsai sakura	https://si.robotoys.eu/lesena-3d-sestavljanka/roze/lesena-3d-sestavljanka-sakura-bonsai-rolife-tg415-p142	0	1	0	2
bonsai sakura prodej	https://cz.robotoys.eu/drevene-3d-puzzle/kvety/drevene-3d-puzzle-sakura-bonsai-rolife-tg415-p142	0	1	0	27
bonsai tree puzzle	https://robotoys.eu/wooden-3d-puzzle/flowers/wooden-3d-puzzle-sakura-bonsai-rolife-tg415-p142	0	6	0	3.67
book look	https://it.robotoys.eu/case-in-miniatura/angolo-dei-libri/inserto-libreria-venezia-romantica-rolife-tgb08-p107	0	1	0	1
book nook	https://bg.robotoys.eu/mynyatiurny-kshchy/knygy-nook	0	12	0	8.25
book nook	https://cz.robotoys.eu/miniaturni-domecky/books-nook	0	54	0	11.2
book nook	https://gr.robotoys.eu/mikroskopika-spitia/biblia-nook/entheto-bibliothhkhs-taksidi-sth-xwra-twn-thaymatwn-rolife-tgb12-p165	0	1	0	8
book nook	https://si.robotoys.eu/miniaturne-hise/knjige-nook	0	1	0	2
book nook - alice adventure	https://fr.robotoys.eu/maisons-miniatures/coin-livres/insert-de-bibliotheque-voyage-au-pays-des-merveilles-rolife-tgb12-p165	0	20	0	1
book nook and wonderland sakura densya	https://robotoys.eu/miniature-houses/books-nook/sakura-densya-rolife-tgb01-p29	0	1	0	10
book nook bg	https://bg.robotoys.eu/mynyatiurny-kshchy/knygy-nook	0	10	0	6.6
book nook rolife	https://hu.robotoys.eu/miniatur-hazak/konyvek-kucko/konyvespolc-betet-virag-sarok-rolife-tgb09-p108	0	2	0	8
book nook rolife garden house	https://robotoys.eu/miniature-houses/books-nook/holiday-garden-house-rolife-tgb06-p78	0	1	0	29
book nook rolife sakura	https://it.robotoys.eu/case-in-miniatura/angolo-dei-libri/sakura-densya-rolife-tgb01-p29	0	3	0	2
book nook sakura	https://it.robotoys.eu/case-in-miniatura/angolo-dei-libri/sakura-densya-rolife-tgb01-p29	0	3	0	9
book nook sakura	https://robotoys.eu/miniature-houses/books-nook/sakura-densya-rolife-tgb01-p29	0	8	0	15
book nook sakura densya	https://cz.robotoys.eu/miniaturni-domecky/books-nook/sakura-densya-rolife-tgb01-p29	0	2	0	1
book nook sakura densya	https://it.robotoys.eu/case-in-miniatura/angolo-dei-libri/sakura-densya-rolife-tgb01-p29	0	21	0	6.86
book nook sakura densya	https://robotoys.eu/miniature-houses/books-nook/sakura-densya-rolife-tgb01-p29	0	19	0	12.26
book nook sunshine town	https://cz.robotoys.eu/miniaturni-domecky/books-nook/sunshine-town-rolife-tgb02-p30	0	2	0	1
book nook tgb07	https://it.robotoys.eu/case-in-miniatura/angolo-dei-libri/bookstore-rolife-tgb07-p76	0	1	0	7
book nook tgb07	https://robotoys.eu/miniature-houses/books-nook/bookstore-rolife-tgb07-p76	0	1	0	8
book nook tgb09	https://robotoys.eu/miniature-houses/books-nook/bookshelf-insert-flower-corner-rolife-tgb09-p108	0	13	0	15.38
book nook tgb10	https://fr.robotoys.eu/maisons-miniatures/coin-livres/insert-de-bibliotheque-arcade-dating-rolife-tgb10-p148	0	1	0	9
book nook tgb10	https://robotoys.eu/miniature-houses/books-nook/bookshelf-insert-arcade-dating-rolife-tgb10-p148	0	4	0	10
book nook wonderland sakura densya	https://it.robotoys.eu/case-in-miniatura/angolo-dei-libri/sakura-densya-rolife-tgb01-p29	0	1	0	9
book noook	https://cz.robotoys.eu/miniaturni-domecky/books-nook	0	1	0	10
book.nook	https://hr.robotoys.eu/minijaturne-kuce/knjige-nook	0	1	0	4
booknook	https://bg.robotoys.eu/mynyatiurny-kshchy/knygy-nook	0	1	0	5
booknook rolife	https://cz.robotoys.eu/miniaturni-domecky/books-nook	0	1	0	9
booknook rolife	https://si.robotoys.eu/miniaturne-hise/knjige-nook/knjizni-vlozek-cvetlicni-koticek-rolife-tgb09-p108	0	1	0	7
booknook sakura	https://robotoys.eu/miniature-houses/books-nook/sakura-densya-rolife-tgb01-p29	0	1	0	5
booknook sakura densya	https://robotoys.eu/miniature-houses/books-nook/sakura-densya-rolife-tgb01-p29	0	1	0	7
books nook	https://cz.robotoys.eu/miniaturni-domecky/books-nook	0	1	0	8
booksnook	https://robotoys.eu/miniature-houses/books-nook	0	4	0	7.25
bookstore rolife	https://it.robotoys.eu/case-in-miniatura/angolo-dei-libri/bookstore-rolife-tgb07-p76	0	1	0	10
borrasque	https://es.robotoys.eu/rompecabezas-3d-de-madera/vehiculos/puzzle-3d-de-madera-bat-chatillon-bourrasque-little-story-wot04-p134	0	1	0	7
both	https://robotoys.eu/wooden-3d-puzzle/weapons/wooden-mechanical-3d-puzzle-machine-gun-with-rotating-barrel-rokr-lqa01-p218	0	1	0	6
bourrasque	https://es.robotoys.eu/rompecabezas-3d-de-madera/vehiculos/puzzle-3d-de-madera-bat-chatillon-bourrasque-little-story-wot04-p134	0	2	0	7.5
bourrasque	https://robotoys.eu/wooden-3d-puzzle/vehicles/wooden-3d-puzzle-bat-chatillon-bourrasque-little-story-wot04-p134	0	3	0	32
bourrasque tank	https://fr.robotoys.eu/casse-tete-3d-en-bois/vehicules/puzzle-3d-en-bois-bat-chatillon-bourrasque-little-story-wot04-p134	0	1	0	12
bourrasque tank	https://robotoys.eu/wooden-3d-puzzle/vehicles/wooden-3d-puzzle-bat-chatillon-bourrasque-little-story-wot04-p134	0	5	0	4.4
bourrasque toy story	https://robotoys.eu/wooden-3d-puzzle/vehicles/wooden-3d-puzzle-bat-chatillon-bourrasque-little-story-wot04-p134	0	1	0	5
boutique miniature	https://fr.robotoys.eu/maisons-miniatures/boutiques-miniatures	0	1	0	54
boutique objet miniature	https://fr.robotoys.eu/maisons-miniatures/boutiques-miniatures	0	4	0	33
božična darila zanjo	https://si.robotoys.eu/ideje-za-darila/darila-za-bozic	0	1	0	29
božična darila zanjo	https://si.robotoys.eu/najdrazja-darila-za-bozic?page=4	0	1	0	11
brandenburg puzzle	https://de.robotoys.eu/3d-puzzle-aus-holz/die-architektur/3d-puzzle-aus-holz-brandenburger-tor-little-story-e015-p125	0	3	0	9.33
brandenburg puzzle	https://robotoys.eu/wooden-3d-puzzle/architecture/wooden-3d-puzzle-brandenburg-gate-little-story-e015-p125	0	1	0	20
brandenburger tor 3d	https://de.robotoys.eu/3d-puzzle-aus-holz/die-architektur/3d-puzzle-aus-holz-brandenburger-tor-little-story-e015-p125	0	1	0	1
brandenburger tor 3d puzzle	https://de.robotoys.eu/3d-puzzle-aus-holz/die-architektur/3d-puzzle-aus-holz-brandenburger-tor-little-story-e015-p125	0	25	0	7.08
brandenburger tor 3d puzzle	https://robotoys.eu/wooden-3d-puzzle/architecture/wooden-3d-puzzle-brandenburg-gate-little-story-e015-p125	0	2	0	4.5
brandenburger tor puzzle	https://de.robotoys.eu/3d-puzzle-aus-holz/die-architektur/3d-puzzle-aus-holz-brandenburger-tor-little-story-e015-p125	0	8	0	6.5
brandenburgi värav	https://ee.robotoys.eu/puidust-3d-pusle/arhitektuur/puidust-3d-pusle-brandenburgi-varav-little-story-e015-p125	0	2	0	2
brandenburgo vartai	https://lt.robotoys.eu/medine-3d-delione/architektura/medine-3d-delione-brandenburgo-vartai-little-story-e015-p125	0	8	0	13.25
bridge londres	https://fr.robotoys.eu/blog/lhistoire-du-celebre-tower-bridge-comment-amener-londres-chez-vous	0	1	0	17
bridge londres	https://pl.robotoys.eu/blog/the-story-of-the-famous-tower-bridge-how-to-bring-london-to-your-home	0	2	0	18
bridge puzzle	https://de.robotoys.eu/3d-puzzle-aus-holz/die-architektur/tower-bridge-modell-mit-led-beleuchtung-rolife-tg412-p19	0	1	0	19
bridge tower	https://gr.robotoys.eu/istologio/h-istoria-ths-diashmhs-gefyras-tower-bridge-pws-na-fereis-to-londino-sto-spiti-soy	0	1	0	8
bridge tower bridge	https://pt.robotoys.eu/blogue/a-historia-da-famosa-tower-bridge-como-levar-londres-para-a-sua-casa	0	1	0	35
bridge tower londres	https://pt.robotoys.eu/blogue/a-historia-da-famosa-tower-bridge-como-levar-londres-para-a-sua-casa	0	1	0	27
brique motricité	https://fr.robotoys.eu/blog/5-avantages-des-briques-creatives-pour-le-developpement-de-la-motricite-fine-et-de-la-concentration	0	1	0	5
bro i london	https://dk.robotoys.eu/blog/historien-om-den-beromte-tower-bridge-sadan-bringer-du-london-til-dit-hjem	0	28	0	11.21
bro london	https://dk.robotoys.eu/blog/historien-om-den-beromte-tower-bridge-sadan-bringer-du-london-til-dit-hjem	0	6	0	10
bro london bridge	https://dk.robotoys.eu/blog/historien-om-den-beromte-tower-bridge-sadan-bringer-du-london-til-dit-hjem	0	1	0	8
broer i london	https://dk.robotoys.eu/blog/historien-om-den-beromte-tower-bridge-sadan-bringer-du-london-til-dit-hjem	0	15	0	9.47
bronie z drewna	https://pl.robotoys.eu/drewniane-puzzle-3d/bronie	0	9	0	10.11
broń ak 47	https://pl.robotoys.eu/drewniane-puzzle-3d/bronie/karabin-ak-47-rokr-lq901-p67	0	3	0	15.67
bruder tuletõrjeauto	https://ee.robotoys.eu/puidust-3d-pusle/soidukid/puidust-mehaaniline-3d-pusle-tuletorjeauto-eco-wood-art-p208	0	3	0	22
brug in londen	https://nl.robotoys.eu/blog/het-verhaal-van-de-beroemde-tower-bridge-hoe-je-londen-bij-je-thuis-brengt	0	2	0	32.5
brug londen	https://nl.robotoys.eu/blog/het-verhaal-van-de-beroemde-tower-bridge-hoe-je-londen-bij-je-thuis-brengt	0	1	0	29
brug london	https://nl.robotoys.eu/blog/het-verhaal-van-de-beroemde-tower-bridge-hoe-je-londen-bij-je-thuis-brengt	0	1	0	8
bruksanvisning	https://se.robotoys.eu/3d-pussel-i-tra/djuren/tra-3d-pussel-kangaroo-little-story-d014-p122	0	1	0	10
brücke in london name	https://de.robotoys.eu/bloggen/die-geschichte-der-beruhmten-tower-bridge-wie-sie-london-zu-ihnen-nach-hause-holen	0	1	0	29
brücken & brunnen puzzle	https://de.robotoys.eu/3d-puzzle-aus-holz/die-architektur/tower-bridge-modell-mit-led-beleuchtung-rolife-tg412-p19	0	2	0	38.5
brücken puzzle	https://de.robotoys.eu/3d-puzzle-aus-holz/die-architektur/tower-bridge-modell-mit-led-beleuchtung-rolife-tg412-p19	0	1	0	29
buho reloj	https://es.robotoys.eu/rompecabezas-3d-de-madera/relojes-y-calendarios/reloj-buho-rokr-lk503-p6	0	1	0	10
build a mini room kit	https://robotoys.eu/miniature-houses/miniature-rooms	0	3	0	7.33
build a room kit	https://robotoys.eu/miniature-houses/miniature-rooms	0	2	0	9.5
build mini room	https://robotoys.eu/miniature-houses/miniature-rooms	0	4	0	8.5
build your mini room	https://robotoys.eu/miniature-houses/miniature-rooms	0	7	0	7.57
build your mini room action	https://robotoys.eu/miniature-houses/miniature-rooms	0	1	0	7
build your mini room story room	https://robotoys.eu/miniature-houses/miniature-rooms	0	4	0	8.5
build your own mini room	https://robotoys.eu/miniature-houses/miniature-rooms	0	43	0	8
build your own mini room action	https://robotoys.eu/miniature-houses/miniature-rooms	0	2	0	6.5
build your own mini room kit	https://robotoys.eu/miniature-houses/miniature-rooms	0	10	0	8
building 3d puzzle	https://robotoys.eu/wooden-3d-puzzle/architecture	0	1	0	11
building kits for adults	https://robotoys.eu/wooden-3d-puzzle/architecture/five-story-pagoda-rolife-tgn02-p45	0	1	0	33
building puzzle	https://robotoys.eu/wooden-3d-puzzle/architecture	0	1	0	3
buket cvijeća	https://hr.robotoys.eu/drvena-3d-slagalica/cvijece/drvena-3d-puzzle-buket-cvijeca-rowood-tw01h-p100	0	69	0	13.75
bukietowy 3d	https://pl.robotoys.eu/drewniane-puzzle-3d/kwiaty/drewniane-puzzle-3d-bukiet-kwiatow-rowood-tw01h-p100	0	14	0	5.43
bul	https://robotoys.eu/wooden-3d-puzzle/architecture/wooden-3d-puzzle-brandenburg-gate-little-story-e015-p125	0	1	0	17
buscame	https://robotoys.eu/wooden-3d-puzzle/the-universe/solar-system-rokr-st001-p71	0	1	0	8
byg selv minihus	https://dk.robotoys.eu/blog/hvad-du-skal-vide-for-du-bygger-miniaturehuse	0	2	0	39.5
bygga miniatyrer	https://se.robotoys.eu/blogg/vad-du-behover-veta-innan-du-bygger-miniatyrhus	0	6	0	12.5
bygga miniatyrhus	https://se.robotoys.eu/blogg/vad-du-behover-veta-innan-du-bygger-miniatyrhus	0	46	0	8.02
bygga miniatyrhus	https://se.robotoys.eu/miniatyrhus	0	1	0	22
bygga miniatyrhus material	https://se.robotoys.eu/miniatyrhus	0	1	0	25
bygga minihus	https://se.robotoys.eu/blogg/vad-du-behover-veta-innan-du-bygger-miniatyrhus	0	1	0	51
byggesæt i træ	https://dk.robotoys.eu/blog/lille-historie-3d-byggesaet-der-kombinerer-kreativitet-sjov-og-kvalitet	0	14	0	11.07
byggesæt i træ til voksne	https://dk.robotoys.eu/blog/lille-historie-3d-byggesaet-der-kombinerer-kreativitet-sjov-og-kvalitet	0	64	0	9.42
byggesæt træ	https://dk.robotoys.eu/blog/lille-historie-3d-byggesaet-der-kombinerer-kreativitet-sjov-og-kvalitet	0	1	0	11
byggesæt voksne	https://dk.robotoys.eu/trae-3d-puslespil/arkitektur/trae-3d-puslespil-sakura-traehus-rolife-tgs04-p201	0	1	0	11
byggsats miniatyrhus	https://se.robotoys.eu/blogg/vad-du-behover-veta-innan-du-bygger-miniatyrhus	0	1	0	15
byggsats miniatyrhus	https://se.robotoys.eu/miniatyrhus	0	12	0	8.67
bästa pris	https://se.robotoys.eu/3d-pussel-i-tra/speldosor/mekaniskt-3d-pussel-i-tra-klassisk-karusell-rolife-amc01-p146	0	1	0	24
c'est où	https://robotoys.eu/wooden-3d-puzzle/clocks-calendars/romantic-note-wall-clock-rokr-lc701-p56	0	1	0	15
c'è ne sono in vendita?	https://it.robotoys.eu/puzzle-3d-in-legno/architettura/puzzle-3d-in-legno-colosseo-little-story-e016-p126	0	1	0	16
cabeça instrumentos musicais	https://pt.robotoys.eu/quebra-cabeca-3d-de-madeira/instrumentos-musicais	0	2	0	8
cadeau 23 jaar vrouw	https://nl.robotoys.eu/blog/7-onweerstaanbare-cadeau-ideeen-voor-vrouwen	0	1	0	4
cadeau fixe les femmes	https://fr.robotoys.eu/blog/7-idees-cadeaux-irresistibles-pour-les-femmes	0	3	0	34.33
cadeau ideeen vrouw	https://nl.robotoys.eu/blog/7-onweerstaanbare-cadeau-ideeen-voor-vrouwen	0	1	0	54
cadeau ideeën vrouw	https://nl.robotoys.eu/blog/7-onweerstaanbare-cadeau-ideeen-voor-vrouwen	0	1	0	50
cadeau inspiratie vrouw	https://nl.robotoys.eu/blog/7-onweerstaanbare-cadeau-ideeen-voor-vrouwen	0	2	0	55.5
cadeau pour femmes	https://fr.robotoys.eu/blog/7-idees-cadeaux-irresistibles-pour-les-femmes	0	1	0	11
cadeau pour homme qui a deja tout	https://fr.robotoys.eu/blog/un-cadeau-pour-lhomme-qui-a-deja-tout-24-astuces-originales-qui-le-surprendront-vraiment	0	1	0	33
cadeau tips voor vrouwen	https://nl.robotoys.eu/blog/7-onweerstaanbare-cadeau-ideeen-voor-vrouwen	0	3	0	46
cadeau voor jezelf vrouw	https://nl.robotoys.eu/blog/7-onweerstaanbare-cadeau-ideeen-voor-vrouwen	0	1	0	56
cadeau vrouw idee	https://nl.robotoys.eu/blog/7-onweerstaanbare-cadeau-ideeen-voor-vrouwen	0	1	0	58
cadeau-ideeën voor haar	https://nl.robotoys.eu/blog/7-onweerstaanbare-cadeau-ideeen-voor-vrouwen	0	1	0	5
cadeau-ideeën voor vrouwen	https://nl.robotoys.eu/blog/7-onweerstaanbare-cadeau-ideeen-voor-vrouwen	0	3	0	43.67
cadeaubon voor vrouwen	https://nl.robotoys.eu/blog/7-onweerstaanbare-cadeau-ideeen-voor-vrouwen	0	1	0	14
cadeautip voor haar	https://nl.robotoys.eu/blog/7-onweerstaanbare-cadeau-ideeen-voor-vrouwen	0	1	0	12
cadeautip vrouw	https://nl.robotoys.eu/blog/7-onweerstaanbare-cadeau-ideeen-voor-vrouwen	0	5	0	63
cadeautip vrouwen	https://nl.robotoys.eu/blog/7-onweerstaanbare-cadeau-ideeen-voor-vrouwen	0	1	0	50
cadeautips dames	https://nl.robotoys.eu/blog/7-onweerstaanbare-cadeau-ideeen-voor-vrouwen	0	55	0	55.53
cadeautips voor haar	https://nl.robotoys.eu/blog/7-onweerstaanbare-cadeau-ideeen-voor-vrouwen	0	4	0	12.5
cadeautips vrouw	https://nl.robotoys.eu/blog/7-onweerstaanbare-cadeau-ideeen-voor-vrouwen	0	3	0	58.33
cadeautips vrouwen	https://nl.robotoys.eu/blog/7-onweerstaanbare-cadeau-ideeen-voor-vrouwen	0	1	0	52
cadou iubitor de cărți	https://ro.robotoys.eu/blog/cel-mai-bun-cadou-pentru-ea-un-colt-magic-pentru-un-iubitor-de-carte	0	9	0	7
cadou pentru un barbat care are de toate	https://ro.robotoys.eu/blog/un-cadou-pentru-barbatul-care-are-deja-totul-24-de-sfaturi-originale-care-il-vor-surprinde-cu-adevarat	0	6	0	39.83
cadouri de ziua lui	https://ro.robotoys.eu/idei-de-cadouri/cadouri-de-ziua-de-nastere	0	1	0	45
cadouri pentru indragostiti	https://ro.robotoys.eu/blog/5-cele-mai-bune-cadouri-de-ziua-indragostitilor-care-vor-multumi-pe-toata-lumea	0	2	0	48
cafe miniature	https://fr.robotoys.eu/maisons-miniatures/boutiques-miniatures/cafe-a-simon-rolife-dg109-p64	0	4	0	14.5
caitria rosalind wheeler 2 player wood puzzle	https://robotoys.eu/wooden-3d-puzzle-more-than-300-pcs	0	1	0	48
caixa para colocar	https://pt.robotoys.eu/quebra-cabeca-3d-de-madeira/relogios-calendarios/quebra-cabeca-mecanico-3d-de-madeira-relogio-cuco-rokr-lc901c-p198	0	1	0	35
calendari pieghevoli con tre blocchetti	https://it.robotoys.eu/puzzle-3d-in-legno/orologi-calendari/calendario-perpetuo-rokr-lk201-p55	0	4	0	42.25
calendario 3d da strappare	https://it.robotoys.eu/puzzle-3d-in-legno/orologi-calendari/calendario-perpetuo-rokr-lk201-p55	0	1	0	18
camelia wood	https://fr.robotoys.eu/casse-tete-3d-en-bois/fleurs/puzzle-3d-en-bois-camelia-rouge-rowood-tw031-p102	0	1	0	2
camion modelo 3d	https://it.robotoys.eu/puzzle-3d-in-legno/veicoli/camion-ribaltabile-modello-rokr-tg603k-p34	0	2	0	4
camión de bomberos	https://es.robotoys.eu/rompecabezas-3d-de-madera/vehiculos/rompecabezas-mecanico-3d-de-madera-camion-de-bomberos-eco-wood-art-p208	0	40	0	2.58
can you show a pic	https://robotoys.eu/wooden-3d-puzzle/vehicles/wooden-3d-puzzle-helicopter-little-story-d017-p131	0	1	0	7
can you show me them?	https://robotoys.eu/wooden-3d-puzzle/vehicles/wooden-mechanical-3d-puzzle-red-racing-car-eco-wood-art-p152	0	1	0	26
can you show pictures?	https://robotoys.eu/wooden-3d-puzzle/stem-lab/wooden-mechanical-3d-puzzle-gear-ball-challenge-rokr-egc01-p213	0	1	0	42
canguru	https://pt.robotoys.eu/quebra-cabeca-3d-de-madeira/os-animais/quebra-cabeca-3d-de-madeira-canguru-little-story-d014-p122	0	1	0	1
cantinho da fantasia	https://pt.robotoys.eu/casas-em-miniatura/recanto-dos-livros/encaixe-para-estante-cantinho-de-fantasia-magica-rolife-tgb14-p221	0	1	0	8
capriccio	https://dk.robotoys.eu/puslespil-konkurrence/violin-capriccio-rokr-tg604k-66	0	1	0	75
car puzzle	https://es.robotoys.eu/rompecabezas-3d-de-madera/vehiculos	0	2	0	39
car puzzle 3d	https://es.robotoys.eu/rompecabezas-3d-de-madera/vehiculos	0	1	0	35
car puzzle 3d	https://robotoys.eu/wooden-3d-puzzle/vehicles/wooden-mechanical-3d-puzzle-red-racing-car-eco-wood-art-p152	0	2	0	9
car puzzles	https://es.robotoys.eu/rompecabezas-3d-de-madera/vehiculos	0	2	0	47
care e mai frumoasă	https://robotoys.eu/wooden-3d-puzzle/architecture/wooden-3d-puzzle-sagrada-familia-little-story-e018-p133	0	1	0	6
care sunt beneficiile hobby-urilor pentru sanatatea fizica	https://ro.robotoys.eu/blog/cum-sa-scapi-de-stres-10-sfaturi-eficiente	0	1	0	67
care sunt hobby-urile care combina sport si relaxare	https://ro.robotoys.eu/blog/un-cadou-pentru-barbatul-care-are-deja-totul-24-de-sfaturi-originale-care-il-vor-surprinde-cu-adevarat	0	4	0	54.25
carillon 3d	https://it.robotoys.eu/puzzle-3d-in-legno/carillon	0	3	0	3.67
carillon 3d	https://it.robotoys.eu/puzzle-3d-in-legno/carillon/carillon-swing-ride-rokr-ea02-p4	0	2	0	3
carousel rolife	https://fr.robotoys.eu/casse-tete-3d-en-bois/boites-a-musique/puzzle-3d-mecanique-en-bois-carrousel-classique-rolife-amc01-p146	0	2	0	5
carousel rolife	https://robotoys.eu/wooden-3d-puzzle/music-boxes/wooden-mechanical-3d-puzzle-classic-carousel-rolife-amc01-p146	0	2	0	6.5
carrinho em 3d	https://pt.robotoys.eu/quebra-cabeca-3d-de-madeira/veiculos/quebra-cabeca-mecanico-3d-de-madeira-carro-de-corrida-rokr-lk505-p141	0	1	0	1
carro t34	https://pt.robotoys.eu/quebra-cabeca-3d-de-madeira/veiculos/quebra-cabeca-3d-de-madeira-tanque-t-34-85-little-story-wot02-p135	0	1	0	28
carros de madera para carreras	https://es.robotoys.eu/rompecabezas-3d-de-madera/vehiculos/puzzle-mecanico-3d-de-madera-coche-de-carreras-rokr-lk505-p141	0	1	0	5
carrossel de madeira	https://pt.robotoys.eu/quebra-cabeca-3d-de-madeira/caixas-de-musica/quebra-cabeca-mecanico-3d-de-madeira-carrossel-classico-rolife-amc01-p146	0	1	0	4
carrousel en bois	https://fr.robotoys.eu/casse-tete-3d-en-bois/boites-a-musique/carrousel-romantique-rokr-amk62-p77	0	1	0	22
carrusel romantico madera	https://es.robotoys.eu/rompecabezas-3d-de-madera/cajas-de-musica/carrusel-romantico-rokr-amk62-p77	0	27	0	1
cars 3d puzzle	https://robotoys.eu/wooden-3d-puzzle/vehicles	0	1	0	11
cartartem book nook	https://hu.robotoys.eu/miniatur-hazak/konyvek-kucko	0	1	0	11
carura	https://ro.robotoys.eu/puzzle-3d-din-lemn/vehicule/puzzle-3d-din-lemn-carura-regala-rolife-tg302-p62	0	6	0	5.5
casa das miniaturas	https://pt.robotoys.eu/as-casas-em-miniatura-mais-populares	0	3	0	9
casa de madeira miniatura	https://pt.robotoys.eu/casas-em-miniatura	0	4	0	7.5
casa de miniatura	https://es.robotoys.eu/casas-en-miniatura/tiendas-de-miniaturas	0	3	0	20.33
casa de miniaturas	https://pt.robotoys.eu/casas-em-miniatura	0	2	0	12
casa de miniaturas	https://pt.robotoys.eu/casas-em-miniatura/lojas-de-miniaturas	0	2	0	6
casa de muñecas en miniatura	https://es.robotoys.eu/casas-en-miniatura/tiendas-de-miniaturas	0	4	0	32.75
casa de muñecas miniatura	https://es.robotoys.eu/casas-en-miniatura/tiendas-de-miniaturas	0	1	0	32
casa difícil	https://es.robotoys.eu/casas-en-miniatura-dificultad-alta	0	1	0	9
casa em miniatura	https://pt.robotoys.eu/casas-em-miniatura	0	17	0	8.06
casa em miniatura para montar	https://pt.robotoys.eu/casas-em-miniatura	0	2	0	7.5
casa em miniatura para montar	https://pt.robotoys.eu/casas-em-miniatura-tempo-de-montagem-superior-a-5-horas	0	1	0	3
casa en miniatura	https://es.robotoys.eu/casas-en-miniatura/tiendas-de-miniaturas	0	2	0	25.5
casa in miniatura	https://it.robotoys.eu/case-in-miniatura	0	60	0	8.83
casa in miniatura	https://ro.robotoys.eu/case-miniaturale	0	1	0	10
casa in miniatura - biblioteca studio di sam rolife dg102	https://it.robotoys.eu/case-in-miniatura/camere-in-miniatura/biblioteca-studio-di-sam-rolife-dg102-p86	0	5	0	1
casa in miniatura da costruire	https://it.robotoys.eu/case-in-miniatura	0	6	0	12.5
casa in miniatura da costruire	https://it.robotoys.eu/case-in-miniatura/camere-in-miniatura/casa-in-miniatura-villa-accogliente-per-cuccioli-rolife-dg169-p149	0	1	0	15
casa in miniatura fai da te	https://it.robotoys.eu/case-in-miniatura	0	1	0	11
casa mini	https://it.robotoys.eu/case-in-miniatura	0	3	0	26.67
casa miniatura	https://es.robotoys.eu/casas-en-miniatura-mejor-valoradas	0	4	0	13.75
casa miniatura	https://es.robotoys.eu/casas-en-miniatura/tiendas-de-miniaturas	0	4	0	19
casa miniatura	https://it.robotoys.eu/case-in-miniatura	0	8	0	9.62
casa miniatura	https://it.robotoys.eu/case-in-miniatura-da-200-a-299-pezzi	0	1	0	21
casa miniatura	https://it.robotoys.eu/case-in-miniatura-difficolta-facile	0	1	0	28
casa miniatura	https://pt.robotoys.eu/casas-em-miniatura	0	11	0	8.64
casa miniatura	https://ro.robotoys.eu/case-miniaturale/magazine-in-miniatura/casa-in-miniatura-ceainariatul-alice-rolife-dg156-p61	0	1	0	2
casa miniatura diy	https://pt.robotoys.eu/casas-em-miniatura	0	1	0	4
casa miniatura para construir	https://es.robotoys.eu/casas-en-miniatura/tiendas-de-miniaturas	0	1	0	21
casa miniatura para montar	https://es.robotoys.eu/casas-en-miniatura/tiendas-de-miniaturas	0	3	0	33.67
casa miniatura para montar	https://pt.robotoys.eu/casas-em-miniatura	0	1	0	7
casa miniaturas	https://es.robotoys.eu/casas-en-miniatura-mejor-valoradas	0	5	0	9.6
casa miniaturas	https://es.robotoys.eu/casas-en-miniatura/tiendas-de-miniaturas	0	1	0	20
casa miniaturas	https://pt.robotoys.eu/casas-em-miniatura/lojas-de-miniaturas	0	1	0	7
casa rolife	https://es.robotoys.eu/marcas/rolife	0	1	0	6
casas de miniatura	https://es.robotoys.eu/casas-en-miniatura-mejor-valoradas	0	2	0	19
casas de miniatura	https://pt.robotoys.eu/casas-em-miniatura	0	2	0	7.5
casas de miniatura	https://pt.robotoys.eu/casas-em-miniatura/lojas-de-miniaturas	0	1	0	10
casas de miniaturas	https://es.robotoys.eu/casas-en-miniatura-dificultad-alta	0	1	0	1
casas em miniatura	https://pt.robotoys.eu/casas-em-miniatura	0	3	0	9.67
casas em miniatura	https://pt.robotoys.eu/casas-em-miniatura-100-a-149-unid	0	15	0	8.67
casas em miniatura	https://pt.robotoys.eu/casas-em-miniatura/lojas-de-miniaturas	0	3	0	5.33
casas em miniatura para montar	https://pt.robotoys.eu/casas-em-miniatura	0	1	0	5
casas em miniatura para montar	https://pt.robotoys.eu/casas-em-miniatura/lojas-de-miniaturas	0	1	0	9
casas en miniatura	https://es.robotoys.eu/casas-en-miniatura-mejor-valoradas	0	15	0	13.87
casas en miniatura	https://es.robotoys.eu/casas-en-miniatura/habitaciones-en-miniatura/biblioteca-de-estudio-de-sam-rolife-dg102-p86	0	1	0	9
casas en miniatura	https://es.robotoys.eu/casas-en-miniatura/tiendas-de-miniaturas	0	4	0	20.5
casas en miniatura para construir	https://es.robotoys.eu/casas-en-miniatura/habitaciones-en-miniatura/casa-en-miniatura-el-atico-de-dora-rolife-dg12-p91	0	2	0	12
casas en miniatura para montar	https://es.robotoys.eu/casas-en-miniatura/tiendas-de-miniaturas	0	2	0	21
casas en miniaturas	https://es.robotoys.eu/casas-en-miniatura-mejor-valoradas	0	1	0	7
casas miniatura	https://es.robotoys.eu/casas-en-miniatura-dificultad-alta	0	4	0	10.25
casas miniatura	https://es.robotoys.eu/casas-en-miniatura-mejor-valoradas	0	4	0	15.25
casas miniatura	https://es.robotoys.eu/casas-en-miniatura/habitaciones-en-miniatura/biblioteca-de-estudio-de-sam-rolife-dg102-p86	0	1	0	2
casas miniatura	https://pt.robotoys.eu/casas-em-miniatura	0	3	0	10
casas miniatura	https://pt.robotoys.eu/casas-em-miniatura-100-a-149-unid	0	4	0	7.5
casas miniatura	https://pt.robotoys.eu/casas-em-miniatura/lojas-de-miniaturas	0	7	0	6
casas miniatura para armar	https://pt.robotoys.eu/casas-em-miniatura	0	1	0	3
casas miniatura para montar	https://es.robotoys.eu/casas-en-miniatura/tiendas-de-miniaturas	0	2	0	23
casas miniatura reales	https://es.robotoys.eu/las-casas-en-miniatura-mas-populares	0	6	0	7.33
casas miniaturas	https://pt.robotoys.eu/casas-em-miniatura	0	2	0	15.5
casas miniaturas	https://pt.robotoys.eu/casas-em-miniatura/lojas-de-miniaturas	0	2	0	7
casas miniaturas	https://pt.robotoys.eu/casas-em-miniatura/lojas-de-miniaturas/casa-em-miniatura-loja-de-cha-de-alice-rolife-dg156-p61	0	10	0	7.6
casas miniaturas para construir	https://es.robotoys.eu/casas-en-miniatura/tiendas-de-miniaturas	0	4	0	21.5
casas miniaturas para construir	https://pt.robotoys.eu/casas-em-miniatura	0	19	0	6.05
casas miniaturas para construir	https://pt.robotoys.eu/casas-em-miniatura/lojas-de-miniaturas	0	2	0	20
casas miniaturas para montar	https://es.robotoys.eu/casas-en-miniatura/tiendas-de-miniaturas	0	1	0	22
casas miniaturas para montar	https://pt.robotoys.eu/casas-em-miniatura	0	1	0	4
casas para montar en miniatura	https://es.robotoys.eu/casas-en-miniatura/tiendas-de-miniaturas	0	2	0	20.5
casas para montar en miniatura	https://pt.robotoys.eu/casas-em-miniatura	0	1	0	6
case da costruire in miniatura	https://it.robotoys.eu/case-in-miniatura	0	32	0	7.03
case in miniatura	https://it.robotoys.eu/case-in-miniatura	0	76	0	7.59
case in miniatura	https://it.robotoys.eu/case-in-miniatura-da-150-a-199-pz	0	1	0	8
case in miniatura	https://it.robotoys.eu/case-in-miniatura/camere-in-miniatura	0	6	0	15.33
case in miniatura	https://it.robotoys.eu/case-in-miniatura/camere-in-miniatura/casa-in-miniatura-scuola-di-magia-rolife-dg166-p163	0	1	0	10
case in miniatura	https://it.robotoys.eu/le-case-in-miniatura-piu-popolari	0	2	0	8
case in miniatura	https://ro.robotoys.eu/blog/ce-trebuie-sa-stiti-inainte-de-a-construi-case-in-miniatura	0	6	0	9.33
case in miniatura	https://ro.robotoys.eu/case-in-miniatura-200-pana-la-299-buc	0	1	0	12
case in miniatura	https://ro.robotoys.eu/case-in-miniatura-dificultate-usoara	0	2	0	9.5
case in miniatura da collezione	https://it.robotoys.eu/case-in-miniatura	0	5	0	21
case in miniatura da collezione	https://it.robotoys.eu/case-in-miniatura/camere-in-miniatura	0	15	0	11.4
case in miniatura da collezione	https://it.robotoys.eu/case-in-miniatura/camere-in-miniatura/il-giardino-di-mr-miller-rolife-dg108-p23	0	1	0	7
case in miniatura da collezione	https://it.robotoys.eu/le-case-in-miniatura-piu-popolari	0	16	0	14.44
case in miniatura da costruire	https://it.robotoys.eu/case-in-miniatura	0	109	0	9.61
case in miniatura da costruire	https://it.robotoys.eu/case-in-miniatura/camere-in-miniatura/la-serra-della-signora-cathy-rolife-dg104-p28	0	1	0	11
case in miniatura fai da te	https://it.robotoys.eu/case-in-miniatura	0	2	0	12
case miller	https://ro.robotoys.eu/case-miniaturale/camere-miniaturale/gradina-domnului-miller-rolife-dg108-p23	0	2	0	6
case miniatura	https://it.robotoys.eu/case-in-miniatura	0	9	0	6.56
case miniatura	https://it.robotoys.eu/case-in-miniatura/camere-in-miniatura	0	3	0	2
case miniatura	https://it.robotoys.eu/le-case-in-miniatura-piu-popolari	0	1	0	12
case miniature	https://it.robotoys.eu/case-in-miniatura	0	2	0	4
case modellismo	https://it.robotoys.eu/case-in-miniatura	0	3	0	20
casetta in miniatura	https://it.robotoys.eu/case-in-miniatura	0	32	0	9.81
casetta in miniatura	https://it.robotoys.eu/case-in-miniatura/camere-in-miniatura/il-giardino-di-mr-miller-rolife-dg108-p23	0	1	0	1
casetta libri	https://it.robotoys.eu/case-in-miniatura/angolo-dei-libri	0	4	0	10.5
casetta per libri	https://it.robotoys.eu/case-in-miniatura/angolo-dei-libri	0	4	0	10.5
casetta per libri da esterno	https://it.robotoys.eu/case-in-miniatura/angolo-dei-libri	0	1	0	44
casetta rialzata interna	https://it.robotoys.eu/case-in-miniatura	0	4	0	71.75
casette da costruire	https://it.robotoys.eu/case-in-miniatura	0	2	0	13
casette di legno in miniatura	https://it.robotoys.eu/case-in-miniatura	0	8	0	11.5
casette in legno in miniatura	https://it.robotoys.eu/case-in-miniatura	0	9	0	8.89
casette in miniatura	https://it.robotoys.eu/case-in-miniatura	0	49	0	6.96
casette in miniatura da collezione	https://it.robotoys.eu/case-in-miniatura	0	4	0	15
casette in miniatura da collezione	https://it.robotoys.eu/case-in-miniatura/camere-in-miniatura	0	12	0	12.67
casette in miniatura da collezione	https://it.robotoys.eu/le-case-in-miniatura-piu-popolari	0	2	0	27.5
casette in miniatura da costruire	https://it.robotoys.eu/case-in-miniatura/camere-in-miniatura/casa-in-miniatura-villa-accogliente-per-cuccioli-rolife-dg169-p149	0	1	0	2
casette in miniatura da costruire	https://it.robotoys.eu/case-in-miniatura/negozi-in-miniatura/casa-in-miniatura-ristorante-tipsy-rolife-dg167-p209	0	1	0	2
casette in miniatura fai da te	https://it.robotoys.eu/case-in-miniatura	0	3	0	14.67
casette in miniatura in legno	https://it.robotoys.eu/case-in-miniatura	0	5	0	10.6
casette in miniatura vendita	https://it.robotoys.eu/case-in-miniatura	0	6	0	5.17
casette in miniatura vendita	https://it.robotoys.eu/le-case-in-miniatura-piu-popolari	0	1	0	17
casette mini	https://it.robotoys.eu/case-in-miniatura	0	1	0	23
casette miniatura	https://it.robotoys.eu/case-in-miniatura	0	12	0	8.25
casinha miniatura	https://pt.robotoys.eu/casas-em-miniatura/lojas-de-miniaturas	0	1	0	5
casinhas em miniatura	https://pt.robotoys.eu/casas-em-miniatura	0	5	0	8
casinhas em miniatura	https://pt.robotoys.eu/casas-em-miniatura/lojas-de-miniaturas	0	4	0	6.5
casinhas miniaturas	https://pt.robotoys.eu/casas-em-miniatura	0	3	0	10
casinhas miniaturas	https://pt.robotoys.eu/casas-em-miniatura/lojas-de-miniaturas	0	1	0	12
casita miniatura	https://es.robotoys.eu/casas-en-miniatura/tiendas-de-miniaturas	0	2	0	17
casitas de brujas	https://es.robotoys.eu/casas-en-miniatura/tiendas-de-miniaturas/tienda-bruja-kiki-rolife-dg155-p31	0	3	0	1
casitas de miniatura	https://es.robotoys.eu/casas-en-miniatura/tiendas-de-miniaturas	0	1	0	24
casitas de muñecas miniatura tienda	https://es.robotoys.eu/casas-en-miniatura/tiendas-de-miniaturas	0	16	0	33.5
casitas en miniatura	https://es.robotoys.eu/casas-en-miniatura-mejor-valoradas	0	4	0	16.25
casitas en miniatura	https://es.robotoys.eu/casas-en-miniatura/tiendas-de-miniaturas	0	6	0	21.33
casitas en miniatura para construir	https://es.robotoys.eu/casas-en-miniatura/tiendas-de-miniaturas	0	2	0	24
casitas mini	https://es.robotoys.eu/casas-en-miniatura/tiendas-de-miniaturas	0	1	0	26
casitas miniatura	https://es.robotoys.eu/casas-en-miniatura-mejor-valoradas	0	3	0	23
casitas miniatura para armar	https://es.robotoys.eu/casas-en-miniatura/tiendas-de-miniaturas	0	1	0	26
casitas miniaturas	https://es.robotoys.eu/casas-en-miniatura-mejor-valoradas	0	4	0	17.25
casitas minis	https://es.robotoys.eu/casas-en-miniatura/tiendas-de-miniaturas	0	1	0	27
casitas para construir miniatura	https://es.robotoys.eu/casas-en-miniatura/tiendas-de-miniaturas	0	1	0	21
casitas para libros	https://es.robotoys.eu/casas-en-miniatura/rincon-de-libros	0	2	0	10.5
casse tete 3 d	https://fr.robotoys.eu/casse-tete-3d-en-bois	0	2	0	40.5
casse tete 3d	https://fr.robotoys.eu/casse-tete-3d-en-bois	0	3	0	36.67
casse tete arme	https://fr.robotoys.eu/casse-tete-3d-en-bois/armes	0	2	0	10
casse tete bois	https://fr.robotoys.eu/casse-tete-3d-en-bois	0	1	0	59
casse tête arme	https://fr.robotoys.eu/casse-tete-3d-en-bois/armes	0	5	0	12.6
casse-tête 3d	https://fr.robotoys.eu/casse-tete-3d-en-bois	0	1	0	43
casse-tête 3d	https://fr.robotoys.eu/casse-tete-3d-en-bois/architecture	0	1	0	45
casse-tête 3d en bois	https://fr.robotoys.eu/casse-tete-3d-en-bois	0	1	0	57
casse-tête 3d en bois	https://fr.robotoys.eu/casse-tete-3d-en-bois/architecture	0	1	0	22
casse-tête 3d en bois	https://fr.robotoys.eu/puzzle-3d-en-bois-difficulte-elevee	0	1	0	11
casse-tête arme	https://fr.robotoys.eu/casse-tete-3d-en-bois/armes	0	4	0	12.5
cassette di legno libreria	https://it.robotoys.eu/case-in-miniatura/angolo-dei-libri	0	1	0	50
cathedral puzzle	https://fr.robotoys.eu/casse-tete-3d-en-bois/architecture/puzzle-3d-en-bois-cathedrale-notre-dame-little-story-e017-p127	0	1	0	1
cathy flower house	https://robotoys.eu/miniature-houses/miniature-rooms/cathys-flower-house-rolife-dg104-p28	0	3	0	10
cathy's flower house	https://de.robotoys.eu/miniaturhauser/miniaturraume/mrs-cathys-gewachshaus-rolife-dg104-p28	0	4	0	23.25
cathy's flower house	https://robotoys.eu/miniature-houses/miniature-rooms/cathys-flower-house-rolife-dg104-p28	0	17	0	19.82
cathy's flower house dg104	https://robotoys.eu/miniature-houses/miniature-rooms/cathys-flower-house-rolife-dg104-p28	0	2	0	9
cathy's flower house official website	https://robotoys.eu/miniature-houses/miniature-rooms/cathys-flower-house-rolife-dg104-p28	0	8	0	7.88
cathy's flower house rolife	https://fr.robotoys.eu/maisons-miniatures/chambres-miniatures/serre-de-mme-cathy-rolife-dg104-p28	0	4	0	4.5
cathy's garden house	https://robotoys.eu/miniature-houses/miniature-rooms/cathys-flower-house-rolife-dg104-p28	0	3	0	7.33
cathys flower house	https://robotoys.eu/miniature-houses/miniature-rooms/cathys-flower-house-rolife-dg104-p28	0	5	0	9.4
cathys flower house rolife	https://nl.robotoys.eu/miniatuur-huizen/miniatuurkamers/de-kas-van-mevrouw-cathy-rolife-dg104-p28	0	2	0	8
cathys greenhouse	https://robotoys.eu/miniature-houses/miniature-rooms/cathys-flower-house-rolife-dg104-p28	0	1	0	9
cathy’s flower house	https://robotoys.eu/miniature-houses/miniature-rooms/cathys-flower-house-rolife-dg104-p28	0	2	0	9
ce inseamna hobby	https://ro.robotoys.eu/blog/tendinta-tiktok-hobby-ul-dopaminei-ce-inseamna-si-de-ce-puzzle-urile-sunt-o-alegere-de-top	0	9	0	35.67
cele mai frumoase cadouri	https://ro.robotoys.eu/blog/5-cele-mai-bune-cadouri-de-ziua-indragostitilor-care-vor-multumi-pe-toata-lumea	0	8	0	3
cello magic	https://robotoys.eu/wooden-3d-puzzle/music-boxes/music-box-magic-cello-rokr-amk63-p1	0	1	0	32
cena	https://pl.robotoys.eu/drewniane-puzzle-3d/architektura/drewniana-ukladanka-3d-sakura-treehouse-rolife-tgs04-p201	0	2	0	10.5
cena	https://pl.robotoys.eu/drewniane-puzzle-3d/bronie/dzialo-obleznicze-rokr-kw801-p51	0	1	0	1
cena	https://pl.robotoys.eu/drewniane-puzzle-3d/kwiaty/drewniane-puzzle-3d-czerwona-roza-rowood-tw042-p101	0	1	0	5
cena	https://pl.robotoys.eu/drewniane-puzzle-3d/kwiaty/drewniane-puzzle-3d-kamelia-czerwona-rowood-tw031-p102	0	1	0	1
cena	https://pl.robotoys.eu/drewniane-puzzle-3d/pojazdy/drewniana-mechaniczna-ukladanka-3d-woz-strazacki-eco-wood-art-p208	0	1	0	22
cena	https://pl.robotoys.eu/drewniane-puzzle-3d/pojazdy/drewniana-ukladanka-3d-jeep-little-story-d003-p167	0	1	0	1
cena	https://pl.robotoys.eu/drewniane-puzzle-3d/pojazdy/drewniane-mechaniczne-puzzle-3d-dylizans-rokr-amka1-p99	0	1	0	17
cena	https://pl.robotoys.eu/drewniane-puzzle-3d/pozytywki/drewniana-mechaniczna-ukladanka-3d-klasyczna-karuzela-rolife-amc01-p146	0	1	0	29
cena	https://pl.robotoys.eu/drewniane-puzzle-3d/wszechswiat/swiecacy-globus-rokr-st003-p3	0	2	0	3.5
cena	https://pl.robotoys.eu/drewniane-puzzle-3d/zegary-i-kalendarze/drewniana-mechaniczna-ukladanka-3d-zegar-z-kukulka-rokr-lc901c-p198	0	1	0	5
cena	https://pl.robotoys.eu/miniaturowe-domki/kacik-ksiazek/wklad-na-polke-na-ksiazki-ulica-bozonarodzeniowa-rolife-tgc06-p139	0	1	0	3
cena	https://robotoys.eu/miniature-houses/books-nook/bookshelf-insert-flower-corner-rolife-tgb09-p108	0	1	0	14
cena	https://se.robotoys.eu/3d-pussel-i-tra/djuren/tra-3d-pussel-elefant-little-story-d012-p120	0	1	0	8
cena dkk	https://dk.robotoys.eu/trae-3d-puslespil/blomster/trae-3d-puslespil-sakura-bonsai-rolife-tg415-p142	0	1	0	22
cena na vindet	https://pl.robotoys.eu/drewniane-puzzle-3d/pojazdy/drewniane-puzzle-3d-sakura-journey-rolife-tgs02-p105	0	1	0	5
cena nowej	https://pl.robotoys.eu/miniaturowe-domki/kacik-ksiazek/wklad-na-polke-na-ksiazki-ulica-bozonarodzeniowa-rolife-tgc06-p139	0	1	0	15
cena?	https://cz.robotoys.eu/drevene-3d-puzzle/vesmir/svitici-globus-rokr-st003-p3	0	1	0	3
cena?	https://cz.robotoys.eu/drevene-3d-puzzle/vozidla/drevene-3d-puzzle-armadni-dzip-little-story-e014-p170	0	1	0	20
cerca istruzioni	https://it.robotoys.eu/puzzle-3d-in-legno/fiori/puzzle-3d-in-legno-girasole-rowood-tw011-p113	0	1	0	14
cercami su amazon	https://it.robotoys.eu/case-in-miniatura/angolo-dei-libri/inserto-per-libreria-vicolo-del-vino-sotto-i-sakura-rolife-tgb11-p164	0	1	0	18
chalet de montagne	https://fr.robotoys.eu/casse-tete-3d-en-bois/architecture/puzzle-3d-en-bois-mini-chalet-de-montagne-en-forme-de-a-rolife-dg181-p227	0	1	0	2
char en bois	https://fr.robotoys.eu/casse-tete-3d-en-bois/vehicules/puzzle-3d-en-bois-char-amx-13-105-little-story-wot05-p177	0	5	0	1
char fordon	https://se.robotoys.eu/3d-pussel-i-tra/fordon/trapussel-3d-tank-char-b1-little-story-wot06-p178	0	24	0	5.62
chce kupić online	https://pl.robotoys.eu/miniaturowe-domki/miniaturowe-pokoje/szklarnia-pani-cathy-rolife-dg104-p28	0	1	0	20
chcete-li	https://cz.robotoys.eu/blog/nejlepsi-darek-pro-nej-originalni-s-dotekem-historie	0	1	0	9
chci odkaz	https://cz.robotoys.eu/drevene-3d-puzzle/architektura/drevene-3d-puzzle-knihovna-u-morskeho-pobrezi-p261	0	1	0	17
che auto è	https://it.robotoys.eu/puzzle-3d-in-legno/veicoli/puzzle-meccanico-3d-in-legno-auto-retro-eco-wood-art-p157	0	1	0	11
che cos'è e quanto vale	https://it.robotoys.eu/puzzle-3d-in-legno/carillon/carillon-notte-stellata-rokr-amk51-p11	0	1	0	1
che posto è	https://it.robotoys.eu/blog/the-story-of-the-famous-tower-bridge-how-to-bring-london-to-your-home	0	1	0	4
cherry blossom 3d puzzle	https://robotoys.eu/wooden-3d-puzzle/flowers/wooden-3d-puzzle-sakura-bonsai-rolife-tg415-p142	0	1	0	1
chocolate factory puzzle	https://robotoys.eu/wooden-3d-puzzle/stem-lab/wooden-mechanical-3d-puzzle-chocolate-factory-rokr-lga02-p75	0	1	0	11
chocolate factory rokr	https://fr.robotoys.eu/casse-tete-3d-en-bois/stem-lab/puzzle-3d-mecanique-en-bois-chocolaterie-rokr-lga02-p75	0	1	0	9
chocolate factory rokr	https://it.robotoys.eu/puzzle-3d-in-legno/stem-lab/puzzle-3d-meccanico-in-legno-fabbrica-di-cioccolato-rokr-lga02-p75	0	2	0	5
chopper naranja	https://es.robotoys.eu/rompecabezas-3d-de-madera/vehiculos/rompecabezas-3d-de-madera-chopper-yankee-naranja-little-story-e024r-p250	0	1	0	1
chopper puzzle	https://de.robotoys.eu/3d-puzzle-aus-holz/fahrzeuge/3d-puzzle-aus-holz-grauer-yankee-chopper-little-story-e024g-p249	0	1	0	13
chopper puzzle	https://it.robotoys.eu/concorso-di-puzzle/yankee-chopper-little-story-e024-176	0	1	0	11
chopper puzzle	https://it.robotoys.eu/puzzle-3d-in-legno/veicoli/puzzle-3d-in-legno-chopper-yankee-grigio-little-story-e024g-p249	0	1	0	3
chłop	https://pl.robotoys.eu/drewniane-puzzle-3d/pojazdy/drewniana-mechaniczna-ukladanka-3d-czerwony-samochod-wyscigowy-eco-wood-art-p152	0	1	0	3
chłop	https://robotoys.eu/wooden-3d-puzzle/vehicles/wooden-mechanical-3d-puzzle-red-racing-car-eco-wood-art-p152	0	1	0	3
chłop	https://robotoys.eu/wooden-3d-puzzle/vehicles/wooden-mechanical-3d-puzzle-yellow-racing-car-eco-wood-art-p151	0	1	0	3
ciekawe prezenty dla mężczyzny	https://pl.robotoys.eu/blog/prezent-dla-mezczyzny-ktory-ma-juz-wszystko-24-oryginalne-porady-ktore-naprawde-go-zaskocza	0	1	0	7
cijena	https://hr.robotoys.eu/drvena-3d-slagalica-srednje-tezine	0	1	0	12
cijena	https://hr.robotoys.eu/drvena-3d-slagalica/cvijece	0	1	0	8
cijena	https://hr.robotoys.eu/drvena-3d-slagalica/svemir/svjetleci-globus-rokr-st003-p3	0	1	0	1
cijena	https://hr.robotoys.eu/minijaturne-kuce/knjige-nook/ulozak-za-police-bozicna-ulica-rolife-tgc06-p139	0	1	0	15
cijena	https://robotoys.eu/wooden-3d-puzzle/flowers	0	1	0	4
cim prekvapit zenu	https://cz.robotoys.eu/blog/7-neodolatelnych-tipu-na-darky-pro-zenu	0	1	0	33
classic carousel	https://robotoys.eu/wooden-3d-puzzle/music-boxes/wooden-mechanical-3d-puzzle-classic-carousel-rolife-amc01-p146	0	1	0	1
co dělat proti stresu	https://cz.robotoys.eu/blog/jak-se-zbavit-stresu-10-ucinnych-tipu	0	1	0	50
co je to za vlak	https://cz.robotoys.eu/drevene-3d-puzzle/vozidla/drevene-3d-puzzle-klasicka-mestska-tramvaj-rokr-lk801-p88	0	1	0	15
co pomáhá proti stresu	https://cz.robotoys.eu/blog/jak-se-zbavit-stresu-10-ucinnych-tipu	0	1	0	6
co to je?	https://cz.robotoys.eu/drevene-3d-puzzle/architektura/drevene-3d-puzzle-vitezny-oblouk-little-story-e011-p123	0	1	0	14
co to je?	https://cz.robotoys.eu/drevene-3d-puzzle/architektura/vitezny-oblouk-rolife-tg502-p47	0	1	0	18
co to jest	https://pl.robotoys.eu/drewniane-puzzle-3d/architektura/drewniane-puzzle-3d-sagrada-familia-little-story-e018-p133	0	1	0	11
co to za model	https://pl.robotoys.eu/drewniane-puzzle-3d/pojazdy/drewniana-mechaniczna-ukladanka-3d-retro-samochod-eco-wood-art-p157	0	1	0	14
co to za model	https://pl.robotoys.eu/drewniane-puzzle-3d/pojazdy/model-weteran-rolife-tg504-p53	0	1	0	11
cocina miniatura	https://es.robotoys.eu/casas-en-miniatura/habitaciones-en-miniatura/casa-en-miniatura-cocina-acogedora-rolife-dg159-p89	0	10	0	4.2
coffee shop rolife	https://fr.robotoys.eu/maisons-miniatures/boutiques-miniatures/cafe-a-simon-rolife-dg109-p64	0	1	0	3
coleção completa	https://pt.robotoys.eu/casas-em-miniatura/quartos-em-miniatura/casa-em-miniatura-cozinha-aconchegante-rolife-dg159-p89	0	1	0	10
coleção completa	https://pt.robotoys.eu/casas-em-miniatura/quartos-em-miniatura/jardim-do-sr-miller-rolife-dg108-p23	0	1	0	5
colloseum puzzle	https://de.robotoys.eu/3d-puzzle-aus-holz/die-architektur/3d-puzzle-aus-holz-colosseum-little-story-e016-p126	0	1	0	10
coloseum puzzle	https://cz.robotoys.eu/drevene-3d-puzzle/architektura/drevene-3d-puzzle-koloseum-little-story-e016-p126	0	1	0	1
colosseo 3d puzzle	https://it.robotoys.eu/puzzle-3d-in-legno/architettura/puzzle-3d-in-legno-colosseo-little-story-e016-p126	0	7	0	5.29
colosseo puzzle 3d	https://it.robotoys.eu/puzzle-3d-in-legno/architettura/puzzle-3d-in-legno-colosseo-little-story-e016-p126	0	7	0	6.29
colosseum 3d puzzle	https://de.robotoys.eu/3d-puzzle-aus-holz/die-architektur/3d-puzzle-aus-holz-colosseum-little-story-e016-p126	0	4	0	12
colosseum 3d puzzle	https://robotoys.eu/wooden-3d-puzzle/architecture/wooden-3d-puzzle-colosseum-little-story-e016-p126	0	11	0	7.55
colosseum 3d wooden puzzle	https://robotoys.eu/wooden-3d-puzzle/architecture/wooden-3d-puzzle-colosseum-little-story-e016-p126	0	3	0	11.33
colosseum puzzle	https://de.robotoys.eu/3d-puzzle-aus-holz/die-architektur/3d-puzzle-aus-holz-colosseum-little-story-e016-p126	0	11	0	14.73
colosseum puzzle	https://robotoys.eu/wooden-3d-puzzle/architecture/wooden-3d-puzzle-colosseum-little-story-e016-p126	0	2	0	13
colosseum puzzle 3d	https://robotoys.eu/wooden-3d-puzzle/architecture/wooden-3d-puzzle-colosseum-little-story-e016-p126	0	4	0	5.5
colosseum wooden puzzle	https://robotoys.eu/wooden-3d-puzzle/architecture/wooden-3d-puzzle-colosseum-little-story-e016-p126	0	3	0	6.33
com imagens	https://pt.robotoys.eu/quebra-cabeca-3d-de-madeira/stem-lab/marble-night-city-rokr-lga01-p2	0	1	0	2
com imagens	https://pt.robotoys.eu/quebra-cabeca-3d-de-madeira/stem-lab/marble-parkour-rokr-lg501-p42	0	1	0	3
combaterea stresului	https://ro.robotoys.eu/blog/cum-sa-scapi-de-stres-10-sfaturi-eficiente	0	1	0	45
come abbassare lo stress	https://it.robotoys.eu/blog/come-liberarsi-dello-stress-10-consigli-efficaci	0	2	0	43
come creare un puzzle	https://it.robotoys.eu/blog/10-strumenti-di-cui-hai-bisogno-per-assemblare-un-puzzle-3d-in-legno	0	1	0	20
come eliminare lo stress	https://it.robotoys.eu/blog/come-liberarsi-dello-stress-10-consigli-efficaci	0	12	0	44.75
come liberarsi dallo stress	https://it.robotoys.eu/blog/come-liberarsi-dello-stress-10-consigli-efficaci	0	1	0	36
come montare	https://it.robotoys.eu/puzzle-3d-in-legno/fiori/puzzle-3d-in-legno-libro-dei-fiori-in-legno-rowood-tw04h-p228	0	1	0	24
come rilassarsi dallo stress	https://it.robotoys.eu/blog/come-liberarsi-dello-stress-10-consigli-efficaci	0	3	0	34.67
come scaricare lo stress	https://it.robotoys.eu/blog/come-liberarsi-dello-stress-10-consigli-efficaci	0	12	0	39.17
come sfogare lo stress	https://it.robotoys.eu/blog/come-liberarsi-dello-stress-10-consigli-efficaci	0	1	0	39
come si chiama	https://it.robotoys.eu/blog/the-story-of-the-famous-tower-bridge-how-to-bring-london-to-your-home	0	1	0	2
come si chiama il ponte di londra	https://it.robotoys.eu/blog/the-story-of-the-famous-tower-bridge-how-to-bring-london-to-your-home	0	2	0	28
come si risolve	https://it.robotoys.eu/blog/metti-in-movimento-il-tuo-cervello-con-i-puzzle-meccanici-in-legno-3d	0	1	0	1
come togliere lo stress	https://it.robotoys.eu/blog/come-liberarsi-dello-stress-10-consigli-efficaci	0	2	0	41.5
comment dessiner le tower bridge	https://fr.robotoys.eu/blog/lhistoire-du-celebre-tower-bridge-comment-amener-londres-chez-vous	0	4	0	2
comment s appelle le pont de londres	https://fr.robotoys.eu/blog/lhistoire-du-celebre-tower-bridge-comment-amener-londres-chez-vous	0	1	0	30
comment s' appelle le pont de londres	https://fr.robotoys.eu/blog/lhistoire-du-celebre-tower-bridge-comment-amener-londres-chez-vous	0	1	0	14
comment s'appelle le pont de londres	https://fr.robotoys.eu/blog/lhistoire-du-celebre-tower-bridge-comment-amener-londres-chez-vous	0	4	0	27.5
common structures	https://robotoys.eu/wooden-3d-puzzle/architecture	0	1	0	1
como armar rompecabezas de madera 3d	https://es.robotoys.eu/blog/10-herramientas-que-necesitas-al-armar-un-rompecabezas-3d-de-madera	0	1	0	10
como armarlo paso a paso	https://robotoys.eu/wooden-3d-puzzle/vehicles/wooden-3d-puzzle-airplane-little-story-d016-p130	0	1	0	6
como construir um	https://pt.robotoys.eu/quebra-cabeca-3d-de-madeira/os-animais/quebra-cabeca-3d-de-madeira-leao-little-story-d011-p119	0	1	0	20
como foi construida	https://pt.robotoys.eu/blogue/a-historia-da-famosa-tower-bridge-como-levar-londres-para-a-sua-casa	0	1	0	4
como hacer un rompecabezas de madera	https://es.robotoys.eu/blog/10-herramientas-que-necesitas-al-armar-un-rompecabezas-3d-de-madera	0	1	0	18
como montar	https://pt.robotoys.eu/quebra-cabeca-3d-de-madeira/arquitetura/modelo-da-torre-eiffel-rolife-tg501-p17	0	1	0	21
comprar	https://es.robotoys.eu/casas-en-miniatura/tiendas-de-miniaturas/cafe-en-simon-rolife-dg109-p64	0	1	0	13
comprar	https://es.robotoys.eu/rompecabezas-3d-de-madera/relojes-y-calendarios/reloj-de-pared-romantico-rokr-lc701-p56	0	1	0	18
comprar puzzles de madera al por mayor	https://es.robotoys.eu/el-rompecabezas-3d-de-madera-mas-caro	0	1	0	49
comprar rompecabezas	https://es.robotoys.eu/rompecabezas-3d-de-madera/arquitectura/puzzle-3d-de-madera-sagrada-familia-little-story-e018-p133	0	1	0	4
con animazione	https://it.robotoys.eu/puzzle-3d-in-legno/carillon/ruota-panoramica-rolife-tgn01-p18	0	1	0	3
confronta prezzi	https://it.robotoys.eu/puzzle-3d-in-legno/stem-lab/marmo-parkour-rokr-lg501-p42	0	1	0	31
construcciones en miniatura	https://es.robotoys.eu/casas-en-miniatura/tiendas-de-miniaturas	0	1	0	21
construcción en miniatura	https://es.robotoys.eu/casas-en-miniatura/tiendas-de-miniaturas	0	1	0	25
construcción miniatura	https://es.robotoys.eu/casas-en-miniatura/tiendas-de-miniaturas	0	1	0	27
construction tower bridge	https://fr.robotoys.eu/blog/lhistoire-du-celebre-tower-bridge-comment-amener-londres-chez-vous	0	20	0	7.05
construction tower bridge	https://robotoys.eu/blog/the-story-of-the-famous-tower-bridge-how-to-bring-london-to-your-home	0	1	0	6
contexto historico	https://pt.robotoys.eu/blogue/a-historia-da-famosa-tower-bridge-como-levar-londres-para-a-sua-casa	0	1	0	3
converta	https://pt.robotoys.eu/quebra-cabeca-3d-de-madeira/arquitetura/modelo-tower-bridge-com-iluminacao-led-rolife-tg412-p19	0	1	0	3
corsac m60	https://it.robotoys.eu/puzzle-3d-in-legno/armi/revolver-corsac-m60-rokr-lq401-p35	0	1	0	2
corsac m60	https://nl.robotoys.eu/houten-3d-puzzel/wapens/revolver-corsac-m60-rokr-lq401-p35	0	1	0	2
corsac m60	https://pl.robotoys.eu/drewniane-puzzle-3d/bronie/rewolwer-corsac-m60-rokr-lq401-p35	0	1	0	1
corsac m60	https://pt.robotoys.eu/quebra-cabeca-3d-de-madeira/armas/revolver-corsac-m60-rokr-lq401-p35	0	1	0	10
corsac m60	https://robotoys.eu/wooden-3d-puzzle/weapons/revolver-corsac-m60-rokr-lq401-p35	0	2	0	13.5
cosa fare contro lo stress	https://it.robotoys.eu/blog/come-liberarsi-dello-stress-10-consigli-efficaci	0	1	0	43
cosa fare per lo stress	https://it.robotoys.eu/blog/come-liberarsi-dello-stress-10-consigli-efficaci	0	2	0	44
cosa rappresenta	https://it.robotoys.eu/puzzle-3d-in-legno/architettura/modello-tower-bridge-con-illuminazione-led-rolife-tg412-p19	0	1	0	4
cosa regalare a un uomo che ha tutto	https://it.robotoys.eu/blog/un-regalo-per-luomo-che-ha-gia-tutto-24-consigli-originali-che-lo-sorprenderanno-davvero	0	1	0	30
cosa regalare ad un uomo che ha tutto	https://it.robotoys.eu/blog/un-regalo-per-luomo-che-ha-gia-tutto-24-consigli-originali-che-lo-sorprenderanno-davvero	0	4	0	34.25
cosas para armar	https://es.robotoys.eu/rompecabezas-3d-de-madera/arquitectura	0	1	0	2
costo	https://es.robotoys.eu/rompecabezas-3d-de-madera/stem-lab/rompecabezas-mecanico-3d-de-madera-fabrica-de-regalos-de-ensueno-rokr-eab01-p202	0	1	0	3
costo	https://it.robotoys.eu/puzzle-3d-in-legno/architettura/modello-della-torre-eiffel-rolife-tg501-p17	0	1	0	2
costo	https://it.robotoys.eu/puzzle-3d-in-legno/carillon/carillon-violoncello-magico-rokr-amk63-p1	0	1	0	2
costo	https://it.robotoys.eu/puzzle-3d-in-legno/fiori	0	1	0	1
costo	https://it.robotoys.eu/puzzle-3d-in-legno/orologi-calendari/orologio-gufo-rokr-lk503-p6	0	1	0	11
costo	https://it.robotoys.eu/puzzle-3d-in-legno/stem-lab/puzzle-meccanico-3d-in-legno-fabbrica-dei-regali-dei-sogni-rokr-eab01-p202	0	1	0	1
costo	https://it.robotoys.eu/puzzle-3d-in-legno/stem-lab/puzzle-meccanico-3d-in-legno-macchina-da-scrivere-meccanica-versione-classica-rokr-lk703b-p265	0	1	0	2
costo?	https://it.robotoys.eu/puzzle-3d-in-legno/luniverso/globo-luminoso-rokr-st003-p3	0	1	0	7
costruire case in miniatura	https://it.robotoys.eu/blog/cosa-devi-sapere-prima-di-costruire-case-in-miniatura	0	1	0	7
costruire casette in miniatura	https://it.robotoys.eu/case-in-miniatura	0	1	0	10
costruire con il legno	https://it.robotoys.eu/marche/rokr	0	1	0	12
costruire modellini di case	https://it.robotoys.eu/blog/cosa-devi-sapere-prima-di-costruire-case-in-miniatura	0	1	0	11
costruzione puzzle	https://it.robotoys.eu/blog/10-strumenti-di-cui-hai-bisogno-per-assemblare-un-puzzle-3d-in-legno	0	3	0	16.33
costruzione tower bridge	https://it.robotoys.eu/blog/the-story-of-the-famous-tower-bridge-how-to-bring-london-to-your-home	0	2	0	12
costruzioni 3d	https://it.robotoys.eu/blog/piccola-storia-kit-di-costruzione-3d-che-uniscono-creativita-divertimento-e-qualita	0	23	0	8.26
costruzioni 3d legno	https://it.robotoys.eu/blog/piccola-storia-kit-di-costruzione-3d-che-uniscono-creativita-divertimento-e-qualita	0	2	0	10.5
couleur du pont de londres	https://fr.robotoys.eu/blog/lhistoire-du-celebre-tower-bridge-comment-amener-londres-chez-vous	0	21	0	8.29
couleur tower bridge	https://fr.robotoys.eu/blog/lhistoire-du-celebre-tower-bridge-comment-amener-londres-chez-vous	0	59	0	6.81
cozy kitchen	https://es.robotoys.eu/casas-en-miniatura/habitaciones-en-miniatura/casa-en-miniatura-cocina-acogedora-rolife-dg159-p89	0	4	0	15
creatief cadeau vrouw	https://nl.robotoys.eu/blog/7-onweerstaanbare-cadeau-ideeen-voor-vrouwen	0	1	0	72
creative building blocks	https://robotoys.eu/blog/5-advantages-of-creative-building-blocks-for-the-development-of-fine-motor-skills-and-concentration	0	1	0	8
croisiere a prix cassé	https://fr.robotoys.eu/casse-tete-3d-en-bois/vehicules/puzzle-3d-en-bois-bateau-de-croisiere-rolife-tg306-p87	0	1	0	19
cruiser motorcykel	https://dk.robotoys.eu/puslespil-konkurrence/cruiser-motorcykel-eco-wood-art-150	0	1	0	40
cruiser puzzle	https://es.robotoys.eu/rompecabezas-3d-de-madera/vehiculos/moto-cruiser-rokr-lk504-p12	0	1	0	6
cruiser-motorrad	https://de.robotoys.eu/3d-puzzle-aus-holz/fahrzeuge/motorrad-cruiser-rokr-lk504-p12	0	9	0	4
crveni trkaci auto	https://hr.robotoys.eu/drvena-3d-slagalica/vozila/drvena-mehanicka-3d-slagalica-crveni-trkaci-automobil-eco-wood-art-p152	0	33	0	2
crveni trkaci auto	https://hr.robotoys.eu/natjecanje-u-slagalicama/crveni-trkaci-automobil-eco-wood-art-152	0	1	0	8
créatif	https://fr.robotoys.eu/casse-tete-3d-en-bois/architecture/puzzle-3d-en-bois-sagrada-familia-little-story-e018-p133	0	1	0	1
cuando se construyo el puente de londres	https://es.robotoys.eu/blog/the-story-of-the-famous-tower-bridge-how-to-bring-london-to-your-home	0	19	0	10.79
cuando se construyo el tower bridge	https://es.robotoys.eu/blog/the-story-of-the-famous-tower-bridge-how-to-bring-london-to-your-home	0	11	0	6.73
cucina per bambini molto kitchen con lampada	https://it.robotoys.eu/case-in-miniatura/camere-in-miniatura/casa-in-miniatura-cucina-accogliente-rolife-dg159-p89	0	1	0	48
cuckoo clock lc901c	https://robotoys.eu/wooden-3d-puzzle/clocks-calendars/wooden-mechanical-3d-puzzle-cuckoo-clock-rokr-lc901c-p198	0	3	0	7.67
cuisine cosy - rolife	https://fr.robotoys.eu/maisons-miniatures/chambres-miniatures/maison-miniature-cuisine-cosy-rolife-dg159-p89	0	1	0	1
cum sa scapi de stres	https://ro.robotoys.eu/blog/cum-sa-scapi-de-stres-10-sfaturi-eficiente	0	10	0	19.9
cum să scap de stres	https://ro.robotoys.eu/blog/cum-sa-scapi-de-stres-10-sfaturi-eficiente	0	1	0	18
curious discovery luminous globe	https://robotoys.eu/wooden-3d-puzzle/the-universe/luminous-globe-rokr-st003-p3	0	1	0	27
czołg fv4005	https://pl.robotoys.eu/drewniane-puzzle-3d/pojazdy/drewniana-ukladanka-3d-czolg-fv4005-little-story-wot09-p236	0	4	0	10.75
czołg z drewna	https://pl.robotoys.eu/drewniane-puzzle-3d/pojazdy/drewniane-puzzle-3d-czolg-t-34-85-little-story-wot02-p135	0	17	0	6.71
czy jest na amazonie	https://pl.robotoys.eu/drewniane-puzzle-3d/zegary-i-kalendarze/drewniana-mechaniczna-ukladanka-3d-zegar-z-kukulka-rokr-lc901c-p198	0	1	0	6
czy kupię w action	https://pl.robotoys.eu/drewniane-puzzle-3d/architektura/model-tower-bridge-z-oswietleniem-led-rolife-tg412-p19	0	1	0	3
czy znasz sprawdzony sklep z miniaturowymi domkami z wysyłką w polsce?	https://pl.robotoys.eu/miniaturowe-domki	0	20	0	1.95
części żużlowe sklep	https://pl.robotoys.eu/drewniane-puzzle-3d/pojazdy/drewniana-ukladanka-3d-motocykl-zuzlowy-little-story-e019-p171	0	1	0	16
cómo se monta	https://es.robotoys.eu/casas-en-miniatura/rincon-de-libros/sakura-densya-rolife-tgb01-p29	0	1	0	18
d003	https://es.robotoys.eu/rompecabezas-3d-de-madera/vehiculos/rompecabezas-3d-de-madera-jeep-little-story-d003-p167	0	3	0	5.67
d014	https://it.robotoys.eu/puzzle-3d-in-legno/gli-animali/puzzle-3d-in-legno-kangaroo-little-story-d014-p122	0	1	0	24
da	https://hr.robotoys.eu/minijaturne-kuce/knjige-nook	0	1	0	3
da	https://robotoys.eu/brands/rolife	0	1	0	6
daisy wooden	https://it.robotoys.eu/puzzle-3d-in-legno/fiori/puzzle-3d-in-legno-gerbera-arancione-chiaro-rowood-tw111-p196	0	1	0	18
daj link	https://robotoys.eu/wooden-3d-puzzle/flowers/wooden-3d-puzzle-sunflower-rowood-tw011-p113	0	1	0	5
damplokomotiv model	https://dk.robotoys.eu/trae-3d-puslespil/koretojer/damplokomotiv-model-rokr-mc501-p13	0	4	0	2.5
dans se style la	https://fr.robotoys.eu/casse-tete-3d-en-bois/architecture/puzzle-3d-en-bois-arc-de-la-victoire-little-story-e011-p123	0	1	0	57
danske butikker	https://dk.robotoys.eu/maerker/rolife	0	1	0	6
darila	https://si.robotoys.eu/ideje-za-darila/darila-za-bozic	0	1	0	32
darila za božič	https://si.robotoys.eu/ideje-za-darila/darila-za-bozic	0	4	0	19.75
darila za praznike	https://si.robotoys.eu/ideje-za-darila/darila-za-bozic	0	2	0	27
darila za ženo	https://si.robotoys.eu/blog/7-neustavljivih-idej-za-darila-za-zenske	0	2	0	6
darila zanjo	https://si.robotoys.eu/ideje-za-darila/darila-zanjo	0	1	0	10
darilo za božič	https://si.robotoys.eu/ideje-za-darila/darila-za-bozic	0	1	0	1
darilo za božička	https://si.robotoys.eu/ideje-za-darila/darila-za-bozic	0	1	0	6
darilo za gospoda	https://si.robotoys.eu/ideje-za-darila/darila-za-bozic	0	4	0	32.25
darilo za gospoda	https://si.robotoys.eu/miniaturne-hise/miniaturne-sobe/vrt-gospoda-millerja-rolife-dg108-p23	0	1	0	1
darilo za gospoda	https://si.robotoys.eu/tekmovanje-v-sestavljanju-sestavljank/vrt-gospoda-millerja-rolife-dg108-23	0	2	0	91.5
darilo za moškega	https://si.robotoys.eu/blog/darilo-za-moskega-ki-ze-ima-vse-24-izvirnih-nasvetov-ki-ga-bodo-resnicno-presenetili	0	1	0	40
darilo za moškega ki ima vse	https://si.robotoys.eu/	0	1	0	4
darilo za rojstni dan	https://si.robotoys.eu/ideje-za-darila/darila-za-rojstni-dan	0	1	0	23
darilo za žensko	https://si.robotoys.eu/blog/7-neustavljivih-idej-za-darila-za-zenske	0	7	0	9.57
darilo zanj	https://si.robotoys.eu/blog/najboljse-darilo-zanj-original-s-pridihom-zgodovine	0	3	0	10.33
date construction tower bridge	https://fr.robotoys.eu/blog/lhistoire-du-celebre-tower-bridge-comment-amener-londres-chez-vous	0	23	0	9.35
date construction tower bridge	https://robotoys.eu/blog/the-story-of-the-famous-tower-bridge-how-to-bring-london-to-your-home	0	5	0	10
de dificuldade	https://pt.robotoys.eu/quebra-cabeca-3d-de-madeira-dificuldade-facil	0	1	0	5
de edificios	https://es.robotoys.eu/rompecabezas-3d-de-madera/arquitectura	0	1	0	4
de eerste 2	https://robotoys.eu/wooden-3d-puzzle/architecture/tower-bridge-model-with-led-lighting-rolife-tg412-p19	0	1	0	4
de her	https://dk.robotoys.eu/miniaturehuse/miniature-vaerelser/sams-studiebibliotek-rolife-dg102-p86	0	1	0	8
de her	https://robotoys.eu/miniature-houses/miniature-rooms/sams-study-library-rolife-dg102-p86	0	1	0	24
de madera	https://es.robotoys.eu/rompecabezas-3d-de-madera/cajas-de-musica/rompecabezas-mecanico-3d-de-madera-carrusel-clasico-rolife-amc01-p146	0	1	0	1
de tower bridge	https://nl.robotoys.eu/blog/het-verhaal-van-de-beroemde-tower-bridge-hoe-je-londen-bij-je-thuis-brengt	0	2	0	52
deco toys	https://es.robotoys.eu/	0	1	0	44
decoraciones en miniatura tienda online	https://es.robotoys.eu/casas-en-miniatura/tiendas-de-miniaturas	0	20	0	18.45
dekorace do domácnosti	https://cz.robotoys.eu/blog/jak-vybrat-nejlepsi-dekoraci-do-domacnosti-tipy-a-triky	0	1	0	3
dekorace do knihovny	https://cz.robotoys.eu/miniaturni-domecky/books-nook	0	1	0	64
dekoracja	https://pl.robotoys.eu/blog/jak-wybrac-najlepsza-dekoracje-domu-porady-i-wskazowki	0	1	0	6
deliones 3d	https://lt.robotoys.eu/	0	4	0	26.5
deliones 3d	https://lt.robotoys.eu/medine-3d-delione	0	2	0	9
deliżans	https://pl.robotoys.eu/drewniane-puzzle-3d/pojazdy/drewniane-mechaniczne-puzzle-3d-dylizans-rokr-amka1-p99	0	23	0	3.65
densya	https://pl.robotoys.eu/miniaturowe-domki/kacik-ksiazek/sakura-densya-rolife-tgb01-p29	0	1	0	7
densya	https://pt.robotoys.eu/casas-em-miniatura/recanto-dos-livros/sakura-densya-rolife-tgb01-p29	0	1	0	5
densya	https://ro.robotoys.eu/case-miniaturale/carti-nook/sakura-densya-rolife-tgb01-p29	0	1	0	5
descrizione	https://it.robotoys.eu/puzzle-3d-in-legno/veicoli/puzzle-3d-in-legno-eternal-atlantic-voyager-1912-rolife-tgl02-p223	0	1	0	3
dessin tower bridge	https://fr.robotoys.eu/blog/lhistoire-du-celebre-tower-bridge-comment-amener-londres-chez-vous	0	1	0	41
det skæve tårn i pisa	https://dk.robotoys.eu/trae-3d-puslespil/arkitektur/trae-3d-puslespil-det-skaeve-tarn-i-pisa-little-story-e009-p114	0	31	0	13.35
detalles regalos para mujer	https://es.robotoys.eu/blog/7-ideas-de-regalos-irresistibles-para-mujeres	0	1	0	10
detectivebureau	https://nl.robotoys.eu/miniatuur-huizen/miniatuurkamers/moses-detectivebureau-rolife-dg157-p24	0	4	0	70.25
detektivbüro	https://de.robotoys.eu/miniaturhauser/miniaturraume/moses-detektivburo-rolife-dg157-p24	0	27	0	34.22
dg102	https://es.robotoys.eu/casas-en-miniatura/habitaciones-en-miniatura/biblioteca-de-estudio-de-sam-rolife-dg102-p86	0	2	0	5.5
dg102	https://fr.robotoys.eu/maisons-miniatures/chambres-miniatures/bibliotheque-detude-de-sam-rolife-dg102-p86	0	4	0	4.5
dg102	https://hu.robotoys.eu/miniatur-hazak/miniatur-szobak/sam-dolgozoszoba-konyvtara-rolife-dg102-p86	0	2	0	6.5
dg102	https://robotoys.eu/miniature-houses/miniature-rooms/sams-study-library-rolife-dg102-p86	0	3	0	7.67
dg102	https://se.robotoys.eu/miniatyrhus/miniatyrrum/sams-studiebibliotek-rolife-dg102-p86	0	1	0	1
dg104	https://es.robotoys.eu/casas-en-miniatura/habitaciones-en-miniatura/invernadero-de-la-sra-cathy-rolife-dg104-p28	0	1	0	4
dg104	https://robotoys.eu/miniature-houses/miniature-rooms/cathys-flower-house-rolife-dg104-p28	0	5	0	4.4
dg108	https://de.robotoys.eu/miniaturhauser/miniaturraume/mr-millers-garden-rolife-dg108-p23	0	2	0	5.5
dg108	https://fr.robotoys.eu/maisons-miniatures/chambres-miniatures/jardin-de-m-miller-rolife-dg108-p23	0	1	0	1
dg108	https://pt.robotoys.eu/casas-em-miniatura/quartos-em-miniatura/jardim-do-sr-miller-rolife-dg108-p23	0	1	0	9
dg108	https://robotoys.eu/miniature-houses/miniature-rooms/mr-millers-garden-rolife-dg108-p23	0	23	0	3.48
dg109	https://robotoys.eu/miniature-houses/miniature-stores/simons-coffee-shop-rolife-dg109-p64	0	4	0	4.5
dg109	https://robotoys.eu/puzzle-competition/simons-coffee-shop-rolife-dg109-64	0	2	0	8.5
dg11	https://cz.robotoys.eu/soutez-v-puzzle/lilyina-veranda-rolife-dg11-93	0	1	0	7
dg12	https://lt.robotoys.eu/miniatiuriniai-namai/miniatiuriniai-kambariai/miniatiurinis-namas-doros-mansarda-rolife-dg12-p91	0	2	0	1
dg12	https://pl.robotoys.eu/miniaturowe-domki/miniaturowe-pokoje/miniaturowy-dom-poddasze-dory-rolife-dg12-p91	0	1	0	1
dg12	https://se.robotoys.eu/miniatyrhus/miniatyrrum/miniatyrhus-doras-vind-rolife-dg12-p91	0	1	0	1
dg145	https://bg.robotoys.eu/mynyatiurny-kshchy/mynyatiurny-magazyny/magazyn-za-tsvetia-emily-rolife-dg145-p25	0	1	0	7
dg145	https://pt.robotoys.eu/casas-em-miniatura/lojas-de-miniaturas/floricultura-emily-rolife-dg145-p25	0	1	0	1
dg145	https://robotoys.eu/miniature-houses/miniature-stores/flower-shop-emily-rolife-dg145-p25	0	5	0	8.4
dg146	https://es.robotoys.eu/casas-en-miniatura/tiendas-de-miniaturas/casa-en-miniatura-dulces-y-tes-de-flores-rolife-dg146-p92	0	1	0	7
dg146	https://pt.robotoys.eu/casas-em-miniatura/lojas-de-miniaturas/casa-miniatura-doces-e-chas-de-flores-rolife-dg146-p92	0	1	0	1
dg146	https://robotoys.eu/miniature-houses/miniature-stores/miniature-house-flower-sweets-and-teas-rolife-dg146-p92	0	11	0	13.82
dg155	https://nl.robotoys.eu/miniatuur-huizen/miniatuur-winkels/heksenwinkel-kiki-rolife-dg155-p31	0	1	0	4
dg166	https://de.robotoys.eu/miniaturhauser/miniaturraume/miniaturhaus-zauberschule-rolife-dg166-p163	0	1	0	8
dg166	https://hu.robotoys.eu/miniatur-hazak/miniatur-szobak/miniatur-haz-varazsiskola-rolife-dg166-p163	0	1	0	1
dg166	https://robotoys.eu/miniature-houses/miniature-rooms/miniature-house-the-magic-study-rolife-dg166-p163	0	6	0	8.67
dg167	https://de.robotoys.eu/miniaturhauser/miniaturladen/miniaturhaus-restaurant-tipsy-rolife-dg167-p209	0	1	0	9
dg167	https://es.robotoys.eu/casas-en-miniatura/tiendas-de-miniaturas/casa-en-miniatura-restaurante-tipsy-rolife-dg167-p209	0	1	0	2
dg167	https://nl.robotoys.eu/miniatuur-huizen/miniatuur-winkels/miniatuurhuis-restaurant-tipsy-rolife-dg167-p209	0	1	0	4
dg167	https://robotoys.eu/miniature-houses/miniature-stores/miniature-house-restaurant-tipsy-rolife-dg167-p209	0	1	0	2
dg181	https://lt.robotoys.eu/deliones-konkursas/mini-a-formos-kalnu-namelis-rolife-dg181-227	0	1	0	9
dg181	https://nl.robotoys.eu/houten-3d-puzzel/architectuur/houten-3d-puzzel-mini-a-frame-bergchalet-rolife-dg181-p227	0	1	0	4
dg181	https://pl.robotoys.eu/drewniane-puzzle-3d/architektura/drewniana-ukladanka-3d-mini-domek-gorski-w-ksztalcie-litery-a-rolife-dg181-p227	0	1	0	1
dg181	https://robotoys.eu/wooden-3d-puzzle/architecture/wooden-3d-puzzle-mini-a-frame-mountain-chalet-rolife-dg181-p227	0	17	0	5.94
dica de presente para mulher	https://pt.robotoys.eu/blogue/7-ideias-de-presentes-irresistiveis-para-mulheres	0	1	0	77
dicas de presente mulher	https://pt.robotoys.eu/blogue/7-ideias-de-presentes-irresistiveis-para-mulheres	0	1	0	71
dicas de presentes para mulheres	https://pt.robotoys.eu/blogue/7-ideias-de-presentes-irresistiveis-para-mulheres	0	2	0	68.5
dicas presentes femininos	https://pt.robotoys.eu/blogue/7-ideias-de-presentes-irresistiveis-para-mulheres	0	1	0	62
dieses	https://de.robotoys.eu/3d-puzzle-aus-holz/die-tiere/3d-puzzle-aus-holz-parasaurus-little-story-d008-p117	0	1	0	20
dilizansa	https://hr.robotoys.eu/drvena-3d-slagalica/vozila/drvena-mehanicka-3d-slagalica-dilizansa-rokr-amka1-p99	0	3	0	3.33
diližansa	https://hr.robotoys.eu/drvena-3d-slagalica/vozila/drvena-mehanicka-3d-slagalica-dilizansa-rokr-amka1-p99	0	5	0	2.6
dime el precio	https://es.robotoys.eu/rompecabezas-3d-de-madera/stem-lab/marmol-parkour-rokr-lg501-p42	0	1	0	4
dime mas cosas	https://es.robotoys.eu/rompecabezas-3d-de-madera/stem-lab/marble-night-city-rokr-lga01-p2	0	1	0	1
din ungaria	https://hu.robotoys.eu/fabol-keszult-3d-puzzle/orak-naptarak/orabagoly-rokr-lk503-p6	0	1	0	4
dino 3d puzzle	https://cz.robotoys.eu/drevene-3d-puzzle/zvirata/drevene-3d-puzzle-t-rex-little-story-d006-p115	0	1	0	33
dinosaur 3d wooden puzzle	https://robotoys.eu/wooden-3d-puzzle/the-animals/wooden-3d-puzzle-t-rex-little-story-d006-p115	0	1	0	13
dinosaure puzzle 3d	https://fr.robotoys.eu/casse-tete-3d-en-bois/les-animaux/puzzle-3d-en-bois-t-rex-little-story-d006-p115	0	2	0	1
dinossauro	https://robotoys.eu/wooden-3d-puzzle/the-animals/wooden-3d-puzzle-parasaurus-little-story-d008-p117	0	1	0	15
dinossauro	https://robotoys.eu/wooden-3d-puzzle/the-animals/wooden-3d-puzzle-t-rex-little-story-d006-p115	0	1	0	6
diorama rolife	https://pl.robotoys.eu/marki/rolife	0	1	0	12
discontinued?	https://robotoys.eu/miniature-houses/miniature-rooms	0	1	0	20
discontinued?	https://robotoys.eu/miniature-houses/miniature-rooms/miniature-house-doras-loft-rolife-dg12-p91	0	1	0	14
diy 3d moving gears puzzle motorcycle cruiser 420pcs	https://robotoys.eu/wooden-3d-puzzle/vehicles/motorcycle-cruiser-rokr-lk504-p12	0	1	0	27
diy 3d puzzles	https://robotoys.eu/wooden-3d-puzzle/architecture	0	1	0	2
diy biblioteca	https://pt.robotoys.eu/casas-em-miniatura/quartos-em-miniatura/biblioteca-de-estudo-de-sam-rolife-dg102-p86	0	1	0	1
diy book nook	https://cz.robotoys.eu/miniaturni-domecky/books-nook	0	1	0	2
diy book nook 3d 246 pièces - sunshine town - rolife	https://fr.robotoys.eu/maisons-miniatures/coin-livres/sunshine-town-rolife-tgb02-p30	0	1	0	50
diy casas miniatura	https://pt.robotoys.eu/casas-em-miniatura	0	1	0	1
diy cathy's flower house	https://robotoys.eu/miniature-houses/miniature-rooms/cathys-flower-house-rolife-dg104-p28	0	1	0	11
diy house	https://de.robotoys.eu/miniaturhauser	0	2	0	31.5
diy hus	https://se.robotoys.eu/miniatyrhus	0	1	0	11
diy mini book nook	https://hu.robotoys.eu/miniatur-hazak/konyvek-kucko	0	1	0	7
diy miniaturas	https://lv.robotoys.eu/miniaturas-majas/gramatas-nook	0	1	0	4
diy miniature 3d emily's flower shop - rolife - 258 pièces	https://fr.robotoys.eu/maisons-miniatures/boutiques-miniatures/fleuriste-emily-rolife-dg145-p25	0	33	0	31.27
diy miniature house	https://dk.robotoys.eu/miniaturehuse	0	1	0	10
diy miniature house alice's tea store	https://es.robotoys.eu/casas-en-miniatura/tiendas-de-miniaturas/casa-en-miniatura-la-tienda-de-te-de-alice-rolife-dg156-p61	0	2	0	8
diy miniature house cathy's flower house	https://cz.robotoys.eu/nejpopularnejsi-miniaturni-domky	0	1	0	1
diy miniature house cathy's flower house	https://robotoys.eu/miniature-houses/miniature-rooms/cathys-flower-house-rolife-dg104-p28	0	3	0	8
diy miniature house emily's flower shop	https://es.robotoys.eu/casas-en-miniatura/tiendas-de-miniaturas/floristeria-emily-rolife-dg145-p25	0	4	0	6.5
diy miniature house emily's flower shop	https://fr.robotoys.eu/maisons-miniatures/boutiques-miniatures/fleuriste-emily-rolife-dg145-p25	0	1	0	11
diy miniature house emily's flower shop	https://robotoys.eu/miniature-houses/miniature-stores/flower-shop-emily-rolife-dg145-p25	0	1	0	4
diy miniature house flower shop	https://robotoys.eu/miniature-houses/miniature-stores/flower-shop-emily-rolife-dg145-p25	0	2	0	8.5
diy miniature house kiki's magic emporium	https://robotoys.eu/miniature-houses/miniature-stores/kikis-magic-emporium-rolife-dg155-p31	0	1	0	11
diy miniature house kit cathy's flower house	https://robotoys.eu/miniature-houses/miniature-rooms/cathys-flower-house-rolife-dg104-p28	0	1	0	10
diy miniature house miller's garden	https://fr.robotoys.eu/maisons-miniatures/chambres-miniatures/jardin-de-m-miller-rolife-dg108-p23	0	1	0	6
diy miniature house miller's garden	https://robotoys.eu/miniature-houses/miniature-rooms/mr-millers-garden-rolife-dg108-p23	0	6	0	4.67
diy miniature house simon's coffee	https://robotoys.eu/miniature-houses/miniature-stores/simons-coffee-shop-rolife-dg109-p64	0	5	0	14.4
diy miniature room	https://robotoys.eu/miniature-houses/miniature-rooms	0	5	0	7.8
diy miniature room kit	https://robotoys.eu/miniature-houses/miniature-rooms	0	3	0	7.33
diy miniature room kits	https://robotoys.eu/miniature-houses/miniature-rooms	0	1	0	7
diy miniature store	https://robotoys.eu/miniature-houses/miniature-stores	0	1	0	6
diy miniatűr ház	https://hu.robotoys.eu/blog/amit-miniatur-hazak-epitese-elott-tudni-kell	0	38	0	4.87
diy miniatűr ház	https://hu.robotoys.eu/miniatur-hazak	0	54	0	4.33
diy miniatűr ház	https://hu.robotoys.eu/miniatur-hazak-eladasa	0	1	0	7
diy miniatűr ház	https://hu.robotoys.eu/miniatur-hazak/miniatur-szobak/mr-millers-garden-rolife-dg108-p23	0	4	0	5.25
diy rolife	https://pl.robotoys.eu/marki/rolife	0	3	0	5.67
diy wooden 3d mechanical model set road king	https://robotoys.eu/wooden-3d-puzzle/vehicles/wooden-3d-puzzle-tank-semi-trailer-for-truck-road-king-eco-wood-art-p155	0	41	0	1
diy wooden puzzle luminous globe	https://robotoys.eu/wooden-3d-puzzle/the-universe/luminous-globe-rokr-st003-p3	0	3	0	6.67
djong	https://dk.robotoys.eu/trae-3d-puslespil/koretojer/trae-3d-puslespil-sejlskib-djong-eco-wood-art-p232	0	1	0	2
djong	https://es.robotoys.eu/rompecabezas-3d-de-madera/vehiculos/rompecabezas-3d-de-madera-barco-de-vela-djong-eco-wood-art-p232	0	5	0	8
djong	https://fr.robotoys.eu/casse-tete-3d-en-bois/vehicules/puzzle-3d-en-bois-voilier-djong-eco-wood-art-p232	0	3	0	10
djong	https://hu.robotoys.eu/fabol-keszult-3d-puzzle/jarmuvek/fa-3d-kirako-vitorlashajo-djong-eco-wood-art-p232	0	1	0	5
djong	https://it.robotoys.eu/puzzle-3d-in-legno/veicoli/puzzle-3d-in-legno-nave-a-vela-djong-eco-wood-art-p232	0	1	0	9
djong	https://nl.robotoys.eu/houten-3d-puzzel/voertuigen/houten-3d-puzzel-zeilschip-djong-eco-wood-art-p232	0	1	0	9
djong	https://pl.robotoys.eu/drewniane-puzzle-3d/pojazdy/drewniana-ukladanka-3d-zaglowiec-djong-eco-wood-art-p232	0	2	0	8.5
djong	https://robotoys.eu/wooden-3d-puzzle/vehicles/wooden-3d-puzzle-sailing-ship-djong-eco-wood-art-p232	0	1	0	20
djong	https://se.robotoys.eu/3d-pussel-i-tra/fordon/trapussel-3d-segelskepp-djong-eco-wood-art-p232	0	1	0	8
dla kobiet	https://pl.robotoys.eu/najdrozsze-prezenty-dla-kobiet-i-dziewczat	0	1	0	3
do you have a pdf	https://fr.robotoys.eu/casse-tete-3d-en-bois/architecture/puzzle-3d-en-bois-sagrada-familia-little-story-e018-p133	0	1	0	8
doll house suppliers	https://robotoys.eu/miniature-houses/miniature-rooms/cathys-flower-house-rolife-dg104-p28	0	1	0	24
doll houses miniatures	https://robotoys.eu/miniature-houses/miniature-rooms/cathys-flower-house-rolife-dg104-p28	0	1	0	51
dollhouse	https://dk.robotoys.eu/miniaturehuse	0	1	0	3
dollhouse room kit	https://robotoys.eu/miniature-houses/miniature-rooms	0	1	0	10
dolls house building	https://robotoys.eu/miniature-houses/miniature-rooms/cathys-flower-house-rolife-dg104-p28	0	1	0	6
dolls house building	https://robotoys.eu/miniature-houses/miniature-rooms/miniature-house-doras-loft-rolife-dg12-p91	0	2	0	33
dolls house building	https://robotoys.eu/miniature-houses/miniature-rooms/miniature-house-the-magic-study-rolife-dg166-p163	0	1	0	32
dolls house miniatures	https://robotoys.eu/miniature-houses/miniature-rooms/cathys-flower-house-rolife-dg104-p28	0	1	0	31
dolls house store	https://robotoys.eu/miniature-houses/miniature-stores/miniature-house-alices-tea-shop-rolife-dg156-p61	0	1	0	33
dom do ry	https://pl.robotoys.eu/miniaturowe-domki/miniaturowe-pokoje/miniaturowy-dom-poddasze-dory-rolife-dg12-p91	0	1	0	10
dom pod sakurą	https://pl.robotoys.eu/miniaturowe-domki/kacik-ksiazek/wklad-do-regalu-aleja-winna-pod-drzewami-sakura-rolife-tgb11-p164	0	8	0	3
domek dla liter	https://pl.robotoys.eu/drewniane-puzzle-3d/architektura/drewniana-ukladanka-3d-mini-domek-gorski-w-ksztalcie-litery-a-rolife-dg181-p227	0	2	0	1
domek interaktywny	https://cz.robotoys.eu/miniaturni-domky-200-az-299ks	0	1	0	20
domek miniaturowy	https://pl.robotoys.eu/miniaturowe-domki/miniaturowe-pokoje/ogrod-pana-millera-rolife-dg108-p23	0	3	0	8.67
domek na książki	https://pl.robotoys.eu/miniaturowe-domki/kacik-ksiazek	0	4	0	27.25
domek w kształcie litery a	https://pl.robotoys.eu/drewniane-puzzle-3d/architektura/drewniana-ukladanka-3d-mini-domek-gorski-w-ksztalcie-litery-a-rolife-dg181-p227	0	6	0	1.17
domki miniaturowe	https://pl.robotoys.eu/miniaturowe-domki	0	9	0	7.44
domki miniaturowe	https://pl.robotoys.eu/miniaturowe-domki-od-200-do-299-szt	0	3	0	9
domki miniaturowe	https://pl.robotoys.eu/miniaturowe-domki/miniaturowe-pokoje	0	1	0	9
domky	https://cz.robotoys.eu/nejprodavanejsi-miniaturni-domky	0	1	0	16
donde comprar	https://es.robotoys.eu/casas-en-miniatura/habitaciones-en-miniatura/biblioteca-de-estudio-de-sam-rolife-dg102-p86	0	1	0	22
donde comprar	https://es.robotoys.eu/casas-en-miniatura/habitaciones-en-miniatura/casa-en-miniatura-cocina-acogedora-rolife-dg159-p89	0	2	0	22.5
donde comprar	https://es.robotoys.eu/rompecabezas-3d-de-madera/flores/puzzle-3d-de-madera-rosa-rosa-rowood-tw041-p111	0	1	0	12
donde comprar	https://robotoys.eu/wooden-3d-puzzle/stem-lab/wooden-mechanical-3d-puzzle-gear-ball-challenge-rokr-egc01-p213	0	1	0	26
donde comprar mas barato	https://es.robotoys.eu/casas-en-miniatura/rincon-de-libros/casa-de-jardin-de-vacaciones-rolife-tgb06-p78	0	1	0	22
donde comprar?	https://es.robotoys.eu/casas-en-miniatura/habitaciones-en-miniatura/casa-en-miniatura-cocina-acogedora-rolife-dg159-p89	0	1	0	8
donde conseguir	https://es.robotoys.eu/rompecabezas-3d-de-madera/vehiculos/puzzle-3d-de-madera-avion-little-story-d016-p130	0	1	0	23
donde está más barato	https://es.robotoys.eu/rompecabezas-3d-de-madera/cajas-de-musica/puzzle-3d-mecanico-de-madera-arbol-de-navidad-melodico-rolife-ams01-p138	0	1	0	22
donde lo venden	https://es.robotoys.eu/rompecabezas-3d-de-madera/vehiculos/rompecabezas-mecanico-3d-de-madera-cosechadora-de-granos-gh800-eco-wood-art-p160	0	1	0	2
donde lo venden	https://robotoys.eu/wooden-3d-puzzle/vehicles/wooden-mechanical-3d-puzzle-grain-harvester-gh800-eco-wood-art-p160	0	1	0	25
donde se compra	https://es.robotoys.eu/rompecabezas-3d-de-madera/cajas-de-musica/caja-de-musica-swing-ride-rokr-ea02-p4	0	1	0	5
donde se pone la pila	https://robotoys.eu/wooden-3d-puzzle/music-boxes/wooden-mechanical-3d-puzzle-melodic-christmas-tree-rolife-ams01-p138	0	1	0	1
donne moi un image	https://fr.robotoys.eu/blog/lhistoire-du-celebre-tower-bridge-comment-amener-londres-chez-vous	0	1	0	26
dopamin tiktok	https://hu.robotoys.eu/blog/tiktok-trend-dopamin-hobbi-mit-jelent-es-miert-a-rejtvenyek-a-legjobb-valasztas	0	3	0	6
dopamina tiktok	https://it.robotoys.eu/blog/il-trend-di-tiktok-hobby-della-dopamina-cosa-significa-e-perche-i-puzzle-sono-tra-le-scelte-piu-gettonate	0	5	0	8.6
dopamina tiktok	https://pt.robotoys.eu/blogue/a-tendencia-do-tiktok-hobby-da-dopamina-o-que-significa-e-por-que-os-quebra-cabecas-sao-uma-otima-opcao	0	2	0	9.5
dora casa	https://es.robotoys.eu/casas-en-miniatura/habitaciones-en-miniatura/casa-en-miniatura-el-atico-de-dora-rolife-dg12-p91	0	1	0	5
dora casas	https://es.robotoys.eu/casas-en-miniatura/habitaciones-en-miniatura/casa-en-miniatura-el-atico-de-dora-rolife-dg12-p91	0	6	0	5.83
dora's loft	https://it.robotoys.eu/case-in-miniatura/camere-in-miniatura/casa-in-miniatura-la-soffitta-di-dora-rolife-dg12-p91	0	1	0	7
dora's loft rolife	https://es.robotoys.eu/casas-en-miniatura/habitaciones-en-miniatura/casa-en-miniatura-el-atico-de-dora-rolife-dg12-p91	0	1	0	2
dora's loft rolife	https://nl.robotoys.eu/miniatuur-huizen/miniatuurkamers/miniatuurhuis-doras-zolder-rolife-dg12-p91	0	1	0	3
dora's loft rolife	https://robotoys.eu/miniature-houses/miniature-rooms/miniature-house-doras-loft-rolife-dg12-p91	0	2	0	9.5
doras loft	https://nl.robotoys.eu/miniatuur-huizen/miniatuurkamers/miniatuurhuis-doras-zolder-rolife-dg12-p91	0	1	0	5
doras loft	https://robotoys.eu/miniature-houses/miniature-rooms/miniature-house-doras-loft-rolife-dg12-p91	0	13	0	5.69
doras loft rolife	https://es.robotoys.eu/casas-en-miniatura/habitaciones-en-miniatura/casa-en-miniatura-el-atico-de-dora-rolife-dg12-p91	0	2	0	3
doras loft rolife	https://robotoys.eu/miniature-houses/miniature-rooms/miniature-house-doras-loft-rolife-dg12-p91	0	3	0	5.33
dorino	https://cz.robotoys.eu/miniaturni-domecky/miniaturni-pokoje/miniaturni-domek-dorino-podkrovi-rolife-dg12-p91	0	4	0	4.5
dorino	https://cz.robotoys.eu/soutez-v-puzzle/dorino-podkrovi-rolife-dg12-91	0	2	0	10
doro life	https://robotoys.eu/miniature-houses/miniature-rooms/miniature-house-doras-loft-rolife-dg12-p91	0	1	0	62
dorosły	https://pl.robotoys.eu/drewniane-puzzle-3d/pojazdy/drewniane-mechaniczne-puzzle-3d-dylizans-rokr-amka1-p99	0	1	0	1
dorosły	https://pl.robotoys.eu/drewniane-puzzle-3d/stem-lab/drewniane-mechaniczne-puzzle-3d-klasyczna-drukarka-rokr-lk602-p90	0	1	0	1
dostavnik	https://cz.robotoys.eu/drevene-3d-puzzle/vozidla/drevene-mechanicke-3d-puzzle-dostavnik-rokr-amka1-p99	0	53	0	3.02
dostavník	https://cz.robotoys.eu/drevene-3d-puzzle/vozidla/drevene-mechanicke-3d-puzzle-dostavnik-rokr-amka1-p99	0	42	0	3.93
dovana jai	https://lt.robotoys.eu/dovanu-idejos/dovanos-jai	0	8	0	26.75
dovanos jai	https://lt.robotoys.eu/dovanu-idejos/dovanos-jai	0	44	0	19.75
dovanos jai kaledu proga	https://lt.robotoys.eu/pigiausios-dovanos-kaledu-proga	0	2	0	9.5
dovanos jam kaledu proga	https://lt.robotoys.eu/pigiausios-dovanos-kaledu-proga	0	5	0	8.2
dovanos valentino diena	https://lt.robotoys.eu/dienorastis/5-geriausios-valentino-dienos-dovanos-kurios-patiks-visiems	0	1	0	60
dovanu idejos	https://lt.robotoys.eu/dovanu-idejos/dovanos-jai	0	1	0	10
dovanų įdėjos kalėdoms	https://lt.robotoys.eu/dovanu-idejos/dovanos-kaledoms	0	2	0	12.5
dove acquistare on line	https://it.robotoys.eu/case-in-miniatura/angolo-dei-libri/bookstore-rolife-tgb07-p76	0	1	0	4
dove acquistare on line	https://it.robotoys.eu/case-in-miniatura/angolo-dei-libri/inserto-per-libreria-arcade-dating-rolife-tgb10-p148	0	1	0	20
dove acquistarlo	https://it.robotoys.eu/puzzle-3d-in-legno/fiori/puzzle-3d-in-legno-camomilla-rowood-tw061-p109	0	1	0	13
dove acquistarlo	https://it.robotoys.eu/puzzle-3d-in-legno/fiori/puzzle-3d-in-legno-fioriera-in-legno-rowood-tw02h-p162	0	1	0	22
dove acquistarlo	https://it.robotoys.eu/puzzle-3d-in-legno/fiori/puzzle-3d-in-legno-garofano-rosso-rowood-tw052-p112	0	1	0	24
dove acquistarlo	https://it.robotoys.eu/puzzle-3d-in-legno/fiori/puzzle-3d-in-legno-libro-dei-fiori-in-legno-rowood-tw04h-p228	0	1	0	8
dove acquistarlo	https://robotoys.eu/wooden-3d-puzzle/flowers	0	1	0	26
dove acquistarlo	https://robotoys.eu/wooden-3d-puzzle/flowers/wooden-3d-puzzle-wooden-flower-basket-rowood-tw03h-p210	0	1	0	25
dove aquistarlo	https://it.robotoys.eu/case-in-miniatura/negozi-in-miniatura/casa-in-miniatura-ristorante-tipsy-rolife-dg167-p209	0	1	0	6
dove comprare	https://it.robotoys.eu/puzzle-3d-in-legno/carillon/puzzle-meccanico-3d-in-legno-sakura-dreamy-tour-rolife-amt02-p219	0	1	0	2
dove comprarlo	https://it.robotoys.eu/puzzle-3d-in-legno/armi/puzzle-meccanico-3d-in-legno-mitragliatrice-con-canna-rotante-rokr-lqa01-p218	0	1	0	19
dove comprarlo in italia	https://it.robotoys.eu/puzzle-3d-in-legno/carillon/puzzle-meccanico-3d-in-legno-giostra-classica-rolife-amc01-p146	0	1	0	3
dove si trova questo posto	https://it.robotoys.eu/puzzle-3d-in-legno/fiori/puzzle-3d-in-legno-sakura-bonsai-rolife-tg415-p142	0	3	0	2.67
dove si trova questo posto	https://robotoys.eu/wooden-3d-puzzle/flowers/wooden-3d-puzzle-sakura-bonsai-rolife-tg415-p142	0	1	0	32
dove trovarli	https://it.robotoys.eu/puzzle-3d-in-legno/fiori/puzzle-3d-in-legno-giglio-rosa-rowood-tw071-p144	0	1	0	5
drahé dárky pro děti	https://cz.robotoys.eu/nejdrazsi-darky-pro-deti	0	28	0	11.64
dream gift factory	https://es.robotoys.eu/rompecabezas-3d-de-madera/stem-lab/rompecabezas-mecanico-3d-de-madera-fabrica-de-regalos-de-ensueno-rokr-eab01-p202	0	1	0	8
dream gift factory	https://hu.robotoys.eu/fabol-keszult-3d-puzzle/stem-lab/fa-mechanikus-3d-kirako-alomajandek-gyar-rokr-eab01-p202	0	2	0	4
dream gift factory	https://it.robotoys.eu/puzzle-3d-in-legno/stem-lab/puzzle-meccanico-3d-in-legno-fabbrica-dei-regali-dei-sogni-rokr-eab01-p202	0	19	0	6.74
dream gift factory	https://pl.robotoys.eu/drewniane-puzzle-3d/stem-lab/drewniana-mechaniczna-ukladanka-3d-fabryka-prezentow-marzen-rokr-eab01-p202	0	2	0	3.5
dream gift factory	https://robotoys.eu/wooden-3d-puzzle/stem-lab/wooden-mechanical-3d-puzzle-dream-gift-factory-rokr-eab01-p202	0	23	0	9.22
dream gift factory eab01	https://pl.robotoys.eu/drewniane-puzzle-3d/stem-lab/drewniana-mechaniczna-ukladanka-3d-fabryka-prezentow-marzen-rokr-eab01-p202	0	1	0	3
dream gift factory eab01	https://robotoys.eu/wooden-3d-puzzle/stem-lab/wooden-mechanical-3d-puzzle-dream-gift-factory-rokr-eab01-p202	0	2	0	10.5
dream gift factory rokr	https://es.robotoys.eu/rompecabezas-3d-de-madera/stem-lab/rompecabezas-mecanico-3d-de-madera-fabrica-de-regalos-de-ensueno-rokr-eab01-p202	0	2	0	18
dream gift factory rokr	https://it.robotoys.eu/puzzle-3d-in-legno/stem-lab/puzzle-meccanico-3d-in-legno-fabbrica-dei-regali-dei-sogni-rokr-eab01-p202	0	7	0	6
dream gift factory rokr	https://robotoys.eu/wooden-3d-puzzle/stem-lab/wooden-mechanical-3d-puzzle-dream-gift-factory-rokr-eab01-p202	0	2	0	13.5
dream world magical construction	https://robotoys.eu/blog/what-you-need-to-know-before-building-miniature-houses	0	1	0	8
drevena kytice	https://cz.robotoys.eu/blog/drevena-kytice-ktera-nikdy-nezvadne-objev-kouzlo-3d-puzzle-kvetin	0	2	0	5
drevena ruze	https://cz.robotoys.eu/drevene-3d-puzzle/kvety/drevene-3d-puzzle-cervena-ruze-rowood-tw042-p101	0	8	0	8.12
drevene 3d puzzle	https://cz.robotoys.eu/drevene-3d-puzzle	0	18	0	5.44
drevene 3d puzzle	https://cz.robotoys.eu/drevene-3d-puzzle/architektura/drevene-3d-puzzle-koloseum-little-story-e016-p126	0	4	0	2.75
drevene 3d puzzle	https://cz.robotoys.eu/drevene-3d-puzzle/architektura/drevene-3d-puzzle-sagrada-familia-little-story-e018-p133	0	18	0	2.94
drevene 3d puzzle	https://cz.robotoys.eu/drevene-3d-puzzle/vozidla/drevene-3d-puzzle-lokomotiva-little-story-e012-p124	0	1	0	6
drevene 3d puzzle	https://cz.robotoys.eu/nejprodavanejsi-drevene-3d-puzzle	0	1	0	4
drevene auto	https://cz.robotoys.eu/drevene-3d-puzzle/vozidla/vintage-auto-rokr-mc801-p72	0	22	0	2.36
drevene puzle	https://cz.robotoys.eu/drevene-3d-puzzle	0	1	0	19
drevene puzzle	https://cz.robotoys.eu/drevene-3d-puzzle	0	8	0	19.88
drevene puzzle 3d	https://cz.robotoys.eu/drevene-3d-puzzle	0	8	0	4.88
drevene puzzle 3d	https://cz.robotoys.eu/drevene-3d-puzzle/architektura/drevene-3d-puzzle-sagrada-familia-little-story-e018-p133	0	7	0	5
drevene puzzle lev	https://cz.robotoys.eu/drevene-3d-puzzle/zvirata/drevene-3d-puzzle-lev-little-story-d011-p119	0	1	0	18
drevene puzzle slon	https://cz.robotoys.eu/drevene-3d-puzzle/zvirata/drevene-3d-puzzle-slon-little-story-d012-p120	0	1	0	22
drevenne puzzle	https://cz.robotoys.eu/drevene-3d-puzzle	0	1	0	20
dreveny	https://cz.robotoys.eu/drevene-3d-puzzle/vozidla/drevene-3d-puzzle-motorka-grand-prix-little-story-e021-p173	0	1	0	1
dreveny globus	https://cz.robotoys.eu/drevene-3d-puzzle/vesmir/svitici-globus-rokr-st003-p3	0	2	0	7
dreveny telefon	https://cz.robotoys.eu/drevene-3d-puzzle/stem-lab/drevene-3d-puzzle-retro-telefon-eco-wood-art-p156	0	1	0	29
drevené autá	https://cz.robotoys.eu/drevene-3d-puzzle/vozidla	0	3	0	12.33
drevené puzzle	https://cz.robotoys.eu/drevene-3d-puzzle	0	4	0	18.5
drevené puzzle 3d	https://cz.robotoys.eu/drevene-3d-puzzle	0	4	0	3.75
drevený večný kalendár	https://cz.robotoys.eu/drevene-3d-puzzle/hodiny-kalendare/vecny-kalendar-rokr-lk201-p55	0	1	0	16
drewniane instrumenty	https://pl.robotoys.eu/drewniane-puzzle-3d/instrumenty-muzyczne	0	1	0	30
drewniane kwiatki	https://pl.robotoys.eu/drewniane-puzzle-3d/kwiaty	0	3	0	27.67
drewniane kwiaty	https://pl.robotoys.eu/drewniane-puzzle-3d/kwiaty	0	44	0	8.68
drewniane modele 3d	https://pl.robotoys.eu/drewniane-puzzle-3d/architektura/drewniane-puzzle-3d-sagrada-familia-little-story-e018-p133	0	2	0	22
drewniane modele mechaniczne	https://pl.robotoys.eu/drewniane-puzzle-3d/pojazdy	0	2	0	24
drewniane puzle 3d	https://pl.robotoys.eu/drewniane-puzzle-3d	0	1	0	6
drewniane puzle 3d	https://pl.robotoys.eu/drewniane-puzzle-3d/architektura/drewniane-puzzle-3d-sagrada-familia-little-story-e018-p133	0	10	0	3.4
drewniane puzzle	https://pl.robotoys.eu/drewniane-puzzle-3d/pozytywki/romantyczna-karuzela-rokr-amk62-p77	0	1	0	7
drewniane puzzle 3d	https://pl.robotoys.eu/blog/drewniane-puzzle-3d-jak-wybrac-swoj-pierwszy-zestaw-do-budowania-i-na-co-sie-przygotowac	0	1	0	4
drewniane puzzle 3d	https://pl.robotoys.eu/drewniane-puzzle-3d	0	23	0	10.78
drewniane puzzle 3d	https://pl.robotoys.eu/drewniane-puzzle-3d-mniej-niz-100-szt	0	2	0	39
drewniane puzzle 3d	https://pl.robotoys.eu/drewniane-puzzle-3d-od-100-do-149-szt	0	1	0	7
drewniane puzzle 3d	https://pl.robotoys.eu/drewniane-puzzle-3d/architektura	0	73	0	13.81
drewniane puzzle 3d	https://pl.robotoys.eu/drewniane-puzzle-3d/pojazdy/drewniane-mechaniczne-puzzle-3d-dylizans-rokr-amka1-p99	0	1	0	1
drewniane puzzle 3d	https://pl.robotoys.eu/drewniane-puzzle-3d/pojazdy/drewniane-puzzle-3d-lokomotywa-little-story-e012-p124	0	12	0	13.42
drewniane puzzle 3d	https://pl.robotoys.eu/drewniane-puzzle-3d/stem-lab/drewniane-mechaniczne-puzzle-3d-klasyczna-drukarka-rokr-lk602-p90	0	22	0	16.82
drewniane puzzle 3d	https://pl.robotoys.eu/drewniane-puzzle-3d/zegary-i-kalendarze/zegar-scienny-zodiac-rokr-lc601-p52	0	1	0	1
drewniane puzzle 3d dla dorosłych	https://pl.robotoys.eu/drewniane-puzzle-3d/architektura	0	6	0	24.83
drewniane puzzle 3d dla dorosłych	https://pl.robotoys.eu/drewniane-puzzle-3d/architektura/drewniane-puzzle-3d-sagrada-familia-little-story-e018-p133	0	71	0	2.73
drewniane puzzle 3d dla dzieci	https://pl.robotoys.eu/drewniane-puzzle-3d/architektura/drewniane-puzzle-3d-koloseum-little-story-e016-p126	0	3	0	21
drewniane puzzle 3d dla dzieci	https://pl.robotoys.eu/drewniane-puzzle-3d/architektura/drewniane-puzzle-3d-sagrada-familia-little-story-e018-p133	0	3	0	12
drewniane puzzle 3d ruchome	https://pl.robotoys.eu/drewniane-puzzle-3d/architektura	0	3	0	22
drewniane puzzle 3d zwierzęta	https://pl.robotoys.eu/drewniane-puzzle-3d/stem-lab/drewniane-mechaniczne-puzzle-3d-klasyczna-drukarka-rokr-lk602-p90	0	1	0	11
drewniane puzzle 3d zwierzęta	https://pl.robotoys.eu/drewniane-puzzle-3d/zwierzeta/drewniane-puzzle-3d-kangur-little-story-d014-p122	0	3	0	2
drewniane puzzle dla dorosłych	https://pl.robotoys.eu/drewniane-puzzle-3d/wszechswiat/uklad-sloneczny-rokr-st001-p71	0	1	0	4
drewniane puzzle dla dorosłych	https://pl.robotoys.eu/drewniane-puzzle-3d/zegary-i-kalendarze/zegar-scienny-zodiac-rokr-lc601-p52	0	1	0	4
drewniane łamigłówki 3d jak ułożyć	https://pl.robotoys.eu/blog/drewniane-puzzle-3d-jak-wybrac-swoj-pierwszy-zestaw-do-budowania-i-na-co-sie-przygotowac	0	4	0	20.5
drewniany globus	https://pl.robotoys.eu/drewniane-puzzle-3d/wszechswiat/swiecacy-globus-rokr-st003-p3	0	4	0	14.5
drewniany karabin	https://pl.robotoys.eu/drewniane-puzzle-3d/bronie	0	1	0	15
drewniany karabin	https://pl.robotoys.eu/drewniane-puzzle-3d/bronie/karabin-ak-47-rokr-lq901-p67	0	1	0	11
drewniany kwiatek	https://pl.robotoys.eu/drewniane-puzzle-3d/kwiaty	0	3	0	39.33
drewniany model	https://pl.robotoys.eu/drewniane-puzzle-3d/pojazdy/drewniana-ukladanka-3d-czolg-fv4005-little-story-wot09-p236	0	1	0	7
droyz toys	https://es.robotoys.eu/	0	3	0	39.33
drucker holz	https://de.robotoys.eu/3d-puzzle-aus-holz/stem-lab/mechanisches-3d-puzzle-aus-holz-klassischer-drucker-rokr-lk602-p90	0	5	0	3.4
drukarka do drewna 3d	https://pl.robotoys.eu/drewniane-puzzle-3d/stem-lab/drewniane-mechaniczne-puzzle-3d-klasyczna-drukarka-rokr-lk602-p90	0	22	0	3.55
drvena koliba	https://hr.robotoys.eu/drvena-3d-slagalica/arhitektura/drvena-3d-slagalica-mini-planinska-koliba-u-obliku-slova-a-rolife-dg181-p227	0	6	0	1
drvena puska	https://hr.robotoys.eu/drvena-3d-slagalica/oruzje/ak-47-puska-rokr-lq901-p67	0	1	0	1
drvena puška	https://hr.robotoys.eu/drvena-3d-slagalica/oruzje/ak-47-puska-rokr-lq901-p67	0	1	0	1
drvena pčela	https://hr.robotoys.eu/drvena-3d-slagalica/zivotinje/drvena-3d-puzzle-pcela-little-story-d001-p128	0	4	0	1
drvena sova	https://hr.robotoys.eu/drvena-3d-slagalica/zivotinje/drvena-3d-puzzle-sova-little-story-d009-p132	0	2	0	30
dubbningsrobot	https://se.robotoys.eu/marken	0	17	0	11.18
dumper model	https://dk.robotoys.eu/trae-3d-puslespil/koretojer/dumper-model-rokr-tg603k-p34	0	1	0	2
dure cadeaus voor vrouwen	https://nl.robotoys.eu/blog/7-onweerstaanbare-cadeau-ideeen-voor-vrouwen	0	1	0	66
dutch woodworking	https://nl.robotoys.eu/houten-3d-puzzel/architectuur/houten-mechanische-3d-puzzel-windmolen-eco-wood-art-p154	0	2	0	14.5
dykizans	https://pl.robotoys.eu/drewniane-puzzle-3d/pojazdy/drewniane-mechaniczne-puzzle-3d-dylizans-rokr-amka1-p99	0	5	0	2
dylizans	https://pl.robotoys.eu/drewniane-puzzle-3d/pojazdy/drewniane-mechaniczne-puzzle-3d-dylizans-rokr-amka1-p99	0	30	0	4.37
dyliżans	https://pl.robotoys.eu/drewniane-puzzle-3d/pojazdy/drewniane-mechaniczne-puzzle-3d-dylizans-rokr-amka1-p99	0	1573	0	3.03
dziip	https://ee.robotoys.eu/puidust-3d-pusle/soidukid/puidust-3d-pusle-armee-dziip-little-story-e014-p170	0	5	0	3.2
dárek co potěší	https://cz.robotoys.eu/blog/skvele-tipy-na-vanocni-darky-ktere-potesi-i-ty-nejnarocnejsi	0	1	0	14
dárek na valentýn	https://cz.robotoys.eu/blog/5-nejlepsich-darku-na-valentyna-ktere-potesi-kazdeho	0	1	0	3
dárek pro milovnice umění	https://cz.robotoys.eu/blog/nejlepsi-darek-pro-ni-magicky-koutek-pro-milovnici-knih	0	4	0	21.5
dárek pro muže který má vše	https://cz.robotoys.eu/blog/darek-pro-muze-ktery-uz-vsechno-ma-24-originalnich-tipu-ktere-ho-opravdu-prekvapi	0	3	0	14.67
dárky které překvapí	https://cz.robotoys.eu/blog/darek-pro-muze-ktery-uz-vsechno-ma-24-originalnich-tipu-ktere-ho-opravdu-prekvapi	0	8	0	14.62
dárky na narozeniny	https://cz.robotoys.eu/napady-na-darky/darky-na-narozeniny	0	1	0	12
dárky pro milovníky knih	https://cz.robotoys.eu/blog/nejlepsi-darek-pro-ni-magicky-koutek-pro-milovnici-knih	0	4	0	20.25
dárky pro náročné	https://cz.robotoys.eu/blog/skvele-tipy-na-vanocni-darky-ktere-potesi-i-ty-nejnarocnejsi	0	1	0	9
dárky pro ženu	https://cz.robotoys.eu/blog/7-neodolatelnych-tipu-na-darky-pro-zenu	0	1	0	8
dísztárgy	https://hu.robotoys.eu/fabol-keszult-3d-puzzle/epiteszet/fa-3d-puzzle-pisai-ferde-torony-little-story-e009-p114	0	1	0	5
dónde compro eso	https://robotoys.eu/wooden-3d-puzzle/stem-lab/wooden-mechanical-3d-puzzle-classic-printer-rokr-lk602-p90	0	1	0	36
dónde compro eso	https://robotoys.eu/wooden-3d-puzzle/stem-lab/wooden-mechanical-3d-puzzle-gear-ball-challenge-rokr-egc01-p213	0	1	0	33
dāvanas valentīndienā	https://lv.robotoys.eu/emuars/5-labakas-valentindienas-davanas-kas-iepriecinas-ikvienu	0	2	0	55.5
dāvanas viņam	https://lv.robotoys.eu/davanu-idejas/davanas-vinam	0	1	0	8
dāvanas ziemassvētkos	https://lv.robotoys.eu/davanu-idejas/davanas-ziemassvetkos	0	5	0	20.2
dāvanu idejas sievietei	https://lv.robotoys.eu/emuars/7-neatvairamas-davanu-idejas-sievietem	0	7	0	6.71
dřevěná hrací skříňka	https://cz.robotoys.eu/drevene-3d-puzzle/hraci-skrinky	0	10	0	4.4
dřevěná růže	https://cz.robotoys.eu/drevene-3d-puzzle/kvety/drevene-3d-puzzle-cervena-ruze-rowood-tw042-p101	0	3	0	6.67
dřevěná zbraň	https://cz.robotoys.eu/drevene-3d-puzzle/zbrane	0	3	0	19.67
dřevěné 3d modely	https://cz.robotoys.eu/blog/drevene-3d-puzzle-jak-vybrat-svoji-prvni-stavebnice-a-na-co-se-pripravit	0	2	0	9
dřevěné 3d modely	https://cz.robotoys.eu/drevene-3d-puzzle/vozidla	0	2	0	8
dřevěné 3d modely	https://cz.robotoys.eu/drevene-3d-puzzle/vozidla/vintage-auto-rokr-mc801-p72	0	5	0	7.4
dřevěné 3d puzzle	https://cz.robotoys.eu/blog/drevene-3d-puzzle-jak-vybrat-svoji-prvni-stavebnice-a-na-co-se-pripravit	0	1	0	31
dřevěné 3d puzzle	https://cz.robotoys.eu/drevene-3d-puzzle/architektura/drevene-3d-puzzle-koloseum-little-story-e016-p126	0	11	0	3.55
dřevěné 3d puzzle	https://cz.robotoys.eu/drevene-3d-puzzle/architektura/drevene-3d-puzzle-sagrada-familia-little-story-e018-p133	0	77	0	2.36
dřevěné 3d puzzle	https://cz.robotoys.eu/drevene-3d-puzzle/stem-lab/drevene-3d-puzzle-retro-telefon-eco-wood-art-p156	0	12	0	3.5
dřevěné 3d puzzle pro dospělé	https://cz.robotoys.eu/drevene-3d-puzzle	0	4	0	10.25
dřevěné 3d puzzle pro dospělé	https://cz.robotoys.eu/drevene-3d-puzzle/architektura/drevene-3d-puzzle-koloseum-little-story-e016-p126	0	1	0	30
dřevěné 3d stavebnice	https://cz.robotoys.eu/blog/drevene-3d-puzzle-jak-vybrat-svoji-prvni-stavebnice-a-na-co-se-pripravit	0	5	0	12.6
dřevěné auta	https://cz.robotoys.eu/drevene-3d-puzzle/vozidla	0	1	0	17
dřevěné květiny	https://cz.robotoys.eu/drevene-3d-puzzle/kvety	0	11	0	21.91
dřevěné květiny	https://cz.robotoys.eu/drevene-3d-puzzle/kvety/drevene-3d-puzzle-kytice-kvetin-rowood-tw01h-p100	0	1	0	2
dřevěné kytice	https://cz.robotoys.eu/blog/drevena-kytice-ktera-nikdy-nezvadne-objev-kouzlo-3d-puzzle-kvetin	0	3	0	13.67
dřevěné kytice	https://cz.robotoys.eu/drevene-3d-puzzle/kvety/drevene-3d-puzzle-kytice-kvetin-rowood-tw01h-p100	0	1	0	33
dřevěné mechanické puzzle	https://cz.robotoys.eu/drevene-3d-puzzle	0	3	0	9.33
dřevěné modely aut	https://cz.robotoys.eu/drevene-3d-puzzle/vozidla	0	25	0	8.64
dřevěné puzzle	https://cz.robotoys.eu/drevene-3d-puzzle	0	13	0	19.77
dřevěné puzzle 3d	https://cz.robotoys.eu/drevene-3d-puzzle/architektura/drevene-3d-puzzle-koloseum-little-story-e016-p126	0	26	0	5.58
dřevěné puzzle 3d	https://cz.robotoys.eu/drevene-3d-puzzle/architektura/drevene-3d-puzzle-sagrada-familia-little-story-e018-p133	0	68	0	3.79
dřevěné puzzle 3d	https://cz.robotoys.eu/drevene-3d-puzzle/architektura/svitici-eiffelova-vez-rolife-tgl01-p73	0	13	0	12.15
dřevěné puzzle dinosaurus	https://cz.robotoys.eu/drevene-3d-puzzle/zvirata/drevene-3d-puzzle-t-rex-little-story-d006-p115	0	1	0	44
dřevěné puzzle lev	https://cz.robotoys.eu/drevene-3d-puzzle/zvirata/drevene-3d-puzzle-lev-little-story-d011-p119	0	9	0	4.44
dřevěné puzzle slon	https://cz.robotoys.eu/drevene-3d-puzzle/zvirata/drevene-3d-puzzle-slon-little-story-d012-p120	0	2	0	21
dřevěné růže	https://cz.robotoys.eu/drevene-3d-puzzle/kvety/drevene-3d-puzzle-cervena-ruze-rowood-tw042-p101	0	23	0	9.35
dřevěné skládačky	https://cz.robotoys.eu/drevene-3d-puzzle	0	5	0	57.6
dřevěné zbraně	https://cz.robotoys.eu/drevene-3d-puzzle/zbrane	0	4	0	8.5
dřevěné zbraně	https://cz.robotoys.eu/drevene-3d-puzzle/zbrane/ak-47-rifle-rokr-lq901-p67	0	25	0	3.68
dřevěné zbraně	https://cz.robotoys.eu/drevene-3d-puzzle/zbrane/thompson-rokr-lqb01-p74	0	1	0	14
dřevěný kalendář	https://cz.robotoys.eu/drevene-3d-puzzle/hodiny-kalendare/vecny-kalendar-rokr-lk201-p55	0	4	0	49.5
dřevěný kalendář kostky	https://cz.robotoys.eu/drevene-3d-puzzle/hodiny-kalendare/vecny-kalendar-rokr-lk201-p55	0	1	0	44
džiip	https://ee.robotoys.eu/puidust-3d-pusle/soidukid/puidust-3d-pusle-armee-dziip-little-story-e014-p170	0	6	0	3.83
e este modelo?	https://pt.robotoys.eu/quebra-cabeca-3d-de-madeira/veiculos/motorcycle-cruiser-rokr-lk504-p12	0	1	0	7
e este modelo?	https://pt.robotoys.eu/quebra-cabeca-3d-de-madeira/veiculos/quebra-cabeca-3d-de-madeira-comanche-motorcycle-little-story-e023-p175	0	1	0	18
e este modelo?	https://pt.robotoys.eu/quebra-cabeca-3d-de-madeira/veiculos/quebra-cabeca-3d-de-madeira-moto-speedway-little-story-e019-p171	0	1	0	23
e questo	https://it.robotoys.eu/puzzle-3d-in-legno/veicoli/tram-storico-rolife-tg505-p40	0	1	0	1
e shop	https://cz.robotoys.eu/uzitecne-odkazy/o-spolecnosti/velkoobchod	0	1	0	1
e-shop	https://cz.robotoys.eu/miniaturni-domecky/miniaturni-pokoje/sklenik-pani-cathy-rolife-dg104-p28	0	1	0	1
ea02	https://es.robotoys.eu/rompecabezas-3d-de-madera/cajas-de-musica/caja-de-musica-swing-ride-rokr-ea02-p4	0	2	0	6.5
ea02	https://fr.robotoys.eu/casse-tete-3d-en-bois/boites-a-musique/boite-a-musique-swing-ride-rokr-ea02-p4	0	2	0	4
ea02	https://pl.robotoys.eu/drewniane-puzzle-3d/pozytywki/pozytywka-swing-ride-rokr-ea02-p4	0	1	0	8
eab01	https://de.robotoys.eu/3d-puzzle-aus-holz/stem-lab/mechanisches-3d-puzzle-aus-holz-traumgeschenkfabrik-rokr-eab01-p202	0	1	0	5
eab01	https://es.robotoys.eu/rompecabezas-3d-de-madera/stem-lab/rompecabezas-mecanico-3d-de-madera-fabrica-de-regalos-de-ensueno-rokr-eab01-p202	0	2	0	11.5
eab01	https://fr.robotoys.eu/casse-tete-3d-en-bois/stem-lab/puzzle-mecanique-3d-en-bois-fabrique-de-cadeaux-de-reve-rokr-eab01-p202	0	4	0	7.5
eab01	https://it.robotoys.eu/puzzle-3d-in-legno/stem-lab/puzzle-meccanico-3d-in-legno-fabbrica-dei-regali-dei-sogni-rokr-eab01-p202	0	1	0	3
eab01	https://nl.robotoys.eu/houten-3d-puzzel/stem-lab/houten-mechanische-3d-puzzel-droomcadeaufabriek-rokr-eab01-p202	0	2	0	9.5
eab01	https://pl.robotoys.eu/drewniane-puzzle-3d/stem-lab/drewniana-mechaniczna-ukladanka-3d-fabryka-prezentow-marzen-rokr-eab01-p202	0	1	0	2
eab01	https://robotoys.eu/wooden-3d-puzzle/stem-lab/wooden-mechanical-3d-puzzle-dream-gift-factory-rokr-eab01-p202	0	6	0	6.17
eab01 dream gift factory	https://de.robotoys.eu/3d-puzzle-aus-holz/stem-lab/mechanisches-3d-puzzle-aus-holz-traumgeschenkfabrik-rokr-eab01-p202	0	1	0	10
eab01 dream gift factory	https://robotoys.eu/wooden-3d-puzzle/stem-lab/wooden-mechanical-3d-puzzle-dream-gift-factory-rokr-eab01-p202	0	11	0	6.91
eco 3d wooden puzzle	https://fr.robotoys.eu/casse-tete-3d-en-bois/stem-lab/puzzle-mecanique-3d-en-bois-machine-a-ecrire-eco-wood-art-p158	0	1	0	11
eco 3d wooden puzzle	https://it.robotoys.eu/puzzle-3d-in-legno/stem-lab/puzzle-meccanico-3d-in-legno-macchina-da-scrivere-eco-wood-art-p158	0	1	0	6
eco 3d wooden puzzle	https://robotoys.eu/	0	4	0	7.5
eco ambulance	https://fr.robotoys.eu/casse-tete-3d-en-bois/vehicules/puzzle-3d-en-bois-ambulance-eco-wood-art-p203	0	2	0	7.5
eco maz	https://es.robotoys.eu/rompecabezas-3d-de-madera/vehiculos/rompecabezas-mecanico-3d-de-madera-maz-5309rr-eco-wood-art-p153	0	1	0	5
eco maz	https://robotoys.eu/wooden-3d-puzzle/vehicles/wooden-mechanical-3d-puzzle-maz-5309rr-eco-wood-art-p153	0	1	0	2
eco model	https://robotoys.eu/	0	1	0	7
eco police	https://fr.robotoys.eu/casse-tete-3d-en-bois/vehicules/puzzle-3d-en-bois-voiture-de-police-eco-wood-art-p214	0	1	0	11
eco windmill	https://robotoys.eu/wooden-3d-puzzle/architecture/wooden-mechanical-3d-puzzle-windmill-eco-wood-art-p154	0	1	0	7
eco wood	https://dk.robotoys.eu/puslespil-konkurrence/ambulance-eco-wood-art-203	0	1	0	20
eco wood	https://dk.robotoys.eu/trae-3d-puslespil/koretojer/traemekanisk-3d-puslespil-lastbil-road-king-eco-wood-art-p206	0	1	0	13
eco wood	https://dk.robotoys.eu/trae-3d-puslespil/koretojer/traepuslespil-med-3d-motiv-tankvogn-til-truck-road-king-eco-wood-art-p155	0	1	0	13
eco wood	https://dk.robotoys.eu/trae-3d-puslespil/stem-lab/trae-mekanisk-3d-puslespil-skrivemaskine-eco-wood-art-p158	0	3	0	6
eco wood	https://es.robotoys.eu/marcas/eco-wood-art	0	2	0	7.5
eco wood	https://fr.robotoys.eu/marques/eco-wood-art	0	2	0	9
eco wood	https://lv.robotoys.eu/zimoli/eco-wood-art	0	1	0	18
eco wood art	https://cz.robotoys.eu/drevene-3d-puzzle/architektura/drevene-mechanicke-3d-puzzle-vetrny-mlyn-eco-wood-art-p154	0	6	0	7.83
eco wood art	https://de.robotoys.eu/marken/eco-wood-art	0	2	0	10.5
eco wood art	https://es.robotoys.eu/marcas/eco-wood-art	0	1	0	5
eco wood art	https://fr.robotoys.eu/marques/eco-wood-art	0	8	0	4.75
eco wood art	https://hu.robotoys.eu/markak/eco-wood-art	0	5	0	3
eco wood art	https://robotoys.eu/brands/eco-wood-art	0	12	0	8.75
eco wood art	https://si.robotoys.eu/blagovne-znamke/eco-wood-art	0	2	0	4
eco wood art models	https://robotoys.eu/brands/eco-wood-art	0	1	0	8
eco wood art schreibmaschine	https://de.robotoys.eu/3d-puzzle-aus-holz/stem-lab/mechanisches-3d-puzzle-aus-holz-schreibmaschine-eco-wood-art-p158	0	66	0	1.56
eco wood design	https://pl.robotoys.eu/marki/eco-wood-art	0	1	0	2
eco woods	https://dk.robotoys.eu/puslespil-konkurrence/laesser-eco-wood-art-204	0	1	0	17
eco-wood-art	https://cz.robotoys.eu/drevene-3d-puzzle/architektura/drevene-mechanicke-3d-puzzle-vetrny-mlyn-eco-wood-art-p154	0	2	0	7
eco-wood-art	https://ee.robotoys.eu/kaubamargid/eco-wood-art	0	1	0	4
eco-wood-art	https://hu.robotoys.eu/markak/eco-wood-art	0	2	0	2
eco-wood-art	https://robotoys.eu/wooden-3d-puzzle/vehicles/wooden-mechanical-3d-puzzle-cruiser-motorbike-eco-wood-art-p150	0	1	0	10
ecowood	https://nl.robotoys.eu/merken/eco-wood-art	0	1	0	6
ecowoodart	https://hu.robotoys.eu/markak/eco-wood-art	0	1	0	6
edificios armables	https://es.robotoys.eu/rompecabezas-3d-de-madera/arquitectura	0	1	0	2
edificios para armar	https://es.robotoys.eu/rompecabezas-3d-de-madera/arquitectura	0	2	0	6
educa puzzle studio 3d camion dei pompieri	https://it.robotoys.eu/puzzle-3d-in-legno/veicoli/puzzle-meccanico-3d-in-legno-camion-dei-pompieri-eco-wood-art-p208	0	1	0	3
eest time is	https://ee.robotoys.eu/pusle-voistlus/time-travel-rolife-tgb04-60	0	1	0	24
eg01	https://cz.robotoys.eu/drevene-3d-puzzle/stem-lab/pinball-rokr-eg01-p43	0	2	0	3.5
eg01	https://fr.robotoys.eu/casse-tete-3d-en-bois/stem-lab/pinball-rokr-eg01-p43	0	1	0	6
ehitised	https://ee.robotoys.eu/puidust-3d-pusle/arhitektuur/puidust-mehaaniline-3d-pusle-tuulik-eco-wood-art-p154	0	1	0	1
eifeļa tornis	https://lv.robotoys.eu/koka-3d-puzle/arhitektura/izgaismots-eifela-tornis-rolife-tgl01-p73	0	10	0	14.6
eiffel torony puzzle	https://hu.robotoys.eu/fabol-keszult-3d-puzzle/epiteszet/vilagito-eiffel-torony-rolife-tgl01-p73	0	1	0	13
eiffel tower 3d puzzle instructions	https://robotoys.eu/wooden-3d-puzzle/architecture/model-of-the-eiffel-tower-rolife-tg501-p17	0	1	0	11
eiffel tower rolife	https://robotoys.eu/wooden-3d-puzzle/architecture/illuminated-eiffel-tower-rolife-tgl01-p73	0	1	0	3
eiffel tower rolife	https://robotoys.eu/wooden-3d-puzzle/architecture/model-of-the-eiffel-tower-rolife-tg501-p17	0	1	0	6
eiffeli torn	https://ee.robotoys.eu/puidust-3d-pusle/arhitektuur/valgustatud-eiffeli-torn-rolife-tgl01-p73	0	3	0	16.67
eiffelova věž model	https://cz.robotoys.eu/drevene-3d-puzzle/architektura/model-eiffelovy-veze-rolife-tg501-p17	0	1	0	1
eiffelova věž puzzle	https://cz.robotoys.eu/drevene-3d-puzzle/architektura/model-eiffelovy-veze-rolife-tg501-p17	0	1	0	39
eiffelturm modell beleuchtet	https://de.robotoys.eu/3d-puzzle-aus-holz/die-architektur/beleuchteter-eiffelturm-rolife-tgl01-p73	0	2	0	10.5
eiffeltårn sex	https://dk.robotoys.eu/trae-3d-puslespil/arkitektur/oplyst-eiffeltarn-rolife-tgl01-p73	0	1	0	25
ein sportwagen	https://de.robotoys.eu/3d-puzzle-aus-holz/fahrzeuge/mechanisches-3d-puzzle-aus-holz-rotes-rennauto-eco-wood-art-p152	0	1	0	1
einzigartige geschenkideen für frauen	https://de.robotoys.eu/bloggen/7-unwiderstehliche-geschenkideen-fur-frauen	0	1	0	7
ekstremalne prezenty dla faceta	https://pl.robotoys.eu/najdrozsze-prezenty-dla-mezczyzn-i-chlopcow	0	14	0	47.43
ekstremalne prezenty dla niego	https://pl.robotoys.eu/najdrozsze-prezenty-dla-mezczyzn-i-chlopcow	0	1	0	50
ekstremalny prezent dla mężczyzny	https://pl.robotoys.eu/najdrozsze-prezenty-dla-mezczyzn-i-chlopcow	0	12	0	50.17
ekstremalny prezent dla niego	https://pl.robotoys.eu/najdrozsze-prezenty-dla-mezczyzn-i-chlopcow	0	12	0	47.58
el otro	https://es.robotoys.eu/rompecabezas-3d-de-madera/vehiculos/puzzle-3d-de-madera-carro-real-rolife-tg302-p62	0	1	0	8
el puente más famoso de londres	https://es.robotoys.eu/blog/the-story-of-the-famous-tower-bridge-how-to-bring-london-to-your-home	0	1	0	35
electric guitar rokr	https://robotoys.eu/wooden-3d-puzzle/musical-instruments/electric-guitar-model-rokr-tg605k-p33	0	2	0	11
elefant puzzle	https://de.robotoys.eu/3d-puzzle-aus-holz/die-tiere/3d-puzzle-aus-holz-elefant-little-story-d012-p120	0	2	0	19
elefante puzzle	https://es.robotoys.eu/rompecabezas-3d-de-madera/los-animales/puzzle-3d-de-madera-elefante-little-story-d012-p120	0	1	0	31
elefante puzzle	https://it.robotoys.eu/puzzle-3d-in-legno/gli-animali/puzzle-3d-in-legno-elefante-little-story-d012-p120	0	2	0	11
elefanten puzzle	https://de.robotoys.eu/3d-puzzle-aus-holz/die-tiere/3d-puzzle-aus-holz-elefant-little-story-d012-p120	0	7	0	25.14
elefanten puzzle holz	https://de.robotoys.eu/3d-puzzle-aus-holz/die-tiere/3d-puzzle-aus-holz-elefant-little-story-d012-p120	0	2	0	11
elegáns ajándék nőnek	https://hu.robotoys.eu/blog/7-ellenallhatatlan-ajandekotlet-noknek	0	3	0	20.33
elektrische platenspeler	https://nl.robotoys.eu/houten-3d-puzzel/muziekdoosjes/elektrische-platenspeler-rokr-lkb01d-p68	0	7	0	11.43
elektromos gitár	https://hu.robotoys.eu/fabol-keszult-3d-puzzle/hangszerek/elektromos-gitar-modell-rokr-tg605k-p33	0	1	0	1
elektronikai ajándék férfiaknak	https://hu.robotoys.eu/a-legkeresettebb-ajandekok-ferfiaknak-es-fiuknak	0	1	0	20
elektryczny gramofon	https://pl.robotoys.eu/drewniane-puzzle-3d/pozytywki/gramofon-elektryczny-rokr-lkb01d-p68	0	7	0	5.86
elephant 3d puzzle	https://robotoys.eu/wooden-3d-puzzle/the-animals/wooden-3d-puzzle-elephant-little-story-d012-p120	0	2	0	7
elephant puzzle	https://de.robotoys.eu/3d-puzzle-aus-holz/die-tiere/3d-puzzle-aus-holz-elefant-little-story-d012-p120	0	1	0	72
elephant puzzle 3d	https://de.robotoys.eu/3d-puzzle-aus-holz/die-tiere/3d-puzzle-aus-holz-elefant-little-story-d012-p120	0	1	0	77
elephant puzzle 3d	https://fr.robotoys.eu/casse-tete-3d-en-bois/les-animaux/puzzle-3d-en-bois-elephant-little-story-d012-p120	0	2	0	1
elephant puzzle 3d	https://robotoys.eu/wooden-3d-puzzle/the-animals/wooden-3d-puzzle-elephant-little-story-d012-p120	0	2	0	1
elicottero 3d	https://it.robotoys.eu/puzzle-3d-in-legno/veicoli/puzzle-3d-in-legno-elicottero-little-story-d017-p131	0	2	0	8.5
eliminare lo stress	https://it.robotoys.eu/blog/come-liberarsi-dello-stress-10-consigli-efficaci	0	4	0	43
eliminare lo stress quotidiano 10 consigli	https://it.robotoys.eu/blog/come-liberarsi-dello-stress-10-consigli-efficaci	0	15	0	15.8
eliminare lo stress quotidiano dieci consigli	https://it.robotoys.eu/blog/come-liberarsi-dello-stress-10-consigli-efficaci	0	3	0	22.67
eliminare lo stress quotidiano: 10 consigli	https://it.robotoys.eu/blog/come-liberarsi-dello-stress-10-consigli-efficaci	0	1	0	27
em euro	https://pt.robotoys.eu/quebra-cabeca-3d-de-madeira/arquitetura/modelo-tower-bridge-com-iluminacao-led-rolife-tg412-p19	0	1	0	1
em lojas	https://pt.robotoys.eu/casas-em-miniatura/recanto-dos-livros/encarte-para-estante-parque-tematico-de-contos-de-fadas-rolife-tgb17-p257	0	1	0	3
emily fiori	https://it.robotoys.eu/case-in-miniatura/negozi-in-miniatura/negozio-di-fiori-emily-rolife-dg145-p25	0	1	0	1
emily flower	https://fr.robotoys.eu/maisons-miniatures/boutiques-miniatures/fleuriste-emily-rolife-dg145-p25	0	1	0	32
emily flower shop	https://es.robotoys.eu/casas-en-miniatura/tiendas-de-miniaturas/floristeria-emily-rolife-dg145-p25	0	7	0	8
emily flower shop	https://robotoys.eu/miniature-houses/miniature-stores/flower-shop-emily-rolife-dg145-p25	0	3	0	4.67
emily flower shop rolife	https://it.robotoys.eu/case-in-miniatura/negozi-in-miniatura/negozio-di-fiori-emily-rolife-dg145-p25	0	1	0	9
emily flower shop rolife	https://pt.robotoys.eu/casas-em-miniatura/lojas-de-miniaturas/floricultura-emily-rolife-dg145-p25	0	1	0	5
emily flower shop rolife	https://robotoys.eu/miniature-houses/miniature-stores/flower-shop-emily-rolife-dg145-p25	0	1	0	7
emily haz	https://hu.robotoys.eu/miniatur-hazak/miniatur-uzletek/viragbolt-emily-rolife-dg145-p25	0	1	0	1
emily shop	https://it.robotoys.eu/case-in-miniatura/negozi-in-miniatura/negozio-di-fiori-emily-rolife-dg145-p25	0	1	0	13
emily's flower shop	https://de.robotoys.eu/miniaturhauser/miniaturladen/blumenladen-emily-rolife-dg145-p25	0	1	0	33
emily's flower shop	https://dk.robotoys.eu/miniaturehuse/miniature-butikker/blomsterbutik-emily-rolife-dg145-p25	0	1	0	45
emily's flower shop	https://es.robotoys.eu/casas-en-miniatura/tiendas-de-miniaturas/floristeria-emily-rolife-dg145-p25	0	6	0	6.83
emily's flower shop	https://fr.robotoys.eu/maisons-miniatures/boutiques-miniatures/fleuriste-emily-rolife-dg145-p25	0	3	0	27.67
emily's flower shop	https://it.robotoys.eu/case-in-miniatura/negozi-in-miniatura/negozio-di-fiori-emily-rolife-dg145-p25	0	1	0	7
emily's flower shop	https://robotoys.eu/miniature-houses/miniature-stores/flower-shop-emily-rolife-dg145-p25	0	9	0	7.67
emily's flower shop rolife	https://es.robotoys.eu/casas-en-miniatura/tiendas-de-miniaturas/floristeria-emily-rolife-dg145-p25	0	3	0	9.67
emily's flower shop rolife	https://robotoys.eu/miniature-houses/miniature-stores/flower-shop-emily-rolife-dg145-p25	0	1	0	7
emilys flower shop	https://dk.robotoys.eu/miniaturehuse/miniature-butikker/blomsterbutik-emily-rolife-dg145-p25	0	1	0	3
emilys flower shop	https://es.robotoys.eu/casas-en-miniatura/tiendas-de-miniaturas/floristeria-emily-rolife-dg145-p25	0	18	0	5.89
emilys flower shop	https://robotoys.eu/miniature-houses/miniature-stores/flower-shop-emily-rolife-dg145-p25	0	1	0	2
emilys flower shop rolife	https://es.robotoys.eu/casas-en-miniatura/tiendas-de-miniaturas/floristeria-emily-rolife-dg145-p25	0	1	0	9
emilys flower shop rolife	https://robotoys.eu/miniature-houses/miniature-stores/flower-shop-emily-rolife-dg145-p25	0	1	0	4
empilhadeira de madeira	https://pt.robotoys.eu/quebra-cabeca-3d-de-madeira/veiculos/quebra-cabeca-3d-de-madeira-empilhadeira-modelo-rokr-tg413k-p48	0	1	0	1
en 3d	https://fr.robotoys.eu/casse-tete-3d-en-bois/architecture/puzzle-3d-en-bois-sagrada-familia-little-story-e018-p133	0	1	0	2
en español	https://es.robotoys.eu/rompecabezas-3d-de-madera/stem-lab/rompecabezas-mecanico-3d-de-madera-desafio-de-la-bola-de-engranajes-rokr-egc01-p213	0	1	0	13
en miniatura	https://es.robotoys.eu/casas-en-miniatura/tiendas-de-miniaturas	0	12	0	16.67
en miniatura	https://pt.robotoys.eu/casas-em-miniatura/lojas-de-miniaturas	0	4	0	7.75
en miniatura tienda	https://es.robotoys.eu/casas-en-miniatura/tiendas-de-miniaturas	0	7	0	8.71
en qué año se construyó el puente de londres	https://es.robotoys.eu/blog/the-story-of-the-famous-tower-bridge-how-to-bring-london-to-your-home	0	10	0	9.2
enlaces de compra en españa	https://es.robotoys.eu/rompecabezas-3d-de-madera/cajas-de-musica/caja-de-musica-violonchelo-magico-rokr-amk63-p1	0	1	0	17
enlaces de compra en españa	https://es.robotoys.eu/rompecabezas-3d-de-madera/instrumentos-musicales/rompecabezas-3d-de-madera-piano-de-cola-rolife-tg402-p200	0	1	0	16
enseñame la opcion 1	https://es.robotoys.eu/rompecabezas-3d-de-madera/relojes-y-calendarios/reloj-de-pared-romantico-rokr-lc701-p56	0	1	0	5
enséñame fotos	https://es.robotoys.eu/rompecabezas-3d-de-madera/instrumentos-musicales/magic-piano-rokr-amk81-p70	0	1	0	1
enséñame fotos	https://es.robotoys.eu/rompecabezas-3d-de-madera/vehiculos/puzzle-de-madera-3d-moto-de-carreras-little-story-e019-p171	0	1	0	31
eredeti ajándék	https://hu.robotoys.eu/blog/ajandek-annak-a-ferfinak-akinek-mar-mindene-megvan-24-eredeti-tipp-amivel-igazan-meglepi-majd	0	3	0	14.67
eredeti ajándékok	https://hu.robotoys.eu/blog/ajandek-annak-a-ferfinak-akinek-mar-mindene-megvan-24-eredeti-tipp-amivel-igazan-meglepi-majd	0	4	0	15
eredeti ajándékok hu	https://hu.robotoys.eu/blog/ajandek-annak-a-ferfinak-akinek-mar-mindene-megvan-24-eredeti-tipp-amivel-igazan-meglepi-majd	0	1	0	28
eredetiajandekok	https://hu.robotoys.eu/blog/ajandek-annak-a-ferfinak-akinek-mar-mindene-megvan-24-eredeti-tipp-amivel-igazan-meglepi-majd	0	1	0	20
erről video	https://hu.robotoys.eu/miniatur-hazak/konyvek-kucko/konyvespolc-betet-karacsony-utca-rolife-tgc06-p139	0	1	0	14
es ist sehr alt	https://robotoys.eu/blog/history-of-3d-wooden-puzzles-from-beginnings-to-the-present	0	1	0	2
escavadeira 3d	https://pt.robotoys.eu/quebra-cabeca-3d-de-madeira/veiculos/quebra-cabeca-3d-de-madeira-escavadeira-rokr-tg508k-p197	0	1	0	30
estanterua	https://pt.robotoys.eu/casas-em-miniatura/recanto-dos-livros/insercao-de-estante-rua-de-natal-rolife-tgc06-p139	0	1	0	85
estimation	https://fr.robotoys.eu/casse-tete-3d-en-bois/lunivers/systeme-solaire-rokr-st001-p71	0	1	0	17
estudio de sam	https://es.robotoys.eu/casas-en-miniatura/habitaciones-en-miniatura/biblioteca-de-estudio-de-sam-rolife-dg102-p86	0	18	0	2.06
etagers	https://dk.robotoys.eu/trae-3d-puslespil/arkitektur/fem-etagers-pagode-rolife-tgn02-p45	0	1	0	47
eu armee	https://ee.robotoys.eu/puidust-3d-pusle/soidukid/puidust-3d-pusle-armee-dziip-little-story-e014-p170	0	1	0	25
eulen uhr	https://de.robotoys.eu/3d-puzzle-aus-holz/uhren-kalender/uhreneule-rokr-lk503-p6	0	4	0	40.25
europe	https://robotoys.eu/miniature-houses/miniature-rooms	0	1	0	5
europese webshop	https://nl.robotoys.eu/houten-3d-puzzel/voertuigen/houten-3d-puzzel-jeep-little-story-d003-p167	0	1	0	19
eurotoys kontakt	https://dk.robotoys.eu/nyttige-links/om-virksomheden/kontakt	0	1	0	15
ewa maqueta madera moto 152 piezas	https://es.robotoys.eu/rompecabezas-3d-de-madera/vehiculos/rompecabezas-mecanico-3d-de-madera-moto-cruiser-eco-wood-art-p150	0	43	0	2.47
expensive birthday	https://robotoys.eu/the-most-expensive-birthday-gifts	0	1	0	7
expensive birthday gift	https://robotoys.eu/the-most-expensive-birthday-gifts	0	1	0	9
expensive birthday gifts	https://robotoys.eu/the-most-expensive-birthday-gifts	0	3	0	20.67
expensive bookshelf	https://robotoys.eu/the-most-expensive-products-of-the-rolife-brand	0	1	0	19
expensive gift for girls	https://robotoys.eu/the-most-expensive-gifts-for-women-and-girls	0	2	0	7.5
expensive gifts for kids	https://robotoys.eu/the-most-expensive-gifts-for-children	0	4	0	27.5
expensive stuff for girls	https://robotoys.eu/the-most-expensive-gifts-for-women-and-girls	0	1	0	13
expensive things for girls	https://robotoys.eu/the-most-expensive-gifts-for-women-and-girls	0	6	0	8.33
expensive things for kids	https://robotoys.eu/the-most-expensive-gifts-for-children	0	1	0	12
expensive things girls want	https://robotoys.eu/the-most-expensive-gifts-for-women-and-girls	0	1	0	13
expensive things to buy	https://robotoys.eu/the-most-expensive-gifts-for-women-and-girls	0	1	0	10
expensive things to buy for a girl	https://robotoys.eu/the-most-expensive-gifts-for-women-and-girls	0	11	0	10.09
expensive wooden puzzles	https://robotoys.eu/the-most-expensive-wooden-3d-puzzle	0	1	0	13
extremalne prezenty	https://pl.robotoys.eu/najdrozsze-pomysly-na-prezenty	0	13	0	48.08
ez hol van?	https://hu.robotoys.eu/fabol-keszult-3d-puzzle/epiteszet/fa-3d-puzzle-pisai-ferde-torony-little-story-e009-p114	0	1	0	7
ez?	https://hu.robotoys.eu/fabol-keszult-3d-puzzle/jarmuvek/fabol-keszult-mechanikus-3d-puzzle-stagecoach-rokr-amka1-p99	0	1	0	1
fa 3d	https://hu.robotoys.eu/fabol-keszult-3d-puzzle	0	1	0	2
fa 3d	https://hu.robotoys.eu/fabol-keszult-3d-puzzle/epiteszet/fa-3d-puzzle-gyozelmi-iv-little-story-e011-p123	0	12	0	6.58
fa 3d kirakã³	https://hu.robotoys.eu/blog/fa-3d-s-kirakok-hogyan-valasszuk-ki-az-elso-epitokeszletunket-es-mire-kell-felkeszulnunk	0	2	0	33
fa 3d kirakã³	https://hu.robotoys.eu/fabol-keszult-3d-puzzle	0	3	0	2
fa 3d kirakã³	https://hu.robotoys.eu/fabol-keszult-3d-puzzle/az-allatok	0	1	0	93
fa 3d kirakã³	https://hu.robotoys.eu/fabol-keszult-3d-puzzle/jarmuvek/fa-3d-kirako-busz-little-story-d002-p166	0	1	0	79
fa 3d kirakã³	https://hu.robotoys.eu/fabol-keszult-3d-puzzle/jarmuvek/fa-3d-kirako-teherauto-little-story-d004-p168	0	1	0	96
fa 3d kirakã³	https://hu.robotoys.eu/fabol-keszult-3d-puzzle/jarmuvek/fa-3d-kirako-teherauto-little-story-e013-p169	0	1	0	86
fa 3d kirakã³	https://hu.robotoys.eu/fabol-keszult-3d-puzzle/orak-naptarak/fa-mechanikus-3d-kirako-kakukkos-ora-rokr-lc901c-p198	0	1	0	88
fa 3d kirakã³	https://hu.robotoys.eu/fabol-keszult-3d-puzzle/viragok	0	1	0	1
fa 3d kirakã³	https://hu.robotoys.eu/markak/rokr	0	1	0	68
fa 3d puzzle	https://hu.robotoys.eu/fabol-keszult-3d-puzzle/epiteszet/fa-3d-puzzle-gyozelmi-iv-little-story-e011-p123	0	33	0	3.21
fa 3d puzzle	https://hu.robotoys.eu/fabol-keszult-3d-puzzle/epiteszet/fa-3d-puzzle-sagrada-familia-little-story-e018-p133	0	33	0	3.21
fa kenguru	https://hu.robotoys.eu/fabol-keszult-3d-puzzle/az-allatok/fa-3d-puzzle-kenguru-little-story-d014-p122	0	2	0	2
fa kirako	https://hu.robotoys.eu/fabol-keszult-3d-puzzle	0	6	0	7.5
fa kirakó	https://hu.robotoys.eu/fabol-keszult-3d-puzzle	0	58	0	10.24
fa kirakó felnőtt	https://hu.robotoys.eu/fabol-keszult-3d-puzzle	0	9	0	4.56
fa kirakó felnőtteknek	https://hu.robotoys.eu/fabol-keszult-3d-puzzle	0	33	0	6.64
fa kirakó puzzle	https://hu.robotoys.eu/fabol-keszult-3d-puzzle	0	25	0	8.16
fa kirakók	https://hu.robotoys.eu/fabol-keszult-3d-puzzle	0	47	0	7.89
fa kirakós	https://hu.robotoys.eu/fabol-keszult-3d-puzzle	0	17	0	9.29
fa kirakós játék	https://hu.robotoys.eu/fabol-keszult-3d-puzzle	0	4	0	18.25
fa kirakós puzzle	https://hu.robotoys.eu/fabol-keszult-3d-puzzle	0	1	0	13
fa makett	https://hu.robotoys.eu/fabol-keszult-3d-puzzle	0	8	0	9.25
fa makettek	https://hu.robotoys.eu/fabol-keszult-3d-puzzle	0	2	0	14
fa modell	https://hu.robotoys.eu/fabol-keszult-3d-puzzle	0	9	0	13.22
fa pagoda	https://hu.robotoys.eu/fabol-keszult-3d-puzzle/epiteszet/ot-emeletes-pagoda-rolife-tgn02-p45	0	1	0	2
fa pisztoly	https://hu.robotoys.eu/fabol-keszult-3d-puzzle/fegyverek	0	2	0	22
fa puzzle 3d	https://hu.robotoys.eu/a-legjobb-ertekelesu-fabol-keszult-3d-puzzle	0	2	0	56
fa puzzle 3d	https://hu.robotoys.eu/fabol-keszult-3d-puzzle/epiteszet/fa-3d-puzzle-gyozelmi-iv-little-story-e011-p123	0	3	0	1.33
fa puzzle 3d	https://hu.robotoys.eu/fabol-keszult-3d-puzzle/epiteszet/fa-3d-puzzle-sagrada-familia-little-story-e018-p133	0	29	0	4.03
fa puzzle 3d	https://hu.robotoys.eu/fabol-keszult-3d-puzzle/viragok	0	2	0	46.5
fa puzzle felnå‘tt	https://hu.robotoys.eu/fabol-keszult-3d-puzzle	0	3	0	9.33
fa puzzle felnőtteknek	https://hu.robotoys.eu/fabol-keszult-3d-puzzle/epiteszet/fa-3d-puzzle-sagrada-familia-little-story-e018-p133	0	8	0	16.12
fa puzzle gyerekeknek	https://hu.robotoys.eu/fabol-keszult-3d-puzzle	0	1	0	6
fa puzzle kirakó	https://hu.robotoys.eu/fabol-keszult-3d-puzzle	0	3	0	10.33
fa puzzle oroszlã¡n	https://hu.robotoys.eu/fabol-keszult-3d-puzzle	0	3	0	7.67
fa puzzle ragasztã³	https://hu.robotoys.eu/fabol-keszult-3d-puzzle	0	2	0	17.5
fa puzzle állatos	https://hu.robotoys.eu/fabol-keszult-3d-puzzle/az-allatok	0	2	0	33
fa repülő	https://hu.robotoys.eu/fabol-keszult-3d-puzzle/jarmuvek/fa-3d-puzzle-repulogep-little-story-d016-p130	0	1	0	1
fa tank	https://hu.robotoys.eu/fabol-keszult-3d-puzzle/jarmuvek	0	1	0	9
fa tank	https://hu.robotoys.eu/fabol-keszult-3d-puzzle/jarmuvek/fa-3d-kirako-tank-char-b1-little-story-wot06-p178	0	2	0	1
fa tank	https://hu.robotoys.eu/fabol-keszult-3d-puzzle/jarmuvek/fa-3d-kirako-tank-leopard-1-little-story-wot07-p179	0	2	0	1
fa tank	https://hu.robotoys.eu/fabol-keszult-3d-puzzle/jarmuvek/fa-3d-kirako-tank-tortoise-little-story-wot08-p180	0	2	0	1
fa tank	https://hu.robotoys.eu/fabol-keszult-3d-puzzle/jarmuvek/fa-3d-puzzle-tank-t-34-85-little-story-wot02-p135	0	2	0	1
fa traktor	https://hu.robotoys.eu/fabol-keszult-3d-puzzle/jarmuvek/fa-mechanikus-3d-kirako-traktor-eco-wood-art-p233	0	1	0	13
fabricantes de puzzles en españa	https://es.robotoys.eu/enlaces-utiles/acerca-de-la-compania/venta-al-por-mayor	0	4	0	7.75
fabriquer casse-tête en bois	https://fr.robotoys.eu/blog/10-outils-dont-vous-avez-besoin-pour-assembler-un-puzzle-3d-en-bois	0	5	0	34
fabryka prezentow	https://pl.robotoys.eu/drewniane-puzzle-3d/stem-lab/drewniana-mechaniczna-ukladanka-3d-fabryka-prezentow-marzen-rokr-eab01-p202	0	2	0	14
fabryka prezentów	https://pl.robotoys.eu/drewniane-puzzle-3d/stem-lab/drewniana-mechaniczna-ukladanka-3d-fabryka-prezentow-marzen-rokr-eab01-p202	0	38	0	9.47
fai vedere qualcosa	https://it.robotoys.eu/puzzle-3d-in-legno/stem-lab/puzzle-3d-meccanico-in-legno-stampante-classica-rokr-lk602-p90	0	1	0	1
fai vedere qualcosa	https://it.robotoys.eu/puzzle-3d-in-legno/stem-lab/puzzle-meccanico-3d-in-legno-gear-ball-challenge-rokr-egc01-p213	0	1	0	1
fairytale bookshelf	https://robotoys.eu/miniature-houses/books-nook/bookshelf-insert-fairytale-theme-park-rolife-tgb17-p257	0	2	0	10
fakta om london bridge	https://dk.robotoys.eu/blog/historien-om-den-beromte-tower-bridge-sadan-bringer-du-london-til-dit-hjem	0	1	0	5
fakta om tower of london	https://dk.robotoys.eu/blog/historien-om-den-beromte-tower-bridge-sadan-bringer-du-london-til-dit-hjem	0	1	0	11
fakten über die tower bridge	https://de.robotoys.eu/bloggen/die-geschichte-der-beruhmten-tower-bridge-wie-sie-london-zu-ihnen-nach-hause-holen	0	3	0	50.33
falling sakura	https://de.robotoys.eu/miniaturhauser/bucher-ecke/bucherregaleinsatz-falling-sakura-rolife-tgb05-p50	0	1	0	3
falling sakura	https://es.robotoys.eu/casas-en-miniatura/rincon-de-libros/inserto-de-estanteria-falling-sakura-rolife-tgb05-p50	0	4	0	1.25
falling sakura	https://it.robotoys.eu/case-in-miniatura/angolo-dei-libri/inserto-per-libreria-falling-sakura-rolife-tgb05-p50	0	4	0	5.25
falling sakura	https://nl.robotoys.eu/miniatuur-huizen/boeken-hoekje/boekenplankinzet-falling-sakura-rolife-tgb05-p50	0	3	0	12.33
falling sakura	https://pl.robotoys.eu/miniaturowe-domki/kacik-ksiazek/wkladka-na-polke-na-ksiazki-falling-sakura-rolife-tgb05-p50	0	4	0	1.25
falling sakura	https://pt.robotoys.eu/casas-em-miniatura/recanto-dos-livros/insercao-de-estante-falling-sakura-rolife-tgb05-p50	0	1	0	3
falling sakura	https://se.robotoys.eu/miniatyrhus/bocker-nook/bokhylla-falling-sakura-rolife-tgb05-p50	0	1	0	3
falling sakura rolife	https://pt.robotoys.eu/casas-em-miniatura/recanto-dos-livros/insercao-de-estante-falling-sakura-rolife-tgb05-p50	0	1	0	5
falling sakura rolife	https://robotoys.eu/miniature-houses/books-nook/bookshelf-insert-falling-sakura-rolife-tgb05-p50	0	1	0	4
falling sakura rolife	https://si.robotoys.eu/miniaturne-hise/knjige-nook/vlozek-za-knjizno-polico-falling-sakura-rolife-tgb05-p50	0	1	0	5
fammi vedere foto di tutto	https://it.robotoys.eu/puzzle-3d-in-legno/stem-lab/marble-night-city-rokr-lga01-p2	0	1	0	5
famosa ponte de londres	https://pt.robotoys.eu/blogue/a-historia-da-famosa-tower-bridge-como-levar-londres-para-a-sua-casa	0	2	0	10.5
famosa ponte pensil da inglaterra tower	https://pt.robotoys.eu/blogue/a-historia-da-famosa-tower-bridge-como-levar-londres-para-a-sua-casa	0	7	0	8.29
fare i puzzle fa bene	https://it.robotoys.eu/blog/costruire-puzzle-lattivita-migliore-per-i-pensionati	0	1	0	39
fazer quebra cabeça	https://pt.robotoys.eu/blogue/10-ferramentas-que-voce-precisa-ao-montar-um-quebra-cabeca-3d-de-madeira	0	1	0	10
feinmotorik & alltagsfähigkeiten	https://de.robotoys.eu/bloggen/top-5-aktivitaten-die-die-entwicklung-motorischer-fahigkeiten-unterstutzen	0	1	0	78
felnőtt fa puzzle	https://hu.robotoys.eu/fabol-keszult-3d-puzzle	0	7	0	8
feltrinelli puzzle 3d	https://it.robotoys.eu/puzzle-3d-in-legno/fiori/puzzle-3d-in-legno-tulipano-rosa-rowood-tw082-p161	0	1	0	1
feltrinelli puzzle 3d	https://it.robotoys.eu/puzzle-3d-in-legno/strumenti-musicali/chitarra-elettrica-modello-rokr-tg605k-p33	0	1	0	1
fiat 125p	https://robotoys.eu/wooden-3d-puzzle/vehicles/wooden-3d-puzzle-fiat-125p-little-story-e002-p94	0	1	0	2
fiat 500 puzzle	https://pl.robotoys.eu/drewniane-puzzle-3d/pojazdy/drewniane-puzzle-3d-fiat-126p-little-story-e005-p97	0	1	0	23
fiat puzzle	https://es.robotoys.eu/rompecabezas-3d-de-madera/vehiculos/puzzle-3d-de-madera-fiat-125p-little-story-e002-p94	0	1	0	1
fiat puzzle	https://pl.robotoys.eu/drewniane-puzzle-3d/pojazdy/drewniane-puzzle-3d-fiat-125p-little-story-e002-p94	0	1	0	3
fiat puzzle	https://robotoys.eu/wooden-3d-puzzle/vehicles/wooden-3d-puzzle-fiat-125p-little-story-e002-p94	0	3	0	5.33
fiat story	https://pl.robotoys.eu/drewniane-puzzle-3d/pojazdy/drewniane-puzzle-3d-fiat-125p-little-story-e002-p94	0	1	0	7
fiat story	https://pl.robotoys.eu/drewniane-puzzle-3d/pojazdy/drewniane-puzzle-3d-fiat-126p-little-story-e005-p97	0	1	0	6
fiat tra	https://se.robotoys.eu/3d-pussel-i-tra/fordon/3d-pussel-i-tra-fiat-125p-little-story-e002-p94	0	1	0	9
filmprojektor	https://dk.robotoys.eu/puslespil-konkurrence/filmprojektor-vitascope-rokr-lk601-5	0	1	0	22
finmotorik	https://se.robotoys.eu/blogg/top-5-aktiviteter-som-stodjer-utvecklingen-av-motorik	0	2	0	70
finmotorik övningar	https://se.robotoys.eu/blogg/top-5-aktiviteter-som-stodjer-utvecklingen-av-motorik	0	1	0	53
finmotoriska övningar	https://se.robotoys.eu/blogg/top-5-aktiviteter-som-stodjer-utvecklingen-av-motorik	0	2	0	54.5
finommotorika fejlesztése felnőtteknek	https://hu.robotoys.eu/blog/a-motoros-kepessegek-fejleszteset-tamogato-top-5-tevekenyseg	0	1	0	10
finommotoros képességek	https://hu.robotoys.eu/blog/a-motoros-kepessegek-fejleszteset-tamogato-top-5-tevekenyseg	0	1	0	41
finommotoros képességek fejlesztése	https://hu.robotoys.eu/blog/a-motoros-kepessegek-fejleszteset-tamogato-top-5-tevekenyseg	0	2	0	46
fioletowy motocykl	https://pl.robotoys.eu/drewniane-puzzle-3d/pojazdy/drewniana-ukladanka-3d-fioletowy-motocykl-speedtail-little-story-e020p-p242	0	1	0	1
fiore di legno	https://it.robotoys.eu/puzzle-3d-in-legno/fiori	0	1	0	31
fiore in legno	https://it.robotoys.eu/puzzle-3d-in-legno/fiori	0	1	0	13
fiori di legno	https://it.robotoys.eu/puzzle-3d-in-legno/fiori	0	10	0	20.5
fiori di legno da costruire	https://it.robotoys.eu/puzzle-3d-in-legno/fiori/puzzle-3d-in-legno-mazzo-di-fiori-rowood-tw01h-p100	0	1	0	15
fiori di legno prezzo	https://it.robotoys.eu/puzzle-3d-in-legno/fiori	0	2	0	22
fiori di legno vendita online	https://it.robotoys.eu/puzzle-3d-in-legno/fiori	0	1	0	36
fiori in legno	https://it.robotoys.eu/puzzle-3d-in-legno/fiori	0	5	0	23.6
fiori legno	https://it.robotoys.eu/puzzle-3d-in-legno/fiori	0	5	0	20.2
fire truck	https://robotoys.eu/wooden-3d-puzzle/vehicles/wooden-mechanical-3d-puzzle-fire-truck-eco-wood-art-p208	0	1	0	21
five storied pagoda rolife	https://es.robotoys.eu/rompecabezas-3d-de-madera/arquitectura/pagoda-de-cinco-pisos-rolife-tgn02-p45	0	1	0	3
five storied pagoda rolife	https://robotoys.eu/wooden-3d-puzzle/architecture/five-story-pagoda-rolife-tgn02-p45	0	1	0	3
flamingo jigsaw puzzle	https://robotoys.eu/wooden-3d-puzzle/the-animals/wooden-3d-puzzle-flamingo-little-story-d007-p116	0	1	0	45
flamingo jigsaw puzzles	https://robotoys.eu/wooden-3d-puzzle/the-animals/wooden-3d-puzzle-flamingo-little-story-d007-p116	0	1	0	51
flamingo puzzel	https://nl.robotoys.eu/houten-3d-puzzel/de-dieren/houten-3d-puzzel-flamingo-little-story-d007-p116	0	2	0	13
flamingo puzzle	https://hu.robotoys.eu/fabol-keszult-3d-puzzle/az-allatok/fa-3d-puzzle-flamingo-little-story-d007-p116	0	5	0	5
flamingo puzzle	https://robotoys.eu/wooden-3d-puzzle/the-animals/wooden-3d-puzzle-flamingo-little-story-d007-p116	0	4	0	15.5
flamingo puzzles	https://robotoys.eu/wooden-3d-puzzle/the-animals/wooden-3d-puzzle-flamingo-little-story-d007-p116	0	7	0	21
flamingos puzzle	https://robotoys.eu/wooden-3d-puzzle/the-animals/wooden-3d-puzzle-flamingo-little-story-d007-p116	0	4	0	34.5
flat wooden flowers	https://robotoys.eu/wooden-3d-puzzle/flowers/wooden-3d-puzzle-bouquet-of-flowers-rowood-tw01h-p100	0	1	0	25
flere	https://dk.robotoys.eu/	0	1	0	10
flere	https://dk.robotoys.eu/maerker/eco-wood-art	0	1	0	1
flere	https://robotoys.eu/	0	1	0	9
flere detaljer	https://dk.robotoys.eu/blog/fa-din-hjerne-i-gang-med-mekaniske-3d-gader-i-trae	0	1	0	1
fleur rowood	https://robotoys.eu/brands/rowood	0	1	0	3
flipper 3d	https://hu.robotoys.eu/fabol-keszult-3d-puzzle/stem-lab/flipper-rokr-eg01-p43	0	4	0	2
flipper aus holz	https://de.robotoys.eu/3d-puzzle-aus-holz/stem-lab/flipper-rokr-eg01-p43	0	2	0	27
flipper bausatz	https://de.robotoys.eu/3d-puzzle-aus-holz/stem-lab/flipper-rokr-eg01-p43	0	13	0	18.23
flipper bausatz erwachsene	https://de.robotoys.eu/3d-puzzle-aus-holz/stem-lab/flipper-rokr-eg01-p43	0	35	0	5.37
flipper di legno	https://it.robotoys.eu/puzzle-3d-in-legno/stem-lab/pinball-rokr-eg01-p43	0	1	0	52
flipper holz	https://de.robotoys.eu/3d-puzzle-aus-holz/stem-lab/flipper-rokr-eg01-p43	0	10	0	23.1
flipper legno	https://it.robotoys.eu/puzzle-3d-in-legno/stem-lab/pinball-rokr-eg01-p43	0	2	0	50.5
flipper legno da costruire	https://it.robotoys.eu/puzzle-3d-in-legno/stem-lab/pinball-rokr-eg01-p43	0	1	0	3
flipper rokr	https://de.robotoys.eu/3d-puzzle-aus-holz/stem-lab/flipper-rokr-eg01-p43	0	5	0	7.8
flipper rokr	https://fr.robotoys.eu/casse-tete-3d-en-bois/stem-lab/pinball-rokr-eg01-p43	0	3	0	6
flipper rokr	https://it.robotoys.eu/puzzle-3d-in-legno/stem-lab/pinball-rokr-eg01-p43	0	1	0	11
flipper rokr	https://robotoys.eu/wooden-3d-puzzle/stem-lab/pinball-rokr-eg01-p43	0	1	0	5
floral corner - book nook	https://de.robotoys.eu/miniaturhauser/bucher-ecke/bucherregaleinsatz-blumenecke-rolife-tgb09-p108	0	1	0	1
floral corner book nook	https://robotoys.eu/miniature-houses/books-nook/bookshelf-insert-flower-corner-rolife-tgb09-p108	0	1	0	1
floreria emily	https://es.robotoys.eu/casas-en-miniatura/tiendas-de-miniaturas/floristeria-emily-rolife-dg145-p25	0	1	0	11
flores de madera	https://es.robotoys.eu/rompecabezas-3d-de-madera/flores	0	1	0	9
flores madera	https://es.robotoys.eu/rompecabezas-3d-de-madera/flores	0	2	0	15
flower 3d puzzle	https://robotoys.eu/wooden-3d-puzzle/flowers	0	2	0	10.5
flower bouquet rowood	https://robotoys.eu/wooden-3d-puzzle/flowers/wooden-3d-puzzle-bouquet-of-flowers-rowood-tw01h-p100	0	2	0	7
flower puzzle 3d	https://robotoys.eu/blog/a-wooden-bouquet-that-never-withers-discover-the-magic-of-3d-flower-puzzles	0	1	0	4
flower puzzle 3d	https://robotoys.eu/wooden-3d-puzzle/flowers	0	1	0	7
flower shop	https://de.robotoys.eu/miniaturhauser/miniaturladen/blumenladen-emily-rolife-dg145-p25	0	1	0	4
flower shop miniature kit	https://robotoys.eu/miniature-houses/miniature-stores/flower-shop-emily-rolife-dg145-p25	0	3	0	8.33
flower wood puzzle	https://robotoys.eu/wooden-3d-puzzle/flowers	0	2	0	8.5
flower wooden puzzle	https://robotoys.eu/wooden-3d-puzzle/flowers	0	2	0	11
flowewood	https://robotoys.eu/wooden-3d-puzzle/flowers	0	1	0	9
fluffy grove	https://dk.robotoys.eu/miniaturehuse	0	1	0	28
flupper	https://it.robotoys.eu/puzzle-3d-in-legno/stem-lab/pinball-rokr-eg01-p43	0	1	0	1
flüsse puzzle	https://de.robotoys.eu/3d-puzzle-aus-holz/fahrzeuge/holz-3d-puzzle-raddampfer-river-princess-eco-wood-art-p159	0	1	0	35
flīģelis	https://lv.robotoys.eu/koka-3d-puzle/muzikas-instrumenti/koka-3d-puzle-fligelis-rolife-tg402-p200	0	1	0	29
fnac rolife	https://pt.robotoys.eu/casas-em-miniatura	0	1	0	1
fnac te	https://es.robotoys.eu/rompecabezas-3d-de-madera/arquitectura/puzzle-3d-de-madera-sagrada-familia-little-story-e018-p133	0	1	0	2
fordon char	https://se.robotoys.eu/3d-pussel-i-tra/fordon/trapussel-3d-tank-char-b1-little-story-wot06-p178	0	5	0	11.6
fotarafları	https://robotoys.eu/wooden-3d-puzzle/architecture/wooden-3d-puzzle-victory-arch-little-story-e011-p123	0	1	0	2
foto	https://it.robotoys.eu/case-in-miniatura/angolo-dei-libri/sakura-densya-rolife-tgb01-p29	0	1	0	1
fotos	https://robotoys.eu/miniature-houses/miniature-rooms/miniature-house-doras-loft-rolife-dg12-p91	0	1	0	1
foto’s	https://nl.robotoys.eu/miniatuur-huizen/miniatuurkamers/sams-studiebibliotheek-rolife-dg102-p86	0	1	0	3
frauen geschenkideen	https://de.robotoys.eu/bloggen/7-unwiderstehliche-geschenkideen-fur-frauen	0	6	0	5
fv 4005	https://es.robotoys.eu/rompecabezas-3d-de-madera/vehiculos/rompecabezas-3d-de-madera-tanque-fv4005-little-story-wot09-p236	0	1	0	10
fv4005 3d	https://pl.robotoys.eu/drewniane-puzzle-3d/pojazdy/drewniana-ukladanka-3d-czolg-fv4005-little-story-wot09-p236	0	1	0	3
fából készült autó	https://hu.robotoys.eu/fabol-keszult-3d-puzzle/jarmuvek/veteran-auto-rokr-mc801-p72	0	19	0	3.21
fából készült puzzle	https://hu.robotoys.eu/	0	1	0	5
fából készült puzzle	https://hu.robotoys.eu/fabol-keszult-3d-puzzle	0	6	0	7.33
färg	https://se.robotoys.eu/blogg/the-story-of-the-famous-tower-bridge-how-to-bring-london-to-your-home	0	1	0	2
fém puzzle	https://hu.robotoys.eu/fabol-keszult-3d-puzzle	0	1	0	27
förderung der motorik	https://de.robotoys.eu/bloggen/top-5-aktivitaten-die-die-entwicklung-motorischer-fahigkeiten-unterstutzen	0	1	0	77
fødselsdagsgaver	https://dk.robotoys.eu/bedst-saelgende-fodselsdagsgaver	0	1	0	35
gadget voor vrouwen	https://nl.robotoys.eu/blog/7-onweerstaanbare-cadeau-ideeen-voor-vrouwen	0	3	0	43
gadgets voor vrouwen	https://nl.robotoys.eu/blog/7-onweerstaanbare-cadeau-ideeen-voor-vrouwen	0	3	0	51.33
gadgets vrouw	https://nl.robotoys.eu/blog/7-onweerstaanbare-cadeau-ideeen-voor-vrouwen	0	1	0	46
gambar puzzle 3d	https://robotoys.eu/blog/history-of-3d-wooden-puzzles-from-beginnings-to-the-present	0	1	0	23
gaven til hende der ikke ønsker sig noget	https://dk.robotoys.eu/blog/7-uimodstaelige-gaveideer-til-kvinder	0	5	0	21
gdje kupiti	https://hr.robotoys.eu/minijaturne-kuce/knjige-nook/knjizara-rolife-tgb07-p76	0	1	0	12
gdje kupiti	https://hr.robotoys.eu/minijaturne-kuce/knjige-nook/sunshine-town-rolife-tgb02-p30	0	1	0	19
gdje kupiti	https://hr.robotoys.eu/minijaturne-kuce/knjige-nook/umetak-za-police-romantic-venice-rolife-tgb08-p107	0	1	0	2
gdje kupiti u hrvatskoj	https://hr.robotoys.eu/minijaturne-kuce/knjige-nook/knjizara-rolife-tgb07-p76	0	1	0	21
gdje kupiti u hrvatskoj	https://hr.robotoys.eu/minijaturne-kuce/knjige-nook/sunshine-town-rolife-tgb02-p30	0	1	0	12
gdje kupiti u hrvatskoj	https://hr.robotoys.eu/minijaturne-kuce/knjige-nook/umetak-za-police-romantic-venice-rolife-tgb08-p107	0	1	0	3
gdje kupiti u zagrebu	https://hr.robotoys.eu/brendovi/rolife	0	1	0	1
gdje kupiti u zagrebu	https://hr.robotoys.eu/minijaturne-kuce/knjige-nook	0	1	0	6
gdje kupiti u zagrebu	https://hr.robotoys.eu/minijaturne-kuce/knjige-nook/umetak-za-police-cvjetni-kutak-rolife-tgb09-p108	0	1	0	10
gdje se moze naruciti	https://hr.robotoys.eu/brendovi/rokr	0	1	0	1
gdje se moze naruciti	https://hr.robotoys.eu/drvena-3d-slagalica/arhitektura/drvena-mehanicka-3d-slagalica-windmill-eco-wood-art-p154	0	1	0	19
gdje se moze naruciti	https://hr.robotoys.eu/drvena-3d-slagalica/stem-lab/drvena-mehanicka-3d-slagalica-gear-ball-challenge-rokr-egc01-p213	0	1	0	12
gdje se moze naruciti	https://hr.robotoys.eu/natjecanje-u-slagalicama/classic-printer-rokr-lk602-90	0	1	0	11
gdje se moze naruciti	https://hr.robotoys.eu/natjecanje-u-slagalicama/gear-ball-challenge-rokr-egc01-213	0	1	0	17
gdje se moze naruciti	https://hr.robotoys.eu/natjecanje-u-slagalicama/marble-parkour-rokr-lg501-42	0	1	0	25
gdje se moze naruciti	https://hr.robotoys.eu/natjecanje-u-slagalicama/tvornica-cokolade-rokr-lga02-75	0	1	0	24
gdje se može kupiti	https://hr.robotoys.eu/drvena-3d-slagalica/arhitektura/big-ben-maketa-sa-led-rasvjetom-rolife-tg507-p20	0	1	0	17
gdzie jest to miejsce	https://pl.robotoys.eu/drewniane-puzzle-3d/architektura/drewniane-puzzle-3d-sagrada-familia-little-story-e018-p133	0	1	0	1
gdzie kupić	https://pl.robotoys.eu/drewniane-puzzle-3d/architektura	0	1	0	20
gdzie kupić	https://pl.robotoys.eu/drewniane-puzzle-3d/architektura/model-tower-bridge-z-oswietleniem-led-rolife-tg412-p19	0	1	0	1
gdzie kupić	https://pl.robotoys.eu/drewniane-puzzle-3d/kwiaty/drewniana-ukladanka-3d-sakura-bonsai-rolife-tg415-p142	0	1	0	1
gdzie kupić	https://pl.robotoys.eu/drewniane-puzzle-3d/zegary-i-kalendarze/drewniana-mechaniczna-ukladanka-3d-zegar-z-kukulka-rokr-lc901c-p198	0	1	0	6
gdzie kupić mozna	https://pl.robotoys.eu/miniaturowe-domki/sklepy-z-miniaturami/domek-w-miniaturze-restauracja-tipsy-rolife-dg167-p209	0	1	0	2
gdzie mogę kupić	https://pl.robotoys.eu/miniaturowe-domki/sklepy-z-miniaturami/domek-miniaturowy-lodziarnia-honey-rolife-dg148-p65	0	1	0	13
gdzie można kupić w polsce	https://pl.robotoys.eu/miniaturowe-domki/miniaturowe-pokoje/biblioteka-do-nauki-sama-rolife-dg102-p86	0	1	0	4
gdzie to jest	https://pl.robotoys.eu/drewniane-puzzle-3d/architektura/drewniane-puzzle-3d-sagrada-familia-little-story-e018-p133	0	1	0	1
gdzie w polsce kupic	https://pl.robotoys.eu/drewniane-puzzle-3d/pojazdy/drewniane-puzzle-3d-londynski-autobus-turystyczny-rolife-tgm02-p106	0	1	0	17
gelbes rennauto	https://de.robotoys.eu/3d-puzzle-aus-holz/fahrzeuge/mechanisches-3d-puzzle-aus-holz-gelbes-rennauto-eco-wood-art-p151	0	8	0	1.25
gerai	https://lt.robotoys.eu/medine-3d-delione/transporto-priemones/medine-3d-delione-lektuvo-little-story-d016-p130	0	1	0	5
gerbera arcade	https://es.robotoys.eu/rompecabezas-3d-de-madera/flores/rompecabezas-3d-de-madera-gerbera-naranja-claro-rowood-tw111-p196	0	1	0	1
geschenk luxus frau	https://de.robotoys.eu/die-teuersten-geschenke-fur-frauen-und-madchen	0	10	0	43.1
geschenkideen frau	https://de.robotoys.eu/bloggen/7-unwiderstehliche-geschenkideen-fur-frauen	0	12	0	9.17
geschenkideen frauen	https://de.robotoys.eu/bloggen/7-unwiderstehliche-geschenkideen-fur-frauen	0	38	0	7.18
gh-800	https://nl.robotoys.eu/houten-3d-puzzel/voertuigen/houten-mechanische-3d-puzzel-graanoogstmachine-gh800-eco-wood-art-p160	0	1	0	4
gh800	https://de.robotoys.eu/3d-puzzle-aus-holz/fahrzeuge/mechanisches-3d-puzzle-aus-holz-getreideernter-gh800-eco-wood-art-p160	0	1	0	6
gh800	https://it.robotoys.eu/puzzle-3d-in-legno/veicoli/puzzle-meccanico-3d-in-legno-mietitrice-per-cereali-gh800-eco-wood-art-p160	0	1	0	8
gift factory	https://de.robotoys.eu/3d-puzzle-aus-holz/stem-lab/mechanisches-3d-puzzle-aus-holz-traumgeschenkfabrik-rokr-eab01-p202	0	2	0	16
gift factory	https://it.robotoys.eu/puzzle-3d-in-legno/stem-lab/puzzle-meccanico-3d-in-legno-fabbrica-dei-regali-dei-sogni-rokr-eab01-p202	0	3	0	6
gift shop sagrada familia	https://fr.robotoys.eu/casse-tete-3d-en-bois/architecture/puzzle-3d-en-bois-sagrada-familia-little-story-e018-p133	0	1	0	1
gimtadienio dovanu idejos	https://lt.robotoys.eu/dovanu-idejos/gimtadienio-dovanos	0	2	0	34.5
gioca facile	https://it.robotoys.eu/concorso-di-puzzle/hot-rod-eco-wood-art-231	0	1	0	14
giostra cavalli	https://it.robotoys.eu/puzzle-3d-in-legno/carillon/giostra-romantica-rokr-amk62-p77	0	1	0	8
giostra girevole	https://it.robotoys.eu/puzzle-3d-in-legno/carillon/carillon-swing-ride-rokr-ea02-p4	0	1	0	4
giradischi elettrico	https://it.robotoys.eu/puzzle-3d-in-legno/carillon/giradischi-elettrico-rokr-lkb01d-p68	0	18	0	4.61
giraffa 3d	https://it.robotoys.eu/puzzle-3d-in-legno/gli-animali/puzzle-3d-in-legno-giraffa-little-story-d013-p121	0	1	0	1
giraffa tiger puzzle	https://it.robotoys.eu/puzzle-3d-in-legno/gli-animali/puzzle-3d-in-legno-giraffa-little-story-d013-p121	0	7	0	9.57
giraffe little	https://de.robotoys.eu/3d-puzzle-aus-holz/die-tiere/3d-puzzle-aus-holz-giraffe-little-story-d013-p121	0	1	0	11
giraffe wooden puzzle	https://robotoys.eu/wooden-3d-puzzle/the-animals/wooden-3d-puzzle-giraffe-little-story-d013-p121	0	5	0	21
girls expensive gift	https://robotoys.eu/the-most-expensive-gifts-for-women-and-girls	0	7	0	7.57
girls expensive gifts	https://robotoys.eu/the-most-expensive-gifts-for-women-and-girls	0	1	0	3
gitáros ajándékok	https://hu.robotoys.eu/fabol-keszult-3d-puzzle/hangszerek/elektromos-gitar-modell-rokr-tg605k-p33	0	6	0	2.33
glazbena kutija	https://hr.robotoys.eu/drvena-3d-slagalica/glazbene-kutije/glazbena-kutija-swing-ride-rokr-ea02-p4	0	1	0	3
glittering water lily	https://robotoys.eu/wooden-3d-puzzle/flowers/wooden-3d-puzzle-glittering-water-lily-rowood-th001-p192	0	17	0	8.35
globe wooden puzzle	https://robotoys.eu/wooden-3d-puzzle/the-universe/luminous-globe-rokr-st003-p3	0	1	0	28
globo aerostático 3d	https://es.robotoys.eu/rompecabezas-3d-de-madera/vehiculos/globo-aerostatico-rolife-tg406-p84	0	3	0	5.67
globo luminoso	https://it.robotoys.eu/puzzle-3d-in-legno/luniverso/globo-luminoso-rokr-st003-p3	0	4	0	7.5
globus 3d	https://pl.robotoys.eu/drewniane-puzzle-3d/wszechswiat/swiecacy-globus-rokr-st003-p3	0	3	0	5.33
globus 3d puzzle	https://de.robotoys.eu/3d-puzzle-aus-holz/das-universum/leuchtender-globus-rokr-st003-p3	0	16	0	4.25
globus aus holz	https://de.robotoys.eu/3d-puzzle-aus-holz/das-universum/leuchtender-globus-rokr-st003-p3	0	3	0	18
globus aus holz	https://pl.robotoys.eu/drewniane-puzzle-3d/wszechswiat/swiecacy-globus-rokr-st003-p3	0	1	0	58
globus drewniany	https://pl.robotoys.eu/drewniane-puzzle-3d/wszechswiat/swiecacy-globus-rokr-st003-p3	0	7	0	5.29
globus holz puzzle	https://pl.robotoys.eu/drewniane-puzzle-3d/wszechswiat/swiecacy-globus-rokr-st003-p3	0	2	0	57.5
globus puzzle	https://cz.robotoys.eu/drevene-3d-puzzle/vesmir/svitici-globus-rokr-st003-p3	0	5	0	4.2
globus puzzle	https://de.robotoys.eu/3d-puzzle-aus-holz/das-universum/leuchtender-globus-rokr-st003-p3	0	1	0	8
globus puzzle	https://pl.robotoys.eu/drewniane-puzzle-3d/wszechswiat/swiecacy-globus-rokr-st003-p3	0	6	0	9.17
globus puzzle 3d	https://pl.robotoys.eu/drewniane-puzzle-3d/wszechswiat/swiecacy-globus-rokr-st003-p3	0	32	0	2.03
globus sveta	https://si.robotoys.eu/lesena-3d-sestavljanka/vesolje/svetleci-globus-rokr-st003-p3	0	1	0	1
globus sveta 3d	https://si.robotoys.eu/lesena-3d-sestavljanka/vesolje/svetleci-globus-rokr-st003-p3	0	17	0	1.24
globus světa 3d	https://cz.robotoys.eu/drevene-3d-puzzle/vesmir/svitici-globus-rokr-st003-p3	0	1	0	1
globus swiecacy	https://pl.robotoys.eu/drewniane-puzzle-3d/wszechswiat/swiecacy-globus-rokr-st003-p3	0	1	0	6
globus z wypukłościami	https://pl.robotoys.eu/drewniane-puzzle-3d/wszechswiat/swiecacy-globus-rokr-st003-p3	0	1	0	31
glóbus světa 3d	https://cz.robotoys.eu/drevene-3d-puzzle/vesmir/svitici-globus-rokr-st003-p3	0	6	0	1.33
google map utcakép	https://hu.robotoys.eu/miniatur-hazak/konyvek-kucko/konyvespolc-betet-utcakep-rolife-tgb13-p256	0	1	0	16
google élő utcakép	https://hu.robotoys.eu/miniatur-hazak/konyvek-kucko/konyvespolc-betet-utcakep-rolife-tgb13-p256	0	1	0	24
grafika	https://pl.robotoys.eu/drewniane-puzzle-3d/pojazdy/drewniana-ukladanka-3d-tank-tortoise-little-story-wot08-p180	0	1	0	4
gramfon	https://cz.robotoys.eu/drevene-3d-puzzle/hraci-skrinky/elektricky-gramofon-rokr-lkb01d-p68	0	3	0	13.67
gramfon	https://pl.robotoys.eu/drewniane-puzzle-3d/pozytywki/gramofon-elektryczny-rokr-lkb01d-p68	0	2	0	1
gramifon	https://cz.robotoys.eu/drevene-3d-puzzle/hraci-skrinky/elektricky-gramofon-rokr-lkb01d-p68	0	4	0	12.5
gramofo	https://cz.robotoys.eu/drevene-3d-puzzle/hraci-skrinky/elektricky-gramofon-rokr-lkb01d-p68	0	2	0	7.5
gramofom	https://cz.robotoys.eu/drevene-3d-puzzle/hraci-skrinky/elektricky-gramofon-rokr-lkb01d-p68	0	1	0	23
gramofon	https://cz.robotoys.eu/drevene-3d-puzzle/hraci-skrinky/elektricky-gramofon-rokr-lkb01d-p68	0	532	0	12.28
gramofon	https://pl.robotoys.eu/drewniane-puzzle-3d/pozytywki/gramofon-elektryczny-rokr-lkb01d-p68	0	4	0	9.75
gramofon diy	https://hr.robotoys.eu/drvena-3d-slagalica/glazbene-kutije/elektricni-gramofon-rokr-lkb01d-p68	0	1	0	10
gramofon dla dzieci	https://pl.robotoys.eu/drewniane-puzzle-3d/pozytywki/gramofon-elektryczny-rokr-lkb01d-p68	0	2	0	8.5
gramofon drewniany	https://pl.robotoys.eu/drewniane-puzzle-3d/pozytywki/gramofon-elektryczny-rokr-lkb01d-p68	0	36	0	1.72
gramofon elektryczny	https://pl.robotoys.eu/drewniane-puzzle-3d/pozytywki/gramofon-elektryczny-rokr-lkb01d-p68	0	105	0	8.34
gramogon	https://cz.robotoys.eu/drevene-3d-puzzle/hraci-skrinky/elektricky-gramofon-rokr-lkb01d-p68	0	2	0	7
gramophone 3d	https://fr.robotoys.eu/casse-tete-3d-en-bois/instruments-de-musique/puzzle-3d-en-bois-gramophone-rolife-tg408-p39	0	1	0	6
grampfon	https://cz.robotoys.eu/drevene-3d-puzzle/hraci-skrinky/elektricky-gramofon-rokr-lkb01d-p68	0	1	0	1
grand prix model	https://cz.robotoys.eu/drevene-3d-puzzle/vozidla/model-auta-grand-prix-rokr-mc401-p16	0	1	0	5
grand prix puzzle	https://pl.robotoys.eu/drewniane-puzzle-3d/pojazdy/model-samochodu-grand-prix-rokr-mc401-p16	0	1	0	28
grmofon	https://cz.robotoys.eu/drevene-3d-puzzle/hraci-skrinky/elektricky-gramofon-rokr-lkb01d-p68	0	2	0	6.5
grossiste puzzle 3d bois	https://fr.robotoys.eu/puzzle-3d-en-bois-en-action	0	12	0	15.83
grsmofon	https://cz.robotoys.eu/drevene-3d-puzzle/hraci-skrinky/elektricky-gramofon-rokr-lkb01d-p68	0	1	0	1
grøn motorcykel	https://dk.robotoys.eu/trae-3d-puslespil/koretojer/trae-3d-puslespil-gron-speedway-motorcykel-little-story-e019g-p240	0	2	0	1
grāmatu miniatūra	https://lv.robotoys.eu/letakas-miniaturas-majas	0	1	0	8
grāmatu miniatūra	https://lv.robotoys.eu/miniaturas-majas/gramatas-nook	0	1	0	1
guitarra 3d	https://pt.robotoys.eu/quebra-cabeca-3d-de-madeira/instrumentos-musicais/modelo-de-guitarra-eletrica-rokr-tg605k-p33	0	1	0	2
gul motorcykel	https://dk.robotoys.eu/trae-3d-puslespil/koretojer/trae-3d-puslespil-gul-grand-prix-motorcykel-little-story-e021y-p244	0	1	0	1
gökur klocka	https://se.robotoys.eu/3d-pussel-i-tra/klockor-kalendrar/tramekaniskt-3d-pussel-gokur-rokr-lc901c-p198	0	1	0	10
göra eget pussel trä	https://se.robotoys.eu/blogg/fa-din-hjarna-i-rorelse-med-mekaniska-3d-pussel-i-tra	0	2	0	5
görselini göster	https://robotoys.eu/wooden-3d-puzzle/vehicles/wooden-3d-puzzle-airplane-little-story-d016-p130	0	1	0	29
habarri book nook	https://hu.robotoys.eu/miniatur-hazak/konyvek-kucko	0	1	0	12
habilidades motoras exemplos	https://pt.robotoys.eu/blogue/top-5-atividades-que-apoiam-o-desenvolvimento-de-habilidades-motoras	0	1	0	1
habitaciones en miniatura	https://es.robotoys.eu/casas-en-miniatura/habitaciones-en-miniatura	0	4	0	10.25
habitaciones miniatura para armar	https://es.robotoys.eu/casas-en-miniatura/habitaciones-en-miniatura	0	1	0	9
hangulatos wellness szállodák	https://hu.robotoys.eu/miniatur-hazak/miniatur-szobak/miniatur-haz-hangulatos-konyha-rolife-dg159-p89	0	1	0	56
hardest 3d puzzle	https://robotoys.eu/wooden-3d-puzzle-high-difficulty	0	4	0	11.5
hardest rokr puzzle	https://robotoys.eu/wooden-3d-puzzle-high-difficulty	0	4	0	11.25
hasilnya seperti apa	https://robotoys.eu/wooden-3d-puzzle/architecture/wooden-3d-puzzle-colosseum-little-story-e016-p126	0	1	0	17
hasonló termékek	https://hu.robotoys.eu/miniatur-hazak/miniatur-uzletek/kavezo-a-simon-rolife-dg109-p64	0	1	0	3
hasznos ajandekok ferfiaknak	https://hu.robotoys.eu/a-legkeresettebb-ajandekok-ferfiaknak-es-fiuknak	0	2	0	33
hasznos ajándékok férfiaknak	https://hu.robotoys.eu/a-legkeresettebb-ajandekok-ferfiaknak-es-fiuknak	0	7	0	38.43
hauteur tower bridge	https://fr.robotoys.eu/blog/lhistoire-du-celebre-tower-bridge-comment-amener-londres-chez-vous	0	1	0	4
havebro	https://dk.robotoys.eu/trae-3d-puslespil/blomster/trae-3d-puslespil-akander-under-en-havebro-p258	0	1	0	34
heelal puzzel	https://nl.robotoys.eu/houten-3d-puzzel/het-heelal	0	1	0	9
heimdekoration	https://de.robotoys.eu/bloggen/so-wahlen-sie-die-beste-heimdekoration-aus-tipps-und-tricks	0	7	0	30.29
heksenwinkel	https://nl.robotoys.eu/miniatuur-huizen/miniatuur-winkels/heksenwinkel-kiki-rolife-dg155-p31	0	4	0	29
heksenwinkel in de buurt	https://nl.robotoys.eu/miniatuur-huizen/miniatuur-winkels/heksenwinkel-kiki-rolife-dg155-p31	0	1	0	15
heksenwinkel nederland	https://nl.robotoys.eu/miniatuur-huizen/miniatuur-winkels/heksenwinkel-kiki-rolife-dg155-p31	0	3	0	17
heksenwinkel online	https://nl.robotoys.eu/miniatuur-huizen/miniatuur-winkels/heksenwinkel-kiki-rolife-dg155-p31	0	7	0	9.29
hexenladen	https://de.robotoys.eu/miniaturhauser/miniaturladen/hexenladen-kiki-rolife-dg155-p31	0	104	0	15.49
hexenladen	https://de.robotoys.eu/puzzlespiel-wettbewerb/hexenladen-kiki-rolife-dg155-31	0	1	0	81
hexenladen hannover	https://de.robotoys.eu/puzzlespiel-wettbewerb/hexenladen-kiki-rolife-dg155-31	0	3	0	79.33
high end gifts	https://robotoys.eu/the-most-expensive-gifts-for-men-and-boys	0	1	0	70
histoire	https://fr.robotoys.eu/blog/lhistoire-du-celebre-tower-bridge-comment-amener-londres-chez-vous	0	1	0	2
histoire de tower bridge	https://fr.robotoys.eu/blog/lhistoire-du-celebre-tower-bridge-comment-amener-londres-chez-vous	0	3	0	5.67
histoire du tower bridge	https://fr.robotoys.eu/blog/lhistoire-du-celebre-tower-bridge-comment-amener-londres-chez-vous	0	15	0	9.13
historia del puente de la torre de londres	https://es.robotoys.eu/blog/the-story-of-the-famous-tower-bridge-how-to-bring-london-to-your-home	0	5	0	7.8
historia del puente de londres	https://es.robotoys.eu/blog/the-story-of-the-famous-tower-bridge-how-to-bring-london-to-your-home	0	1	0	17
historia del tower bridge	https://es.robotoys.eu/blog/the-story-of-the-famous-tower-bridge-how-to-bring-london-to-your-home	0	9	0	8.33
historia del tower bridge	https://pt.robotoys.eu/blogue/a-historia-da-famosa-tower-bridge-como-levar-londres-para-a-sua-casa	0	1	0	11
historia londynu	https://pl.robotoys.eu/blog/the-story-of-the-famous-tower-bridge-how-to-bring-london-to-your-home	0	2	0	38.5
historia puzzli	https://pl.robotoys.eu/blog/historia-3d-drewnianych-puzzli-od-poczatkow-do-terazniejszosci	0	1	0	18
historia tower bridge	https://es.robotoys.eu/blog/the-story-of-the-famous-tower-bridge-how-to-bring-london-to-your-home	0	11	0	8.82
historia tower bridge	https://pl.robotoys.eu/blog/the-story-of-the-famous-tower-bridge-how-to-bring-london-to-your-home	0	7	0	6.57
historia tower bridge	https://pt.robotoys.eu/blogue/a-historia-da-famosa-tower-bridge-como-levar-londres-para-a-sua-casa	0	5	0	6.6
historia tower bridge	https://robotoys.eu/blog/the-story-of-the-famous-tower-bridge-how-to-bring-london-to-your-home	0	1	0	10
historien	https://se.robotoys.eu/blogg/the-story-of-the-famous-tower-bridge-how-to-bring-london-to-your-home	0	1	0	2
history	https://robotoys.eu/blog/history-of-3d-wooden-puzzles-from-beginnings-to-the-present	0	1	0	3
history of the tower bridge	https://fr.robotoys.eu/blog/lhistoire-du-celebre-tower-bridge-comment-amener-londres-chez-vous	0	1	0	44
história	https://pt.robotoys.eu/blogue/a-historia-da-famosa-tower-bridge-como-levar-londres-para-a-sua-casa	0	1	0	1
hiše	https://si.robotoys.eu/miniaturne-hise	0	2	0	83.5
hiše	https://si.robotoys.eu/miniaturne-hise-naprodaj	0	2	0	55.5
hjemmelavede valentinsgaver	https://dk.robotoys.eu/blog/5-bedste-valentinsdagsgaver-der-vil-glaede-alle	0	1	0	2
hjälp vid stress	https://se.robotoys.eu/blogg/hur-man-blir-av-med-stress-10-effektiva-tips	0	3	0	54
hlavolamy	https://cz.robotoys.eu/drevene-3d-puzzle/stem-lab/drevene-mechanicke-3d-puzzle-klasicka-tiskarna-rokr-lk602-p90	0	1	0	3
hoa này hoa j	https://robotoys.eu/wooden-3d-puzzle/flowers/wooden-3d-puzzle-red-camellia-rowood-tw031-p102	0	1	0	21
hobby haus	https://de.robotoys.eu/miniaturhauser	0	1	0	37
hobbytoys	https://es.robotoys.eu/	0	2	0	48.5
hobi	https://hr.robotoys.eu/minijaturne-kucice-100-do-149-kom	0	1	0	2
hodiny 3d	https://cz.robotoys.eu/drevene-3d-puzzle/hodiny-kalendare	0	1	0	32
hodiny sova	https://cz.robotoys.eu/drevene-3d-puzzle/hodiny-kalendare/hodiny-sova-rokr-lk503-p6	0	14	0	1.29
hoe ontstressen	https://nl.robotoys.eu/blog/hoe-zich-te-ontdoen-van-stress-10-effectieve-tips	0	3	0	89
hoe stress onder controle houden	https://nl.robotoys.eu/blog/hoe-zich-te-ontdoen-van-stress-10-effectieve-tips	0	1	0	22
hoiulaegas	https://ee.robotoys.eu/puidust-3d-pusle/stem-lab/hoiulaegas-rokr-lk502-p57	0	1	0	38
hol kapható	https://hu.robotoys.eu/miniatur-hazak/konyvek-kucko/konyvespolc-betet-virag-sarok-rolife-tgb09-p108	0	1	0	14
hol kapható	https://hu.robotoys.eu/miniatur-hazak/miniatur-szobak/miniatur-haz-hangulatos-villa-kolyokkutyaknak-rolife-dg169-p149	0	1	0	21
hol kapható	https://hu.robotoys.eu/miniatur-hazak/miniatur-szobak/mr-millers-garden-rolife-dg108-p23	0	1	0	9
hol lehet ilyet venni	https://hu.robotoys.eu/fabol-keszult-3d-puzzle/jarmuvek/fa-3d-puzzle-tank-fv4005-little-story-wot09-p236	0	1	0	8
hol lehet kapni	https://hu.robotoys.eu/fabol-keszult-3d-puzzle/jarmuvek/fa-3d-puzzle-repulogep-little-story-d016-p130	0	1	0	6
hol lehet kapni ilyet?	https://hu.robotoys.eu/miniatur-hazak/miniatur-uzletek/kavezo-a-simon-rolife-dg109-p64	0	1	0	5
hol lehet kapni?	https://hu.robotoys.eu/blog/7-ellenallhatatlan-ajandekotlet-noknek	0	1	0	11
hol lehet kapni?	https://hu.robotoys.eu/fabol-keszult-3d-puzzle/orak-naptarak/romantikus-faliora-rokr-lc701-p56	0	1	0	2
hol vasarolhato meg?	https://hu.robotoys.eu/miniatur-hazak/miniatur-uzletek/miniatur-haz-etterem-tipsy-rolife-dg167-p209	0	1	0	5
holiday café	https://ee.robotoys.eu/miniatuursed-majad/raamatud-nook/raamaturiiuli-sisu-holiday-cafe-rolife-tgb15-p225	0	1	0	16
holiday café	https://pl.robotoys.eu/miniaturowe-domki/kacik-ksiazek/wkladka-do-regalu-holiday-cafe-rolife-tgb15-p225	0	1	0	10
holiday regal	https://de.robotoys.eu/miniaturhauser/bucher-ecke/bucherregaleinsatz-holiday-cafe-rolife-tgb15-p225	0	1	0	10
holidaycafe	https://dk.robotoys.eu/miniaturehuse/boger-nook/bogreolindsats-holiday-cafe-rolife-tgb15-p225	0	1	0	10
holliday cafe	https://pl.robotoys.eu/miniaturowe-domki/kacik-ksiazek/wkladka-do-regalu-holiday-cafe-rolife-tgb15-p225	0	1	0	10
holz 3d puzzle	https://de.robotoys.eu/3d-puzzle-aus-holz	0	1	0	25
holz 3d puzzle	https://de.robotoys.eu/3d-puzzle-aus-holz-150-bis-199-teile	0	1	0	3
holz 3d puzzle	https://de.robotoys.eu/3d-puzzle-aus-holz-hoher-schwierigkeitsgrad	0	2	0	7
holz 3d puzzle	https://de.robotoys.eu/3d-puzzle-aus-holz-weniger-als-100-teile	0	1	0	9
holz 3d puzzle	https://de.robotoys.eu/3d-puzzle-aus-holz/die-architektur/3d-puzzle-aus-holz-colosseum-little-story-e016-p126	0	40	0	16.4
holz 3d puzzle	https://de.robotoys.eu/3d-puzzle-aus-holz/die-architektur/3d-puzzle-aus-holz-sagrada-familia-little-story-e018-p133	0	52	0	6.15
holz 3d puzzle	https://de.robotoys.eu/3d-puzzle-aus-holz/stem-lab/flipper-rokr-eg01-p43	0	5	0	11
holz drucker	https://de.robotoys.eu/3d-puzzle-aus-holz/stem-lab/mechanisches-3d-puzzle-aus-holz-klassischer-drucker-rokr-lk602-p90	0	5	0	5.6
holz flipper	https://de.robotoys.eu/3d-puzzle-aus-holz/stem-lab/flipper-rokr-eg01-p43	0	3	0	25.67
holz gewehr	https://de.robotoys.eu/3d-puzzle-aus-holz/waffen/ak-47-gewehr-rokr-lq901-p67	0	1	0	1
holz lkw	https://de.robotoys.eu/3d-puzzle-aus-holz/fahrzeuge/holz-3d-puzzle-lkw-little-story-d004-p168	0	1	0	5
holz motorrad	https://de.robotoys.eu/3d-puzzle-aus-holz/fahrzeuge/3d-puzzle-aus-holz-grand-prix-motorrad-little-story-e021-p173	0	1	0	4
holz panzer	https://de.robotoys.eu/3d-puzzle-aus-holz/fahrzeuge/3d-puzzle-aus-holz-panzer-char-b1-little-story-wot06-p178	0	1	0	1
holz panzer	https://de.robotoys.eu/3d-puzzle-aus-holz/fahrzeuge/3d-puzzle-aus-holz-panzer-fv4005-little-story-wot09-p236	0	1	0	1
holz panzer	https://de.robotoys.eu/3d-puzzle-aus-holz/fahrzeuge/3d-puzzle-aus-holz-panzer-maus-little-story-wot10-p237	0	1	0	1
holz panzer	https://de.robotoys.eu/3d-puzzle-aus-holz/fahrzeuge/3d-puzzle-aus-holz-panzer-t-34-85-little-story-wot02-p135	0	6	0	1
holz panzer	https://de.robotoys.eu/3d-puzzle-aus-holz/fahrzeuge/3d-puzzle-aus-holz-tiger-i-little-story-wot03-p136	0	2	0	1
holz puzzle tiere	https://de.robotoys.eu/3d-puzzle-aus-holz/die-tiere	0	2	0	38.5
holz waffe	https://de.robotoys.eu/3d-puzzle-aus-holz/waffen	0	1	0	15
holz waffen	https://de.robotoys.eu/3d-puzzle-aus-holz/waffen	0	3	0	14.33
holzbausatz kinder 10 jahre	https://de.robotoys.eu/3d-puzzle-aus-holz/fahrzeuge/mechanisches-3d-puzzle-aus-holz-feuerwehrauto-eco-wood-art-p208	0	1	0	2
holzblumen puzzle	https://de.robotoys.eu/3d-puzzle-aus-holz/blumen	0	2	0	9
holzfeuerwehrauto	https://de.robotoys.eu/3d-puzzle-aus-holz/fahrzeuge/mechanisches-3d-puzzle-aus-holz-feuerwehrauto-eco-wood-art-p208	0	1	0	40
holzflipper	https://de.robotoys.eu/3d-puzzle-aus-holz/stem-lab/flipper-rokr-eg01-p43	0	1	0	20
holzflipper bausatz	https://de.robotoys.eu/3d-puzzle-aus-holz/stem-lab/flipper-rokr-eg01-p43	0	6	0	4.67
holzmagic	https://de.robotoys.eu/3d-puzzle-aus-holz/musikinstrumente/magic-piano-rokr-amk81-p70	0	12	0	7.67
holzmodell traktor	https://de.robotoys.eu/3d-puzzle-aus-holz/fahrzeuge/mechanisches-3d-puzzle-aus-holz-traktor-eco-wood-art-p233	0	13	0	16.85
holzpanzer	https://de.robotoys.eu/3d-puzzle-aus-holz/fahrzeuge/3d-puzzle-aus-holz-panzer-t-34-85-little-story-wot02-p135	0	3	0	6.33
holzpanzer	https://de.robotoys.eu/3d-puzzle-aus-holz/fahrzeuge/3d-puzzle-aus-holz-tiger-i-little-story-wot03-p136	0	1	0	21
holzpolizeiauto	https://de.robotoys.eu/3d-puzzle-aus-holz/fahrzeuge/3d-puzzle-aus-holz-polizeiauto-eco-wood-art-p214	0	2	0	12
holzpuzzle elefant	https://de.robotoys.eu/3d-puzzle-aus-holz/die-tiere/3d-puzzle-aus-holz-elefant-little-story-d012-p120	0	9	0	31
holzpuzzle erwachsene tiere	https://de.robotoys.eu/3d-puzzle-aus-holz/die-tiere	0	1	0	32
holzpuzzle motorrad	https://de.robotoys.eu/3d-puzzle-aus-holz/fahrzeuge/3d-puzzle-aus-holz-grand-prix-motorrad-little-story-e021-p173	0	3	0	6
holzpuzzle motorrad	https://de.robotoys.eu/3d-puzzle-aus-holz/fahrzeuge/motorrad-cruiser-rokr-lk504-p12	0	18	0	11.33
holzpuzzle test	https://de.robotoys.eu/am-besten-bewertetes-3d-holzpuzzle	0	1	0	27
holzpuzzle tiere	https://de.robotoys.eu/3d-puzzle-aus-holz/die-tiere	0	2	0	42.5
holzpuzzle uhr	https://de.robotoys.eu/3d-puzzle-aus-holz/uhren-kalender	0	2	0	34
honey ice cream shop	https://robotoys.eu/miniature-houses/miniature-stores/miniature-house-honey-ice-cream-store-rolife-dg148-p65	0	1	0	14
honey ice cream shop rolife	https://de.robotoys.eu/miniaturhauser/miniaturladen/miniaturhaus-eisdiele-honey-rolife-dg148-p65	0	4	0	6.75
honey ice cream shop rolife	https://robotoys.eu/miniature-houses/miniature-stores/miniature-house-honey-ice-cream-store-rolife-dg148-p65	0	3	0	5
horloge retro	https://fr.robotoys.eu/casse-tete-3d-en-bois/horloges-et-calendriers/horloge-murale-zodiac-rokr-lc601-p52	0	1	0	3
horloge zodiaque	https://fr.robotoys.eu/casse-tete-3d-en-bois/horloges-et-calendriers/horloge-murale-zodiac-rokr-lc601-p52	0	1	0	47
hot air balloon puzzle	https://robotoys.eu/wooden-3d-puzzle/vehicles/hot-air-balloon-rolife-tg406-p84	0	1	0	8
hot air balloon wooden puzzle	https://robotoys.eu/wooden-3d-puzzle/vehicles/hot-air-balloon-rolife-tg406-p84	0	1	0	3
house miniature	https://robotoys.eu/miniature-houses/miniature-rooms	0	1	0	10
hout 3d puzzel	https://nl.robotoys.eu/houten-3d-puzzel/architectuur/houten-3d-puzzel-sagrada-familia-little-story-e018-p133	0	9	0	3.33
hout puzzel 3d	https://nl.robotoys.eu/houten-3d-puzzel/architectuur/houten-3d-puzzel-sagrada-familia-little-story-e018-p133	0	20	0	3.95
houten 3d modellen	https://nl.robotoys.eu/houten-3d-puzzel/architectuur/houten-3d-puzzel-notre-dame-kathedraal-little-story-e017-p127	0	7	0	1.43
houten 3d puzzel volwassenen	https://nl.robotoys.eu/houten-3d-puzzel/architectuur/houten-3d-puzzel-sagrada-familia-little-story-e018-p133	0	86	0	2.44
houten 3d puzzels	https://nl.robotoys.eu/houten-3d-puzzel/architectuur/houten-3d-puzzel-sagrada-familia-little-story-e018-p133	0	26	0	4.69
houten 3d puzzels volwassenen	https://nl.robotoys.eu/houten-3d-puzzel/architectuur/houten-3d-puzzel-notre-dame-kathedraal-little-story-e017-p127	0	2	0	1
houten bloemen	https://robotoys.eu/wooden-3d-puzzle/flowers/wooden-3d-puzzle-pink-dahlia-rowood-tw131-p252	0	1	0	3
houten bouwpakket	https://nl.robotoys.eu/houten-3d-puzzel/architectuur/houten-3d-puzzel-sagrada-familia-little-story-e018-p133	0	1	0	2
houten geweer	https://nl.robotoys.eu/houten-3d-puzzel/wapens	0	2	0	9
houten koekoeksklok	https://nl.robotoys.eu/houten-3d-puzzel/klokken-kalenders/houten-mechanische-3d-puzzel-koekoeksklok-rokr-lc901c-p198	0	4	0	1
houten platenspeler	https://nl.robotoys.eu/houten-3d-puzzel/muziekdoosjes/elektrische-platenspeler-rokr-lkb01d-p68	0	1	0	1
houten puzzel 3d	https://nl.robotoys.eu/houten-3d-puzzel/architectuur/houten-3d-puzzel-sagrada-familia-little-story-e018-p133	0	37	0	3.38
houten puzzelbal oplossing	https://nl.robotoys.eu/blog/breng-je-hersenen-in-beweging-met-3d-houten-mechanische-puzzels	0	1	0	16
houten wapens	https://nl.robotoys.eu/houten-3d-puzzel/wapens	0	2	0	11
how long it takes	https://robotoys.eu/wooden-3d-puzzle/weapons/thompson-rokr-lqb01-p74	0	1	0	1
how much is it worth	https://robotoys.eu/	0	1	0	15
how much is it worth	https://robotoys.eu/wooden-3d-puzzle/architecture/five-story-pagoda-rolife-tgn02-p45	0	1	0	22
how much is it worth	https://robotoys.eu/wooden-3d-puzzle/architecture/wooden-3d-puzzle-brandenburg-gate-little-story-e015-p125	0	1	0	26
how much is this worth in pounds?	https://robotoys.eu/wooden-3d-puzzle/the-animals/wooden-3d-puzzle-t-rex-little-story-d006-p115	0	1	0	12
how much to buy new	https://robotoys.eu/wooden-3d-puzzle/the-animals/wooden-3d-puzzle-giraffe-little-story-d013-p121	0	1	0	17
how much?	https://robotoys.eu/	0	1	0	12
how to choose a building set for an adult	https://robotoys.eu/blog/wooden-3d-puzzles-how-to-choose-your-first-building-kit-and-what-to-prepare-for	0	5	0	11.8
how to join this	https://robotoys.eu/wooden-3d-puzzle/vehicles/wooden-3d-puzzle-airplane-little-story-d016-p130	0	1	0	10
how to make 3d wooden puzzles	https://robotoys.eu/blog/10-tools-you-need-when-assembling-a-wooden-3d-puzzle	0	1	0	9
hraci skrinka	https://cz.robotoys.eu/drevene-3d-puzzle/hraci-skrinky	0	2	0	18.5
hraci skrinky	https://cz.robotoys.eu/drevene-3d-puzzle/hraci-skrinky	0	2	0	10.5
hraci skříňka	https://cz.robotoys.eu/drevene-3d-puzzle/hraci-skrinky	0	1	0	11
hrací skřínka	https://cz.robotoys.eu/drevene-3d-puzzle/hraci-skrinky	0	1	0	20
hrací skříň	https://cz.robotoys.eu/drevene-3d-puzzle/hraci-skrinky/hudebni-hraci-skrinka-kouzelne-violoncello-rokr-amk63-p1	0	2	0	3
hrací skříň	https://cz.robotoys.eu/drevene-3d-puzzle/hraci-skrinky/hudebni-hraci-skrinka-swing-ride-rokr-ea02-p4	0	1	0	5
hrací skříňka	https://cz.robotoys.eu/drevene-3d-puzzle/hraci-skrinky	0	6	0	20.67
hrací skříňka na kličku	https://cz.robotoys.eu/drevene-3d-puzzle/hraci-skrinky	0	1	0	31
hrací skříňka pro děti	https://cz.robotoys.eu/drevene-3d-puzzle/hraci-skrinky	0	1	0	41
hrací skříňky	https://cz.robotoys.eu/drevene-3d-puzzle/hraci-skrinky	0	17	0	20
hračky koloseum	https://cz.robotoys.eu/drevene-3d-puzzle/architektura/drevene-3d-puzzle-koloseum-little-story-e016-p126	0	2	0	36
hudebni skrinka	https://cz.robotoys.eu/drevene-3d-puzzle/hraci-skrinky	0	1	0	11
huize vladyslava	https://nl.robotoys.eu/puzzelwedstrijd/vissersboot-model-rolife-tg308-38	0	1	0	26
hur kan jag hjälpa mitt barn att utveckla sina motoriska färdigheter genom leksaker?	https://se.robotoys.eu/blogg/top-5-aktiviteter-som-stodjer-utvecklingen-av-motorik	0	2	0	10
hvad er tower bridge	https://dk.robotoys.eu/blog/historien-om-den-beromte-tower-bridge-sadan-bringer-du-london-til-dit-hjem	0	2	0	4
hvad kan den sælges for?	https://dk.robotoys.eu/trae-3d-puslespil/musikdaser/musikdase-stjerneklar-nat-rokr-amk51-p11	0	1	0	1
hvilke byggesæt kan voksne også have glæde af at samle?	https://dk.robotoys.eu/blog/lille-historie-3d-byggesaet-der-kombinerer-kreativitet-sjov-og-kvalitet	0	8	0	5.88
hvor kan de købes	https://dk.robotoys.eu/puslespil-konkurrence/lys-orange-gerbera-rowood-tw111-196	0	1	0	27
hvor kan de købes	https://dk.robotoys.eu/trae-3d-puslespil/blomster/trae-3d-puslespil-lilla-iris-rowood-tw121-p251	0	1	0	10
hvor kan de købes	https://dk.robotoys.eu/trae-3d-puslespil/blomster/trae-3d-puslespil-lys-orange-gerbera-rowood-tw111-p196	0	1	0	1
hvordan slapper man af	https://dk.robotoys.eu/blog/hvordan-man-slipper-af-med-stress-10-effektive-tips	0	2	0	11.5
hvordan slipper man af med hovedpine	https://dk.robotoys.eu/blog/hvordan-man-slipper-af-med-stress-10-effektive-tips	0	1	0	54
hvornår blev tower bridge bygget	https://dk.robotoys.eu/blog/historien-om-den-beromte-tower-bridge-sadan-bringer-du-london-til-dit-hjem	0	37	0	4.11
ház makett	https://hu.robotoys.eu/miniatur-hazak	0	25	0	7.36
ház makett készítés házilag	https://hu.robotoys.eu/blog/amit-miniatur-hazak-epitese-elott-tudni-kell	0	4	0	15
häxbutik	https://se.robotoys.eu/miniatyrhus/miniatyrbutiker/haxaffar-kiki-rolife-dg155-p31	0	1	0	95
i puzzle sono meglio di cartone o altro materale?	https://it.robotoys.eu/blog/10-strumenti-di-cui-hai-bisogno-per-assemblare-un-puzzle-3d-in-legno	0	5	0	21
ideais presente mulher	https://pt.robotoys.eu/blogue/7-ideias-de-presentes-irresistiveis-para-mulheres	0	1	0	14
ideas de regalo para mujer	https://es.robotoys.eu/blog/7-ideas-de-regalos-irresistibles-para-mujeres	0	7	0	6.14
ideas de regalos de mujer	https://es.robotoys.eu/blog/7-ideas-de-regalos-irresistibles-para-mujeres	0	2	0	7
ideas de regalos para mujer	https://es.robotoys.eu/blog/7-ideas-de-regalos-irresistibles-para-mujeres	0	4	0	6.75
ideas de regalos para mujeres	https://es.robotoys.eu/blog/7-ideas-de-regalos-irresistibles-para-mujeres	0	1	0	6
ideas de regalos torre del mar	https://es.robotoys.eu/los-regalos-mas-baratos-para-decoracion	0	3	0	64
ideas regalo mujer	https://es.robotoys.eu/blog/7-ideas-de-regalos-irresistibles-para-mujeres	0	1	0	13
ideas regalos mujer	https://es.robotoys.eu/blog/7-ideas-de-regalos-irresistibles-para-mujeres	0	4	0	8.5
ideas regalos para mujer	https://es.robotoys.eu/blog/7-ideas-de-regalos-irresistibles-para-mujeres	0	1	0	10
idee regalo costruzioni per lui	https://it.robotoys.eu/blog	0	1	0	11
idee regalo per un uomo che ha tutto	https://it.robotoys.eu/blog/un-regalo-per-luomo-che-ha-gia-tutto-24-consigli-originali-che-lo-sorprenderanno-davvero	0	1	0	34
idee regalo uomo che ha tutto	https://it.robotoys.eu/blog/un-regalo-per-luomo-che-ha-gia-tutto-24-consigli-originali-che-lo-sorprenderanno-davvero	0	1	0	34
ideia de presente feminino	https://pt.robotoys.eu/blogue/7-ideias-de-presentes-irresistiveis-para-mulheres	0	1	0	63
ideia de presente para mulher	https://pt.robotoys.eu/blogue/7-ideias-de-presentes-irresistiveis-para-mulheres	0	1	0	64
ideias de presente pra mulher	https://pt.robotoys.eu/blogue/7-ideias-de-presentes-irresistiveis-para-mulheres	0	1	0	66
ideias de presentes para mulher	https://pt.robotoys.eu/blogue/7-ideias-de-presentes-irresistiveis-para-mulheres	0	1	0	64
ideias presentes femininos	https://pt.robotoys.eu/blogue/7-ideias-de-presentes-irresistiveis-para-mulheres	0	1	0	62
ideid	https://ee.robotoys.eu/kingi-ideid	0	1	0	10
ideja za rojstni dan	https://si.robotoys.eu/ideje-za-darila/darila-za-rojstni-dan	0	1	0	39
ideje za darila za otroke	https://si.robotoys.eu/ideje-za-darila/darila-za-otroke	0	1	0	29
ideje za darila za rojstni dan	https://si.robotoys.eu/ideje-za-darila/darila-za-rojstni-dan	0	2	0	21
ideje za darilo za rojstni dan	https://si.robotoys.eu/ideje-za-darila/darila-za-rojstni-dan	0	1	0	24
ideje za rojstni dan	https://si.robotoys.eu/ideje-za-darila/darila-za-rojstni-dan	0	1	0	46
if diy house dora's loft	https://robotoys.eu/miniature-houses/miniature-rooms/miniature-house-doras-loft-rolife-dg12-p91	0	1	0	6
igen	https://hu.robotoys.eu/fabol-keszult-3d-puzzle/epiteszet/fa-3d-kirako-sakura-treehouse-rolife-tgs04-p201	0	1	0	14
igen	https://hu.robotoys.eu/fabol-keszult-3d-puzzle/epiteszet/fa-3d-puzzle-sagrada-familia-little-story-e018-p133	0	1	0	13
igen	https://hu.robotoys.eu/fabol-keszult-3d-puzzle/stem-lab/marble-night-city-rokr-lga01-p2	0	1	0	21
igen	https://hu.robotoys.eu/fabol-keszult-3d-puzzle/viragok/fa-3d-puzzle-rozsaszin-rozsa-rowood-tw041-p111	0	1	0	13
igen	https://hu.robotoys.eu/fabol-keszult-3d-puzzle/viragok/fa-3d-puzzle-rozsaszin-szegfu-rowood-tw051-p110	0	1	0	22
igen	https://hu.robotoys.eu/fabol-keszult-3d-puzzle/zenei-dobozok/zenedoboz-csillagos-ejszaka-rokr-amk51-p11	0	1	0	1
igen	https://hu.robotoys.eu/miniatur-hazak/konyvek-kucko/konyvespolc-betet-karacsony-utca-rolife-tgc06-p139	0	1	0	16
ikea manul	https://robotoys.eu/wooden-3d-puzzle/vehicles/sailling-ship-model-rolife-tg305-p21	0	3	0	10
il primo	https://it.robotoys.eu/puzzle-3d-in-legno/armi/puzzle-meccanico-3d-in-legno-mitragliatrice-con-canna-rotante-rokr-lqa01-p218	0	1	0	15
il représente quoi	https://robotoys.eu/blog/history-of-3d-wooden-puzzles-from-beginnings-to-the-present	0	1	0	5
ile kosztuje	https://pl.robotoys.eu/drewniane-puzzle-3d/kwiaty/drewniana-ukladanka-3d-sakura-bonsai-rolife-tg415-p142	0	1	0	20
ile kosztuje	https://pl.robotoys.eu/drewniane-puzzle-3d/pojazdy/model-lokomotywy-parowej-rokr-mc501-p13	0	1	0	1
ile kosztują	https://pl.robotoys.eu/drewniane-puzzle-3d/architektura/podswietlana-wieza-eiffla-rolife-tgl01-p73	0	1	0	1
ile on kosztuje	https://pl.robotoys.eu/drewniane-puzzle-3d/bronie/thompson-rokr-lqb01-p74	0	1	0	3
image	https://robotoys.eu/wooden-3d-puzzle/architecture/wooden-3d-puzzle-notre-dame-cathedral-little-story-e017-p127	0	1	0	1
image	https://robotoys.eu/wooden-3d-puzzle/architecture/wooden-3d-puzzle-victory-arch-little-story-e011-p123	0	1	0	1
image	https://robotoys.eu/wooden-3d-puzzle/architecture/wooden-mechanical-3d-puzzle-windmill-eco-wood-art-p154	0	1	0	3
imagen 3 d	https://es.robotoys.eu/rompecabezas-3d-de-madera/vehiculos/modelo-de-locomotora-de-vapor-rokr-mc501-p13	0	1	0	4
imagenes	https://es.robotoys.eu/rompecabezas-3d-de-madera/vehiculos	0	1	0	42
imagenes	https://robotoys.eu/wooden-3d-puzzle/the-animals/wooden-3d-puzzle-giraffe-little-story-d013-p121	0	1	0	1
imagens	https://pt.robotoys.eu/quebra-cabeca-3d-de-madeira/veiculos/balao-de-ar-quente-rolife-tg406-p84	0	1	0	2
imitacja książek	https://pl.robotoys.eu/miniaturowe-domki/kacik-ksiazek	0	1	0	25
immagine	https://it.robotoys.eu/case-in-miniatura/angolo-dei-libri/inserto-libreria-via-di-natale-rolife-tgc06-p139	0	1	0	28
immagine	https://it.robotoys.eu/puzzle-3d-in-legno/architettura/puzzle-3d-in-legno-porta-di-brandeburgo-little-story-e015-p125	0	1	0	5
immagine kit	https://robotoys.eu/wooden-3d-puzzle/stem-lab/wooden-3d-puzzle-retro-telephone-eco-wood-art-p156	0	1	0	1
immagini	https://it.robotoys.eu/puzzle-3d-in-legno/architettura/modello-tower-bridge-con-illuminazione-led-rolife-tg412-p19	0	1	0	5
immagini	https://it.robotoys.eu/puzzle-3d-in-legno/gli-animali/puzzle-3d-in-legno-parasaurus-little-story-d008-p117	0	1	0	5
immagini	https://it.robotoys.eu/puzzle-3d-in-legno/orologi-calendari/orologio-gufo-rokr-lk503-p6	0	1	0	2
immagini	https://robotoys.eu/wooden-3d-puzzle/the-animals/wooden-3d-puzzle-parasaurus-little-story-d008-p117	0	1	0	13
impresora 3d madera	https://es.robotoys.eu/rompecabezas-3d-de-madera/stem-lab/puzzle-3d-mecanico-de-madera-impresora-clasica-rokr-lk602-p90	0	10	0	9.3
impresora madera	https://es.robotoys.eu/rompecabezas-3d-de-madera/stem-lab/puzzle-3d-mecanico-de-madera-impresora-clasica-rokr-lk602-p90	0	21	0	4
impresora madera 3d	https://es.robotoys.eu/rompecabezas-3d-de-madera/stem-lab/puzzle-3d-mecanico-de-madera-impresora-clasica-rokr-lk602-p90	0	16	0	6.94
impressora 3d madeira	https://pt.robotoys.eu/quebra-cabeca-3d-de-madeira/stem-lab/quebra-cabeca-3d-mecanico-de-madeira-impressora-classica-rokr-lk602-p90	0	9	0	5.22
impressora de madeira 3d	https://pt.robotoys.eu/quebra-cabeca-3d-de-madeira/stem-lab/quebra-cabeca-3d-mecanico-de-madeira-impressora-classica-rokr-lk602-p90	0	2	0	3
impressora madeira	https://pt.robotoys.eu/quebra-cabeca-3d-de-madeira/stem-lab/quebra-cabeca-3d-mecanico-de-madeira-impressora-classica-rokr-lk602-p90	0	1	0	10
in europe	https://robotoys.eu/brands/rolife	0	1	0	5
in temu	https://robotoys.eu/wooden-3d-puzzle/vehicles/wooden-3d-puzzle-road-cylinder-model-rokr-tg701k-p49	0	1	0	9
in wroclaw	https://pl.robotoys.eu/miniaturowe-domki/miniaturowe-pokoje/biblioteka-do-nauki-sama-rolife-dg102-p86	0	1	0	4
individualiteit puzzel	https://nl.robotoys.eu/houten-3d-puzzel/voertuigen/houten-3d-puzzel-yankee-chopper-little-story-e024-p176	0	1	0	9
informationen tower bridge	https://de.robotoys.eu/bloggen/die-geschichte-der-beruhmten-tower-bridge-wie-sie-london-zu-ihnen-nach-hause-holen	0	1	0	49
informationen über die tower bridge	https://de.robotoys.eu/bloggen/die-geschichte-der-beruhmten-tower-bridge-wie-sie-london-zu-ihnen-nach-hause-holen	0	1	0	40
informationen über tower bridge	https://de.robotoys.eu/bloggen/die-geschichte-der-beruhmten-tower-bridge-wie-sie-london-zu-ihnen-nach-hause-holen	0	1	0	37
inglaterra tower bridge	https://pt.robotoys.eu/blogue/a-historia-da-famosa-tower-bridge-como-levar-londres-para-a-sua-casa	0	1	0	13
inne	https://pl.robotoys.eu/marki/rolife	0	1	0	2
inne	https://pl.robotoys.eu/miniaturowe-domki/miniaturowe-pokoje/szklarnia-pani-cathy-rolife-dg104-p28	0	1	0	8
instrucciones	https://es.robotoys.eu/rompecabezas-3d-de-madera/flores/puzzle-3d-de-madera-lirio-rosa-rowood-tw071-p144	0	1	0	6
instrucciones	https://es.robotoys.eu/rompecabezas-3d-de-madera/los-animales/puzzle-3d-de-madera-abeja-little-story-d001-p128	0	1	0	19
instructions	https://robotoys.eu/wooden-3d-puzzle/architecture/wooden-mechanical-3d-puzzle-windmill-eco-wood-art-p154	0	1	0	16
instrukcja	https://pl.robotoys.eu/miniaturowe-domki/sklepy-z-miniaturami/sklep-czarownic-kiki-rolife-dg155-p31	0	1	0	2
instrumentos musicais 3d	https://pt.robotoys.eu/quebra-cabeca-3d-de-madeira/instrumentos-musicais	0	1	0	5
intertoys 3d puzzel	https://nl.robotoys.eu/houten-3d-puzzel-minder-dan-100-stuks	0	1	0	33
inventeur puzzle	https://fr.robotoys.eu/blog/histoire-des-puzzles-en-bois-3d-des-debuts-a-nos-jours	0	2	0	17.5
invernadero miniatura	https://es.robotoys.eu/casas-en-miniatura/habitaciones-en-miniatura/invernadero-de-la-sra-cathy-rolife-dg104-p28	0	5	0	1.6
invernadero rolife	https://es.robotoys.eu/casas-en-miniatura/habitaciones-en-miniatura/invernadero-de-la-sra-cathy-rolife-dg104-p28	0	1	0	2
ipoh	https://robotoys.eu/wooden-3d-puzzle/clocks-calendars/romantic-note-wall-clock-rokr-lc701-p56	0	1	0	31
iris	https://it.robotoys.eu/puzzle-3d-in-legno/fiori/puzzle-3d-in-legno-iris-viola-rowood-tw121-p251	0	1	0	2
iris roxa	https://pt.robotoys.eu/quebra-cabeca-3d-de-madeira/flores/quebra-cabeca-3d-de-madeira-iris-roxa-rowood-tw121-p251	0	1	0	21
is building blocks fine motor skills	https://robotoys.eu/blog/5-advantages-of-creative-building-blocks-for-the-development-of-fine-motor-skills-and-concentration	0	1	0	11
is rokr a chinese company?	https://robotoys.eu/blog/rokr-your-entry-into-the-world-of-creativity-and-entertainment	0	2	0	11
is rokr legit	https://robotoys.eu/blog/rokr-your-entry-into-the-world-of-creativity-and-entertainment	0	1	0	31
is there a 3d puzzle?	https://robotoys.eu/blog/history-of-3d-wooden-puzzles-from-beginnings-to-the-present	0	1	0	1
is there a brand	https://robotoys.eu/wooden-3d-puzzle/flowers/wooden-3d-puzzle-sunflower-rowood-tw011-p113	0	1	0	14
isolering loftrum	https://dk.robotoys.eu/miniaturehuse/miniature-vaerelser/miniaturehus-doras-loftrum-rolife-dg12-p91	0	2	0	68
istoria	https://ro.robotoys.eu/blog/povestea-celebrului-tower-bridge-cum-sa-aduci-londra-acasa	0	1	0	1
it looked like this	https://robotoys.eu/wooden-3d-puzzle/the-animals/wooden-3d-puzzle-t-rex-little-story-d006-p115	0	1	0	11
italiensk restaurant københavn bedst bedømte	https://dk.robotoys.eu/bedst-bedomte-miniaturehuse	0	1	0	23
ja	https://de.robotoys.eu/3d-puzzle-aus-holz/fahrzeuge/mechanisches-3d-puzzle-aus-holz-feuerwehrauto-eco-wood-art-p208	0	1	0	24
ja	https://robotoys.eu/wooden-3d-puzzle/musical-instruments	0	1	0	5
ja tack	https://se.robotoys.eu/miniatyrhus/miniatyrrum/mr-millers-tradgard-rolife-dg108-p23	0	1	0	32
jacht 3d	https://pl.robotoys.eu/drewniane-puzzle-3d/pojazdy/drewniane-puzzle-3d-jacht-little-story-d015-p129	0	9	0	2.22
jachtvoertuigen	https://nl.robotoys.eu/houten-3d-puzzel/voertuigen/houten-3d-puzzel-jacht-little-story-d015-p129	0	1	0	2
jah	https://ee.robotoys.eu/puidust-3d-pusle	0	1	0	5
jak na stres	https://cz.robotoys.eu/blog/jak-se-zbavit-stresu-10-ucinnych-tipu	0	2	0	52
jak se uklidnit ve stresu	https://cz.robotoys.eu/blog/jak-se-zbavit-stresu-10-ucinnych-tipu	0	1	0	30
jak se uvolnit a zbavit se stresu	https://cz.robotoys.eu/blog/jak-se-zbavit-stresu-10-ucinnych-tipu	0	2	0	19
jak se vyhnout stresu	https://cz.robotoys.eu/blog/jak-se-zbavit-stresu-10-ucinnych-tipu	0	2	0	30
jak se vyvarovat stresu	https://cz.robotoys.eu/blog/jak-se-zbavit-stresu-10-ucinnych-tipu	0	1	0	46
jak se zbavit nervozity	https://cz.robotoys.eu/blog/jak-se-zbavit-stresu-10-ucinnych-tipu	0	3	0	28.33
jak se zbavit nervozity a stresu	https://cz.robotoys.eu/blog/jak-se-zbavit-stresu-10-ucinnych-tipu	0	1	0	28
jak se zbavit stresu	https://cz.robotoys.eu/blog/jak-se-zbavit-stresu-10-ucinnych-tipu	0	17	0	24
jak se zbavit stresu a deprese	https://cz.robotoys.eu/blog/jak-se-zbavit-stresu-10-ucinnych-tipu	0	1	0	41
jak se zbavit stresu a strachu	https://cz.robotoys.eu/blog/jak-se-zbavit-stresu-10-ucinnych-tipu	0	1	0	30
jak się nazywa	https://pl.robotoys.eu/drewniane-puzzle-3d/architektura/drewniane-puzzle-3d-luk-zwyciestwa-little-story-e011-p123	0	1	0	30
jak się nazywa	https://pl.robotoys.eu/drewniane-puzzle-3d/pojazdy/drewniane-puzzle-3d-jacht-little-story-d015-p129	0	1	0	15
jak się nazywa	https://pl.robotoys.eu/drewniane-puzzle-3d/pojazdy/drewniane-puzzle-3d-statek-wycieczkowy-rolife-tg306-p87	0	1	0	16
jak snížit stres	https://cz.robotoys.eu/blog/jak-se-zbavit-stresu-10-ucinnych-tipu	0	4	0	47.75
jak sprawić, że mój dom będzie bardziej przytulny?	https://pl.robotoys.eu/blog/jak-wybrac-najlepsza-dekoracje-domu-porady-i-wskazowki	0	1	0	4
jak udělat holce radost	https://cz.robotoys.eu/blog/7-neodolatelnych-tipu-na-darky-pro-zenu	0	1	0	47
jak vybrat puzzle	https://cz.robotoys.eu/blog/drevene-3d-puzzle-jak-vybrat-svoji-prvni-stavebnice-a-na-co-se-pripravit	0	26	0	10.46
jak vypadá	https://cz.robotoys.eu/drevene-3d-puzzle/hraci-skrinky/elektricky-gramofon-rokr-lkb01d-p68	0	1	0	3
jak zvladat stres	https://cz.robotoys.eu/blog/jak-se-zbavit-stresu-10-ucinnych-tipu	0	11	0	50.18
jaka cena	https://pl.robotoys.eu/drewniane-puzzle-3d/architektura/podswietlana-wieza-eiffla-rolife-tgl01-p73	0	2	0	11
jaka jest wartość	https://pl.robotoys.eu/drewniane-puzzle-3d/pojazdy/drewniana-ukladanka-3d-jeep-little-story-d003-p167	0	1	0	20
jaka to firma	https://pl.robotoys.eu/drewniane-puzzle-3d/bronie/drewniana-mechaniczna-ukladanka-3d-mini-pistolet-rokr-lq502-p147	0	1	0	24
jaki to model	https://robotoys.eu/wooden-3d-puzzle/weapons/thompson-rokr-lqb01-p74	0	1	0	2
jakie modele rolife polecasz dla początkującego hobbysty?	https://pl.robotoys.eu/blog/drewniane-puzzle-3d-jak-wybrac-swoj-pierwszy-zestaw-do-budowania-i-na-co-sie-przygotowac	0	15	0	2
jakie modele rolife polecasz dla początkującego hobbysty?	https://pl.robotoys.eu/marki/rolife	0	2	0	2.5
jaky darek pro muze	https://cz.robotoys.eu/blog/darek-pro-muze-ktery-uz-vsechno-ma-24-originalnich-tipu-ktere-ho-opravdu-prekvapi	0	1	0	6
jaký dárek koupit muži	https://cz.robotoys.eu/blog/darek-pro-muze-ktery-uz-vsechno-ma-24-originalnich-tipu-ktere-ho-opravdu-prekvapi	0	1	0	7
japoński statek	https://pl.robotoys.eu/drewniane-puzzle-3d/pojazdy/drewniana-ukladanka-3d-japonski-statek-dyplomatyczny-rolife-tg307-p199	0	96	0	10.07
jardim miller	https://pt.robotoys.eu/casas-em-miniatura/quartos-em-miniatura/jardim-do-sr-miller-rolife-dg108-p23	0	2	0	11
jedinstvene darove	https://hr.robotoys.eu/ideje-za-darove/pokloni-za-njega	0	1	0	25
jeep little	https://ro.robotoys.eu/puzzle-3d-din-lemn/vehicule/puzzle-3d-din-lemn-jeep-little-story-d003-p167	0	1	0	1
jeep story pieces	https://fr.robotoys.eu/casse-tete-3d-en-bois/vehicules/puzzle-3d-en-bois-jeep-little-story-d003-p167	0	4	0	5.75
jeep story pieces	https://fr.robotoys.eu/casse-tete-3d-en-bois/vehicules/puzzle-3d-en-bois-jeep-militaire-little-story-e014-p170	0	14	0	4.86
jeftini pokloni za djecu	https://hr.robotoys.eu/najjeftiniji-pokloni-za-djecu	0	1	0	9
jen pro muze	https://cz.robotoys.eu/blog/nejlepsi-darek-pro-nej-originalni-s-dotekem-historie	0	1	0	10
jest nim tower bridge	https://pl.robotoys.eu/blog/the-story-of-the-famous-tower-bridge-how-to-bring-london-to-your-home	0	9	0	9.56
jigsaw puzzle	https://robotoys.eu/wooden-3d-puzzle/architecture/wooden-3d-puzzle-victory-arch-little-story-e011-p123	0	1	0	6
jigsaw puzzle tools	https://robotoys.eu/blog/10-tools-you-need-when-assembling-a-wooden-3d-puzzle	0	1	0	27
jogos de habilidades motoras	https://pt.robotoys.eu/blogue/top-5-atividades-que-apoiam-o-desenvolvimento-de-habilidades-motoras	0	10	0	7.4
jop	https://cz.robotoys.eu/drevene-3d-puzzle/vesmir/svitici-globus-rokr-st003-p3	0	1	0	3
journey puzzle	https://it.robotoys.eu/puzzle-3d-in-legno/veicoli/puzzle-3d-in-legno-sakura-journey-rolife-tgs02-p105	0	2	0	3
juguetes en miniatura para armar	https://es.robotoys.eu/casas-en-miniatura/tiendas-de-miniaturas	0	1	0	23
justice guard corsac m60	https://robotoys.eu/wooden-3d-puzzle/weapons/revolver-corsac-m60-rokr-lq401-p35	0	1	0	33
jàtèk	https://hu.robotoys.eu/blog/10-eszkoz-amire-szukseged-lesz-egy-fabol-keszult-3d-puzzle-osszeallitasahoz	0	1	0	1
játék ak 47	https://hu.robotoys.eu/fabol-keszult-3d-puzzle/fegyverek/ak-47-rifle-rokr-lq901-p67	0	2	0	1
játékszekrény	https://hu.robotoys.eu/fabol-keszult-3d-puzzle/zenei-dobozok/fabol-keszult-mechanikus-3d-puzzle-jatekszekreny-orpheus-rokr-am601-p82	0	1	0	30
jó	https://hu.robotoys.eu/miniatur-hazak/miniatur-uzletek/miniatur-haz-etterem-tipsy-rolife-dg167-p209	0	1	0	15
kado tip vrouw	https://nl.robotoys.eu/blog/7-onweerstaanbare-cadeau-ideeen-voor-vrouwen	0	1	0	63
kado tips vrouw	https://nl.robotoys.eu/blog/7-onweerstaanbare-cadeau-ideeen-voor-vrouwen	0	1	0	57
kadotips vrouwen	https://nl.robotoys.eu/blog/7-onweerstaanbare-cadeau-ideeen-voor-vrouwen	0	2	0	46.5
kaina	https://de.robotoys.eu/3d-puzzle-aus-holz/stem-lab/mechanisches-3d-puzzle-aus-holz-klassischer-drucker-rokr-lk602-p90	0	1	0	22
kaina	https://lt.robotoys.eu/medine-3d-delione/geles	0	1	0	6
kaina	https://lt.robotoys.eu/medine-3d-delione/geles/medine-3d-delione-raudonas-gvazdikas-rowood-tv052-p112	0	1	0	2
kaina	https://lt.robotoys.eu/medine-3d-delione/transporto-priemones/medine-3d-delione-kruizinis-laivas-rolife-tg306-p87	0	1	0	2
kaina	https://lt.robotoys.eu/medine-3d-delione/transporto-priemones/medinis-3d-deliones-rinkinys-kruizinis-laivas-little-story-e026-p229	0	1	0	19
kako kontrolirati stres	https://hr.robotoys.eu/blog/kako-se-rijesiti-stresa-10-ucinkovitih-savjeta	0	2	0	37.5
kako kontrolirati stres	https://si.robotoys.eu/blog/kako-se-znebiti-stresa-10-ucinkovitih-nasvetov	0	16	0	40.56
kako obvladati stres	https://si.robotoys.eu/blog/kako-se-znebiti-stresa-10-ucinkovitih-nasvetov	0	14	0	36.93
kako odpraviti stres	https://si.robotoys.eu/blog/kako-se-znebiti-stresa-10-ucinkovitih-nasvetov	0	27	0	22.96
kako odpraviti stres za vedno	https://si.robotoys.eu/blog/kako-se-znebiti-stresa-10-ucinkovitih-nasvetov	0	1	0	34
kako premagati stres	https://si.robotoys.eu/blog/kako-se-znebiti-stresa-10-ucinkovitih-nasvetov	0	21	0	36.67
kako se koristi	https://hr.robotoys.eu/drvena-3d-slagalica/cvijece/drvena-3d-puzzle-ruzicasta-ruza-rowood-tw041-p111	0	1	0	15
kako se riješiti stresa	https://hr.robotoys.eu/blog/kako-se-rijesiti-stresa-10-ucinkovitih-savjeta	0	1	0	20
kako to napraviti	https://hr.robotoys.eu/drvena-3d-slagalica/satovi-i-kalendari/vjecni-kalendar-rokr-lk201-p55	0	1	0	10
kako ublaziti stres	https://si.robotoys.eu/blog/kako-se-znebiti-stresa-10-ucinkovitih-nasvetov	0	17	0	39.65
kako zmanjšati stres	https://si.robotoys.eu/blog/kako-se-znebiti-stresa-10-ucinkovitih-nasvetov	0	28	0	31.75
kakukkos ora	https://hu.robotoys.eu/fabol-keszult-3d-puzzle/orak-naptarak/fa-mechanikus-3d-kirako-kakukkos-ora-rokr-lc901c-p198	0	6	0	1
kakukkos óra gyerekeknek	https://hu.robotoys.eu/fabol-keszult-3d-puzzle/orak-naptarak/fa-mechanikus-3d-kirako-kakukkos-ora-rokr-lc901c-p198	0	8	0	1
kalendrid	https://ee.robotoys.eu/puidust-3d-pusle/kellad-kalendrid	0	1	0	79
kalidora	https://lv.robotoys.eu/	0	1	0	67
kameelia	https://ee.robotoys.eu/puidust-3d-pusle/lilled/puidust-3d-pusle-punane-kameelia-rowood-tw031-p102	0	1	0	45
kan du säga fler	https://se.robotoys.eu/	0	1	0	2
kan du säga fler	https://se.robotoys.eu/blogg/3d-pussel-i-tra-hur-du-valjer-ditt-forsta-byggset-och-vad-du-ska-forbereda-dig-for	0	1	0	7
kan ni ge exempel på leksaker som hjälper barn med motoriska färdigheter?	https://se.robotoys.eu/blogg/top-5-aktiviteter-som-stodjer-utvecklingen-av-motorik	0	2	0	8.5
kannh	https://gr.robotoys.eu/ksylino-trisdiastato-pazl/opla/ksylino-mhxaniko-trisdiastato-pazl-polybolo-me-peristrefomenh-kannh-rokr-lqa01-p218	0	2	0	2
kannst du mal zeigen	https://de.robotoys.eu/3d-puzzle-aus-holz/stem-lab/marble-parkour-rokr-lg501-p42	0	1	0	1
karabin ak	https://pl.robotoys.eu/drewniane-puzzle-3d/bronie/karabin-ak-47-rokr-lq901-p67	0	1	0	1
karabin ak 47	https://pl.robotoys.eu/drewniane-puzzle-3d/bronie/karabin-ak-47-rokr-lq901-p67	0	10	0	3.1
karabin z drewna	https://pl.robotoys.eu/drewniane-puzzle-3d/bronie	0	6	0	11.17
karabin z drewna	https://pl.robotoys.eu/drewniane-puzzle-3d/bronie/karabin-ak-47-rokr-lq901-p67	0	1	0	1
karabiny z drewna	https://pl.robotoys.eu/drewniane-puzzle-3d/bronie	0	2	0	40
karrusell	https://se.robotoys.eu/3d-pussel-i-tra/speldosor/mekaniskt-3d-pussel-i-tra-klassisk-karusell-rolife-amc01-p146	0	1	0	8
karusell	https://se.robotoys.eu/3d-pussel-i-tra/speldosor/mekaniskt-3d-pussel-i-tra-klassisk-karusell-rolife-amc01-p146	0	189	0	14.13
karusrll	https://se.robotoys.eu/3d-pussel-i-tra/speldosor/mekaniskt-3d-pussel-i-tra-klassisk-karusell-rolife-amc01-p146	0	1	0	8
karuzela	https://pl.robotoys.eu/drewniane-puzzle-3d/pozytywki/drewniana-mechaniczna-ukladanka-3d-klasyczna-karuzela-rolife-amc01-p146	0	47	0	21.91
karácsony utca	https://hu.robotoys.eu/miniatur-hazak/konyvek-kucko/konyvespolc-betet-karacsony-utca-rolife-tgc06-p139	0	3	0	10.33
kas tai	https://lt.robotoys.eu/miniatiuriniai-namai/knygu-kampelis/knygu-lentynos-ideklas-pasaku-pramogu-parkas-rolife-tgb17-p257	0	1	0	3
kasseapparat boghandler	https://dk.robotoys.eu/miniaturehuse/miniature-butikker/miniature-hus-isbutik-honey-rolife-dg148-p65	0	1	0	75
kathy's greenhouse	https://robotoys.eu/miniature-houses/miniature-rooms/cathys-flower-house-rolife-dg104-p28	0	1	0	2
katonai terepjáró	https://hu.robotoys.eu/fabol-keszult-3d-puzzle/jarmuvek/fabol-keszult-3d-puzzle-katonai-terepjaro-rokr-mc701-p54	0	6	0	1
kavarna simon	https://si.robotoys.eu/miniaturne-hise/miniaturne-trgovine/kavarna-na-naslovu-simon-rolife-dg109-p64	0	5	0	8.8
kaç euro	https://robotoys.eu/wooden-3d-puzzle/music-boxes/music-box-magic-cello-rokr-amk63-p1	0	1	0	2
kde kouoit	https://cz.robotoys.eu/miniaturni-domecky/books-nook/vlozka-do-police-na-knihy-kvetinovy-koutek-rolife-tgb09-p108	0	1	0	16
kde koupit	https://cz.robotoys.eu/drevene-3d-puzzle/vozidla/drevene-3d-puzzle-lokomotiva-little-story-e012-p124	0	1	0	10
kde koupit	https://cz.robotoys.eu/miniaturni-domecky/miniaturni-obchody/miniaturni-domek-restaurace-tipsy-rolife-dg167-p209	0	1	0	23
kde koupit levně	https://cz.robotoys.eu/miniaturni-domecky/miniaturni-obchody/miniaturni-domek-restaurace-tipsy-rolife-dg167-p209	0	1	0	24
kde koupit levně	https://cz.robotoys.eu/miniaturni-domecky/miniaturni-pokoje/samova-studijni-knihovna-rolife-dg102-p86	0	1	0	10
kde kúpim?	https://robotoys.eu/wooden-3d-puzzle/architecture/illuminated-eiffel-tower-rolife-tgl01-p73	0	1	0	19
kerek születésnapi ajándék	https://hu.robotoys.eu/a-legdragabb-szuletesnapi-ajandekok	0	12	0	54.33
kerro tästä	https://robotoys.eu/miniature-houses/miniature-stores/simons-coffee-shop-rolife-dg109-p64	0	1	0	1
kiki	https://lv.robotoys.eu/miniaturas-majas/miniaturie-veikali/raganu-veikals-kiki-rolife-dg155-p31	0	1	0	93
kiki magic emporium	https://robotoys.eu/miniature-houses/miniature-stores/kikis-magic-emporium-rolife-dg155-p31	0	1	0	9
kiki miniature	https://it.robotoys.eu/case-in-miniatura/negozi-in-miniatura/negozio-di-streghe-kiki-rolife-dg155-p31	0	9	0	6.78
kiki tienda	https://es.robotoys.eu/casas-en-miniatura/tiendas-de-miniaturas/tienda-bruja-kiki-rolife-dg155-p31	0	2	0	14
kiki's magic emporium	https://robotoys.eu/miniature-houses/miniature-stores/kikis-magic-emporium-rolife-dg155-p31	0	4	0	13.25
kikis magic emporium	https://robotoys.eu/miniature-houses/miniature-stores/kikis-magic-emporium-rolife-dg155-p31	0	2	0	8.5
king bridge london	https://robotoys.eu/blog/the-story-of-the-famous-tower-bridge-how-to-bring-london-to-your-home	0	7	0	1.43
kingi	https://ee.robotoys.eu/kingi-ideid/kingitused-naisele?page=2	0	1	0	28
kingid naistele	https://ee.robotoys.eu/blogi/7-vastupandamatut-kingiideed-naistele	0	16	0	27.75
kingiidee mehele	https://ee.robotoys.eu/blogi/kingitus-mehele-kellel-on-juba-koik-olemas-24-originaalset-nippi-mis-teda-toeliselt-ullatavad	0	6	0	11.67
kingiidee naisele	https://ee.robotoys.eu/blogi/7-vastupandamatut-kingiideed-naistele	0	3	0	30.67
kingiideed jõuludeks	https://ee.robotoys.eu/kingi-ideid/kingitused-jouludeks?page=4	0	1	0	20
kingiideed jõuludeks	https://ee.robotoys.eu/koige-kallimad-kingitused-jouludeks	0	10	0	17.1
kingiideed jõuludeks	https://ee.robotoys.eu/korgelt-hinnatud-kingitused-jouludeks	0	7	0	22.57
kingiideed naistele	https://ee.robotoys.eu/blogi/7-vastupandamatut-kingiideed-naistele	0	74	0	17.77
kingitus mehele	https://ee.robotoys.eu/blogi/kingitus-mehele-kellel-on-juba-koik-olemas-24-originaalset-nippi-mis-teda-toeliselt-ullatavad	0	4	0	25.25
kingitus mehele kellel on kõik olemas	https://ee.robotoys.eu/blogi/kingitus-mehele-kellel-on-juba-koik-olemas-24-originaalset-nippi-mis-teda-toeliselt-ullatavad	0	27	0	9.41
kingitus naisele	https://ee.robotoys.eu/blogi/7-vastupandamatut-kingiideed-naistele	0	59	0	24.93
kingitus poistele	https://ee.robotoys.eu/enim-muudud-kingitused-meestele-ja-poistele	0	1	0	18
kingitused jõuludeks	https://ee.robotoys.eu/kingi-ideid/kingitused-jouludeks	0	3	0	2.67
kingitused lastele	https://ee.robotoys.eu/kingi-ideid/kingitused-lastele	0	13	0	16.46
kingitused lastele	https://ee.robotoys.eu/koige-kallimad-kingitused-lastele	0	3	0	8
kingitused meestele	https://ee.robotoys.eu/koige-populaarsemad-kingitused-meestele-ja-poistele	0	1	0	25
kingitused naisele	https://ee.robotoys.eu/blogi/7-vastupandamatut-kingiideed-naistele	0	1	0	30
kingitused naistele	https://ee.robotoys.eu/blogi/7-vastupandamatut-kingiideed-naistele	0	64	0	29.69
kingitused naistele	https://ee.robotoys.eu/koige-kallimad-kingitused-naistele-ja-tudrukutele?page=3	0	13	0	16.38
kingitused naistele	https://ee.robotoys.eu/koige-populaarsemad-kingitused-naistele-ja-tudrukutele?page=3	0	8	0	18.25
kingituste maksustamine	https://ee.robotoys.eu/puidust-3d-pusle/stem-lab/puidust-mehaaniline-3d-pusle-unistuste-kingituste-tehas-rokr-eab01-p202	0	1	0	31
kit casa miniatura	https://es.robotoys.eu/casas-en-miniatura/tiendas-de-miniaturas	0	53	0	18.85
kit casa miniatura	https://pt.robotoys.eu/casas-em-miniatura	0	2	0	9.5
kit casa miniatura	https://pt.robotoys.eu/casas-em-miniatura/lojas-de-miniaturas	0	2	0	8.5
kit complet	https://fr.robotoys.eu/maisons-miniatures/coin-livres/bookstore-rolife-tgb07-p76	0	1	0	16
kit construcción miniatura	https://es.robotoys.eu/casas-en-miniatura/tiendas-de-miniaturas	0	1	0	22
kit construção miniatura	https://pt.robotoys.eu/casas-em-miniatura	0	2	0	9
kit costruzione case in miniatura	https://it.robotoys.eu/case-in-miniatura	0	1	0	11
kit costruzione case in miniatura legno	https://it.robotoys.eu/case-in-miniatura	0	3	0	14.67
kit costruzione case in miniatura legno	https://it.robotoys.eu/case-in-miniatura/negozi-in-miniatura/casa-in-miniatura-ristorante-tipsy-rolife-dg167-p209	0	2	0	9.5
kit de construção miniatura	https://pt.robotoys.eu/casas-em-miniatura	0	1	0	9
kit di costruzione	https://it.robotoys.eu/blog/piccola-storia-kit-di-costruzione-3d-che-uniscono-creativita-divertimento-e-qualita	0	1	0	3
kits	https://pt.robotoys.eu/quebra-cabeca-3d-de-madeira/flores/quebra-cabeca-3d-de-madeira-orquidea-borboleta-roxa-rowood-tw091-p194	0	1	0	1
klassieke puzzel	https://nl.robotoys.eu/houten-3d-puzzel/stem-lab/houten-mechanische-3d-puzzel-mechanische-typemachine-klassieke-versie-rokr-lk703b-p265	0	1	0	47
klassieke puzzel	https://nl.robotoys.eu/houten-3d-puzzel/voertuigen/houten-3d-puzzel-klassieke-stadstram-rokr-lk801-p88	0	1	0	74
klocki 3d	https://pl.robotoys.eu/drewniane-puzzle-3d/architektura/drewniane-puzzle-3d-sagrada-familia-little-story-e018-p133	0	1	0	5
kluriga träpussel lösningar	https://se.robotoys.eu/blogg/fa-din-hjarna-i-rorelse-med-mekaniska-3d-pussel-i-tra	0	1	0	1
knjižni kotiček	https://si.robotoys.eu/miniaturne-hise/knjige-nook/knjizni-vlozek-cvetlicni-koticek-rolife-tgb09-p108	0	1	0	19
knutselen volwassenen decoratie	https://pt.robotoys.eu/casas-em-miniatura/lojas-de-miniaturas/casa-em-miniatura-restaurante-tipsy-rolife-dg167-p209	0	1	0	7
koets puzzel	https://nl.robotoys.eu/houten-3d-puzzel/voertuigen/houten-3d-puzzel-koninklijke-koets-rolife-tg302-p62	0	19	0	7.53
koka puzles	https://lv.robotoys.eu/koka-3d-puzle	0	1	0	24
kokia kaina?	https://robotoys.eu/miniature-houses/miniature-stores/simons-coffee-shop-rolife-dg109-p64	0	1	0	24
kolibrii	https://dk.robotoys.eu/puslespil-konkurrence/kolibri-i-en-blomstrende-have-259	0	1	0	15
koloseum 3d	https://cz.robotoys.eu/drevene-3d-puzzle/architektura/drevene-3d-puzzle-koloseum-little-story-e016-p126	0	1	0	1
koloseum puzzle 3d	https://pl.robotoys.eu/drewniane-puzzle-3d/architektura/drewniane-puzzle-3d-koloseum-little-story-e016-p126	0	3	0	2.67
kolosseum 3d puzzle	https://de.robotoys.eu/3d-puzzle-aus-holz/die-architektur/3d-puzzle-aus-holz-colosseum-little-story-e016-p126	0	2	0	13.5
kolosseum modell	https://de.robotoys.eu/3d-puzzle-aus-holz/die-architektur/3d-puzzle-aus-holz-colosseum-little-story-e016-p126	0	8	0	10.75
kombajn crtez	https://hr.robotoys.eu/drvena-3d-slagalica/vozila/drvena-mehanicka-3d-slagalica-kombajn-za-zito-gh800-eco-wood-art-p160	0	1	0	1
kombajn kresba	https://cz.robotoys.eu/drevene-3d-puzzle/vozidla/drevene-mechanicke-3d-puzzle-kombajn-pro-sber-obili-gh800-eco-wood-art-p160	0	3	0	1
koordinációs képességek	https://hu.robotoys.eu/blog/a-motoros-kepessegek-fejleszteset-tamogato-top-5-tevekenyseg	0	1	0	54
koparka 3d	https://pl.robotoys.eu/drewniane-puzzle-3d/pojazdy/drewniana-ukladanka-3d-koparka-rokr-tg508k-p197	0	21	0	4.67
kopen nederland	https://nl.robotoys.eu/houten-3d-puzzel/muziekinstrumenten/houten-3d-puzzel-cello-rolife-tg411-p85	0	1	0	21
kosten	https://de.robotoys.eu/miniaturhauser/miniaturraume/mr-millers-garden-rolife-dg108-p23	0	1	0	4
kreativa presenter till flickvän	https://se.robotoys.eu/blogg	0	1	0	28
kreativní dárek pro ženu	https://cz.robotoys.eu/blog/7-neodolatelnych-tipu-na-darky-pro-zenu	0	5	0	16
kruiisilaev	https://ee.robotoys.eu/puidust-3d-pusle/soidukid/puidust-3d-pusle-kruiisilaev-little-story-e026-p229	0	1	0	16
królewski powóz	https://pl.robotoys.eu/drewniane-puzzle-3d/pojazdy/drewniane-puzzle-3d-powoz-krolewski-rolife-tg302-p62	0	2	0	9
kröyer	https://robotoys.eu/brands/rokr	0	1	0	43
ktore lepsze	https://pl.robotoys.eu/miniaturowe-domki/sklepy-z-miniaturami/kawiarnia-u-szymon-rolife-dg109-p64	0	1	0	34
które miniaturowe domki do składania mają najwięcej elementów w cenie do 200 złotych?	https://pl.robotoys.eu/najpopularniejsze-domy-miniaturowe	0	19	0	9.53
kui kallis	https://ee.robotoys.eu/puidust-3d-pusle/lilled/puidust-3d-pusle-punane-kameelia-rowood-tw031-p102	0	1	0	19
kur pirkti	https://lt.robotoys.eu/medine-3d-delione/laikrodziai-kalendoriai/medinis-mechaninis-3d-deliones-komplektas-gegutes-laikrodis-rokr-lc901c-p198	0	1	0	3
kur pirkti kaina	https://lt.robotoys.eu/medine-3d-delione/laikrodziai-kalendoriai/medinis-mechaninis-3d-deliones-komplektas-gegutes-laikrodis-rokr-lc901c-p198	0	1	0	2
kur pirkti kaina	https://robotoys.eu/wooden-3d-puzzle/clocks-calendars/wooden-mechanical-3d-puzzle-cuckoo-clock-rokr-lc901c-p198	0	1	0	26
kust saab osta?	https://ee.robotoys.eu/miniatuursed-majad/raamatud-nook	0	1	0	6
kuulipilduja	https://ee.robotoys.eu/puidust-3d-pusle/relvad/puidust-mehaaniline-3d-pusle-poorleva-toruga-kuulipilduja-rokr-lqa01-p218	0	5	0	5.2
kuulus sild	https://ee.robotoys.eu/blogi/lugu-kuulsast-tower-bridgeist-kuidas-tuua-london-oma-koju	0	1	0	7
kuumaõhupall	https://ee.robotoys.eu/puidust-3d-pusle/soidukid/kuumaohupall-rolife-tg406-p84	0	1	0	10
kuva	https://robotoys.eu/miniature-houses/miniature-rooms/sams-study-library-rolife-dg102-p86	0	1	0	1
kučiće vrijeme	https://hr.robotoys.eu/minijaturne-kucice-vrijeme-sastavljanja-unutar-1-do-3-sata	0	1	0	13
kw401	https://de.robotoys.eu/3d-puzzle-aus-holz/waffen/ballista-der-belagerungsmaschine-rokr-kw401-p15	0	3	0	2.67
kw401	https://es.robotoys.eu/rompecabezas-3d-de-madera/armas/maquina-de-asedio-balista-rokr-kw401-p15	0	2	0	5
kwiatek z drewna	https://pl.robotoys.eu/drewniane-puzzle-3d/kwiaty	0	2	0	32
kwiaty 3 d	https://pl.robotoys.eu/drewniane-puzzle-3d/kwiaty	0	4	0	8.25
kwiaty do skladania	https://pl.robotoys.eu/drewniane-puzzle-3d/kwiaty	0	2	0	2.5
kwiaty do składania	https://pl.robotoys.eu/drewniane-puzzle-3d/kwiaty	0	16	0	4.69
kwiaty drewniane	https://pl.robotoys.eu/drewniane-puzzle-3d/kwiaty	0	7	0	12.29
kwiaty z drewna	https://pl.robotoys.eu/drewniane-puzzle-3d/kwiaty	0	14	0	11.43
kytice ze dřeva	https://cz.robotoys.eu/drevene-3d-puzzle/kvety/drevene-3d-puzzle-kytice-kvetin-rowood-tw01h-p100	0	1	0	4
kängurus puzzle	https://es.robotoys.eu/rompecabezas-3d-de-madera/los-animales/puzzle-3d-de-madera-canguro-little-story-d014-p122	0	1	0	71
käokell	https://ee.robotoys.eu/puidust-3d-pusle/kellad-kalendrid/puidust-mehaaniline-3d-pusle-kaokell-rokr-lc901c-p198	0	12	0	4.83
képek ezekről	https://hu.robotoys.eu/fabol-keszult-3d-puzzle/fegyverek/ak-47-rifle-rokr-lq901-p67	0	1	0	46
képekkel	https://hu.robotoys.eu/fabol-keszult-3d-puzzle/az-allatok/fa-3d-puzzle-stegosaurus-little-story-d010-p118	0	1	0	10
képesség fejlesztés	https://hu.robotoys.eu/blog/a-motoros-kepessegek-fejleszteset-tamogato-top-5-tevekenyseg	0	2	0	44
kézügyesség fejlesztése	https://hu.robotoys.eu/blog/a-motoros-kepessegek-fejleszteset-tamogato-top-5-tevekenyseg	0	2	0	79
könig charles iii.	https://de.robotoys.eu/bloggen/die-geschichte-der-beruhmten-tower-bridge-wie-sie-london-zu-ihnen-nach-hause-holen	0	1	0	3
königskutsche	https://de.robotoys.eu/3d-puzzle-aus-holz/fahrzeuge/3d-puzzle-aus-holz-konigskutsche-rolife-tg302-p62	0	1	0	1
könyv ajándékba	https://hu.robotoys.eu/blog/a-legjobb-ajandek-neki-varazslatos-sarok-a-konyvek-szerelmeseinek	0	2	0	18
köpa från temu	https://se.robotoys.eu/miniatyrhus/bocker-nook/bokhyllinsats-holiday-cafe-rolife-tgb15-p225	0	1	0	20
különleges fa puzzle	https://hu.robotoys.eu/fabol-keszult-3d-puzzle	0	5	0	12
kütyük férfiaknak	https://hu.robotoys.eu/a-legkeresettebb-ajandekok-ferfiaknak-es-fiuknak	0	1	0	39
la fabrica de regalos	https://es.robotoys.eu/rompecabezas-3d-de-madera/stem-lab/rompecabezas-mecanico-3d-de-madera-fabrica-de-regalos-de-ensueno-rokr-eab01-p202	0	27	0	22.26
la maison des miniatures	https://fr.robotoys.eu/les-maisons-miniatures-les-plus-vendues	0	31	0	8.29
la sagrada familia puzzle	https://de.robotoys.eu/3d-puzzle-aus-holz/die-architektur/3d-puzzle-aus-holz-sagrada-familia-little-story-e018-p133	0	2	0	6
la tienda de la bruja	https://es.robotoys.eu/casas-en-miniatura/tiendas-de-miniaturas/tienda-bruja-kiki-rolife-dg155-p31	0	2	0	8.5
la torre de pisa maqueta	https://es.robotoys.eu/rompecabezas-3d-de-madera/arquitectura/maqueta-de-la-torre-inclinada-de-pisa-rolife-tg304-p37	0	2	0	14
lav stori	https://hr.robotoys.eu/drvena-3d-slagalica/zivotinje/drvena-3d-puzzle-lav-little-story-d011-p119	0	1	0	81
lavlittle	https://hr.robotoys.eu/drvena-3d-slagalica/zivotinje/drvena-3d-puzzle-lav-little-story-d011-p119	0	1	0	8
lc601	https://robotoys.eu/wooden-3d-puzzle/clocks-calendars/wall-clock-zodiac-rokr-lc601-p52	0	2	0	7.5
lc701	https://hu.robotoys.eu/puzzle-verseny/romantikus-faliora-rokr-lc701-56	0	1	0	3
lc701	https://nl.robotoys.eu/houten-3d-puzzel/klokken-kalenders/romantische-wandklok-rokr-lc701-p56	0	1	0	10
lc701	https://robotoys.eu/puzzle-competition/romantic-note-wall-clock-rokr-lc701-56	0	1	0	10
lc701	https://robotoys.eu/wooden-3d-puzzle/clocks-calendars/romantic-note-wall-clock-rokr-lc701-p56	0	1	0	8
lc801	https://es.robotoys.eu/rompecabezas-3d-de-madera/relojes-y-calendarios/puzzle-3d-de-madera-calendario-de-mesa-rokr-lc801-p44	0	1	0	4
lc801	https://lv.robotoys.eu/puzles-konkurss/galda-kalendars-rokr-lc801-44	0	1	0	5
lc801	https://se.robotoys.eu/3d-pussel-i-tra/klockor-kalendrar/tra-3d-pussel-bordskalender-rokr-lc801-p44	0	1	0	69
lc901	https://fr.robotoys.eu/casse-tete-3d-en-bois/horloges-et-calendriers/puzzle-mecanique-3d-en-bois-horloge-a-coucou-couleur-bois-rokr-lc901-p217	0	3	0	1.33
lc901	https://gr.robotoys.eu/ksylino-trisdiastato-pazl/rologia-hmerologia/ksylino-mhxaniko-trisdiastato-pazl-roloi-koykos-ksylino-xrwma-rokr-lc901-p217	0	1	0	10
lc901	https://nl.robotoys.eu/houten-3d-puzzel/klokken-kalenders/houten-mechanische-3d-puzzel-koekoeksklok-houtkleur-rokr-lc901-p217	0	1	0	12
lc901c	https://de.robotoys.eu/3d-puzzle-aus-holz/uhren-kalender/mechanisches-3d-puzzle-aus-holz-kuckucksuhr-rokr-lc901c-p198	0	1	0	8
lc901c	https://es.robotoys.eu/rompecabezas-3d-de-madera/relojes-y-calendarios/rompecabezas-mecanico-3d-de-madera-reloj-de-cuco-rokr-lc901c-p198	0	1	0	6
lc901c	https://fr.robotoys.eu/casse-tete-3d-en-bois/horloges-et-calendriers/puzzle-mecanique-3d-en-bois-horloge-a-coucou-rokr-lc901c-p198	0	2	0	3.5
lc901c	https://nl.robotoys.eu/houten-3d-puzzel/klokken-kalenders/houten-mechanische-3d-puzzel-koekoeksklok-rokr-lc901c-p198	0	1	0	8
lc901c	https://pl.robotoys.eu/drewniane-puzzle-3d/zegary-i-kalendarze/drewniana-mechaniczna-ukladanka-3d-zegar-z-kukulka-rokr-lc901c-p198	0	1	0	2
lc901c	https://robotoys.eu/puzzle-competition/cuckoo-clock-rokr-lc901c-198	0	1	0	8
lc901c	https://robotoys.eu/wooden-3d-puzzle/clocks-calendars/wooden-mechanical-3d-puzzle-cuckoo-clock-rokr-lc901c-p198	0	2	0	7.5
le pont bridge	https://fr.robotoys.eu/blog/lhistoire-du-celebre-tower-bridge-comment-amener-londres-chez-vous	0	1	0	26
le pont tower bridge	https://fr.robotoys.eu/blog/lhistoire-du-celebre-tower-bridge-comment-amener-londres-chez-vous	0	1	0	15
le tecniche per rilassarsi	https://it.robotoys.eu/blog/come-liberarsi-dello-stress-10-consigli-efficaci	0	1	0	23
le tower bridge	https://fr.robotoys.eu/blog/lhistoire-du-celebre-tower-bridge-comment-amener-londres-chez-vous	0	4	0	20.25
leao acabado	https://pt.robotoys.eu/quebra-cabeca-3d-de-madeira/os-animais/quebra-cabeca-3d-de-madeira-leao-little-story-d011-p119	0	2	0	1
legendäre maschinen	https://de.robotoys.eu/bloggen/world-of-tanks-jetzt-in-ihrem-regal	0	1	0	37
legjobb ajándék	https://hu.robotoys.eu/blog/a-legjobb-ajandek-neki-eredeti-egy-kis-tortenelemmel	0	29	0	16.31
legjobb valentin napi ajándék	https://hu.robotoys.eu/blog/5-legjobb-valentin-napi-ajandek-ami-mindenkinek-tetszeni-fog	0	4	0	19
legno	https://it.robotoys.eu/puzzle-3d-in-legno/strumenti-musicali	0	1	0	2
legno 3d	https://it.robotoys.eu/puzzle-3d-in-legno/architettura/puzzle-3d-in-legno-sagrada-familia-little-story-e018-p133	0	13	0	1.38
legnomaz	https://it.robotoys.eu/marche/eco-wood-art	0	12	0	9.67
legnomaz	https://it.robotoys.eu/puzzle-3d-in-legno/veicoli/puzzle-meccanico-3d-in-legno-maz-5309rr-eco-wood-art-p153	0	15	0	9.2
lego 3d architecture puzzle	https://robotoys.eu/wooden-3d-puzzle/architecture	0	1	0	27
lejon 3d	https://se.robotoys.eu/3d-pussel-i-tra/djuren/tra-3d-pussel-lejon-little-story-d011-p119	0	18	0	1.83
lemmet puzzel	https://nl.robotoys.eu/blog/10-gereedschappen-die-je-nodig-hebt-bij-het-samenstellen-van-een-houten-3d-puzzel	0	33	0	9.18
leone 3d	https://it.robotoys.eu/puzzle-3d-in-legno/gli-animali/puzzle-3d-in-legno-leone-little-story-d011-p119	0	6	0	7
leone 3d in casa	https://it.robotoys.eu/puzzle-3d-in-legno/gli-animali/puzzle-3d-in-legno-leone-little-story-d011-p119	0	1	0	15
leone wood	https://it.robotoys.eu/puzzle-3d-in-legno/gli-animali/puzzle-3d-in-legno-leone-little-story-d011-p119	0	1	0	27
leopard 1	https://cz.robotoys.eu/drevene-3d-puzzle/vozidla/drevene-3d-puzzle-tank-leopard-1-little-story-wot07-p179	0	3	0	1
leopard 1	https://nl.robotoys.eu/houten-3d-puzzel/voertuigen/houten-3d-puzzel-tank-leopard-1-little-story-wot07-p179	0	1	0	5
leopard 1 3d	https://cz.robotoys.eu/drevene-3d-puzzle/vozidla/drevene-3d-puzzle-tank-leopard-1-little-story-wot07-p179	0	1	0	4
leopard 1 3d	https://robotoys.eu/wooden-3d-puzzle/vehicles/wooden-3d-puzzle-tank-leopard-1-little-story-wot07-p179	0	2	0	7
leopard 1 3d model	https://nl.robotoys.eu/houten-3d-puzzel/voertuigen/houten-3d-puzzel-tank-leopard-1-little-story-wot07-p179	0	3	0	18.33
leopard 1 3d model	https://pl.robotoys.eu/drewniane-puzzle-3d/pojazdy/drewniana-ukladanka-3d-tank-leopard-1-little-story-wot07-p179	0	3	0	22
leopard 1 3d model	https://robotoys.eu/wooden-3d-puzzle/vehicles/wooden-3d-puzzle-tank-leopard-1-little-story-wot07-p179	0	1	0	2
leopard 1 model	https://cz.robotoys.eu/drevene-3d-puzzle/vozidla/drevene-3d-puzzle-tank-leopard-1-little-story-wot07-p179	0	2	0	1
leopard 1 model	https://nl.robotoys.eu/houten-3d-puzzel/voertuigen/houten-3d-puzzel-tank-leopard-1-little-story-wot07-p179	0	1	0	1
leoparden puzzle	https://de.robotoys.eu/3d-puzzle-aus-holz/fahrzeuge/holz-3d-puzzle-panzer-leopard-1-little-story-wot07-p179	0	4	0	28.25
lesen šopek	https://si.robotoys.eu/blog/lesen-sopek-ki-nikoli-ne-oveni-odkrijte-carobnost-3d-cvetlicnih-sestavljank	0	3	0	3
lesen šopek	https://si.robotoys.eu/lesena-3d-sestavljanka/roze/lesena-3d-sestavljanka-sopek-roz-rowood-tw01h-p100	0	1	0	1
lesen šopek s posvetilom	https://si.robotoys.eu/blog/lesen-sopek-ki-nikoli-ne-oveni-odkrijte-carobnost-3d-cvetlicnih-sestavljank	0	6	0	7.17
lesena mansardna hiša	https://si.robotoys.eu/miniaturne-hise-visoka-tezavnost	0	1	0	75
lesena sestavljanka	https://si.robotoys.eu/lesena-3d-sestavljanka	0	22	0	6.86
lesene mini hiške	https://si.robotoys.eu/miniaturne-hise	0	7	0	71.14
lesene mini hiške	https://si.robotoys.eu/prodaja-miniaturnih-his	0	7	0	56
lesene puzzle	https://si.robotoys.eu/lesena-3d-sestavljanka	0	2	0	14.5
lesene sestavljanke	https://si.robotoys.eu/lesena-3d-sestavljanka	0	26	0	6.38
leu 3d	https://ro.robotoys.eu/puzzle-3d-din-lemn/animalele/puzzle-3d-din-lemn-leu-little-story-d011-p119	0	1	0	19
leuk cadeau vrouw	https://nl.robotoys.eu/blog/7-onweerstaanbare-cadeau-ideeen-voor-vrouwen	0	2	0	3
lev 3d	https://cz.robotoys.eu/drevene-3d-puzzle/zvirata/drevene-3d-puzzle-lev-little-story-d011-p119	0	4	0	5.5
lg501	https://dk.robotoys.eu/trae-3d-puslespil/stem-lab/marble-parkour-rokr-lg501-p42	0	1	0	3
lg501	https://fr.robotoys.eu/casse-tete-3d-en-bois/stem-lab/marble-parkour-rokr-lg501-p42	0	4	0	5.75
lg501	https://gr.robotoys.eu/ksylino-trisdiastato-pazl/stem-lab/marble-parkour-rokr-lg501-p42	0	2	0	21
lg501	https://it.robotoys.eu/puzzle-3d-in-legno/stem-lab/marmo-parkour-rokr-lg501-p42	0	6	0	7.5
lg501	https://pl.robotoys.eu/drewniane-puzzle-3d/stem-lab/marmur-parkour-rokr-lg501-p42	0	1	0	3
lg501	https://pt.robotoys.eu/quebra-cabeca-3d-de-madeira/stem-lab/marble-parkour-rokr-lg501-p42	0	1	0	29
lg501	https://robotoys.eu/wooden-3d-puzzle/stem-lab/marble-parkour-rokr-lg501-p42	0	4	0	13.75
lga01	https://es.robotoys.eu/rompecabezas-3d-de-madera/stem-lab/marble-night-city-rokr-lga01-p2	0	3	0	1.33
lga01	https://nl.robotoys.eu/houten-3d-puzzel/stem-lab/marble-night-city-rokr-lga01-p2	0	3	0	5.33
lga01	https://pt.robotoys.eu/quebra-cabeca-3d-de-madeira/stem-lab/marble-night-city-rokr-lga01-p2	0	1	0	2
lga01 marble night city	https://robotoys.eu/wooden-3d-puzzle/stem-lab/marble-night-city-rokr-lga01-p2	0	1	0	11
lga02	https://pl.robotoys.eu/drewniane-puzzle-3d/stem-lab/drewniane-mechaniczne-puzzle-3d-fabryka-czekolady-rokr-lga02-p75	0	1	0	2
library 3d puzzle	https://robotoys.eu/wooden-3d-puzzle/architecture/wooden-3d-puzzle-library-by-the-seashore-p261	0	1	0	7
libreria arcade	https://it.robotoys.eu/case-in-miniatura/angolo-dei-libri/inserto-per-libreria-arcade-dating-rolife-tgb10-p148	0	3	0	4.67
libreria casetta	https://it.robotoys.eu/case-in-miniatura/angolo-dei-libri	0	10	0	12.6
libreria en miniatura	https://es.robotoys.eu/casas-en-miniatura/habitaciones-en-miniatura/biblioteca-de-estudio-de-sam-rolife-dg102-p86	0	20	0	2.55
libreria in miniatura	https://it.robotoys.eu/case-in-miniatura/angolo-dei-libri	0	16	0	10.81
libreria in miniatura	https://it.robotoys.eu/case-in-miniatura/camere-in-miniatura/biblioteca-studio-di-sam-rolife-dg102-p86	0	12	0	1.17
libreria in miniatura fai da te	https://it.robotoys.eu/case-in-miniatura/camere-in-miniatura/biblioteca-studio-di-sam-rolife-dg102-p86	0	3	0	1.67
libreria mini	https://it.robotoys.eu/case-in-miniatura/angolo-dei-libri	0	1	0	3
libreria miniatura	https://es.robotoys.eu/casas-en-miniatura/habitaciones-en-miniatura/biblioteca-de-estudio-de-sam-rolife-dg102-p86	0	32	0	1.91
libreria miniatura	https://es.robotoys.eu/casas-en-miniatura/rincon-de-libros	0	1	0	24
libreria miniatura	https://it.robotoys.eu/case-in-miniatura/angolo-dei-libri	0	13	0	7.54
libreria sakura	https://it.robotoys.eu/case-in-miniatura/angolo-dei-libri/sakura-densya-rolife-tgb01-p29	0	1	0	9
librería miniatura	https://es.robotoys.eu/casas-en-miniatura/habitaciones-en-miniatura/biblioteca-de-estudio-de-sam-rolife-dg102-p86	0	8	0	2.5
lichtgevende wereldbol	https://nl.robotoys.eu/houten-3d-puzzel/het-heelal/lichtgevende-wereldbol-rokr-st003-p3	0	1	0	4
lien pour commander	https://fr.robotoys.eu/casse-tete-3d-en-bois/boites-a-musique/puzzle-3d-mecanique-en-bois-armoire-de-jeux-orpheus-rokr-am601-p82	0	1	0	4
liggande bokhylla	https://se.robotoys.eu/miniatyrhus/bocker-nook/bokhylla-inlagg-julinteriorscen-rolife-tgc07-p140	0	1	0	55
like this	https://robotoys.eu/wooden-3d-puzzle/the-animals/wooden-3d-puzzle-flamingo-little-story-d007-p116	0	1	0	38
lil simon's coffee	https://fr.robotoys.eu/maisons-miniatures/boutiques-miniatures/cafe-a-simon-rolife-dg109-p64	0	3	0	7.33
lila motorcykel	https://se.robotoys.eu/3d-pussel-i-tra/fordon/trapussel-3d-lila-speedtail-motorcykel-little-story-e020p-p242	0	2	0	1
lila írisz	https://hu.robotoys.eu/puzzle-verseny/lila-irisz-rowood-tw121-251	0	1	0	10
lily	https://pl.robotoys.eu/drewniane-puzzle-3d/kwiaty/drewniana-ukladanka-3d-rozowa-lilia-rowood-tw071-p144	0	1	0	1
link	https://it.robotoys.eu/puzzle-3d-in-legno/carillon/carillon-violoncello-magico-rokr-amk63-p1	0	1	0	1
link	https://robotoys.eu/wooden-3d-puzzle/musical-instruments/saxophone-rolife-tg309-p26	0	1	0	19
linkus	https://lt.robotoys.eu/medine-3d-delione/geles	0	1	0	2
lirum larum leg vs eurotoys puslespil i træ	https://dk.robotoys.eu/blog/3d-puslespil-i-trae-sadan-vaelger-du-dit-forste-byggesaet-og-hvad-du-skal-forberede-dig-pa	0	1	0	10
litle story	https://pl.robotoys.eu/marki/little-story	0	4	0	3.5
little fiat	https://cz.robotoys.eu/drevene-3d-puzzle/vozidla/drevene-3d-puzzle-fiat-126p-little-story-e005-p97	0	2	0	1
little sherman	https://es.robotoys.eu/rompecabezas-3d-de-madera/vehiculos/rompecabezas-3d-de-madera-m4a38-sherman-little-story-wot01-p137	0	1	0	2
little story	https://cz.robotoys.eu/blog/little-story-3d-stavebnice-ktere-spojuji-kreativitu-zabavu-a-kvalitu	0	1	0	10
little story	https://cz.robotoys.eu/drevene-3d-puzzle/vozidla/drevene-3d-puzzle-lokomotiva-little-story-e012-p124	0	2	0	6
little story	https://cz.robotoys.eu/drevene-3d-puzzle/vozidla/drevene-3d-puzzle-m4a38-sherman-little-story-wot01-p137	0	1	0	5
little story	https://cz.robotoys.eu/soutez-v-puzzle/stegosaurus-little-story-d010-118	0	1	0	3
little story	https://cz.robotoys.eu/soutez-v-puzzle/tank-t-34-85-little-story-wot02-135	0	1	0	10
little story	https://cz.robotoys.eu/znacky/little-story	0	4	0	3.25
little story	https://de.robotoys.eu/3d-puzzle-aus-holz/fahrzeuge/holz-3d-puzzle-comanche-motorrad-little-story-e023-p175	0	1	0	3
little story	https://ee.robotoys.eu/puidust-3d-pusle/soidukid/puidust-3d-pusle-veoauto-little-story-d004-p168	0	1	0	9
little story	https://fr.robotoys.eu/marques/little-story	0	1	0	6
little story	https://hu.robotoys.eu/fabol-keszult-3d-puzzle/jarmuvek/fa-3d-puzzle-mozdony-little-story-e012-p124	0	1	0	5
little story	https://hu.robotoys.eu/markak/little-story	0	2	0	4.5
little story	https://nl.robotoys.eu/merken/little-story	0	4	0	6
little story	https://pl.robotoys.eu/marki/little-story	0	88	0	4.59
little story	https://robotoys.eu/brands/little-story	0	1	0	8
little story 3d-holzpuzzle opernhaus sydney	https://de.robotoys.eu/3d-puzzle-aus-holz/die-architektur/3d-holzpuzzle-sydney-opera-house-little-story-e028-p238	0	12	0	1
little story construction sets	https://robotoys.eu/blog/little-story-3d-construction-kits-that-combine-creativity-fun-and-quality	0	1	0	7
little story puzzle 3d	https://fr.robotoys.eu/casse-tete-3d-en-bois/vehicules/puzzle-3d-en-bois-locomotive-little-story-e012-p124	0	3	0	4.33
little story puzzle 3d	https://fr.robotoys.eu/casse-tete-3d-en-bois/vehicules/puzzle-3d-en-bois-motorcycle-speedtail-little-story-e020-p172	0	2	0	4
little story puzzle 3d	https://pl.robotoys.eu/drewniane-puzzle-3d/architektura/drewniane-puzzle-3d-luk-zwyciestwa-little-story-e011-p123	0	1	0	5
little story puzzle 3d	https://pl.robotoys.eu/drewniane-puzzle-3d/architektura/drewniane-puzzle-3d-sagrada-familia-little-story-e018-p133	0	26	0	5.12
little story puzzle 3d	https://pl.robotoys.eu/drewniane-puzzle-3d/pojazdy/drewniane-puzzle-3d-warszawa-m20-little-story-e006-p98	0	2	0	5
little story puzzle 3d	https://robotoys.eu/brands/little-story	0	1	0	2
little story puzzle 3d	https://robotoys.eu/wooden-3d-puzzle/architecture/wooden-3d-puzzle-victory-arch-little-story-e011-p123	0	1	0	4
little story puzzle 3d	https://robotoys.eu/wooden-3d-puzzle/vehicles/wooden-3d-puzzle-locomotive-little-story-e012-p124	0	1	0	4
little story story puzzles	https://robotoys.eu/brands/little-story	0	1	0	29
little story story puzzles	https://robotoys.eu/wooden-3d-puzzle/vehicles/wooden-3d-puzzle-locomotive-little-story-e012-p124	0	3	0	7
little story x	https://cz.robotoys.eu/drevene-3d-puzzle/vozidla/drevene-3d-puzzle-plochodrazni-motocykl-little-story-e019-p171	0	1	0	1
little story x	https://cz.robotoys.eu/drevene-3d-puzzle/vozidla/drevene-3d-puzzle-tank-leopard-1-little-story-wot07-p179	0	1	0	1
little story x	https://cz.robotoys.eu/znacky/little-story	0	2	0	8
little tank	https://cz.robotoys.eu/drevene-3d-puzzle/vozidla/drevene-3d-puzzle-tank-t-34-85-little-story-wot02-p135	0	1	0	1
little tram	https://cz.robotoys.eu/drevene-3d-puzzle/vozidla/drevene-3d-puzzle-klasicka-mestska-tramvaj-rokr-lk801-p88	0	2	0	7.5
littlestory	https://pl.robotoys.eu/marki/little-story	0	1	0	5
littlestory	https://robotoys.eu/brands/little-story	0	6	0	5.67
livello difficoltà	https://it.robotoys.eu/puzzle-3d-in-legno/stem-lab/puzzle-meccanico-3d-in-legno-fabbrica-dei-regali-dei-sogni-rokr-eab01-p202	0	1	0	2
livraria miniatura para montar	https://pt.robotoys.eu/casas-em-miniatura/recanto-dos-livros/livraria-rolife-tgb07-p76	0	1	0	9
lk-503	https://robotoys.eu/wooden-3d-puzzle/clocks-calendars/clock-owl-rokr-lk503-p6	0	13	0	18.54
lk201	https://es.robotoys.eu/concurso-de-rompecabezas/calendario-perpetuo-rokr-lk201-55	0	1	0	1
lk201	https://es.robotoys.eu/rompecabezas-3d-de-madera/relojes-y-calendarios/calendario-perpetuo-rokr-lk201-p55	0	1	0	1
lk201	https://robotoys.eu/puzzle-competition/perpetual-calendar-rokr-lk201-55	0	1	0	10
lk502	https://pl.robotoys.eu/drewniane-puzzle-3d/stem-lab/sejf-rokr-lk502-p57	0	1	0	3
lk502	https://pt.robotoys.eu/quebra-cabeca-3d-de-madeira/stem-lab/cofre-rokr-lk502-p57	0	1	0	8
lk502	https://robotoys.eu/wooden-3d-puzzle/stem-lab/treasure-box-rokr-lk502-p57	0	1	0	5
lk505	https://es.robotoys.eu/rompecabezas-3d-de-madera/vehiculos/puzzle-mecanico-3d-de-madera-coche-de-carreras-rokr-lk505-p141	0	1	0	7
lk505	https://fr.robotoys.eu/casse-tete-3d-en-bois/vehicules/puzzle-mecanique-3d-en-bois-voiture-de-course-rokr-lk505-p141	0	1	0	3
lk505	https://robotoys.eu/wooden-3d-puzzle/vehicles/wooden-mechanical-3d-puzzle-racing-car-rokr-lk505-p141	0	3	0	5.33
lk505	https://se.robotoys.eu/3d-pussel-i-tra/fordon/tramekaniskt-3d-pussel-racingbil-rokr-lk505-p141	0	1	0	5
lk602	https://es.robotoys.eu/rompecabezas-3d-de-madera/stem-lab/puzzle-3d-mecanico-de-madera-impresora-clasica-rokr-lk602-p90	0	1	0	3
lk602	https://pl.robotoys.eu/drewniane-puzzle-3d/stem-lab/drewniane-mechaniczne-puzzle-3d-klasyczna-drukarka-rokr-lk602-p90	0	1	0	9
lk701	https://es.robotoys.eu/rompecabezas-3d-de-madera/vehiculos/locomotora-rokr-lk701-p7	0	2	0	2
lk701	https://pl.robotoys.eu/drewniane-puzzle-3d/pojazdy/lokomotywa-rokr-lk701-p7	0	2	0	6.5
lk701	https://robotoys.eu/wooden-3d-puzzle/vehicles/locomotive-rokr-lk701-p7	0	2	0	6.5
lk701 locomotive	https://robotoys.eu/wooden-3d-puzzle/vehicles/locomotive-rokr-lk701-p7	0	2	0	9
lk703b	https://es.robotoys.eu/concurso-de-rompecabezas/maquina-de-escribir-mecanica-version-clasica-rokr-lk703b-265	0	1	0	5
lk703b	https://nl.robotoys.eu/houten-3d-puzzel/stem-lab/houten-mechanische-3d-puzzel-mechanische-typemachine-klassieke-versie-rokr-lk703b-p265	0	3	0	7
lk703c	https://fr.robotoys.eu/concours-de-puzzle/machine-a-ecrire-mecanique-version-magique-rokr-lk703c-266	0	1	0	2
lk703c	https://lv.robotoys.eu/puzles-konkurss/mehaniska-rakstammasina-magiska-versija-rokr-lk703c-266	0	1	0	7
lk703c	https://nl.robotoys.eu/houten-3d-puzzel/stem-lab/houten-mechanische-3d-puzzel-mechanische-typemachine-magic-versie-rokr-lk703c-p266	0	2	0	8
lk703c	https://robotoys.eu/puzzle-competition/mechanical-typewriter-magic-version-rokr-lk703c-266	0	1	0	9
lk703c mechanical typewriter	https://robotoys.eu/puzzle-competition/mechanical-typewriter-magic-version-rokr-lk703c-266	0	5	0	6.6
lk703c mechanical typewriter	https://robotoys.eu/wooden-3d-puzzle/stem-lab/wooden-mechanical-3d-puzzle-mechanical-typewriter-magic-version-rokr-lk703c-p266	0	1	0	3
lk801	https://it.robotoys.eu/concorso-di-puzzle/tram-urbano-classico-rokr-lk801-88	0	1	0	4
lk801	https://it.robotoys.eu/puzzle-3d-in-legno/veicoli/puzzle-3d-in-legno-tram-urbano-classico-rokr-lk801-p88	0	1	0	2
lk801	https://nl.robotoys.eu/houten-3d-puzzel/voertuigen/houten-3d-puzzel-klassieke-stadstram-rokr-lk801-p88	0	1	0	6
lk801	https://pl.robotoys.eu/drewniane-puzzle-3d/pojazdy/drewniane-puzzle-3d-klasyczny-tramwaj-miejski-rokr-lk801-p88	0	7	0	2.43
lk801	https://robotoys.eu/wooden-3d-puzzle/vehicles/wooden-3d-puzzle-classic-city-tram-rokr-lk801-p88	0	3	0	6.33
lka01	https://es.robotoys.eu/rompecabezas-3d-de-madera/stem-lab/puzzle-3d-mecanico-de-madera-motor-de-vapor-rokr-lka01-p104	0	1	0	8
lka02	https://de.robotoys.eu/3d-puzzle-aus-holz/das-universum/mechanisches-3d-puzzle-aus-holz-space-shuttle-rokr-lka02-p253	0	3	0	10
lka02	https://fr.robotoys.eu/concours-de-puzzle/navette-spatiale-rokr-lka02-253	0	1	0	5
lka02	https://nl.robotoys.eu/houten-3d-puzzel/het-heelal/houten-mechanische-3d-puzzel-ruimteveer-rokr-lka02-p253	0	4	0	9.25
lka02	https://pl.robotoys.eu/drewniane-puzzle-3d/wszechswiat/drewniana-mechaniczna-ukladanka-3d-prom-kosmiczny-rokr-lka02-p253	0	1	0	1
lka02	https://robotoys.eu/puzzle-competition/space-shuttle-rokr-lka02-253	0	2	0	20.5
lkb01d	https://nl.robotoys.eu/houten-3d-puzzel/muziekdoosjes/elektrische-platenspeler-rokr-lkb01d-p68	0	1	0	10
lkb01d	https://robotoys.eu/wooden-3d-puzzle/music-boxes/electric-record-player-rokr-lkb01d-p68	0	2	0	7
lkw puzzle	https://de.robotoys.eu/3d-puzzle-aus-holz/fahrzeuge/schweres-lkw-modell-rokr-mc502-p27	0	2	0	20
lo anterior	https://robotoys.eu/puzzle-competition	0	1	0	1
lo encuentro en temu?	https://robotoys.eu/wooden-3d-puzzle/vehicles/wooden-3d-puzzle-forklift-model-rokr-tg413k-p48	0	1	0	11
loft rolife	https://fr.robotoys.eu/maisons-miniatures/chambres-miniatures/maison-miniature-le-grenier-de-dora-rolife-dg12-p91	0	1	0	2
loftrum	https://dk.robotoys.eu/miniaturehuse/miniature-vaerelser/miniaturehus-doras-loftrum-rolife-dg12-p91	0	3	0	56.33
logo rolife	https://es.robotoys.eu/marcas/rolife	0	8	0	1
loja atacado	https://pt.robotoys.eu/links-uteis/sobre-companhia/atacado	0	1	0	6
loja das bruxas	https://pt.robotoys.eu/casas-em-miniatura/lojas-de-miniaturas/loja-de-bruxas-kiki-rolife-dg155-p31	0	1	0	9
loja de bruxas	https://pt.robotoys.eu/casas-em-miniatura/lojas-de-miniaturas/loja-de-bruxas-kiki-rolife-dg155-p31	0	4	0	37
loja miniaturas	https://pt.robotoys.eu/casas-em-miniatura/lojas-de-miniaturas/loja-de-bruxas-kiki-rolife-dg155-p31	0	1	0	14
lokomotive puzzle	https://de.robotoys.eu/3d-puzzle-aus-holz/fahrzeuge/3d-puzzle-aus-holz-lokomotive-little-story-e012-p124	0	4	0	6.75
lokomotywa	https://pl.robotoys.eu/drewniane-puzzle-3d/pojazdy/model-lokomotywy-parowej-rokr-mc501-p13	0	1	0	4
londen tower bridge	https://nl.robotoys.eu/blog/het-verhaal-van-de-beroemde-tower-bridge-hoe-je-londen-bij-je-thuis-brengt	0	4	0	12.5
london bridge	https://cz.robotoys.eu/blog/the-story-of-the-famous-tower-bridge-how-to-bring-london-to-your-home	0	9	0	24.22
london bridge	https://dk.robotoys.eu/blog/historien-om-den-beromte-tower-bridge-sadan-bringer-du-london-til-dit-hjem	0	1	0	10
london bridge	https://nl.robotoys.eu/blog/het-verhaal-van-de-beroemde-tower-bridge-hoe-je-londen-bij-je-thuis-brengt	0	7	0	11
london bridge	https://ro.robotoys.eu/blog/povestea-celebrului-tower-bridge-cum-sa-aduci-londra-acasa	0	2	0	9.5
london bridge 3d puzzle	https://de.robotoys.eu/3d-puzzle-aus-holz/die-architektur/tower-bridge-modell-mit-led-beleuchtung-rolife-tg412-p19	0	1	0	1
london bridge a tower bridge	https://pl.robotoys.eu/blog/the-story-of-the-famous-tower-bridge-how-to-bring-london-to-your-home	0	1	0	19
london bridge black and white	https://robotoys.eu/blog/the-story-of-the-famous-tower-bridge-how-to-bring-london-to-your-home	0	3	0	1
london bridge fakta	https://se.robotoys.eu/blogg/the-story-of-the-famous-tower-bridge-how-to-bring-london-to-your-home	0	2	0	17.5
london bridge früher	https://de.robotoys.eu/bloggen/die-geschichte-der-beruhmten-tower-bridge-wie-sie-london-zu-ihnen-nach-hause-holen	0	1	0	42
london bridge histoire	https://fr.robotoys.eu/blog/lhistoire-du-celebre-tower-bridge-comment-amener-londres-chez-vous	0	23	0	9.17
london bridge historia	https://es.robotoys.eu/blog/the-story-of-the-famous-tower-bridge-how-to-bring-london-to-your-home	0	15	0	4.93
london bridge historia	https://pl.robotoys.eu/blog/the-story-of-the-famous-tower-bridge-how-to-bring-london-to-your-home	0	1	0	5
london bridge historia	https://pt.robotoys.eu/blogue/a-historia-da-famosa-tower-bridge-como-levar-londres-para-a-sua-casa	0	4	0	5
london bridge historia	https://se.robotoys.eu/blogg/the-story-of-the-famous-tower-bridge-how-to-bring-london-to-your-home	0	6	0	5.67
london bridge historie	https://cz.robotoys.eu/blog/the-story-of-the-famous-tower-bridge-how-to-bring-london-to-your-home	0	1	0	11
london bridge historie	https://dk.robotoys.eu/blog/historien-om-den-beromte-tower-bridge-sadan-bringer-du-london-til-dit-hjem	0	8	0	5
london bridge londra	https://it.robotoys.eu/blog/the-story-of-the-famous-tower-bridge-how-to-bring-london-to-your-home	0	1	0	17
london bridge miniature	https://nl.robotoys.eu/houten-3d-puzzel/architectuur/tower-bridge-model-met-led-verlichting-rolife-tg412-p19	0	1	0	7
london bridge storia	https://it.robotoys.eu/blog/the-story-of-the-famous-tower-bridge-how-to-bring-london-to-your-home	0	4	0	6.5
london bridge story	https://robotoys.eu/blog/the-story-of-the-famous-tower-bridge-how-to-bring-london-to-your-home	0	5	0	13.8
london bridge tower	https://pl.robotoys.eu/blog/the-story-of-the-famous-tower-bridge-how-to-bring-london-to-your-home	0	2	0	12.5
london bro	https://dk.robotoys.eu/blog/historien-om-den-beromte-tower-bridge-sadan-bringer-du-london-til-dit-hjem	0	7	0	9.86
london bron	https://se.robotoys.eu/blogg/the-story-of-the-famous-tower-bridge-how-to-bring-london-to-your-home	0	1	0	29
london hídjai	https://hu.robotoys.eu/blog/the-story-of-the-famous-tower-bridge-how-to-bring-london-to-your-home	0	2	0	21
london king bridge	https://robotoys.eu/blog/the-story-of-the-famous-tower-bridge-how-to-bring-london-to-your-home	0	3	0	1
london most	https://hr.robotoys.eu/blog/prica-o-poznatom-tower-bridgeu-kako-dovesti-london-u-svoj-dom	0	1	0	11
london torony	https://hu.robotoys.eu/blog/the-story-of-the-famous-tower-bridge-how-to-bring-london-to-your-home	0	2	0	21
london tower bridge	https://ee.robotoys.eu/blogi/lugu-kuulsast-tower-bridgeist-kuidas-tuua-london-oma-koju	0	1	0	6
london tower bridge history	https://fr.robotoys.eu/blog/lhistoire-du-celebre-tower-bridge-comment-amener-londres-chez-vous	0	1	0	14
london tower története	https://hu.robotoys.eu/blog/the-story-of-the-famous-tower-bridge-how-to-bring-london-to-your-home	0	1	0	10
londonas tilts	https://lv.robotoys.eu/emuars/stasts-par-slaveno-tauera-tiltu-ka-atvest-londonu-savas-majas	0	3	0	4.67
londoni hidak	https://hu.robotoys.eu/blog/the-story-of-the-famous-tower-bridge-how-to-bring-london-to-your-home	0	2	0	33
londoni híd	https://hu.robotoys.eu/blog/the-story-of-the-famous-tower-bridge-how-to-bring-london-to-your-home	0	1	0	1
londoni tower	https://hu.robotoys.eu/blog/the-story-of-the-famous-tower-bridge-how-to-bring-london-to-your-home	0	3	0	51
londono taueris	https://lt.robotoys.eu/dienorastis/garsiojo-tauerio-tilto-istorija-kaip-pritraukti-londona-i-savo-namus	0	1	0	27
londono tiltas	https://lt.robotoys.eu/dienorastis/garsiojo-tauerio-tilto-istorija-kaip-pritraukti-londona-i-savo-namus	0	11	0	11
londonski most	https://hr.robotoys.eu/blog/prica-o-poznatom-tower-bridgeu-kako-dovesti-london-u-svoj-dom	0	1	0	10
londres puente famoso	https://es.robotoys.eu/blog/the-story-of-the-famous-tower-bridge-how-to-bring-london-to-your-home	0	2	0	6.5
londyn historia	https://cz.robotoys.eu/blog/the-story-of-the-famous-tower-bridge-how-to-bring-london-to-your-home	0	2	0	84.5
londyn most	https://pl.robotoys.eu/blog/the-story-of-the-famous-tower-bridge-how-to-bring-london-to-your-home	0	9	0	8.33
londyn most tower bridge	https://pl.robotoys.eu/blog/the-story-of-the-famous-tower-bridge-how-to-bring-london-to-your-home	0	1	0	3
londyn tower bridge	https://pl.robotoys.eu/blog/the-story-of-the-famous-tower-bridge-how-to-bring-london-to-your-home	0	25	0	7.2
londyński most zwodzony oparty na dwóch wieżach	https://pl.robotoys.eu/blog/the-story-of-the-famous-tower-bridge-how-to-bring-london-to-your-home	0	9	0	8.89
londýn most	https://cz.robotoys.eu/blog/the-story-of-the-famous-tower-bridge-how-to-bring-london-to-your-home	0	12	0	11.17
londýn tower bridge	https://cz.robotoys.eu/blog/the-story-of-the-famous-tower-bridge-how-to-bring-london-to-your-home	0	10	0	10.6
londýnský most	https://cz.robotoys.eu/blog/the-story-of-the-famous-tower-bridge-how-to-bring-london-to-your-home	0	2	0	12
lontoo silta	https://ee.robotoys.eu/blogi/lugu-kuulsast-tower-bridgeist-kuidas-tuua-london-oma-koju	0	1	0	52
lontoon silta	https://ee.robotoys.eu/blogi/lugu-kuulsast-tower-bridgeist-kuidas-tuua-london-oma-koju	0	2	0	56.5
lq501	https://es.robotoys.eu/rompecabezas-3d-de-madera/armas/terminator-m870-rokr-lq501-p36	0	1	0	2
lq502	https://es.robotoys.eu/rompecabezas-3d-de-madera/armas/rompecabezas-mecanico-3d-de-madera-mini-pistola-rokr-lq502-p147	0	1	0	10
lq502	https://robotoys.eu/wooden-3d-puzzle/weapons/wooden-mechanical-3d-puzzle-mini-gun-rokr-lq502-p147	0	1	0	9
lq901	https://es.robotoys.eu/rompecabezas-3d-de-madera/armas/rifle-ak-47-rokr-lq901-p67	0	3	0	8
lq901	https://robotoys.eu/wooden-3d-puzzle/weapons/ak-47-rifle-rokr-lq901-p67	0	2	0	7.5
ls402	https://pl.robotoys.eu/drewniane-puzzle-3d/wszechswiat/drewniane-mechaniczne-puzzle-3d-samochod-zasilany-energia-sloneczna-harbinger-rover-rokr-ls402-p14	0	1	0	11
luminous globe	https://de.robotoys.eu/3d-puzzle-aus-holz/das-universum/leuchtender-globus-rokr-st003-p3	0	2	0	32.5
luminous globe	https://es.robotoys.eu/rompecabezas-3d-de-madera/el-universo/globo-luminoso-rokr-st003-p3	0	1	0	14
luminous globe	https://fr.robotoys.eu/casse-tete-3d-en-bois/lunivers/globe-lumineux-rokr-st003-p3	0	1	0	46
luminous globe	https://it.robotoys.eu/puzzle-3d-in-legno/luniverso/globo-luminoso-rokr-st003-p3	0	1	0	3
luminous globe	https://robotoys.eu/wooden-3d-puzzle/the-universe/luminous-globe-rokr-st003-p3	0	7	0	10.29
luminous globe 3d wooden puzzle	https://robotoys.eu/wooden-3d-puzzle/the-universe/luminous-globe-rokr-st003-p3	0	3	0	11.67
luminous globe rokr	https://es.robotoys.eu/concurso-de-rompecabezas/globo-luminoso-rokr-st003-3	0	1	0	32
luminous globe rokr	https://es.robotoys.eu/rompecabezas-3d-de-madera/el-universo/globo-luminoso-rokr-st003-p3	0	1	0	8
luminous globe rokr	https://it.robotoys.eu/puzzle-3d-in-legno/luniverso/globo-luminoso-rokr-st003-p3	0	2	0	8.5
luminous globe rokr	https://pl.robotoys.eu/drewniane-puzzle-3d/wszechswiat/swiecacy-globus-rokr-st003-p3	0	4	0	2
luminous globe rokr	https://robotoys.eu/wooden-3d-puzzle/the-universe/luminous-globe-rokr-st003-p3	0	2	0	7.5
luminous globe st003	https://es.robotoys.eu/rompecabezas-3d-de-madera/el-universo/globo-luminoso-rokr-st003-p3	0	1	0	10
luminous globe st003	https://robotoys.eu/wooden-3d-puzzle/the-universe/luminous-globe-rokr-st003-p3	0	1	0	9
lutande tornet	https://se.robotoys.eu/3d-pussel-i-tra/arkitektur/tra-3d-pussel-lutande-tornet-i-pisa-little-story-e009-p114	0	3	0	11
luxuriöse geschenke für frauen	https://de.robotoys.eu/die-teuersten-geschenke-fur-frauen-und-madchen	0	6	0	49.5
luxus geschenk frau	https://de.robotoys.eu/die-teuersten-geschenke-fur-frauen-und-madchen	0	4	0	43.25
luxus geschenk für frauen	https://de.robotoys.eu/die-teuersten-geschenke-fur-frauen-und-madchen	0	5	0	42
luxus geschenke damen	https://de.robotoys.eu/die-teuersten-geschenke-fur-frauen-und-madchen	0	1	0	38
luxus geschenke frauen	https://de.robotoys.eu/die-teuersten-geschenke-fur-frauen-und-madchen	0	16	0	51.12
luxus geschenke für damen	https://de.robotoys.eu/die-teuersten-geschenke-fur-frauen-und-madchen	0	1	0	48
luxus geschenke für frauen	https://de.robotoys.eu/die-teuersten-geschenke-fur-frauen-und-madchen	0	52	0	42.87
lysende globus	https://dk.robotoys.eu/trae-3d-puslespil/universet/lysende-globus-rokr-st003-p3	0	2	0	8.5
lyserød tulipan	https://dk.robotoys.eu/trae-3d-puslespil/blomster/trae-3d-puslespil-lyserod-tulipan-rowood-tw082-p161	0	2	0	1
lägga pussel bra för hjärnan	https://se.robotoys.eu/blogg/bygga-pussel-den-basta-aktiviteten-for-pensionarer	0	3	0	27.67
lær at slappe af	https://dk.robotoys.eu/blog/hvordan-man-slipper-af-med-stress-10-effektive-tips	0	6	0	23.5
løsning	https://dk.robotoys.eu/blog/fa-din-hjerne-i-gang-med-mekaniske-3d-gader-i-trae	0	1	0	2
macchina da scrivere	https://it.robotoys.eu/marche/rokr	0	1	0	11
macchina da scrivere giocattolo	https://it.robotoys.eu/marche/rokr	0	1	0	5
macchina in 3d	https://it.robotoys.eu/marche/rokr	0	1	0	12
macchina magica	https://it.robotoys.eu/marche/rokr	0	1	0	6
machine a ecrire rokr	https://fr.robotoys.eu/casse-tete-3d-en-bois/stem-lab/puzzle-mecanique-3d-en-bois-machine-a-ecrire-mecanique-version-classique-rokr-lk703b-p265	0	1	0	12
machine a ecrire rokr	https://fr.robotoys.eu/concours-de-puzzle/machine-a-ecrire-mecanique-version-classique-rokr-lk703b-265	0	1	0	13
machine a ecrire rokr	https://fr.robotoys.eu/concours-de-puzzle/machine-a-ecrire-mecanique-version-magique-rokr-lk703c-266	0	1	0	11
machine a ecrire rokr	https://fr.robotoys.eu/les-produits-les-plus-chers-de-la-marque-rokr	0	1	0	5
machine gun wood	https://robotoys.eu/wooden-3d-puzzle/weapons/thompson-rokr-lqb01-p74	0	1	0	29
machine à écrire amazon	https://fr.robotoys.eu/casse-tete-3d-en-bois/stem-lab/puzzle-mecanique-3d-en-bois-machine-a-ecrire-mecanique-version-classique-rokr-lk703b-p265	0	1	0	1
machinepistool puzzel	https://nl.robotoys.eu/houten-3d-puzzel/wapens/thompson-rokr-lqb01-p74	0	14	0	10.64
madeira leao	https://pt.robotoys.eu/quebra-cabeca-3d-de-madeira/os-animais/quebra-cabeca-3d-de-madeira-leao-little-story-d011-p119	0	17	0	10.24
madeira leão	https://pt.robotoys.eu/quebra-cabeca-3d-de-madeira/os-animais/quebra-cabeca-3d-de-madeira-leao-little-story-d011-p119	0	4	0	9.75
madeira speedway	https://pt.robotoys.eu/quebra-cabeca-3d-de-madeira/veiculos/quebra-cabeca-3d-de-madeira-moto-speedway-little-story-e019-p171	0	2	0	9.5
madera 3d	https://es.robotoys.eu/blog/rompecabezas-3d-de-madera-como-elegir-tu-primer-kit-de-construccion-y-que-preparar-para	0	1	0	8
madera camelia	https://es.robotoys.eu/rompecabezas-3d-de-madera/flores/puzzle-3d-de-madera-camelia-roja-rowood-tw031-p102	0	1	0	1
madera sagrada	https://es.robotoys.eu/rompecabezas-3d-de-madera/arquitectura/puzzle-3d-de-madera-sagrada-familia-little-story-e018-p133	0	4	0	5.25
magasin de miniatures	https://fr.robotoys.eu/les-maisons-miniatures-les-plus-vendues	0	1	0	5
magasin de sorciere	https://fr.robotoys.eu/maisons-miniatures/boutiques-miniatures/magasin-de-sorcieres-kiki-rolife-dg155-p31	0	2	0	13.5
magasin miniature	https://fr.robotoys.eu/maisons-miniatures/boutiques-miniatures/maison-miniature-le-magasin-de-the-dalice-rolife-dg156-p61	0	1	0	15
magasin sorciere	https://fr.robotoys.eu/maisons-miniatures/boutiques-miniatures/magasin-de-sorcieres-kiki-rolife-dg155-p31	0	1	0	15
magia house	https://es.robotoys.eu/casas-en-miniatura/habitaciones-en-miniatura/casa-en-miniatura-escuela-de-magia-rolife-dg166-p163	0	7	0	6
magic cello	https://it.robotoys.eu/puzzle-3d-in-legno/carillon/carillon-violoncello-magico-rokr-amk63-p1	0	2	0	3
magic cello music box	https://gr.robotoys.eu/ksylino-trisdiastato-pazl/moysika-koytia/moysiko-koyti-magiko-tselo-rokr-amk63-p1	0	1	0	1
magic cello music box	https://it.robotoys.eu/puzzle-3d-in-legno/carillon/carillon-violoncello-magico-rokr-amk63-p1	0	3	0	5.67
magic cello music box	https://robotoys.eu/wooden-3d-puzzle/music-boxes/music-box-magic-cello-rokr-amk63-p1	0	5	0	10.4
magic cello rokr	https://es.robotoys.eu/rompecabezas-3d-de-madera/cajas-de-musica/caja-de-musica-violonchelo-magico-rokr-amk63-p1	0	1	0	8
magic cello rokr	https://fr.robotoys.eu/casse-tete-3d-en-bois/boites-a-musique/boite-a-musique-violoncelle-magique-rokr-amk63-p1	0	1	0	12
magic cello rokr	https://it.robotoys.eu/puzzle-3d-in-legno/carillon/carillon-violoncello-magico-rokr-amk63-p1	0	2	0	3
magic cello rokr	https://nl.robotoys.eu/houten-3d-puzzel/muziekdoosjes/muziekdoos-magische-cello-rokr-amk63-p1	0	1	0	9
magic emporium	https://robotoys.eu/miniature-houses/miniature-stores/kikis-magic-emporium-rolife-dg155-p31	0	1	0	16
magic emporium rolife	https://robotoys.eu/miniature-houses/miniature-stores/kikis-magic-emporium-rolife-dg155-p31	0	1	0	9
magic fantasy corner	https://pl.robotoys.eu/miniaturowe-domki/kacik-ksiazek/wkladka-do-regalu-magiczny-kacik-fantasy-rolife-tgb14-p221	0	1	0	9
magic harp rokr	https://fr.robotoys.eu/casse-tete-3d-en-bois/boites-a-musique/puzzle-mecanique-3d-en-bois-harpe-magique-rokr-amk71-p254	0	1	0	8
magic holz flipper	https://de.robotoys.eu/3d-puzzle-aus-holz/stem-lab/flipper-rokr-eg01-p43	0	6	0	24.17
magic holz kuckucksuhr	https://de.robotoys.eu/3d-puzzle-aus-holz/uhren-kalender/mechanisches-3d-puzzle-aus-holz-kuckucksuhr-rokr-lc901c-p198	0	4	0	8.5
magic house	https://dk.robotoys.eu/miniaturehuse/boger-nook/magical-house-rolife-tgb03-p58	0	4	0	7
magic house	https://es.robotoys.eu/casas-en-miniatura/habitaciones-en-miniatura/casa-en-miniatura-escuela-de-magia-rolife-dg166-p163	0	1	0	55
magic house rolife	https://es.robotoys.eu/casas-en-miniatura/rincon-de-libros/magical-house-rolife-tgb03-p58	0	1	0	1
magic house rolife	https://pt.robotoys.eu/casas-em-miniatura/recanto-dos-livros/magical-house-rolife-tgb03-p58	0	1	0	7
magical house	https://de.robotoys.eu/miniaturhauser/bucher-ecke/magical-house-rolife-tgb03-p58	0	2	0	3.5
magical house	https://dk.robotoys.eu/miniaturehuse/boger-nook/magical-house-rolife-tgb03-p58	0	1	0	1
magical house	https://it.robotoys.eu/case-in-miniatura/angolo-dei-libri/magical-house-rolife-tgb03-p58	0	2	0	4.5
magical house	https://se.robotoys.eu/miniatyrhus/bocker-nook/magical-house-rolife-tgb03-p58	0	3	0	2
magiczne pianino	https://pl.robotoys.eu/drewniane-puzzle-3d/instrumenty-muzyczne/magiczne-pianino-rokr-amk81-p70	0	7	0	8.57
magisk	https://dk.robotoys.eu/trae-3d-puslespil/musikinstrumenter/magisk-klaver-rokr-amk81-p70	0	1	0	16
maileg miniatyrhus	https://se.robotoys.eu/miniatyrhus	0	6	0	47.83
maileg miniatyrhus	https://se.robotoys.eu/miniatyrhus/miniatyrrum/miniatyrhus-mysigt-kok-rolife-dg159-p89	0	1	0	100
mais 5	https://pt.robotoys.eu/	0	1	0	1
maison bibliotheque	https://fr.robotoys.eu/maisons-miniatures/chambres-miniatures/bibliotheque-detude-de-sam-rolife-dg102-p86	0	1	0	14
maison des miniature	https://fr.robotoys.eu/les-maisons-miniatures-les-plus-vendues	0	9	0	7.44
maison des miniatures	https://fr.robotoys.eu/les-maisons-miniatures-les-plus-vendues	0	223	0	9
maison mose	https://fr.robotoys.eu/maisons-miniatures/chambres-miniatures/agence-de-detectives-de-mose-rolife-dg157-p24	0	1	0	8
maisonnette dora	https://fr.robotoys.eu/maisons-miniatures/chambres-miniatures/maison-miniature-le-grenier-de-dora-rolife-dg12-p91	0	3	0	21.33
maisons des miniatures	https://fr.robotoys.eu/les-maisons-miniatures-les-plus-vendues	0	14	0	7.36
maisons des miniatures	https://fr.robotoys.eu/maisons-miniatures-150-a-199-pcs	0	1	0	5
make a picture	https://robotoys.eu/wooden-3d-puzzle/the-animals/wooden-3d-puzzle-lion-little-story-d011-p119	0	1	0	2
makett	https://ee.robotoys.eu/puidust-3d-pusle/arhitektuur/puidust-3d-pusle-notre-damei-katedraali-little-story-e017-p127	0	1	0	4
makett	https://ee.robotoys.eu/puidust-3d-pusle/soidukid/puidust-3d-pusle-aurulaev-little-story-e025-p230	0	1	0	4
makett ház	https://hu.robotoys.eu/blog/amit-miniatur-hazak-epitese-elott-tudni-kell	0	2	0	43.5
makett ház	https://hu.robotoys.eu/miniatur-hazak	0	21	0	9.19
makett ház építése	https://hu.robotoys.eu/blog/amit-miniatur-hazak-epitese-elott-tudni-kell	0	9	0	8.22
makett házak	https://hu.robotoys.eu/blog/amit-miniatur-hazak-epitese-elott-tudni-kell	0	1	0	34
makett házak	https://hu.robotoys.eu/miniatur-hazak	0	17	0	6.65
makett kuckó	https://hu.robotoys.eu/fabol-keszult-3d-puzzle	0	38	0	7.58
makieta wieży eiffla	https://pl.robotoys.eu/drewniane-puzzle-3d/architektura/model-wiezy-eiffla-rolife-tg501-p17	0	3	0	10.33
maly fiat 125p	https://es.robotoys.eu/rompecabezas-3d-de-madera/vehiculos/puzzle-3d-de-madera-fiat-125p-little-story-e002-p94	0	1	0	10
manuale di montaggio	https://robotoys.eu/wooden-3d-puzzle/vehicles/wooden-mechanical-3d-puzzle-truck-road-king-eco-wood-art-p206	0	1	0	23
manufacturing toy	https://robotoys.eu/wooden-3d-puzzle/vehicles/wooden-mechanical-3d-puzzle-grain-harvester-gh800-eco-wood-art-p160	0	1	0	13
maqueta airplane	https://es.robotoys.eu/rompecabezas-3d-de-madera/vehiculos/modelo-triplano-rolife-tg301-p46	0	2	0	4
maqueta barco navegando	https://es.robotoys.eu/rompecabezas-3d-de-madera/vehiculos/modelo-de-velero-rolife-tg305-p21	0	40	0	2.5
maqueta cafeteria simon	https://es.robotoys.eu/casas-en-miniatura/tiendas-de-miniaturas/cafe-en-simon-rolife-dg109-p64	0	37	0	2.54
maqueta carruaje clasico	https://es.robotoys.eu/rompecabezas-3d-de-madera/vehiculos/puzzle-3d-de-madera-carro-real-rolife-tg302-p62	0	37	0	2.54
maqueta casa librería de sam	https://es.robotoys.eu/casas-en-miniatura/habitaciones-en-miniatura/biblioteca-de-estudio-de-sam-rolife-dg102-p86	0	1	0	1
maqueta casa miniatura	https://es.robotoys.eu/casas-en-miniatura/tiendas-de-miniaturas	0	1	0	28
maqueta cocina de betty	https://es.robotoys.eu/casas-en-miniatura/habitaciones-en-miniatura/casa-en-miniatura-cocina-acogedora-rolife-dg159-p89	0	16	0	1
maqueta de la sagrada familia para niños	https://es.robotoys.eu/rompecabezas-3d-de-madera/arquitectura/puzzle-3d-de-madera-sagrada-familia-little-story-e018-p133	0	1	0	1
maqueta de madera	https://es.robotoys.eu/rompecabezas-3d-de-madera/vehiculos/modelo-de-locomotora-de-vapor-rokr-mc501-p13	0	1	0	5
maqueta de madera	https://es.robotoys.eu/rompecabezas-3d-de-madera/vehiculos/rompecabezas-mecanico-3d-de-madera-camion-road-king-eco-wood-art-p206	0	1	0	1
maqueta de tren clásico europeo en madera con muchos detalles para montar paso a paso	https://es.robotoys.eu/rompecabezas-3d-de-madera/vehiculos/locomotora-rokr-lk701-p7	0	1	0	2
maqueta del coliseo	https://es.robotoys.eu/rompecabezas-3d-de-madera/arquitectura/puzzle-3d-de-madera-coliseo-little-story-e016-p126	0	1	0	4
maqueta floristeria emily	https://es.robotoys.eu/casas-en-miniatura/tiendas-de-miniaturas/floristeria-emily-rolife-dg145-p25	0	19	0	1.53
maqueta globo aereoestatico	https://es.robotoys.eu/rompecabezas-3d-de-madera/vehiculos/globo-aerostatico-rolife-tg406-p84	0	38	0	2.34
maqueta globo dirigible	https://es.robotoys.eu/rompecabezas-3d-de-madera/vehiculos/dirigible-modelo-rolife-tg407-p22	0	18	0	1
maqueta globo luminoso	https://es.robotoys.eu/rompecabezas-3d-de-madera/el-universo/globo-luminoso-rokr-st003-p3	0	13	0	1
maqueta madera 3d	https://es.robotoys.eu/rompecabezas-3d-de-madera/arquitectura	0	1	0	12
maqueta madera 3d avión	https://es.robotoys.eu/rompecabezas-3d-de-madera/vehiculos/modelo-triplano-rolife-tg301-p46	0	39	0	2.54
maqueta miniatura	https://es.robotoys.eu/casas-en-miniatura/tiendas-de-miniaturas	0	1	0	25
maqueta notre dame	https://es.robotoys.eu/rompecabezas-3d-de-madera/arquitectura/puzzle-3d-de-madera-catedral-de-notre-dame-little-story-e017-p127	0	1	0	4
maqueta parque atracciones	https://es.robotoys.eu/rompecabezas-3d-de-madera/stem-lab/marmol-parkour-rokr-lg501-p42	0	13	0	1
maqueta reloj	https://es.robotoys.eu/rompecabezas-3d-de-madera/relojes-y-calendarios/rompecabezas-mecanico-3d-de-madera-reloj-de-cuco-rokr-lc901c-p198	0	1	0	16
maqueta rokr	https://es.robotoys.eu/marcas/rokr	0	11	0	6.36
maqueta rolife	https://es.robotoys.eu/marcas/rolife	0	11	0	9
maqueta sujetalibros sakura densya	https://es.robotoys.eu/casas-en-miniatura/rincon-de-libros/sakura-densya-rolife-tgb01-p29	0	3	0	1
maqueta sujetalibros: sunshine town	https://es.robotoys.eu/casas-en-miniatura/rincon-de-libros/sunshine-town-rolife-tgb02-p30	0	9	0	1
maqueta tienda	https://es.robotoys.eu/casas-en-miniatura/tiendas-de-miniaturas	0	1	0	60
maqueta tranvia	https://es.robotoys.eu/rompecabezas-3d-de-madera/vehiculos/tranvia-historico-rolife-tg505-p40	0	17	0	1
maquetas	https://es.robotoys.eu/casas-en-miniatura/tiendas-de-miniaturas/floristeria-emily-rolife-dg145-p25	0	1	0	11
maquetas	https://robotoys.eu/miniature-houses/miniature-stores/miniature-house-honey-ice-cream-store-rolife-dg148-p65	0	1	0	2
maquetas 3d madera	https://es.robotoys.eu/rompecabezas-3d-de-madera/arquitectura	0	2	0	30.5
maquetas casas miniatura	https://es.robotoys.eu/casas-en-miniatura/tiendas-de-miniaturas	0	1	0	20
maquetas de robot	https://es.robotoys.eu/rompecabezas-3d-de-madera/cajas-de-musica/puzzle-3d-mecanico-de-madera-mueble-de-juego-orpheus-rokr-am601-p82	0	1	0	3
maquetas de tranvía desde 180 euros	https://es.robotoys.eu/rompecabezas-3d-de-madera/vehiculos/tranvia-historico-rolife-tg505-p40	0	1	0	57
maquetas de tranvías	https://es.robotoys.eu/rompecabezas-3d-de-madera/vehiculos/tranvia-historico-rolife-tg505-p40	0	1	0	44
maquetas dificiles	https://es.robotoys.eu/casas-en-miniatura-dificultad-alta	0	1	0	4
maquetas en miniatura	https://es.robotoys.eu/casas-en-miniatura/tiendas-de-miniaturas	0	2	0	34
maquetas habitaciones	https://es.robotoys.eu/casas-en-miniatura/habitaciones-en-miniatura	0	2	0	12.5
maquetas miniatura	https://es.robotoys.eu/casas-en-miniatura/tiendas-de-miniaturas	0	3	0	17.67
maquetas miniaturas	https://es.robotoys.eu/casas-en-miniatura/tiendas-de-miniaturas	0	2	0	21.5
maquetas para montar de madera	https://es.robotoys.eu/rompecabezas-3d-de-madera/vehiculos/rompecabezas-3d-de-madera-motorcycle-speedtail-little-story-e020-p172	0	2	0	1
maquetas rokr	https://es.robotoys.eu/marcas/rokr	0	48	0	4.6
maquette bois a monter	https://fr.robotoys.eu/casse-tete-3d-en-bois/architecture/puzzle-3d-en-bois-sagrada-familia-little-story-e018-p133	0	1	0	3
maquette bois voiture	https://fr.robotoys.eu/casse-tete-3d-en-bois/vehicules/puzzle-3d-mecanique-en-bois-voiture-de-course-rouge-eco-wood-art-p152	0	1	0	1
maquette de voiture	https://fr.robotoys.eu/casse-tete-3d-en-bois/vehicules/maquette-voiture-grand-prix-rokr-mc401-p16	0	3	0	14.67
maquette dirigeable	https://fr.robotoys.eu/casse-tete-3d-en-bois/vehicules/maquette-dirigeable-rolife-tg407-p22	0	7	0	2.43
maquette en bois 147 pièces - globe lumineux - rokr	https://fr.robotoys.eu/casse-tete-3d-en-bois/lunivers/globe-lumineux-rokr-st003-p3	0	39	0	17.26
maquette en bois action	https://fr.robotoys.eu/puzzle-3d-en-bois-en-action	0	1	0	31
maquette fleuriste	https://fr.robotoys.eu/maisons-miniatures/boutiques-miniatures/fleuriste-emily-rolife-dg145-p25	0	1	0	51
maquette puzzle 3d	https://fr.robotoys.eu/casse-tete-3d-en-bois/vehicules/maquette-dirigeable-rolife-tg407-p22	0	13	0	5.23
maquette rolife	https://fr.robotoys.eu/casse-tete-3d-en-bois/vehicules/maquette-dirigeable-rolife-tg407-p22	0	1	0	15
maquette tour eiffel	https://fr.robotoys.eu/casse-tete-3d-en-bois/architecture/maquette-de-la-tour-eiffel-rolife-tg501-p17	0	1	0	53
maquette voiture	https://fr.robotoys.eu/casse-tete-3d-en-bois/vehicules/maquette-voiture-grand-prix-rokr-mc401-p16	0	98	0	24.72
maquette voiture bois	https://fr.robotoys.eu/casse-tete-3d-en-bois/vehicules/maquette-voiture-grand-prix-rokr-mc401-p16	0	1	0	19
maquette voiture bois	https://fr.robotoys.eu/casse-tete-3d-en-bois/vehicules/puzzle-3d-mecanique-en-bois-voiture-de-course-jaune-eco-wood-art-p151	0	1	0	1
maquette voiture en bois	https://fr.robotoys.eu/casse-tete-3d-en-bois/vehicules/maquette-voiture-grand-prix-rokr-mc401-p16	0	1	0	4
maquina de escribir	https://es.robotoys.eu/rompecabezas-3d-de-madera/stem-lab/rompecabezas-mecanico-3d-de-madera-maquina-de-escribir-eco-wood-art-p158	0	3	0	2.67
maquina de escribir antigua	https://es.robotoys.eu/rompecabezas-3d-de-madera/stem-lab/rompecabezas-mecanico-3d-de-madera-maquina-de-escribir-eco-wood-art-p158	0	1	0	5
maquina de escribir electrica	https://es.robotoys.eu/rompecabezas-3d-de-madera/stem-lab/rompecabezas-mecanico-3d-de-madera-maquina-de-escribir-eco-wood-art-p158	0	1	0	4
maquina de escribir rokr	https://es.robotoys.eu/concurso-de-rompecabezas/maquina-de-escribir-mecanica-version-clasica-rokr-lk703b-265	0	1	0	6
maquina para escribir en madera	https://es.robotoys.eu/rompecabezas-3d-de-madera/stem-lab/rompecabezas-mecanico-3d-de-madera-maquina-de-escribir-mecanica-version-clasica-rokr-lk703b-p265	0	1	0	51
marble night city	https://es.robotoys.eu/rompecabezas-3d-de-madera/stem-lab/marble-night-city-rokr-lga01-p2	0	5	0	9
marble night city	https://it.robotoys.eu/puzzle-3d-in-legno/stem-lab/marble-night-city-rokr-lga01-p2	0	2	0	4.5
marble night city	https://pt.robotoys.eu/quebra-cabeca-3d-de-madeira/stem-lab/marble-night-city-rokr-lga01-p2	0	1	0	4
marble night city	https://robotoys.eu/wooden-3d-puzzle/stem-lab/marble-night-city-rokr-lga01-p2	0	46	0	18.87
marble night city rokr	https://es.robotoys.eu/rompecabezas-3d-de-madera/stem-lab/marble-night-city-rokr-lga01-p2	0	2	0	9.5
marble night city rokr	https://pl.robotoys.eu/drewniane-puzzle-3d/stem-lab/marble-night-city-rokr-lga01-p2	0	2	0	3.5
marble night city rokr	https://robotoys.eu/wooden-3d-puzzle/stem-lab/marble-night-city-rokr-lga01-p2	0	2	0	6
marble parkour	https://cz.robotoys.eu/drevene-3d-puzzle/stem-lab/marble-parkour-rokr-lg501-p42	0	1	0	3
marble parkour	https://dk.robotoys.eu/trae-3d-puslespil/stem-lab/marble-parkour-rokr-lg501-p42	0	1	0	4
marble parkour	https://es.robotoys.eu/concurso-de-rompecabezas/marmol-parkour-rokr-lg501-42	0	1	0	24
marble parkour	https://es.robotoys.eu/rompecabezas-3d-de-madera/stem-lab/marmol-parkour-rokr-lg501-p42	0	4	0	5.25
marble parkour	https://fr.robotoys.eu/casse-tete-3d-en-bois/stem-lab/marble-parkour-rokr-lg501-p42	0	4	0	5
marble parkour	https://it.robotoys.eu/puzzle-3d-in-legno/stem-lab/marmo-parkour-rokr-lg501-p42	0	2	0	7
marble parkour	https://robotoys.eu/wooden-3d-puzzle/stem-lab/marble-parkour-rokr-lg501-p42	0	5	0	10
marble parkour	https://se.robotoys.eu/3d-pussel-i-tra/stem-lab/marble-parkour-rokr-lg501-p42	0	2	0	3.5
marble parkour lg501	https://robotoys.eu/wooden-3d-puzzle/stem-lab/marble-parkour-rokr-lg501-p42	0	3	0	4.67
marble parkour rokr	https://es.robotoys.eu/rompecabezas-3d-de-madera/stem-lab/marmol-parkour-rokr-lg501-p42	0	1	0	3
marble parkour rokr	https://fr.robotoys.eu/casse-tete-3d-en-bois/stem-lab/marble-parkour-rokr-lg501-p42	0	2	0	8
marble parkour rokr	https://robotoys.eu/wooden-3d-puzzle/stem-lab/marble-parkour-rokr-lg501-p42	0	6	0	7.5
marble robotics	https://robotoys.eu/wooden-3d-puzzle/stem-lab/marble-night-city-rokr-lga01-p2	0	1	0	21
marble run madera	https://es.robotoys.eu/rompecabezas-3d-de-madera/stem-lab/marmol-parkour-rokr-lg501-p42	0	1	0	11
marcas de kit	https://pt.robotoys.eu/blogue/quebra-cabecas-3d-de-madeira-como-escolher-seu-primeiro-kit-de-construcao-e-o-que-preparar-para-ele	0	1	0	3
maskiner	https://robotoys.eu/blog/wooden-3d-puzzles-how-to-choose-your-first-building-kit-and-what-to-prepare-for	0	1	0	1
mass	https://es.robotoys.eu/blog/rokr-tu-entrada-al-mundo-de-la-creatividad-y-el-entretenimiento	0	1	0	2
maszyna do pisania dla dzieci	https://pl.robotoys.eu/drewniane-puzzle-3d/stem-lab/drewniana-mechaniczna-ukladanka-3d-maszyna-do-pisania-eco-wood-art-p158	0	2	0	3.5
maus tank interior	https://pt.robotoys.eu/quebra-cabeca-3d-de-madeira/veiculos/quebra-cabeca-3d-de-madeira-tank-maus-little-story-wot10-p237	0	2	0	16
mc401	https://cz.robotoys.eu/drevene-3d-puzzle/vozidla/model-auta-grand-prix-rokr-mc401-p16	0	2	0	4
mc401	https://robotoys.eu/wooden-3d-puzzle/vehicles/grand-prix-car-model-rokr-mc401-p16	0	2	0	5
mc502	https://es.robotoys.eu/rompecabezas-3d-de-madera/vehiculos/modelo-de-camion-pesado-rokr-mc502-p27	0	1	0	9
mc701	https://de.robotoys.eu/3d-puzzle-aus-holz/fahrzeuge/3d-puzzle-aus-holz-armeejeep-modell-rokr-mc701-p54	0	1	0	8
mc701	https://es.robotoys.eu/concurso-de-rompecabezas/jeep-militar-modelo-rokr-mc701-54	0	1	0	9
mc701	https://fr.robotoys.eu/casse-tete-3d-en-bois/vehicules/puzzle-3d-en-bois-jeep-de-larmee-modele-rokr-mc701-p54	0	1	0	4
mc701	https://hu.robotoys.eu/fabol-keszult-3d-puzzle/jarmuvek/fabol-keszult-3d-puzzle-katonai-terepjaro-rokr-mc701-p54	0	4	0	1.5
mc701	https://hu.robotoys.eu/puzzle-verseny/katonai-terepjaro-rokr-mc701-54	0	4	0	5
mc701	https://it.robotoys.eu/puzzle-3d-in-legno/veicoli/puzzle-3d-in-legno-jeep-dellesercito-modello-rokr-mc701-p54	0	4	0	2.25
mc701	https://lt.robotoys.eu/medine-3d-delione/transporto-priemones/medine-3d-delione-armijos-dzipo-modelis-rokr-mc701-p54	0	1	0	1
mc701	https://pt.robotoys.eu/concurso-de-quebra-cabeca/modelo-de-jipe-do-exercito-rokr-mc701-54	0	1	0	19
mc701	https://pt.robotoys.eu/quebra-cabeca-3d-de-madeira/veiculos/quebra-cabeca-3d-de-madeira-modelo-de-jipe-do-exercito-rokr-mc701-p54	0	1	0	1
mc701	https://robotoys.eu/wooden-3d-puzzle/vehicles/wooden-3d-puzzle-army-jeep-model-rokr-mc701-p54	0	4	0	52.25
mc701	https://se.robotoys.eu/3d-pussel-i-tra/fordon/3d-pussel-i-tra-armejeep-modell-rokr-mc701-p54	0	1	0	2
mcb02	https://es.robotoys.eu/rompecabezas-3d-de-madera/vehiculos/rompecabezas-mecanico-3d-de-madera-velero-caballito-de-mar-rokr-mcb02-p212	0	1	0	9
mcb02	https://fr.robotoys.eu/casse-tete-3d-en-bois/vehicules/puzzle-mecanique-3d-en-bois-voilier-hippocampe-rokr-mcb02-p212	0	7	0	3.43
mcb02	https://lv.robotoys.eu/koka-3d-puzle/transportlidzekli/koka-mehaniska-3d-puzle-burulaiva-juras-zirdzins-rokr-mcb02-p212	0	1	0	1
me	https://gr.robotoys.eu/mikroskopika-spitia/magazia-me-miniatoyres/kafe-sto-saimon-rolife-dg109-p64	0	1	0	20
me muestras una foto	https://es.robotoys.eu/rompecabezas-3d-de-madera/stem-lab/rompecabezas-3d-de-madera-telefono-retro-eco-wood-art-p156	0	1	0	2
me puedes hacer una imagen	https://robotoys.eu/wooden-3d-puzzle/vehicles/wooden-3d-puzzle-tank-semi-trailer-for-truck-road-king-eco-wood-art-p155	0	1	0	2
me puedes mostrar una foto de como quedaría	https://robotoys.eu/wooden-3d-puzzle/vehicles/wooden-3d-puzzle-tank-leopard-1-little-story-wot07-p179	0	1	0	42
mecanica espacial	https://es.robotoys.eu/rompecabezas-3d-de-madera/el-universo/rompecabezas-mecanico-3d-de-madera-transbordador-espacial-rokr-lka02-p253	0	1	0	99
mechanical	https://robotoys.eu/wooden-3d-puzzle/music-boxes/victorian-lantern-rokr-amk61-p80	0	1	0	3
mechanical 3d puzzle	https://robotoys.eu/wooden-3d-puzzle/music-boxes/swing-ride-music-box-rokr-ea02-p4	0	20	0	4.8
mechanical model kit	https://robotoys.eu/wooden-3d-puzzle/vehicles/motorcycle-cruiser-rokr-lk504-p12	0	1	0	32
mechanical music box	https://robotoys.eu/wooden-3d-puzzle/music-boxes	0	1	0	36
mechanical music box amk63	https://pt.robotoys.eu/quebra-cabeca-3d-de-madeira/caixas-de-musica/violoncelo-magico-de-caixa-de-musica-rokr-amk63-p1	0	2	0	4
mechanical music box amk63	https://robotoys.eu/wooden-3d-puzzle/music-boxes/music-box-magic-cello-rokr-amk63-p1	0	2	0	3
mechanical music box magic cello	https://robotoys.eu/wooden-3d-puzzle/music-boxes/music-box-magic-cello-rokr-amk63-p1	0	4	0	6
mechanical music box romantic carousel	https://robotoys.eu/wooden-3d-puzzle/music-boxes/romantic-carousel-rokr-amk62-p77	0	1	0	11
mechanical music box starry night	https://robotoys.eu/wooden-3d-puzzle/music-boxes/music-box-starry-night-rokr-amk51-p11	0	2	0	9.5
mechanical owl clock	https://robotoys.eu/wooden-3d-puzzle/clocks-calendars/clock-owl-rokr-lk503-p6	0	4	0	10.25
mechanical swing	https://robotoys.eu/wooden-3d-puzzle/music-boxes/swing-ride-music-box-rokr-ea02-p4	0	5	0	1.4
mechanical toy	https://se.robotoys.eu/marken	0	4	0	47.25
mechanical toys	https://robotoys.eu/wooden-3d-puzzle/weapons/wooden-mechanical-3d-puzzle-machine-gun-with-rotating-barrel-rokr-lqa01-p218	0	1	0	25
mechanical toys for adults	https://robotoys.eu/wooden-3d-puzzle/stem-lab/wooden-mechanical-3d-puzzle-gear-ball-challenge-rokr-egc01-p213	0	1	0	24
mechanical typewriter wooden 3d puzzle	https://robotoys.eu/wooden-3d-puzzle/stem-lab/wooden-mechanical-3d-puzzle-typewriter-eco-wood-art-p158	0	5	0	7.4
mechanical wooden puzzles	https://robotoys.eu/wooden-3d-puzzle/stem-lab/wooden-mechanical-3d-puzzle-gear-ball-challenge-rokr-egc01-p213	0	1	0	18
mechanical wooden puzzles	https://robotoys.eu/wooden-3d-puzzle/vehicles/motorcycle-cruiser-rokr-lk504-p12	0	1	0	14
mechanické puzzle	https://cz.robotoys.eu/drevene-3d-puzzle	0	4	0	5.25
mechaniczne pianino	https://pl.robotoys.eu/drewniane-puzzle-3d/instrumenty-muzyczne/magiczne-pianino-rokr-amk81-p70	0	274	0	9.92
mechaniczne pianino lub fortepian	https://pl.robotoys.eu/drewniane-puzzle-3d/instrumenty-muzyczne/magiczne-pianino-rokr-amk81-p70	0	3	0	12
mechanika	https://hu.robotoys.eu/fabol-keszult-3d-puzzle/stem-lab/fabol-keszult-mechanikus-3d-puzzle-klasszikus-nyomtato-rokr-lk602-p90	0	1	0	1
mechanikus	https://hu.robotoys.eu/markak/rokr	0	1	0	6
mechanikus kakukkos óra	https://hu.robotoys.eu/fabol-keszult-3d-puzzle/orak-naptarak/fa-mechanikus-3d-kirako-kakukkos-ora-rokr-lc901c-p198	0	4	0	1.25
mechanische puzzle	https://de.robotoys.eu/3d-puzzle-aus-holz/stem-lab/mechanisches-3d-puzzle-aus-holz-klassischer-drucker-rokr-lk602-p90	0	4	0	5.5
mechanisches sonnensystem	https://de.robotoys.eu/3d-puzzle-aus-holz/das-universum/sonnensystem-rokr-st001-p71	0	4	0	1
medidas de la caja	https://es.robotoys.eu/casas-en-miniatura/habitaciones-en-miniatura/biblioteca-de-estudio-de-sam-rolife-dg102-p86	0	1	0	4
medines 3d deliones	https://lt.robotoys.eu/medine-3d-delione-surinkimo-laikas-nuo-1-iki-3-valandu	0	4	0	22.75
medines deliones 3d	https://lt.robotoys.eu/	0	1	0	34
medines deliones 3d	https://lt.robotoys.eu/medine-3d-delione	0	11	0	1.18
mediniai konstruktoriai	https://lt.robotoys.eu/	0	4	0	53
mediniai konstruktoriai suaugusiems	https://lt.robotoys.eu/	0	1	0	50
mehaaniline klaver	https://ee.robotoys.eu/puidust-3d-pusle/muusikariistad/maagiline-klaver-rokr-amk81-p70	0	18	0	1.56
mehhanismi liikuvad osad	https://ee.robotoys.eu/blogi/pange-oma-aju-liikuma-3d-puidust-mehaaniliste-pusledega	0	10	0	9.6
mejor decoracion	https://es.robotoys.eu/blog/como-elegir-la-mejor-decoracion-del-hogar-consejos-y-trucos	0	1	0	4
mekanisk ingeniørkunst	https://dk.robotoys.eu/trae-3d-puslespil/stem-lab/traemekanisk-3d-puslespil-mekanisk-skrivemaskine-klassisk-version-rokr-lk703b-p265	0	1	0	71
mekanisk ingeniørkunst	https://dk.robotoys.eu/trae-3d-puslespil/vaben/traemekanisk-3d-puslespil-luftvaernskanon-rokr-lqm01-p255	0	1	0	24
mekanisk model af solsystemet	https://dk.robotoys.eu/trae-3d-puslespil/universet/solar-system-rokr-st001-p71	0	21	0	4.62
mekanisk model af solsystemet	https://se.robotoys.eu/3d-pussel-i-tra/universum/solsystem-rokr-st001-p71	0	1	0	3
meloodia kaunistus	https://ee.robotoys.eu/puidust-3d-pusle/muusikakastid/puidust-mehaaniline-3d-pusle-ilusate-unistuste-sumfoonia-rokr-amk63m-p211	0	1	0	30
mennyibe kerulhet?	https://hu.robotoys.eu/fabol-keszult-3d-puzzle/stem-lab/fabol-keszult-mechanikus-3d-puzzle-klasszikus-nyomtato-rokr-lk602-p90	0	1	0	1
mennyibe kerül?	https://hu.robotoys.eu/fabol-keszult-3d-puzzle/jarmuvek/grand-prix-automodell-rokr-mc401-p16	0	1	0	2
mennyibe kerül?	https://hu.robotoys.eu/fabol-keszult-3d-puzzle/orak-naptarak/fa-mechanikus-3d-kirako-kakukkos-ora-rokr-lc901c-p198	0	1	0	4
mennyibe kerül?	https://hu.robotoys.eu/fabol-keszult-3d-puzzle/stem-lab/fa-mechanikus-3d-kirako-alomajandek-gyar-rokr-eab01-p202	0	1	0	4
mennyit ér	https://hu.robotoys.eu/blog/the-story-of-the-famous-tower-bridge-how-to-bring-london-to-your-home	0	1	0	1
mennyit érhet?	https://hu.robotoys.eu/fabol-keszult-3d-puzzle/stem-lab/fa-mechanikus-3d-puzzle-gozgep-rokr-lka01-p104	0	1	0	9
mesterlövész	https://hu.robotoys.eu/fabol-keszult-3d-puzzle/fegyverek	0	1	0	1
mesterlövész	https://hu.robotoys.eu/fabol-keszult-3d-puzzle/fegyverek/ak-47-rifle-rokr-lq901-p67	0	1	0	3
mi ez az épület	https://robotoys.eu/wooden-3d-puzzle/architecture/wooden-3d-puzzle-notre-dame-cathedral-little-story-e017-p127	0	1	0	19
mi ez az épület?	https://hu.robotoys.eu/fabol-keszult-3d-puzzle/epiteszet/fa-3d-kirako-parizsi-katedralis-rowood-tg511-p224	0	1	0	3
mi fai vedere le immagini?	https://it.robotoys.eu/case-in-miniatura/angolo-dei-libri/sakura-densya-rolife-tgb01-p29	0	1	0	30
mi fai vedere qualche immagine	https://it.robotoys.eu/puzzle-3d-in-legno/stem-lab/proiettore-cinematografico-vitascope-rokr-lk601-p5	0	1	0	29
micro restaurant	https://dk.robotoys.eu/miniaturehuse/miniature-butikker/miniaturehus-restaurant-tipsy-rolife-dg167-p209	0	1	0	13
mida kinkida naisele	https://ee.robotoys.eu/blogi/7-vastupandamatut-kingiideed-naistele	0	2	0	29
miller garden	https://fr.robotoys.eu/maisons-miniatures/chambres-miniatures/jardin-de-m-miller-rolife-dg108-p23	0	1	0	4
miller's garden	https://de.robotoys.eu/miniaturhauser/miniaturraume/mr-millers-garden-rolife-dg108-p23	0	1	0	2
miller's garden	https://es.robotoys.eu/casas-en-miniatura/habitaciones-en-miniatura/mr-millers-garden-rolife-dg108-p23	0	1	0	4
miller's garden	https://fr.robotoys.eu/maisons-miniatures/chambres-miniatures/jardin-de-m-miller-rolife-dg108-p23	0	3	0	7.33
miller's garden	https://pt.robotoys.eu/casas-em-miniatura/quartos-em-miniatura/jardim-do-sr-miller-rolife-dg108-p23	0	1	0	7
miller's garden	https://robotoys.eu/miniature-houses/miniature-rooms/mr-millers-garden-rolife-dg108-p23	0	15	0	9.6
miller's garden	https://se.robotoys.eu/miniatyrhus/miniatyrrum/mr-millers-tradgard-rolife-dg108-p23	0	1	0	1
miller's garden diy miniature house	https://fr.robotoys.eu/maisons-miniatures/chambres-miniatures/jardin-de-m-miller-rolife-dg108-p23	0	1	0	8
miller's garden diy miniature house	https://robotoys.eu/miniature-houses/miniature-rooms/mr-millers-garden-rolife-dg108-p23	0	3	0	4.67
miller's garden miniature house	https://de.robotoys.eu/miniaturhauser/miniaturraume/mr-millers-garden-rolife-dg108-p23	0	1	0	3
miller's garden miniature house	https://fr.robotoys.eu/maisons-miniatures/chambres-miniatures/jardin-de-m-miller-rolife-dg108-p23	0	3	0	5.67
miller's garden miniature house	https://robotoys.eu/miniature-houses/miniature-rooms/mr-millers-garden-rolife-dg108-p23	0	1	0	4
miller's garden rolife	https://it.robotoys.eu/case-in-miniatura/camere-in-miniatura/il-giardino-di-mr-miller-rolife-dg108-p23	0	1	0	5
miller's garden rolife	https://pl.robotoys.eu/miniaturowe-domki/miniaturowe-pokoje/ogrod-pana-millera-rolife-dg108-p23	0	1	0	2
millerio	https://lt.robotoys.eu/miniatiuriniai-namai/miniatiuriniai-kambariai/pono-millerio-sodas-rolife-dg108-p23	0	4	0	6.75
millers garden	https://de.robotoys.eu/miniaturhauser/miniaturraume/mr-millers-garden-rolife-dg108-p23	0	1	0	7
millers garden	https://es.robotoys.eu/casas-en-miniatura/habitaciones-en-miniatura/mr-millers-garden-rolife-dg108-p23	0	3	0	3.33
millers garden	https://fr.robotoys.eu/maisons-miniatures/chambres-miniatures/jardin-de-m-miller-rolife-dg108-p23	0	2	0	5
millers garden	https://nl.robotoys.eu/miniatuur-huizen/miniatuurkamers/mr-millers-garden-rolife-dg108-p23	0	2	0	4.5
millers garden	https://pt.robotoys.eu/casas-em-miniatura/quartos-em-miniatura/jardim-do-sr-miller-rolife-dg108-p23	0	3	0	6.67
millers garden	https://robotoys.eu/miniature-houses/miniature-rooms/mr-millers-garden-rolife-dg108-p23	0	1	0	4
millers garden centre	https://es.robotoys.eu/casas-en-miniatura/habitaciones-en-miniatura/mr-millers-garden-rolife-dg108-p23	0	1	0	8
millers garden rolife	https://fr.robotoys.eu/maisons-miniatures/chambres-miniatures/jardin-de-m-miller-rolife-dg108-p23	0	1	0	7
millers garden rolife	https://robotoys.eu/miniature-houses/miniature-rooms/mr-millers-garden-rolife-dg108-p23	0	2	0	4
milline on parim koht, kust leida kunstiteoseid, mis sobivad kingituseks?	https://ee.robotoys.eu/blogi/parim-kingitus-talle-ajaloo-puudutusega-originaal	0	10	0	12.1
milyen tipus?	https://hu.robotoys.eu/fabol-keszult-3d-puzzle/jarmuvek/veteran-auto-rokr-mc801-p72	0	1	0	20
milyen tipus?	https://robotoys.eu/blog/wooden-3d-puzzles-how-to-choose-your-first-building-kit-and-what-to-prepare-for	0	1	0	24
minature house	https://dk.robotoys.eu/miniaturehuse	0	1	0	5
minature house	https://robotoys.eu/miniature-houses/miniature-rooms	0	1	0	11
minature room	https://robotoys.eu/miniature-houses/miniature-rooms	0	1	0	4
minature rooms	https://robotoys.eu/miniature-houses/miniature-rooms	0	1	0	12
mindkettő	https://hu.robotoys.eu/fabol-keszult-3d-puzzle/stem-lab/fa-mechanikus-3d-kirako-gear-ball-challenge-rokr-egc01-p213	0	1	0	15
mindkettő	https://hu.robotoys.eu/fabol-keszult-3d-puzzle/stem-lab/marble-night-city-rokr-lga01-p2	0	1	0	18
mineatura	https://lv.robotoys.eu/letakas-miniaturas-majas	0	1	0	10
mini biblioteca	https://ro.robotoys.eu/case-miniaturale/camere-miniaturale/biblioteca-de-studiu-a-lui-sam-rolife-dg102-p86	0	14	0	5
mini bibliotecas	https://es.robotoys.eu/casas-en-miniatura/habitaciones-en-miniatura/biblioteca-de-estudio-de-sam-rolife-dg102-p86	0	1	0	1
mini biblioteczka	https://pl.robotoys.eu/miniaturowe-domki/miniaturowe-pokoje/biblioteka-do-nauki-sama-rolife-dg102-p86	0	2	0	43
mini biblioteka	https://hr.robotoys.eu/minijaturne-kuce/minijaturne-sobe/samova-radna-biblioteka-rolife-dg102-p86	0	1	0	1
mini bookshelf toy	https://robotoys.eu/miniature-houses/books-nook/bookstore-rolife-tgb07-p76	0	1	0	6
mini butik	https://dk.robotoys.eu/miniaturehuse/miniature-butikker	0	1	0	10
mini cabana	https://ro.robotoys.eu/puzzle-3d-din-lemn/arhitectura/puzzle-3d-din-lemn-mini-cabana-de-munte-cu-cadru-in-a-rolife-dg181-p227	0	3	0	1
mini casa para montar	https://pt.robotoys.eu/casas-em-miniatura	0	1	0	12
mini casette	https://it.robotoys.eu/case-in-miniatura	0	3	0	15.33
mini casette in legno	https://it.robotoys.eu/case-in-miniatura	0	4	0	28.5
mini casinhas para montar	https://pt.robotoys.eu/casas-em-miniatura	0	1	0	10
mini casitas	https://es.robotoys.eu/casas-en-miniatura/tiendas-de-miniaturas	0	1	0	23
mini chalet	https://it.robotoys.eu/puzzle-3d-in-legno/architettura/puzzle-3d-in-legno-mini-chalet-di-montagna-a-forma-di-a-rolife-dg181-p227	0	5	0	4.4
mini dom	https://pl.robotoys.eu/najpopularniejsze-domy-miniaturowe	0	1	0	57
mini domek	https://pl.robotoys.eu/miniaturowe-domki	0	6	0	38.67
mini domek	https://pl.robotoys.eu/miniaturowe-domki/miniaturowe-pokoje/ogrod-pana-millera-rolife-dg108-p23	0	2	0	21
mini domek	https://pl.robotoys.eu/najpopularniejsze-domy-miniaturowe	0	6	0	64
mini domeček	https://cz.robotoys.eu/miniaturni-domky-200-az-299ks	0	13	0	9.08
mini domeček	https://cz.robotoys.eu/nejprodavanejsi-miniaturni-domky	0	1	0	65
mini domečky	https://cz.robotoys.eu/miniaturni-domky-200-az-299ks	0	4	0	13.5
mini domečky	https://cz.robotoys.eu/nejprodavanejsi-miniaturni-domky	0	1	0	59
mini domki	https://pl.robotoys.eu/domki-miniaturowe-czas-montazu-powyzej-5-godzin	0	1	0	47
mini domki	https://pl.robotoys.eu/miniaturowe-domki	0	1	0	80
mini domki	https://pl.robotoys.eu/najpopularniejsze-domy-miniaturowe	0	1	0	63
mini domy	https://pl.robotoys.eu/najpopularniejsze-domy-miniaturowe	0	3	0	60.67
mini hot rod	https://robotoys.eu/wooden-3d-puzzle/vehicles/wooden-3d-puzzle-hot-rod-eco-wood-art-p231	0	1	0	8
mini house	https://cz.robotoys.eu/miniaturni-domecky/miniaturni-pokoje/sklenik-pani-cathy-rolife-dg104-p28	0	1	0	3
mini house	https://dk.robotoys.eu/miniaturehuse	0	4	0	27.25
mini ház árak	https://hu.robotoys.eu/a-legolcsobb-mini-hazak	0	2	0	37
mini házak	https://hu.robotoys.eu/a-legolcsobb-mini-hazak	0	9	0	10.56
mini libreria	https://it.robotoys.eu/case-in-miniatura/angolo-dei-libri	0	4	0	37.5
mini librerie	https://it.robotoys.eu/case-in-miniatura/angolo-dei-libri	0	2	0	24
mini maquetas	https://es.robotoys.eu/casas-en-miniatura/tiendas-de-miniaturas	0	1	0	22
mini maszyna do pisania	https://pl.robotoys.eu/drewniane-puzzle-3d/stem-lab/drewniana-mechaniczna-ukladanka-3d-maszyna-do-pisania-eco-wood-art-p158	0	1	0	5
mini mobili	https://it.robotoys.eu/case-in-miniatura/camere-in-miniatura	0	1	0	40
mini negozio	https://it.robotoys.eu/case-in-miniatura/negozi-in-miniatura	0	11	0	11.64
mini pistolet	https://pl.robotoys.eu/drewniane-puzzle-3d/bronie/drewniana-mechaniczna-ukladanka-3d-mini-pistolet-rokr-lq502-p147	0	61	0	1.85
mini pisztoly	https://hu.robotoys.eu/fabol-keszult-3d-puzzle/fegyverek/fabol-keszult-mechanikus-3d-puzzle-mini-pisztoly-rokr-lq502-p147	0	4	0	3.75
mini room	https://robotoys.eu/miniature-houses/miniature-rooms	0	10	0	8.5
mini room action	https://robotoys.eu/miniature-houses-medium-difficulty	0	1	0	10
mini room build	https://robotoys.eu/miniature-houses/miniature-rooms	0	1	0	16
mini room build your	https://robotoys.eu/miniature-houses/miniature-rooms	0	9	0	8.11
mini room building kit	https://robotoys.eu/miniature-houses/miniature-rooms	0	9	0	7.78
mini room diy kit	https://robotoys.eu/miniature-houses/miniature-rooms	0	1	0	7
mini room kit	https://robotoys.eu/miniature-houses/miniature-rooms	0	2	0	13.5
mini room kits	https://robotoys.eu/miniature-houses/miniature-rooms	0	22	0	15.27
mini room magic room	https://robotoys.eu/miniature-houses/miniature-rooms	0	1	0	4
mini room set	https://robotoys.eu/miniature-houses/miniature-rooms	0	5	0	9
mini room story room	https://robotoys.eu/miniature-houses/miniature-rooms	0	1	0	13
mini room toy	https://robotoys.eu/miniature-houses/miniature-rooms	0	1	0	4
mini rooms to build	https://robotoys.eu/miniature-houses/miniature-rooms	0	10	0	8.8
mini stanze	https://it.robotoys.eu/case-in-miniatura/camere-in-miniatura	0	15	0	10.33
mini vehicle 3d wood puzzle	https://robotoys.eu/wooden-3d-puzzle/vehicles	0	13	0	5.31
mini wieża eiffla	https://pl.robotoys.eu/drewniane-puzzle-3d/architektura/podswietlana-wieza-eiffla-rolife-tgl01-p73	0	2	0	1
miniatur	https://hu.robotoys.eu/miniatur-hazak	0	8	0	7.12
miniatur	https://hu.robotoys.eu/miniatur-hazak-eladok	0	1	0	6
miniatur	https://hu.robotoys.eu/miniatur-hazak/miniatur-uzletek	0	5	0	6.8
miniatur laden	https://de.robotoys.eu/miniaturhauser/miniaturladen	0	1	0	25
miniatur zimmer	https://de.robotoys.eu/miniaturhauser/miniaturraume	0	1	0	23
miniatura	https://lv.robotoys.eu/letakas-miniaturas-majas	0	19	0	6.68
miniatura	https://lv.robotoys.eu/miniaturas-majas	0	3	0	13
miniatura	https://lv.robotoys.eu/miniaturas-majas/miniaturas-istabas	0	16	0	4.94
miniatura biblioteca	https://es.robotoys.eu/casas-en-miniatura/habitaciones-en-miniatura/biblioteca-de-estudio-de-sam-rolife-dg102-p86	0	1	0	1
miniatura biblioteca	https://it.robotoys.eu/case-in-miniatura/camere-in-miniatura/biblioteca-studio-di-sam-rolife-dg102-p86	0	3	0	1.33
miniatura casa	https://es.robotoys.eu/casas-en-miniatura-mejor-valoradas	0	1	0	11
miniatura casa	https://es.robotoys.eu/casas-en-miniatura/tiendas-de-miniaturas	0	1	0	22
miniatura casa	https://it.robotoys.eu/case-in-miniatura/camere-in-miniatura	0	1	0	12
miniatura casa	https://pt.robotoys.eu/casas-em-miniatura	0	2	0	5
miniatura casa de muñecas	https://es.robotoys.eu/casas-en-miniatura/tiendas-de-miniaturas	0	3	0	33.67
miniatura case	https://it.robotoys.eu/case-in-miniatura	0	4	0	3
miniatura case	https://it.robotoys.eu/case-in-miniatura/camere-in-miniatura	0	1	0	3
miniatura case	https://it.robotoys.eu/le-case-in-miniatura-piu-popolari	0	1	0	13
miniatura de	https://es.robotoys.eu/casas-en-miniatura-dificultad-alta	0	1	0	11
miniatura de bateria musical	https://pt.robotoys.eu/quebra-cabeca-3d-de-madeira/instrumentos-musicais/bateria-rolife-tg409-p81	0	1	0	5
miniatura de biblioteca	https://pt.robotoys.eu/casas-em-miniatura/quartos-em-miniatura/biblioteca-de-estudo-de-sam-rolife-dg102-p86	0	1	0	2
miniatura de casa	https://es.robotoys.eu/casas-en-miniatura/tiendas-de-miniaturas	0	1	0	22
miniatura de casa	https://pt.robotoys.eu/casas-em-miniatura	0	1	0	9
miniatura libreria	https://es.robotoys.eu/casas-en-miniatura/habitaciones-en-miniatura/biblioteca-de-estudio-de-sam-rolife-dg102-p86	0	11	0	2
miniatura libreria	https://it.robotoys.eu/case-in-miniatura/angolo-dei-libri	0	33	0	8.58
miniatura libreria	https://it.robotoys.eu/case-in-miniatura/camere-in-miniatura/biblioteca-studio-di-sam-rolife-dg102-p86	0	6	0	3.17
miniatura maja	https://lv.robotoys.eu/miniaturas-majas	0	4	0	8.25
miniatura maja	https://lv.robotoys.eu/miniaturas-majas-200-lidz-299-gab	0	1	0	8
miniatura maja	https://lv.robotoys.eu/miniaturas-majas/miniaturas-istabas/miniatura-maja-majiga-virtuve-rolife-dg159-p89	0	5	0	5.8
miniatura maja	https://lv.robotoys.eu/miniaturas-majas/miniaturie-veikali/miniatura-maja-restorans-tipsy-rolife-dg167-p209	0	1	0	5
miniatura maja	https://lv.robotoys.eu/vislabak-pardotas-miniaturas-majas	0	3	0	7
miniaturas	https://lv.robotoys.eu/miniaturas-majas	0	4	0	5.5
miniaturas	https://lv.robotoys.eu/miniaturas-majas/miniaturas-istabas	0	10	0	5.4
miniaturas	https://lv.robotoys.eu/miniaturas-majas/miniaturie-veikali	0	5	0	6.6
miniaturas artesanales comprar	https://es.robotoys.eu/casas-en-miniatura/tiendas-de-miniaturas	0	12	0	30.17
miniaturas casa	https://es.robotoys.eu/casas-en-miniatura-mejor-valoradas	0	1	0	11
miniaturas casa	https://pt.robotoys.eu/casas-em-miniatura-100-a-149-unid	0	2	0	6
miniaturas casa de muñecas	https://es.robotoys.eu/casas-en-miniatura/tiendas-de-miniaturas	0	10	0	32.6
miniaturas casas	https://es.robotoys.eu/casas-en-miniatura-mejor-valoradas	0	3	0	12.33
miniaturas casas	https://pt.robotoys.eu/casas-em-miniatura	0	3	0	6.67
miniaturas casas	https://pt.robotoys.eu/casas-em-miniatura/lojas-de-miniaturas	0	4	0	6.5
miniaturas casas	https://pt.robotoys.eu/casas-em-miniatura/lojas-de-miniaturas/casa-em-miniatura-loja-de-cha-de-alice-rolife-dg156-p61	0	2	0	7
miniaturas casas	https://pt.robotoys.eu/casas-em-miniatura/lojas-de-miniaturas/loja-de-bruxas-kiki-rolife-dg155-p31	0	1	0	1
miniaturas casas de muñecas	https://es.robotoys.eu/casas-en-miniatura/tiendas-de-miniaturas	0	6	0	32.83
miniaturas casas muñecas	https://es.robotoys.eu/casas-en-miniatura/tiendas-de-miniaturas	0	2	0	32.5
miniaturas casitas	https://es.robotoys.eu/casas-en-miniatura-mejor-valoradas	0	1	0	12
miniaturas de casas	https://es.robotoys.eu/casas-en-miniatura-mejor-valoradas	0	2	0	11.5
miniaturas de casas	https://es.robotoys.eu/casas-en-miniatura/tiendas-de-miniaturas	0	1	0	21
miniaturas de casas	https://pt.robotoys.eu/casas-em-miniatura	0	5	0	6
miniaturas de casas de muñecas	https://es.robotoys.eu/casas-en-miniatura/tiendas-de-miniaturas	0	2	0	32
miniaturas diy	https://es.robotoys.eu/casas-en-miniatura/tiendas-de-miniaturas	0	1	0	24
miniaturas para artesanato	https://pt.robotoys.eu/casas-em-miniatura/lojas-de-miniaturas	0	1	0	11
miniaturas para casa de muñecas	https://es.robotoys.eu/casas-en-miniatura/tiendas-de-miniaturas	0	1	0	35
miniaturas para casas de muñecas	https://es.robotoys.eu/casas-en-miniatura/tiendas-de-miniaturas	0	25	0	21.92
miniaturas para construir	https://pt.robotoys.eu/casas-em-miniatura	0	1	0	10
miniaturas para construir	https://pt.robotoys.eu/casas-em-miniatura/lojas-de-miniaturas	0	1	0	3
miniaturas para montar	https://es.robotoys.eu/casas-en-miniatura/tiendas-de-miniaturas	0	2	0	24.5
miniaturas rolife	https://pt.robotoys.eu/casas-em-miniatura/lojas-de-miniaturas/casa-em-miniatura-loja-de-cha-de-alice-rolife-dg156-p61	0	1	0	10
miniaturas rolife	https://pt.robotoys.eu/casas-em-miniatura/lojas-de-miniaturas/floricultura-emily-rolife-dg145-p25	0	1	0	8
miniaturas rolife	https://pt.robotoys.eu/marcas/rolife	0	1	0	5
miniaturas y casas de muñecas	https://es.robotoys.eu/casas-en-miniatura/tiendas-de-miniaturas	0	2	0	35
miniature	https://dk.robotoys.eu/miniaturehuse/miniature-butikker	0	1	0	9
miniature	https://dk.robotoys.eu/miniaturehuse/miniature-vaerelser/mr-millers-garden-rolife-dg108-p23	0	1	0	1
miniature apartment	https://robotoys.eu/miniature-houses/miniature-rooms	0	1	0	8
miniature apartment building	https://robotoys.eu/miniature-houses/miniature-rooms	0	1	0	9
miniature building sets	https://robotoys.eu/miniature-houses/miniature-rooms	0	1	0	26
miniature byggesæt	https://dk.robotoys.eu/blog/hvad-du-skal-vide-for-du-bygger-miniaturehuse	0	1	0	40
miniature byggesæt	https://dk.robotoys.eu/miniaturehuse/miniature-butikker	0	1	0	7
miniature cafe	https://fr.robotoys.eu/maisons-miniatures/boutiques-miniatures/cafe-a-simon-rolife-dg109-p64	0	2	0	15
miniature casa	https://es.robotoys.eu/casas-en-miniatura/tiendas-de-miniaturas	0	1	0	14
miniature casa	https://it.robotoys.eu/case-in-miniatura	0	7	0	10.57
miniature case	https://it.robotoys.eu/case-in-miniatura	0	15	0	7.33
miniature casette	https://it.robotoys.eu/case-in-miniatura	0	12	0	8.33
miniature casette in legno	https://it.robotoys.eu/case-in-miniatura	0	3	0	9.33
miniature da costruire	https://it.robotoys.eu/case-in-miniatura	0	1	0	20
miniature da costruire	https://it.robotoys.eu/case-in-miniatura/camere-in-miniatura	0	3	0	13
miniature dollhouse for sale	https://robotoys.eu/miniature-houses/miniature-rooms/cathys-flower-house-rolife-dg104-p28	0	1	0	7
miniature drivhus	https://dk.robotoys.eu/miniaturehuse/miniature-vaerelser/fru-cathys-drivhus-rolife-dg104-p28	0	14	0	1.07
miniature dukkehus	https://dk.robotoys.eu/miniaturehuse	0	6	0	58.67
miniature garden house	https://robotoys.eu/miniature-houses/books-nook/holiday-garden-house-rolife-tgb06-p78	0	1	0	8
miniature hobby	https://dk.robotoys.eu/blog/hvad-du-skal-vide-for-du-bygger-miniaturehuse	0	1	0	17
miniature hobby	https://dk.robotoys.eu/miniaturehuse/miniature-butikker	0	1	0	24
miniature house	https://dk.robotoys.eu/miniaturehuse	0	14	0	6.57
miniature house	https://hu.robotoys.eu/miniatur-hazak	0	2	0	30
miniature house	https://it.robotoys.eu/case-in-miniatura/camere-in-miniatura	0	1	0	23
miniature house	https://robotoys.eu/miniature-houses/miniature-rooms	0	16	0	11.12
miniature house building kits	https://robotoys.eu/miniature-houses/miniature-rooms	0	4	0	24
miniature house building tips	https://robotoys.eu/blog/what-you-need-to-know-before-building-miniature-houses	0	4	0	10.25
miniature house kits	https://dk.robotoys.eu/miniaturehuse	0	1	0	46
miniature house kits for adults	https://robotoys.eu/miniature-houses/miniature-rooms	0	7	0	26
miniature houses	https://dk.robotoys.eu/miniaturehuse	0	2	0	15.5
miniature houses	https://robotoys.eu/miniature-houses/miniature-rooms	0	1	0	13
miniature houses	https://robotoys.eu/top-rated-miniature-houses	0	2	0	10
miniature hus	https://dk.robotoys.eu/blog/hvad-du-skal-vide-for-du-bygger-miniaturehuse	0	3	0	45.67
miniature hus	https://dk.robotoys.eu/miniature-huse-til-salg	0	25	0	10.44
miniature hus	https://dk.robotoys.eu/miniaturehuse	0	18	0	14.56
miniature hus	https://dk.robotoys.eu/miniaturehuse/miniature-butikker	0	1	0	69
miniature huse	https://dk.robotoys.eu/blog/hvad-du-skal-vide-for-du-bygger-miniaturehuse	0	1	0	32
miniature huse	https://dk.robotoys.eu/miniature-huse-til-salg	0	13	0	18.54
miniature huse	https://dk.robotoys.eu/miniaturehuse	0	47	0	2.45
miniature huse	https://dk.robotoys.eu/miniaturehuse/miniature-butikker	0	1	0	51
miniature huse	https://dk.robotoys.eu/salg-af-miniaturehuse	0	24	0	9.29
miniature huse byg selv	https://dk.robotoys.eu/blog/hvad-du-skal-vide-for-du-bygger-miniaturehuse	0	9	0	10.89
miniature huse byg selv	https://dk.robotoys.eu/miniaturehuse	0	17	0	9.47
miniature huse byg selv	https://dk.robotoys.eu/miniaturehuse/miniature-butikker	0	1	0	17
miniature level	https://robotoys.eu/miniature-houses-200-to-299-pcs	0	2	0	60
miniature level	https://robotoys.eu/miniature-houses-high-difficulty	0	1	0	71
miniature level	https://robotoys.eu/miniature-houses-medium-difficulty	0	2	0	18
miniature libreria	https://it.robotoys.eu/case-in-miniatura/angolo-dei-libri	0	16	0	10.75
miniature libreria	https://it.robotoys.eu/case-in-miniatura/camere-in-miniatura/biblioteca-studio-di-sam-rolife-dg102-p86	0	1	0	2
miniature magasin	https://dk.robotoys.eu/miniaturehuse/miniature-butikker	0	1	0	12
miniature magasin	https://fr.robotoys.eu/maisons-miniatures/boutiques-miniatures	0	17	0	63.82
miniature møbler	https://dk.robotoys.eu/miniaturehuse	0	4	0	62
miniature møbler	https://dk.robotoys.eu/miniaturehuse/miniature-butikker	0	2	0	49
miniature plæneklipper	https://dk.robotoys.eu/trae-3d-puslespil/koretojer/trae-3d-puslespil-selvkorende-plaeneklipper-cs-150c-eco-wood-art-p234	0	1	0	21
miniature restaurant	https://fr.robotoys.eu/maisons-miniatures/boutiques-miniatures/maison-miniature-restaurant-tipsy-rolife-dg167-p209	0	5	0	23.2
miniature room	https://it.robotoys.eu/case-in-miniatura/camere-in-miniatura	0	2	0	4
miniature room	https://robotoys.eu/miniature-houses/miniature-rooms	0	25	0	8.04
miniature room building kits	https://robotoys.eu/miniature-houses/miniature-rooms	0	2	0	7.5
miniature room kit	https://robotoys.eu/miniature-houses/miniature-rooms	0	3	0	8.33
miniature room kits	https://robotoys.eu/miniature-houses/miniature-rooms	0	8	0	9.88
miniature room kits for adults	https://robotoys.eu/miniature-houses/miniature-rooms	0	2	0	9
miniature room set	https://robotoys.eu/miniature-houses/miniature-rooms	0	1	0	10
miniature rooms	https://robotoys.eu/miniature-houses/miniature-rooms	0	5	0	5.4
miniature rooms kit	https://robotoys.eu/miniature-houses/miniature-rooms	0	2	0	7.5
miniature serre	https://fr.robotoys.eu/maisons-miniatures/chambres-miniatures/serre-de-mme-cathy-rolife-dg104-p28	0	2	0	1.5
miniature shop	https://dk.robotoys.eu/miniaturehuse/miniature-butikker	0	1	0	14
miniature shops to build	https://robotoys.eu/miniature-houses/miniature-stores	0	1	0	5
miniature stores	https://robotoys.eu/miniature-houses/miniature-stores	0	1	0	6
miniature studio room	https://robotoys.eu/miniature-houses/miniature-rooms	0	2	0	7.5
miniature wooden puzzles	https://robotoys.eu/	0	1	0	11
miniaturehuset	https://dk.robotoys.eu/miniaturehuse	0	2	0	39.5
miniaturehuset	https://dk.robotoys.eu/miniaturehuse/miniature-butikker	0	1	0	27
miniaturehuset	https://dk.robotoys.eu/miniaturehuse/miniature-vaerelser/fru-cathys-drivhus-rolife-dg104-p28	0	1	0	91
miniaturen winkel	https://nl.robotoys.eu/miniatuur-huizen/miniatuur-winkels/heksenwinkel-kiki-rolife-dg155-p31	0	48	0	60.6
miniaturen winkels	https://nl.robotoys.eu/miniatuur-huizen/miniatuur-winkels	0	40	0	38.8
miniatures shop	https://fr.robotoys.eu/maisons-miniatures/boutiques-miniatures	0	1	0	13
miniaturhaus holz	https://de.robotoys.eu/miniaturhauser	0	1	0	38
miniaturhäuser	https://de.robotoys.eu/miniaturhauser	0	9	0	17.89
miniaturhäuser	https://de.robotoys.eu/miniaturhauser-150-bis-199-stuck	0	4	0	7.5
miniaturhäuser	https://de.robotoys.eu/miniaturhauser/miniaturraume	0	6	0	4.5
miniaturladen	https://de.robotoys.eu/miniaturhauser/miniaturladen	0	2	0	8.5
miniaturni	https://cz.robotoys.eu/nejprodavanejsi-miniaturni-domky	0	3	0	9.33
miniaturní	https://cz.robotoys.eu/miniaturni-domky-150-az-199ks	0	2	0	10
miniaturní	https://cz.robotoys.eu/nejpopularnejsi-miniaturni-domky	0	3	0	6.67
miniaturní	https://cz.robotoys.eu/nejprodavanejsi-miniaturni-domky	0	7	0	8.57
miniaturní domečky	https://cz.robotoys.eu/miniaturni-domecky	0	7	0	8.14
miniaturní domečky	https://cz.robotoys.eu/miniaturni-domecky/miniaturni-obchody/kvetinarstvi-emily-rolife-dg145-p25	0	41	0	4
miniaturní domečky	https://cz.robotoys.eu/miniaturni-domecky/miniaturni-obchody/miniaturni-domek-restaurace-tipsy-rolife-dg167-p209	0	42	0	3.6
miniaturní domečky	https://cz.robotoys.eu/miniaturni-domecky/miniaturni-pokoje	0	1	0	12
miniaturní domečky	https://cz.robotoys.eu/miniaturni-domecky/miniaturni-pokoje/zahrada-pana-millera-rolife-dg108-p23	0	1	0	13
miniaturní domečky	https://cz.robotoys.eu/miniaturni-domky-200-az-299ks	0	3	0	25
miniaturní domečky	https://cz.robotoys.eu/miniaturni-domky-doba-skladani-vice-nez-5-hodin	0	3	0	12
miniaturní domečky	https://cz.robotoys.eu/nejpopularnejsi-miniaturni-domky	0	2	0	37.5
miniaturní domečky	https://cz.robotoys.eu/nejprodavanejsi-miniaturni-domky	0	13	0	4.38
miniaturowa budowla	https://pl.robotoys.eu/blog/co-musisz-wiedziec-przed-budowa-miniaturowych-domow	0	1	0	17
miniaturowe domki	https://pl.robotoys.eu/miniaturowe-domki-od-100-do-149-szt	0	2	0	16
miniaturowe domki	https://pl.robotoys.eu/miniaturowe-domki-od-150-do-199-szt	0	5	0	10
miniaturowe domki	https://pl.robotoys.eu/miniaturowe-domki-od-200-do-299-szt	0	1	0	9
miniaturowe domki	https://pl.robotoys.eu/najpopularniejsze-domy-miniaturowe	0	19	0	31.21
miniaturowe domy	https://pl.robotoys.eu/domki-miniaturowe-czas-montazu-powyzej-5-godzin	0	1	0	47
miniaturowe domy	https://pl.robotoys.eu/miniaturowe-domki	0	1	0	62
miniaturowe domy	https://pl.robotoys.eu/najlepiej-sprzedajace-sie-miniaturowe-domy	0	2	0	30
miniaturowe domy	https://pl.robotoys.eu/najpopularniejsze-domy-miniaturowe	0	3	0	12
miniaturowy dom	https://pl.robotoys.eu/domki-miniaturowe-czas-montazu-powyzej-5-godzin	0	5	0	28.6
miniaturowy dom	https://pl.robotoys.eu/miniaturowe-domki	0	18	0	8.5
miniaturowy dom	https://pl.robotoys.eu/miniaturowe-domki/miniaturowe-pokoje/miniaturowy-dom-poddasze-dory-rolife-dg12-p91	0	18	0	1.89
miniaturowy dom	https://pl.robotoys.eu/najpopularniejsze-domy-miniaturowe	0	5	0	37.4
miniaturowy domek	https://pl.robotoys.eu/miniaturowe-domki	0	17	0	13.94
miniaturowy domek	https://pl.robotoys.eu/miniaturowe-domki/miniaturowe-pokoje/ogrod-pana-millera-rolife-dg108-p23	0	60	0	6.58
miniaturowy domek diy	https://pl.robotoys.eu/miniaturowe-domki/miniaturowe-pokoje/ogrod-pana-millera-rolife-dg108-p23	0	5	0	1
miniaturu maja	https://lv.robotoys.eu/miniaturas-majas/miniaturas-istabas	0	1	0	12
miniaturu maja	https://lv.robotoys.eu/miniaturu-maju-pardosana	0	1	0	11
miniaturu maja	https://lv.robotoys.eu/popularakas-miniaturas-majas	0	6	0	10
miniaturu maja	https://lv.robotoys.eu/vislabak-pardotas-miniaturas-majas	0	5	0	10.6
miniatuur	https://ee.robotoys.eu/miniatuursed-majad	0	3	0	5.33
miniatuur	https://nl.robotoys.eu/miniatuur-huizen/miniatuur-winkels/heksenwinkel-kiki-rolife-dg155-p31	0	36	0	23.5
miniatuur kas	https://nl.robotoys.eu/miniatuur-huizen/miniatuurkamers/de-kas-van-mevrouw-cathy-rolife-dg104-p28	0	55	0	5.78
miniatuur winkel	https://nl.robotoys.eu/miniatuur-huizen/miniatuur-winkels/heksenwinkel-kiki-rolife-dg155-p31	0	156	0	15.54
miniatuur winkels	https://nl.robotoys.eu/miniatuur-huizen/miniatuur-winkels	0	11	0	8.45
miniatuur winkeltje	https://nl.robotoys.eu/miniatuur-huizen/miniatuur-winkels	0	73	0	18.33
miniatuurhuis	https://nl.robotoys.eu/miniatuur-huizen/miniatuurkamers/miniatuurhuis-magische-school-rolife-dg166-p163	0	2	0	18.5
miniatuurhuis	https://nl.robotoys.eu/miniatuur-huizen/miniatuurkamers/mr-millers-garden-rolife-dg108-p23	0	7	0	19.71
miniatuurhuisjes	https://nl.robotoys.eu/miniatuurhuisjes-150-tot-199-st	0	2	0	7
miniatuurhuisjes	https://nl.robotoys.eu/miniatuurhuisjes-montagetijd-binnen-1-tot-3-uur	0	11	0	5.73
miniatuurne	https://ee.robotoys.eu/miniatuursed-majad	0	6	0	2.83
miniatuurne	https://ee.robotoys.eu/miniatuursed-majad/miniatuursed-poed/lillepood-emily-rolife-dg145-p25	0	2	0	1.5
miniatuurne	https://ee.robotoys.eu/miniatuursete-majade-muuk	0	1	0	6
miniatyr byggsats	https://se.robotoys.eu/miniatyrhus	0	2	0	30
miniatyr hus	https://dk.robotoys.eu/miniaturehuse	0	2	0	26
miniatyr hus	https://se.robotoys.eu/blogg/vad-du-behover-veta-innan-du-bygger-miniatyrhus	0	2	0	24
miniatyr hus	https://se.robotoys.eu/miniatyrhus	0	137	0	10.21
miniatyr hus	https://se.robotoys.eu/miniatyrhus/miniatyrbutiker/blomsteraffar-emily-rolife-dg145-p25	0	1	0	4
miniatyr hus byggsats	https://dk.robotoys.eu/miniaturehuse	0	1	0	7
miniatyr hus byggsats	https://se.robotoys.eu/blogg/vad-du-behover-veta-innan-du-bygger-miniatyrhus	0	10	0	10.2
miniatyr hus trä	https://se.robotoys.eu/miniatyrhus	0	5	0	12.2
miniatyr saker	https://se.robotoys.eu/blogg/vad-du-behover-veta-innan-du-bygger-miniatyrhus	0	1	0	5
miniatyrhus	https://se.robotoys.eu/blogg/vad-du-behover-veta-innan-du-bygger-miniatyrhus	0	4	0	21.5
miniatyrhus	https://se.robotoys.eu/miniatyrhus/miniatyrbutiker/haxaffar-kiki-rolife-dg155-p31	0	9	0	1
miniatyrhus byggsats	https://se.robotoys.eu/blogg/vad-du-behover-veta-innan-du-bygger-miniatyrhus	0	5	0	18
miniatyrhus trädgård	https://se.robotoys.eu/miniatyrhus	0	4	0	11.75
miniatyrlandskap	https://se.robotoys.eu/blogg/vad-du-behover-veta-innan-du-bygger-miniatyrhus	0	2	0	10
miniatyrrum	https://se.robotoys.eu/miniatyrhus	0	1	0	32
miniatyrrum	https://se.robotoys.eu/miniatyrhus/miniatyrrum	0	5	0	9.6
miniatür	https://hu.robotoys.eu/miniatur-hazak	0	6	0	10
miniatūra	https://lv.robotoys.eu/letakas-miniaturas-majas	0	4	0	8.25
miniatūra	https://lv.robotoys.eu/miniaturas-majas	0	3	0	13
miniatūra māja	https://lv.robotoys.eu/jaunakas-miniaturas-majas	0	1	0	9
miniatūra māja	https://lv.robotoys.eu/letakas-miniaturas-majas	0	30	0	5.93
miniatūra māja	https://lv.robotoys.eu/miniaturas-majas	0	14	0	7.29
miniatūra māja	https://lv.robotoys.eu/miniaturas-majas-200-lidz-299-gab	0	8	0	8.5
miniatūra māja	https://lv.robotoys.eu/miniaturas-majas/miniaturas-istabas	0	2	0	6
miniatūra māja	https://lv.robotoys.eu/miniaturas-majas/miniaturas-istabas/miniatura-maja-majiga-virtuve-rolife-dg159-p89	0	17	0	6.82
miniatūra māja	https://lv.robotoys.eu/miniaturas-majas/miniaturie-veikali/miniatura-maja-restorans-tipsy-rolife-dg167-p209	0	20	0	5.75
miniatūra māja	https://lv.robotoys.eu/miniaturas-majas/miniaturie-veikali/miniatura-maja-saldejuma-veikals-honey-rolife-dg148-p65	0	4	0	6.25
miniatūra māja	https://lv.robotoys.eu/miniaturas-majas/miniaturie-veikali/raganu-veikals-kiki-rolife-dg155-p31	0	6	0	5
miniatūra māja	https://lv.robotoys.eu/miniaturas-majas/miniaturie-veikali/ziedu-veikals-emily-rolife-dg145-p25	0	1	0	6
miniatūra māja	https://lv.robotoys.eu/popularakas-miniaturas-majas	0	3	0	8
miniatūra māja	https://lv.robotoys.eu/vislabak-pardotas-miniaturas-majas	0	3	0	8.33
miniatūras	https://lv.robotoys.eu/letakas-miniaturas-majas	0	1	0	39
miniatūras	https://lv.robotoys.eu/miniaturas-majas	0	8	0	5.88
miniatūras	https://lv.robotoys.eu/miniaturas-majas/miniaturas-istabas	0	23	0	6.3
miniatūras	https://lv.robotoys.eu/miniaturas-majas/miniaturie-veikali	0	6	0	5.67
miniatūras	https://lv.robotoys.eu/vislabak-pardotas-miniaturas-majas	0	1	0	3
miniatūras mājas	https://lv.robotoys.eu/letakas-miniaturas-majas	0	4	0	5.75
miniatūras mājas	https://lv.robotoys.eu/miniaturas-majas	0	7	0	6.57
miniatūras mājas	https://lv.robotoys.eu/popularakas-miniaturas-majas	0	3	0	6.33
miniatūras mājas	https://lv.robotoys.eu/vislabak-pardotas-miniaturas-majas	0	11	0	6
miniatūru māja	https://lv.robotoys.eu/letakas-miniaturas-majas	0	3	0	9
miniatūru māja	https://lv.robotoys.eu/miniaturas-majas	0	8	0	10.38
miniatūru māja	https://lv.robotoys.eu/miniaturas-majas/miniaturas-istabas	0	2	0	20
miniatūru māja	https://lv.robotoys.eu/miniaturas-majas/miniaturie-veikali/miniatura-maja-alises-tejas-veikals-rolife-dg156-p61	0	1	0	3
miniatūru māja	https://lv.robotoys.eu/miniaturas-majas/miniaturie-veikali/miniatura-maja-restorans-tipsy-rolife-dg167-p209	0	1	0	2
miniatūru māja	https://lv.robotoys.eu/popularakas-miniaturas-majas	0	7	0	14.14
miniatūru māja	https://lv.robotoys.eu/vislabak-pardotas-miniaturas-majas	0	3	0	11.67
miniatūru māja cenas	https://lv.robotoys.eu/miniaturas-majas-200-lidz-299-gab	0	2	0	9
miniatūru māja cenas	https://lv.robotoys.eu/vislabak-pardotas-miniaturas-majas	0	2	0	4
miniatűr ház makett	https://hu.robotoys.eu/blog/amit-miniatur-hazak-epitese-elott-tudni-kell	0	11	0	7.73
miniatűr pincher	https://hu.robotoys.eu/miniatur-hazak	0	2	0	13
miniatűr schnauzer	https://hu.robotoys.eu/miniatur-hazak	0	1	0	12
minihouse	https://dk.robotoys.eu/miniaturehuse	0	1	0	56
miniházak	https://hu.robotoys.eu/a-legolcsobb-mini-hazak	0	15	0	12
minimajade müük	https://ee.robotoys.eu/miniatuursete-majade-muuk	0	1	0	10
minipistol	https://se.robotoys.eu/3d-pussel-i-tra/vapen/mekaniskt-3d-pussel-i-tra-minipistol-rokr-lq502-p147	0	2	0	1
minipistol	https://se.robotoys.eu/pusseltavling/minipistol-rokr-lq502-147	0	1	0	10
minipistole	https://de.robotoys.eu/3d-puzzle-aus-holz/waffen/mechanisches-3d-puzzle-aus-holz-minipistole-rokr-lq502-p147	0	2	0	1
miniseum	https://dk.robotoys.eu/miniaturehuse	0	1	0	33
minitur	https://hu.robotoys.eu/miniatur-hazak	0	1	0	6
miniture room	https://robotoys.eu/miniature-houses/miniature-rooms	0	2	0	8.5
miniture rooms	https://robotoys.eu/miniature-houses/miniature-rooms	0	2	0	8
mira	https://es.robotoys.eu/rompecabezas-3d-de-madera/stem-lab/rompecabezas-mecanico-3d-de-madera-fabrica-de-regalos-de-ensueno-rokr-eab01-p202	0	1	0	2
mirror	https://robotoys.eu/wooden-3d-puzzle/the-animals/wooden-3d-puzzle-elephant-little-story-d012-p120	0	1	0	5
missä näitä myydään	https://robotoys.eu/miniature-houses/books-nook/sakura-densya-rolife-tgb01-p29	0	1	0	1
mitos y leyendas	https://es.robotoys.eu/blog/the-story-of-the-famous-tower-bridge-how-to-bring-london-to-your-home	0	1	0	1
mitra thompson giocattolo	https://it.robotoys.eu/puzzle-3d-in-legno/armi/thompson-rokr-lqb01-p74	0	2	0	31.5
mitragliatrice rotante	https://it.robotoys.eu/puzzle-3d-in-legno/armi/puzzle-meccanico-3d-in-legno-mitragliatrice-con-canna-rotante-rokr-lqa01-p218	0	4	0	8.5
mladinska knjiga book nook	https://robotoys.eu/miniature-houses/books-nook	0	1	0	4
mladinska knjiga book nook	https://si.robotoys.eu/miniaturne-hise/knjige-nook	0	9	0	3.89
moaz	https://ee.robotoys.eu/puidust-3d-pusle/soidukid/puidust-3d-pusle-maastikuauto-kallur-moaz-75053-eco-wood-art-p235	0	1	0	5
moaz	https://pl.robotoys.eu/drewniane-puzzle-3d/pojazdy/drewniana-ukladanka-3d-wywrotka-ziemna-moaz-75053-eco-wood-art-p235	0	2	0	23
mobili in miniatura	https://it.robotoys.eu/case-in-miniatura/camere-in-miniatura	0	1	0	33
mobili miniatura	https://it.robotoys.eu/case-in-miniatura/camere-in-miniatura	0	3	0	35.67
model ak 47	https://pl.robotoys.eu/drewniane-puzzle-3d/bronie/karabin-ak-47-rokr-lq901-p67	0	1	0	6
model big ben	https://cz.robotoys.eu/drevene-3d-puzzle/architektura/model-big-ben-s-led-osvetlenim-rolife-tg507-p20	0	1	0	1
model big ben	https://fr.robotoys.eu/casse-tete-3d-en-bois/architecture/modele-big-ben-avec-eclairage-led-rolife-tg507-p20	0	11	0	5.73
model do składania	https://pl.robotoys.eu/drewniane-puzzle-3d/pojazdy/drewniana-ukladanka-3d-czolg-fv4005-little-story-wot09-p236	0	1	0	17
model dolls house	https://robotoys.eu/miniature-houses/miniature-rooms/miniature-house-doras-loft-rolife-dg12-p91	0	1	0	23
model dolls house	https://robotoys.eu/miniature-houses/miniature-rooms/miniature-house-puppys-cozy-villa-rolife-dg169-p149	0	1	0	23
model gitary	https://pl.robotoys.eu/drewniane-puzzle-3d/instrumenty-muzyczne/model-gitary-elektrycznej-rokr-tg605k-p33	0	10	0	1.6
model lokomotywy parowej	https://pl.robotoys.eu/drewniane-puzzle-3d/pojazdy/model-lokomotywy-parowej-rokr-mc501-p13	0	15	0	1
model motocykla żużlowego	https://pl.robotoys.eu/drewniane-puzzle-3d/pojazdy/drewniana-ukladanka-3d-motocykl-blue-speedway-little-story-e019b-p239	0	1	0	9
model parowozu	https://pl.robotoys.eu/drewniane-puzzle-3d/pojazdy/model-lokomotywy-parowej-rokr-mc501-p13	0	5	0	1.4
model puzzle	https://robotoys.eu/	0	2	0	9
model stem	https://pl.robotoys.eu/blog/modele-stem-i-drewniane	0	27	0	7.85
model sterowca	https://pl.robotoys.eu/drewniane-puzzle-3d/pojazdy/model-sterowca-rolife-tg407-p22	0	12	0	5.33
model tank story	https://de.robotoys.eu/3d-puzzle-aus-holz/fahrzeuge/holz-3d-puzzle-tank-tortoise-little-story-wot08-p180	0	1	0	2
model tank story	https://fr.robotoys.eu/casse-tete-3d-en-bois/vehicules/puzzle-3d-en-bois-tank-leopard-1-little-story-wot07-p179	0	1	0	4
model tank story	https://robotoys.eu/wooden-3d-puzzle/vehicles/wooden-3d-puzzle-tank-leopard-1-little-story-wot07-p179	0	17	0	5.18
model układu słonecznego 3d	https://pl.robotoys.eu/drewniane-puzzle-3d/wszechswiat/uklad-sloneczny-rokr-st001-p71	0	4	0	1
model vzducholodi	https://cz.robotoys.eu/drevene-3d-puzzle/vozidla/model-vzducholode-rolife-tg407-p22	0	1	0	3
model wózka widłowego	https://pl.robotoys.eu/drewniane-puzzle-3d/pojazdy/drewniane-puzzle-3d-model-wozka-widlowego-rokr-tg413k-p48	0	3	0	2
modelado 3d construcción madera	https://es.robotoys.eu/blog/rompecabezas-3d-de-madera-como-elegir-tu-primer-kit-de-construccion-y-que-preparar-para	0	1	0	13
modele do sklejania drewniane	https://pl.robotoys.eu/drewniane-puzzle-3d/pojazdy/drewniane-puzzle-3d-czolg-t-34-85-little-story-wot02-p135	0	59	0	16.95
modelismo casas	https://pt.robotoys.eu/casas-em-miniatura	0	3	0	9.33
modell	https://de.robotoys.eu/3d-puzzle-aus-holz/die-architektur/3d-puzzle-aus-holz-colosseum-little-story-e016-p126	0	1	0	5
modell sagrada familia	https://de.robotoys.eu/3d-puzzle-aus-holz/die-architektur/3d-puzzle-aus-holz-sagrada-familia-little-story-e018-p133	0	9	0	6.89
modellbau zimmer	https://de.robotoys.eu/miniaturhauser/miniaturraume	0	2	0	38.5
modellbausatz holz	https://de.robotoys.eu/3d-puzzle-aus-holz/uhren-kalender/mechanisches-3d-puzzle-aus-holz-kuckucksuhr-rokr-lc901c-p198	0	1	0	45
modellbygge barn	https://se.robotoys.eu/3d-pussel-i-tra/fordon/3d-pussel-i-tra-hjulangare-river-princess-eco-wood-art-p159	0	1	0	14
modelli di barca a vela	https://it.robotoys.eu/puzzle-3d-in-legno/veicoli/modello-di-barca-a-vela-rolife-tg305-p21	0	2	0	51
modellini case	https://it.robotoys.eu/case-in-miniatura	0	3	0	14.33
modellini case da costruire	https://it.robotoys.eu/case-in-miniatura	0	4	0	17.25
modellini di case	https://it.robotoys.eu/case-in-miniatura	0	5	0	10
modellini di case da costruire	https://it.robotoys.eu/case-in-miniatura	0	4	0	14.25
modellini di legno	https://it.robotoys.eu/puzzle-3d-in-legno/strumenti-musicali/chitarra-elettrica-modello-rokr-tg605k-p33	0	1	0	7
modellino 3d	https://it.robotoys.eu/prodotti-a-marchio-rokr-in-vendita	0	1	0	3
modellino 3d	https://it.robotoys.eu/puzzle-3d-in-legno/orologi-calendari/orologio-gufo-rokr-lk503-p6	0	1	0	10
modellino casa	https://it.robotoys.eu/case-in-miniatura	0	3	0	25.67
modellino torre eiffel	https://it.robotoys.eu/puzzle-3d-in-legno/architettura/modello-della-torre-eiffel-rolife-tg501-p17	0	3	0	6.33
modellismo casa	https://it.robotoys.eu/case-in-miniatura	0	3	0	27.67
modellismo casa	https://it.robotoys.eu/case-in-miniatura/camere-in-miniatura	0	1	0	24
modellismo case	https://it.robotoys.eu/case-in-miniatura	0	4	0	24.25
modellismo case in legno	https://it.robotoys.eu/case-in-miniatura	0	2	0	19.5
modellismo case in miniatura	https://it.robotoys.eu/case-in-miniatura	0	8	0	12.25
modellismo case in miniatura	https://it.robotoys.eu/case-in-miniatura/camere-in-miniatura	0	1	0	1
modellismo da costruire in legno	https://it.robotoys.eu/marche/rokr	0	1	0	5
modèle big ben	https://fr.robotoys.eu/casse-tete-3d-en-bois/architecture/modele-big-ben-avec-eclairage-led-rolife-tg507-p20	0	5	0	3.4
modèle similaire	https://fr.robotoys.eu/casse-tete-3d-en-bois/vehicules/maquette-voilier-rolife-tg305-p21	0	1	0	2
moeilijke 3d puzzels	https://nl.robotoys.eu/houten-3d-puzzel-hoge-moeilijkheidsgraad	0	2	0	20
molino mecanico	https://es.robotoys.eu/rompecabezas-3d-de-madera/arquitectura/rompecabezas-mecanico-3d-de-madera-molino-de-viento-eco-wood-art-p154	0	1	0	1
moniatur	https://hu.robotoys.eu/miniatur-hazak	0	2	0	5
monocular telescopio	https://es.robotoys.eu/rompecabezas-3d-de-madera/el-universo/telescopio-monocular-rokr-st004-p8	0	35	0	11.11
monokularni teleskop	https://si.robotoys.eu/lesena-3d-sestavljanka/vesolje/monokularni-teleskop-rokr-st004-p8	0	9	0	2.78
monokulært dobbeltsyn	https://dk.robotoys.eu/trae-3d-puslespil/universet/monokulaert-teleskop-rokr-st004-p8	0	7	0	18
monopoly rokr	https://it.robotoys.eu/marche/rokr	0	1	0	9
monopoly rokr	https://it.robotoys.eu/puzzle-3d-in-legno/stem-lab/marmo-parkour-rokr-lg501-p42	0	1	0	1
montaggio puzzle	https://it.robotoys.eu/puzzle-3d-in-legno-tempo-di-montaggio-entro-3-5-ore	0	1	0	42
monumentos 3d	https://es.robotoys.eu/rompecabezas-3d-de-madera/arquitectura	0	2	0	36
more	https://robotoys.eu/wooden-3d-puzzle/vehicles/wooden-3d-puzzle-helicopter-little-story-d017-p131	0	1	0	1
mori pan	https://cz.robotoys.eu/drevene-3d-puzzle/vozidla/drevene-3d-puzzle-plachetnice-pan-mori-eco-wood-art-p216	0	1	0	4
mose's detective agency	https://robotoys.eu/miniature-houses/miniature-rooms/moses-detective-agency-rolife-dg157-p24	0	4	0	11.25
moseho	https://cz.robotoys.eu/miniaturni-domecky/miniaturni-pokoje/moseho-detektivni-agentura-rolife-dg157-p24	0	1	0	10
moses detective	https://de.robotoys.eu/miniaturhauser/miniaturraume/moses-detektivburo-rolife-dg157-p24	0	1	0	10
moses detective agency	https://de.robotoys.eu/miniaturhauser/miniaturraume/moses-detektivburo-rolife-dg157-p24	0	2	0	3.5
moses detective agency	https://robotoys.eu/miniature-houses/miniature-rooms/moses-detective-agency-rolife-dg157-p24	0	1	0	6
most difficult rokr puzzle	https://robotoys.eu/wooden-3d-puzzle-high-difficulty	0	1	0	11
most expensive birthday	https://robotoys.eu/the-most-expensive-birthday-gifts	0	6	0	4.83
most expensive birthday gift	https://robotoys.eu/the-most-expensive-birthday-gifts	0	19	0	7.16
most expensive gift	https://robotoys.eu/the-most-expensive-birthday-gifts	0	20	0	10.05
most expensive gift	https://robotoys.eu/the-most-expensive-gifts-for-women-and-girls	0	8	0	10.5
most expensive gift for girls	https://robotoys.eu/the-most-expensive-gifts-for-women-and-girls	0	23	0	7.22
most expensive gifts	https://robotoys.eu/the-most-expensive-birthday-gifts	0	1	0	8
most expensive gifts for women	https://robotoys.eu/the-most-expensive-gifts-for-women-and-girls	0	1	0	8
most expensive things for girls	https://robotoys.eu/the-most-expensive-gifts-for-women-and-girls	0	2	0	7.5
most london	https://pl.robotoys.eu/blog/the-story-of-the-famous-tower-bridge-how-to-bring-london-to-your-home	0	1	0	26
most london bridge	https://cz.robotoys.eu/blog/the-story-of-the-famous-tower-bridge-how-to-bring-london-to-your-home	0	1	0	16
most london bridge	https://pl.robotoys.eu/blog/the-story-of-the-famous-tower-bridge-how-to-bring-london-to-your-home	0	2	0	22.5
most londyn	https://pl.robotoys.eu/blog/the-story-of-the-famous-tower-bridge-how-to-bring-london-to-your-home	0	10	0	7.9
most londyński	https://pl.robotoys.eu/blog/the-story-of-the-famous-tower-bridge-how-to-bring-london-to-your-home	0	6	0	14.33
most tower bridge	https://pl.robotoys.eu/blog/the-story-of-the-famous-tower-bridge-how-to-bring-london-to-your-home	0	5	0	25
most u londonu	https://cz.robotoys.eu/blog/the-story-of-the-famous-tower-bridge-how-to-bring-london-to-your-home	0	1	0	9
most u londonu	https://hr.robotoys.eu/blog/prica-o-poznatom-tower-bridgeu-kako-dovesti-london-u-svoj-dom	0	43	0	9.49
most u londonu tower bridge	https://hr.robotoys.eu/blog/prica-o-poznatom-tower-bridgeu-kako-dovesti-london-u-svoj-dom	0	11	0	10.27
most v londyne	https://cz.robotoys.eu/blog/the-story-of-the-famous-tower-bridge-how-to-bring-london-to-your-home	0	1	0	12
most v londýně	https://cz.robotoys.eu/blog/the-story-of-the-famous-tower-bridge-how-to-bring-london-to-your-home	0	36	0	11.11
most w anglii	https://pl.robotoys.eu/blog/the-story-of-the-famous-tower-bridge-how-to-bring-london-to-your-home	0	2	0	39.5
most w londynie	https://pl.robotoys.eu/blog/the-story-of-the-famous-tower-bridge-how-to-bring-london-to-your-home	0	5	0	35.4
most w wielkiej brytanii	https://pl.robotoys.eu/blog/the-story-of-the-famous-tower-bridge-how-to-bring-london-to-your-home	0	1	0	51
most zwodzony w londynie	https://pl.robotoys.eu/blog/the-story-of-the-famous-tower-bridge-how-to-bring-london-to-your-home	0	1	0	41
mostarle molino	https://es.robotoys.eu/rompecabezas-3d-de-madera/arquitectura/rompecabezas-mecanico-3d-de-madera-molino-de-viento-eco-wood-art-p154	0	1	0	5
mostarle molino de viento	https://es.robotoys.eu/rompecabezas-3d-de-madera/arquitectura/rompecabezas-mecanico-3d-de-madera-molino-de-viento-eco-wood-art-p154	0	2	0	2.5
mosty w londynie	https://pl.robotoys.eu/blog/the-story-of-the-famous-tower-bridge-how-to-bring-london-to-your-home	0	7	0	15.43
moto comanche	https://fr.robotoys.eu/casse-tete-3d-en-bois/vehicules/puzzle-3d-en-bois-comanche-motorcycle-little-story-e023-p175	0	1	0	1
moto comanche	https://fr.robotoys.eu/casse-tete-3d-en-bois/vehicules/puzzle-3d-en-bois-moto-comanche-rouge-little-story-e023r-p248	0	1	0	1
moto da corsa blu	https://it.robotoys.eu/puzzle-3d-in-legno/veicoli/puzzle-3d-in-legno-moto-da-corsa-blu-little-story-e019b-p239	0	2	0	1
moto da speedway	https://it.robotoys.eu/puzzle-3d-in-legno/veicoli/puzzle-3d-in-legno-moto-da-speedway-little-story-e019-p171	0	1	0	3
moto di legno	https://it.robotoys.eu/puzzle-3d-in-legno/veicoli/puzzle-3d-in-legno-moto-da-speedway-little-story-e019-p171	0	1	0	14
moto di legno	https://it.robotoys.eu/puzzle-3d-in-legno/veicoli/puzzle-3d-in-legno-moto-speedtail-little-story-e020-p172	0	2	0	1
moto in legno	https://it.robotoys.eu/puzzle-3d-in-legno/veicoli/puzzle-3d-in-legno-moto-da-speedway-little-story-e019-p171	0	3	0	8
moto puzzle	https://es.robotoys.eu/rompecabezas-3d-de-madera/vehiculos/puzzle-de-madera-3d-moto-de-carreras-little-story-e019-p171	0	3	0	3
moto puzzle	https://it.robotoys.eu/puzzle-3d-in-legno/veicoli/puzzle-3d-in-legno-moto-da-speedway-little-story-e019-p171	0	8	0	3.88
moto rokr	https://fr.robotoys.eu/casse-tete-3d-en-bois/vehicules/moto-cruiser-rokr-lk504-p12	0	1	0	19
moto rokr	https://robotoys.eu/brands/rokr	0	1	0	16
motor puzzle	https://hu.robotoys.eu/fabol-keszult-3d-puzzle/jarmuvek/motorcycle-cruiser-rokr-lk504-p12	0	2	0	10
motor puzzle	https://robotoys.eu/wooden-3d-puzzle/vehicles	0	2	0	7
motorcycle	https://gr.robotoys.eu/ksylino-trisdiastato-pazl/oxhmata/motorcycle-cruiser-rokr-lk504-p12	0	2	0	73
motorcycle puzzle	https://robotoys.eu/wooden-3d-puzzle/vehicles/motorcycle-cruiser-rokr-lk504-p12	0	1	0	23
motorcycle wooden puzzle	https://robotoys.eu/wooden-3d-puzzle/vehicles/motorcycle-cruiser-rokr-lk504-p12	0	1	0	12
motorické dovednosti	https://cz.robotoys.eu/blog/top-5-aktivit-ktere-podporuji-rozvoj-motorickych-schopnosti	0	5	0	18.6
motorické schopnosti	https://cz.robotoys.eu/blog/top-5-aktivit-ktere-podporuji-rozvoj-motorickych-schopnosti	0	2	0	17.5
motorik	https://se.robotoys.eu/blogg/top-5-aktiviteter-som-stodjer-utvecklingen-av-motorik	0	2	0	65.5
motorik øvelser	https://dk.robotoys.eu/blog/top-5-aktiviteter-der-understotter-udviklingen-af-motoriske-faerdigheder	0	4	0	57.75
motorika kod odraslih	https://si.robotoys.eu/blog/top-5-dejavnosti-ki-podpirajo-razvoj-motoricnih-sposobnosti	0	1	0	6
motorikus képességek	https://hu.robotoys.eu/blog/a-motoros-kepessegek-fejleszteset-tamogato-top-5-tevekenyseg	0	4	0	26
motorikübungen	https://de.robotoys.eu/bloggen/top-5-aktivitaten-die-die-entwicklung-motorischer-fahigkeiten-unterstutzen	0	2	0	66.5
motorische förderung	https://de.robotoys.eu/bloggen/top-5-aktivitaten-die-die-entwicklung-motorischer-fahigkeiten-unterstutzen	0	1	0	86
motorische ontwikkelingen	https://nl.robotoys.eu/blog/top-5-activiteiten-die-de-ontwikkeling-van-motorische-vaardigheden-ondersteunen	0	2	0	29.5
motorische planung übungen	https://de.robotoys.eu/bloggen/top-5-aktivitaten-die-die-entwicklung-motorischer-fahigkeiten-unterstutzen	0	1	0	36
motorische vaardigheden	https://nl.robotoys.eu/blog/top-5-activiteiten-die-de-ontwikkeling-van-motorische-vaardigheden-ondersteunen	0	18	0	53.67
motorische ziele bei kindern	https://de.robotoys.eu/bloggen/top-5-aktivitaten-die-die-entwicklung-motorischer-fahigkeiten-unterstutzen	0	2	0	50.5
motorisk träning	https://se.robotoys.eu/blogg/top-5-aktiviteter-som-stodjer-utvecklingen-av-motorik	0	2	0	57
motoriske øvelser	https://dk.robotoys.eu/blog/top-5-aktiviteter-der-understotter-udviklingen-af-motoriske-faerdigheder	0	1	0	56
motoričke sposobnosti	https://hr.robotoys.eu/blog/top-5-aktivnosti-koje-podupiru-razvoj-motorickih-sposobnosti	0	5	0	9
motorkruiser	https://nl.robotoys.eu/houten-3d-puzzel/voertuigen/motorkruiser-rokr-lk504-p12	0	8	0	41
motorkruiser verkopen	https://nl.robotoys.eu/houten-3d-puzzel/voertuigen/motorkruiser-rokr-lk504-p12	0	1	0	24
motorola rokr	https://it.robotoys.eu/marche/rokr	0	2	0	9.5
motorola rokr	https://it.robotoys.eu/puzzle-3d-in-legno/carillon/carillon-violoncello-magico-rokr-amk63-p1	0	1	0	50
motorola rokr e1	https://it.robotoys.eu/marche/rokr	0	1	0	6
motoros fejlődés játék	https://hu.robotoys.eu/blog/a-motoros-kepessegek-fejleszteset-tamogato-top-5-tevekenyseg	0	4	0	11
motoros funkciók	https://hu.robotoys.eu/blog/a-motoros-kepessegek-fejleszteset-tamogato-top-5-tevekenyseg	0	1	0	13
motoros képességek	https://hu.robotoys.eu/blog/a-motoros-kepessegek-fejleszteset-tamogato-top-5-tevekenyseg	0	10	0	15.5
motoros puzzle	https://hu.robotoys.eu/fabol-keszult-3d-puzzle/jarmuvek/fa-3d-puzzle-motorcycle-speedtail-little-story-e020-p172	0	1	0	4
motoros puzzle	https://hu.robotoys.eu/fabol-keszult-3d-puzzle/jarmuvek/motorcycle-cruiser-rokr-lk504-p12	0	1	0	4
motorrad modell holz	https://de.robotoys.eu/3d-puzzle-aus-holz/fahrzeuge/3d-puzzle-aus-holz-grand-prix-motorrad-little-story-e021-p173	0	2	0	4
motorrad puzzle	https://de.robotoys.eu/3d-puzzle-aus-holz/fahrzeuge/3d-puzzle-aus-holz-grand-prix-motorrad-little-story-e021-p173	0	24	0	3.92
motverka stress	https://se.robotoys.eu/blogg/hur-man-blir-av-med-stress-10-effektiva-tips	0	2	0	56
moze	https://robotoys.eu/blog/wooden-3d-puzzles-how-to-choose-your-first-building-kit-and-what-to-prepare-for	0	1	0	2
moze	https://robotoys.eu/miniature-houses/books-nook/sakura-densya-rolife-tgb01-p29	0	1	0	1
moze	https://robotoys.eu/wooden-3d-puzzle/architecture/wooden-3d-puzzle-sakura-treehouse-rolife-tgs04-p201	0	1	0	5
može slika	https://hr.robotoys.eu/drvena-3d-slagalica/cvijece/drvena-3d-puzzle-crvena-ruza-rowood-tw042-p101	0	1	0	4
mr millers	https://es.robotoys.eu/casas-en-miniatura/habitaciones-en-miniatura/mr-millers-garden-rolife-dg108-p23	0	1	0	2
mr millers	https://se.robotoys.eu/miniatyrhus/miniatyrrum/mr-millers-tradgard-rolife-dg108-p23	0	2	0	1
mrs cathy	https://hu.robotoys.eu/miniatur-hazak/miniatur-szobak/mrs-cathy-uveghaza-rolife-dg104-p28	0	4	0	2.5
music box 3d wooden puzzle	https://robotoys.eu/wooden-3d-puzzle/music-boxes	0	3	0	16.33
music box christmas	https://robotoys.eu/wooden-3d-puzzle/stem-lab/wooden-mechanical-3d-puzzle-dream-gift-factory-rokr-eab01-p202	0	1	0	2
music instrument	https://robotoys.eu/wooden-3d-puzzle/musical-instruments	0	1	0	12
mutass fotot	https://hu.robotoys.eu/fabol-keszult-3d-puzzle/az-allatok/fa-3d-puzzle-stegosaurus-little-story-d010-p118	0	1	0	1
muziek doosje	https://nl.robotoys.eu/houten-3d-puzzel/muziekdoosjes/muziekdoos-sterrennacht-rokr-amk51-p11	0	1	0	7
muzyka	https://pl.robotoys.eu/drewniane-puzzle-3d/pozytywki/gramofon-elektryczny-rokr-lkb01d-p68	0	1	0	3
muéstrame link de compra	https://es.robotoys.eu/rompecabezas-3d-de-madera/relojes-y-calendarios/reloj-de-pared-romantico-rokr-lc701-p56	0	1	0	13
my preferences	https://robotoys.eu/wooden-3d-puzzle/vehicles/wooden-mechanical-3d-puzzle-red-racing-car-eco-wood-art-p152	0	1	0	32
máquina de escribir	https://es.robotoys.eu/marcas/rokr	0	1	0	3
máquinas de escribir antiguas precios	https://es.robotoys.eu/rompecabezas-3d-de-madera/stem-lab/rompecabezas-mecanico-3d-de-madera-maquina-de-escribir-eco-wood-art-p158	0	2	0	1
más	https://es.robotoys.eu/rompecabezas-3d-de-madera/cajas-de-musica/caja-de-musica-violonchelo-magico-rokr-amk63-p1	0	1	0	3
más que hobby	https://es.robotoys.eu/casas-en-miniatura/habitaciones-en-miniatura/biblioteca-de-estudio-de-sam-rolife-dg102-p86	0	1	0	1
música com violoncelo	https://pt.robotoys.eu/quebra-cabeca-3d-de-madeira/caixas-de-musica/violoncelo-magico-de-caixa-de-musica-rokr-amk63-p1	0	2	0	4
műszaki ajándék férfiaknak	https://hu.robotoys.eu/a-legkeresettebb-ajandekok-ferfiaknak-es-fiuknak	0	5	0	22.4
na niej london bridge	https://pl.robotoys.eu/blog/the-story-of-the-famous-tower-bridge-how-to-bring-london-to-your-home	0	2	0	7.5
nabízíte velkoobchodní spolupráci	https://cz.robotoys.eu/uzitecne-odkazy/o-spolecnosti/velkoobchod	0	3	0	9
nad nią tower bridge	https://pl.robotoys.eu/blog/the-story-of-the-famous-tower-bridge-how-to-bring-london-to-your-home	0	2	0	9
naef	https://nl.robotoys.eu/houten-3d-puzzel/de-dieren/houten-3d-puzzel-olifant-little-story-d012-p120	0	1	0	18
nagymozgások fejlesztése	https://hu.robotoys.eu/blog/a-motoros-kepessegek-fejleszteset-tamogato-top-5-tevekenyseg	0	2	0	78
najdi cenu	https://cz.robotoys.eu/drevene-3d-puzzle/vozidla/model-parni-lokomotivy-rokr-mc501-p13	0	1	0	5
najdi produkt	https://cz.robotoys.eu/miniaturni-domecky/books-nook/kouzelny-dum-rolife-tgb03-p58	0	1	0	1
najlepsze sklepy z miniaturami diy w polsce	https://pl.robotoys.eu/konkurs-puzzli/ksiegarnia-w-starej-uliczce-262	0	3	0	5
najlepsze sklepy z miniaturami diy w polsce	https://pl.robotoys.eu/konkurs-puzzli/rozowa-roza-rowood-tw041-111	0	1	0	8
najlepsze sklepy z miniaturami diy w polsce	https://pl.robotoys.eu/miniaturowe-domki/sklepy-z-miniaturami	0	6	0	6
najstarszy most w londynie	https://pl.robotoys.eu/blog/the-story-of-the-famous-tower-bridge-how-to-bring-london-to-your-home	0	1	0	48
nama barang	https://robotoys.eu/miniature-houses/books-nook/sakura-densya-rolife-tgb01-p29	0	1	0	90
name	https://robotoys.eu/wooden-3d-puzzle/the-animals/wooden-3d-puzzle-stegosaurus-little-story-d010-p118	0	1	0	19
namikai	https://lt.robotoys.eu/miniatiuriniai-namai	0	1	0	9
natale 3d	https://it.robotoys.eu/puzzle-3d-in-legno/carillon/puzzle-3d-meccanico-in-legno-albero-di-natale-melodico-rolife-ams01-p138	0	5	0	7.6
necesito una imagen visual	https://es.robotoys.eu/rompecabezas-3d-de-madera/vehiculos/puzzle-3d-de-madera-tigre-i-little-story-wot03-p136	0	1	0	23
nederlands	https://nl.robotoys.eu/blog/het-verhaal-van-de-beroemde-tower-bridge-hoe-je-londen-bij-je-thuis-brengt	0	1	0	3
nee deze	https://robotoys.eu/miniature-houses/miniature-stores/miniature-house-alices-tea-shop-rolife-dg156-p61	0	1	0	28
negozi in miniatura	https://it.robotoys.eu/case-in-miniatura	0	2	0	28.5
negozi in miniatura	https://it.robotoys.eu/case-in-miniatura/negozi-in-miniatura/casa-in-miniatura-negozio-di-te-di-alice-rolife-dg156-p61	0	9	0	3.67
negozi in miniatura	https://it.robotoys.eu/case-in-miniatura/negozi-in-miniatura/negozio-di-fiori-emily-rolife-dg145-p25	0	5	0	6.2
negozi in miniatura	https://it.robotoys.eu/case-in-miniatura/negozi-in-miniatura/negozio-di-streghe-kiki-rolife-dg155-p31	0	12	0	3.58
negozi miniature	https://it.robotoys.eu/case-in-miniatura/negozi-in-miniatura	0	1	0	13
negozi piccoli	https://it.robotoys.eu/case-in-miniatura/negozi-in-miniatura	0	1	0	11
negozio di miniature	https://it.robotoys.eu/case-in-miniatura/negozi-in-miniatura/negozio-di-fiori-emily-rolife-dg145-p25	0	3	0	51.33
negozio fisico	https://it.robotoys.eu/marche/rolife	0	1	0	4
negozio miniature	https://it.robotoys.eu/case-in-miniatura/negozi-in-miniatura/negozio-di-fiori-emily-rolife-dg145-p25	0	1	0	18
nehéz puzzle	https://hu.robotoys.eu/fabol-keszult-3d-s-puzzle-nagy-nehezsegi-fokozat	0	4	0	7.75
nejlepší blog	https://cz.robotoys.eu/blog/nejlepsi-darek-pro-nej-originalni-s-dotekem-historie	0	1	0	16
nejlepší dárek	https://cz.robotoys.eu/blog/nejlepsi-darek-pro-nej-originalni-s-dotekem-historie	0	1	0	13
nejlepší dárek na valentýna	https://cz.robotoys.eu/blog/5-nejlepsich-darku-na-valentyna-ktere-potesi-kazdeho	0	1	0	26
nejprodávanější dárky na vánoce	https://cz.robotoys.eu/darky-na-vanoce-v-akci	0	1	0	16
nejprodávanější dárky na vánoce	https://cz.robotoys.eu/napady-na-darky/darky-na-vanoce	0	1	0	18
nejprodávanější dárky na vánoce	https://cz.robotoys.eu/nejprodavanejsi-darky-na-vanoce	0	7	0	8.43
nejprodávanější dárky pro ženy	https://cz.robotoys.eu/nejpopularnejsi-darky-pro-zeny-a-divky	0	14	0	14.29
nejznámější most v londýně	https://cz.robotoys.eu/blog/the-story-of-the-famous-tower-bridge-how-to-bring-london-to-your-home	0	4	0	10.5
nelk alice	https://ee.robotoys.eu/pusle-voistlus	0	1	0	20
nerf stagecoach	https://nl.robotoys.eu/houten-3d-puzzel/voertuigen/houten-mechanische-3d-puzzel-postkoets-rokr-amka1-p99	0	1	0	5
never wither	https://robotoys.eu/blog/a-wooden-bouquet-that-never-withers-discover-the-magic-of-3d-flower-puzzles	0	1	0	5
neviditelná police na knihy	https://cz.robotoys.eu/miniaturni-domecky/books-nook/knihkupectvi-rolife-tgb07-p76	0	3	0	43
nhiêu	https://robotoys.eu/wooden-3d-puzzle/stem-lab/wooden-mechanical-3d-puzzle-gear-ball-challenge-rokr-egc01-p213	0	1	0	28
nie mogę znaleźć	https://pl.robotoys.eu/drewniane-puzzle-3d/pojazdy/drewniana-ukladanka-3d-tank-tortoise-little-story-wot08-p180	0	1	0	2
no hay ninguna imagen	https://es.robotoys.eu/rompecabezas-3d-de-madera/armas/rompecabezas-mecanico-3d-de-madera-ametralladora-con-canon-giratorio-rokr-lqa01-p218	0	1	0	13
no hay ninguna imagen	https://es.robotoys.eu/rompecabezas-3d-de-madera/armas/rompecabezas-mecanico-3d-de-madera-canon-antiaereo-rokr-lqm01-p255	0	1	0	14
no hay ninguna imagen	https://es.robotoys.eu/rompecabezas-3d-de-madera/armas/rompecabezas-mecanico-3d-de-madera-mini-pistola-rokr-lq502-p147	0	1	0	21
no hay ninguna imagen	https://es.robotoys.eu/rompecabezas-3d-de-madera/armas/terminator-m870-rokr-lq501-p36	0	1	0	27
nog meer	https://nl.robotoys.eu/houten-3d-puzzel/stem-lab/houten-mechanische-3d-puzzel-klassieke-printer-rokr-lk602-p90	0	1	0	2
non	https://fr.robotoys.eu/casse-tete-3d-en-bois/stem-lab/puzzle-3d-mecanique-en-bois-imprimante-classique-rokr-lk602-p90	0	1	0	1
nook	https://bg.robotoys.eu/mynyatiurny-kshchy/knygy-nook	0	1	0	8
nook	https://si.robotoys.eu/miniaturne-hise/knjige-nook	0	6	0	8.67
nook book	https://cz.robotoys.eu/miniaturni-domecky/books-nook	0	2	0	12
notre dame 3d puzzle	https://cz.robotoys.eu/drevene-3d-puzzle/architektura/drevene-3d-puzzle-katedrala-notre-dame-little-story-e017-p127	0	1	0	5
notre dame 3d puzzle	https://robotoys.eu/wooden-3d-puzzle/architecture/wooden-3d-puzzle-notre-dame-cathedral-little-story-e017-p127	0	7	0	1
notre dame cathedral 3d puzzle	https://robotoys.eu/wooden-3d-puzzle/architecture/wooden-3d-puzzle-notre-dame-cathedral-little-story-e017-p127	0	11	0	1
notre dame puzzle	https://es.robotoys.eu/rompecabezas-3d-de-madera/arquitectura/puzzle-3d-de-madera-catedral-de-notre-dame-little-story-e017-p127	0	1	0	11
notre dame puzzle 3d	https://de.robotoys.eu/3d-puzzle-aus-holz/die-architektur/3d-puzzle-aus-holz-kathedrale-notre-dame-little-story-e017-p127	0	1	0	5
notre dame puzzle 3d	https://es.robotoys.eu/rompecabezas-3d-de-madera/arquitectura/puzzle-3d-de-madera-catedral-de-notre-dame-little-story-e017-p127	0	4	0	1
notre dame puzzle 3d	https://fr.robotoys.eu/casse-tete-3d-en-bois/architecture/puzzle-3d-en-bois-cathedrale-notre-dame-little-story-e017-p127	0	1	0	1
notre dame puzzle 3d	https://it.robotoys.eu/puzzle-3d-in-legno/architettura/puzzle-3d-in-legno-cattedrale-di-notre-dame-little-story-e017-p127	0	2	0	1
notre dame puzzle 3d	https://pl.robotoys.eu/drewniane-puzzle-3d/architektura/drewniane-puzzle-3d-katedra-notre-dame-little-story-e017-p127	0	1	0	11
notre dame puzzles	https://robotoys.eu/wooden-3d-puzzle/architecture/wooden-3d-puzzle-notre-dame-cathedral-little-story-e017-p127	0	2	0	23
notre dame wooden puzzle	https://robotoys.eu/wooden-3d-puzzle/architecture/wooden-3d-puzzle-notre-dame-cathedral-little-story-e017-p127	0	2	0	1.5
nápad na vánoční dárek	https://cz.robotoys.eu/blog/skvele-tipy-na-vanocni-darky-ktere-potesi-i-ty-nejnarocnejsi	0	1	0	18
nástěnné hodiny sova	https://cz.robotoys.eu/drevene-3d-puzzle/hodiny-kalendare/hodiny-sova-rokr-lk503-p6	0	1	0	13
návod	https://robotoys.eu/blog/wooden-3d-puzzles-how-to-choose-your-first-building-kit-and-what-to-prepare-for	0	1	0	1
näita pilte	https://ee.robotoys.eu/puidust-3d-pusle/lilled	0	1	0	1
när byggdes tower bridge	https://se.robotoys.eu/blogg/the-story-of-the-famous-tower-bridge-how-to-bring-london-to-your-home	0	19	0	10.11
něco hezkého pro ženu	https://cz.robotoys.eu/blog/7-neodolatelnych-tipu-na-darky-pro-zenu	0	10	0	7.6
nơi mua	https://robotoys.eu/wooden-3d-puzzle/stem-lab/wooden-mechanical-3d-puzzle-gear-ball-challenge-rokr-egc01-p213	0	1	0	27
o ancião da cabaça mágica	https://pt.robotoys.eu/quebra-cabeca-3d-de-madeira-tempo-de-montagem-de-3-a-5-horas	0	1	0	16
o que significa hobbies	https://pt.robotoys.eu/blogue/a-tendencia-do-tiktok-hobby-da-dopamina-o-que-significa-e-por-que-os-quebra-cabecas-sao-uma-otima-opcao	0	1	0	14
o que é tower bridge	https://pt.robotoys.eu/blogue/a-historia-da-famosa-tower-bridge-como-levar-londres-para-a-sua-casa	0	3	0	10.67
oad wood	https://nl.robotoys.eu/houten-3d-puzzel/voertuigen/houten-3d-puzzel-tankoplegger-voor-truck-road-king-eco-wood-art-p155	0	1	0	8
obojí	https://robotoys.eu/	0	1	0	5
obojí	https://robotoys.eu/puzzle-competition/space-shuttle-rokr-lka02-253	0	1	0	6
obrazek	https://cz.robotoys.eu/drevene-3d-puzzle/kvety/drevene-3d-puzzle-dreveny-kvetinovy-box-rowood-tw02h-p162	0	1	0	25
obrazku	https://cz.robotoys.eu/drevene-3d-puzzle/zvirata/drevene-3d-puzzle-stegosaurus-little-story-d010-p118	0	1	0	3
obrazky	https://cz.robotoys.eu/drevene-3d-puzzle/kvety/drevene-3d-puzzle-sakura-bonsai-rolife-tg415-p142	0	1	0	12
obszar stem	https://pl.robotoys.eu/blog/modele-stem-i-drewniane	0	2	0	11
od jakiego wieku	https://pl.robotoys.eu/drewniane-puzzle-3d/pozytywki/romantyczna-karuzela-rokr-amk62-p77	0	1	0	21
od nule	https://si.robotoys.eu/lesena-3d-sestavljanka/vozila/lesena-3d-sestavljanka-letalo-little-story-d016-p130	0	1	0	2
odstranění stresu	https://cz.robotoys.eu/blog/jak-se-zbavit-stresu-10-ucinnych-tipu	0	2	0	19
ok	https://es.robotoys.eu/rompecabezas-3d-de-madera/los-animales/rompecabezas-mecanico-3d-de-madera-velociraptor-rokr-ld01-p220	0	1	0	4
ok	https://pl.robotoys.eu/drewniane-puzzle-3d/pojazdy/model-lokomotywy-parowej-rokr-mc501-p13	0	1	0	14
ok	https://robotoys.eu/puzzle-competition	0	1	0	1
okos ajándék férfiaknak	https://hu.robotoys.eu/a-legkeresettebb-ajandekok-ferfiaknak-es-fiuknak	0	5	0	7.6
onde comprar	https://pt.robotoys.eu/quebra-cabeca-3d-de-madeira/caixas-de-musica/quebra-cabeca-mecanico-3d-de-madeira-carrossel-classico-rolife-amc01-p146	0	1	0	24
onde comprar e quanto custa	https://pt.robotoys.eu/quebra-cabeca-3d-de-madeira/veiculos/quebra-cabeca-3d-de-madeira-onibus-turistico-de-londres-rolife-tgm02-p106	0	1	0	19
onde comprar igual?	https://pt.robotoys.eu/casas-em-miniatura/quartos-em-miniatura/biblioteca-de-estudo-de-sam-rolife-dg102-p86	0	1	0	26
onde comprar?	https://pt.robotoys.eu/quebra-cabeca-3d-de-madeira/stem-lab/quebra-cabeca-mecanico-3d-de-madeira-gear-ball-challenge-rokr-egc01-p213	0	1	0	3
onde está a histórica ponte de londres	https://pt.robotoys.eu/blogue/a-historia-da-famosa-tower-bridge-como-levar-londres-para-a-sua-casa	0	5	0	6.2
onde está atualmente a histórica ponte de londres	https://pt.robotoys.eu/blogue/a-historia-da-famosa-tower-bridge-como-levar-londres-para-a-sua-casa	0	1	0	26
onde eu compro	https://pt.robotoys.eu/quebra-cabeca-3d-de-madeira/caixas-de-musica/quebra-cabeca-mecanico-3d-de-madeira-carrossel-classico-rolife-amc01-p146	0	1	0	24
onde eu compro	https://robotoys.eu/	0	1	0	13
onderste gedeelte puzzel	https://nl.robotoys.eu/houten-3d-puzzel/voertuigen/luchtballon-rolife-tg406-p84	0	1	0	18
online	https://it.robotoys.eu/puzzle-3d-in-legno/fiori/puzzle-3d-in-legno-girasole-dorato-rowood-th002-p193	0	1	0	14
ontlading van stress	https://nl.robotoys.eu/blog/hoe-zich-te-ontdoen-van-stress-10-effectieve-tips	0	1	0	95
ontstressen	https://nl.robotoys.eu/blog/hoe-zich-te-ontdoen-van-stress-10-effectieve-tips	0	15	0	95.87
ontstressen tips	https://nl.robotoys.eu/blog/hoe-zich-te-ontdoen-van-stress-10-effectieve-tips	0	2	0	84.5
opera house sydney	https://es.robotoys.eu/rompecabezas-3d-de-madera/arquitectura/rompecabezas-3d-de-madera-opera-de-sidney-little-story-e028-p238	0	1	0	3
oq dar de presente para mulher	https://pt.robotoys.eu/blogue/7-ideias-de-presentes-irresistiveis-para-mulheres	0	1	0	78
orchideen puzzle	https://it.robotoys.eu/puzzle-3d-in-legno/fiori/puzzle-3d-in-legno-orchidea-farfalla-viola-rowood-tw091-p194	0	2	0	55
originaalne kingitus	https://ee.robotoys.eu/blogi/5-parimat-sobrapaeva-kingitust-mis-meeldivad-koigile	0	3	0	43
original gave	https://dk.robotoys.eu/blog/5-bedste-valentinsdagsgaver-der-vil-glaede-alle	0	5	0	20.2
original gave	https://dk.robotoys.eu/blog/den-bedste-gave-til-ham-original-med-et-strejf-af-historie	0	3	0	35.67
original toys 3d	https://robotoys.eu/wooden-3d-puzzle/weapons/wooden-mechanical-3d-puzzle-machine-gun-with-rotating-barrel-rokr-lqa01-p218	0	1	0	11
originales regalos para mujer	https://es.robotoys.eu/blog/7-ideas-de-regalos-irresistibles-para-mujeres	0	1	0	7
origine mot puzzle	https://fr.robotoys.eu/blog/histoire-des-puzzles-en-bois-3d-des-debuts-a-nos-jours	0	1	0	35
origine puzzle	https://fr.robotoys.eu/blog/histoire-des-puzzles-en-bois-3d-des-debuts-a-nos-jours	0	1	0	11
origineel cadeau valentijnsdag	https://nl.robotoys.eu/blog/5-beste-valentijnsdagcadeaus-die-iedereen-zullen-plezieren	0	4	0	4.25
origineel mannen cadeau	https://nl.robotoys.eu/blog/een-cadeau-voor-de-man-die-alles-al-heeft-24-originele-tips-die-hem-echt-zullen-verrassen	0	2	0	3
origineels	https://nl.robotoys.eu/blog/wat-is-het-beste-cadeau-voor-hem-origineel-met-een-vleugje-geschiedenis	0	2	0	66.5
originele mannen cadeau	https://nl.robotoys.eu/blog/een-cadeau-voor-de-man-die-alles-al-heeft-24-originele-tips-die-hem-echt-zullen-verrassen	0	3	0	2.67
origins puzzles	https://robotoys.eu/blog/history-of-3d-wooden-puzzles-from-beginnings-to-the-present	0	2	0	8
originální dárek na valentýna pro muže	https://cz.robotoys.eu/blog/5-nejlepsich-darku-na-valentyna-ktere-potesi-kazdeho	0	2	0	13
orologi a cucu economici	https://it.robotoys.eu/puzzle-3d-in-legno	0	1	0	13
orologio a cucu legno	https://it.robotoys.eu/puzzle-3d-in-legno/orologi-calendari/puzzle-meccanico-3d-in-legno-orologio-a-cucu-rokr-lc901c-p198	0	1	0	1
orologio a cucù meccanico	https://it.robotoys.eu/puzzle-3d-in-legno/orologi-calendari/puzzle-meccanico-3d-in-legno-orologio-a-cucu-rokr-lc901c-p198	0	1	0	6
orologio da montare	https://it.robotoys.eu/puzzle-3d-in-legno/orologi-calendari/puzzle-meccanico-3d-in-legno-orologio-a-cucu-rokr-lc901c-p198	0	1	0	2
orologio puzzle	https://it.robotoys.eu/puzzle-3d-in-legno/orologi-calendari/puzzle-meccanico-3d-in-legno-orologio-a-cucu-rokr-lc901c-p198	0	2	0	12.5
oroszlán 3d	https://hu.robotoys.eu/fabol-keszult-3d-puzzle/az-allatok/fa-3d-puzzle-oroszlan-little-story-d011-p119	0	6	0	1.17
oui	https://fr.robotoys.eu/casse-tete-3d-en-bois/horloges-et-calendriers/puzzle-mecanique-3d-en-bois-horloge-a-coucou-rokr-lc901c-p198	0	1	0	25
ouzzle 3d	https://fr.robotoys.eu/casse-tete-3d-en-bois/architecture/puzzle-3d-en-bois-arc-de-la-victoire-little-story-e011-p123	0	1	0	3
ouzzle 3d	https://fr.robotoys.eu/casse-tete-3d-en-bois/architecture/puzzle-3d-en-bois-sagrada-familia-little-story-e018-p133	0	2	0	5
ouzzle 3d	https://pl.robotoys.eu/drewniane-puzzle-3d/architektura/drewniane-puzzle-3d-luk-zwyciestwa-little-story-e011-p123	0	2	0	7
owl clock	https://robotoys.eu/wooden-3d-puzzle/clocks-calendars/clock-owl-rokr-lk503-p6	0	7	0	36.71
owl clock 3d wooden puzzle	https://robotoys.eu/wooden-3d-puzzle/clocks-calendars/clock-owl-rokr-lk503-p6	0	1	0	9
owl clock kit	https://robotoys.eu/wooden-3d-puzzle/clocks-calendars/clock-owl-rokr-lk503-p6	0	1	0	9
owl clock lk503	https://cz.robotoys.eu/drevene-3d-puzzle/hodiny-kalendare/hodiny-sova-rokr-lk503-p6	0	2	0	9
owl clock lk503	https://es.robotoys.eu/rompecabezas-3d-de-madera/relojes-y-calendarios/reloj-buho-rokr-lk503-p6	0	1	0	9
owl clock lk503	https://robotoys.eu/wooden-3d-puzzle/clocks-calendars/clock-owl-rokr-lk503-p6	0	6	0	3.17
owl clock wooden puzzle	https://robotoys.eu/wooden-3d-puzzle/clocks-calendars/clock-owl-rokr-lk503-p6	0	1	0	24
ozdoba na polke z ksiazkami	https://pl.robotoys.eu/miniaturowe-domki/kacik-ksiazek	0	23	0	9.26
ozdoby na półkę z książkami	https://pl.robotoys.eu/miniaturowe-domki/kacik-ksiazek	0	6	0	7.83
ozdoby na regal z ksiazkami	https://pl.robotoys.eu/miniaturowe-domki/kacik-ksiazek	0	1	0	6
ozdoby na regał z książkami	https://pl.robotoys.eu/miniaturowe-domki/kacik-ksiazek	0	1	0	8
pabuklas	https://lt.robotoys.eu/medine-3d-delione/ginklai/medinis-mechaninis-3d-deliones-rinkinys-prieslektuvinis-pabuklas-rokr-lqm01-p255	0	1	0	1
pabūklas	https://lt.robotoys.eu/medine-3d-delione/ginklai/medinis-mechaninis-3d-deliones-rinkinys-prieslektuvinis-pabuklas-rokr-lqm01-p255	0	3	0	1.33
padoda	https://es.robotoys.eu/rompecabezas-3d-de-madera/arquitectura/pagoda-de-cinco-pisos-rolife-tgn02-p45	0	1	0	1
pagina web	https://es.robotoys.eu/casas-en-miniatura/rincon-de-libros/inserto-de-estanteria-viaje-al-pais-de-las-maravillas-rolife-tgb12-p165	0	1	0	17
pagoda	https://es.robotoys.eu/rompecabezas-3d-de-madera/arquitectura/pagoda-de-cinco-pisos-rolife-tgn02-p45	0	129	0	14.29
pagoda	https://pl.robotoys.eu/drewniane-puzzle-3d/architektura/pieciopietrowa-pagoda-rolife-tgn02-p45	0	17	0	7.65
pagoda 3d	https://it.robotoys.eu/puzzle-3d-in-legno/architettura/pagoda-a-cinque-piani-rolife-tgn02-p45	0	3	0	5
pagoda 3d	https://pl.robotoys.eu/drewniane-puzzle-3d/architektura/pieciopietrowa-pagoda-rolife-tgn02-p45	0	2	0	1.5
pagoda a cinque piani	https://it.robotoys.eu/puzzle-3d-in-legno/architettura/pagoda-a-cinque-piani-rolife-tgn02-p45	0	1	0	5
pagoda in legno	https://it.robotoys.eu/puzzle-3d-in-legno/architettura/pagoda-a-cinque-piani-rolife-tgn02-p45	0	1	0	1
pagoda paviljon	https://si.robotoys.eu/lesena-3d-sestavljanka/arhitektura/petnadstropna-pagoda-rolife-tgn02-p45	0	3	0	5.67
pagoda paviljon	https://si.robotoys.eu/tekmovanje-v-sestavljanju-sestavljank/hisica-na-drevesu-sakura-rolife-tgs04-201	0	1	0	42
pagoda puzzle	https://es.robotoys.eu/rompecabezas-3d-de-madera/arquitectura/pagoda-de-cinco-pisos-rolife-tgn02-p45	0	4	0	4.5
pagoda puzzle	https://it.robotoys.eu/puzzle-3d-in-legno/architettura/pagoda-a-cinque-piani-rolife-tgn02-p45	0	1	0	8
pagoda sl	https://es.robotoys.eu/rompecabezas-3d-de-madera/arquitectura/pagoda-de-cinco-pisos-rolife-tgn02-p45	0	3	0	14
pagoda version	https://pl.robotoys.eu/drewniane-puzzle-3d/architektura/pieciopietrowa-pagoda-rolife-tgn02-p45	0	2	0	7.5
pagoda wooden	https://pl.robotoys.eu/drewniane-puzzle-3d/architektura/pieciopietrowa-pagoda-rolife-tgn02-p45	0	1	0	34
pagodad	https://es.robotoys.eu/rompecabezas-3d-de-madera/arquitectura/pagoda-de-cinco-pisos-rolife-tgn02-p45	0	1	0	1
pagode	https://nl.robotoys.eu/houten-3d-puzzel/architectuur/pagode-van-vijf-verdiepingen-rolife-tgn02-p45	0	1	0	1
pagode holz	https://de.robotoys.eu/3d-puzzle-aus-holz/die-architektur/funfstockige-pagode-rolife-tgn02-p45	0	3	0	8
pagode japonaise en bois	https://fr.robotoys.eu/casse-tete-3d-en-bois/architecture/pagode-a-cinq-etages-rolife-tgn02-p45	0	1	0	1
pagods	https://es.robotoys.eu/rompecabezas-3d-de-madera/arquitectura/pagoda-de-cinco-pisos-rolife-tgn02-p45	0	2	0	7
pagofa	https://es.robotoys.eu/rompecabezas-3d-de-madera/arquitectura/pagoda-de-cinco-pisos-rolife-tgn02-p45	0	2	0	7
pagood	https://ee.robotoys.eu/puidust-3d-pusle/arhitektuur/viiekorruseline-pagood-rolife-tgn02-p45	0	5	0	7.6
pagpda	https://es.robotoys.eu/rompecabezas-3d-de-madera/arquitectura/pagoda-de-cinco-pisos-rolife-tgn02-p45	0	1	0	1
pan mori	https://cz.robotoys.eu/drevene-3d-puzzle/vozidla/drevene-3d-puzzle-plachetnice-pan-mori-eco-wood-art-p216	0	9	0	1.56
pangoda	https://es.robotoys.eu/rompecabezas-3d-de-madera/arquitectura/pagoda-de-cinco-pisos-rolife-tgn02-p45	0	3	0	5.33
panzer aus holz	https://de.robotoys.eu/3d-puzzle-aus-holz/fahrzeuge/3d-puzzle-aus-holz-tiger-i-little-story-wot03-p136	0	2	0	1
panzer fv4005	https://de.robotoys.eu/3d-puzzle-aus-holz/fahrzeuge/3d-puzzle-aus-holz-panzer-fv4005-little-story-wot09-p236	0	2	0	3.5
panzer holz	https://cz.robotoys.eu/drevene-3d-puzzle/vozidla/drevene-3d-puzzle-tank-amx-13-105-little-story-wot05-p177	0	1	0	1
panzer puzzle	https://de.robotoys.eu/3d-puzzle-aus-holz/fahrzeuge/3d-puzzle-aus-holz-panzer-amx-13-105-little-story-wot05-p177	0	6	0	1.83
panzer puzzle	https://de.robotoys.eu/3d-puzzle-aus-holz/fahrzeuge/3d-puzzle-aus-holz-tiger-i-little-story-wot03-p136	0	6	0	2.17
panzer puzzle	https://de.robotoys.eu/3d-puzzle-aus-holz/fahrzeuge/holz-3d-puzzle-panzer-leopard-1-little-story-wot07-p179	0	1	0	4
para el hombre que lo tiene todo	https://es.robotoys.eu/blog/un-regalo-para-el-hombre-que-ya-lo-tiene-todo-24-consejos-originales-que-realmente-lo-sorprenderan	0	2	0	37.5
para o homem que já tem tudo	https://pt.robotoys.eu/blogue/um-presente-para-o-homem-que-ja-tem-tudo-24-dicas-originais-que-o-vao-surpreender-de-verdade	0	2	0	8.5
para o homem que tem tudo	https://pt.robotoys.eu/blogue/um-presente-para-o-homem-que-ja-tem-tudo-24-dicas-originais-que-o-vao-surpreender-de-verdade	0	2	0	15.5
para saurus	https://robotoys.eu/wooden-3d-puzzle/the-animals/wooden-3d-puzzle-parasaurus-little-story-d008-p117	0	3	0	1
parasaurus	https://cz.robotoys.eu/drevene-3d-puzzle/zvirata/drevene-3d-puzzle-parasaurus-little-story-d008-p117	0	18	0	1.83
parasaurus	https://cz.robotoys.eu/soutez-v-puzzle/parasaurus-little-story-d008-117	0	17	0	10.18
parasaurus	https://de.robotoys.eu/3d-puzzle-aus-holz/die-tiere/3d-puzzle-aus-holz-parasaurus-little-story-d008-p117	0	41	0	1.51
parasaurus	https://dk.robotoys.eu/puslespil-konkurrence/parasaurus-little-story-d008-117	0	6	0	8.17
parasaurus	https://dk.robotoys.eu/trae-3d-puslespil/dyrene/trae-3d-puslespil-parasaurus-little-story-d008-p117	0	3	0	4.33
parasaurus	https://es.robotoys.eu/rompecabezas-3d-de-madera/los-animales/puzzle-3d-de-madera-parasaurus-little-story-d008-p117	0	36	0	2.94
parasaurus	https://fr.robotoys.eu/casse-tete-3d-en-bois/les-animaux/puzzle-3d-en-bois-parasaurus-little-story-d008-p117	0	8	0	1
parasaurus	https://hu.robotoys.eu/fabol-keszult-3d-puzzle/az-allatok/fa-3d-puzzle-parasaurus-little-story-d008-p117	0	3	0	1
parasaurus	https://it.robotoys.eu/puzzle-3d-in-legno/gli-animali/puzzle-3d-in-legno-parasaurus-little-story-d008-p117	0	10	0	6.4
parasaurus	https://lt.robotoys.eu/medine-3d-delione/gyvunai/medine-3d-delione-parasaurus-little-story-d008-p117	0	1	0	1
parasaurus	https://lv.robotoys.eu/koka-3d-puzle/dzivnieki/koka-3d-puzle-parasaurus-little-story-d008-p117	0	2	0	6
parasaurus	https://nl.robotoys.eu/houten-3d-puzzel/de-dieren/houten-3d-puzzel-parasaurus-little-story-d008-p117	0	7	0	2.43
parasaurus	https://ro.robotoys.eu/puzzle-3d-din-lemn/animalele/puzzle-3d-din-lemn-parasaurus-little-story-d008-p117	0	3	0	1
parasaurus	https://robotoys.eu/wooden-3d-puzzle/the-animals/wooden-3d-puzzle-parasaurus-little-story-d008-p117	0	94	0	1.81
parasaurus	https://se.robotoys.eu/3d-pussel-i-tra/djuren/3d-pussel-i-tra-parasaurus-little-story-d008-p117	0	3	0	3.67
parasourus	https://es.robotoys.eu/rompecabezas-3d-de-madera/los-animales/puzzle-3d-de-madera-parasaurus-little-story-d008-p117	0	1	0	1
parfumi kot darilo zanj	https://si.robotoys.eu/blog/najboljse-darilo-zanj-original-s-pridihom-zgodovine	0	2	0	13.5
parna lokomotiva	https://robotoys.eu/wooden-3d-puzzle/vehicles/wooden-3d-puzzle-locomotive-little-story-e012-p124	0	1	0	5
parowóz zabawka	https://pl.robotoys.eu/drewniane-puzzle-3d/pojazdy/model-lokomotywy-parowej-rokr-mc501-p13	0	1	0	34
parts for this	https://robotoys.eu/wooden-3d-puzzle/stem-lab/wooden-mechanical-3d-puzzle-dream-gift-factory-rokr-eab01-p202	0	1	0	18
paso de montaña	https://es.robotoys.eu/rompecabezas-3d-de-madera/vehiculos/puzzle-de-madera-3d-moto-de-carreras-little-story-e019-p171	0	1	0	13
paso de montaña	https://es.robotoys.eu/rompecabezas-3d-de-madera/vehiculos/rompecabezas-3d-de-madera-motorcycle-speedtail-little-story-e020-p172	0	1	0	12
pavylyon	https://bg.robotoys.eu/sastezanie-po-pazeli/pavylyon-sakura-rolife-tga07-268	0	4	0	4.25
pazzle 3d	https://fr.robotoys.eu/casse-tete-3d-en-bois/architecture/puzzle-3d-en-bois-arc-de-la-victoire-little-story-e011-p123	0	1	0	6
pazzle 3d	https://fr.robotoys.eu/casse-tete-3d-en-bois/architecture/puzzle-3d-en-bois-sagrada-familia-little-story-e018-p133	0	7	0	5.86
pazzle 3d	https://pl.robotoys.eu/drewniane-puzzle-3d/architektura/drewniane-puzzle-3d-luk-zwyciestwa-little-story-e011-p123	0	3	0	12.33
peluche bourrasque	https://robotoys.eu/wooden-3d-puzzle/vehicles/wooden-3d-puzzle-bat-chatillon-bourrasque-little-story-wot04-p134	0	1	0	13
per i commercianti	https://it.robotoys.eu/i-prodotti-piu-venduti-del-marchio-rolife?page=2	0	1	0	3
pero en imágenes	https://es.robotoys.eu/rompecabezas-3d-de-madera/los-animales/puzzle-3d-de-madera-flamingo-little-story-d007-p116	0	1	0	14
perpetual calendar rokr	https://robotoys.eu/puzzle-competition/perpetual-calendar-rokr-lk201-55	0	1	0	7
pezzo warszawa	https://it.robotoys.eu/puzzle-3d-in-legno/veicoli/puzzle-3d-in-legno-warszawa-m20-little-story-e006-p98	0	1	0	13
photo of puzzles	https://robotoys.eu/wooden-3d-puzzle/the-animals	0	1	0	2
photo stp	https://robotoys.eu/wooden-3d-puzzle/architecture/illuminated-eiffel-tower-rolife-tgl01-p73	0	1	0	3
pianino mechaniczne	https://pl.robotoys.eu/drewniane-puzzle-3d/instrumenty-muzyczne/magiczne-pianino-rokr-amk81-p70	0	30	0	9.97
piano puzzle	https://es.robotoys.eu/rompecabezas-3d-de-madera/instrumentos-musicales/magic-piano-rokr-amk81-p70	0	3	0	8
piano puzzle	https://it.robotoys.eu/puzzle-3d-in-legno/strumenti-musicali/pianoforte-magico-rokr-amk81-p70	0	1	0	7
piano rokr	https://es.robotoys.eu/rompecabezas-3d-de-madera/instrumentos-musicales/magic-piano-rokr-amk81-p70	0	1	0	11
piano rokr	https://fr.robotoys.eu/casse-tete-3d-en-bois/instruments-de-musique/piano-magique-rokr-amk81-p70	0	2	0	2.5
piano rokr	https://robotoys.eu/wooden-3d-puzzle/musical-instruments/magic-piano-rokr-amk81-p70	0	1	0	1
piano rolife	https://es.robotoys.eu/rompecabezas-3d-de-madera/instrumentos-musicales/rompecabezas-3d-de-madera-piano-de-cola-rolife-tg402-p200	0	2	0	1
piano rolife	https://fr.robotoys.eu/casse-tete-3d-en-bois/instruments-de-musique/puzzle-3d-en-bois-piano-a-queue-rolife-tg402-p200	0	4	0	8
piano rolife	https://robotoys.eu/puzzle-competition/grand-piano-rolife-tg402-200	0	1	0	10
piano wooden puzzle	https://robotoys.eu/wooden-3d-puzzle/musical-instruments/magic-piano-rokr-amk81-p70	0	2	0	10.5
pianoforte 3d	https://it.robotoys.eu/puzzle-3d-in-legno/strumenti-musicali/pianoforte-magico-rokr-amk81-p70	0	2	0	10
pianoforte di legno	https://it.robotoys.eu/puzzle-3d-in-legno/strumenti-musicali/pianoforte-magico-rokr-amk81-p70	0	1	0	41
piccoli negozi	https://it.robotoys.eu/case-in-miniatura/negozi-in-miniatura	0	2	0	16
piccolo negozio	https://it.robotoys.eu/case-in-miniatura/negozi-in-miniatura	0	1	0	61
pictures	https://pl.robotoys.eu/drewniane-puzzle-3d/pojazdy/drewniane-puzzle-3d-helikopter-little-story-d017-p131	0	1	0	1
piece puzzle 3d	https://robotoys.eu/wooden-3d-puzzle/flowers/wooden-3d-puzzle-evergreen-pine-bonsai-rolife-tg510-p143	0	1	0	33
piezas para armar	https://es.robotoys.eu/rompecabezas-3d-de-madera/arquitectura/puzzle-3d-de-madera-sagrada-familia-little-story-e018-p133	0	1	0	2
pillangó orchidea	https://hu.robotoys.eu/fabol-keszult-3d-puzzle/viragok/fa-3d-kirako-lila-pillango-orchidea-rowood-tw091-p194	0	1	0	1
pinball holz	https://de.robotoys.eu/3d-puzzle-aus-holz/stem-lab/flipper-rokr-eg01-p43	0	2	0	34.5
pinball machine	https://robotoys.eu/wooden-3d-puzzle/stem-lab/pinball-rokr-eg01-p43	0	1	0	3
pinball puzzle	https://ro.robotoys.eu/puzzle-3d-din-lemn/stem-lab/pinball-rokr-eg01-p43	0	2	0	10
pinball rokr	https://dk.robotoys.eu/trae-3d-puslespil/stem-lab/pinball-rokr-eg01-p43	0	1	0	3
pinball rokr	https://es.robotoys.eu/rompecabezas-3d-de-madera/stem-lab/pinball-rokr-eg01-p43	0	3	0	8.33
pinball rokr	https://fr.robotoys.eu/casse-tete-3d-en-bois/stem-lab/pinball-rokr-eg01-p43	0	1	0	15
pinball rokr	https://it.robotoys.eu/puzzle-3d-in-legno/stem-lab/pinball-rokr-eg01-p43	0	1	0	3
pinball rokr	https://pt.robotoys.eu/quebra-cabeca-3d-de-madeira/stem-lab/pinball-rokr-eg01-p43	0	1	0	2
pinball table	https://it.robotoys.eu/puzzle-3d-in-legno/stem-lab/pinball-rokr-eg01-p43	0	1	0	1
pinball wooden puzzle	https://robotoys.eu/wooden-3d-puzzle/stem-lab/pinball-rokr-eg01-p43	0	1	0	7
pink lily rowood	https://robotoys.eu/wooden-3d-puzzle/flowers/wooden-3d-puzzle-pink-lily-rowood-tw071-p144	0	6	0	6
pisa 3d	https://it.robotoys.eu/puzzle-3d-in-legno/architettura/puzzle-3d-in-legno-torre-pendente-di-pisa-little-story-e009-p114	0	3	0	19
pisa torn	https://ee.robotoys.eu/puidust-3d-pusle/arhitektuur/puidust-3d-pusle-pisa-torn-little-story-e009-p114	0	13	0	7.85
pisalni stroj	https://si.robotoys.eu/lesena-3d-sestavljanka/stem-lab/lesena-mehanska-3d-sestavljanka-pisalni-stroj-eco-wood-art-p158	0	24	0	11.12
pisatorn	https://ee.robotoys.eu/puidust-3d-pusle/arhitektuur/puidust-3d-pusle-pisa-torn-little-story-e009-p114	0	3	0	6
pistol 3d	https://ro.robotoys.eu/puzzle-3d-din-lemn/arme/puzzle-mecanic-3d-din-lemn-mini-pistol-rokr-lq502-p147	0	2	0	5.5
pistol din lemn	https://ro.robotoys.eu/puzzle-3d-din-lemn/arme/puzzle-mecanic-3d-din-lemn-mini-pistol-rokr-lq502-p147	0	2	0	1.5
pistola de madeira	https://pt.robotoys.eu/quebra-cabeca-3d-de-madeira/armas	0	5	0	6
pistola m60	https://it.robotoys.eu/puzzle-3d-in-legno/armi/revolver-corsac-m60-rokr-lq401-p35	0	1	0	1
pistola madera	https://es.robotoys.eu/rompecabezas-3d-de-madera/armas	0	1	0	8
pistolas de madera	https://es.robotoys.eu/rompecabezas-3d-de-madera/armas	0	1	0	10
pistole in miniatura	https://it.robotoys.eu/puzzle-3d-in-legno/armi/puzzle-meccanico-3d-in-legno-mini-pistola-rokr-lq502-p147	0	1	0	1
pistolet 3d	https://pl.robotoys.eu/drewniane-puzzle-3d/bronie/drewniana-mechaniczna-ukladanka-3d-mini-pistolet-rokr-lq502-p147	0	5	0	3.8
pistolet bois	https://fr.robotoys.eu/casse-tete-3d-en-bois/armes	0	2	0	35
pistolet drewniany	https://pl.robotoys.eu/drewniane-puzzle-3d/bronie	0	1	0	37
pistolet drewniany	https://pl.robotoys.eu/drewniane-puzzle-3d/bronie/thompson-rokr-lqb01-p74	0	14	0	27.57
pistolet puzzle 3d	https://pl.robotoys.eu/drewniane-puzzle-3d/bronie/drewniana-mechaniczna-ukladanka-3d-mini-pistolet-rokr-lq502-p147	0	1	0	4
pistolet puzzle 3d	https://pl.robotoys.eu/drewniane-puzzle-3d/bronie/thompson-rokr-lqb01-p74	0	1	0	1
pizos bokstas	https://lt.robotoys.eu/medine-3d-delione/architektura/medine-3d-delione-pizos-bokstas-little-story-e009-p114	0	11	0	13.73
pizos bokštas	https://lt.robotoys.eu/medine-3d-delione/architektura/medine-3d-delione-pizos-bokstas-little-story-e009-p114	0	1	0	12
pizzle 3d	https://fr.robotoys.eu/casse-tete-3d-en-bois/architecture/puzzle-3d-en-bois-arc-de-la-victoire-little-story-e011-p123	0	14	0	4.57
pizzle 3d	https://fr.robotoys.eu/casse-tete-3d-en-bois/architecture/puzzle-3d-en-bois-sagrada-familia-little-story-e018-p133	0	17	0	4.71
pizzle 3d	https://pl.robotoys.eu/drewniane-puzzle-3d/architektura/drewniane-puzzle-3d-luk-zwyciestwa-little-story-e011-p123	0	22	0	3.59
pkr 3d	https://fr.robotoys.eu/casse-tete-3d-en-bois/stem-lab/pinball-rokr-eg01-p43	0	1	0	71
pladespiller	https://dk.robotoys.eu/trae-3d-puslespil/musikdaser/elektrisk-pladespiller-rokr-lkb01d-p68	0	51	0	31.2
planning to paint	https://robotoys.eu/wooden-3d-puzzle/architecture/five-story-pagoda-rolife-tgn02-p45	0	1	0	3
plattenspieler holz	https://de.robotoys.eu/3d-puzzle-aus-holz/spieluhren/elektrischer-plattenspieler-rokr-lkb01d-p68	0	2	0	7
plaukta ieliktnis	https://lv.robotoys.eu/miniaturas-majas/gramatas-nook	0	2	0	7
plaukta ieliktnis	https://lv.robotoys.eu/miniaturas-majas/gramatas-nook/gramatu-plaukta-ieliktnis-arkades-iepazisanas-rolife-tgb10-p148	0	1	0	26
plaukta ieliktnis	https://lv.robotoys.eu/miniaturas-majas/gramatas-nook/gramatu-plaukta-ieliktnis-celojums-uz-brinumzemi-rolife-tgb12-p165	0	1	0	8
plaukta ieliktnis	https://lv.robotoys.eu/miniaturas-majas/gramatas-nook/gramatu-plaukta-ieliktnis-ielas-aina-rolife-tgb13-p256	0	1	0	17
plaukta ieliktnis	https://lv.robotoys.eu/miniaturas-majas/gramatas-nook/gramatu-plaukta-ieliktnis-library-of-wonders-rolife-tgb16-p226	0	1	0	34
plaukta ieliktnis	https://lv.robotoys.eu/miniaturas-majas/gramatas-nook/gramatu-plaukta-ieliktnis-romantic-venice-rolife-tgb08-p107	0	1	0	1
plaukta ieliktnis	https://lv.robotoys.eu/miniaturas-majas/gramatas-nook/gramatu-plaukta-ieliktnis-ziedu-sturitis-rolife-tgb09-p108	0	1	0	2
plaukta ieliktnis	https://lv.robotoys.eu/miniaturas-majas/gramatas-nook/gramatu-plaukta-ieliktnis-ziemassvetku-interjera-aina-rolife-tgc07-p140	0	1	0	1
play robotics	https://es.robotoys.eu/	0	1	0	61
plot 85	https://pt.robotoys.eu/quebra-cabeca-3d-de-madeira/veiculos/quebra-cabeca-3d-de-madeira-tanque-t-34-85-little-story-wot02-p135	0	1	0	1
pluzzles 3 d	https://es.robotoys.eu/rompecabezas-3d-de-madera/arquitectura/puzzle-3d-de-madera-sagrada-familia-little-story-e018-p133	0	34	0	4.68
podul din londra	https://ro.robotoys.eu/blog/povestea-celebrului-tower-bridge-cum-sa-aduci-londra-acasa	0	23	0	10.74
podul londrei	https://ro.robotoys.eu/blog/povestea-celebrului-tower-bridge-cum-sa-aduci-londra-acasa	0	15	0	12
podul reginei londra	https://ro.robotoys.eu/blog/povestea-celebrului-tower-bridge-cum-sa-aduci-londra-acasa	0	8	0	10.12
pokazi mi sliku toga	https://si.robotoys.eu/lesena-3d-sestavljanka/stem-lab	0	1	0	12
pokazi sliko	https://si.robotoys.eu/lesena-3d-sestavljanka/glasbila/harmonika-rolife-tg410-p41	0	1	0	5
pokaż	https://pl.robotoys.eu/drewniane-puzzle-3d/kwiaty/drewniana-ukladanka-3d-zloty-slonecznik-rowood-th002-p193	0	1	0	1
pokaż zdjęcia	https://pl.robotoys.eu/drewniane-puzzle-3d/stem-lab/sejf-rokr-lk502-p57	0	1	0	2
pokaži slike	https://si.robotoys.eu/	0	1	0	5
pokaži slike	https://si.robotoys.eu/lesena-3d-sestavljanka/glasbene-skrinjice/glasbena-skrinjica-swing-ride-rokr-ea02-p4	0	1	0	6
poklon za djecake	https://hr.robotoys.eu/blog/idealan-poklon-za-djecu-koji-razvija-kreativnost-i-strpljenje	0	2	0	6
poklon za muskarca koji ima sve	https://hr.robotoys.eu/blog/poklon-za-muskarca-koji-vec-ima-sve-24-originalna-savjeta-koji-ce-ga-zaista-iznenaditi	0	9	0	14.44
poleć fajne zestawy drewnianych puzzli 3d dla początkujących.	https://pl.robotoys.eu/blog/drewniane-puzzle-3d-jak-wybrac-swoj-pierwszy-zestaw-do-budowania-i-na-co-sie-przygotowac	0	16	0	2.75
police na knihy	https://cz.robotoys.eu/miniaturni-domecky/books-nook/vlozka-do-police-na-knihy-vanocni-ulice-rolife-tgc06-p139	0	1	0	12
policijski auto crtež	https://hr.robotoys.eu/drvena-3d-slagalica/vozila/drvena-3d-slagalica-policijski-auto-eco-wood-art-p214	0	1	0	7
polonez 1500	https://hu.robotoys.eu/fabol-keszult-3d-puzzle/jarmuvek/fa-3d-puzzle-polonez-1500-little-story-e003-p95	0	1	0	3
polonez model	https://ro.robotoys.eu/puzzle-3d-din-lemn/vehicule/puzzle-3d-din-lemn-polonez-1500-little-story-e003-p95	0	2	0	6.5
polonez model do sklejania	https://pl.robotoys.eu/drewniane-puzzle-3d/pojazdy/drewniane-puzzle-3d-polonez-1500-little-story-e003-p95	0	1	0	25
polskie sklepy	https://pl.robotoys.eu/drewniane-puzzle-3d/pojazdy/drewniane-puzzle-3d-londynski-autobus-turystyczny-rolife-tgm02-p106	0	1	0	9
pomysły na prezenty dla chłopców	https://pl.robotoys.eu/najnowsze-prezenty-dla-mezczyzn-i-chlopcow	0	2	0	24.5
pomysły na prezenty polska	https://pl.robotoys.eu/najdrozsze-pomysly-na-prezenty	0	1	0	10
pont bleu londres	https://fr.robotoys.eu/blog/lhistoire-du-celebre-tower-bridge-comment-amener-londres-chez-vous	0	1	0	19
pont celebre londres	https://fr.robotoys.eu/blog/lhistoire-du-celebre-tower-bridge-comment-amener-londres-chez-vous	0	1	0	11
pont london bridge	https://fr.robotoys.eu/blog/lhistoire-du-celebre-tower-bridge-comment-amener-londres-chez-vous	0	13	0	11.62
pont londres	https://fr.robotoys.eu/blog/lhistoire-du-celebre-tower-bridge-comment-amener-londres-chez-vous	0	1	0	11
pont tower bridge	https://fr.robotoys.eu/blog/lhistoire-du-celebre-tower-bridge-comment-amener-londres-chez-vous	0	2	0	21
ponte de londres	https://pt.robotoys.eu/blogue/a-historia-da-famosa-tower-bridge-como-levar-londres-para-a-sua-casa	0	5	0	37.2
ponte de londres antiga	https://pt.robotoys.eu/blogue/a-historia-da-famosa-tower-bridge-como-levar-londres-para-a-sua-casa	0	1	0	11
ponte de londres história	https://pt.robotoys.eu/blogue/a-historia-da-famosa-tower-bridge-como-levar-londres-para-a-sua-casa	0	3	0	3.33
ponte di londra famoso	https://it.robotoys.eu/blog/the-story-of-the-famous-tower-bridge-how-to-bring-london-to-your-home	0	2	0	16.5
ponte em londres	https://pt.robotoys.eu/blogue/a-historia-da-famosa-tower-bridge-como-levar-londres-para-a-sua-casa	0	3	0	12.67
ponte em londres famosa	https://pt.robotoys.eu/blogue/a-historia-da-famosa-tower-bridge-como-levar-londres-para-a-sua-casa	0	12	0	11.75
ponte famosa de londres	https://pt.robotoys.eu/blogue/a-historia-da-famosa-tower-bridge-como-levar-londres-para-a-sua-casa	0	6	0	11
ponte famosa em londres	https://pt.robotoys.eu/blogue/a-historia-da-famosa-tower-bridge-como-levar-londres-para-a-sua-casa	0	7	0	13
ponte famosa londres	https://pt.robotoys.eu/blogue/a-historia-da-famosa-tower-bridge-como-levar-londres-para-a-sua-casa	0	9	0	11.56
ponte famoso a londra	https://it.robotoys.eu/blog/the-story-of-the-famous-tower-bridge-how-to-bring-london-to-your-home	0	3	0	11
ponte famoso di londra	https://it.robotoys.eu/blog/the-story-of-the-famous-tower-bridge-how-to-bring-london-to-your-home	0	2	0	16.5
ponte londres	https://pt.robotoys.eu/blogue/a-historia-da-famosa-tower-bridge-como-levar-londres-para-a-sua-casa	0	4	0	15.5
ponte londres tower bridge	https://pt.robotoys.eu/blogue/a-historia-da-famosa-tower-bridge-como-levar-londres-para-a-sua-casa	0	2	0	12.5
ponte que abre em londres	https://pt.robotoys.eu/blogue/a-historia-da-famosa-tower-bridge-como-levar-londres-para-a-sua-casa	0	4	0	13
ponte tower bridge	https://it.robotoys.eu/blog/the-story-of-the-famous-tower-bridge-how-to-bring-london-to-your-home	0	1	0	2
ponte tower bridge	https://pt.robotoys.eu/blogue/a-historia-da-famosa-tower-bridge-como-levar-londres-para-a-sua-casa	0	1	0	11
pontes de londres	https://pt.robotoys.eu/blogue/a-historia-da-famosa-tower-bridge-como-levar-londres-para-a-sua-casa	0	1	0	22
poproszę zdjęcia	https://pl.robotoys.eu/miniaturowe-domki/miniaturowe-pokoje/biblioteka-do-nauki-sama-rolife-dg102-p86	0	1	0	1
populiariausios dovanos	https://lt.robotoys.eu/populiariausios-dovanos-moterims-ir-merginoms	0	1	0	29
populāras dāvanas	https://lv.robotoys.eu/popularakas-davanas-sievietem-un-meitenem	0	1	0	25
populāras dāvanas	https://lv.robotoys.eu/popularakas-davanas-ziemassvetkos	0	1	0	25
poslovna darila ugodno	https://si.robotoys.eu/najbolje-ocenjena-darila-za-zenske-in-dekleta?page=3	0	1	0	75
povlečení eiffelovka 3d	https://cz.robotoys.eu/drevene-3d-puzzle/architektura/svitici-eiffelova-vez-rolife-tgl01-p73	0	1	0	40
poze	https://ro.robotoys.eu/puzzle-3d-din-lemn/arme/puzzle-mecanic-3d-din-lemn-mini-pistol-rokr-lq502-p147	0	1	0	4
poze	https://ro.robotoys.eu/puzzle-3d-din-lemn/flori/puzzle-3d-din-lemn-sakura-bonsai-rolife-tg415-p142	0	1	0	22
poziom trudności	https://pl.robotoys.eu/drewniane-puzzle-3d/architektura/drewniane-puzzle-3d-sagrada-familia-little-story-e018-p133	0	1	0	6
pozytywka drewniana	https://pl.robotoys.eu/drewniane-puzzle-3d/pozytywki	0	2	0	16.5
pozytywka instrument	https://pl.robotoys.eu/drewniane-puzzle-3d/pozytywki/pozytywka-magiczna-wiolonczela-rokr-amk63-p1	0	3	0	5
pozytywka mechaniczna	https://pl.robotoys.eu/drewniane-puzzle-3d/pozytywki/pozytywka-magiczna-wiolonczela-rokr-amk63-p1	0	2	0	6
pqgoda	https://es.robotoys.eu/rompecabezas-3d-de-madera/arquitectura/pagoda-de-cinco-pisos-rolife-tgn02-p45	0	1	0	1
precio	https://es.robotoys.eu/rompecabezas-3d-de-madera/arquitectura/maqueta-de-la-torre-eiffel-rolife-tg501-p17	0	1	0	4
precio	https://es.robotoys.eu/rompecabezas-3d-de-madera/cajas-de-musica/carrusel-romantico-rokr-amk62-p77	0	1	0	13
precio	https://es.robotoys.eu/rompecabezas-3d-de-madera/el-universo/sistema-solar-rokr-st001-p71	0	1	0	27
precio	https://es.robotoys.eu/rompecabezas-3d-de-madera/flores/puzzle-3d-de-madera-rosa-roja-rowood-tw042-p101	0	1	0	3
precio	https://es.robotoys.eu/rompecabezas-3d-de-madera/flores/rompecabezas-3d-de-madera-sakura-bonsai-rolife-tg415-p142	0	1	0	18
precio	https://es.robotoys.eu/rompecabezas-3d-de-madera/instrumentos-musicales/bateria-rolife-tg409-p81	0	1	0	5
precio	https://es.robotoys.eu/rompecabezas-3d-de-madera/instrumentos-musicales/puzzle-3d-de-madera-violonchelo-rolife-tg411-p85	0	1	0	14
precio	https://es.robotoys.eu/rompecabezas-3d-de-madera/los-animales/puzzle-3d-de-madera-t-rex-little-story-d006-p115	0	1	0	15
precio	https://es.robotoys.eu/rompecabezas-3d-de-madera/stem-lab/puzzle-3d-mecanico-de-madera-impresora-clasica-rokr-lk602-p90	0	1	0	19
precio	https://es.robotoys.eu/rompecabezas-3d-de-madera/vehiculos/globo-aerostatico-rolife-tg406-p84	0	1	0	2
precio	https://es.robotoys.eu/rompecabezas-3d-de-madera/vehiculos/modelo-veterano-rolife-tg504-p53	0	1	0	26
precio	https://es.robotoys.eu/rompecabezas-3d-de-madera/vehiculos/puzzle-3d-de-madera-crucero-rolife-tg306-p87	0	1	0	6
precio	https://robotoys.eu/wooden-3d-puzzle/vehicles/heavy-truck-model-rokr-mc502-p27	0	1	0	20
precio	https://robotoys.eu/wooden-3d-puzzle/vehicles/wooden-3d-puzzle-locomotive-little-story-e012-p124	0	1	0	31
precio nuevo	https://es.robotoys.eu/rompecabezas-3d-de-madera/vehiculos/rompecabezas-de-madera-3d-yankee-chopper-little-story-e024-p176	0	1	0	23
precio nuevo	https://es.robotoys.eu/rompecabezas-3d-de-madera/vehiculos/rompecabezas-mecanico-3d-de-madera-moto-cruiser-eco-wood-art-p150	0	1	0	1
precio?	https://es.robotoys.eu/rompecabezas-3d-de-madera/arquitectura/pagoda-de-cinco-pisos-rolife-tgn02-p45	0	1	0	22
precio?	https://es.robotoys.eu/rompecabezas-3d-de-madera/cajas-de-musica/caja-de-musica-swing-ride-rokr-ea02-p4	0	1	0	18
preis	https://de.robotoys.eu/3d-puzzle-aus-holz/die-architektur/3d-puzzle-aus-holz-sakura-baumhaus-rolife-tgs04-p201	0	1	0	16
preis	https://de.robotoys.eu/3d-puzzle-aus-holz/die-architektur/3d-puzzle-aus-holz-schiefer-turm-von-pisa-little-story-e009-p114	0	1	0	18
preis	https://de.robotoys.eu/3d-puzzle-aus-holz/die-architektur/3d-puzzle-aus-holz-siegesbogen-little-story-e011-p123	0	1	0	20
preis	https://de.robotoys.eu/3d-puzzle-aus-holz/spieluhren/viktorianische-laterne-rokr-amk61-p80	0	1	0	18
preis	https://de.robotoys.eu/miniaturhauser/bucher-ecke/bucherregaleinsatz-arcade-dating-rolife-tgb10-p148	0	1	0	32
preis für	https://de.robotoys.eu/3d-puzzle-aus-holz/spieluhren/spieluhr-zaubercello-rokr-amk63-p1	0	1	0	8
premiery ksiazkowe magiczny kacik	https://pl.robotoys.eu/blog/najlepszy-prezent-dla-niej-magiczny-kacik-dla-milosnika-ksiazek	0	3	0	7.33
premium miniature	https://robotoys.eu/top-rated-miniature-houses	0	1	0	9
prendas 40 anos homem	https://pt.robotoys.eu/blogue/um-presente-para-o-homem-que-ja-tem-tudo-24-dicas-originais-que-o-vao-surpreender-de-verdade	0	1	0	3
present factory	https://robotoys.eu/wooden-3d-puzzle/stem-lab/wooden-mechanical-3d-puzzle-dream-gift-factory-rokr-eab01-p202	0	1	0	2
present för honom	https://se.robotoys.eu/present-ideer/presenter-till-honom	0	13	0	9.15
present till honom tips	https://se.robotoys.eu/blogg/en-present-till-mannen-som-redan-har-allt-24-originella-tips-som-verkligen-kommer-att-overraska-honom	0	1	0	25
present till man som har allt	https://se.robotoys.eu/blogg/en-present-till-mannen-som-redan-har-allt-24-originella-tips-som-verkligen-kommer-att-overraska-honom	0	1	0	25
presente original para homem	https://pt.robotoys.eu/blogue/um-presente-para-o-homem-que-ja-tem-tudo-24-dicas-originais-que-o-vao-surpreender-de-verdade	0	3	0	2
presente para 60 anos masculino	https://pt.robotoys.eu/blogue/um-presente-para-o-homem-que-ja-tem-tudo-24-dicas-originais-que-o-vao-surpreender-de-verdade	0	1	0	3
presente para homem que tem tudo	https://pt.robotoys.eu/blogue/um-presente-para-o-homem-que-ja-tem-tudo-24-dicas-originais-que-o-vao-surpreender-de-verdade	0	4	0	9.75
presente que toda mulher gosta	https://pt.robotoys.eu/blogue/7-ideias-de-presentes-irresistiveis-para-mulheres	0	1	0	73
presentes para homem originais	https://pt.robotoys.eu/blogue/um-presente-para-o-homem-que-ja-tem-tudo-24-dicas-originais-que-o-vao-surpreender-de-verdade	0	2	0	1.5
presentes que as mulheres gostam	https://pt.robotoys.eu/blogue/7-ideias-de-presentes-irresistiveis-para-mulheres	0	1	0	55
prezent dla fana architektury	https://pl.robotoys.eu/blog/prezent-dla-mezczyzny-ktory-ma-juz-wszystko-24-oryginalne-porady-ktore-naprawde-go-zaskocza	0	1	0	23
prezent dla mężczyzny który ma wszystko	https://pl.robotoys.eu/blog/prezent-dla-mezczyzny-ktory-ma-juz-wszystko-24-oryginalne-porady-ktore-naprawde-go-zaskocza	0	1	0	29
prezent dla mężczyzny który wszystko ma	https://pl.robotoys.eu/blog/prezent-dla-mezczyzny-ktory-ma-juz-wszystko-24-oryginalne-porady-ktore-naprawde-go-zaskocza	0	1	0	21
prezenty ﻿dla chłopców	https://pl.robotoys.eu/najdrozsze-prezenty-dla-mezczyzn-i-chlopcow	0	1	0	8
prezenty ﻿dla chłopców	https://pl.robotoys.eu/najnowsze-prezenty-dla-mezczyzn-i-chlopcow	0	1	0	21
prezzo	https://it.robotoys.eu/case-in-miniatura/camere-in-miniatura/il-giardino-di-mr-miller-rolife-dg108-p23	0	1	0	17
prezzo	https://it.robotoys.eu/case-in-miniatura/negozi-in-miniatura/caffe-a-simone-rolife-dg109-p64	0	2	0	15
prezzo	https://it.robotoys.eu/puzzle-3d-in-legno/carillon/carillon-violoncello-magico-rokr-amk63-p1	0	1	0	3
prezzo	https://it.robotoys.eu/puzzle-3d-in-legno/carillon/ruota-panoramica-rolife-tgn01-p18	0	1	0	26
prezzo	https://it.robotoys.eu/puzzle-3d-in-legno/gli-animali/puzzle-3d-in-legno-stegosaurus-little-story-d010-p118	0	1	0	18
prezzo	https://it.robotoys.eu/puzzle-3d-in-legno/orologi-calendari/orologio-da-parete-romantico-rokr-lc701-p56	0	1	0	16
prezzo	https://it.robotoys.eu/puzzle-3d-in-legno/stem-lab/marmo-parkour-rokr-lg501-p42	0	1	0	21
prezzo	https://it.robotoys.eu/puzzle-3d-in-legno/stem-lab/puzzle-3d-meccanico-in-legno-stampante-classica-rokr-lk602-p90	0	1	0	20
prezzo	https://it.robotoys.eu/puzzle-3d-in-legno/stem-lab/puzzle-meccanico-3d-in-legno-gear-ball-challenge-rokr-egc01-p213	0	2	0	16
prezzo	https://it.robotoys.eu/puzzle-3d-in-legno/veicoli/puzzle-3d-meccanico-in-legno-diligenza-rokr-amka1-p99	0	1	0	19
prezzo	https://it.robotoys.eu/puzzle-3d-in-legno/veicoli/puzzle-meccanico-3d-in-legno-trattore-eco-wood-art-p233	0	1	0	17
prezzo in italia	https://it.robotoys.eu/puzzle-3d-in-legno/fiori/puzzle-3d-in-legno-iris-viola-rowood-tw121-p251	0	1	0	22
prezzo migliore	https://it.robotoys.eu/case-in-miniatura/angolo-dei-libri/sakura-densya-rolife-tgb01-p29	0	1	0	4
prezzo?	https://it.robotoys.eu/puzzle-3d-in-legno/orologi-calendari/orologio-da-parete-zodiac-rokr-lc601-p52	0	1	0	1
preço	https://pt.robotoys.eu/quebra-cabeca-3d-de-madeira/arquitetura/quebra-cabeca-3d-de-madeira-catedral-de-notre-dame-little-story-e017-p127	0	1	0	5
preço	https://robotoys.eu/brands/rowood	0	1	0	3
preț	https://it.robotoys.eu/puzzle-3d-in-legno/architettura/puzzle-3d-in-legno-arco-della-vittoria-little-story-e011-p123	0	1	0	12
price	https://robotoys.eu/wooden-3d-puzzle/flowers/wooden-3d-puzzle-red-camellia-rowood-tw031-p102	0	1	0	2
price	https://robotoys.eu/wooden-3d-puzzle/musical-instruments/wooden-3d-puzzle-cello-rolife-tg411-p85	0	1	0	29
price in	https://hu.robotoys.eu/miniatur-hazak/miniatur-szobak/mr-millers-garden-rolife-dg108-p23	0	1	0	14
price in euros	https://robotoys.eu/miniature-houses/miniature-rooms/miniature-house-the-magic-study-rolife-dg166-p163	0	1	0	2
price?	https://robotoys.eu/miniature-houses/miniature-rooms/miniature-house-cozy-kitchen-rolife-dg159-p89	0	1	0	24
prije	https://hr.robotoys.eu/blog/prica-o-poznatom-tower-bridgeu-kako-dovesti-london-u-svoj-dom	0	1	0	3
prijs	https://nl.robotoys.eu/houten-3d-puzzel/wapens	0	1	0	3
prijs	https://nl.robotoys.eu/miniatuur-huizen/miniatuur-winkels/miniatuurhuis-bloemensnoepjes-en-thee-rolife-dg146-p92	0	1	0	12
prijs en verkooppunten	https://nl.robotoys.eu/verkoop-van-3d-houten-puzzels	0	1	0	22
prijs nu	https://nl.robotoys.eu/houten-3d-puzzel/muziekinstrumenten/houten-3d-puzzel-grammofoon-rolife-tg408-p39	0	1	0	20
pris	https://se.robotoys.eu/miniatyrhus	0	1	0	2
pris i butik	https://dk.robotoys.eu/trae-3d-puslespil/koretojer/traemekanisk-3d-puslespil-retro-bil-eco-wood-art-p157	0	1	0	14
pris i butik	https://dk.robotoys.eu/trae-3d-puslespil/koretojer/veteranmodel-rolife-tg504-p53	0	1	0	2
pris?	https://robotoys.eu/wooden-3d-puzzle/music-boxes/music-box-starry-night-rokr-amk51-p11	0	1	0	2
prisen ?	https://dk.robotoys.eu/trae-3d-puslespil/koretojer/trae-3d-puslespil-comanche-motorcykel-little-story-e023-p175	0	1	0	10
prisen ?	https://dk.robotoys.eu/trae-3d-puslespil/koretojer/trae-3d-puslespil-gra-comanche-motorcykel-little-story-e023g-p247	0	1	0	16
prisen ?	https://dk.robotoys.eu/trae-3d-puslespil/koretojer/traemekanisk-3d-puslespil-cruiser-motorcykel-eco-wood-art-p150	0	1	0	13
prix	https://fr.robotoys.eu/casse-tete-3d-en-bois/architecture/puzzle-3d-en-bois-sagrada-familia-little-story-e018-p133	0	1	0	1
prix	https://fr.robotoys.eu/casse-tete-3d-en-bois/les-animaux/puzzle-3d-en-bois-elephant-little-story-d012-p120	0	1	0	19
prix	https://fr.robotoys.eu/casse-tete-3d-en-bois/les-animaux/puzzle-3d-en-bois-stegosaure-little-story-d010-p118	0	1	0	2
prix	https://fr.robotoys.eu/casse-tete-3d-en-bois/stem-lab/puzzle-mecanique-3d-en-bois-fabrique-de-cadeaux-de-reve-rokr-eab01-p202	0	1	0	9
prix	https://fr.robotoys.eu/casse-tete-3d-en-bois/vehicules/puzzle-3d-en-bois-yankee-chopper-little-story-e024-p176	0	1	0	4
prix neuf	https://fr.robotoys.eu/casse-tete-3d-en-bois/architecture/maquette-de-la-tour-eiffel-rolife-tg501-p17	0	1	0	1
pro něj	https://cz.robotoys.eu/blog/nejlepsi-darek-pro-nej-originalni-s-dotekem-historie	0	1	0	14
pro začátečníky	https://cz.robotoys.eu/	0	1	0	2
prodaja daril	https://si.robotoys.eu/prodaja-daril-za-dekoracijo?page=2	0	2	0	7.5
prodotti simili	https://it.robotoys.eu/puzzle-3d-in-legno/stem-lab/puzzle-3d-meccanico-in-legno-stampante-classica-rokr-lk602-p90	0	1	0	13
prémiový dárek	https://cz.robotoys.eu/blog/nejlepsi-darek-pro-nej-originalni-s-dotekem-historie	0	1	0	13
puente de londres historia	https://es.robotoys.eu/blog/the-story-of-the-famous-tower-bridge-how-to-bring-london-to-your-home	0	4	0	19.5
puente famoso de londres	https://es.robotoys.eu/blog/the-story-of-the-famous-tower-bridge-how-to-bring-london-to-your-home	0	1	0	27
puente levadizo de londres	https://es.robotoys.eu/blog/the-story-of-the-famous-tower-bridge-how-to-bring-london-to-your-home	0	1	0	11
puente mas famoso de londres	https://es.robotoys.eu/blog/the-story-of-the-famous-tower-bridge-how-to-bring-london-to-your-home	0	2	0	21
puentes famosos en londres	https://es.robotoys.eu/blog/the-story-of-the-famous-tower-bridge-how-to-bring-london-to-your-home	0	3	0	12.67
puezle 3d	https://fr.robotoys.eu/casse-tete-3d-en-bois/architecture/puzzle-3d-en-bois-arc-de-la-victoire-little-story-e011-p123	0	13	0	4.46
puezle 3d	https://fr.robotoys.eu/casse-tete-3d-en-bois/architecture/puzzle-3d-en-bois-sagrada-familia-little-story-e018-p133	0	12	0	4.58
puhke	https://ee.robotoys.eu/miniatuursed-majad/raamatud-nook/puhke-aiamaja-rolife-tgb06-p78	0	1	0	14
puidust cnc detailid	https://ee.robotoys.eu/puidust-3d-pusle/soidukid	0	2	0	87
puidust pusle	https://ee.robotoys.eu/puidust-3d-pusle	0	35	0	7.31
puidust pusled	https://ee.robotoys.eu/puidust-3d-pusle	0	2	0	8
pulze 3d	https://fr.robotoys.eu/casse-tete-3d-en-bois/architecture/puzzle-3d-en-bois-arc-de-la-victoire-little-story-e011-p123	0	5	0	3.2
pulze 3d	https://fr.robotoys.eu/casse-tete-3d-en-bois/architecture/puzzle-3d-en-bois-sagrada-familia-little-story-e018-p133	0	5	0	3.2
punane nelk	https://ee.robotoys.eu/puidust-3d-pusle/lilled/puidust-3d-pusle-punane-nelk-rowood-tv052-p112	0	1	0	1
puppy's cozy villa	https://robotoys.eu/miniature-houses/miniature-rooms/miniature-house-puppys-cozy-villa-rolife-dg169-p149	0	1	0	8
puska	https://hu.robotoys.eu/fabol-keszult-3d-puzzle/fegyverek	0	1	0	1
puska	https://hu.robotoys.eu/fabol-keszult-3d-puzzle/fegyverek/ak-47-rifle-rokr-lq901-p67	0	1	0	3
puska	https://robotoys.eu/	0	1	0	7
puska	https://robotoys.eu/wooden-3d-puzzle/weapons	0	1	0	8
pusle 3d	https://fr.robotoys.eu/casse-tete-3d-en-bois/architecture/puzzle-3d-en-bois-arc-de-la-victoire-little-story-e011-p123	0	2	0	3.5
pusle 3d	https://fr.robotoys.eu/casse-tete-3d-en-bois/architecture/puzzle-3d-en-bois-sagrada-familia-little-story-e018-p133	0	2	0	3.5
puslede müük	https://ee.robotoys.eu/3d-puidust-puslede-muuk	0	4	0	11.75
puslede müük	https://ee.robotoys.eu/3d-puidust-puslede-muuk?page=3	0	1	0	31
puslespil 3d	https://dk.robotoys.eu/trae-3d-puslespil/arkitektur/trae-3d-puslespil-notre-dame-cathedral-little-story-e017-p127	0	15	0	2.93
puslespil 3d	https://dk.robotoys.eu/trae-3d-puslespil/arkitektur/trae-3d-puslespil-victory-arch-little-story-e011-p123	0	2	0	3
puslespil i træ	https://dk.robotoys.eu/trae-3d-puslespil	0	1	0	23
puslespil træ	https://dk.robotoys.eu/trae-3d-puslespil/arkitektur/trae-3d-puslespil-victory-arch-little-story-e011-p123	0	3	0	7
puspiekabe	https://lv.robotoys.eu/koka-3d-puzle/transportlidzekli/koka-3d-puzle-cisterna-puspiekabe-kravas-automasinai-road-king-eco-wood-art-p155	0	1	0	34
pussel 3d	https://se.robotoys.eu/3d-pussel-i-tra/arkitektur/3d-pussel-i-tra-sagrada-familia-little-story-e018-p133	0	64	0	10.84
pussel 3d	https://se.robotoys.eu/3d-pussel-i-tra/arkitektur/tra-3d-pussel-victory-arch-little-story-e011-p123	0	55	0	11.05
pussel eiffeltornet	https://se.robotoys.eu/3d-pussel-i-tra/arkitektur/modell-av-eiffeltornet-rolife-tg501-p17	0	9	0	11.56
pussel i trä	https://se.robotoys.eu/3d-pussel-i-tra	0	6	0	11.67
pussel i trä	https://se.robotoys.eu/3d-pussel-i-tra/arkitektur/tra-3d-pussel-victory-arch-little-story-e011-p123	0	6	0	13.5
pussel lejon	https://se.robotoys.eu/3d-pussel-i-tra/djuren/tra-3d-pussel-lejon-little-story-d011-p119	0	7	0	15.29
pussel t	https://se.robotoys.eu/3d-pussel-i-tra/fordon/tra-3d-pussel-tank-t-34-85-little-story-wot02-p135	0	1	0	1
pussel trä	https://se.robotoys.eu/3d-pussel-i-tra	0	11	0	13.45
pussel trä vuxen	https://se.robotoys.eu/3d-pussel-i-tra	0	21	0	16.38
pussling	https://se.robotoys.eu/3d-pussel-i-tra/arkitektur/3d-pussel-i-tra-sagrada-familia-little-story-e018-p133	0	1	0	2
puzl3	https://fr.robotoys.eu/casse-tete-3d-en-bois/architecture/puzzle-3d-en-bois-sagrada-familia-little-story-e018-p133	0	1	0	5
puzle	https://pl.robotoys.eu/drewniane-puzzle-3d/architektura/drewniane-puzzle-3d-sagrada-familia-little-story-e018-p133	0	1	0	2
puzle 3 d	https://fr.robotoys.eu/casse-tete-3d-en-bois/architecture/puzzle-3d-en-bois-arc-de-la-victoire-little-story-e011-p123	0	1	0	5
puzle 3 d	https://fr.robotoys.eu/casse-tete-3d-en-bois/architecture/puzzle-3d-en-bois-sagrada-familia-little-story-e018-p133	0	6	0	4.83
puzle 3 d	https://pl.robotoys.eu/drewniane-puzzle-3d/architektura/drewniane-puzzle-3d-luk-zwyciestwa-little-story-e011-p123	0	50	0	4.32
puzle 3d	https://fr.robotoys.eu/casse-tete-3d-en-bois/architecture/puzzle-3d-en-bois-arc-de-la-victoire-little-story-e011-p123	0	17	0	5.18
puzle 3d	https://pl.robotoys.eu/drewniane-puzzle-3d/architektura/drewniane-puzzle-3d-luk-zwyciestwa-little-story-e011-p123	0	326	0	4.6
puzle 3d madera	https://es.robotoys.eu/rompecabezas-3d-de-madera/arquitectura/puzzle-3d-de-madera-sagrada-familia-little-story-e018-p133	0	15	0	3
puzle globus	https://pl.robotoys.eu/drewniane-puzzle-3d/wszechswiat/swiecacy-globus-rokr-st003-p3	0	1	0	4
puzle madera 3d	https://es.robotoys.eu/rompecabezas-3d-de-madera/arquitectura/puzzle-3d-de-madera-sagrada-familia-little-story-e018-p133	0	1	0	3
puzles	https://es.robotoys.eu/rompecabezas-3d-de-madera/arquitectura	0	1	0	3
puzles	https://es.robotoys.eu/rompecabezas-3d-de-madera/arquitectura/puzzle-3d-de-madera-sagrada-familia-little-story-e018-p133	0	1	0	3
puzles 3 d	https://es.robotoys.eu/rompecabezas-3d-de-madera/arquitectura/puzzle-3d-de-madera-sagrada-familia-little-story-e018-p133	0	1	0	21
puzles 3d	https://es.robotoys.eu/rompecabezas-3d-de-madera/arquitectura/puzzle-3d-de-madera-sagrada-familia-little-story-e018-p133	0	15	0	6.47
puzles en 3d	https://es.robotoys.eu/rompecabezas-3d-de-madera/arquitectura/puzzle-3d-de-madera-sagrada-familia-little-story-e018-p133	0	7	0	3.43
puzlle	https://cz.robotoys.eu/drevene-3d-puzzle/architektura/drevene-3d-puzzle-sagrada-familia-little-story-e018-p133	0	1	0	6
puzlle	https://cz.robotoys.eu/drevene-3d-puzzle/architektura/drevene-3d-puzzle-vitezny-oblouk-little-story-e011-p123	0	1	0	5
puzlle 3d	https://fr.robotoys.eu/casse-tete-3d-en-bois/architecture/puzzle-3d-en-bois-arc-de-la-victoire-little-story-e011-p123	0	7	0	4.29
puzlle 3d	https://fr.robotoys.eu/casse-tete-3d-en-bois/architecture/puzzle-3d-en-bois-sagrada-familia-little-story-e018-p133	0	10	0	4.3
puzlle 3d	https://pl.robotoys.eu/drewniane-puzzle-3d/architektura/drewniane-puzzle-3d-luk-zwyciestwa-little-story-e011-p123	0	5	0	3.2
puzz 3d notre dame	https://es.robotoys.eu/rompecabezas-3d-de-madera/arquitectura/puzzle-3d-de-madera-catedral-de-notre-dame-little-story-e017-p127	0	2	0	11
puzz 3d notre dame	https://robotoys.eu/wooden-3d-puzzle/architecture/wooden-3d-puzzle-notre-dame-cathedral-little-story-e017-p127	0	1	0	12
puzze 3d	https://fr.robotoys.eu/casse-tete-3d-en-bois/architecture/puzzle-3d-en-bois-arc-de-la-victoire-little-story-e011-p123	0	6	0	4.33
puzze 3d	https://fr.robotoys.eu/casse-tete-3d-en-bois/architecture/puzzle-3d-en-bois-sagrada-familia-little-story-e018-p133	0	6	0	4.33
puzzel 3 d	https://fr.robotoys.eu/casse-tete-3d-en-bois/architecture/puzzle-3d-en-bois-arc-de-la-victoire-little-story-e011-p123	0	7	0	5.57
puzzel 3 d	https://fr.robotoys.eu/casse-tete-3d-en-bois/architecture/puzzle-3d-en-bois-sagrada-familia-little-story-e018-p133	0	8	0	6
puzzel 3d	https://fr.robotoys.eu/casse-tete-3d-en-bois/architecture/puzzle-3d-en-bois-sagrada-familia-little-story-e018-p133	0	3	0	5.33
puzzel 3d	https://nl.robotoys.eu/houten-3d-puzzel/architectuur/houten-3d-puzzel-sagrada-familia-little-story-e018-p133	0	72	0	11.93
puzzel 3d	https://pl.robotoys.eu/drewniane-puzzle-3d/architektura/drewniane-puzzle-3d-luk-zwyciestwa-little-story-e011-p123	0	2	0	6.5
puzzel cadeau voor gezinnen actie	https://nl.robotoys.eu/blog/een-ideaal-cadeau-voor-kinderen-dat-creativiteit-en-geduld-ontwikkelt	0	4	0	27.75
puzzel heelal	https://nl.robotoys.eu/houten-3d-puzzel/het-heelal	0	2	0	8.5
puzzel plakken op hout	https://nl.robotoys.eu/blog/10-gereedschappen-die-je-nodig-hebt-bij-het-samenstellen-van-een-houten-3d-puzzel	0	8	0	28.62
puzzel sagrada familia	https://nl.robotoys.eu/houten-3d-puzzel/architectuur/houten-3d-puzzel-sagrada-familia-little-story-e018-p133	0	5	0	3.4
puzzel sagrada familia	https://robotoys.eu/wooden-3d-puzzle/architecture/wooden-3d-puzzle-sagrada-familia-little-story-e018-p133	0	1	0	1
puzzel vastplakken op hout	https://nl.robotoys.eu/blog/10-gereedschappen-die-je-nodig-hebt-bij-het-samenstellen-van-een-houten-3d-puzzel	0	5	0	27.4
puzzel vrachtwagen	https://nl.robotoys.eu/houten-3d-puzzel/voertuigen/houten-3d-puzzel-vrachtwagen-little-story-d004-p168	0	4	0	7.75
puzzelen als bijverdienste	https://nl.robotoys.eu/blog/puzzels-bouwen-de-beste-activiteit-voor-gepensioneerden	0	9	0	12.22
puzzels 3d	https://fr.robotoys.eu/casse-tete-3d-en-bois/architecture/puzzle-3d-en-bois-sagrada-familia-little-story-e018-p133	0	2	0	5
puzzels 3d	https://nl.robotoys.eu/houten-3d-puzzel/architectuur/houten-3d-puzzel-sagrada-familia-little-story-e018-p133	0	65	0	10.11
puzzelwedstrijd	https://nl.robotoys.eu/puzzelwedstrijd/elektrische-gitaar-model-rokr-tg605k-33	0	1	0	81
puzzelwedstrijd zeeland	https://nl.robotoys.eu/puzzelwedstrijd/grammofoon-rolife-tg408-39	0	4	0	92
puzzelwedstrijd zeeland	https://nl.robotoys.eu/puzzelwedstrijd/vissersboot-model-rolife-tg308-38	0	3	0	83
puzzl 3d	https://fr.robotoys.eu/casse-tete-3d-en-bois/architecture/puzzle-3d-en-bois-arc-de-la-victoire-little-story-e011-p123	0	12	0	3.83
puzzl 3d	https://fr.robotoys.eu/casse-tete-3d-en-bois/architecture/puzzle-3d-en-bois-sagrada-familia-little-story-e018-p133	0	15	0	3.47
puzzl 3d	https://pl.robotoys.eu/drewniane-puzzle-3d/architektura/drewniane-puzzle-3d-luk-zwyciestwa-little-story-e011-p123	0	1	0	4
puzzle	https://de.robotoys.eu/3d-puzzle-aus-holz/die-architektur/3d-puzzle-aus-holz-siegesbogen-little-story-e011-p123	0	1	0	3
puzzle	https://fr.robotoys.eu/casse-tete-3d-en-bois/architecture/puzzle-3d-en-bois-arc-de-la-victoire-little-story-e011-p123	0	1	0	3
puzzle	https://pl.robotoys.eu/drewniane-puzzle-3d/architektura/drewniane-puzzle-3d-sagrada-familia-little-story-e018-p133	0	1	0	2
puzzle	https://robotoys.eu/wooden-3d-puzzle/architecture	0	1	0	3
puzzle	https://robotoys.eu/wooden-3d-puzzle/architecture/wooden-3d-puzzle-victory-arch-little-story-e011-p123	0	1	0	6
puzzle 20000 dílků	https://cz.robotoys.eu/drevene-3d-puzzle/vozidla/drevene-3d-puzzle-tank-char-b1-little-story-wot06-p178	0	1	0	68
puzzle 3 d	https://fr.robotoys.eu/casse-tete-3d-en-bois/architecture/puzzle-3d-en-bois-sagrada-familia-little-story-e018-p133	0	389	0	4.24
puzzle 3 d	https://it.robotoys.eu/puzzle-3d-in-legno/carillon/ruota-panoramica-rolife-tgn01-p18	0	1	0	5
puzzle 3 d	https://pl.robotoys.eu/drewniane-puzzle-3d/architektura/drewniane-puzzle-3d-luk-zwyciestwa-little-story-e011-p123	0	6	0	4.83
puzzle 3 d	https://robotoys.eu/blog/history-of-3d-wooden-puzzles-from-beginnings-to-the-present	0	1	0	21
puzzle 3 d action	https://fr.robotoys.eu/puzzle-3d-en-bois-en-action	0	2	0	9.5
puzzle 3 d bois	https://fr.robotoys.eu/casse-tete-3d-en-bois/architecture/puzzle-3d-en-bois-sagrada-familia-little-story-e018-p133	0	2	0	8
puzzle 3 d bois	https://fr.robotoys.eu/puzzle-3d-en-bois-difficulte-facile	0	3	0	20.33
puzzle 3 d bois	https://fr.robotoys.eu/puzzle-3d-en-bois-en-action	0	1	0	51
puzzle 3 d en bois	https://fr.robotoys.eu/puzzle-3d-en-bois-difficulte-facile	0	1	0	22
puzzle 3 d voiture	https://fr.robotoys.eu/casse-tete-3d-en-bois/vehicules/puzzle-3d-mecanique-en-bois-voiture-de-course-rouge-eco-wood-art-p152	0	2	0	6
puzzle 3d	https://cz.robotoys.eu/drevene-3d-puzzle	0	7	0	17.29
puzzle 3d	https://de.robotoys.eu/3d-puzzle-aus-holz/die-architektur/3d-puzzle-aus-holz-sagrada-familia-little-story-e018-p133	0	1	0	1
puzzle 3d	https://es.robotoys.eu/rompecabezas-3d-de-madera/arquitectura/puzzle-3d-de-madera-arco-de-la-victoria-little-story-e011-p123	0	1	0	3
puzzle 3d	https://es.robotoys.eu/rompecabezas-3d-de-madera/arquitectura/puzzle-3d-de-madera-sagrada-familia-little-story-e018-p133	0	2	0	1.5
puzzle 3d	https://fr.robotoys.eu/casse-tete-3d-en-bois/architecture	0	1	0	1
puzzle 3d	https://fr.robotoys.eu/casse-tete-3d-en-bois/architecture/puzzle-3d-en-bois-cathedrale-notre-dame-little-story-e017-p127	0	91	0	26.66
puzzle 3d	https://fr.robotoys.eu/casse-tete-3d-en-bois/boites-a-musique/carrousel-romantique-rokr-amk62-p77	0	1	0	3
puzzle 3d	https://fr.robotoys.eu/casse-tete-3d-en-bois/stem-lab/puzzle-3d-mecanique-en-bois-imprimante-classique-rokr-lk602-p90	0	1	0	6
puzzle 3d	https://hu.robotoys.eu/fabol-keszult-3d-puzzle	0	2	0	16
puzzle 3d	https://it.robotoys.eu/blog/storia-dei-puzzle-in-legno-3d-dalle-origini-al-presente	0	60	0	9.15
puzzle 3d	https://it.robotoys.eu/puzzle-3d-in-legno/architettura/puzzle-3d-in-legno-arco-della-vittoria-little-story-e011-p123	0	1	0	5
puzzle 3d	https://it.robotoys.eu/puzzle-3d-in-legno/architettura/puzzle-3d-in-legno-sagrada-familia-little-story-e018-p133	0	1	0	10
puzzle 3d	https://it.robotoys.eu/puzzle-3d-in-legno/fiori/puzzle-3d-in-legno-sakura-bonsai-rolife-tg415-p142	0	2	0	5
puzzle 3d	https://it.robotoys.eu/puzzle-3d-in-legno/gli-animali/puzzle-3d-in-legno-giraffa-little-story-d013-p121	0	1	0	2
puzzle 3d	https://it.robotoys.eu/puzzle-3d-in-legno/orologi-calendari/puzzle-meccanico-3d-in-legno-orologio-a-cucu-rokr-lc901c-p198	0	1	0	2
puzzle 3d	https://it.robotoys.eu/puzzle-3d-in-legno/stem-lab/puzzle-meccanico-3d-in-legno-fabbrica-dei-regali-dei-sogni-rokr-eab01-p202	0	1	0	4
puzzle 3d	https://pl.robotoys.eu/drewniane-puzzle-3d/architektura	0	1	0	6
puzzle 3d	https://pl.robotoys.eu/drewniane-puzzle-3d/architektura/drewniane-puzzle-3d-sagrada-familia-little-story-e018-p133	0	9	0	3
puzzle 3d	https://pl.robotoys.eu/drewniane-puzzle-3d/pojazdy/drewniane-mechaniczne-puzzle-3d-dylizans-rokr-amka1-p99	0	1	0	6
puzzle 3d	https://pl.robotoys.eu/drewniane-puzzle-3d/pojazdy/drewniane-puzzle-3d-klasyczny-tramwaj-miejski-rokr-lk801-p88	0	1	0	11
puzzle 3d	https://pl.robotoys.eu/drewniane-puzzle-3d/stem-lab/drewniane-mechaniczne-puzzle-3d-klasyczna-drukarka-rokr-lk602-p90	0	2	0	6
puzzle 3d	https://pl.robotoys.eu/drewniane-puzzle-3d/wszechswiat/uklad-sloneczny-rokr-st001-p71	0	1	0	5
puzzle 3d	https://pl.robotoys.eu/drewniane-puzzle-3d/zegary-i-kalendarze/zegar-scienny-zodiac-rokr-lc601-p52	0	1	0	4
puzzle 3d	https://ro.robotoys.eu/blog/puzzle-uri-3d-din-lemn-cum-sa-alegi-primul-tau-kit-de-constructie-si-pentru-ce-sa-te-pregatesti	0	1	0	9
puzzle 3d	https://ro.robotoys.eu/puzzle-3d-din-lemn/vehicule/puzzle-3d-din-lemn-jeep-militar-model-rokr-mc701-p54	0	1	0	6
puzzle 3d	https://robotoys.eu/blog/history-of-3d-wooden-puzzles-from-beginnings-to-the-present	0	3	0	20
puzzle 3d	https://robotoys.eu/wooden-3d-puzzle/architecture	0	1	0	1
puzzle 3d	https://robotoys.eu/wooden-3d-puzzle/flowers/wooden-3d-puzzle-wooden-flower-basket-rowood-tw03h-p210	0	1	0	22
puzzle 3d 500 elementów	https://pl.robotoys.eu/drewniane-puzzle-3d/pojazdy/drewniane-puzzle-3d-warszawa-m20-little-story-e006-p98	0	1	0	22
puzzle 3d action	https://fr.robotoys.eu/puzzle-3d-en-bois-en-action	0	118	0	9.22
puzzle 3d adulte difficile	https://fr.robotoys.eu/casse-tete-3d-en-bois/architecture/puzzle-3d-en-bois-sagrada-familia-little-story-e018-p133	0	91	0	3.95
puzzle 3d adulte difficile	https://fr.robotoys.eu/puzzle-3d-en-bois-difficulte-elevee	0	5	0	41
puzzle 3d adulte difficile	https://fr.robotoys.eu/puzzle-3d-en-bois-difficulte-facile	0	9	0	30.11
puzzle 3d animales	https://es.robotoys.eu/rompecabezas-3d-de-madera/los-animales/puzzle-3d-de-madera-leon-little-story-d011-p119	0	5	0	1
puzzle 3d animali	https://it.robotoys.eu/puzzle-3d-in-legno/gli-animali	0	34	0	6.26
puzzle 3d animali	https://it.robotoys.eu/puzzle-3d-in-legno/gli-animali/puzzle-3d-in-legno-kangaroo-little-story-d014-p122	0	11	0	11.36
puzzle 3d animali	https://it.robotoys.eu/puzzle-3d-in-legno/gli-animali/puzzle-3d-in-legno-leone-little-story-d011-p119	0	1	0	1
puzzle 3d animali	https://it.robotoys.eu/puzzle-3d-in-legno/gli-animali/puzzle-3d-in-legno-t-rex-little-story-d006-p115	0	1	0	1
puzzle 3d architecture	https://fr.robotoys.eu/casse-tete-3d-en-bois/architecture	0	3	0	8
puzzle 3d architecture	https://fr.robotoys.eu/casse-tete-3d-en-bois/architecture/puzzle-3d-en-bois-sagrada-familia-little-story-e018-p133	0	2	0	8.5
puzzle 3d architecture	https://robotoys.eu/wooden-3d-puzzle/architecture	0	2	0	6
puzzle 3d architektura	https://pl.robotoys.eu/drewniane-puzzle-3d/architektura	0	14	0	1.71
puzzle 3d architektura	https://pl.robotoys.eu/drewniane-puzzle-3d/architektura/drewniane-puzzle-3d-luk-zwyciestwa-little-story-e011-p123	0	4	0	10.25
puzzle 3d architektura	https://pl.robotoys.eu/drewniane-puzzle-3d/architektura/drewniane-puzzle-3d-sagrada-familia-little-story-e018-p133	0	9	0	2.67
puzzle 3d auta	https://cz.robotoys.eu/drevene-3d-puzzle/vozidla	0	1	0	43
puzzle 3d auto	https://cz.robotoys.eu/drevene-3d-puzzle/vozidla	0	3	0	4.67
puzzle 3d auto	https://cz.robotoys.eu/drevene-3d-puzzle/vozidla/drevene-mechanicke-3d-puzzle-cervene-zavodni-auto-eco-wood-art-p152	0	2	0	5.5
puzzle 3d auto	https://cz.robotoys.eu/drevene-3d-puzzle/vozidla/drevene-mechanicke-3d-puzzle-zlute-zavodni-auto-eco-wood-art-p151	0	2	0	5.5
puzzle 3d auto	https://es.robotoys.eu/rompecabezas-3d-de-madera/vehiculos	0	1	0	10
puzzle 3d auto	https://it.robotoys.eu/puzzle-3d-in-legno/veicoli	0	47	0	5.81
puzzle 3d auto	https://it.robotoys.eu/puzzle-3d-in-legno/veicoli/modello-di-auto-grand-prix-rokr-mc401-p16	0	1	0	4
puzzle 3d auto	https://it.robotoys.eu/puzzle-3d-in-legno/veicoli/puzzle-meccanico-3d-in-legno-auto-da-corsa-gialla-eco-wood-art-p151	0	2	0	2.5
puzzle 3d autobus	https://pl.robotoys.eu/drewniane-puzzle-3d/pojazdy/drewniane-puzzle-3d-londynski-autobus-turystyczny-rolife-tgm02-p106	0	1	0	4
puzzle 3d avion	https://es.robotoys.eu/rompecabezas-3d-de-madera/vehiculos/puzzle-3d-de-madera-avion-little-story-d016-p130	0	10	0	3
puzzle 3d avion	https://ro.robotoys.eu/puzzle-3d-din-lemn/vehicule/puzzle-3d-din-lemn-avion-little-story-d016-p130	0	1	0	14
puzzle 3d barca	https://it.robotoys.eu/puzzle-3d-in-legno/veicoli/modello-di-barca-a-vela-rolife-tg305-p21	0	2	0	4
puzzle 3d barca	https://it.robotoys.eu/puzzle-3d-in-legno/veicoli/puzzle-3d-in-legno-veliero-lord-of-the-seas-eco-wood-art-p216	0	1	0	1
puzzle 3d barca	https://it.robotoys.eu/puzzle-3d-in-legno/veicoli/puzzle-meccanico-3d-in-legno-barca-a-vela-cavalluccio-marino-rokr-mcb02-p212	0	1	0	2
puzzle 3d barco	https://es.robotoys.eu/rompecabezas-3d-de-madera/vehiculos/rompecabezas-3d-de-madera-barco-de-pesca-modelo-rolife-tg308-p38	0	6	0	8
puzzle 3d barco	https://es.robotoys.eu/rompecabezas-3d-de-madera/vehiculos/rompecabezas-3d-de-madera-barco-de-vapor-river-princess-eco-wood-art-p159	0	1	0	14
puzzle 3d bateau	https://fr.robotoys.eu/casse-tete-3d-en-bois/vehicules/puzzle-3d-en-bois-bateau-de-croisiere-rolife-tg306-p87	0	29	0	24.45
puzzle 3d biblioteca	https://ro.robotoys.eu/puzzle-3d-din-lemn/arhitectura/puzzle-3d-din-lemn-biblioteca-la-malul-marii-p261	0	6	0	11
puzzle 3d bois	https://fr.robotoys.eu/casse-tete-3d-en-bois/architecture/puzzle-3d-en-bois-colisee-little-story-e016-p126	0	44	0	24.05
puzzle 3d bois	https://fr.robotoys.eu/casse-tete-3d-en-bois/architecture/puzzle-3d-en-bois-sagrada-familia-little-story-e018-p133	0	280	0	21.68
puzzle 3d bois	https://fr.robotoys.eu/puzzle-3d-en-bois-difficulte-elevee	0	7	0	29.43
puzzle 3d bois	https://fr.robotoys.eu/puzzle-3d-en-bois-difficulte-facile	0	180	0	28.92
puzzle 3d bois	https://fr.robotoys.eu/puzzle-3d-en-bois-en-action	0	26	0	42.31
puzzle 3d bois - action	https://fr.robotoys.eu/puzzle-3d-en-bois-en-action	0	3	0	6.67
puzzle 3d bois action	https://fr.robotoys.eu/puzzle-3d-en-bois-en-action	0	16	0	7.62
puzzle 3d bois animaux	https://robotoys.eu/wooden-3d-puzzle/the-animals	0	1	0	58
puzzle 3d bois difficile	https://fr.robotoys.eu/casse-tete-3d-en-bois/architecture/puzzle-3d-en-bois-sagrada-familia-little-story-e018-p133	0	1	0	14
puzzle 3d bois difficile	https://fr.robotoys.eu/puzzle-3d-en-bois-difficulte-facile	0	5	0	11.8
puzzle 3d bois mecanique	https://fr.robotoys.eu/casse-tete-3d-en-bois/vehicules/puzzle-3d-mecanique-en-bois-voiture-de-course-jaune-eco-wood-art-p151	0	1	0	43
puzzle 3d bois moto	https://fr.robotoys.eu/casse-tete-3d-en-bois/vehicules/moto-cruiser-rokr-lk504-p12	0	1	0	15
puzzle 3d bois moto	https://fr.robotoys.eu/casse-tete-3d-en-bois/vehicules/puzzle-3d-en-bois-grand-prix-moto-little-story-e021-p173	0	10	0	2.8
puzzle 3d bois moto	https://fr.robotoys.eu/casse-tete-3d-en-bois/vehicules/puzzle-3d-en-bois-moto-grand-prix-rouge-little-story-e021r-p243	0	1	0	12
puzzle 3d bois moto	https://fr.robotoys.eu/casse-tete-3d-en-bois/vehicules/puzzle-3d-en-bois-moto-jaune-grand-prix-little-story-e021y-p244	0	1	0	12
puzzle 3d bois moto	https://fr.robotoys.eu/casse-tete-3d-en-bois/vehicules/puzzle-3d-en-bois-moto-speedway-little-story-e019-p171	0	2	0	1.5
puzzle 3d bois moto	https://fr.robotoys.eu/puzzle-3d-en-bois-en-action	0	6	0	18
puzzle 3d bois mécanique	https://fr.robotoys.eu/puzzle-3d-en-bois-difficulte-elevee	0	1	0	12
puzzle 3d bois mécanique	https://fr.robotoys.eu/puzzle-3d-en-bois-temps-de-montage-sous-3-a-5-heures	0	1	0	34
puzzle 3d bois rokr	https://fr.robotoys.eu/puzzle-3d-en-bois-difficulte-elevee	0	1	0	16
puzzle 3d bonsai	https://es.robotoys.eu/rompecabezas-3d-de-madera/flores/rompecabezas-3d-de-madera-sakura-bonsai-rolife-tg415-p142	0	2	0	6
puzzle 3d bonsai	https://fr.robotoys.eu/casse-tete-3d-en-bois/fleurs/puzzle-3d-en-bois-pin-a-feuilles-persistantes-bonsai-rolife-tg510-p143	0	1	0	2
puzzle 3d bonsai	https://it.robotoys.eu/puzzle-3d-in-legno/fiori/puzzle-3d-in-legno-sakura-bonsai-rolife-tg415-p142	0	1	0	1
puzzle 3d bonsai	https://pl.robotoys.eu/drewniane-puzzle-3d/kwiaty/drewniana-ukladanka-3d-sakura-bonsai-rolife-tg415-p142	0	2	0	11
puzzle 3d budowle	https://pl.robotoys.eu/drewniane-puzzle-3d/architektura	0	7	0	28.71
puzzle 3d budynki	https://pl.robotoys.eu/drewniane-puzzle-3d/architektura	0	1	0	2
puzzle 3d building	https://robotoys.eu/wooden-3d-puzzle/architecture	0	1	0	2
puzzle 3d cars	https://es.robotoys.eu/rompecabezas-3d-de-madera/vehiculos	0	2	0	44.5
puzzle 3d cars	https://it.robotoys.eu/puzzle-3d-in-legno/veicoli	0	8	0	9
puzzle 3d cars	https://pl.robotoys.eu/drewniane-puzzle-3d/pojazdy/drewniana-mechaniczna-ukladanka-3d-zolty-samochod-wyscigowy-eco-wood-art-p151	0	1	0	19
puzzle 3d coche	https://es.robotoys.eu/rompecabezas-3d-de-madera/vehiculos	0	19	0	10.26
puzzle 3d coches	https://es.robotoys.eu/rompecabezas-3d-de-madera/vehiculos	0	12	0	11.42
puzzle 3d coliseo	https://es.robotoys.eu/rompecabezas-3d-de-madera/arquitectura/puzzle-3d-de-madera-coliseo-little-story-e016-p126	0	1	0	42
puzzle 3d coliseo romano	https://es.robotoys.eu/rompecabezas-3d-de-madera/arquitectura/puzzle-3d-de-madera-coliseo-little-story-e016-p126	0	6	0	13.17
puzzle 3d colisée	https://fr.robotoys.eu/casse-tete-3d-en-bois/architecture/puzzle-3d-en-bois-colisee-little-story-e016-p126	0	3	0	6.67
puzzle 3d colosseo	https://it.robotoys.eu/puzzle-3d-in-legno/architettura/puzzle-3d-in-legno-colosseo-little-story-e016-p126	0	23	0	10.26
puzzle 3d con led	https://it.robotoys.eu/puzzle-3d-in-legno/architettura/modello-big-ben-con-illuminazione-led-rolife-tg507-p20	0	5	0	6.6
puzzle 3d czołg	https://pl.robotoys.eu/drewniane-puzzle-3d/pojazdy/drewniane-puzzle-3d-czolg-t-34-85-little-story-wot02-p135	0	16	0	7
puzzle 3d de madera	https://es.robotoys.eu/rompecabezas-3d-de-madera-mejor-valorado	0	11	0	13.64
puzzle 3d de madera	https://es.robotoys.eu/rompecabezas-3d-de-madera/arquitectura	0	1	0	19
puzzle 3d de madera	https://es.robotoys.eu/rompecabezas-3d-de-madera/arquitectura/puzzle-3d-de-madera-coliseo-little-story-e016-p126	0	1	0	1
puzzle 3d de madera	https://es.robotoys.eu/rompecabezas-3d-de-madera/arquitectura/puzzle-3d-de-madera-sagrada-familia-little-story-e018-p133	0	38	0	3.03
puzzle 3d de madera	https://es.robotoys.eu/rompecabezas-3d-de-madera/instrumentos-musicales/bateria-rolife-tg409-p81	0	1	0	12
puzzle 3d difficile	https://fr.robotoys.eu/puzzle-3d-en-bois-difficulte-facile	0	11	0	12.45
puzzle 3d dinosauri	https://it.robotoys.eu/puzzle-3d-in-legno/gli-animali/puzzle-3d-in-legno-t-rex-little-story-d006-p115	0	3	0	22.33
puzzle 3d dla dorosłych	https://pl.robotoys.eu/drewniane-puzzle-3d/architektura/drewniane-puzzle-3d-katedra-notre-dame-little-story-e017-p127	0	37	0	15.76
puzzle 3d dla dorosłych	https://pl.robotoys.eu/drewniane-puzzle-3d/architektura/drewniane-puzzle-3d-sagrada-familia-little-story-e018-p133	0	549	0	3.71
puzzle 3d dla dziewczynki	https://pl.robotoys.eu/drewniane-puzzle-3d/kwiaty/drewniane-puzzle-3d-rozowa-roza-rowood-tw041-p111	0	1	0	8
puzzle 3d drewniane	https://pl.robotoys.eu/drewniane-puzzle-3d	0	7	0	10.29
puzzle 3d drewniane	https://pl.robotoys.eu/drewniane-puzzle-3d-mniej-niz-100-szt	0	1	0	38
puzzle 3d drewniane	https://pl.robotoys.eu/drewniane-puzzle-3d/architektura	0	30	0	17.4
puzzle 3d drewniane	https://pl.robotoys.eu/drewniane-puzzle-3d/architektura/drewniane-puzzle-3d-sagrada-familia-little-story-e018-p133	0	148	0	3.53
puzzle 3d drewniane	https://pl.robotoys.eu/drewniane-puzzle-3d/pojazdy/drewniane-puzzle-3d-lokomotywa-little-story-e012-p124	0	4	0	22
puzzle 3d drewniane	https://pl.robotoys.eu/drewniane-puzzle-3d/stem-lab/drewniane-mechaniczne-puzzle-3d-klasyczna-drukarka-rokr-lk602-p90	0	14	0	20.64
puzzle 3d drewniane dla dorosłych	https://pl.robotoys.eu/drewniane-puzzle-3d/architektura	0	4	0	26
puzzle 3d drewniane dla dorosłych	https://pl.robotoys.eu/drewniane-puzzle-3d/architektura/drewniane-puzzle-3d-sagrada-familia-little-story-e018-p133	0	40	0	2.38
puzzle 3d drewniane dla dorosłych	https://pl.robotoys.eu/najwyzej-oceniane-drewniane-puzzle-3d	0	1	0	13
puzzle 3d duże	https://pl.robotoys.eu/najdrozsze-drewniane-puzzle-3d	0	3	0	23
puzzle 3d edificios	https://es.robotoys.eu/rompecabezas-3d-de-madera/arquitectura	0	19	0	9.21
puzzle 3d educa stegosaurus	https://it.robotoys.eu/puzzle-3d-in-legno/gli-animali/puzzle-3d-in-legno-stegosaurus-little-story-d010-p118	0	1	0	3
puzzle 3d eiffel tower	https://it.robotoys.eu/puzzle-3d-in-legno/architettura/modello-della-torre-eiffel-rolife-tg501-p17	0	1	0	12
puzzle 3d em madeira	https://pt.robotoys.eu/quebra-cabeca-3d-de-madeira/arquitetura/quebra-cabeca-3d-de-madeira-sagrada-familia-little-story-e018-p133	0	2	0	3
puzzle 3d en bois	https://fr.robotoys.eu/casse-tete-3d-en-bois/architecture/puzzle-3d-en-bois-colisee-little-story-e016-p126	0	43	0	27.02
puzzle 3d en bois	https://fr.robotoys.eu/casse-tete-3d-en-bois/architecture/puzzle-3d-en-bois-sagrada-familia-little-story-e018-p133	0	147	0	15.14
puzzle 3d en bois	https://fr.robotoys.eu/casse-tete-3d-en-bois/les-animaux/puzzle-3d-en-bois-t-rex-little-story-d006-p115	0	2	0	1
puzzle 3d en bois	https://fr.robotoys.eu/puzzle-3d-en-bois-en-action	0	2	0	23.5
puzzle 3d en bois rokr dream gift factory	https://pl.robotoys.eu/drewniane-puzzle-3d/stem-lab/drewniana-mechaniczna-ukladanka-3d-fabryka-prezentow-marzen-rokr-eab01-p202	0	1	0	3
puzzle 3d fiori	https://it.robotoys.eu/puzzle-3d-in-legno/fiori	0	9	0	4.22
puzzle 3d fleur	https://fr.robotoys.eu/casse-tete-3d-en-bois/fleurs/puzzle-3d-en-bois-bouquet-de-fleurs-rowood-tw01h-p100	0	1	0	34
puzzle 3d fleurs rowood	https://fr.robotoys.eu/marques/rowood	0	8	0	3
puzzle 3d fleurs rowood	https://robotoys.eu/brands/rowood	0	1	0	2
puzzle 3d flores	https://robotoys.eu/wooden-3d-puzzle/flowers	0	3	0	7.33
puzzle 3d giapponese	https://it.robotoys.eu/blog/storia-dei-puzzle-in-legno-3d-dalle-origini-al-presente	0	1	0	9
puzzle 3d giapponese	https://it.robotoys.eu/puzzle-3d-in-legno/architettura/pagoda-a-cinque-piani-rolife-tgn02-p45	0	9	0	5.78
puzzle 3d globus	https://pl.robotoys.eu/drewniane-puzzle-3d/wszechswiat/swiecacy-globus-rokr-st003-p3	0	17	0	6.82
puzzle 3d holz	https://de.robotoys.eu/3d-puzzle-aus-holz-200-bis-299-teile	0	1	0	2
puzzle 3d holz	https://de.robotoys.eu/3d-puzzle-aus-holz/die-architektur/3d-puzzle-aus-holz-colosseum-little-story-e016-p126	0	2	0	18
puzzle 3d holz	https://de.robotoys.eu/3d-puzzle-aus-holz/die-architektur/3d-puzzle-aus-holz-sagrada-familia-little-story-e018-p133	0	18	0	6.44
puzzle 3d illuminati	https://it.robotoys.eu/puzzle-3d-in-legno/architettura/torre-eiffel-illuminata-rolife-tgl01-p73	0	1	0	24
puzzle 3d in legno	https://it.robotoys.eu/blog/storia-dei-puzzle-in-legno-3d-dalle-origini-al-presente	0	24	0	12.04
puzzle 3d in legno	https://it.robotoys.eu/puzzle-3d-in-legno	0	4	0	48
puzzle 3d in legno	https://it.robotoys.eu/puzzle-3d-in-legno/architettura	0	1	0	2
puzzle 3d in legno	https://it.robotoys.eu/puzzle-3d-in-legno/architettura/puzzle-3d-in-legno-colosseo-little-story-e016-p126	0	9	0	4.89
puzzle 3d in legno	https://it.robotoys.eu/puzzle-3d-in-legno/architettura/puzzle-3d-in-legno-sagrada-familia-little-story-e018-p133	0	52	0	3.54
puzzle 3d in legno	https://it.robotoys.eu/puzzle-3d-in-legno/fiori/puzzle-3d-in-legno-dalia-rosa-rowood-tw131-p252	0	1	0	1
puzzle 3d in legno per adulti	https://it.robotoys.eu/puzzle-3d-in-legno-piu-di-300-pezzi	0	1	0	25
puzzle 3d japan	https://pl.robotoys.eu/drewniane-puzzle-3d/architektura/pieciopietrowa-pagoda-rolife-tgn02-p45	0	4	0	5
puzzle 3d japonais	https://fr.robotoys.eu/casse-tete-3d-en-bois/vehicules/puzzle-3d-en-bois-navire-diplomatique-japonais-rolife-tg307-p199	0	4	0	11.5
puzzle 3d japonia	https://pl.robotoys.eu/drewniane-puzzle-3d/architektura/pieciopietrowa-pagoda-rolife-tgn02-p45	0	4	0	4
puzzle 3d katedra notre dame	https://pl.robotoys.eu/drewniane-puzzle-3d/architektura/drewniane-puzzle-3d-katedra-notre-dame-little-story-e017-p127	0	24	0	1.33
puzzle 3d kawasaki	https://pl.robotoys.eu/drewniane-puzzle-3d/pojazdy/drewniana-ukladanka-3d-motocykl-green-speedway-little-story-e019g-p240	0	2	0	20
puzzle 3d koloseum	https://pl.robotoys.eu/drewniane-puzzle-3d/architektura/drewniane-puzzle-3d-koloseum-little-story-e016-p126	0	9	0	7.56
puzzle 3d krzywa wieża w pizie	https://pl.robotoys.eu/drewniane-puzzle-3d/architektura/drewniane-puzzle-3d-krzywa-wieza-w-pizie-little-story-e009-p114	0	2	0	10.5
puzzle 3d kwiaty	https://pl.robotoys.eu/drewniane-puzzle-3d/kwiaty/drewniane-puzzle-3d-czerwona-roza-rowood-tw042-p101	0	20	0	4.3
puzzle 3d kwiaty	https://pl.robotoys.eu/drewniane-puzzle-3d/kwiaty/drewniane-puzzle-3d-kamelia-czerwona-rowood-tw031-p102	0	11	0	4.45
puzzle 3d kwiaty	https://pl.robotoys.eu/drewniane-puzzle-3d/kwiaty/drewniane-puzzle-3d-liliowy-rowood-tw021-p103	0	9	0	6.22
puzzle 3d legno	https://it.robotoys.eu/blog/storia-dei-puzzle-in-legno-3d-dalle-origini-al-presente	0	122	0	11.98
puzzle 3d legno	https://it.robotoys.eu/puzzle-3d-in-legno	0	2	0	45
puzzle 3d legno	https://it.robotoys.eu/puzzle-3d-in-legno-da-200-a-299-pezzi	0	1	0	42
puzzle 3d legno	https://it.robotoys.eu/puzzle-3d-in-legno-piu-di-300-pezzi	0	18	0	20.39
puzzle 3d legno	https://it.robotoys.eu/puzzle-3d-in-legno/architettura/puzzle-3d-in-legno-colosseo-little-story-e016-p126	0	13	0	6.15
puzzle 3d legno	https://it.robotoys.eu/puzzle-3d-in-legno/luniverso/globo-luminoso-rokr-st003-p3	0	1	0	4
puzzle 3d legno	https://it.robotoys.eu/puzzle-3d-in-legno/strumenti-musicali	0	1	0	21
puzzle 3d legno	https://it.robotoys.eu/puzzle-3d-in-legno/veicoli/puzzle-3d-in-legno-escavatore-rokr-tg508k-p197	0	1	0	4
puzzle 3d legno	https://it.robotoys.eu/puzzle-3d-in-legno/veicoli/puzzle-3d-in-legno-locomotiva-little-story-e012-p124	0	2	0	4.5
puzzle 3d legno	https://it.robotoys.eu/puzzle-3d-in-legno/veicoli/puzzle-meccanico-3d-in-legno-caricatore-eco-wood-art-p204	0	1	0	6
puzzle 3d legno adulti	https://it.robotoys.eu/blog/storia-dei-puzzle-in-legno-3d-dalle-origini-al-presente	0	1	0	9
puzzle 3d legno adulti	https://it.robotoys.eu/puzzle-3d-in-legno-piu-di-300-pezzi	0	4	0	19
puzzle 3d legno adulti	https://it.robotoys.eu/puzzle-3d-in-legno/architettura/puzzle-3d-in-legno-colosseo-little-story-e016-p126	0	7	0	9.57
puzzle 3d legno adulti	https://it.robotoys.eu/puzzle-3d-in-legno/architettura/puzzle-3d-in-legno-sagrada-familia-little-story-e018-p133	0	13	0	2.77
puzzle 3d legno adulti	https://it.robotoys.eu/puzzle-3d-in-legno/orologi-calendari/puzzle-meccanico-3d-in-legno-orologio-a-cucu-rokr-lc901c-p198	0	1	0	10
puzzle 3d lemn	https://ro.robotoys.eu/puzzle-3d-din-lemn-mai-mult-de-300-buc	0	1	0	12
puzzle 3d lemn	https://ro.robotoys.eu/puzzle-3d-din-lemn/arhitectura/puzzle-3d-din-lemn-arcul-victoriei-little-story-e011-p123	0	65	0	5.28
puzzle 3d libreria	https://it.robotoys.eu/puzzle-3d-in-legno/architettura/puzzle-3d-in-legno-libreria-in-un-vecchio-vicolo-p262	0	2	0	11
puzzle 3d lion	https://fr.robotoys.eu/casse-tete-3d-en-bois/les-animaux/puzzle-3d-en-bois-lion-little-story-d011-p119	0	3	0	1.67
puzzle 3d lokomotywa	https://pl.robotoys.eu/drewniane-puzzle-3d/pojazdy/drewniane-puzzle-3d-lokomotywa-little-story-e012-p124	0	13	0	6.54
puzzle 3d lokomotywa	https://pl.robotoys.eu/drewniane-puzzle-3d/pojazdy/lokomotywa-rokr-lk701-p7	0	1	0	10
puzzle 3d lokomotywa	https://pl.robotoys.eu/drewniane-puzzle-3d/pojazdy/model-lokomotywy-parowej-rokr-mc501-p13	0	1	0	21
puzzle 3d lokomotywa	https://robotoys.eu/wooden-3d-puzzle/vehicles/wooden-3d-puzzle-locomotive-little-story-e012-p124	0	2	0	30.5
puzzle 3d londyn	https://pl.robotoys.eu/drewniane-puzzle-3d/pojazdy/drewniane-puzzle-3d-londynski-autobus-turystyczny-rolife-tgm02-p106	0	3	0	25
puzzle 3d macchine	https://it.robotoys.eu/puzzle-3d-in-legno/veicoli	0	10	0	4.4
puzzle 3d macchine	https://it.robotoys.eu/puzzle-3d-in-legno/veicoli/puzzle-meccanico-3d-in-legno-auto-da-corsa-rossa-eco-wood-art-p152	0	1	0	4
puzzle 3d madeira	https://pt.robotoys.eu/quebra-cabeca-3d-de-madeira/arquitetura/quebra-cabeca-3d-de-madeira-arco-da-vitoria-little-story-e011-p123	0	2	0	1
puzzle 3d madeira	https://pt.robotoys.eu/quebra-cabeca-3d-de-madeira/arquitetura/quebra-cabeca-3d-de-madeira-sagrada-familia-little-story-e018-p133	0	57	0	2.89
puzzle 3d madera	https://es.robotoys.eu/rompecabezas-3d-de-madera-mejor-valorado	0	9	0	17.44
puzzle 3d madera	https://es.robotoys.eu/rompecabezas-3d-de-madera/arquitectura	0	1	0	3
puzzle 3d madera	https://es.robotoys.eu/rompecabezas-3d-de-madera/stem-lab/puzzle-3d-mecanico-de-madera-impresora-clasica-rokr-lk602-p90	0	2	0	14.5
puzzle 3d madera	https://robotoys.eu/wooden-3d-puzzle-assembly-time-within-3-to-5-hours	0	1	0	1
puzzle 3d madera adultos	https://es.robotoys.eu/rompecabezas-3d-de-madera/arquitectura/puzzle-3d-de-madera-sagrada-familia-little-story-e018-p133	0	3	0	6.67
puzzle 3d madera adultos	https://es.robotoys.eu/rompecabezas-3d-de-madera/instrumentos-musicales/puzzle-3d-de-madera-violonchelo-rolife-tg411-p85	0	1	0	13
puzzle 3d mappamondo	https://it.robotoys.eu/puzzle-3d-in-legno/luniverso/globo-luminoso-rokr-st003-p3	0	3	0	20.67
puzzle 3d mecanic	https://es.robotoys.eu/rompecabezas-3d-de-madera/cajas-de-musica/tocadiscos-electrico-rokr-lkb01d-p68	0	1	0	5
puzzle 3d mecanique	https://fr.robotoys.eu/casse-tete-3d-en-bois/stem-lab/puzzle-mecanique-3d-en-bois-machine-a-ecrire-eco-wood-art-p158	0	1	0	36
puzzle 3d mecanique	https://fr.robotoys.eu/casse-tete-3d-en-bois/vehicules/puzzle-3d-mecanique-en-bois-voiture-de-course-jaune-eco-wood-art-p151	0	3	0	38.67
puzzle 3d meccanici	https://it.robotoys.eu/blog/metti-in-movimento-il-tuo-cervello-con-i-puzzle-meccanici-in-legno-3d	0	26	0	9.19
puzzle 3d meccanici	https://it.robotoys.eu/puzzle-3d-in-legno/armi/puzzle-meccanico-3d-in-legno-mini-pistola-rokr-lq502-p147	0	2	0	3
puzzle 3d meccanici	https://it.robotoys.eu/puzzle-3d-in-legno/luniverso/puzzle-meccanico-3d-in-legno-navetta-spaziale-rokr-lka02-p253	0	2	0	3
puzzle 3d meccanici	https://it.robotoys.eu/puzzle-3d-in-legno/stem-lab/puzzle-3d-meccanico-in-legno-stampante-classica-rokr-lk602-p90	0	5	0	8.8
puzzle 3d meccanici	https://it.robotoys.eu/puzzle-3d-in-legno/veicoli/puzzle-meccanico-3d-in-legno-camion-dei-pompieri-eco-wood-art-p208	0	1	0	11
puzzle 3d monumenti	https://it.robotoys.eu/puzzle-3d-in-legno/architettura	0	6	0	22.67
puzzle 3d monumentos	https://es.robotoys.eu/rompecabezas-3d-de-madera/arquitectura	0	11	0	10.45
puzzle 3d monumentos	https://es.robotoys.eu/rompecabezas-3d-de-madera/arquitectura/puzzle-3d-de-madera-sagrada-familia-little-story-e018-p133	0	1	0	14
puzzle 3d moto	https://es.robotoys.eu/rompecabezas-3d-de-madera/vehiculos/puzzle-de-madera-3d-moto-de-carreras-little-story-e019-p171	0	1	0	4
puzzle 3d moto	https://fr.robotoys.eu/casse-tete-3d-en-bois/vehicules/puzzle-3d-en-bois-grand-prix-moto-little-story-e021-p173	0	37	0	2.92
puzzle 3d moto	https://it.robotoys.eu/puzzle-3d-in-legno/veicoli/puzzle-3d-in-legno-moto-da-speedway-little-story-e019-p171	0	4	0	4
puzzle 3d moto	https://it.robotoys.eu/puzzle-3d-in-legno/veicoli/puzzle-3d-in-legno-moto-speedtail-little-story-e020-p172	0	1	0	1
puzzle 3d moto	https://it.robotoys.eu/puzzle-3d-in-legno/veicoli/puzzle-meccanico-3d-in-legno-moto-cruiser-eco-wood-art-p150	0	4	0	4
puzzle 3d moto	https://pt.robotoys.eu/quebra-cabeca-3d-de-madeira/veiculos/quebra-cabeca-3d-de-madeira-moto-speedway-little-story-e019-p171	0	1	0	4
puzzle 3d mécanique	https://fr.robotoys.eu/puzzle-3d-en-bois-temps-de-montage-sous-3-a-5-heures	0	2	0	25
puzzle 3d noel	https://fr.robotoys.eu/casse-tete-3d-en-bois/boites-a-musique/puzzle-3d-mecanique-en-bois-sapin-de-noel-melodique-rolife-ams01-p138	0	3	0	1
puzzle 3d notre dame	https://es.robotoys.eu/rompecabezas-3d-de-madera/arquitectura/puzzle-3d-de-madera-catedral-de-notre-dame-little-story-e017-p127	0	7	0	7.57
puzzle 3d notre dame	https://pl.robotoys.eu/drewniane-puzzle-3d/architektura/drewniane-puzzle-3d-katedra-notre-dame-little-story-e017-p127	0	39	0	7.51
puzzle 3d piano	https://es.robotoys.eu/rompecabezas-3d-de-madera/instrumentos-musicales/magic-piano-rokr-amk81-p70	0	1	0	1
puzzle 3d piano	https://robotoys.eu/wooden-3d-puzzle/musical-instruments/magic-piano-rokr-amk81-p70	0	2	0	9
puzzle 3d pociąg	https://pl.robotoys.eu/drewniane-puzzle-3d/pojazdy/drewniane-puzzle-3d-lokomotywa-little-story-e012-p124	0	8	0	1
puzzle 3d pociąg	https://pl.robotoys.eu/drewniane-puzzle-3d/pojazdy/model-lokomotywy-parowej-rokr-mc501-p13	0	2	0	18.5
puzzle 3d ravensburger colosseo	https://it.robotoys.eu/puzzle-3d-in-legno/architettura/puzzle-3d-in-legno-colosseo-little-story-e016-p126	0	4	0	40.75
puzzle 3d robotime	https://es.robotoys.eu/rompecabezas-3d-de-madera	0	2	0	11.5
puzzle 3d rokr	https://es.robotoys.eu/marcas/rokr	0	4	0	8
puzzle 3d rokr	https://fr.robotoys.eu/casse-tete-3d-en-bois/boites-a-musique/tourne-disque-electrique-rokr-lkb01d-p68	0	4	0	6.5
puzzle 3d rokr	https://it.robotoys.eu/marche/rokr	0	7	0	2.14
puzzle 3d rokr	https://it.robotoys.eu/puzzle-3d-in-legno/stem-lab/pinball-rokr-eg01-p43	0	5	0	6.4
puzzle 3d rokr	https://it.robotoys.eu/puzzle-3d-in-legno/stem-lab/puzzle-meccanico-3d-in-legno-fabbrica-dei-regali-dei-sogni-rokr-eab01-p202	0	1	0	2
puzzle 3d rokr	https://pl.robotoys.eu/drewniane-puzzle-3d/pozytywki/gramofon-elektryczny-rokr-lkb01d-p68	0	2	0	8
puzzle 3d rokr	https://pl.robotoys.eu/drewniane-puzzle-3d/stem-lab/drewniane-mechaniczne-puzzle-3d-klasyczna-drukarka-rokr-lk602-p90	0	1	0	6
puzzle 3d rokr	https://pl.robotoys.eu/drewniane-puzzle-3d/stem-lab/pinball-rokr-eg01-p43	0	2	0	7
puzzle 3d rolife	https://es.robotoys.eu/marcas/rolife	0	2	0	7.5
puzzle 3d rolife	https://es.robotoys.eu/rompecabezas-3d-de-madera/instrumentos-musicales/bateria-rolife-tg409-p81	0	7	0	12.57
puzzle 3d rolife	https://it.robotoys.eu/marche/rolife	0	3	0	10.67
puzzle 3d rolife	https://it.robotoys.eu/puzzle-3d-in-legno/architettura/modello-della-torre-eiffel-rolife-tg501-p17	0	3	0	6.67
puzzle 3d rolife	https://pl.robotoys.eu/marki/rolife	0	3	0	3
puzzle 3d roma	https://es.robotoys.eu/rompecabezas-3d-de-madera/arquitectura/puzzle-3d-de-madera-coliseo-little-story-e016-p126	0	4	0	10.25
puzzle 3d roma	https://it.robotoys.eu/puzzle-3d-in-legno/architettura/puzzle-3d-in-legno-colosseo-little-story-e016-p126	0	5	0	4.4
puzzle 3d rower	https://cz.robotoys.eu/drevene-3d-puzzle/vozidla/drevene-mechanicke-3d-puzzle-motorka-cruiser-eco-wood-art-p150	0	1	0	55
puzzle 3d rower	https://pl.robotoys.eu/drewniane-puzzle-3d/pojazdy/model-lokomotywy-parowej-rokr-mc501-p13	0	2	0	27.5
puzzle 3d rower	https://pl.robotoys.eu/drewniane-puzzle-3d/stem-lab/drewniane-mechaniczne-puzzle-3d-klasyczna-drukarka-rokr-lk602-p90	0	3	0	7.33
puzzle 3d rower	https://pl.robotoys.eu/drewniane-puzzle-3d/wszechswiat/uklad-sloneczny-rokr-st001-p71	0	3	0	7.33
puzzle 3d sagrada familia	https://es.robotoys.eu/rompecabezas-3d-de-madera/arquitectura/puzzle-3d-de-madera-sagrada-familia-little-story-e018-p133	0	47	0	2.57
puzzle 3d sagrada familia	https://fr.robotoys.eu/casse-tete-3d-en-bois/architecture/puzzle-3d-en-bois-sagrada-familia-little-story-e018-p133	0	13	0	2.77
puzzle 3d sagrada familia	https://it.robotoys.eu/puzzle-3d-in-legno/architettura/puzzle-3d-in-legno-sagrada-familia-little-story-e018-p133	0	9	0	2.33
puzzle 3d sagrada familia	https://pl.robotoys.eu/drewniane-puzzle-3d/architektura/drewniane-puzzle-3d-sagrada-familia-little-story-e018-p133	0	19	0	1.42
puzzle 3d sagrada familia	https://ro.robotoys.eu/puzzle-3d-din-lemn/arhitectura/puzzle-3d-din-lemn-sagrada-familia-little-story-e018-p133	0	1	0	8
puzzle 3d sagrada familia	https://robotoys.eu/wooden-3d-puzzle/architecture/wooden-3d-puzzle-sagrada-familia-little-story-e018-p133	0	3	0	1
puzzle 3d sagrada familia	https://se.robotoys.eu/3d-pussel-i-tra/arkitektur/3d-pussel-i-tra-sagrada-familia-little-story-e018-p133	0	1	0	1
puzzle 3d sakura	https://it.robotoys.eu/puzzle-3d-in-legno/architettura/puzzle-3d-in-legno-sakura-treehouse-rolife-tgs04-p201	0	1	0	1
puzzle 3d sakura	https://it.robotoys.eu/puzzle-3d-in-legno/fiori/puzzle-3d-in-legno-sakura-bonsai-rolife-tg415-p142	0	2	0	1
puzzle 3d sakura	https://it.robotoys.eu/puzzle-3d-in-legno/fiori/puzzle-3d-in-legno-sakura-rowood-tw101-p195	0	1	0	1
puzzle 3d samochody	https://es.robotoys.eu/rompecabezas-3d-de-madera/vehiculos	0	1	0	48
puzzle 3d samolot	https://it.robotoys.eu/puzzle-3d-in-legno/veicoli/puzzle-3d-in-legno-aereo-little-story-d016-p130	0	6	0	40.33
puzzle 3d samolot	https://pl.robotoys.eu/drewniane-puzzle-3d/pojazdy/drewniane-puzzle-3d-samolot-little-story-d016-p130	0	41	0	5.8
puzzle 3d sistema solar	https://es.robotoys.eu/rompecabezas-3d-de-madera/el-universo/sistema-solar-rokr-st001-p71	0	7	0	2.71
puzzle 3d sistema solare	https://it.robotoys.eu/puzzle-3d-in-legno/luniverso/sistema-solare-rokr-st001-p71	0	11	0	6.55
puzzle 3d statek	https://pl.robotoys.eu/drewniane-puzzle-3d/pojazdy/drewniane-puzzle-3d-statek-wycieczkowy-rolife-tg306-p87	0	1	0	15
puzzle 3d sterowiec	https://pl.robotoys.eu/najdrozsze-drewniane-puzzle-3d	0	1	0	27
puzzle 3d t rex	https://it.robotoys.eu/puzzle-3d-in-legno/gli-animali/puzzle-3d-in-legno-t-rex-little-story-d006-p115	0	2	0	2.5
puzzle 3d torre de pisa	https://es.robotoys.eu/rompecabezas-3d-de-madera/arquitectura/puzzle-3d-de-madera-torre-inclinada-de-pisa-little-story-e009-p114	0	3	0	8.67
puzzle 3d torre di pisa	https://it.robotoys.eu/puzzle-3d-in-legno/architettura/puzzle-3d-in-legno-torre-pendente-di-pisa-little-story-e009-p114	0	1	0	7
puzzle 3d torre eiffel	https://it.robotoys.eu/puzzle-3d-in-legno/architettura/modello-della-torre-eiffel-rolife-tg501-p17	0	66	0	10.89
puzzle 3d torre eiffel con luz	https://es.robotoys.eu/rompecabezas-3d-de-madera/arquitectura/torre-eiffel-iluminada-rolife-tgl01-p73	0	1	0	30
puzzle 3d torre eiffel istruzioni	https://it.robotoys.eu/puzzle-3d-in-legno/architettura/modello-della-torre-eiffel-rolife-tg501-p17	0	2	0	8.5
puzzle 3d tower bridge	https://es.robotoys.eu/rompecabezas-3d-de-madera/arquitectura/modelo-tower-bridge-con-iluminacion-led-rolife-tg412-p19	0	1	0	1
puzzle 3d tower bridge	https://it.robotoys.eu/puzzle-3d-in-legno/architettura/modello-tower-bridge-con-illuminazione-led-rolife-tg412-p19	0	1	0	1
puzzle 3d tower bridge	https://pl.robotoys.eu/drewniane-puzzle-3d/architektura/model-tower-bridge-z-oswietleniem-led-rolife-tg412-p19	0	10	0	8.5
puzzle 3d układ słoneczny	https://pl.robotoys.eu/drewniane-puzzle-3d/wszechswiat/uklad-sloneczny-rokr-st001-p71	0	14	0	4.21
puzzle 3d voiture	https://fr.robotoys.eu/casse-tete-3d-en-bois/vehicules/puzzle-3d-mecanique-en-bois-voiture-de-course-rouge-eco-wood-art-p152	0	264	0	20.23
puzzle 3d voiture de course	https://fr.robotoys.eu/casse-tete-3d-en-bois/vehicules/puzzle-3d-mecanique-en-bois-voiture-de-course-rouge-eco-wood-art-p152	0	21	0	2.62
puzzle 3d warszawa	https://pl.robotoys.eu/drewniane-puzzle-3d/pojazdy/drewniane-puzzle-3d-warszawa-m20-little-story-e006-p98	0	11	0	7
puzzle 3d wieza eiffla	https://pl.robotoys.eu/drewniane-puzzle-3d/architektura/podswietlana-wieza-eiffla-rolife-tgl01-p73	0	4	0	2.25
puzzle 3d wieża eiffla	https://pl.robotoys.eu/drewniane-puzzle-3d/architektura/podswietlana-wieza-eiffla-rolife-tgl01-p73	0	13	0	9.54
puzzle 3d wieża eiffla led	https://pl.robotoys.eu/drewniane-puzzle-3d/architektura/podswietlana-wieza-eiffla-rolife-tgl01-p73	0	9	0	2.67
puzzle 3d wood	https://es.robotoys.eu/rompecabezas-3d-de-madera/arquitectura	0	2	0	4
puzzle 3d wood	https://it.robotoys.eu/puzzle-3d-in-legno-piu-di-300-pezzi	0	1	0	10
puzzle 3d wood	https://it.robotoys.eu/puzzle-3d-in-legno/architettura/puzzle-3d-in-legno-sagrada-familia-little-story-e018-p133	0	6	0	3.83
puzzle 3d wooden	https://pl.robotoys.eu/drewniane-puzzle-3d/architektura/drewniane-puzzle-3d-sagrada-familia-little-story-e018-p133	0	1	0	3
puzzle 3d z drewna	https://pl.robotoys.eu/drewniane-puzzle-3d/architektura	0	26	0	15.15
puzzle 3d z drewna	https://pl.robotoys.eu/drewniane-puzzle-3d/architektura/drewniane-puzzle-3d-luk-zwyciestwa-little-story-e011-p123	0	33	0	3.3
puzzle 3d z drewna	https://pl.robotoys.eu/drewniane-puzzle-3d/architektura/drewniane-puzzle-3d-sagrada-familia-little-story-e018-p133	0	45	0	3.09
puzzle 3d z drewna	https://pl.robotoys.eu/drewniane-puzzle-3d/stem-lab/drewniane-mechaniczne-puzzle-3d-klasyczna-drukarka-rokr-lk602-p90	0	6	0	11
puzzle 3d zegar	https://pl.robotoys.eu/drewniane-puzzle-3d/zegary-i-kalendarze	0	3	0	11
puzzle 3d zwierzeta	https://pl.robotoys.eu/drewniane-puzzle-3d/zwierzeta	0	2	0	8.5
puzzle 3d zwierzęta	https://pl.robotoys.eu/drewniane-puzzle-3d/zwierzeta	0	40	0	7.15
puzzle 3d zwierzęta	https://pl.robotoys.eu/drewniane-puzzle-3d/zwierzeta/drewniane-puzzle-3d-kangur-little-story-d014-p122	0	4	0	20.5
puzzle action 3d	https://fr.robotoys.eu/puzzle-3d-en-bois-en-action	0	7	0	9.86
puzzle aerei	https://it.robotoys.eu/puzzle-3d-in-legno/veicoli/puzzle-3d-in-legno-aereo-little-story-d016-p130	0	12	0	17.92
puzzle animali legno	https://it.robotoys.eu/puzzle-3d-in-legno/gli-animali	0	2	0	22.5
puzzle ape	https://it.robotoys.eu/puzzle-3d-in-legno/gli-animali/puzzle-3d-in-legno-ape-little-story-d001-p128	0	1	0	1
puzzle architecture	https://fr.robotoys.eu/casse-tete-3d-en-bois/architecture	0	6	0	8.17
puzzle architecture	https://it.robotoys.eu/puzzle-3d-in-legno/architettura	0	1	0	28
puzzle architecture	https://robotoys.eu/wooden-3d-puzzle/architecture	0	8	0	8.12
puzzle architektura	https://cz.robotoys.eu/drevene-3d-puzzle/architektura	0	2	0	3
puzzle architektura	https://de.robotoys.eu/3d-puzzle-aus-holz/die-architektur	0	2	0	3
puzzle architektura	https://pl.robotoys.eu/drewniane-puzzle-3d/architektura	0	15	0	6.53
puzzle architektura	https://pl.robotoys.eu/drewniane-puzzle-3d/architektura/drewniane-puzzle-3d-luk-zwyciestwa-little-story-e011-p123	0	5	0	6.4
puzzle arquitectura	https://es.robotoys.eu/rompecabezas-3d-de-madera/arquitectura	0	9	0	6.56
puzzle auta	https://cz.robotoys.eu/drevene-3d-puzzle/vozidla	0	5	0	37.4
puzzle auta	https://it.robotoys.eu/puzzle-3d-in-legno/veicoli	0	1	0	31
puzzle auto	https://cz.robotoys.eu/drevene-3d-puzzle/vozidla	0	4	0	21.25
puzzle auto	https://cz.robotoys.eu/drevene-3d-puzzle/vozidla/drevene-mechanicke-3d-puzzle-cervene-zavodni-auto-eco-wood-art-p152	0	3	0	4.67
puzzle auto	https://es.robotoys.eu/rompecabezas-3d-de-madera/vehiculos	0	6	0	4.33
puzzle auto	https://it.robotoys.eu/puzzle-3d-in-legno/veicoli/auto-depoca-rokr-mc801-p72	0	2	0	17.5
puzzle auto 3d	https://cz.robotoys.eu/drevene-3d-puzzle/vozidla	0	4	0	9.75
puzzle auto 3d	https://cz.robotoys.eu/drevene-3d-puzzle/vozidla/drevene-mechanicke-3d-puzzle-cervene-zavodni-auto-eco-wood-art-p152	0	1	0	2
puzzle auto 3d	https://it.robotoys.eu/puzzle-3d-in-legno/veicoli	0	9	0	4.67
puzzle autobus	https://it.robotoys.eu/puzzle-3d-in-legno/veicoli/puzzle-3d-in-legno-autobus-little-story-d002-p166	0	8	0	6.12
puzzle automobili	https://it.robotoys.eu/puzzle-3d-in-legno/veicoli/auto-depoca-rokr-mc801-p72	0	3	0	7.67
puzzle avion	https://es.robotoys.eu/rompecabezas-3d-de-madera/vehiculos/puzzle-3d-de-madera-avion-little-story-d016-p130	0	8	0	2.38
puzzle bergseen	https://de.robotoys.eu/3d-puzzle-aus-holz/blumen/3d-puzzle-aus-holz-hirsch-an-einem-bergsee-p260	0	1	0	31
puzzle bibliothek	https://de.robotoys.eu/3d-puzzle-aus-holz/die-architektur/3d-puzzle-aus-holz-bibliothek-am-meer-p261	0	1	0	16
puzzle bienen	https://de.robotoys.eu/3d-puzzle-aus-holz/die-tiere/3d-puzzle-aus-holz-biene-little-story-d001-p128	0	1	0	24
puzzle big ben	https://hu.robotoys.eu/fabol-keszult-3d-puzzle/epiteszet/big-ben-modell-led-vilagitassal-rolife-tg507-p20	0	1	0	17
puzzle blumen	https://de.robotoys.eu/3d-puzzle-aus-holz/blumen	0	9	0	31
puzzle blumenmotiv	https://de.robotoys.eu/3d-puzzle-aus-holz/blumen	0	1	0	25
puzzle blumensträuße	https://de.robotoys.eu/3d-puzzle-aus-holz/blumen	0	2	0	33
puzzle bois 3d	https://fr.robotoys.eu/casse-tete-3d-en-bois/architecture/puzzle-3d-en-bois-colisee-little-story-e016-p126	0	11	0	16
puzzle bois 3d	https://fr.robotoys.eu/casse-tete-3d-en-bois/architecture/puzzle-3d-en-bois-sagrada-familia-little-story-e018-p133	0	28	0	15.18
puzzle bois 3d	https://fr.robotoys.eu/puzzle-3d-en-bois-difficulte-facile	0	18	0	25.67
puzzle bois 3d	https://fr.robotoys.eu/puzzle-3d-en-bois-en-action	0	3	0	47.67
puzzle bois action	https://fr.robotoys.eu/puzzle-3d-en-bois-en-action	0	30	0	8.97
puzzle bois pas cher	https://fr.robotoys.eu/puzzle-3d-en-bois-200-a-299-mcx	0	2	0	56
puzzle bois pas cher	https://fr.robotoys.eu/puzzle-3d-en-bois-difficulte-elevee	0	2	0	9
puzzle bois pas cher	https://fr.robotoys.eu/puzzle-3d-en-bois-difficulte-moyenne	0	2	0	48
puzzle bois pas cher	https://fr.robotoys.eu/puzzle-3d-en-bois-temps-de-montage-sous-1-a-3-heures	0	1	0	60
puzzle bonsai	https://de.robotoys.eu/3d-puzzle-aus-holz/blumen/holz-3d-puzzle-immergruner-kiefernbonsai-rolife-tg510-p143	0	2	0	7.5
puzzle bonsai	https://de.robotoys.eu/3d-puzzle-aus-holz/blumen/holz-3d-puzzle-sakura-bonsai-rolife-tg415-p142	0	1	0	1
puzzle bonsai	https://es.robotoys.eu/rompecabezas-3d-de-madera/flores/rompecabezas-3d-de-madera-sakura-bonsai-rolife-tg415-p142	0	3	0	10.67
puzzle bonsai	https://hu.robotoys.eu/fabol-keszult-3d-puzzle/viragok/fa-3d-puzzle-sakura-bonsai-rolife-tg415-p142	0	1	0	1
puzzle bonsai	https://hu.robotoys.eu/fabol-keszult-3d-puzzle/viragok/fabol-keszult-3d-puzzle-evergreen-pine-bonsai-rolife-tg510-p143	0	1	0	1
puzzle bonsai	https://it.robotoys.eu/puzzle-3d-in-legno/fiori/puzzle-3d-in-legno-sakura-bonsai-rolife-tg415-p142	0	2	0	1
puzzle bonsai	https://pl.robotoys.eu/drewniane-puzzle-3d/kwiaty/drewniana-ukladanka-3d-sakura-bonsai-rolife-tg415-p142	0	1	0	12
puzzle bonsai	https://robotoys.eu/wooden-3d-puzzle/flowers/wooden-3d-puzzle-evergreen-pine-bonsai-rolife-tg510-p143	0	1	0	10
puzzle bonsai	https://robotoys.eu/wooden-3d-puzzle/flowers/wooden-3d-puzzle-sakura-bonsai-rolife-tg415-p142	0	1	0	12
puzzle bookstore	https://robotoys.eu/wooden-3d-puzzle/architecture/wooden-3d-puzzle-bookstore-in-an-old-alley-p262	0	22	0	11.82
puzzle brandenburg	https://de.robotoys.eu/3d-puzzle-aus-holz/die-architektur/3d-puzzle-aus-holz-brandenburger-tor-little-story-e015-p125	0	4	0	20.75
puzzle brandenburg	https://robotoys.eu/wooden-3d-puzzle/architecture/wooden-3d-puzzle-brandenburg-gate-little-story-e015-p125	0	1	0	26
puzzle brandenburger tor	https://de.robotoys.eu/3d-puzzle-aus-holz/die-architektur/3d-puzzle-aus-holz-brandenburger-tor-little-story-e015-p125	0	16	0	5.88
puzzle brücken & brunnen	https://de.robotoys.eu/3d-puzzle-aus-holz/die-architektur/tower-bridge-modell-mit-led-beleuchtung-rolife-tg412-p19	0	1	0	25
puzzle buildings	https://robotoys.eu/wooden-3d-puzzle/architecture	0	2	0	22.5
puzzle bücherei	https://de.robotoys.eu/3d-puzzle-aus-holz/die-architektur/3d-puzzle-aus-holz-bibliothek-am-meer-p261	0	1	0	8
puzzle camion	https://it.robotoys.eu/puzzle-3d-in-legno/veicoli/modello-di-camion-pesante-rokr-mc502-p27	0	2	0	14.5
puzzle camion	https://it.robotoys.eu/puzzle-3d-in-legno/veicoli/puzzle-3d-in-legno-camion-little-story-e013-p169	0	2	0	1
puzzle chalet montagne	https://it.robotoys.eu/puzzle-3d-in-legno/architettura/puzzle-3d-in-legno-mini-chalet-di-montagna-a-forma-di-a-rolife-dg181-p227	0	1	0	9
puzzle clock	https://es.robotoys.eu/rompecabezas-3d-de-madera/relojes-y-calendarios/reloj-de-pared-zodiac-rokr-lc601-p52	0	3	0	31.33
puzzle coche	https://es.robotoys.eu/rompecabezas-3d-de-madera/vehiculos	0	2	0	19
puzzle coche 3d	https://es.robotoys.eu/rompecabezas-3d-de-madera/vehiculos	0	13	0	11.23
puzzle coches	https://es.robotoys.eu/rompecabezas-3d-de-madera/vehiculos	0	1	0	23
puzzle coliseo	https://es.robotoys.eu/rompecabezas-3d-de-madera/arquitectura/puzzle-3d-de-madera-coliseo-little-story-e016-p126	0	1	0	31
puzzle coliseo romano	https://es.robotoys.eu/rompecabezas-3d-de-madera/arquitectura/puzzle-3d-de-madera-coliseo-little-story-e016-p126	0	2	0	38
puzzle colisée	https://fr.robotoys.eu/casse-tete-3d-en-bois/architecture/puzzle-3d-en-bois-colisee-little-story-e016-p126	0	1	0	31
puzzle coloseum	https://de.robotoys.eu/3d-puzzle-aus-holz/die-architektur/3d-puzzle-aus-holz-colosseum-little-story-e016-p126	0	1	0	9
puzzle colosseo	https://it.robotoys.eu/puzzle-3d-in-legno/architettura/puzzle-3d-in-legno-colosseo-little-story-e016-p126	0	3	0	37.67
puzzle colosseo 3d	https://it.robotoys.eu/puzzle-3d-in-legno/architettura/puzzle-3d-in-legno-colosseo-little-story-e016-p126	0	8	0	10.88
puzzle colosseum	https://de.robotoys.eu/3d-puzzle-aus-holz/die-architektur/3d-puzzle-aus-holz-colosseum-little-story-e016-p126	0	8	0	7.5
puzzle colosseum	https://ro.robotoys.eu/puzzle-3d-din-lemn/animalele/puzzle-3d-din-lemn-elefant-little-story-d012-p120	0	1	0	1
puzzle colosseum	https://robotoys.eu/wooden-3d-puzzle/architecture/wooden-3d-puzzle-colosseum-little-story-e016-p126	0	1	0	8
puzzle coming together	https://robotoys.eu/wooden-3d-puzzle/flowers/wooden-3d-puzzle-wooden-blooming-book-rowood-tw04h-p228	0	1	0	2
puzzle creative stem	https://de.robotoys.eu/3d-puzzle-aus-holz/stem-lab	0	1	0	5
puzzle cruise ship	https://robotoys.eu/wooden-3d-puzzle/vehicles/wooden-3d-puzzle-cruise-ship-rolife-tg306-p87	0	1	0	23
puzzle cu flori	https://ro.robotoys.eu/puzzle-3d-din-lemn/flori	0	2	0	20.5
puzzle czołg	https://pl.robotoys.eu/blog/world-of-tanks-juz-na-twojej-polce	0	2	0	26.5
puzzle czołg	https://pl.robotoys.eu/drewniane-puzzle-3d/pojazdy/drewniane-puzzle-3d-czolg-t-34-85-little-story-wot02-p135	0	2	0	13
puzzle de coches	https://es.robotoys.eu/rompecabezas-3d-de-madera/vehiculos	0	2	0	19.5
puzzle de flores	https://es.robotoys.eu/rompecabezas-3d-de-madera/flores	0	6	0	14.17
puzzle de madeira 3d	https://pt.robotoys.eu/quebra-cabeca-3d-de-madeira/arquitetura/quebra-cabeca-3d-de-madeira-arco-da-vitoria-little-story-e011-p123	0	1	0	3
puzzle de madeira 3d	https://pt.robotoys.eu/quebra-cabeca-3d-de-madeira/arquitetura/quebra-cabeca-3d-de-madeira-sagrada-familia-little-story-e018-p133	0	13	0	2.08
puzzle de madeira 3d	https://pt.robotoys.eu/quebra-cabeca-3d-de-madeira/veiculos/quebra-cabeca-3d-de-madeira-grand-prix-motorcycle-little-story-e021-p173	0	1	0	5
puzzle de madeira 3d	https://robotoys.eu/wooden-3d-puzzle/architecture/wooden-3d-puzzle-sagrada-familia-little-story-e018-p133	0	1	0	3
puzzle de madera 3d	https://es.robotoys.eu/rompecabezas-3d-de-madera-mejor-valorado	0	1	0	15
puzzle de madera 3d	https://es.robotoys.eu/rompecabezas-3d-de-madera/arquitectura/puzzle-3d-de-madera-coliseo-little-story-e016-p126	0	2	0	1
puzzle de madera 3d	https://es.robotoys.eu/rompecabezas-3d-de-madera/arquitectura/puzzle-3d-de-madera-sagrada-familia-little-story-e018-p133	0	94	0	1.52
puzzle de roma	https://es.robotoys.eu/rompecabezas-3d-de-madera/arquitectura/puzzle-3d-de-madera-coliseo-little-story-e016-p126	0	1	0	38
puzzle de sonidos de madera vehículos	https://es.robotoys.eu/rompecabezas-3d-de-madera/vehiculos	0	1	0	23
puzzle di legno	https://it.robotoys.eu/blog/storia-dei-puzzle-in-legno-3d-dalle-origini-al-presente	0	4	0	9.25
puzzle di legno	https://it.robotoys.eu/puzzle-3d-in-legno/stem-lab/puzzle-meccanico-3d-in-legno-fabbrica-dei-regali-dei-sogni-rokr-eab01-p202	0	1	0	2
puzzle di legno 3d	https://it.robotoys.eu/blog/storia-dei-puzzle-in-legno-3d-dalle-origini-al-presente	0	4	0	11.75
puzzle di legno 3d	https://it.robotoys.eu/puzzle-3d-in-legno-piu-di-300-pezzi	0	1	0	8
puzzle di legno 3d	https://it.robotoys.eu/puzzle-3d-in-legno/architettura/puzzle-3d-in-legno-sagrada-familia-little-story-e018-p133	0	35	0	2.77
puzzle dla dorosłych 3d	https://pl.robotoys.eu/drewniane-puzzle-3d/architektura/drewniane-puzzle-3d-sagrada-familia-little-story-e018-p133	0	21	0	6.52
puzzle drevene	https://cz.robotoys.eu/drevene-3d-puzzle	0	3	0	19.67
puzzle drevené	https://cz.robotoys.eu/drevene-3d-puzzle	0	3	0	17.67
puzzle drewniane 3d	https://pl.robotoys.eu/drewniane-puzzle-3d/architektura	0	8	0	16.25
puzzle drewniane 3d	https://pl.robotoys.eu/drewniane-puzzle-3d/architektura/drewniane-puzzle-3d-luk-zwyciestwa-little-story-e011-p123	0	8	0	26.88
puzzle drewniane 3d	https://pl.robotoys.eu/drewniane-puzzle-3d/instrumenty-muzyczne/bebny-rolife-tg409-p81	0	1	0	5
puzzle drewniane 3d	https://pl.robotoys.eu/drewniane-puzzle-3d/stem-lab/drewniane-mechaniczne-puzzle-3d-klasyczna-drukarka-rokr-lk602-p90	0	4	0	21.75
puzzle drewniane 3d dla dorosłych	https://pl.robotoys.eu/drewniane-puzzle-3d/architektura	0	3	0	21.67
puzzle drewniane 3d dla dzieci	https://pl.robotoys.eu/drewniane-puzzle-3d/architektura/drewniane-puzzle-3d-sagrada-familia-little-story-e018-p133	0	2	0	11.5
puzzle drewniane producent	https://pl.robotoys.eu/drewniane-puzzle-3d	0	2	0	48
puzzle drewniane producent	https://pl.robotoys.eu/drewniane-puzzle-3d-od-100-do-149-szt	0	3	0	36.33
puzzle drewniane producent	https://pl.robotoys.eu/drewniane-puzzle-3d/architektura	0	1	0	49
puzzle dřevěné	https://cz.robotoys.eu/drevene-3d-puzzle	0	8	0	15.75
puzzle ed	https://fr.robotoys.eu/casse-tete-3d-en-bois/architecture/puzzle-3d-en-bois-sagrada-familia-little-story-e018-p133	0	1	0	8
puzzle eiffelova věž	https://cz.robotoys.eu/drevene-3d-puzzle/architektura/svitici-eiffelova-vez-rolife-tgl01-p73	0	2	0	18.5
puzzle elefant	https://de.robotoys.eu/3d-puzzle-aus-holz/die-tiere/3d-puzzle-aus-holz-elefant-little-story-d012-p120	0	2	0	23
puzzle elefante	https://es.robotoys.eu/rompecabezas-3d-de-madera/los-animales/puzzle-3d-de-madera-elefante-little-story-d012-p120	0	1	0	31
puzzle elefante	https://it.robotoys.eu/puzzle-3d-in-legno/gli-animali/puzzle-3d-in-legno-elefante-little-story-d012-p120	0	3	0	15.67
puzzle elefante madera	https://es.robotoys.eu/rompecabezas-3d-de-madera/los-animales/puzzle-3d-de-madera-elefante-little-story-d012-p120	0	5	0	13.4
puzzle elefanten	https://de.robotoys.eu/3d-puzzle-aus-holz/die-tiere/3d-puzzle-aus-holz-elefant-little-story-d012-p120	0	8	0	27.25
puzzle em 3d	https://pt.robotoys.eu/quebra-cabeca-3d-de-madeira/arquitetura/quebra-cabeca-3d-de-madeira-arco-da-vitoria-little-story-e011-p123	0	1	0	1
puzzle em 3d	https://pt.robotoys.eu/quebra-cabeca-3d-de-madeira/arquitetura/quebra-cabeca-3d-de-madeira-sagrada-familia-little-story-e018-p133	0	1	0	1
puzzle en 3d	https://fr.robotoys.eu/casse-tete-3d-en-bois/architecture/puzzle-3d-en-bois-arc-de-la-victoire-little-story-e011-p123	0	378	0	3.38
puzzle en 3d	https://fr.robotoys.eu/casse-tete-3d-en-bois/architecture/puzzle-3d-en-bois-sagrada-familia-little-story-e018-p133	0	420	0	3.11
puzzle en bois 3d	https://fr.robotoys.eu/casse-tete-3d-en-bois/architecture/puzzle-3d-en-bois-arc-de-la-victoire-little-story-e011-p123	0	1	0	3
puzzle en bois 3d	https://fr.robotoys.eu/casse-tete-3d-en-bois/architecture/puzzle-3d-en-bois-sagrada-familia-little-story-e018-p133	0	23	0	11.35
puzzle en bois 3d	https://fr.robotoys.eu/puzzle-3d-en-bois-difficulte-facile	0	6	0	27.67
puzzle en bois 3d	https://fr.robotoys.eu/puzzle-3d-en-bois-en-action	0	1	0	43
puzzle en bois action	https://fr.robotoys.eu/puzzle-3d-en-bois-en-action	0	42	0	7.62
puzzle en bois lion	https://fr.robotoys.eu/casse-tete-3d-en-bois/les-animaux/puzzle-3d-en-bois-lion-little-story-d011-p119	0	1	0	33
puzzle en bois pas cher	https://fr.robotoys.eu/vente-de-puzzles-3d-en-bois	0	3	0	6.33
puzzle en bois véhicule	https://fr.robotoys.eu/casse-tete-3d-en-bois/vehicules/puzzle-3d-mecanique-en-bois-voiture-retro-eco-wood-art-p157	0	5	0	6.6
puzzle fa	https://hu.robotoys.eu/fabol-keszult-3d-puzzle	0	6	0	8
puzzle familia	https://fr.robotoys.eu/casse-tete-3d-en-bois/architecture/puzzle-3d-en-bois-sagrada-familia-little-story-e018-p133	0	1	0	2
puzzle fiat	https://cz.robotoys.eu/drevene-3d-puzzle/vozidla/drevene-3d-puzzle-fiat-125p-little-story-e002-p94	0	5	0	9.4
puzzle fiat	https://cz.robotoys.eu/drevene-3d-puzzle/vozidla/drevene-3d-puzzle-fiat-126p-little-story-e005-p97	0	2	0	20
puzzle fiat	https://cz.robotoys.eu/soutez-v-puzzle/fiat-125p-little-story-e002-94	0	1	0	11
puzzle fiat	https://pl.robotoys.eu/drewniane-puzzle-3d/pojazdy/drewniane-puzzle-3d-fiat-125p-little-story-e002-p94	0	4	0	8.25
puzzle fiori	https://it.robotoys.eu/puzzle-3d-in-legno/fiori	0	2	0	19.5
puzzle flamenco	https://es.robotoys.eu/rompecabezas-3d-de-madera/los-animales/puzzle-3d-de-madera-flamingo-little-story-d007-p116	0	1	0	2
puzzle flamingo	https://fr.robotoys.eu/casse-tete-3d-en-bois/les-animaux/puzzle-3d-en-bois-flamingo-little-story-d007-p116	0	1	0	1
puzzle flamingo	https://hu.robotoys.eu/fabol-keszult-3d-puzzle/az-allatok/fa-3d-puzzle-flamingo-little-story-d007-p116	0	1	0	3
puzzle flamingo	https://ro.robotoys.eu/puzzle-3d-din-lemn/animalele/puzzle-3d-din-lemn-flamingo-little-story-d007-p116	0	2	0	1
puzzle flamingo	https://robotoys.eu/wooden-3d-puzzle/the-animals/wooden-3d-puzzle-flamingo-little-story-d007-p116	0	3	0	9.33
puzzle flamingos	https://robotoys.eu/wooden-3d-puzzle/the-animals/wooden-3d-puzzle-flamingo-little-story-d007-p116	0	4	0	32.25
puzzle flora	https://robotoys.eu/wooden-3d-puzzle/flowers	0	1	0	10
puzzle flores	https://es.robotoys.eu/rompecabezas-3d-de-madera/flores	0	12	0	13.08
puzzle flores 3d	https://es.robotoys.eu/rompecabezas-3d-de-madera/flores	0	18	0	4.89
puzzle flores 3d	https://robotoys.eu/wooden-3d-puzzle/flowers	0	2	0	10
puzzle flower	https://robotoys.eu/wooden-3d-puzzle/flowers	0	2	0	5.5
puzzle flowers	https://es.robotoys.eu/rompecabezas-3d-de-madera/flores	0	1	0	55
puzzle fából	https://hu.robotoys.eu/fabol-keszult-3d-puzzle	0	9	0	6.33
puzzle gate	https://robotoys.eu/wooden-3d-puzzle/architecture/wooden-3d-puzzle-brandenburg-gate-little-story-e015-p125	0	4	0	5
puzzle geschichte	https://de.robotoys.eu/bloggen/geschichte-der-3d-holzpuzzles-von-den-anfangen-bis-zur-gegenwart	0	1	0	19
puzzle giapponese	https://it.robotoys.eu/blog/storia-dei-puzzle-in-legno-3d-dalle-origini-al-presente	0	1	0	10
puzzle giapponesi	https://it.robotoys.eu/blog/storia-dei-puzzle-in-legno-3d-dalle-origini-al-presente	0	1	0	11
puzzle giraffa	https://it.robotoys.eu/puzzle-3d-in-legno/gli-animali/puzzle-3d-in-legno-giraffa-little-story-d013-p121	0	26	0	8.81
puzzle giraffe	https://it.robotoys.eu/puzzle-3d-in-legno/gli-animali/puzzle-3d-in-legno-giraffa-little-story-d013-p121	0	2	0	6.5
puzzle globe	https://it.robotoys.eu/puzzle-3d-in-legno/luniverso/globo-luminoso-rokr-st003-p3	0	2	0	10.5
puzzle globus	https://cz.robotoys.eu/drevene-3d-puzzle/vesmir/svitici-globus-rokr-st003-p3	0	7	0	10.86
puzzle globus	https://pl.robotoys.eu/drewniane-puzzle-3d/wszechswiat/swiecacy-globus-rokr-st003-p3	0	18	0	3.39
puzzle globus 3d	https://pl.robotoys.eu/drewniane-puzzle-3d/wszechswiat/swiecacy-globus-rokr-st003-p3	0	17	0	4.71
puzzle guitar	https://it.robotoys.eu/puzzle-3d-in-legno/strumenti-musicali/chitarra-elettrica-modello-rokr-tg605k-p33	0	1	0	5
puzzle helicopter	https://fr.robotoys.eu/casse-tete-3d-en-bois/vehicules/puzzle-3d-en-bois-helicoptere-little-story-d017-p131	0	1	0	3
puzzle helicopter	https://robotoys.eu/wooden-3d-puzzle/vehicles/wooden-3d-puzzle-helicopter-little-story-d017-p131	0	1	0	11
puzzle helikopter	https://robotoys.eu/wooden-3d-puzzle/vehicles/wooden-3d-puzzle-helicopter-little-story-d017-p131	0	1	0	1
puzzle historia	https://pl.robotoys.eu/blog/historia-3d-drewnianych-puzzli-od-poczatkow-do-terazniejszosci	0	2	0	25
puzzle holz	https://de.robotoys.eu/3d-puzzle-aus-holz/die-architektur/3d-puzzle-aus-holz-colosseum-little-story-e016-p126	0	55	0	14
puzzle holz 3d	https://de.robotoys.eu/3d-puzzle-aus-holz/die-architektur/3d-puzzle-aus-holz-colosseum-little-story-e016-p126	0	19	0	7.84
puzzle impresora 3d	https://es.robotoys.eu/rompecabezas-3d-de-madera/stem-lab/puzzle-3d-mecanico-de-madera-impresora-clasica-rokr-lk602-p90	0	9	0	1.56
puzzle in 3 d	https://it.robotoys.eu/puzzle-3d-in-legno/architettura/puzzle-3d-in-legno-arco-della-vittoria-little-story-e011-p123	0	2	0	1
puzzle in 3 d	https://it.robotoys.eu/puzzle-3d-in-legno/architettura/puzzle-3d-in-legno-sagrada-familia-little-story-e018-p133	0	1	0	1
puzzle in 3d	https://it.robotoys.eu/blog/storia-dei-puzzle-in-legno-3d-dalle-origini-al-presente	0	2	0	7.5
puzzle in 3d	https://it.robotoys.eu/puzzle-3d-in-legno/architettura/puzzle-3d-in-legno-arco-della-vittoria-little-story-e011-p123	0	242	0	2.63
puzzle in 3d	https://it.robotoys.eu/puzzle-3d-in-legno/architettura/puzzle-3d-in-legno-colosseo-little-story-e016-p126	0	43	0	34.79
puzzle in 3d	https://it.robotoys.eu/puzzle-3d-in-legno/architettura/puzzle-3d-in-legno-sagrada-familia-little-story-e018-p133	0	142	0	16.42
puzzle in legno	https://it.robotoys.eu/blog/storia-dei-puzzle-in-legno-3d-dalle-origini-al-presente	0	5	0	8.8
puzzle in legno 3d	https://it.robotoys.eu/puzzle-3d-in-legno	0	1	0	44
puzzle in legno 3d	https://it.robotoys.eu/puzzle-3d-in-legno-da-200-a-299-pezzi	0	4	0	48.5
puzzle in legno 3d	https://it.robotoys.eu/puzzle-3d-in-legno-piu-di-300-pezzi	0	9	0	22.11
puzzle in legno 3d	https://it.robotoys.eu/puzzle-3d-in-legno/architettura/puzzle-3d-in-legno-cattedrale-di-notre-dame-little-story-e017-p127	0	1	0	8
puzzle in legno 3d	https://it.robotoys.eu/puzzle-3d-in-legno/architettura/puzzle-3d-in-legno-colosseo-little-story-e016-p126	0	14	0	1
puzzle in legno 3d	https://it.robotoys.eu/puzzle-3d-in-legno/architettura/puzzle-3d-in-legno-sagrada-familia-little-story-e018-p133	0	23	0	1.57
puzzle in legno 3d	https://it.robotoys.eu/puzzle-3d-in-legno/stem-lab/puzzle-meccanico-3d-in-legno-fabbrica-dei-regali-dei-sogni-rokr-eab01-p202	0	1	0	6
puzzle instrument	https://robotoys.eu/wooden-3d-puzzle/musical-instruments	0	1	0	50
puzzle instrumentos musicales	https://es.robotoys.eu/rompecabezas-3d-de-madera/instrumentos-musicales	0	2	0	14
puzzle instrumentos musicales	https://it.robotoys.eu/puzzle-3d-in-legno/strumenti-musicali	0	1	0	6
puzzle jeep	https://de.robotoys.eu/3d-puzzle-aus-holz/fahrzeuge/holz-3d-puzzle-armee-jeep-little-story-e014-p170	0	1	0	13
puzzle jeep	https://es.robotoys.eu/rompecabezas-3d-de-madera/vehiculos/puzzle-3d-de-madera-jeep-militar-modelo-rokr-mc701-p54	0	1	0	11
puzzle jeep	https://it.robotoys.eu/concorso-di-puzzle/jeep-little-story-d003-167	0	1	0	10
puzzle jirafa	https://es.robotoys.eu/rompecabezas-3d-de-madera/los-animales/puzzle-3d-de-madera-jirafa-little-story-d013-p121	0	4	0	12.25
puzzle jirafa tiger	https://es.robotoys.eu/rompecabezas-3d-de-madera/los-animales/puzzle-3d-de-madera-jirafa-little-story-d013-p121	0	2	0	8.5
puzzle kayu	https://robotoys.eu/blog/history-of-3d-wooden-puzzles-from-beginnings-to-the-present	0	2	0	18
puzzle koloseum	https://cz.robotoys.eu/drevene-3d-puzzle/architektura/drevene-3d-puzzle-koloseum-little-story-e016-p126	0	2	0	7
puzzle koloseum	https://pl.robotoys.eu/drewniane-puzzle-3d/architektura/drewniane-puzzle-3d-koloseum-little-story-e016-p126	0	4	0	4.25
puzzle kombajn	https://cz.robotoys.eu/drevene-3d-puzzle/vozidla/drevene-mechanicke-3d-puzzle-kombajn-pro-sber-obili-gh800-eco-wood-art-p160	0	3	0	6
puzzle kvetiny	https://cz.robotoys.eu/blog/drevena-kytice-ktera-nikdy-nezvadne-objev-kouzlo-3d-puzzle-kvetin	0	15	0	9.8
puzzle kvetiny	https://cz.robotoys.eu/drevene-3d-puzzle/kvety	0	1	0	11
puzzle kvety	https://cz.robotoys.eu/blog/drevena-kytice-ktera-nikdy-nezvadne-objev-kouzlo-3d-puzzle-kvetin	0	1	0	12
puzzle květiny	https://cz.robotoys.eu/blog/drevena-kytice-ktera-nikdy-nezvadne-objev-kouzlo-3d-puzzle-kvetin	0	21	0	9.52
puzzle kwiaty	https://pl.robotoys.eu/drewniane-puzzle-3d/kwiaty	0	5	0	25.6
puzzle kwiaty 3000	https://pl.robotoys.eu/drewniane-puzzle-3d/kwiaty	0	1	0	25
puzzle kwiaty 3d	https://pl.robotoys.eu/drewniane-puzzle-3d/kwiaty	0	16	0	4.88
puzzle kwiaty 3d	https://pl.robotoys.eu/drewniane-puzzle-3d/kwiaty/drewniane-puzzle-3d-czerwona-roza-rowood-tw042-p101	0	8	0	3.25
puzzle kwiaty 3d	https://pl.robotoys.eu/drewniane-puzzle-3d/kwiaty/drewniane-puzzle-3d-kamelia-czerwona-rowood-tw031-p102	0	10	0	3.4
puzzle kängurus	https://es.robotoys.eu/rompecabezas-3d-de-madera/los-animales/puzzle-3d-de-madera-canguro-little-story-d014-p122	0	1	0	74
puzzle la sagrada familia	https://de.robotoys.eu/3d-puzzle-aus-holz/die-architektur/3d-puzzle-aus-holz-sagrada-familia-little-story-e018-p133	0	1	0	2
puzzle la sagrada familia	https://fr.robotoys.eu/casse-tete-3d-en-bois/architecture/puzzle-3d-en-bois-sagrada-familia-little-story-e018-p133	0	1	0	4
puzzle la sagrada familia	https://it.robotoys.eu/puzzle-3d-in-legno/architettura/puzzle-3d-in-legno-sagrada-familia-little-story-e018-p133	0	1	0	1
puzzle la sagrada familia	https://nl.robotoys.eu/houten-3d-puzzel/architectuur/houten-3d-puzzel-sagrada-familia-little-story-e018-p133	0	6	0	1
puzzle la sagrada familia	https://pl.robotoys.eu/drewniane-puzzle-3d/architektura/drewniane-puzzle-3d-sagrada-familia-little-story-e018-p133	0	4	0	7
puzzle lab	https://de.robotoys.eu/3d-puzzle-aus-holz/stem-lab	0	1	0	8
puzzle labs	https://pl.robotoys.eu/drewniane-puzzle-3d/stem-lab	0	1	0	17
puzzle legno	https://it.robotoys.eu/blog/storia-dei-puzzle-in-legno-3d-dalle-origini-al-presente	0	3	0	9
puzzle legno	https://it.robotoys.eu/puzzle-3d-in-legno	0	10	0	10.2
puzzle legno 3d	https://it.robotoys.eu/blog/storia-dei-puzzle-in-legno-3d-dalle-origini-al-presente	0	9	0	9.11
puzzle legno 3d	https://it.robotoys.eu/puzzle-3d-in-legno	0	6	0	38.83
puzzle legno 3d	https://it.robotoys.eu/puzzle-3d-in-legno-piu-di-300-pezzi	0	14	0	17.43
puzzle legno 3d	https://it.robotoys.eu/puzzle-3d-in-legno/architettura/puzzle-3d-in-legno-cattedrale-di-notre-dame-little-story-e017-p127	0	4	0	11
puzzle legno 3d	https://it.robotoys.eu/puzzle-3d-in-legno/architettura/puzzle-3d-in-legno-colosseo-little-story-e016-p126	0	3	0	2.67
puzzle legno 3d	https://it.robotoys.eu/puzzle-3d-in-legno/architettura/puzzle-3d-in-legno-sagrada-familia-little-story-e018-p133	0	29	0	3
puzzle legno 3d	https://it.robotoys.eu/puzzle-3d-in-legno/fiori/puzzle-3d-in-legno-tulipano-rosa-rowood-tw082-p161	0	1	0	12
puzzle legno 3d	https://it.robotoys.eu/puzzle-3d-in-legno/stem-lab	0	1	0	11
puzzle legno tiger	https://it.robotoys.eu/puzzle-3d-in-legno/veicoli/puzzle-3d-in-legno-tiger-i-little-story-wot03-p136	0	4	0	3.75
puzzle leon	https://es.robotoys.eu/rompecabezas-3d-de-madera/los-animales/puzzle-3d-de-madera-leon-little-story-d011-p119	0	6	0	8.83
puzzle leone	https://it.robotoys.eu/puzzle-3d-in-legno/gli-animali/puzzle-3d-in-legno-leone-little-story-d011-p119	0	14	0	11.93
puzzle leoparden	https://de.robotoys.eu/3d-puzzle-aus-holz/fahrzeuge/holz-3d-puzzle-panzer-leopard-1-little-story-wot07-p179	0	2	0	29
puzzle letadlo	https://cz.robotoys.eu/drevene-3d-puzzle/vozidla/drevene-3d-puzzle-letadlo-little-story-d016-p130	0	14	0	4.21
puzzle lev	https://cz.robotoys.eu/drevene-3d-puzzle/zvirata/drevene-3d-puzzle-lev-little-story-d011-p119	0	3	0	19.33
puzzle libreria 3d	https://it.robotoys.eu/puzzle-3d-in-legno/architettura/puzzle-3d-in-legno-libreria-in-un-vecchio-vicolo-p262	0	1	0	1
puzzle lila	https://fr.robotoys.eu/casse-tete-3d-en-bois/fleurs/puzzle-3d-en-bois-lilas-rowood-tw021-p103	0	1	0	7
puzzle lkw	https://de.robotoys.eu/3d-puzzle-aus-holz/fahrzeuge/schweres-lkw-modell-rokr-mc502-p27	0	1	0	22
puzzle lodě	https://cz.robotoys.eu/drevene-3d-puzzle/vozidla/drevene-3d-puzzle-vyletni-lod-little-story-e026-p229	0	1	0	29
puzzle lokomotiva	https://cz.robotoys.eu/drevene-3d-puzzle/vozidla/drevene-3d-puzzle-lokomotiva-little-story-e012-p124	0	12	0	4.08
puzzle lokomotiva	https://cz.robotoys.eu/drevene-3d-puzzle/vozidla/lokomotiva-rokr-lk701-p7	0	1	0	8
puzzle lokomotiva	https://cz.robotoys.eu/drevene-3d-puzzle/vozidla/model-parni-lokomotivy-rokr-mc501-p13	0	1	0	32
puzzle lokomotive	https://de.robotoys.eu/3d-puzzle-aus-holz/fahrzeuge/3d-puzzle-aus-holz-lokomotive-little-story-e012-p124	0	4	0	11.25
puzzle lokomotywa	https://pl.robotoys.eu/drewniane-puzzle-3d/pojazdy/drewniane-puzzle-3d-lokomotywa-little-story-e012-p124	0	8	0	3.75
puzzle lokomotywa	https://pl.robotoys.eu/drewniane-puzzle-3d/pojazdy/lokomotywa-rokr-lk701-p7	0	2	0	9
puzzle lokomotywa	https://pl.robotoys.eu/drewniane-puzzle-3d/pojazdy/model-lokomotywy-parowej-rokr-mc501-p13	0	1	0	34
puzzle madeira 3d	https://pt.robotoys.eu/quebra-cabeca-3d-de-madeira/arquitetura/quebra-cabeca-3d-de-madeira-arco-da-vitoria-little-story-e011-p123	0	5	0	5
puzzle madeira 3d	https://pt.robotoys.eu/quebra-cabeca-3d-de-madeira/arquitetura/quebra-cabeca-3d-de-madeira-sagrada-familia-little-story-e018-p133	0	41	0	2.8
puzzle madeira 3d	https://pt.robotoys.eu/quebra-cabeca-3d-de-madeira/flores/quebra-cabeca-3d-de-madeira-rosa-vermelha-rowood-tw042-p101	0	1	0	2
puzzle madera	https://es.robotoys.eu/rompecabezas-3d-de-madera/stem-lab/rompecabezas-mecanico-3d-de-madera-desafio-de-la-bola-de-engranajes-rokr-egc01-p213	0	1	0	4
puzzle madera 3d	https://es.robotoys.eu/rompecabezas-3d-de-madera-mejor-valorado	0	3	0	16
puzzle madera 3d	https://es.robotoys.eu/rompecabezas-3d-de-madera/arquitectura	0	2	0	16.5
puzzle madera 3d	https://es.robotoys.eu/rompecabezas-3d-de-madera/arquitectura/puzzle-3d-de-madera-coliseo-little-story-e016-p126	0	5	0	12.6
puzzle madera 3d	https://es.robotoys.eu/rompecabezas-3d-de-madera/arquitectura/puzzle-3d-de-madera-sagrada-familia-little-story-e018-p133	0	26	0	2.38
puzzle madera 3d	https://es.robotoys.eu/rompecabezas-3d-de-madera/arquitectura/rompecabezas-mecanico-3d-de-madera-pista-de-marmol-de-londres-rokr-egb01-p264	0	1	0	5
puzzle madera 3d	https://es.robotoys.eu/rompecabezas-3d-de-madera/stem-lab/puzzle-3d-mecanico-de-madera-impresora-clasica-rokr-lk602-p90	0	2	0	13
puzzle madera león 100 piezas	https://es.robotoys.eu/rompecabezas-3d-de-madera/los-animales/puzzle-3d-de-madera-leon-little-story-d011-p119	0	10	0	2.9
puzzle mappamondo 3d	https://it.robotoys.eu/puzzle-3d-in-legno/luniverso/globo-luminoso-rokr-st003-p3	0	1	0	1
puzzle maquette	https://fr.robotoys.eu/casse-tete-3d-en-bois/vehicules/maquette-dirigeable-rolife-tg407-p22	0	4	0	4.5
puzzle maus	https://it.robotoys.eu/concorso-di-puzzle/tank-maus-little-story-wot10-237	0	1	0	10
puzzle mecanico	https://es.robotoys.eu/rompecabezas-3d-de-madera/stem-lab/puzzle-3d-mecanico-de-madera-impresora-clasica-rokr-lk602-p90	0	16	0	4.44
puzzle mecanico	https://es.robotoys.eu/rompecabezas-3d-de-madera/vehiculos/rompecabezas-mecanico-3d-de-madera-coche-de-carreras-amarillo-eco-wood-art-p151	0	1	0	20
puzzle mecanique	https://fr.robotoys.eu/casse-tete-3d-en-bois/stem-lab/puzzle-mecanique-3d-en-bois-machine-a-ecrire-eco-wood-art-p158	0	1	0	35
puzzle mecanique	https://fr.robotoys.eu/casse-tete-3d-en-bois/vehicules/puzzle-3d-mecanique-en-bois-voiture-de-course-jaune-eco-wood-art-p151	0	1	0	11
puzzle mecanique	https://fr.robotoys.eu/casse-tete-3d-en-bois/vehicules/puzzle-3d-mecanique-en-bois-voiture-de-course-rouge-eco-wood-art-p152	0	1	0	35
puzzle meccanici	https://it.robotoys.eu/puzzle-3d-in-legno/stem-lab/puzzle-meccanico-3d-in-legno-macchina-da-scrivere-eco-wood-art-p158	0	1	0	15
puzzle meccanico	https://it.robotoys.eu/puzzle-3d-in-legno/stem-lab/puzzle-meccanico-3d-in-legno-fabbrica-dei-regali-dei-sogni-rokr-eab01-p202	0	4	0	5.5
puzzle meccanico	https://it.robotoys.eu/puzzle-3d-in-legno/stem-lab/puzzle-meccanico-3d-in-legno-macchina-da-scrivere-eco-wood-art-p158	0	6	0	10
puzzle meccanico	https://it.robotoys.eu/puzzle-3d-in-legno/stem-lab/puzzle-meccanico-3d-in-legno-macchina-da-scrivere-meccanica-versione-classica-rokr-lk703b-p265	0	2	0	8.5
puzzle mechanical	https://robotoys.eu/blog/get-your-brain-moving-with-3d-wooden-mechanical-puzzles	0	1	0	17
puzzle mechaniczne	https://pl.robotoys.eu/drewniane-puzzle-3d/pojazdy	0	17	0	13.71
puzzle mechaniczne	https://pl.robotoys.eu/drewniane-puzzle-3d/stem-lab/drewniane-mechaniczne-puzzle-3d-klasyczna-drukarka-rokr-lk602-p90	0	56	0	9
puzzle mechaniczne	https://pl.robotoys.eu/drewniane-puzzle-3d/stem-lab/pinball-rokr-eg01-p43	0	69	0	10.14
puzzle mechaniczne	https://pl.robotoys.eu/drewniane-puzzle-3d/wszechswiat/uklad-sloneczny-rokr-st001-p71	0	38	0	11.92
puzzle mit blumen	https://de.robotoys.eu/3d-puzzle-aus-holz/blumen	0	1	0	24
puzzle mongolfiere	https://it.robotoys.eu/puzzle-3d-in-legno/veicoli/mongolfiera-rolife-tg406-p84	0	1	0	7
puzzle monumentos del mundo	https://es.robotoys.eu/rompecabezas-3d-de-madera/arquitectura	0	1	0	50
puzzle moto	https://es.robotoys.eu/rompecabezas-3d-de-madera/vehiculos/puzzle-de-madera-3d-moto-de-carreras-little-story-e019-p171	0	11	0	3.18
puzzle moto	https://fr.robotoys.eu/casse-tete-3d-en-bois/vehicules/puzzle-3d-en-bois-grand-prix-moto-little-story-e021-p173	0	1	0	5
puzzle moto	https://fr.robotoys.eu/casse-tete-3d-en-bois/vehicules/puzzle-3d-en-bois-moto-speedway-little-story-e019-p171	0	9	0	5.89
puzzle moto	https://it.robotoys.eu/puzzle-3d-in-legno/veicoli/puzzle-3d-in-legno-moto-da-speedway-little-story-e019-p171	0	17	0	7.47
puzzle moto 3d	https://es.robotoys.eu/rompecabezas-3d-de-madera/vehiculos/puzzle-de-madera-3d-moto-de-carreras-little-story-e019-p171	0	3	0	3.67
puzzle moto 3d	https://fr.robotoys.eu/casse-tete-3d-en-bois/vehicules/puzzle-3d-en-bois-grand-prix-moto-little-story-e021-p173	0	2	0	1.5
puzzle moto 3d	https://fr.robotoys.eu/casse-tete-3d-en-bois/vehicules/puzzle-3d-en-bois-moto-speedway-little-story-e019-p171	0	6	0	1.83
puzzle moto 3d	https://pt.robotoys.eu/quebra-cabeca-3d-de-madeira/veiculos/quebra-cabeca-3d-de-madeira-moto-speedway-little-story-e019-p171	0	1	0	4
puzzle motor	https://cz.robotoys.eu/drevene-3d-puzzle/vozidla/motorka-cruiser-rokr-lk504-p12	0	2	0	40
puzzle motor	https://es.robotoys.eu/rompecabezas-3d-de-madera/vehiculos	0	1	0	34
puzzle motor	https://hu.robotoys.eu/fabol-keszult-3d-puzzle/jarmuvek/motorcycle-cruiser-rokr-lk504-p12	0	1	0	11
puzzle motor	https://robotoys.eu/wooden-3d-puzzle/vehicles	0	4	0	6.25
puzzle motorcycle	https://es.robotoys.eu/rompecabezas-3d-de-madera/vehiculos/puzzle-de-madera-3d-moto-de-carreras-little-story-e019-p171	0	1	0	16
puzzle motorcycle	https://es.robotoys.eu/rompecabezas-3d-de-madera/vehiculos/rompecabezas-3d-de-madera-motorcycle-speedtail-little-story-e020-p172	0	1	0	3
puzzle motorcycle	https://it.robotoys.eu/puzzle-3d-in-legno/veicoli/puzzle-3d-in-legno-grand-prix-motorcycle-little-story-e021-p173	0	1	0	2
puzzle motorcycle	https://robotoys.eu/wooden-3d-puzzle/vehicles/motorcycle-cruiser-rokr-lk504-p12	0	2	0	28.5
puzzle motorcycle	https://robotoys.eu/wooden-3d-puzzle/vehicles/wooden-3d-puzzle-motorcycle-speedtail-little-story-e020-p172	0	1	0	2
puzzle motorcycle	https://robotoys.eu/wooden-3d-puzzle/vehicles/wooden-3d-puzzle-speedway-motorcycle-little-story-e019-p171	0	1	0	24
puzzle motorka	https://cz.robotoys.eu/drevene-3d-puzzle/vozidla/drevene-3d-puzzle-motorka-grand-prix-little-story-e021-p173	0	2	0	13
puzzle motorka	https://cz.robotoys.eu/drevene-3d-puzzle/vozidla/motorka-cruiser-rokr-lk504-p12	0	15	0	3.67
puzzle motorky	https://cz.robotoys.eu/drevene-3d-puzzle/vozidla/drevene-3d-puzzle-motorka-grand-prix-little-story-e021-p173	0	21	0	2.81
puzzle motorky	https://cz.robotoys.eu/drevene-3d-puzzle/vozidla/motorka-cruiser-rokr-lk504-p12	0	19	0	15
puzzle motory	https://es.robotoys.eu/rompecabezas-3d-de-madera/vehiculos/puzzle-de-madera-3d-moto-de-carreras-little-story-e019-p171	0	1	0	13
puzzle motos	https://es.robotoys.eu/rompecabezas-3d-de-madera/vehiculos/puzzle-de-madera-3d-moto-de-carreras-little-story-e019-p171	0	10	0	6.1
puzzle musical instruments	https://robotoys.eu/wooden-3d-puzzle/musical-instruments	0	1	0	17
puzzle musicali	https://it.robotoys.eu/puzzle-3d-in-legno/strumenti-musicali	0	2	0	11.5
puzzle muzyczne	https://pl.robotoys.eu/drewniane-puzzle-3d/instrumenty-muzyczne	0	11	0	11.73
puzzle mécanique	https://fr.robotoys.eu/casse-tete-3d-en-bois/stem-lab/puzzle-mecanique-3d-en-bois-machine-a-ecrire-eco-wood-art-p158	0	3	0	21.67
puzzle mécanique	https://fr.robotoys.eu/puzzle-3d-en-bois-temps-de-montage-sous-3-a-5-heures	0	1	0	34
puzzle notre dame	https://cz.robotoys.eu/drevene-3d-puzzle/architektura/drevene-3d-puzzle-katedrala-notre-dame-little-story-e017-p127	0	5	0	4.8
puzzle notre dame	https://es.robotoys.eu/rompecabezas-3d-de-madera/arquitectura/puzzle-3d-de-madera-catedral-de-notre-dame-little-story-e017-p127	0	5	0	15.6
puzzle notre dame	https://hr.robotoys.eu/drvena-3d-slagalica/arhitektura/drvena-3d-puzzle-katedrale-notre-dame-little-story-e017-p127	0	1	0	8
puzzle notre dame	https://it.robotoys.eu/puzzle-3d-in-legno/architettura/puzzle-3d-in-legno-cattedrale-di-notre-dame-little-story-e017-p127	0	1	0	15
puzzle notre dame	https://pl.robotoys.eu/drewniane-puzzle-3d/architektura/drewniane-puzzle-3d-katedra-notre-dame-little-story-e017-p127	0	2	0	6
puzzle notre dame 3d	https://es.robotoys.eu/rompecabezas-3d-de-madera/arquitectura/puzzle-3d-de-madera-catedral-de-notre-dame-little-story-e017-p127	0	1	0	1
puzzle notre dame 3d	https://it.robotoys.eu/puzzle-3d-in-legno/architettura/puzzle-3d-in-legno-cattedrale-di-notre-dame-little-story-e017-p127	0	2	0	1
puzzle notre dame 3d	https://pl.robotoys.eu/drewniane-puzzle-3d/architektura/drewniane-puzzle-3d-katedra-notre-dame-little-story-e017-p127	0	1	0	1
puzzle orologio	https://it.robotoys.eu/puzzle-3d-in-legno/orologi-calendari	0	1	0	6
puzzle piano	https://it.robotoys.eu/puzzle-3d-in-legno/strumenti-musicali/pianoforte-magico-rokr-amk81-p70	0	1	0	8
puzzle plachetnice	https://cz.robotoys.eu/drevene-3d-puzzle/vozidla/drevene-3d-puzzle-plachetnice-pan-mori-eco-wood-art-p216	0	3	0	11.33
puzzle plane	https://robotoys.eu/wooden-3d-puzzle/vehicles/wooden-3d-puzzle-airplane-little-story-d016-p130	0	1	0	1
puzzle pro seniory	https://cz.robotoys.eu/blog/stavani-puzzle-nejlepsi-aktivita-pro-duchodce	0	3	0	27.67
puzzle retro	https://cz.robotoys.eu/drevene-3d-puzzle/stem-lab/drevene-3d-puzzle-retro-telefon-eco-wood-art-p156	0	2	0	1.5
puzzle rokr	https://it.robotoys.eu/marche/rokr	0	3	0	4
puzzle rokr	https://it.robotoys.eu/puzzle-3d-in-legno/stem-lab/proiettore-cinematografico-vitascope-rokr-lk601-p5	0	1	0	3
puzzle rokr	https://it.robotoys.eu/puzzle-3d-in-legno/stem-lab/puzzle-3d-meccanico-in-legno-stampante-classica-rokr-lk602-p90	0	1	0	6
puzzle rokr	https://pl.robotoys.eu/drewniane-puzzle-3d/instrumenty-muzyczne/magiczne-pianino-rokr-amk81-p70	0	1	0	6
puzzle rokr	https://pl.robotoys.eu/drewniane-puzzle-3d/pojazdy/drewniane-puzzle-3d-model-cylindra-drogowego-rokr-tg701k-p49	0	1	0	11
puzzle rokr	https://pl.robotoys.eu/drewniane-puzzle-3d/pojazdy/lokomotywa-rokr-lk701-p7	0	2	0	8.5
puzzle rokr	https://pl.robotoys.eu/drewniane-puzzle-3d/pozytywki/romantyczna-karuzela-rokr-amk62-p77	0	2	0	7.5
puzzle rokr	https://pl.robotoys.eu/drewniane-puzzle-3d/stem-lab/drewniana-mechaniczna-ukladanka-3d-fabryka-prezentow-marzen-rokr-eab01-p202	0	1	0	2
puzzle rokr	https://pl.robotoys.eu/drewniane-puzzle-3d/stem-lab/pinball-rokr-eg01-p43	0	1	0	7
puzzle rokr	https://pl.robotoys.eu/marki/rokr	0	4	0	2.5
puzzle rokr	https://ro.robotoys.eu/marci/rokr	0	1	0	4
puzzle rokr	https://ro.robotoys.eu/puzzle-3d-din-lemn/vehicule/motorcycle-cruiser-rokr-lk504-p12	0	1	0	6
puzzle rokr	https://robotoys.eu/brands/rokr	0	1	0	5
puzzle rolife	https://es.robotoys.eu/marcas/rolife	0	7	0	9.29
puzzle rolife	https://it.robotoys.eu/marche/rolife	0	1	0	6
puzzle rolife 3d	https://it.robotoys.eu/puzzle-3d-in-legno/strumenti-musicali/puzzle-3d-in-legno-grammofono-rolife-tg408-p39	0	1	0	6
puzzle rosa	https://es.robotoys.eu/rompecabezas-3d-de-madera/flores/puzzle-3d-de-madera-rosa-rosa-rowood-tw041-p111	0	3	0	4
puzzle rowood	https://fr.robotoys.eu/marques/rowood	0	4	0	4.5
puzzle rowood	https://pl.robotoys.eu/drewniane-puzzle-3d/kwiaty/drewniane-puzzle-3d-sakura-rowood-tw101-p195	0	1	0	9
puzzle rowood	https://robotoys.eu/brands/rowood	0	2	0	1.5
puzzle rośliny	https://pl.robotoys.eu/drewniane-puzzle-3d/kwiaty	0	1	0	42
puzzle rzym	https://pl.robotoys.eu/drewniane-puzzle-3d/architektura/drewniane-puzzle-3d-koloseum-little-story-e016-p126	0	2	0	26.5
puzzle sagrada familia	https://cz.robotoys.eu/drevene-3d-puzzle/architektura/drevene-3d-puzzle-sagrada-familia-little-story-e018-p133	0	9	0	2.67
puzzle sagrada familia	https://es.robotoys.eu/rompecabezas-3d-de-madera/arquitectura/puzzle-3d-de-madera-sagrada-familia-little-story-e018-p133	0	34	0	4.03
puzzle sagrada familia	https://fr.robotoys.eu/casse-tete-3d-en-bois/architecture/puzzle-3d-en-bois-sagrada-familia-little-story-e018-p133	0	14	0	3
puzzle sagrada familia	https://it.robotoys.eu/puzzle-3d-in-legno/architettura/puzzle-3d-in-legno-sagrada-familia-little-story-e018-p133	0	5	0	8.4
puzzle sagrada familia	https://nl.robotoys.eu/houten-3d-puzzel/architectuur/houten-3d-puzzel-sagrada-familia-little-story-e018-p133	0	1	0	9
puzzle sagrada familia	https://pl.robotoys.eu/drewniane-puzzle-3d/architektura/drewniane-puzzle-3d-sagrada-familia-little-story-e018-p133	0	38	0	8.11
puzzle sagrada familia	https://pt.robotoys.eu/quebra-cabeca-3d-de-madeira/arquitetura/quebra-cabeca-3d-de-madeira-sagrada-familia-little-story-e018-p133	0	1	0	10
puzzle sagrada familia	https://ro.robotoys.eu/puzzle-3d-din-lemn/arhitectura/puzzle-3d-din-lemn-sagrada-familia-little-story-e018-p133	0	2	0	12.5
puzzle sagrada familia	https://robotoys.eu/wooden-3d-puzzle/architecture/wooden-3d-puzzle-sagrada-familia-little-story-e018-p133	0	5	0	6.2
puzzle sagrada familia 3d	https://cz.robotoys.eu/drevene-3d-puzzle/architektura/drevene-3d-puzzle-sagrada-familia-little-story-e018-p133	0	1	0	1
puzzle sagrada familia 3d	https://fr.robotoys.eu/casse-tete-3d-en-bois/architecture/puzzle-3d-en-bois-sagrada-familia-little-story-e018-p133	0	4	0	1
puzzle sagrada familia 3d	https://it.robotoys.eu/puzzle-3d-in-legno/architettura/puzzle-3d-in-legno-sagrada-familia-little-story-e018-p133	0	2	0	1
puzzle sagrada familia 3d	https://pl.robotoys.eu/drewniane-puzzle-3d/architektura/drewniane-puzzle-3d-sagrada-familia-little-story-e018-p133	0	3	0	2
puzzle sagrada familia 3d	https://ro.robotoys.eu/puzzle-3d-din-lemn/arhitectura/puzzle-3d-din-lemn-sagrada-familia-little-story-e018-p133	0	2	0	4.5
puzzle sagrada familia 3d	https://robotoys.eu/wooden-3d-puzzle/architecture/wooden-3d-puzzle-sagrada-familia-little-story-e018-p133	0	2	0	2
puzzle sakura	https://cz.robotoys.eu/drevene-3d-puzzle/kvety/drevene-3d-puzzle-sakura-bonsai-rolife-tg415-p142	0	3	0	1
puzzle sakura	https://cz.robotoys.eu/drevene-3d-puzzle/kvety/drevene-3d-puzzle-sakura-rowood-tw101-p195	0	5	0	1
puzzle sakura	https://cz.robotoys.eu/drevene-3d-puzzle/vozidla/drevene-3d-puzzle-sakura-journey-rolife-tgs02-p105	0	3	0	4
puzzle sakura	https://de.robotoys.eu/3d-puzzle-aus-holz/fahrzeuge/3d-puzzle-aus-holz-sakura-journey-rolife-tgs02-p105	0	3	0	9
puzzle sakura	https://pl.robotoys.eu/drewniane-puzzle-3d/kwiaty/drewniane-puzzle-3d-sakura-rowood-tw101-p195	0	3	0	5
puzzle sakura	https://pl.robotoys.eu/drewniane-puzzle-3d/pojazdy/drewniane-puzzle-3d-sakura-journey-rolife-tgs02-p105	0	4	0	7.25
puzzle samolot	https://cz.robotoys.eu/drevene-3d-puzzle/vozidla/drevene-3d-puzzle-letadlo-little-story-d016-p130	0	3	0	57.67
puzzle samolot	https://pl.robotoys.eu/drewniane-puzzle-3d/pojazdy/drewniane-puzzle-3d-samolot-little-story-d016-p130	0	1	0	2
puzzle schiefer turm von pisa	https://de.robotoys.eu/3d-puzzle-aus-holz/die-architektur/3d-puzzle-aus-holz-schiefer-turm-von-pisa-little-story-e009-p114	0	5	0	7.6
puzzle schwierigkeitsgrad	https://de.robotoys.eu/3d-puzzle-aus-holz-mittlerer-schwierigkeitsgrad	0	2	0	10
puzzle segelschiff	https://de.robotoys.eu/3d-puzzle-aus-holz/fahrzeuge/3d-puzzle-aus-holz-segelschiff-lord-of-the-seas-eco-wood-art-p216	0	8	0	15.5
puzzle segelschiffe	https://de.robotoys.eu/3d-puzzle-aus-holz/fahrzeuge/3d-puzzle-aus-holz-segelschiff-lord-of-the-seas-eco-wood-art-p216	0	3	0	31
puzzle sistema solar	https://es.robotoys.eu/rompecabezas-3d-de-madera/el-universo/sistema-solar-rokr-st001-p71	0	2	0	1
puzzle sistema solare	https://it.robotoys.eu/puzzle-3d-in-legno/luniverso/sistema-solare-rokr-st001-p71	0	1	0	26
puzzle slon	https://cz.robotoys.eu/drevene-3d-puzzle/zvirata/drevene-3d-puzzle-slon-little-story-d012-p120	0	2	0	19
puzzle sluneční soustava	https://cz.robotoys.eu/drevene-3d-puzzle/vesmir/slunecni-soustava-rokr-st001-p71	0	5	0	14.6
puzzle sova	https://cz.robotoys.eu/drevene-3d-puzzle/hodiny-kalendare/hodiny-sova-rokr-lk503-p6	0	1	0	35
puzzle steinerne brücke	https://de.robotoys.eu/3d-puzzle-aus-holz/die-architektur/tower-bridge-modell-mit-led-beleuchtung-rolife-tg412-p19	0	1	0	26
puzzle stem	https://de.robotoys.eu/3d-puzzle-aus-holz/stem-lab	0	1	0	6
puzzle stem	https://it.robotoys.eu/puzzle-3d-in-legno/stem-lab	0	4	0	8.75
puzzle swing	https://fr.robotoys.eu/casse-tete-3d-en-bois/boites-a-musique/boite-a-musique-swing-ride-rokr-ea02-p4	0	2	0	2
puzzle t rex	https://cz.robotoys.eu/drevene-3d-puzzle/zvirata/drevene-3d-puzzle-t-rex-little-story-d006-p115	0	1	0	2
puzzle t rex	https://it.robotoys.eu/puzzle-3d-in-legno/gli-animali/puzzle-3d-in-legno-t-rex-little-story-d006-p115	0	2	0	3.5
puzzle tank	https://cz.robotoys.eu/drevene-3d-puzzle/vozidla/drevene-3d-puzzle-tank-amx-13-105-little-story-wot05-p177	0	7	0	1.71
puzzle tank	https://cz.robotoys.eu/drevene-3d-puzzle/vozidla/drevene-3d-puzzle-tank-leopard-1-little-story-wot07-p179	0	2	0	2.5
puzzle tank	https://cz.robotoys.eu/drevene-3d-puzzle/vozidla/drevene-3d-puzzle-tank-t-34-85-little-story-wot02-p135	0	1	0	7
puzzle tank	https://cz.robotoys.eu/drevene-3d-puzzle/vozidla/drevene-3d-puzzle-tank-tortoise-little-story-wot08-p180	0	7	0	1.71
puzzle tank	https://cz.robotoys.eu/drevene-3d-puzzle/vozidla/drevene-3d-puzzle-tiger-i-little-story-wot03-p136	0	8	0	4.75
puzzle tank	https://de.robotoys.eu/3d-puzzle-aus-holz/fahrzeuge/holz-3d-puzzle-tank-tortoise-little-story-wot08-p180	0	7	0	3.57
puzzle tank	https://fr.robotoys.eu/casse-tete-3d-en-bois/vehicules/puzzle-3d-en-bois-tank-tortoise-little-story-wot08-p180	0	32	0	2.31
puzzle tank	https://hu.robotoys.eu/fabol-keszult-3d-puzzle/jarmuvek/fa-3d-puzzle-tank-amx-13-105-little-story-wot05-p177	0	1	0	1
puzzle tank	https://hu.robotoys.eu/fabol-keszult-3d-puzzle/jarmuvek/fa-3d-puzzle-tank-fv4005-little-story-wot09-p236	0	1	0	1
puzzle tank	https://hu.robotoys.eu/fabol-keszult-3d-puzzle/jarmuvek/fa-3d-puzzle-tank-t-34-85-little-story-wot02-p135	0	1	0	1
puzzle tank	https://it.robotoys.eu/puzzle-3d-in-legno/veicoli/puzzle-3d-in-legno-tank-tortoise-little-story-wot08-p180	0	2	0	8
puzzle tank	https://pl.robotoys.eu/drewniane-puzzle-3d/pojazdy/drewniana-ukladanka-3d-tank-tortoise-little-story-wot08-p180	0	1	0	4
puzzle tank	https://robotoys.eu/wooden-3d-puzzle/vehicles/wooden-3d-puzzle-tank-leopard-1-little-story-wot07-p179	0	13	0	3.85
puzzle tank	https://robotoys.eu/wooden-3d-puzzle/vehicles/wooden-3d-puzzle-tank-tortoise-little-story-wot08-p180	0	1	0	2
puzzle tanks	https://robotoys.eu/wooden-3d-puzzle/vehicles/wooden-3d-puzzle-tank-leopard-1-little-story-wot07-p179	0	1	0	22
puzzle tanks	https://robotoys.eu/wooden-3d-puzzle/vehicles/wooden-3d-puzzle-tiger-i-little-story-wot03-p136	0	4	0	7.25
puzzle tanky	https://cz.robotoys.eu/drevene-3d-puzzle/vozidla/drevene-3d-puzzle-tank-amx-13-105-little-story-wot05-p177	0	3	0	10.67
puzzle tanky	https://cz.robotoys.eu/drevene-3d-puzzle/vozidla/drevene-3d-puzzle-tank-leopard-1-little-story-wot07-p179	0	13	0	3.85
puzzle tanky	https://cz.robotoys.eu/drevene-3d-puzzle/vozidla/drevene-3d-puzzle-tank-tortoise-little-story-wot08-p180	0	8	0	11.38
puzzle tanky	https://cz.robotoys.eu/drevene-3d-puzzle/vozidla/drevene-3d-puzzle-tiger-i-little-story-wot03-p136	0	14	0	7.57
puzzle tanky	https://cz.robotoys.eu/nejnovejsi-drevene-3d-puzzle	0	3	0	12.67
puzzle telefon	https://cz.robotoys.eu/drevene-3d-puzzle/stem-lab/drevene-3d-puzzle-retro-telefon-eco-wood-art-p156	0	1	0	5
puzzle telefon	https://ro.robotoys.eu/puzzle-3d-din-lemn/stem-lab/puzzle-3d-din-lemn-telefon-retro-eco-wood-art-p156	0	1	0	1
puzzle terbuat dari	https://robotoys.eu/blog/history-of-3d-wooden-puzzles-from-beginnings-to-the-present	0	1	0	7
puzzle terbuat dari apa	https://robotoys.eu/blog/history-of-3d-wooden-puzzles-from-beginnings-to-the-present	0	26	0	9.5
puzzle terminator	https://pl.robotoys.eu/drewniane-puzzle-3d/bronie/terminator-m870-rokr-lq501-p36	0	5	0	7.6
puzzle tiger	https://de.robotoys.eu/3d-puzzle-aus-holz/fahrzeuge/3d-puzzle-aus-holz-tiger-i-little-story-wot03-p136	0	13	0	30.85
puzzle tiger	https://it.robotoys.eu/puzzle-3d-in-legno/veicoli/puzzle-3d-in-legno-tiger-i-little-story-wot03-p136	0	40	0	8.65
puzzle tiger legno	https://it.robotoys.eu/puzzle-3d-in-legno/veicoli/puzzle-3d-in-legno-tiger-i-little-story-wot03-p136	0	20	0	2.8
puzzle tiger madera	https://es.robotoys.eu/rompecabezas-3d-de-madera/vehiculos/puzzle-3d-de-madera-tigre-i-little-story-wot03-p136	0	2	0	11.5
puzzle tools	https://robotoys.eu/blog/10-tools-you-need-when-assembling-a-wooden-3d-puzzle	0	7	0	11.14
puzzle torre eiffel	https://it.robotoys.eu/puzzle-3d-in-legno/architettura/modello-della-torre-eiffel-rolife-tg501-p17	0	4	0	16.25
puzzle torre eiffel 3d	https://it.robotoys.eu/puzzle-3d-in-legno/architettura/modello-della-torre-eiffel-rolife-tg501-p17	0	2	0	6
puzzle tower bridge	https://de.robotoys.eu/3d-puzzle-aus-holz/die-architektur/tower-bridge-modell-mit-led-beleuchtung-rolife-tg412-p19	0	1	0	25
puzzle tower bridge	https://it.robotoys.eu/puzzle-3d-in-legno/architettura/modello-tower-bridge-con-illuminazione-led-rolife-tg412-p19	0	1	0	2
puzzle tower bridge 3d	https://de.robotoys.eu/3d-puzzle-aus-holz/die-architektur/tower-bridge-modell-mit-led-beleuchtung-rolife-tg412-p19	0	1	0	21
puzzle tres d	https://es.robotoys.eu/rompecabezas-3d-de-madera/arquitectura/puzzle-3d-de-madera-sagrada-familia-little-story-e018-p133	0	14	0	3
puzzle tres dimensiones	https://es.robotoys.eu/rompecabezas-3d-de-madera/arquitectura/puzzle-3d-de-madera-sagrada-familia-little-story-e018-p133	0	11	0	4.82
puzzle trex	https://it.robotoys.eu/puzzle-3d-in-legno/gli-animali/puzzle-3d-in-legno-t-rex-little-story-d006-p115	0	1	0	2
puzzle trex	https://pl.robotoys.eu/drewniane-puzzle-3d/zwierzeta/drewniane-puzzle-3d-t-rex-little-story-d006-p115	0	1	0	14
puzzle trex	https://robotoys.eu/wooden-3d-puzzle/the-animals/wooden-3d-puzzle-t-rex-little-story-d006-p115	0	1	0	7
puzzle tridimensional	https://ro.robotoys.eu/puzzle-3d-din-lemn/arhitectura/puzzle-3d-din-lemn-arcul-victoriei-little-story-e011-p123	0	1	0	6
puzzle tridimensionale	https://it.robotoys.eu/puzzle-3d-in-legno/architettura/puzzle-3d-in-legno-sagrada-familia-little-story-e018-p133	0	107	0	3.18
puzzle tridimensionale	https://robotoys.eu/wooden-3d-puzzle/flowers/wooden-3d-puzzle-glittering-water-lily-rowood-th001-p192	0	1	0	10
puzzle tridimensionali	https://it.robotoys.eu/puzzle-3d-in-legno/architettura/puzzle-3d-in-legno-arco-della-vittoria-little-story-e011-p123	0	15	0	2.13
puzzle tridimensionali	https://it.robotoys.eu/puzzle-3d-in-legno/architettura/puzzle-3d-in-legno-sagrada-familia-little-story-e018-p133	0	22	0	2.09
puzzle uhr	https://de.robotoys.eu/3d-puzzle-aus-holz/uhren-kalender	0	8	0	37.88
puzzle uhren	https://de.robotoys.eu/3d-puzzle-aus-holz/uhren-kalender	0	3	0	17
puzzle veliero	https://it.robotoys.eu/puzzle-3d-in-legno/veicoli/puzzle-3d-in-legno-veliero-lord-of-the-seas-eco-wood-art-p216	0	9	0	18.33
puzzle veliero	https://it.robotoys.eu/puzzle-3d-in-legno/veicoli/puzzle-meccanico-3d-in-legno-barca-a-vela-cavalluccio-marino-rokr-mcb02-p212	0	3	0	21.67
puzzle voiture 3d	https://fr.robotoys.eu/casse-tete-3d-en-bois/vehicules/puzzle-3d-mecanique-en-bois-voiture-de-course-rouge-eco-wood-art-p152	0	27	0	15.93
puzzle voiture de course	https://fr.robotoys.eu/casse-tete-3d-en-bois/vehicules/puzzle-3d-mecanique-en-bois-voiture-de-course-rouge-eco-wood-art-p152	0	3	0	12
puzzle voiture de sport	https://fr.robotoys.eu/casse-tete-3d-en-bois/vehicules/puzzle-3d-mecanique-en-bois-voiture-de-course-rouge-eco-wood-art-p152	0	1	0	1
puzzle warschau	https://pl.robotoys.eu/drewniane-puzzle-3d/pojazdy/drewniane-puzzle-3d-warszawa-m20-little-story-e006-p98	0	1	0	43
puzzle warszawa	https://pl.robotoys.eu/drewniane-puzzle-3d/pojazdy/drewniane-puzzle-3d-warszawa-m20-little-story-e006-p98	0	2	0	34.5
puzzle wieza eiffla	https://pl.robotoys.eu/drewniane-puzzle-3d/architektura/podswietlana-wieza-eiffla-rolife-tgl01-p73	0	1	0	13
puzzle wieża eiffla	https://pl.robotoys.eu/drewniane-puzzle-3d/architektura/podswietlana-wieza-eiffla-rolife-tgl01-p73	0	5	0	9
puzzle wieża eiffla 3d	https://pl.robotoys.eu/drewniane-puzzle-3d/architektura/podswietlana-wieza-eiffla-rolife-tgl01-p73	0	3	0	5.67
puzzle wood 3d	https://it.robotoys.eu/puzzle-3d-in-legno-piu-di-300-pezzi	0	1	0	21
puzzle wood 3d	https://pl.robotoys.eu/drewniane-puzzle-3d/architektura	0	1	0	18
puzzle wooden	https://it.robotoys.eu/puzzle-3d-in-legno/architettura/puzzle-3d-in-legno-arco-della-vittoria-little-story-e011-p123	0	1	0	6
puzzle wooden	https://pl.robotoys.eu/drewniane-puzzle-3d/stem-lab/drewniana-mechaniczna-ukladanka-3d-gear-ball-challenge-rokr-egc01-p213	0	1	0	8
puzzle wyprzedaż	https://pl.robotoys.eu/wyprzedaz-puzzli-drewnianych-3d	0	22	0	22.77
puzzle yamaha	https://cz.robotoys.eu/drevene-3d-puzzle/vozidla/motorka-cruiser-rokr-lk504-p12	0	1	0	1
puzzle z kwiatami	https://pl.robotoys.eu/drewniane-puzzle-3d/kwiaty	0	1	0	21
puzzle żaglowiec	https://pl.robotoys.eu/najdrozsze-drewniane-puzzle-3d	0	2	0	21
puzzle-uri ieftine	https://ro.robotoys.eu/vanzare-puzzle-uri-3d-din-lemn	0	4	0	13.5
puzzle.3d	https://it.robotoys.eu/blog/storia-dei-puzzle-in-legno-3d-dalle-origini-al-presente	0	1	0	9
puzzle3d	https://fr.robotoys.eu/casse-tete-3d-en-bois/architecture/puzzle-3d-en-bois-arc-de-la-victoire-little-story-e011-p123	0	22	0	5.27
puzzle3d	https://fr.robotoys.eu/casse-tete-3d-en-bois/architecture/puzzle-3d-en-bois-sagrada-familia-little-story-e018-p133	0	44	0	5.52
puzzle3d	https://pl.robotoys.eu/drewniane-puzzle-3d/architektura/drewniane-puzzle-3d-luk-zwyciestwa-little-story-e011-p123	0	15	0	5.67
puzzleauto	https://robotoys.eu/wooden-3d-puzzle/vehicles/wooden-mechanical-3d-puzzle-red-racing-car-eco-wood-art-p152	0	1	0	38
puzzled 3d	https://fr.robotoys.eu/casse-tete-3d-en-bois/architecture/puzzle-3d-en-bois-sagrada-familia-little-story-e018-p133	0	1	0	9
puzzled 3d	https://pl.robotoys.eu/drewniane-puzzle-3d/architektura/drewniane-puzzle-3d-luk-zwyciestwa-little-story-e011-p123	0	1	0	9
puzzles 3 d	https://es.robotoys.eu/rompecabezas-3d-de-madera/arquitectura/puzzle-3d-de-madera-sagrada-familia-little-story-e018-p133	0	1	0	4
puzzles 3 d	https://fr.robotoys.eu/casse-tete-3d-en-bois/architecture/puzzle-3d-en-bois-sagrada-familia-little-story-e018-p133	0	1	0	3
puzzles 3d	https://es.robotoys.eu/blog/rokr-tu-entrada-al-mundo-de-la-creatividad-y-el-entretenimiento	0	1	0	4
puzzles 3d	https://es.robotoys.eu/rompecabezas-3d-de-madera/arquitectura/puzzle-3d-de-madera-sagrada-familia-little-story-e018-p133	0	484	0	6.66
puzzles 3d	https://es.robotoys.eu/rompecabezas-3d-de-madera/stem-lab/puzzle-3d-mecanico-de-madera-impresora-clasica-rokr-lk602-p90	0	1	0	2
puzzles 3d	https://robotoys.eu/wooden-3d-puzzle/architecture	0	1	0	1
puzzles 3d animales	https://es.robotoys.eu/rompecabezas-3d-de-madera/los-animales/puzzle-3d-de-madera-leon-little-story-d011-p119	0	1	0	1
puzzles 3d bois	https://fr.robotoys.eu/casse-tete-3d-en-bois/architecture/puzzle-3d-en-bois-sagrada-familia-little-story-e018-p133	0	3	0	16
puzzles 3d bois	https://fr.robotoys.eu/puzzle-3d-en-bois-difficulte-facile	0	3	0	21
puzzles 3d de madera	https://es.robotoys.eu/rompecabezas-3d-de-madera-mejor-valorado	0	2	0	15.5
puzzles 3d de madera	https://es.robotoys.eu/rompecabezas-3d-de-madera/arquitectura	0	1	0	2
puzzles 3d de madera	https://es.robotoys.eu/rompecabezas-3d-de-madera/arquitectura/puzzle-3d-de-madera-sagrada-familia-little-story-e018-p133	0	19	0	2
puzzles 3d de madera	https://es.robotoys.eu/rompecabezas-3d-de-madera/stem-lab/proyector-de-cine-vitascope-rokr-lk601-p5	0	1	0	14
puzzles 3d de madera	https://es.robotoys.eu/rompecabezas-3d-de-madera/stem-lab/puzzle-3d-mecanico-de-madera-impresora-clasica-rokr-lk602-p90	0	3	0	1
puzzles 3d en bois	https://fr.robotoys.eu/puzzle-3d-en-bois-difficulte-facile	0	1	0	23
puzzles 3d madera	https://es.robotoys.eu/rompecabezas-3d-de-madera-mejor-valorado	0	5	0	18.2
puzzles 3d madera	https://es.robotoys.eu/rompecabezas-3d-de-madera/arquitectura	0	1	0	2
puzzles 3d madera	https://es.robotoys.eu/rompecabezas-3d-de-madera/arquitectura/puzzle-3d-de-madera-arco-de-la-victoria-little-story-e011-p123	0	1	0	2
puzzles 3d madera	https://es.robotoys.eu/rompecabezas-3d-de-madera/arquitectura/puzzle-3d-de-madera-sagrada-familia-little-story-e018-p133	0	83	0	2.36
puzzles 3d madera	https://es.robotoys.eu/rompecabezas-3d-de-madera/instrumentos-musicales/saxofon-rolife-tg309-p26	0	1	0	6
puzzles 3d madera adultos	https://es.robotoys.eu/rompecabezas-3d-de-madera/arquitectura/puzzle-3d-de-madera-sagrada-familia-little-story-e018-p133	0	1	0	6
puzzles 3d madera coches	https://es.robotoys.eu/rompecabezas-3d-de-madera/vehiculos	0	5	0	1
puzzles 3d monumentos	https://es.robotoys.eu/rompecabezas-3d-de-madera/arquitectura	0	23	0	10.91
puzzles coches	https://es.robotoys.eu/rompecabezas-3d-de-madera/vehiculos	0	2	0	20.5
puzzles de coches	https://es.robotoys.eu/rompecabezas-3d-de-madera/vehiculos	0	3	0	20.67
puzzles de flores	https://es.robotoys.eu/rompecabezas-3d-de-madera/flores	0	4	0	14
puzzles de madera 3d	https://es.robotoys.eu/rompecabezas-3d-de-madera-mejor-valorado	0	4	0	17.25
puzzles de madera 3d	https://es.robotoys.eu/rompecabezas-3d-de-madera/arquitectura/puzzle-3d-de-madera-sagrada-familia-little-story-e018-p133	0	109	0	2.19
puzzles de madera 3d	https://es.robotoys.eu/rompecabezas-3d-de-madera/stem-lab/puzzle-3d-mecanico-de-madera-impresora-clasica-rokr-lk602-p90	0	9	0	12.11
puzzles en 3d	https://es.robotoys.eu/rompecabezas-3d-de-madera/arquitectura/puzzle-3d-de-madera-sagrada-familia-little-story-e018-p133	0	112	0	3.96
puzzles en bois 3d	https://fr.robotoys.eu/puzzle-3d-en-bois-difficulte-facile	0	3	0	22.67
puzzles en bois pas cher	https://fr.robotoys.eu/puzzle-3d-en-bois-difficulte-facile	0	1	0	11
puzzles flores	https://es.robotoys.eu/rompecabezas-3d-de-madera/flores	0	7	0	12
puzzles madera 3d	https://es.robotoys.eu/rompecabezas-3d-de-madera-mejor-valorado	0	6	0	16.5
puzzles madera 3d	https://es.robotoys.eu/rompecabezas-3d-de-madera/arquitectura/puzzle-3d-de-madera-arco-de-la-victoria-little-story-e011-p123	0	1	0	2
puzzles madera 3d	https://es.robotoys.eu/rompecabezas-3d-de-madera/arquitectura/puzzle-3d-de-madera-sagrada-familia-little-story-e018-p133	0	64	0	2.31
puzzles mecanicos	https://es.robotoys.eu/rompecabezas-3d-de-madera/stem-lab/puzzle-3d-mecanico-de-madera-impresora-clasica-rokr-lk602-p90	0	4	0	4.25
puzzles rolife	https://es.robotoys.eu/marcas/rolife	0	2	0	10
puzzles tres d	https://es.robotoys.eu/rompecabezas-3d-de-madera/arquitectura/puzzle-3d-de-madera-arco-de-la-victoria-little-story-e011-p123	0	10	0	7.1
puzzles victoria	https://es.robotoys.eu/rompecabezas-3d-de-madera/arquitectura/puzzle-3d-de-madera-arco-de-la-victoria-little-story-e011-p123	0	1	0	48
puzzleswing	https://robotoys.eu/wooden-3d-puzzle/music-boxes/swing-ride-music-box-rokr-ea02-p4	0	3	0	5
puzzletank	https://hu.robotoys.eu/fabol-keszult-3d-puzzle/jarmuvek/fa-3d-puzzle-tank-fv4005-little-story-wot09-p236	0	1	0	10
puzzli	https://pl.robotoys.eu/drewniane-puzzle-3d/wszechswiat/uklad-sloneczny-rokr-st001-p71	0	1	0	2
puzzlz 3d	https://fr.robotoys.eu/casse-tete-3d-en-bois/architecture/puzzle-3d-en-bois-arc-de-la-victoire-little-story-e011-p123	0	25	0	5.32
puzzlz 3d	https://fr.robotoys.eu/casse-tete-3d-en-bois/architecture/puzzle-3d-en-bois-cathedrale-notre-dame-little-story-e017-p127	0	1	0	26
puzzlz 3d	https://fr.robotoys.eu/casse-tete-3d-en-bois/architecture/puzzle-3d-en-bois-sagrada-familia-little-story-e018-p133	0	26	0	5.27
półka domek na książki	https://pl.robotoys.eu/miniaturowe-domki/kacik-ksiazek	0	1	0	36
półka na książki domek	https://pl.robotoys.eu/miniaturowe-domki/kacik-ksiazek	0	1	0	33
překvapení pro partnerku	https://cz.robotoys.eu/blog/7-neodolatelnych-tipu-na-darky-pro-zenu	0	1	0	23
překvapení pro ženu	https://cz.robotoys.eu/blog/7-neodolatelnych-tipu-na-darky-pro-zenu	0	1	0	19
qual è il prezzo	https://it.robotoys.eu/puzzle-3d-in-legno/carillon/giostra-romantica-rokr-amk62-p77	0	1	0	2
qualcosa di diverso	https://it.robotoys.eu/puzzle-3d-in-legno/fiori/puzzle-3d-in-legno-camelia-rossa-rowood-tw031-p102	0	1	0	2
qualcosa di più specifico	https://it.robotoys.eu/puzzle-3d-in-legno/orologi-calendari/orologio-gufo-rokr-lk503-p6	0	1	0	1
quando costa	https://it.robotoys.eu/puzzle-3d-in-legno/fiori	0	1	0	7
quando costa	https://it.robotoys.eu/puzzle-3d-in-legno/fiori/puzzle-3d-in-legno-garofano-rosso-rowood-tw052-p112	0	1	0	2
quantas peças	https://pt.robotoys.eu/casas-em-miniatura/quartos-em-miniatura/estufa-da-sra-cathy-rolife-dg104-p28	0	1	0	2
quanto costa	https://it.robotoys.eu/puzzle-3d-in-legno/fiori/puzzle-3d-in-legno-sakura-bonsai-rolife-tg415-p142	0	1	0	3
quanto costa	https://it.robotoys.eu/puzzle-3d-in-legno/veicoli/puzzle-3d-in-legno-sakura-journey-rolife-tgs02-p105	0	1	0	2
quanto costa?	https://it.robotoys.eu/puzzle-3d-in-legno/strumenti-musicali/pianoforte-magico-rokr-amk81-p70	0	1	0	2
quanto costa?	https://robotoys.eu/wooden-3d-puzzle/musical-instruments/magic-piano-rokr-amk81-p70	0	1	0	25
quanto costano	https://it.robotoys.eu/puzzle-3d-in-legno/armi/fucile-ak-47-rokr-lq901-p67	0	1	0	14
quanto posso venderlo	https://de.robotoys.eu/3d-puzzle-aus-holz/die-tiere/3d-puzzle-aus-holz-stegosaurus-little-story-d010-p118	0	1	0	11
quanto posso venderlo	https://it.robotoys.eu/concorso-di-puzzle/stegosaurus-little-story-d010-118	0	1	0	20
quanto posso venderlo	https://it.robotoys.eu/puzzle-3d-in-legno/gli-animali/puzzle-3d-in-legno-stegosaurus-little-story-d010-p118	0	1	0	19
quanto potrebbe costare	https://it.robotoys.eu/puzzle-3d-in-legno/veicoli/modello-di-barca-a-vela-rolife-tg305-p21	0	1	0	20
quanto vale in euro	https://it.robotoys.eu/puzzle-3d-in-legno/architettura/pagoda-a-cinque-piani-rolife-tgn02-p45	0	1	0	23
quanto vale?	https://it.robotoys.eu/puzzle-3d-in-legno/carillon/carillon-notte-stellata-rokr-amk51-p11	0	1	0	3
quanto viene?	https://it.robotoys.eu/puzzle-3d-in-legno/architettura/torre-eiffel-illuminata-rolife-tgl01-p73	0	1	0	9
que barco es este?	https://es.robotoys.eu/rompecabezas-3d-de-madera/vehiculos/rompecabezas-3d-de-madera-eternal-atlantic-voyager-1912-rolife-tgl02-p223	0	1	0	17
que es esto	https://es.robotoys.eu/casas-en-miniatura/habitaciones-en-miniatura/casa-en-miniatura-cocina-acogedora-rolife-dg159-p89	0	1	0	28
que es un rompecabezas arma	https://es.robotoys.eu/rompecabezas-3d-de-madera/armas	0	1	0	20
que esto?	https://es.robotoys.eu/rompecabezas-3d-de-madera/vehiculos/rompecabezas-3d-de-madera-buque-diplomatico-japones-rolife-tg307-p199	0	1	0	4
que mide	https://robotoys.eu/wooden-3d-puzzle/architecture/five-story-pagoda-rolife-tgn02-p45	0	1	0	3
que regalar a tu novia	https://es.robotoys.eu/blog/7-ideas-de-regalos-irresistibles-para-mujeres	0	1	0	25
que regalar a un hombre que tiene de todo	https://es.robotoys.eu/blog/un-regalo-para-el-hombre-que-ya-lo-tiene-todo-24-consejos-originales-que-realmente-lo-sorprenderan	0	2	0	61
que regalarle a un hombre que lo tiene todo	https://es.robotoys.eu/blog/un-regalo-para-el-hombre-que-ya-lo-tiene-todo-24-consejos-originales-que-realmente-lo-sorprenderan	0	1	0	49
quebra cabeca	https://pt.robotoys.eu/quebra-cabeca-3d-de-madeira/os-animais/quebra-cabeca-3d-de-madeira-abelha-little-story-d001-p128	0	1	0	5
quebra cabeca 3d	https://pt.robotoys.eu/quebra-cabeca-3d-de-madeira	0	2	0	4
quebra cabeca 3d	https://pt.robotoys.eu/quebra-cabeca-3d-de-madeira/arquitetura/quebra-cabeca-3d-de-madeira-sagrada-familia-little-story-e018-p133	0	2	0	3.5
quebra cabeca 3d livraria	https://pt.robotoys.eu/quebra-cabeca-3d-de-madeira/arquitetura/quebra-cabeca-3d-de-madeira-livraria-em-um-beco-antigo-p262	0	1	0	2
quebra cabeca sagrada familia	https://pt.robotoys.eu/quebra-cabeca-3d-de-madeira/arquitetura/quebra-cabeca-3d-de-madeira-sagrada-familia-little-story-e018-p133	0	2	0	3
quebra cabeça	https://pt.robotoys.eu/quebra-cabeca-3d-de-madeira/arquitetura/quebra-cabeca-3d-de-madeira-sagrada-familia-little-story-e018-p133	0	2	0	3
quebra cabeça 3 d	https://pt.robotoys.eu/quebra-cabeca-3d-de-madeira/stem-lab/quebra-cabeca-3d-mecanico-de-madeira-impressora-classica-rokr-lk602-p90	0	1	0	5
quebra cabeça 3d	https://pt.robotoys.eu/quebra-cabeca-3d-de-madeira/arquitetura/quebra-cabeca-3d-de-madeira-sagrada-familia-little-story-e018-p133	0	1	0	1
quebra cabeça 3d carros	https://pt.robotoys.eu/quebra-cabeca-3d-de-madeira/veiculos/carro-antigo-rokr-mc801-p72	0	1	0	4
quebra cabeça 3d de madeira	https://pt.robotoys.eu/quebra-cabeca-3d-de-madeira/armas/quebra-cabeca-mecanico-3d-de-madeira-mini-arma-rokr-lq502-p147	0	1	0	2
quebra cabeça 3d de madeira	https://pt.robotoys.eu/quebra-cabeca-3d-de-madeira/stem-lab/quebra-cabeca-3d-mecanico-de-madeira-impressora-classica-rokr-lk602-p90	0	1	0	2
quebra cabeça 3d madeira	https://pt.robotoys.eu/quebra-cabeca-3d-de-madeira	0	2	0	5
quebra cabeça 3d madeira	https://pt.robotoys.eu/quebra-cabeca-3d-de-madeira/arquitetura/quebra-cabeca-3d-de-madeira-sagrada-familia-little-story-e018-p133	0	9	0	1
quebra cabeça 3d madeira	https://pt.robotoys.eu/quebra-cabeca-3d-de-madeira/stem-lab/quebra-cabeca-3d-mecanico-de-madeira-impressora-classica-rokr-lk602-p90	0	3	0	5
quebra cabeça 3d torre eiffel	https://pt.robotoys.eu/quebra-cabeca-3d-de-madeira/arquitetura	0	1	0	9
quebra cabeça 3d torre eiffel	https://pt.robotoys.eu/quebra-cabeca-3d-de-madeira/arquitetura/modelo-da-torre-eiffel-rolife-tg501-p17	0	3	0	4.67
quebra cabeça 3d torre eiffel	https://pt.robotoys.eu/quebra-cabeca-3d-de-madeira/arquitetura/torre-eiffel-iluminada-rolife-tgl01-p73	0	1	0	1
quebra cabeça arquitetura	https://pt.robotoys.eu/quebra-cabeca-3d-de-madeira/arquitetura	0	1	0	14
quebra cabeça avião	https://pt.robotoys.eu/quebra-cabeca-3d-de-madeira/veiculos/quebra-cabeca-3d-de-madeira-aviao-little-story-d016-p130	0	1	0	21
quebra cabeça coliseu	https://pt.robotoys.eu/quebra-cabeca-3d-de-madeira/arquitetura/quebra-cabeca-3d-de-madeira-coliseu-little-story-e016-p126	0	5	0	3.6
quebra cabeça de madeira 3d como montar	https://pt.robotoys.eu/blogue/10-ferramentas-que-voce-precisa-ao-montar-um-quebra-cabeca-3d-de-madeira	0	5	0	7.6
quebra cabeça de madeira como montar	https://pt.robotoys.eu/blogue/10-ferramentas-que-voce-precisa-ao-montar-um-quebra-cabeca-3d-de-madeira	0	1	0	11
quebra cabeça impressora 3d	https://pt.robotoys.eu/quebra-cabeca-3d-de-madeira/stem-lab/quebra-cabeca-3d-mecanico-de-madeira-impressora-classica-rokr-lk602-p90	0	1	0	4
quebra cabeça madeira 3d	https://pt.robotoys.eu/quebra-cabeca-3d-de-madeira/arquitetura/quebra-cabeca-3d-de-madeira-sagrada-familia-little-story-e018-p133	0	1	0	1
quebra cabeça mecanico	https://pt.robotoys.eu/quebra-cabeca-3d-de-madeira/instrumentos-musicais	0	2	0	12
quebra cabeças 3d madeira	https://pt.robotoys.eu/quebra-cabeca-3d-de-madeira	0	1	0	3
quebra cabeças 3d madeira	https://pt.robotoys.eu/quebra-cabeca-3d-de-madeira/arquitetura/quebra-cabeca-3d-de-madeira-sagrada-familia-little-story-e018-p133	0	1	0	1
quebra cabeças madeira	https://pt.robotoys.eu/quebra-cabeca-3d-de-madeira	0	13	0	6.69
quebra-cabeças mecanicos	https://pt.robotoys.eu/quebra-cabeca-3d-de-madeira/stem-lab/quebra-cabeca-3d-mecanico-de-madeira-impressora-classica-rokr-lk602-p90	0	4	0	18.5
quebra-cabeças mecânicos	https://pt.robotoys.eu/quebra-cabeca-3d-de-madeira/stem-lab/quebra-cabeca-3d-mecanico-de-madeira-impressora-classica-rokr-lk602-p90	0	3	0	13
quebra-cabeças mecânicos	https://pt.robotoys.eu/quebra-cabeca-3d-de-madeira/veiculos/quebra-cabeca-mecanico-3d-de-madeira-carro-de-corrida-rokr-lk505-p141	0	1	0	2
quel est son prix ?	https://fr.robotoys.eu/casse-tete-3d-en-bois/vehicules/maquette-locomotive-a-vapeur-rokr-mc501-p13	0	1	0	5
quel est son prix ?	https://fr.robotoys.eu/casse-tete-3d-en-bois/vehicules/modele-de-camion-lourd-rokr-mc502-p27	0	1	0	8
quero saber onde comprar	https://pt.robotoys.eu/quebra-cabeca-3d-de-madeira/arquitetura/quebra-cabeca-3d-de-madeira-coliseu-little-story-e016-p126	0	1	0	16
questo	https://it.robotoys.eu/puzzle-3d-in-legno/architettura/pagoda-a-cinque-piani-rolife-tgn02-p45	0	1	0	5
questo?	https://it.robotoys.eu/puzzle-3d-in-legno/architettura/puzzle-3d-in-legno-mini-chalet-di-montagna-a-forma-di-a-rolife-dg181-p227	0	1	0	2
qué regalarle a un hombre que lo tiene todo	https://es.robotoys.eu/blog/un-regalo-para-el-hombre-que-ya-lo-tiene-todo-24-consejos-originales-que-realmente-lo-sorprenderan	0	1	0	6
raamaturiiuli kokkupanek	https://ee.robotoys.eu/miniatuursed-majad/raamatud-nook/raamaturiiuli-vahetukk-lillenurk-rolife-tgb09-p108	0	1	0	7
raceauto puzzel	https://nl.robotoys.eu/houten-3d-puzzel/voertuigen/houten-mechanische-3d-puzzel-raceauto-rokr-lk505-p141	0	7	0	6.43
rakstāmmašīna	https://lv.robotoys.eu/koka-3d-puzle/stem-lab/koka-mehaniska-3d-puzle-mehaniska-rakstammasina-klasiska-versija-rokr-lk703b-p265	0	1	0	33
rasmlar	https://robotoys.eu/wooden-3d-puzzle/architecture	0	1	0	3
rasmlar	https://robotoys.eu/wooden-3d-puzzle/architecture/wooden-3d-puzzle-victory-arch-little-story-e011-p123	0	1	0	12
rd puzzle	https://nl.robotoys.eu/houten-3d-puzzel/voertuigen/houten-3d-puzzel-rode-grand-prix-motor-little-story-e021r-p243	0	1	0	48
reboque 3d	https://pt.robotoys.eu/quebra-cabeca-3d-de-madeira/veiculos/quebra-cabeca-3d-de-madeira-semi-reboque-tanque-para-caminhao-road-king-eco-wood-art-p155	0	1	0	13
red camellia rowood	https://fr.robotoys.eu/casse-tete-3d-en-bois/fleurs/puzzle-3d-en-bois-camelia-rouge-rowood-tw031-p102	0	2	0	11.5
regali di lusso bambino	https://it.robotoys.eu/i-regali-piu-costosi-per-i-bambini	0	2	0	36
regali di natale per lui costosi	https://it.robotoys.eu/idee-regalo/regali-per-lui	0	1	0	6
regali per bambini costosi	https://it.robotoys.eu/i-regali-piu-costosi-per-i-bambini	0	11	0	14.27
regali per bambini costosi	https://it.robotoys.eu/i-regali-piu-costosi-per-i-bambini?page=4	0	1	0	9
regali per bambini costosi	https://it.robotoys.eu/i-regali-piu-costosi-per-natale	0	1	0	1
regali per chi ha tutto uomo	https://it.robotoys.eu/blog/un-regalo-per-luomo-che-ha-gia-tutto-24-consigli-originali-che-lo-sorprenderanno-davvero	0	2	0	31.5
regali per un uomo che ha tutto	https://it.robotoys.eu/blog/un-regalo-per-luomo-che-ha-gia-tutto-24-consigli-originali-che-lo-sorprenderanno-davvero	0	2	0	29.5
regali per uomo che ha tutto	https://it.robotoys.eu/blog/un-regalo-per-luomo-che-ha-gia-tutto-24-consigli-originali-che-lo-sorprenderanno-davvero	0	2	0	28.5
regalo a un uomo	https://it.robotoys.eu/blog/un-regalo-per-luomo-che-ha-gia-tutto-24-consigli-originali-che-lo-sorprenderanno-davvero	0	1	0	5
regalo experiencias hombre	https://es.robotoys.eu/blog/el-mejor-regalo-para-el-original-con-un-toque-de-historia	0	1	0	7
regalo para hombre que lo tiene todo	https://es.robotoys.eu/blog/un-regalo-para-el-hombre-que-ya-lo-tiene-todo-24-consejos-originales-que-realmente-lo-sorprenderan	0	1	0	51
regalo para mujer	https://es.robotoys.eu/blog/7-ideas-de-regalos-irresistibles-para-mujeres	0	11	0	10.27
regalo para tu novia	https://es.robotoys.eu/blog/7-ideas-de-regalos-irresistibles-para-mujeres	0	2	0	13
regalo para un hombre que lo tiene todo	https://es.robotoys.eu/blog/un-regalo-para-el-hombre-que-ya-lo-tiene-todo-24-consejos-originales-que-realmente-lo-sorprenderan	0	1	0	53
regalo para un hombre que tiene de todo	https://es.robotoys.eu/blog/un-regalo-para-el-hombre-que-ya-lo-tiene-todo-24-consejos-originales-que-realmente-lo-sorprenderan	0	2	0	49.5
regalo per un uomo che ha tutto	https://it.robotoys.eu/blog/un-regalo-per-luomo-che-ha-gia-tutto-24-consigli-originali-che-lo-sorprenderanno-davvero	0	2	0	29.5
regalo per uomo che ha tutto	https://it.robotoys.eu/blog/un-regalo-per-luomo-che-ha-gia-tutto-24-consigli-originali-che-lo-sorprenderanno-davvero	0	3	0	26.33
regalo uomo che ha tutto	https://it.robotoys.eu/blog/un-regalo-per-luomo-che-ha-gia-tutto-24-consigli-originali-che-lo-sorprenderanno-davvero	0	3	0	27.67
regalos caro	https://es.robotoys.eu/los-regalos-mas-caros-para-ninos	0	2	0	6
regalos caros	https://es.robotoys.eu/los-regalos-de-cumpleanos-mas-caros	0	1	0	28
regalos caros	https://es.robotoys.eu/los-regalos-mas-caros-para-ninos	0	2	0	8.5
regalos caros para hombres	https://es.robotoys.eu/los-regalos-mas-caros-para-hombres-y-ninos	0	3	0	15.67
regalos caros para niños	https://es.robotoys.eu/los-regalos-mas-baratos-para-decoracion	0	1	0	11
regalos de cumpleaños caros	https://es.robotoys.eu/los-regalos-de-cumpleanos-mas-caros	0	2	0	7
regalos diferentes para mujeres	https://es.robotoys.eu/blog/7-ideas-de-regalos-irresistibles-para-mujeres	0	1	0	4
regalos mujer ideas	https://es.robotoys.eu/blog/7-ideas-de-regalos-irresistibles-para-mujeres	0	1	0	18
regalos mujeres	https://es.robotoys.eu/blog/7-ideas-de-regalos-irresistibles-para-mujeres	0	1	0	6
regalos para hombre que tiene de todo	https://es.robotoys.eu/blog/un-regalo-para-el-hombre-que-ya-lo-tiene-todo-24-consejos-originales-que-realmente-lo-sorprenderan	0	1	0	54
regalos para hombres baratos	https://es.robotoys.eu/los-regalos-mas-baratos-para-hombres-y-ninos	0	1	0	18
regalos para hombres que lo tienen todo	https://es.robotoys.eu/blog/un-regalo-para-el-hombre-que-ya-lo-tiene-todo-24-consejos-originales-que-realmente-lo-sorprenderan	0	1	0	40
regalos para mujeres	https://es.robotoys.eu/blog/7-ideas-de-regalos-irresistibles-para-mujeres	0	71	0	7.52
regalos para mujeres jovenes	https://es.robotoys.eu/blog/7-ideas-de-regalos-irresistibles-para-mujeres	0	3	0	8.33
regalos para mujeres originales	https://es.robotoys.eu/blog/7-ideas-de-regalos-irresistibles-para-mujeres	0	1	0	7
regalos para un hombre que lo tiene todo	https://es.robotoys.eu/blog/un-regalo-para-el-hombre-que-ya-lo-tiene-todo-24-consejos-originales-que-realmente-lo-sorprenderan	0	1	0	51
regalos para un hombre que tiene de todo	https://es.robotoys.eu/blog/un-regalo-para-el-hombre-que-ya-lo-tiene-todo-24-consejos-originales-que-realmente-lo-sorprenderan	0	2	0	51
regalos que derriten a una mujer	https://es.robotoys.eu/blog/7-ideas-de-regalos-irresistibles-para-mujeres	0	2	0	86.5
relogio coruja	https://pt.robotoys.eu/quebra-cabeca-3d-de-madeira/relogios-calendarios/relogio-coruja-rokr-lk503-p6	0	1	0	1
reloj buho	https://es.robotoys.eu/rompecabezas-3d-de-madera/relojes-y-calendarios/reloj-buho-rokr-lk503-p6	0	2	0	8
reloj cuco madera	https://es.robotoys.eu/rompecabezas-3d-de-madera/relojes-y-calendarios/rompecabezas-mecanico-3d-de-madera-reloj-de-cuco-rokr-lc901c-p198	0	1	0	13
reloj de cuco para montar	https://es.robotoys.eu/rompecabezas-3d-de-madera/relojes-y-calendarios/rompecabezas-mecanico-3d-de-madera-reloj-de-cuco-rokr-lc901c-p198	0	5	0	13.2
reloj puzzle	https://es.robotoys.eu/rompecabezas-3d-de-madera/relojes-y-calendarios/reloj-de-pared-zodiac-rokr-lc601-p52	0	3	0	11.67
relojes de cuco	https://es.robotoys.eu/rompecabezas-3d-de-madera/relojes-y-calendarios/rompecabezas-mecanico-3d-de-madera-reloj-de-cuco-rokr-lc901c-p198	0	1	0	7
relvad	https://ee.robotoys.eu/puidust-3d-pusle/relvad	0	1	0	36
remember background	https://robotoys.eu/wooden-3d-puzzle/flowers/wooden-3d-puzzle-wooden-flower-basket-rowood-tw03h-p210	0	1	0	5
renovering af loftrum	https://dk.robotoys.eu/miniaturehuse/miniature-vaerelser/miniaturehus-doras-loftrum-rolife-dg12-p91	0	6	0	73.5
reood	https://pl.robotoys.eu/marki/rowood	0	1	0	7
replika ak 47 metal drewno	https://pl.robotoys.eu/drewniane-puzzle-3d/bronie/karabin-ak-47-rokr-lq901-p67	0	2	0	33
repülős puzzle	https://hu.robotoys.eu/fabol-keszult-3d-puzzle/jarmuvek/fa-3d-puzzle-repulogep-little-story-d016-p130	0	1	0	11
restaurant mini	https://robotoys.eu/miniature-houses/miniature-stores/miniature-house-restaurant-tipsy-rolife-dg167-p209	0	1	0	3
restaurant miniatures	https://fr.robotoys.eu/maisons-miniatures/boutiques-miniatures/maison-miniature-restaurant-tipsy-rolife-dg167-p209	0	9	0	4.78
retro puzzle	https://cz.robotoys.eu/drevene-3d-puzzle/stem-lab/drevene-3d-puzzle-retro-telefon-eco-wood-art-p156	0	1	0	17
retro telefon	https://ee.robotoys.eu/puidust-3d-pusle/stem-lab/puidust-3d-pusle-retro-telefon-eco-wood-art-p156	0	7	0	1.71
retro telefon	https://hr.robotoys.eu/drvena-3d-slagalica/stem-lab/drvena-3d-slagalica-retro-telefon-eco-wood-art-p156	0	2	0	2
retro telefon	https://si.robotoys.eu/lesena-3d-sestavljanka/stem-lab/lesena-3d-sestavljanka-retro-telefon-eco-wood-art-p156	0	2	0	2.5
retro wood art	https://pl.robotoys.eu/drewniane-puzzle-3d/stem-lab/drewniana-ukladanka-3d-telefon-retro-eco-wood-art-p156	0	2	0	6.5
retrobil	https://se.robotoys.eu/3d-pussel-i-tra/fordon/mekaniskt-3d-pussel-i-tra-retrobil-eco-wood-art-p157	0	1	0	3
retrotelefon	https://se.robotoys.eu/3d-pussel-i-tra/stem-lab/trapussel-i-3d-retrotelefon-eco-wood-art-p156	0	1	0	4
reviews	https://robotoys.eu/wooden-3d-puzzle/the-animals/wooden-3d-puzzle-stegosaurus-little-story-d010-p118	0	1	0	17
revolver m60	https://de.robotoys.eu/3d-puzzle-aus-holz/waffen/revolver-corsac-m60-rokr-lq401-p35	0	1	0	1
rex puzzle	https://pl.robotoys.eu/drewniane-puzzle-3d/zwierzeta/drewniane-puzzle-3d-t-rex-little-story-d006-p115	0	1	0	3
riesenrad holz	https://de.robotoys.eu/3d-puzzle-aus-holz/spieluhren/riesenrad-rolife-tgn01-p18	0	2	0	6
rincon de libros	https://es.robotoys.eu/casas-en-miniatura/rincon-de-libros	0	2	0	7
rincon entre libros	https://es.robotoys.eu/casas-en-miniatura/rincon-de-libros	0	1	0	6
ristluslaev	https://ee.robotoys.eu/puidust-3d-pusle/soidukid/puidust-3d-pusle-ristluslaev-rolife-tg306-p87	0	2	0	4.5
ro kr	https://robotoys.eu/the-best-rated-products-of-the-rokr-brand	0	1	0	7
ro life	https://cz.robotoys.eu/znacky/rolife	0	4	0	3.25
ro life	https://dk.robotoys.eu/maerker/rolife	0	10	0	5.1
ro life	https://hr.robotoys.eu/brendovi/rolife	0	1	0	5
ro life	https://pl.robotoys.eu/marki/rolife	0	3	0	4.33
ro life miniature	https://robotoys.eu/miniature-houses/books-nook/bookshelf-insert-flower-corner-rolife-tgb09-p108	0	1	0	5
ro life miniature	https://robotoys.eu/miniature-houses/books-nook/bookshelf-insert-sakura-wine-alley-rolife-tgb11-p164	0	1	0	5
ro wood	https://es.robotoys.eu/marcas/rowood	0	1	0	4
ro wood	https://fr.robotoys.eu/marques/rowood	0	4	0	5
ro wood	https://it.robotoys.eu/marche/rowood	0	2	0	3
ro wood	https://nl.robotoys.eu/merken/rowood	0	1	0	11
ro wood	https://robotoys.eu/brands/rowood	0	7	0	6.71
robbe models	https://robotoys.eu/	0	1	0	7
robetoy	https://nl.robotoys.eu/	0	10	0	60.3
robetoys	https://cz.robotoys.eu/	0	2	0	2
robetoys	https://nl.robotoys.eu/	0	1	0	8
robilife	https://robotoys.eu/brands/rolife	0	1	0	10
robo house	https://robotoys.eu/	0	1	0	4
robo puzzle	https://robotoys.eu/	0	3	0	7.33
robo time	https://bg.robotoys.eu/	0	2	0	7
robo toy	https://es.robotoys.eu/	0	1	0	42
robo toys	https://de.robotoys.eu/	0	19	0	5.16
robo toys	https://hu.robotoys.eu/	0	1	0	1
robo toys	https://hu.robotoys.eu/markak	0	1	0	5
robo toys	https://nl.robotoys.eu/	0	2	0	53.5
robo toys	https://robotoys.eu/	0	4	0	8.5
robocat toy	https://fr.robotoys.eu/	0	1	0	50
robolife srl	https://it.robotoys.eu/blog/rolife-la-bellezza-della-vita-lenta-e-della-creativita-fai-da-te	0	1	0	20
robopax	https://hu.robotoys.eu/markak	0	1	0	23
robot legno	https://it.robotoys.eu/	0	2	0	21
robot nutcracker	https://robotoys.eu/	0	1	0	10
robot nutcracker	https://robotoys.eu/wooden-3d-puzzle/clocks-calendars/wooden-mechanical-3d-puzzle-cuckoo-clock-rokr-lc901c-p198	0	1	0	10
robot nutcracker	https://robotoys.eu/wooden-3d-puzzle/music-boxes/music-box-magic-cello-rokr-amk63-p1	0	1	0	10
robot nutcracker	https://robotoys.eu/wooden-3d-puzzle/stem-lab/wooden-mechanical-3d-puzzle-dream-gift-factory-rokr-eab01-p202	0	1	0	10
robot toys	https://es.robotoys.eu/	0	2	0	44.5
robotic toys	https://es.robotoys.eu/	0	1	0	44
robotica toys	https://de.robotoys.eu/	0	1	0	34
robotics shop	https://es.robotoys.eu/	0	1	0	45
robotics toys	https://es.robotoys.eu/	0	1	0	51
robotik holz	https://de.robotoys.eu/	0	1	0	38
robotime	https://bg.robotoys.eu/	0	2	0	20.5
robotime	https://cz.robotoys.eu/	0	1	0	45
robotime	https://cz.robotoys.eu/drevene-3d-puzzle	0	1	0	38
robotime	https://cz.robotoys.eu/miniaturni-domecky/miniaturni-obchody/miniaturni-domek-alicin-obchod-s-cajem-rolife-dg156-p61	0	1	0	2
robotime	https://de.robotoys.eu/	0	30	0	41.87
robotime	https://dk.robotoys.eu/nyttige-links/om-virksomheden	0	1	0	46
robotime	https://dk.robotoys.eu/trae-3d-puslespil/arkitektur/traemekanisk-3d-puslespil-marmorbane-london-rokr-egb01-p264	0	1	0	21
robotime	https://hu.robotoys.eu/	0	5	0	11.4
robotime	https://it.robotoys.eu/	0	2	0	31
robotime	https://pl.robotoys.eu/	0	6	0	32.17
robotime	https://robotoys.eu/miniature-houses/miniature-stores/flower-shop-emily-rolife-dg145-p25	0	1	0	2
robotime	https://robotoys.eu/wooden-3d-puzzle/architecture/five-story-pagoda-rolife-tgn02-p45	0	2	0	58.5
robotime 1912 eternal atlantic voyager	https://de.robotoys.eu/3d-puzzle-aus-holz/fahrzeuge/3d-holzpuzzle-eternal-atlantic-voyager-1912-rolife-tgl02-p223	0	5	0	1
robotime 3d holzpuzzle	https://de.robotoys.eu/3d-puzzle-aus-holz	0	2	0	20.5
robotime 3d holzpuzzle segelschiff	https://it.robotoys.eu/puzzle-3d-in-legno/veicoli/modello-di-barca-a-vela-rolife-tg305-p21	0	1	0	1
robotime 3d pinball	https://cz.robotoys.eu/drevene-3d-puzzle/stem-lab/pinball-rokr-eg01-p43	0	2	0	8
robotime 3d puzzel	https://nl.robotoys.eu/houten-3d-puzzel/voertuigen/houten-3d-puzzel-locomotief-little-story-e012-p124	0	5	0	8.2
robotime 3d puzzle	https://de.robotoys.eu/	0	2	0	30.5
robotime 3d puzzle	https://de.robotoys.eu/3d-puzzle-aus-holz	0	5	0	23.8
robotime 3d puzzle	https://es.robotoys.eu/rompecabezas-3d-de-madera	0	3	0	22
robotime 3d puzzle	https://it.robotoys.eu/	0	1	0	22
robotime 3d puzzle	https://robotoys.eu/	0	6	0	18
robotime 3d puzzles	https://cz.robotoys.eu/drevene-3d-puzzle	0	1	0	3
robotime 3d puzzles	https://robotoys.eu/	0	1	0	35
robotime 3d wooden puzzle	https://cz.robotoys.eu/drevene-3d-puzzle	0	1	0	2
robotime 3d wooden puzzle	https://robotoys.eu/	0	2	0	29
robotime auto	https://cz.robotoys.eu/drevene-3d-puzzle/vozidla/vintage-auto-rokr-mc801-p72	0	1	0	50
robotime bausatz gear ball challenge	https://robotoys.eu/wooden-3d-puzzle/stem-lab/wooden-mechanical-3d-puzzle-gear-ball-challenge-rokr-egc01-p213	0	1	0	18
robotime bg	https://bg.robotoys.eu/polezny-vrzky/za-kompanyiata/za-nas	0	1	0	27
robotime book nook library of wonders tgb16	https://de.robotoys.eu/miniaturhauser/bucher-ecke/bucherregaleinsatz-bibliothek-der-wunder-rolife-tgb16-p226	0	1	0	8
robotime chocolate factory	https://se.robotoys.eu/3d-pussel-i-tra/stem-lab/tramekaniskt-3d-pussel-chokladfabrik-rokr-lga02-p75	0	1	0	7
robotime classic printing press	https://nl.robotoys.eu/houten-3d-puzzel/stem-lab/houten-mechanische-3d-puzzel-klassieke-printer-rokr-lk602-p90	0	2	0	1
robotime coche vintage	https://es.robotoys.eu/rompecabezas-3d-de-madera/vehiculos/modelo-veterano-rolife-tg504-p53	0	39	0	2.69
robotime detective agency	https://de.robotoys.eu/miniaturhauser/miniaturraume/moses-detektivburo-rolife-dg157-p24	0	1	0	29
robotime deutschland	https://de.robotoys.eu/	0	5	0	32
robotime domek	https://pl.robotoys.eu/drewniane-puzzle-3d/architektura/drewniana-ukladanka-3d-mini-domek-gorski-w-ksztalcie-litery-a-rolife-dg181-p227	0	16	0	22.44
robotime dora's loft	https://de.robotoys.eu/miniaturhauser/miniaturraume/miniaturhaus-doras-dachboden-rolife-dg12-p91	0	1	0	1
robotime draaimolen	https://nl.robotoys.eu/houten-3d-puzzel/muziekdoosjes/houten-mechanische-3d-puzzel-klassieke-carrousel-rolife-amc01-p146	0	1	0	43
robotime dream gift factory	https://de.robotoys.eu/3d-puzzle-aus-holz/stem-lab/mechanisches-3d-puzzle-aus-holz-traumgeschenkfabrik-rokr-eab01-p202	0	1	0	56
robotime dream gift factory	https://it.robotoys.eu/puzzle-3d-in-legno/stem-lab/puzzle-meccanico-3d-in-legno-fabbrica-dei-regali-dei-sogni-rokr-eab01-p202	0	1	0	7
robotime dump truck	https://de.robotoys.eu/3d-puzzle-aus-holz/fahrzeuge/muldenkipper-modell-rokr-tg603k-p34	0	1	0	1
robotime dump truck	https://nl.robotoys.eu/houten-3d-puzzel/voertuigen/kiepwagen-model-rokr-tg603k-p34	0	1	0	1
robotime dump truck	https://pt.robotoys.eu/quebra-cabeca-3d-de-madeira/veiculos/modelo-de-caminhao-basculante-rokr-tg603k-p34	0	1	0	1
robotime erfahrungen	https://de.robotoys.eu/	0	2	0	17.5
robotime españa	https://es.robotoys.eu/	0	1	0	28
robotime eu	https://bg.robotoys.eu/	0	9	0	6
robotime eu	https://cz.robotoys.eu/	0	1	0	7
robotime eu	https://es.robotoys.eu/	0	1	0	8
robotime eu	https://es.robotoys.eu/enlaces-utiles/acerca-de-la-compania/sobre-nosotros	0	1	0	24
robotime eu	https://hu.robotoys.eu/	0	7	0	4.29
robotime eu	https://it.robotoys.eu/	0	2	0	8.5
robotime eu	https://lt.robotoys.eu/	0	2	0	6
robotime eu	https://pt.robotoys.eu/	0	1	0	7
robotime eu	https://robotoys.eu/	0	7	0	7.14
robotime europe	https://it.robotoys.eu/	0	5	0	8
robotime europe	https://robotoys.eu/	0	46	0	8.41
robotime europe ltd	https://robotoys.eu/	0	9	0	9.22
robotime flipperkast	https://nl.robotoys.eu/houten-3d-puzzel/stem-lab/flipperkast-rokr-eg01-p43	0	2	0	50.5
robotime globe	https://it.robotoys.eu/puzzle-3d-in-legno/luniverso/globo-luminoso-rokr-st003-p3	0	1	0	10
robotime globe	https://nl.robotoys.eu/houten-3d-puzzel/het-heelal/lichtgevende-wereldbol-rokr-st003-p3	0	2	0	44
robotime groothandel	https://nl.robotoys.eu/handige-links/over-bedrijf	0	5	0	45.8
robotime großhandel	https://de.robotoys.eu/	0	5	0	27
robotime kas	https://nl.robotoys.eu/miniatuur-huizen/miniatuurkamers/de-kas-van-mevrouw-cathy-rolife-dg104-p28	0	1	0	48
robotime kaufen	https://de.robotoys.eu/	0	17	0	35.65
robotime maqueta barco diplomático japonés	https://es.robotoys.eu/rompecabezas-3d-de-madera/vehiculos/rompecabezas-3d-de-madera-buque-diplomatico-japones-rolife-tg307-p199	0	39	0	2.69
robotime maqueta carruaje clasico	https://es.robotoys.eu/rompecabezas-3d-de-madera/vehiculos/puzzle-3d-de-madera-carro-real-rolife-tg302-p62	0	4	0	3.25
robotime maqueta reloj de buho	https://es.robotoys.eu/rompecabezas-3d-de-madera/relojes-y-calendarios/reloj-buho-rokr-lk503-p6	0	8	0	3.25
robotime maqueta starry night	https://es.robotoys.eu/rompecabezas-3d-de-madera/cajas-de-musica/caja-de-musica-noche-estrellada-rokr-amk51-p11	0	34	0	2.24
robotime maqueta sujetalibros time travel	https://es.robotoys.eu/casas-en-miniatura/rincon-de-libros/time-travel-rolife-tgb04-p60	0	1	0	1
robotime maqueta torre eiffel	https://es.robotoys.eu/rompecabezas-3d-de-madera/arquitectura/maqueta-de-la-torre-eiffel-rolife-tg501-p17	0	37	0	2.3
robotime marble city night	https://es.robotoys.eu/rompecabezas-3d-de-madera/stem-lab/marble-night-city-rokr-lga01-p2	0	17	0	1
robotime marble night city	https://pl.robotoys.eu/drewniane-puzzle-3d/stem-lab/marble-night-city-rokr-lga01-p2	0	2	0	4
robotime marble night city	https://robotoys.eu/wooden-3d-puzzle/stem-lab/marble-night-city-rokr-lga01-p2	0	2	0	40
robotime miller's garden	https://robotoys.eu/miniature-houses/miniature-rooms/mr-millers-garden-rolife-dg108-p23	0	1	0	8
robotime miller's garden diy	https://de.robotoys.eu/miniaturhauser/miniaturraume/mr-millers-garden-rolife-dg108-p23	0	5	0	1
robotime motocicleta	https://es.robotoys.eu/rompecabezas-3d-de-madera/vehiculos/moto-cruiser-rokr-lk504-p12	0	37	0	2.46
robotime orrery	https://nl.robotoys.eu/houten-3d-puzzel/het-heelal/zonnestelsel-rokr-st001-p71	0	1	0	45
robotime orrery	https://robotoys.eu/wooden-3d-puzzle/the-universe/solar-system-rokr-st001-p71	0	1	0	43
robotime padova	https://it.robotoys.eu/link-utili/circa-la-societa/chi-siamo	0	10	0	5.4
robotime piano	https://nl.robotoys.eu/houten-3d-puzzel/muziekinstrumenten/magische-piano-rokr-amk81-p70	0	1	0	48
robotime printing press	https://nl.robotoys.eu/houten-3d-puzzel/stem-lab/houten-mechanische-3d-puzzel-klassieke-printer-rokr-lk602-p90	0	1	0	54
robotime puzzle	https://cz.robotoys.eu/drevene-3d-puzzle	0	1	0	1
robotime puzzle 3d	https://cz.robotoys.eu/drevene-3d-puzzle	0	4	0	50.5
robotime puzzle 3d	https://es.robotoys.eu/rompecabezas-3d-de-madera	0	4	0	10.5
robotime puzzle 3d horloge hibou	https://fr.robotoys.eu/casse-tete-3d-en-bois/horloges-et-calendriers/chouette-horloge-rokr-lk503-p6	0	8	0	1
robotime puzzle 3d in legno	https://it.robotoys.eu/puzzle-3d-in-legno/fiori/puzzle-3d-in-legno-girasole-dorato-rowood-th002-p193	0	1	0	1
robotime puzzle 3d in legno	https://it.robotoys.eu/puzzle-3d-in-legno/veicoli/modello-di-barca-a-vela-rolife-tg305-p21	0	6	0	1
robotime puzzle 3d in legno stazione sakura	https://it.robotoys.eu/puzzle-3d-in-legno/veicoli/puzzle-3d-in-legno-sakura-journey-rolife-tgs02-p105	0	12	0	1
robotime puzzle 3d motorrad cruiser	https://de.robotoys.eu/3d-puzzle-aus-holz/fahrzeuge/motorrad-cruiser-rokr-lk504-p12	0	15	0	1.8
robotime puzzle 3d telescopio monocular	https://es.robotoys.eu/rompecabezas-3d-de-madera/el-universo/telescopio-monocular-rokr-st004-p8	0	32	0	2.62
robotime rokr	https://de.robotoys.eu/3d-puzzle-aus-holz/stem-lab/flipper-rokr-eg01-p43	0	2	0	57
robotime rokr	https://es.robotoys.eu/rompecabezas-3d-de-madera/relojes-y-calendarios/reloj-de-pared-romantico-rokr-lc701-p56	0	1	0	33
robotime rolife	https://es.robotoys.eu/marcas/rolife	0	2	0	11.5
robotime rolife	https://pl.robotoys.eu/marki/rolife	0	1	0	7
robotime rolife	https://robotoys.eu/miniature-houses/books-nook/bookshelf-insert-fairytale-theme-park-rolife-tgb17-p257	0	1	0	9
robotime sakura	https://pl.robotoys.eu/miniaturowe-domki/kacik-ksiazek/sakura-densya-rolife-tgb01-p29	0	1	0	10
robotime sakura densya book nook	https://robotoys.eu/miniature-houses/books-nook/sakura-densya-rolife-tgb01-p29	0	2	0	8
robotime sakura dreamy tour	https://pl.robotoys.eu/drewniane-puzzle-3d/pozytywki/drewniana-mechaniczna-ukladanka-3d-sakura-dreamy-tour-rolife-amt02-p219	0	1	0	1
robotime starry night	https://nl.robotoys.eu/houten-3d-puzzel/muziekdoosjes/muziekdoos-sterrennacht-rokr-amk51-p11	0	2	0	34
robotime tipsy restaurant	https://de.robotoys.eu/miniaturhauser/miniaturladen/miniaturhaus-restaurant-tipsy-rolife-dg167-p209	0	3	0	1
robotime uk	https://robotoys.eu/	0	2	0	43.5
robotime violin	https://pt.robotoys.eu/quebra-cabeca-3d-de-madeira/instrumentos-musicais/violino-capriccio-rokr-tg604k-p66	0	1	0	1
robotime wereldbol	https://nl.robotoys.eu/houten-3d-puzzel/het-heelal/lichtgevende-wereldbol-rokr-st003-p3	0	3	0	19.33
robotime wholesale	https://de.robotoys.eu/	0	1	0	49
robotime wholesale	https://robotoys.eu/	0	5	0	27.4
robotime wholesale	https://robotoys.eu/useful-links/about-company/wholesale	0	1	0	29
robotime wooden bloom box	https://pl.robotoys.eu/drewniane-puzzle-3d/kwiaty/drewniana-ukladanka-3d-drewniana-skrzynka-na-kwiaty-rowood-tw02h-p162	0	1	0	1
robotime wooden puzzle	https://robotoys.eu/	0	1	0	32
robotime zonnestelsel	https://nl.robotoys.eu/houten-3d-puzzel/het-heelal/zonnestelsel-rokr-st001-p71	0	5	0	34.2
robotime-eu	https://cz.robotoys.eu/	0	1	0	10
robotime-eu	https://de.robotoys.eu/	0	1	0	10
robotime-eu	https://dk.robotoys.eu/	0	1	0	10
robotime-eu	https://es.robotoys.eu/	0	1	0	6
robotime-eu	https://hu.robotoys.eu/	0	2	0	7.5
robotime-eu	https://robotoys.eu/	0	5	0	7.6
robotime-eu.com	https://robotoys.eu/	0	8	0	6.88
robotimes	https://robotoys.eu/	0	1	0	27
robotines villajoyosa	https://es.robotoys.eu/	0	1	0	54
robotoolz	https://robotoys.eu/miniature-houses/books-nook/bookshelf-insert-flower-corner-rolife-tgb09-p108	0	3	0	7.33
robotoy	https://cz.robotoys.eu/	0	3	0	1
robotoy	https://cz.robotoys.eu/uzitecne-odkazy/o-spolecnosti	0	1	0	6
robotoy	https://de.robotoys.eu/	0	1	0	1
robotoy	https://dk.robotoys.eu/nyttige-links/om-virksomheden/om-os	0	1	0	6
robotoy	https://es.robotoys.eu/	0	3	0	4.33
robotoy	https://fr.robotoys.eu/blog	0	1	0	10
robotoy	https://fr.robotoys.eu/liens-utiles/a-propos-de-la-societe	0	1	0	1
robotoy	https://pl.robotoys.eu/przydatne-linki/wszystko-o-zakupach	0	1	0	10
robotoy	https://pt.robotoys.eu/	0	2	0	2
robotoy	https://robotoys.eu/useful-links/about-company	0	1	0	8
robotoy base	https://robotoys.eu/wooden-3d-puzzle/the-universe/luminous-globe-rokr-st003-p3	0	1	0	30
robotoya	https://cz.robotoys.eu/	0	1	0	1
robotoya	https://cz.robotoys.eu/znacky/eco-wood-art	0	1	0	3
robotoys	https://bg.robotoys.eu/	0	2	0	1
robotoys	https://bg.robotoys.eu/polezny-vrzky/vsychko-za-pazaruvaneto	0	1	0	1
robotoys	https://bg.robotoys.eu/polezny-vrzky/za-kompanyiata	0	3	0	1
robotoys	https://cz.robotoys.eu/drevene-3d-puzzle	0	58	0	1
robotoys	https://cz.robotoys.eu/drevene-3d-puzzle/hodiny-kalendare	0	3	0	1
robotoys	https://cz.robotoys.eu/drevene-3d-puzzle/vozidla	0	20	0	1
robotoys	https://cz.robotoys.eu/drevene-3d-puzzle/vozidla?page=2	0	9	0	1
robotoys	https://cz.robotoys.eu/napady-na-darky	0	67	0	2.15
robotoys	https://cz.robotoys.eu/nejlevnejsi-drevene-3d-puzzle?page=4	0	5	0	1
robotoys	https://cz.robotoys.eu/nejnovejsi-drevene-3d-puzzle	0	61	0	1.18
robotoys	https://cz.robotoys.eu/nejprodavanejsi-drevene-3d-puzzle	0	16	0	5.56
robotoys	https://cz.robotoys.eu/uzitecne-odkazy	0	9	0	7.44
robotoys	https://cz.robotoys.eu/uzitecne-odkazy/o-spolecnosti	0	1	0	1
robotoys	https://cz.robotoys.eu/uzitecne-odkazy/o-spolecnosti/kontakt	0	48	0	1
robotoys	https://cz.robotoys.eu/uzitecne-odkazy/o-spolecnosti/o-nas	0	3	0	3
robotoys	https://cz.robotoys.eu/uzitecne-odkazy/o-spolecnosti/velkoobchod	0	3	0	1
robotoys	https://cz.robotoys.eu/uzitecne-odkazy/vse-o-nakupu	0	2	0	1
robotoys	https://cz.robotoys.eu/znacky	0	40	0	1
robotoys	https://cz.robotoys.eu/znacky/eco-wood-art	0	12	0	1
robotoys	https://cz.robotoys.eu/znacky/rowood	0	10	0	1
robotoys	https://cz.robotoys.eu/znacky?page=4	0	8	0	1
robotoys	https://de.robotoys.eu/3d-puzzle-aus-holz-mehr-als-300-teile	0	2	0	1
robotoys	https://de.robotoys.eu/bloggen	0	2	0	1
robotoys	https://de.robotoys.eu/geschenkideen	0	11	0	1
robotoys	https://de.robotoys.eu/geschenkideen/geburtstagsgeschenke	0	5	0	1
robotoys	https://de.robotoys.eu/geschenkideen/geschenke-fur-ihn	0	10	0	1
robotoys	https://de.robotoys.eu/geschenkideen/geschenke-fur-kinder	0	9	0	1
robotoys	https://de.robotoys.eu/geschenkideen/geschenke-fur-sie	0	1	0	1
robotoys	https://de.robotoys.eu/marken	0	7	0	1
robotoys	https://de.robotoys.eu/nutzliche-links/alles-rund-ums-einkaufen	0	1	0	4
robotoys	https://de.robotoys.eu/nutzliche-links/haufig-gestellte-fragen	0	1	0	8
robotoys	https://de.robotoys.eu/nutzliche-links/uber-das-unternehmen	0	3	0	1
robotoys	https://de.robotoys.eu/nutzliche-links/uber-das-unternehmen/grosshandel	0	2	0	1
robotoys	https://de.robotoys.eu/nutzliche-links/uber-das-unternehmen/uber-uns	0	3	0	1
robotoys	https://dk.robotoys.eu/gaveideer	0	6	0	1
robotoys	https://dk.robotoys.eu/gaveideer/fodselsdagsgaver	0	1	0	1
robotoys	https://dk.robotoys.eu/gaveideer/gaver-til-born	0	3	0	1
robotoys	https://dk.robotoys.eu/gaveideer/gaver-til-ham	0	4	0	1
robotoys	https://dk.robotoys.eu/maerker	0	6	0	1
robotoys	https://dk.robotoys.eu/nyttige-links/om-virksomheden	0	2	0	1
robotoys	https://dk.robotoys.eu/nyttige-links/om-virksomheden/om-os	0	5	0	1
robotoys	https://ee.robotoys.eu/	0	10	0	8.4
robotoys	https://es.robotoys.eu/concurso-de-rompecabezas/ambulancia-eco-wood-art-203	0	1	0	1
robotoys	https://es.robotoys.eu/enlaces-utiles/acerca-de-la-compania	0	8	0	1
robotoys	https://es.robotoys.eu/enlaces-utiles/acerca-de-la-compania/contacto	0	2	0	1
robotoys	https://es.robotoys.eu/enlaces-utiles/acerca-de-la-compania/sobre-nosotros	0	18	0	1
robotoys	https://es.robotoys.eu/enlaces-utiles/acerca-de-la-compania/venta-al-por-mayor	0	7	0	1
robotoys	https://es.robotoys.eu/ideas-de-regalo	0	10	0	1
robotoys	https://es.robotoys.eu/ideas-de-regalo/regalos-de-cumpleanos	0	2	0	1
robotoys	https://es.robotoys.eu/ideas-de-regalo/regalos-para-el	0	10	0	1
robotoys	https://es.robotoys.eu/ideas-de-regalo/regalos-para-ninos	0	4	0	1
robotoys	https://es.robotoys.eu/marcas	0	18	0	1
robotoys	https://es.robotoys.eu/rompecabezas-3d-de-madera/el-universo	0	2	0	1
robotoys	https://fr.robotoys.eu/blog	0	10	0	7.5
robotoys	https://fr.robotoys.eu/blog/petite-histoire-des-kits-de-construction-3d-qui-allient-creativite-plaisir-et-qualite	0	1	0	1
robotoys	https://fr.robotoys.eu/blog/puzzles-3d-en-bois-comment-choisir-son-premier-kit-de-construction-et-que-faut-il-preparer	0	8	0	1
robotoys	https://fr.robotoys.eu/casse-tete-3d-en-bois/lunivers	0	2	0	1
robotoys	https://fr.robotoys.eu/idees-de-cadeau/cadeaux-danniversaire	0	6	0	1
robotoys	https://fr.robotoys.eu/idees-de-cadeau/cadeaux-pour-enfants	0	6	0	1
robotoys	https://fr.robotoys.eu/liens-utiles/a-propos-de-la-societe	0	8	0	2
robotoys	https://fr.robotoys.eu/liens-utiles/a-propos-de-la-societe/contact	0	2	0	1
robotoys	https://fr.robotoys.eu/liens-utiles/a-propos-de-la-societe/de-gros	0	4	0	1
robotoys	https://fr.robotoys.eu/liens-utiles/tout-sur-les-achats	0	2	0	5.5
robotoys	https://fr.robotoys.eu/marques	0	5	0	1
robotoys	https://fr.robotoys.eu/marques/little-story	0	4	0	1
robotoys	https://gr.robotoys.eu/diagonismos-pazl/tselo-rolife-tg411-85	0	1	0	52
robotoys	https://gr.robotoys.eu/pwlhsh-mikrwn-spitiwn	0	6	0	1
robotoys	https://gr.robotoys.eu/xrhsimoi-syndesmoi/ola-gia-pswnia	0	3	0	1.33
robotoys	https://gr.robotoys.eu/xrhsimoi-syndesmoi/sxetika-me-thn-etaireia	0	19	0	8.89
robotoys	https://gr.robotoys.eu/xrhsimoi-syndesmoi/sxetika-me-thn-etaireia/epikoinwnia	0	19	0	14.21
robotoys	https://gr.robotoys.eu/xrhsimoi-syndesmoi/sxetika-me-thn-etaireia/sxetika-me-emas	0	9	0	24.11
robotoys	https://gr.robotoys.eu/xrhsimoi-syndesmoi/syxnes-erwthseis	0	1	0	10
robotoys	https://hr.robotoys.eu/	0	5	0	8.8
robotoys	https://hu.robotoys.eu/	0	6	0	6
robotoys	https://hu.robotoys.eu/blog	0	1	0	1
robotoys	https://hu.robotoys.eu/hasznos-linkek	0	3	0	1
robotoys	https://hu.robotoys.eu/hasznos-linkek/gyakran-ismetelt-kerdesek/rendeles-szallitas	0	8	0	1
robotoys	https://hu.robotoys.eu/hasznos-linkek/minden-a-vasarlasrol	0	11	0	1
robotoys	https://hu.robotoys.eu/hasznos-linkek/tarsasagrol	0	7	0	1
robotoys	https://hu.robotoys.eu/hasznos-linkek/tarsasagrol/nagyker	0	1	0	1
robotoys	https://hu.robotoys.eu/markak	0	10	0	1
robotoys	https://it.robotoys.eu/idee-regalo	0	7	0	1
robotoys	https://it.robotoys.eu/idee-regalo/regali-di-compleanno	0	3	0	1
robotoys	https://it.robotoys.eu/idee-regalo/regali-per-bambini	0	2	0	1
robotoys	https://it.robotoys.eu/idee-regalo/regali-per-lei	0	3	0	1
robotoys	https://it.robotoys.eu/idee-regalo/regali-per-lui	0	2	0	1
robotoys	https://it.robotoys.eu/link-utili/circa-la-societa/chi-siamo	0	9	0	3.22
robotoys	https://it.robotoys.eu/link-utili/circa-la-societa/vendita-allingrosso	0	6	0	2.83
robotoys	https://it.robotoys.eu/marche	0	7	0	1
robotoys	https://it.robotoys.eu/puzzle-3d-in-legno/luniverso	0	4	0	1
robotoys	https://nl.robotoys.eu/cadeau-ideeen	0	8	0	1
robotoys	https://nl.robotoys.eu/cadeau-ideeen/cadeaus-voor-kinderen	0	5	0	1
robotoys	https://nl.robotoys.eu/cadeau-ideeen/verjaardag-cadeaus	0	4	0	1
robotoys	https://nl.robotoys.eu/handige-links/alles-over-winkelen	0	6	0	1
robotoys	https://nl.robotoys.eu/handige-links/over-bedrijf	0	11	0	1
robotoys	https://nl.robotoys.eu/handige-links/over-bedrijf/contact	0	8	0	1.62
robotoys	https://nl.robotoys.eu/handige-links/over-bedrijf/groothandel	0	14	0	1
robotoys	https://nl.robotoys.eu/handige-links/veel-gestelde-vragen	0	4	0	2.5
robotoys	https://nl.robotoys.eu/merken	0	6	0	1
robotoys	https://pl.robotoys.eu/drewniane-puzzle-3d-od-150-do-199-szt	0	2	0	1
robotoys	https://pl.robotoys.eu/drewniane-puzzle-3d/pojazdy	0	2	0	1
robotoys	https://pl.robotoys.eu/drewniane-puzzle-3d/wszechswiat	0	1	0	1
robotoys	https://pl.robotoys.eu/marki	0	1	0	1
robotoys	https://pl.robotoys.eu/marki/rowood	0	1	0	1
robotoys	https://pl.robotoys.eu/pomysly-na-prezent	0	5	0	1
robotoys	https://pl.robotoys.eu/przydatne-linki	0	4	0	6.75
robotoys	https://pl.robotoys.eu/przydatne-linki/czesto-zadawane-pytania/dostawa-zamowienia	0	1	0	1
robotoys	https://pl.robotoys.eu/przydatne-linki/o-firmie	0	1	0	10
robotoys	https://pl.robotoys.eu/przydatne-linki/o-firmie/hurt	0	2	0	1
robotoys	https://pl.robotoys.eu/przydatne-linki/o-firmie/kontakt	0	2	0	1
robotoys	https://pl.robotoys.eu/przydatne-linki/o-firmie/o-nas	0	2	0	1
robotoys	https://pl.robotoys.eu/przydatne-linki/wszystko-o-zakupach	0	7	0	3.43
robotoys	https://pt.robotoys.eu/ideias-de-presentes	0	3	0	1
robotoys	https://pt.robotoys.eu/ideias-de-presentes/presentes-de-aniversario	0	3	0	1
robotoys	https://pt.robotoys.eu/ideias-de-presentes/presentes-para-ela	0	3	0	1
robotoys	https://pt.robotoys.eu/ideias-de-presentes/presentes-para-ele	0	3	0	1
robotoys	https://pt.robotoys.eu/links-uteis/perguntas-frequentes	0	1	0	1
robotoys	https://pt.robotoys.eu/links-uteis/sobre-companhia	0	6	0	4.83
robotoys	https://pt.robotoys.eu/links-uteis/sobre-companhia/atacado	0	3	0	1
robotoys	https://pt.robotoys.eu/links-uteis/sobre-companhia/contato	0	3	0	1
robotoys	https://pt.robotoys.eu/links-uteis/tudo-sobre-compras	0	3	0	1
robotoys	https://pt.robotoys.eu/marcas	0	5	0	1
robotoys	https://pt.robotoys.eu/quebra-cabeca-3d-de-madeira/armas	0	3	0	1
robotoys	https://pt.robotoys.eu/quebra-cabeca-3d-de-madeira/o-universo	0	2	0	1
robotoys	https://robotoys.eu/blog	0	12	0	3.17
robotoys	https://robotoys.eu/brands	0	2	0	1
robotoys	https://robotoys.eu/gift-ideas	0	21	0	1
robotoys	https://robotoys.eu/gift-ideas-sale	0	1	0	8
robotoys	https://robotoys.eu/gift-ideas/birthday-gifts	0	3	0	1
robotoys	https://robotoys.eu/gift-ideas/gifts-for-him	0	1	0	1
robotoys	https://robotoys.eu/miniature-houses/miniature-rooms	0	8	0	1
robotoys	https://robotoys.eu/useful-links/about-company/about-us	0	32	0	9.44
robotoys	https://robotoys.eu/useful-links/about-company/contact	0	15	0	14.73
robotoys	https://robotoys.eu/useful-links/about-company/wholesale	0	30	0	15.9
robotoys	https://robotoys.eu/useful-links/all-about-shopping	0	24	0	30.88
robotoys	https://robotoys.eu/useful-links/frequently-asked-questions/returns-refunds	0	66	0	5.53
robotoys	https://robotoys.eu/wooden-3d-puzzle/the-universe	0	1	0	1
robotoys	https://se.robotoys.eu/anvandbara-lankar/allt-om-shopping	0	2	0	1
robotoys	https://se.robotoys.eu/anvandbara-lankar/om-foretag	0	2	0	1
robotoys	https://se.robotoys.eu/anvandbara-lankar/om-foretag/grossist	0	1	0	1
robotoys	https://se.robotoys.eu/anvandbara-lankar/vanliga-fragor	0	1	0	1
robotoys	https://se.robotoys.eu/anvandbara-lankar/vanliga-fragor/returer-aterbetalningar	0	1	0	1
robotoys	https://se.robotoys.eu/marken	0	2	0	1
robotoys	https://se.robotoys.eu/marken/eco-wood-art	0	1	0	1
robotoys	https://se.robotoys.eu/marken?page=4	0	1	0	1
robotoys	https://se.robotoys.eu/present-ideer	0	3	0	1
robotoys	https://se.robotoys.eu/present-ideer/fodelsedagspresenter	0	1	0	1
robotoys	https://se.robotoys.eu/presenter-for-dekoration-till-forsaljning	0	1	0	1
robotoys	https://si.robotoys.eu/uporabne-povezave/o-podjetju	0	1	0	1
robotoys	https://si.robotoys.eu/uporabne-povezave/o-podjetju/kontakt	0	1	0	1
robotoys	https://si.robotoys.eu/uporabne-povezave/o-podjetju/o-nas	0	2	0	1
robotoys	https://si.robotoys.eu/uporabne-povezave/o-podjetju/trgovina-na-debelo	0	1	0	1
robotoys	https://si.robotoys.eu/uporabne-povezave/vse-o-nakupovanju	0	1	0	1
robotoys official website	https://robotoys.eu/	0	4	0	2
robotoys official website	https://robotoys.eu/useful-links/about-company	0	3	0	6
robotoys official website	https://robotoys.eu/useful-links/all-about-shopping	0	2	0	8
robotoys sk	https://cz.robotoys.eu/	0	1	0	4
robotoys sk	https://cz.robotoys.eu/blog	0	1	0	6
robotoys sk	https://cz.robotoys.eu/drevene-3d-puzzle	0	9	0	5.44
robotoys sk	https://cz.robotoys.eu/nejlevnejsi-drevene-3d-puzzle?page=4	0	1	0	5
robotoys sk	https://cz.robotoys.eu/nejnovejsi-drevene-3d-puzzle	0	2	0	6.5
robotoys sk	https://cz.robotoys.eu/nejprodavanejsi-drevene-3d-puzzle	0	1	0	7
robotoys sk	https://cz.robotoys.eu/uzitecne-odkazy	0	10	0	7
robotoys sk	https://cz.robotoys.eu/vyprodej-3d-drevenych-puzzle	0	1	0	7
robotoys sk	https://cz.robotoys.eu/znacky	0	1	0	2
robotoyz	https://es.robotoys.eu/	0	1	0	5
robotoyz	https://nl.robotoys.eu/	0	1	0	2
robotszu	https://de.robotoys.eu/	0	2	0	46.5
robotszu	https://es.robotoys.eu/	0	1	0	49
robotszu	https://nl.robotoys.eu/	0	1	0	58
robotys	https://cz.robotoys.eu/	0	2	0	2
robotys	https://cz.robotoys.eu/uzitecne-odkazy/o-spolecnosti/o-nas	0	3	0	7
robotys	https://fr.robotoys.eu/	0	2	0	8
robovision ltd	https://robotoys.eu/useful-links/about-company	0	1	0	59
robowood	https://es.robotoys.eu/marcas/rowood	0	1	0	3
robowood	https://robotoys.eu/brands/rowood	0	1	0	10
robtoys	https://es.robotoys.eu/	0	1	0	65
robtoys	https://fr.robotoys.eu/	0	4	0	1.5
robtoys	https://nl.robotoys.eu/	0	1	0	5
robtoys	https://pt.robotoys.eu/links-uteis/sobre-companhia	0	1	0	7
robtoys	https://robotoys.eu/useful-links/about-company	0	2	0	50
rock robotic	https://robotoys.eu/wooden-3d-puzzle/architecture/wooden-mechanical-3d-puzzle-marble-track-london-rokr-egb01-p264	0	1	0	2
rocker puzzle	https://robotoys.eu/brands/rokr	0	1	0	7
rocker puzzles	https://robotoys.eu/brands/rokr	0	2	0	8.5
rockr	https://es.robotoys.eu/blog/rokr-tu-entrada-al-mundo-de-la-creatividad-y-el-entretenimiento	0	1	0	65
rockr	https://es.robotoys.eu/marcas/rokr	0	1	0	31
rockr puzzle	https://es.robotoys.eu/marcas/rokr	0	1	0	3
rockr puzzle	https://pl.robotoys.eu/drewniane-puzzle-3d/stem-lab/pinball-rokr-eg01-p43	0	1	0	10
rockr puzzle	https://pl.robotoys.eu/marki/rokr	0	1	0	1
rockr puzzle	https://pl.robotoys.eu/najlepiej-oceniane-produkty-marki-rokr	0	1	0	6
rodatoys	https://es.robotoys.eu/	0	1	0	36
rode anjer	https://nl.robotoys.eu/houten-3d-puzzel/bloemen/houten-3d-puzzel-rode-anjer-rowood-tw052-p112	0	1	0	11
rode raceauto	https://nl.robotoys.eu/houten-3d-puzzel/voertuigen/houten-mechanische-3d-puzzel-rode-raceauto-eco-wood-art-p152	0	2	0	1
roewood	https://robotoys.eu/brands/rowood	0	1	0	4
rofile	https://it.robotoys.eu/marche/rolife	0	4	0	5.5
roflie	https://es.robotoys.eu/marcas/rolife	0	1	0	6
roflife	https://es.robotoys.eu/marcas/rolife	0	2	0	7
roflife	https://pl.robotoys.eu/marki/rolife	0	1	0	2
roglife	https://dk.robotoys.eu/rolife-maerkeprodukter-til-salg	0	1	0	3
roglife	https://lv.robotoys.eu/zimoli/rolife	0	1	0	4
rohlife	https://es.robotoys.eu/marcas/rolife	0	1	0	11
rohood	https://fr.robotoys.eu/marques/rowood	0	1	0	9
roife	https://pl.robotoys.eu/marki/rolife	0	1	0	4
roilife	https://es.robotoys.eu/marcas/rolife	0	1	0	7
roilife	https://it.robotoys.eu/marche/rolife	0	1	0	3
roivoli	https://robotoys.eu/brands/rolife	0	1	0	60
roivoli	https://se.robotoys.eu/marken/rolife	0	1	0	39
rok box	https://robotoys.eu/wooden-3d-puzzle/music-boxes/music-box-magic-cello-rokr-amk63-p1	0	1	0	22
rok r	https://it.robotoys.eu/marche/rokr	0	1	0	6
rok r	https://si.robotoys.eu/blagovne-znamke/rokr	0	1	0	8
rokar	https://robotoys.eu/brands/rokr	0	1	0	78
roker	https://es.robotoys.eu/blog/rokr-tu-entrada-al-mundo-de-la-creatividad-y-el-entretenimiento	0	1	0	59
rokife	https://it.robotoys.eu/marche/rolife	0	1	0	4
rokkr puzzle	https://es.robotoys.eu/marcas/rokr	0	2	0	10.5
rokkr puzzle	https://it.robotoys.eu/marche/rokr	0	1	0	9
roklr	https://robotoys.eu/brands/rokr	0	1	0	8
rokor	https://robotoys.eu/blog/rokr-your-entry-into-the-world-of-creativity-and-entertainment	0	2	0	45.5
rokorokubi	https://hu.robotoys.eu/markak/rokr	0	12	0	17.83
rokr	https://bg.robotoys.eu/prodazhba-na-produkty-s-marka-rokr	0	1	0	5
rokr	https://cz.robotoys.eu/blog/rokr-vas-vstup-do-sveta-kreativity-a-zabavy	0	9	0	9.67
rokr	https://cz.robotoys.eu/drevene-3d-puzzle/stem-lab/pinball-rokr-eg01-p43	0	1	0	63
rokr	https://cz.robotoys.eu/drevene-3d-puzzle/vozidla/drevene-3d-puzzle-rycek-rokr-tg508k-p197	0	1	0	7
rokr	https://cz.robotoys.eu/drevene-3d-puzzle/vozidla/vintage-auto-rokr-mc801-p72	0	2	0	8.5
rokr	https://cz.robotoys.eu/nejdrazsi-produkty-znacky-rokr	0	1	0	1
rokr	https://cz.robotoys.eu/nejnovejsi-produkty-znacky-rokr	0	2	0	1
rokr	https://cz.robotoys.eu/nejpopularnejsi-produkty-znacky-rokr	0	6	0	45.17
rokr	https://cz.robotoys.eu/nejprodavanejsi-produkty-znacky-rokr	0	3	0	1
rokr	https://cz.robotoys.eu/vyprodej-produktu-znacky-rokr	0	6	0	63.33
rokr	https://de.robotoys.eu/3d-puzzle-aus-holz/stem-lab/flipper-rokr-eg01-p43	0	45	0	36.71
rokr	https://de.robotoys.eu/bloggen/rokr-ihr-einstieg-in-die-welt-der-kreativitat-und-unterhaltung	0	18	0	23.94
rokr	https://de.robotoys.eu/marken/rokr	0	47	0	13.11
rokr	https://es.robotoys.eu/blog/rokr-tu-entrada-al-mundo-de-la-creatividad-y-el-entretenimiento	0	8	0	27.75
rokr	https://fr.robotoys.eu/blog/rokr-votre-entree-dans-le-monde-de-la-creativite-et-du-divertissement	0	30	0	12.27
rokr	https://fr.robotoys.eu/casse-tete-3d-en-bois/boites-a-musique/tourne-disque-electrique-rokr-lkb01d-p68	0	33	0	37.85
rokr	https://fr.robotoys.eu/casse-tete-3d-en-bois/stem-lab/pinball-rokr-eg01-p43	0	7	0	28.57
rokr	https://fr.robotoys.eu/marques/rokr	0	16	0	11.12
rokr	https://gr.robotoys.eu/markes/rokr	0	46	0	8.35
rokr	https://gr.robotoys.eu/ta-fthhnotera-proionta-ths-markas-rokr	0	2	0	8.5
rokr	https://gr.robotoys.eu/ta-teleytaia-proionta-ths-markas-rokr	0	2	0	8
rokr	https://hu.robotoys.eu/a-rokr-marka-legkeresettebb-termekei	0	1	0	34
rokr	https://hu.robotoys.eu/elado-rokr-markaju-termekek	0	4	0	12.75
rokr	https://it.robotoys.eu/blog/rokr-il-tuo-ingresso-nel-mondo-della-creativita-e-dellintrattenimento	0	24	0	7.5
rokr	https://it.robotoys.eu/prodotti-a-marchio-rokr-in-vendita	0	2	0	39.5
rokr	https://it.robotoys.eu/puzzle-3d-in-legno/orologi-calendari/orologio-gufo-rokr-lk503-p6	0	1	0	5
rokr	https://it.robotoys.eu/puzzle-3d-in-legno/stem-lab/marble-night-city-rokr-lga01-p2	0	1	0	2
rokr	https://it.robotoys.eu/puzzle-3d-in-legno/strumenti-musicali/pianoforte-magico-rokr-amk81-p70	0	1	0	4
rokr	https://it.robotoys.eu/puzzle-3d-in-legno/veicoli/modello-di-auto-grand-prix-rokr-mc401-p16	0	1	0	25
rokr	https://it.robotoys.eu/vendita-di-prodotti-a-marchio-rokr	0	1	0	6
rokr	https://nl.robotoys.eu/merken/rokr	0	48	0	20.77
rokr	https://pl.robotoys.eu/drewniane-puzzle-3d/bronie/drewniana-mechaniczna-ukladanka-3d-mini-pistolet-rokr-lq502-p147	0	7	0	9.71
rokr	https://pl.robotoys.eu/drewniane-puzzle-3d/pojazdy/drewniana-mechaniczna-ukladanka-3d-samochod-wyscigowy-rokr-lk505-p141	0	1	0	6
rokr	https://pl.robotoys.eu/drewniane-puzzle-3d/pojazdy/drewniane-mechaniczne-puzzle-3d-dylizans-rokr-amka1-p99	0	3	0	20
rokr	https://pl.robotoys.eu/drewniane-puzzle-3d/pojazdy/lokomotywa-rokr-lk701-p7	0	16	0	7.12
rokr	https://pl.robotoys.eu/drewniane-puzzle-3d/pojazdy/model-ciezarowki-rokr-mc502-p27	0	1	0	10
rokr	https://pl.robotoys.eu/drewniane-puzzle-3d/pozytywki/gramofon-elektryczny-rokr-lkb01d-p68	0	4	0	31.75
rokr	https://pl.robotoys.eu/drewniane-puzzle-3d/stem-lab/pinball-rokr-eg01-p43	0	29	0	6.97
rokr	https://pl.robotoys.eu/najdrozsze-produkty-marki-rokr	0	1	0	1
rokr	https://pl.robotoys.eu/najlepiej-oceniane-produkty-marki-rokr	0	19	0	2.16
rokr	https://pl.robotoys.eu/najpopularniejsze-produkty-marki-rokr	0	154	0	1.67
rokr	https://pl.robotoys.eu/najtansze-produkty-marki-rokr	0	12	0	14.75
rokr	https://pl.robotoys.eu/w-sprzedazy-produkty-marki-rokr	0	8	0	1.12
rokr	https://pt.robotoys.eu/blogue/rokr-sua-entrada-no-mundo-da-criatividade-e-do-entretenimento	0	3	0	16
rokr	https://pt.robotoys.eu/marcas/rokr	0	58	0	6.24
rokr	https://ro.robotoys.eu/marci/rokr	0	41	0	4.83
rokr	https://robotoys.eu/blog/rokr-your-entry-into-the-world-of-creativity-and-entertainment	0	142	0	18.58
rokr	https://se.robotoys.eu/blogg/rokr-ditt-intrade-i-en-varld-av-kreativitet-och-underhallning	0	2	0	20
rokr	https://se.robotoys.eu/de-mest-populara-produkterna-fran-varumarket-rokr	0	2	0	11
rokr	https://se.robotoys.eu/forsaljning-av-produkter-av-market-rokr	0	1	0	34
rokr 3d	https://cz.robotoys.eu/drevene-3d-puzzle/stem-lab/pinball-rokr-eg01-p43	0	1	0	20
rokr 3d	https://dk.robotoys.eu/maerker/rokr	0	1	0	6
rokr 3d	https://hu.robotoys.eu/markak/rokr	0	1	0	3
rokr 3d	https://it.robotoys.eu/marche/rokr	0	15	0	14.53
rokr 3d	https://nl.robotoys.eu/houten-3d-puzzel/stem-lab/flipperkast-rokr-eg01-p43	0	2	0	32
rokr 3d	https://pl.robotoys.eu/drewniane-puzzle-3d/stem-lab/drewniane-mechaniczne-puzzle-3d-klasyczna-drukarka-rokr-lk602-p90	0	1	0	9
rokr 3d	https://pl.robotoys.eu/drewniane-puzzle-3d/stem-lab/pinball-rokr-eg01-p43	0	1	0	9
rokr 3d	https://pl.robotoys.eu/marki/rokr	0	1	0	1
rokr 3d	https://robotoys.eu/brands/rokr	0	3	0	3.33
rokr 3d holzpuzzle	https://de.robotoys.eu/3d-puzzle-aus-holz-mehr-als-300-teile	0	2	0	23.5
rokr 3d pinball	https://cz.robotoys.eu/drevene-3d-puzzle/stem-lab/pinball-rokr-eg01-p43	0	1	0	10
rokr 3d pinball	https://de.robotoys.eu/3d-puzzle-aus-holz/stem-lab/flipper-rokr-eg01-p43	0	14	0	6.93
rokr 3d pinball	https://es.robotoys.eu/rompecabezas-3d-de-madera/stem-lab/pinball-rokr-eg01-p43	0	1	0	7
rokr 3d pinball	https://fr.robotoys.eu/casse-tete-3d-en-bois/stem-lab/pinball-rokr-eg01-p43	0	2	0	4
rokr 3d pinball	https://pl.robotoys.eu/drewniane-puzzle-3d/stem-lab/pinball-rokr-eg01-p43	0	1	0	4
rokr 3d pinball machine	https://pl.robotoys.eu/drewniane-puzzle-3d/stem-lab/pinball-rokr-eg01-p43	0	1	0	1
rokr 3d pinball machine	https://robotoys.eu/wooden-3d-puzzle/stem-lab/pinball-rokr-eg01-p43	0	2	0	7
rokr 3d pinball machine 3d wooden puzzle eg01	https://robotoys.eu/wooden-3d-puzzle/stem-lab/pinball-rokr-eg01-p43	0	5	0	6.6
rokr 3d pinball machine eg01	https://robotoys.eu/wooden-3d-puzzle/stem-lab/pinball-rokr-eg01-p43	0	1	0	10
rokr 3d puzzle	https://cz.robotoys.eu/drevene-3d-puzzle/stem-lab/drevene-mechanicke-3d-puzzle-klasicka-tiskarna-rokr-lk602-p90	0	16	0	5.62
rokr 3d puzzle	https://de.robotoys.eu/3d-puzzle-aus-holz-mehr-als-300-teile	0	1	0	27
rokr 3d puzzle	https://de.robotoys.eu/3d-puzzle-aus-holz/stem-lab/flipper-rokr-eg01-p43	0	2	0	35.5
rokr 3d puzzle	https://es.robotoys.eu/marcas/rokr	0	1	0	3
rokr 3d puzzle	https://hu.robotoys.eu/fabol-keszult-3d-puzzle/orak-naptarak/orabagoly-rokr-lk503-p6	0	1	0	4
rokr 3d puzzle	https://it.robotoys.eu/marche/rokr	0	1	0	3
rokr 3d puzzles	https://es.robotoys.eu/marcas/rokr	0	2	0	4
rokr 3d puzzles	https://it.robotoys.eu/marche/rokr	0	1	0	6
rokr 3d puzzles	https://robotoys.eu/brands/rokr	0	2	0	31.5
rokr 3d wooden puzzle	https://it.robotoys.eu/marche/rokr	0	9	0	5.56
rokr 3d wooden puzzle	https://pl.robotoys.eu/marki/rokr	0	1	0	2
rokr 3d wooden puzzle	https://robotoys.eu/wooden-3d-puzzle/stem-lab/pinball-rokr-eg01-p43	0	2	0	36.5
rokr 3d wooden puzzles	https://es.robotoys.eu/marcas/rokr	0	1	0	8
rokr 3d wooden puzzles	https://it.robotoys.eu/marche/rokr	0	1	0	6
rokr 3d wooden puzzles for adults	https://robotoys.eu/wooden-3d-puzzle/stem-lab/wooden-mechanical-3d-puzzle-gear-ball-challenge-rokr-egc01-p213	0	1	0	18
rokr ak	https://nl.robotoys.eu/houten-3d-puzzel/wapens/ak-47-geweer-rokr-lq901-p67	0	1	0	10
rokr ak 47	https://nl.robotoys.eu/houten-3d-puzzel/wapens/ak-47-geweer-rokr-lq901-p67	0	3	0	12
rokr ak 47	https://pl.robotoys.eu/marki/rokr	0	2	0	10
rokr ak 47	https://robotoys.eu/wooden-3d-puzzle/weapons/ak-47-rifle-rokr-lq901-p67	0	2	0	17.5
rokr ak-47	https://pl.robotoys.eu/marki/rokr	0	1	0	4
rokr ak-47	https://robotoys.eu/wooden-3d-puzzle/weapons/ak-47-rifle-rokr-lq901-p67	0	1	0	23
rokr ak-47	https://se.robotoys.eu/3d-pussel-i-tra/vapen/ak-47-gevar-rokr-lq901-p67	0	1	0	8
rokr ak-47 assault rifle gun toy 3d wooden puzzle lq901	https://robotoys.eu/wooden-3d-puzzle/weapons/ak-47-rifle-rokr-lq901-p67	0	2	0	8
rokr ak47	https://cz.robotoys.eu/drevene-3d-puzzle/zbrane/ak-47-rifle-rokr-lq901-p67	0	1	0	3
rokr ak47	https://de.robotoys.eu/3d-puzzle-aus-holz/waffen/ak-47-gewehr-rokr-lq901-p67	0	1	0	6
rokr ak47	https://dk.robotoys.eu/trae-3d-puslespil/vaben/ak-47-rifle-rokr-lq901-p67	0	2	0	10
rokr ak47	https://fr.robotoys.eu/casse-tete-3d-en-bois/armes/fusil-ak-47-rokr-lq901-p67	0	3	0	6.33
rokr ak47	https://robotoys.eu/wooden-3d-puzzle/weapons/ak-47-rifle-rokr-lq901-p67	0	6	0	17.5
rokr ak47	https://se.robotoys.eu/3d-pussel-i-tra/vapen/ak-47-gevar-rokr-lq901-p67	0	1	0	8
rokr amk63	https://pl.robotoys.eu/drewniane-puzzle-3d/pozytywki/pozytywka-magiczna-wiolonczela-rokr-amk63-p1	0	1	0	1
rokr amk63	https://pl.robotoys.eu/marki/rokr	0	1	0	5
rokr amk63	https://pt.robotoys.eu/quebra-cabeca-3d-de-madeira/caixas-de-musica/violoncelo-magico-de-caixa-de-musica-rokr-amk63-p1	0	1	0	3
rokr amk81	https://es.robotoys.eu/rompecabezas-3d-de-madera/instrumentos-musicales/magic-piano-rokr-amk81-p70	0	1	0	9
rokr amk81	https://nl.robotoys.eu/houten-3d-puzzel/muziekinstrumenten/magische-piano-rokr-amk81-p70	0	1	0	6
rokr amk81	https://pl.robotoys.eu/drewniane-puzzle-3d/instrumenty-muzyczne/magiczne-pianino-rokr-amk81-p70	0	1	0	2
rokr auto	https://de.robotoys.eu/3d-puzzle-aus-holz/fahrzeuge/oldtimer-rokr-mc801-p72	0	2	0	4.5
rokr auto	https://robotoys.eu/brands/rokr	0	3	0	28.33
rokr bausatz	https://de.robotoys.eu/marken/rokr	0	1	0	39
rokr bausätze	https://de.robotoys.eu/marken/rokr	0	2	0	35.5
rokr brand	https://robotoys.eu/brands/rokr	0	1	0	9
rokr brasil	https://pt.robotoys.eu/marcas/rokr	0	1	0	10
rokr candy factory	https://de.robotoys.eu/3d-puzzle-aus-holz/stem-lab/mechanisches-3d-puzzle-aus-holz-schokoladenfabrik-rokr-lga02-p75	0	1	0	8
rokr candy factory	https://pl.robotoys.eu/drewniane-puzzle-3d/stem-lab/drewniane-mechaniczne-puzzle-3d-fabryka-czekolady-rokr-lga02-p75	0	1	0	1
rokr car	https://robotoys.eu/brands/rokr	0	2	0	10.5
rokr carousel	https://nl.robotoys.eu/houten-3d-puzzel/muziekdoosjes/romantische-carrousel-rokr-amk62-p77	0	5	0	8.8
rokr carousel	https://robotoys.eu/wooden-3d-puzzle/music-boxes/romantic-carousel-rokr-amk62-p77	0	1	0	24
rokr catalogue	https://fr.robotoys.eu/marques/rokr	0	1	0	18
rokr catalogue	https://se.robotoys.eu/3d-pussel-i-tra/speldosor/speldosa-magisk-cello-rokr-amk63-p1	0	1	0	10
rokr cello	https://de.robotoys.eu/3d-puzzle-aus-holz/spieluhren/spieluhr-zaubercello-rokr-amk63-p1	0	1	0	11
rokr cello	https://es.robotoys.eu/rompecabezas-3d-de-madera/cajas-de-musica/caja-de-musica-violonchelo-magico-rokr-amk63-p1	0	2	0	7.5
rokr cello	https://robotoys.eu/wooden-3d-puzzle/music-boxes/music-box-magic-cello-rokr-amk63-p1	0	2	0	25
rokr cello music box	https://robotoys.eu/wooden-3d-puzzle/music-boxes/music-box-magic-cello-rokr-amk63-p1	0	1	0	9
rokr chocolate factory	https://de.robotoys.eu/3d-puzzle-aus-holz/stem-lab/mechanisches-3d-puzzle-aus-holz-schokoladenfabrik-rokr-lga02-p75	0	7	0	7
rokr chocolate factory	https://es.robotoys.eu/rompecabezas-3d-de-madera/stem-lab/puzzle-3d-mecanico-de-madera-fabrica-de-chocolate-rokr-lga02-p75	0	1	0	9
rokr chocolate factory	https://fr.robotoys.eu/casse-tete-3d-en-bois/stem-lab/puzzle-3d-mecanique-en-bois-chocolaterie-rokr-lga02-p75	0	3	0	8.67
rokr chocolate factory	https://pl.robotoys.eu/drewniane-puzzle-3d/stem-lab/drewniane-mechaniczne-puzzle-3d-fabryka-czekolady-rokr-lga02-p75	0	1	0	3
rokr chocolate factory	https://robotoys.eu/wooden-3d-puzzle/stem-lab/wooden-mechanical-3d-puzzle-chocolate-factory-rokr-lga02-p75	0	14	0	8.79
rokr christmas	https://it.robotoys.eu/puzzle-3d-in-legno/stem-lab/puzzle-meccanico-3d-in-legno-fabbrica-dei-regali-dei-sogni-rokr-eab01-p202	0	2	0	9
rokr christmas	https://robotoys.eu/wooden-3d-puzzle/stem-lab/wooden-mechanical-3d-puzzle-dream-gift-factory-rokr-eab01-p202	0	3	0	15
rokr christmas dream gift factory	https://it.robotoys.eu/puzzle-3d-in-legno/stem-lab/puzzle-meccanico-3d-in-legno-fabbrica-dei-regali-dei-sogni-rokr-eab01-p202	0	2	0	4.5
rokr christmas dream gift factory	https://robotoys.eu/wooden-3d-puzzle/stem-lab/wooden-mechanical-3d-puzzle-dream-gift-factory-rokr-eab01-p202	0	2	0	23.5
rokr christmas dream gift factory wooden music box	https://robotoys.eu/wooden-3d-puzzle/stem-lab/wooden-mechanical-3d-puzzle-dream-gift-factory-rokr-eab01-p202	0	1	0	14
rokr christmas tree	https://robotoys.eu/wooden-3d-puzzle/music-boxes/wooden-mechanical-3d-puzzle-melodic-christmas-tree-rolife-ams01-p138	0	1	0	1
rokr classic city tram	https://it.robotoys.eu/puzzle-3d-in-legno/veicoli/puzzle-3d-in-legno-tram-urbano-classico-rokr-lk801-p88	0	1	0	3
rokr classic city tram	https://robotoys.eu/wooden-3d-puzzle/vehicles/wooden-3d-puzzle-classic-city-tram-rokr-lk801-p88	0	2	0	6
rokr clock	https://it.robotoys.eu/puzzle-3d-in-legno/orologi-calendari/orologio-gufo-rokr-lk503-p6	0	3	0	8.67
rokr clock puzzle	https://robotoys.eu/wooden-3d-puzzle/clocks-calendars/clock-owl-rokr-lk503-p6	0	1	0	11
rokr company	https://robotoys.eu/brands/rokr	0	1	0	11
rokr corsac m60	https://pl.robotoys.eu/drewniane-puzzle-3d/bronie/rewolwer-corsac-m60-rokr-lq401-p35	0	1	0	2
rokr cruiser motorcycle	https://pl.robotoys.eu/drewniane-puzzle-3d/pojazdy/motocykl-cruiser-rokr-lk504-p12	0	1	0	3
rokr cruiser motorcycle	https://robotoys.eu/wooden-3d-puzzle/vehicles/motorcycle-cruiser-rokr-lk504-p12	0	2	0	4.5
rokr cuckoo clock	https://pt.robotoys.eu/quebra-cabeca-3d-de-madeira/relogios-calendarios/quebra-cabeca-mecanico-3d-de-madeira-relogio-cuco-rokr-lc901c-p198	0	1	0	4
rokr cuckoo clock mechanical 3d wooden puzzle	https://robotoys.eu/the-best-rated-products-of-the-rokr-brand	0	1	0	3
rokr cuckoo clock mechanical 3d wooden puzzle	https://robotoys.eu/wooden-3d-puzzle/clocks-calendars/wooden-mechanical-3d-puzzle-cuckoo-clock-rokr-lc901c-p198	0	1	0	9
rokr cuckoo clock mechanical 3d wooden puzzle	https://robotoys.eu/wooden-3d-puzzle/clocks-calendars/wooden-mechanical-3d-puzzle-cuckoo-clock-wooden-color-rokr-lc901-p217	0	5	0	11
rokr diy	https://es.robotoys.eu/marcas/rokr	0	1	0	7
rokr dream	https://it.robotoys.eu/puzzle-3d-in-legno/stem-lab/puzzle-meccanico-3d-in-legno-fabbrica-dei-regali-dei-sogni-rokr-eab01-p202	0	2	0	4.5
rokr dream gift factory	https://de.robotoys.eu/3d-puzzle-aus-holz/stem-lab/mechanisches-3d-puzzle-aus-holz-traumgeschenkfabrik-rokr-eab01-p202	0	6	0	5.17
rokr dream gift factory	https://hu.robotoys.eu/fabol-keszult-3d-puzzle/stem-lab/fa-mechanikus-3d-kirako-alomajandek-gyar-rokr-eab01-p202	0	1	0	11
rokr dream gift factory	https://it.robotoys.eu/puzzle-3d-in-legno/stem-lab/puzzle-meccanico-3d-in-legno-fabbrica-dei-regali-dei-sogni-rokr-eab01-p202	0	14	0	5.36
rokr dream gift factory	https://robotoys.eu/wooden-3d-puzzle/stem-lab/wooden-mechanical-3d-puzzle-dream-gift-factory-rokr-eab01-p202	0	12	0	9.67
rokr dream gift factory eab01	https://es.robotoys.eu/rompecabezas-3d-de-madera/stem-lab/rompecabezas-mecanico-3d-de-madera-fabrica-de-regalos-de-ensueno-rokr-eab01-p202	0	1	0	5
rokr dream gift factory wooden music box eab01	https://robotoys.eu/wooden-3d-puzzle/stem-lab/wooden-mechanical-3d-puzzle-dream-gift-factory-rokr-eab01-p202	0	1	0	25
rokr eab01	https://es.robotoys.eu/rompecabezas-3d-de-madera/stem-lab/rompecabezas-mecanico-3d-de-madera-fabrica-de-regalos-de-ensueno-rokr-eab01-p202	0	1	0	4
rokr eab01	https://fr.robotoys.eu/casse-tete-3d-en-bois/stem-lab/puzzle-mecanique-3d-en-bois-fabrique-de-cadeaux-de-reve-rokr-eab01-p202	0	5	0	5.8
rokr eab01	https://nl.robotoys.eu/houten-3d-puzzel/stem-lab/houten-mechanische-3d-puzzel-droomcadeaufabriek-rokr-eab01-p202	0	5	0	8.6
rokr eab01	https://robotoys.eu/wooden-3d-puzzle/stem-lab/wooden-mechanical-3d-puzzle-dream-gift-factory-rokr-eab01-p202	0	7	0	6.14
rokr eab01	https://se.robotoys.eu/3d-pussel-i-tra/stem-lab/mekaniskt-3d-pussel-i-tra-drompresentfabriken-rokr-eab01-p202	0	1	0	3
rokr eg01	https://cz.robotoys.eu/drevene-3d-puzzle/stem-lab/pinball-rokr-eg01-p43	0	2	0	2.5
rokr eg01	https://de.robotoys.eu/3d-puzzle-aus-holz/stem-lab/flipper-rokr-eg01-p43	0	2	0	5.5
rokr eg01	https://hu.robotoys.eu/fabol-keszult-3d-puzzle/stem-lab/flipper-rokr-eg01-p43	0	1	0	5
rokr eg01	https://it.robotoys.eu/puzzle-3d-in-legno/stem-lab/pinball-rokr-eg01-p43	0	1	0	7
rokr eg01	https://nl.robotoys.eu/houten-3d-puzzel/stem-lab/flipperkast-rokr-eg01-p43	0	2	0	6
rokr electric guitar	https://robotoys.eu/wooden-3d-puzzle/musical-instruments/electric-guitar-model-rokr-tg605k-p33	0	13	0	10.92
rokr electric guitar instructions	https://robotoys.eu/wooden-3d-puzzle/musical-instruments/electric-guitar-model-rokr-tg605k-p33	0	1	0	8
rokr electric guitar model 3d wooden puzzle tg605k	https://robotoys.eu/wooden-3d-puzzle/musical-instruments/electric-guitar-model-rokr-tg605k-p33	0	1	0	4
rokr españa	https://es.robotoys.eu/venta-de-productos-marca-rokr	0	1	0	9
rokr europe	https://robotoys.eu/blog/rokr-your-entry-into-the-world-of-creativity-and-entertainment	0	3	0	8.33
rokr europe	https://robotoys.eu/brands/rokr	0	6	0	2.17
rokr europe	https://robotoys.eu/the-latest-products-of-the-rokr-brand	0	1	0	9
rokr excavator	https://es.robotoys.eu/rompecabezas-3d-de-madera/vehiculos/rompecabezas-3d-de-madera-excavadora-rokr-tg508k-p197	0	1	0	1
rokr excavator	https://robotoys.eu/wooden-3d-puzzle/vehicles/wooden-3d-puzzle-excavator-rokr-tg508k-p197	0	1	0	6
rokr film projector	https://robotoys.eu/wooden-3d-puzzle/stem-lab/film-projector-vitascope-rokr-lk601-p5	0	2	0	9
rokr flipper	https://de.robotoys.eu/3d-puzzle-aus-holz/stem-lab/flipper-rokr-eg01-p43	0	60	0	7.45
rokr flipper	https://dk.robotoys.eu/trae-3d-puslespil/stem-lab/pinball-rokr-eg01-p43	0	1	0	5
rokr flipper	https://fr.robotoys.eu/casse-tete-3d-en-bois/stem-lab/pinball-rokr-eg01-p43	0	7	0	7.43
rokr flipper	https://hu.robotoys.eu/fabol-keszult-3d-puzzle/stem-lab/flipper-rokr-eg01-p43	0	1	0	5
rokr flipper	https://it.robotoys.eu/puzzle-3d-in-legno/stem-lab/pinball-rokr-eg01-p43	0	7	0	7.86
rokr flipper	https://nl.robotoys.eu/houten-3d-puzzel/muziekdoosjes/romantische-carrousel-rokr-amk62-p77	0	1	0	80
rokr flipper	https://nl.robotoys.eu/houten-3d-puzzel/stem-lab/flipperkast-rokr-eg01-p43	0	1	0	33
rokr flipper	https://robotoys.eu/wooden-3d-puzzle/stem-lab/pinball-rokr-eg01-p43	0	9	0	7.33
rokr flipper pinball 3d	https://robotoys.eu/wooden-3d-puzzle/stem-lab/pinball-rokr-eg01-p43	0	4	0	7.5
rokr flipperkast	https://hu.robotoys.eu/fabol-keszult-3d-puzzle/stem-lab/flipper-rokr-eg01-p43	0	1	0	4
rokr flipperkast	https://nl.robotoys.eu/houten-3d-puzzel/stem-lab/flipperkast-rokr-eg01-p43	0	2	0	27
rokr flipperkast	https://robotoys.eu/wooden-3d-puzzle/stem-lab/pinball-rokr-eg01-p43	0	3	0	4
rokr flop	https://es.robotoys.eu/rompecabezas-3d-de-madera/stem-lab/marmol-parkour-rokr-lg501-p42	0	1	0	2
rokr flop	https://robotoys.eu/blog/rokr-your-entry-into-the-world-of-creativity-and-entertainment	0	1	0	8
rokr france	https://fr.robotoys.eu/marques/rokr	0	1	0	9
rokr gatling gun	https://robotoys.eu/wooden-3d-puzzle/weapons/wooden-mechanical-3d-puzzle-machine-gun-with-rotating-barrel-rokr-lqa01-p218	0	1	0	20
rokr gear ball challenge	https://de.robotoys.eu/3d-puzzle-aus-holz/stem-lab/mechanisches-3d-puzzle-aus-holz-gear-ball-challenge-rokr-egc01-p213	0	2	0	10.5
rokr gear ball challenge	https://nl.robotoys.eu/houten-3d-puzzel/stem-lab/houten-mechanische-3d-puzzel-gear-ball-challenge-rokr-egc01-p213	0	3	0	12
rokr gear ball challenge 3d wooden puzzle egc01	https://de.robotoys.eu/3d-puzzle-aus-holz/stem-lab/mechanisches-3d-puzzle-aus-holz-gear-ball-challenge-rokr-egc01-p213	0	1	0	10
rokr gear ball challenge egc01	https://robotoys.eu/wooden-3d-puzzle/stem-lab/wooden-mechanical-3d-puzzle-gear-ball-challenge-rokr-egc01-p213	0	1	0	10
rokr gift factory	https://it.robotoys.eu/puzzle-3d-in-legno/stem-lab/puzzle-meccanico-3d-in-legno-fabbrica-dei-regali-dei-sogni-rokr-eab01-p202	0	1	0	7
rokr gift factory	https://pl.robotoys.eu/drewniane-puzzle-3d/stem-lab/drewniana-mechaniczna-ukladanka-3d-fabryka-prezentow-marzen-rokr-eab01-p202	0	2	0	3
rokr gift factory	https://robotoys.eu/wooden-3d-puzzle/stem-lab/wooden-mechanical-3d-puzzle-dream-gift-factory-rokr-eab01-p202	0	2	0	2.5
rokr globe	https://es.robotoys.eu/rompecabezas-3d-de-madera/el-universo/globo-luminoso-rokr-st003-p3	0	1	0	7
rokr globe	https://fr.robotoys.eu/casse-tete-3d-en-bois/lunivers/globe-lumineux-rokr-st003-p3	0	1	0	17
rokr globe	https://it.robotoys.eu/puzzle-3d-in-legno/luniverso/globo-luminoso-rokr-st003-p3	0	1	0	6
rokr globe	https://nl.robotoys.eu/houten-3d-puzzel/het-heelal/lichtgevende-wereldbol-rokr-st003-p3	0	12	0	10.25
rokr globe	https://robotoys.eu/wooden-3d-puzzle/the-universe/luminous-globe-rokr-st003-p3	0	4	0	18.5
rokr globe	https://se.robotoys.eu/3d-pussel-i-tra/universum/lysande-glob-rokr-st003-p3	0	1	0	10
rokr globe lumineux	https://fr.robotoys.eu/casse-tete-3d-en-bois/lunivers/globe-lumineux-rokr-st003-p3	0	1	0	13
rokr globe puzzle	https://pl.robotoys.eu/drewniane-puzzle-3d/wszechswiat/swiecacy-globus-rokr-st003-p3	0	1	0	4
rokr globe puzzle	https://robotoys.eu/wooden-3d-puzzle/the-universe/luminous-globe-rokr-st003-p3	0	2	0	5
rokr globus	https://cz.robotoys.eu/drevene-3d-puzzle/vesmir/svitici-globus-rokr-st003-p3	0	2	0	2
rokr globus	https://de.robotoys.eu/3d-puzzle-aus-holz/das-universum/leuchtender-globus-rokr-st003-p3	0	4	0	17
rokr globus	https://dk.robotoys.eu/trae-3d-puslespil/universet/lysende-globus-rokr-st003-p3	0	1	0	3
rokr globus	https://pl.robotoys.eu/drewniane-puzzle-3d/wszechswiat/swiecacy-globus-rokr-st003-p3	0	5	0	1
rokr globus	https://pl.robotoys.eu/w-sprzedazy-produkty-marki-rokr	0	1	0	6
rokr gramophone	https://pl.robotoys.eu/drewniane-puzzle-3d/pozytywki/gramofon-elektryczny-rokr-lkb01d-p68	0	1	0	8
rokr grand prix car	https://it.robotoys.eu/puzzle-3d-in-legno/veicoli/modello-di-auto-grand-prix-rokr-mc401-p16	0	1	0	4
rokr grand prix car	https://nl.robotoys.eu/houten-3d-puzzel/voertuigen/grand-prix-automodel-rokr-mc401-p16	0	4	0	11.25
rokr grand prix car	https://pl.robotoys.eu/drewniane-puzzle-3d/pojazdy/model-samochodu-grand-prix-rokr-mc401-p16	0	1	0	2
rokr grand prix car	https://robotoys.eu/wooden-3d-puzzle/vehicles/grand-prix-car-model-rokr-mc401-p16	0	6	0	6.83
rokr guitar	https://robotoys.eu/wooden-3d-puzzle/musical-instruments/electric-guitar-model-rokr-tg605k-p33	0	1	0	5
rokr guitar model	https://robotoys.eu/wooden-3d-puzzle/musical-instruments/electric-guitar-model-rokr-tg605k-p33	0	1	0	12
rokr gun	https://robotoys.eu/brands/rokr	0	1	0	17
rokr harp	https://robotoys.eu/wooden-3d-puzzle/music-boxes/wooden-mechanical-3d-puzzle-magic-harp-rokr-amk71-p254	0	2	0	10.5
rokr harry potter	https://cz.robotoys.eu/znacky/rokr	0	1	0	10
rokr helmet	https://pt.robotoys.eu/marcas/rokr	0	1	0	8
rokr holz	https://de.robotoys.eu/3d-puzzle-aus-holz/fahrzeuge/oldtimer-rokr-mc801-p72	0	1	0	9
rokr holz	https://de.robotoys.eu/3d-puzzle-aus-holz/spieluhren/elektrischer-plattenspieler-rokr-lkb01d-p68	0	3	0	9.33
rokr holz	https://de.robotoys.eu/3d-puzzle-aus-holz/stem-lab/flipper-rokr-eg01-p43	0	2	0	33.5
rokr holz	https://de.robotoys.eu/marken/rokr	0	10	0	17
rokr holzmodelle	https://de.robotoys.eu/marken/rokr	0	3	0	23.67
rokr holzpuzzle	https://de.robotoys.eu/3d-puzzle-aus-holz-mehr-als-300-teile	0	3	0	23.33
rokr holzpuzzle	https://de.robotoys.eu/3d-puzzle-aus-holz/fahrzeuge/schweres-lkw-modell-rokr-mc502-p27	0	2	0	16.5
rokr horloge	https://fr.robotoys.eu/casse-tete-3d-en-bois/horloges-et-calendriers/horloge-murale-zodiac-rokr-lc601-p52	0	1	0	27
rokr italia	https://it.robotoys.eu/prodotti-a-marchio-rokr-in-vendita	0	1	0	10
rokr jeep	https://de.robotoys.eu/3d-puzzle-aus-holz/fahrzeuge/3d-puzzle-aus-holz-armeejeep-modell-rokr-mc701-p54	0	1	0	3
rokr jeep	https://es.robotoys.eu/rompecabezas-3d-de-madera/vehiculos/puzzle-3d-de-madera-jeep-militar-modelo-rokr-mc701-p54	0	1	0	1
rokr jeep	https://nl.robotoys.eu/houten-3d-puzzel/voertuigen/houten-3d-puzzel-legerjeep-model-rokr-mc701-p54	0	1	0	8
rokr justice guard ak47	https://robotoys.eu/wooden-3d-puzzle/weapons/ak-47-rifle-rokr-lq901-p67	0	1	0	9
rokr kerst	https://nl.robotoys.eu/cadeau-ideeen/cadeaus-voor-kerstmis	0	3	0	4
rokr kits	https://robotoys.eu/brands/rokr	0	1	0	29
rokr koekoeksklok	https://nl.robotoys.eu/houten-3d-puzzel/klokken-kalenders/houten-mechanische-3d-puzzel-koekoeksklok-houtkleur-rokr-lc901-p217	0	2	0	18
rokr kuckucksuhr	https://de.robotoys.eu/3d-puzzle-aus-holz/uhren-kalender/mechanisches-3d-puzzle-aus-holz-kuckucksuhr-rokr-lc901c-p198	0	7	0	11.71
rokr kuckucksuhr anleitung deutsch	https://de.robotoys.eu/3d-puzzle-aus-holz/uhren-kalender/mechanisches-3d-puzzle-aus-holz-kuckucksuhr-rokr-lc901c-p198	0	1	0	10
rokr lc901c	https://de.robotoys.eu/3d-puzzle-aus-holz/uhren-kalender/mechanisches-3d-puzzle-aus-holz-kuckucksuhr-rokr-lc901c-p198	0	2	0	7.5
rokr lc901c	https://es.robotoys.eu/rompecabezas-3d-de-madera/relojes-y-calendarios/rompecabezas-mecanico-3d-de-madera-reloj-de-cuco-rokr-lc901c-p198	0	1	0	3
rokr lc901c	https://fr.robotoys.eu/casse-tete-3d-en-bois/horloges-et-calendriers/puzzle-mecanique-3d-en-bois-horloge-a-coucou-rokr-lc901c-p198	0	1	0	6
rokr lc901c	https://nl.robotoys.eu/houten-3d-puzzel/klokken-kalenders/houten-mechanische-3d-puzzel-koekoeksklok-rokr-lc901c-p198	0	3	0	9.67
rokr lc901c	https://ro.robotoys.eu/puzzle-3d-din-lemn/ceasuri-calendare/puzzle-mecanic-3d-din-lemn-ceas-cu-cuc-rokr-lc901c-p198	0	1	0	1
rokr lc901c	https://robotoys.eu/wooden-3d-puzzle/clocks-calendars/wooden-mechanical-3d-puzzle-cuckoo-clock-rokr-lc901c-p198	0	3	0	5
rokr lg501	https://fr.robotoys.eu/casse-tete-3d-en-bois/stem-lab/marble-parkour-rokr-lg501-p42	0	1	0	3
rokr lga01	https://robotoys.eu/wooden-3d-puzzle/stem-lab/marble-night-city-rokr-lga01-p2	0	1	0	7
rokr lk701	https://cz.robotoys.eu/drevene-3d-puzzle/vozidla/lokomotiva-rokr-lk701-p7	0	1	0	6
rokr lk701	https://de.robotoys.eu/3d-puzzle-aus-holz/fahrzeuge/lokomotive-rokr-lk701-p7	0	3	0	5.33
rokr lk701	https://es.robotoys.eu/concurso-de-rompecabezas/locomotora-rokr-lk701-7	0	2	0	6
rokr lk701	https://es.robotoys.eu/rompecabezas-3d-de-madera/vehiculos/locomotora-rokr-lk701-p7	0	2	0	2.5
rokr lk701	https://fr.robotoys.eu/casse-tete-3d-en-bois/vehicules/locomotive-rokr-lk701-p7	0	2	0	3
rokr lk701	https://nl.robotoys.eu/houten-3d-puzzel/voertuigen/locomotief-rokr-lk701-p7	0	2	0	5
rokr lk701	https://robotoys.eu/wooden-3d-puzzle/vehicles/locomotive-rokr-lk701-p7	0	6	0	8.33
rokr lk703b	https://es.robotoys.eu/los-ultimos-productos-de-la-marca-rokr	0	1	0	8
rokr lk703b	https://pl.robotoys.eu/drewniane-puzzle-3d/stem-lab/drewniana-mechaniczna-ukladanka-3d-mechaniczna-maszyna-do-pisania-wersja-klasyczna-rokr-lk703b-p265	0	1	0	5
rokr lk703b	https://robotoys.eu/puzzle-competition/mechanical-typewriter-classic-version-rokr-lk703b-265	0	1	0	8
rokr lka02	https://es.robotoys.eu/concurso-de-rompecabezas/transbordador-espacial-rokr-lka02-253	0	2	0	5.5
rokr lka02	https://fr.robotoys.eu/concours-de-puzzle/navette-spatiale-rokr-lka02-253	0	1	0	7
rokr lka02	https://pl.robotoys.eu/drewniane-puzzle-3d/wszechswiat/drewniana-mechaniczna-ukladanka-3d-prom-kosmiczny-rokr-lka02-p253	0	1	0	3
rokr lka02	https://pl.robotoys.eu/konkurs-puzzli/prom-kosmiczny-rokr-lka02-253	0	1	0	4
rokr lka02	https://pl.robotoys.eu/najpopularniejsze-produkty-marki-rokr	0	1	0	9
rokr lka02	https://robotoys.eu/wooden-3d-puzzle/the-universe/wooden-mechanical-3d-puzzle-space-shuttle-rokr-lka02-p253	0	1	0	7
rokr locomotive	https://de.robotoys.eu/3d-puzzle-aus-holz/fahrzeuge/lokomotive-rokr-lk701-p7	0	4	0	4.75
rokr locomotive	https://fr.robotoys.eu/casse-tete-3d-en-bois/vehicules/locomotive-rokr-lk701-p7	0	3	0	9.67
rokr locomotive	https://robotoys.eu/wooden-3d-puzzle/vehicles/locomotive-rokr-lk701-p7	0	44	0	22.57
rokr locomotive lk701	https://de.robotoys.eu/3d-puzzle-aus-holz/fahrzeuge/lokomotive-rokr-lk701-p7	0	5	0	6.4
rokr locomotive lk701	https://es.robotoys.eu/rompecabezas-3d-de-madera/vehiculos/locomotora-rokr-lk701-p7	0	1	0	3
rokr locomotive lk701	https://robotoys.eu/wooden-3d-puzzle/vehicles/locomotive-rokr-lk701-p7	0	60	0	12.52
rokr locomotive mechanical gears	https://robotoys.eu/wooden-3d-puzzle/vehicles/locomotive-rokr-lk701-p7	0	1	0	10
rokr logo	https://robotoys.eu/blog/rokr-your-entry-into-the-world-of-creativity-and-entertainment	0	8	0	7
rokr logo	https://robotoys.eu/brands/rokr	0	1	0	5
rokr london	https://de.robotoys.eu/3d-puzzle-aus-holz/die-architektur/mechanisches-3d-puzzle-aus-holz-murmelbahn-london-rokr-egb01-p264	0	4	0	10.5
rokr luminous globe	https://it.robotoys.eu/puzzle-3d-in-legno/luniverso/globo-luminoso-rokr-st003-p3	0	1	0	8
rokr luminous globe	https://robotoys.eu/wooden-3d-puzzle/the-universe/luminous-globe-rokr-st003-p3	0	4	0	19
rokr luminous globe 3d wooden puzzle	https://robotoys.eu/wooden-3d-puzzle/the-universe/luminous-globe-rokr-st003-p3	0	3	0	7.33
rokr luminous globe st003	https://de.robotoys.eu/3d-puzzle-aus-holz/das-universum/leuchtender-globus-rokr-st003-p3	0	1	0	9
rokr luminous globe st003d	https://it.robotoys.eu/puzzle-3d-in-legno/luniverso/globo-luminoso-rokr-st003-p3	0	1	0	2
rokr macchina da scrivere	https://it.robotoys.eu/concorso-di-puzzle/macchina-da-scrivere-meccanica-versione-magica-rokr-lk703c-266	0	1	0	4
rokr macchina da scrivere	https://it.robotoys.eu/prodotti-a-marchio-rokr-in-vendita	0	4	0	3.75
rokr macchina da scrivere	https://it.robotoys.eu/puzzle-3d-in-legno/stem-lab/puzzle-meccanico-3d-in-legno-macchina-da-scrivere-eco-wood-art-p158	0	2	0	4
rokr macchina da scrivere	https://it.robotoys.eu/puzzle-3d-in-legno/stem-lab/puzzle-meccanico-3d-in-legno-macchina-da-scrivere-meccanica-versione-classica-rokr-lk703b-p265	0	15	0	4.6
rokr macchina da scrivere	https://it.robotoys.eu/puzzle-3d-in-legno/stem-lab/puzzle-meccanico-3d-in-legno-macchina-da-scrivere-meccanica-versione-magica-rokr-lk703c-p266	0	26	0	3.19
rokr machine a ecrire	https://fr.robotoys.eu/concours-de-puzzle/machine-a-ecrire-mecanique-version-magique-rokr-lk703c-266	0	8	0	11.62
rokr magic cello	https://it.robotoys.eu/puzzle-3d-in-legno/carillon/carillon-violoncello-magico-rokr-amk63-p1	0	5	0	4.6
rokr magic cello	https://robotoys.eu/wooden-3d-puzzle/music-boxes/music-box-magic-cello-rokr-amk63-p1	0	1	0	36
rokr magic cello mechanical music box 3d wooden puzzle	https://robotoys.eu/wooden-3d-puzzle/music-boxes/music-box-magic-cello-rokr-amk63-p1	0	19	0	1
rokr magic piano	https://de.robotoys.eu/3d-puzzle-aus-holz/musikinstrumente/magic-piano-rokr-amk81-p70	0	2	0	11
rokr magic piano	https://es.robotoys.eu/rompecabezas-3d-de-madera/instrumentos-musicales/magic-piano-rokr-amk81-p70	0	4	0	5
rokr magic piano	https://it.robotoys.eu/puzzle-3d-in-legno/strumenti-musicali/pianoforte-magico-rokr-amk81-p70	0	8	0	3.38
rokr magic piano	https://robotoys.eu/wooden-3d-puzzle/musical-instruments/magic-piano-rokr-amk81-p70	0	2	0	11.5
rokr magic piano () reviews	https://robotoys.eu/wooden-3d-puzzle/musical-instruments/magic-piano-rokr-amk81-p70	0	1	0	5
rokr magic piano mechanical music box 3d wooden puzzle amk81	https://es.robotoys.eu/rompecabezas-3d-de-madera/instrumentos-musicales/magic-piano-rokr-amk81-p70	0	1	0	46
rokr magic piano mechanical music box 3d wooden puzzle amk81	https://robotoys.eu/wooden-3d-puzzle/musical-instruments/magic-piano-rokr-amk81-p70	0	3	0	8
rokr magic piano music box	https://es.robotoys.eu/rompecabezas-3d-de-madera/instrumentos-musicales/magic-piano-rokr-amk81-p70	0	10	0	9
rokr maquina de escribir	https://es.robotoys.eu/concurso-de-rompecabezas/maquina-de-escribir-mecanica-version-clasica-rokr-lk703b-265	0	12	0	7.67
rokr marble	https://es.robotoys.eu/rompecabezas-3d-de-madera/stem-lab/marble-night-city-rokr-lga01-p2	0	1	0	4
rokr marble	https://it.robotoys.eu/puzzle-3d-in-legno/stem-lab/marmo-parkour-rokr-lg501-p42	0	1	0	8
rokr marble night city	https://dk.robotoys.eu/trae-3d-puslespil/stem-lab/marble-night-city-rokr-lga01-p2	0	2	0	6.5
rokr marble night city	https://es.robotoys.eu/rompecabezas-3d-de-madera/stem-lab/marble-night-city-rokr-lga01-p2	0	4	0	7.5
rokr marble night city	https://hu.robotoys.eu/fabol-keszult-3d-puzzle/stem-lab/marble-night-city-rokr-lga01-p2	0	2	0	2.5
rokr marble night city	https://it.robotoys.eu/puzzle-3d-in-legno/stem-lab/marble-night-city-rokr-lga01-p2	0	2	0	4
rokr marble night city	https://nl.robotoys.eu/houten-3d-puzzel/stem-lab/marble-night-city-rokr-lga01-p2	0	1	0	9
rokr marble night city	https://pl.robotoys.eu/drewniane-puzzle-3d/stem-lab/marble-night-city-rokr-lga01-p2	0	1	0	3
rokr marble night city	https://pt.robotoys.eu/quebra-cabeca-3d-de-madeira/stem-lab/marble-night-city-rokr-lga01-p2	0	1	0	5
rokr marble night city	https://robotoys.eu/wooden-3d-puzzle/stem-lab/marble-night-city-rokr-lga01-p2	0	17	0	9.53
rokr marble night city 3d wooden puzzle	https://robotoys.eu/wooden-3d-puzzle/stem-lab/marble-night-city-rokr-lga01-p2	0	2	0	16
rokr marble night city lga01	https://hu.robotoys.eu/fabol-keszult-3d-puzzle/stem-lab/marble-night-city-rokr-lga01-p2	0	1	0	2
rokr marble night city lga01	https://nl.robotoys.eu/houten-3d-puzzel/stem-lab/marble-night-city-rokr-lga01-p2	0	1	0	7
rokr marble parkour	https://de.robotoys.eu/3d-puzzle-aus-holz/stem-lab/marble-parkour-rokr-lg501-p42	0	1	0	9
rokr marble parkour	https://es.robotoys.eu/rompecabezas-3d-de-madera/stem-lab/marmol-parkour-rokr-lg501-p42	0	1	0	3
rokr marble parkour	https://fr.robotoys.eu/casse-tete-3d-en-bois/stem-lab/marble-parkour-rokr-lg501-p42	0	1	0	6
rokr marble parkour	https://robotoys.eu/wooden-3d-puzzle/stem-lab/marble-parkour-rokr-lg501-p42	0	3	0	10.33
rokr marble parkour	https://se.robotoys.eu/3d-pussel-i-tra/stem-lab/marble-parkour-rokr-lg501-p42	0	2	0	3
rokr marble parkour lg501	https://es.robotoys.eu/rompecabezas-3d-de-madera/stem-lab/marmol-parkour-rokr-lg501-p42	0	1	0	1
rokr marble parkour lg501	https://nl.robotoys.eu/houten-3d-puzzel/stem-lab/marmer-parkour-rokr-lg501-p42	0	2	0	8
rokr marble parkour lg501	https://pt.robotoys.eu/quebra-cabeca-3d-de-madeira/stem-lab/marble-parkour-rokr-lg501-p42	0	1	0	9
rokr marble parkour lg501	https://robotoys.eu/wooden-3d-puzzle/stem-lab/marble-parkour-rokr-lg501-p42	0	2	0	6
rokr marble run night city	https://robotoys.eu/wooden-3d-puzzle/stem-lab/marble-night-city-rokr-lga01-p2	0	1	0	15
rokr marble travel london marble run 3d wooden puzzle	https://robotoys.eu/wooden-3d-puzzle/architecture/wooden-mechanical-3d-puzzle-marble-track-london-rokr-egb01-p264	0	1	0	1
rokr mc501	https://de.robotoys.eu/3d-puzzle-aus-holz/fahrzeuge/dampflokomotive-rokr-mc501-p13	0	1	0	3
rokr mcb02	https://cz.robotoys.eu/drevene-3d-puzzle/vozidla/drevene-mechanicke-3d-puzzle-plachetnice-morsky-konik-rokr-mcb02-p212	0	1	0	2
rokr mcb02	https://cz.robotoys.eu/soutez-v-puzzle/plachetnice-morsky-konik-rokr-mcb02-212	0	1	0	8
rokr mcb02	https://robotoys.eu/wooden-3d-puzzle/vehicles/wooden-mechanical-3d-puzzle-the-seahorse-barque-rokr-mcb02-p212	0	2	0	13
rokr meaning	https://robotoys.eu/blog/rokr-your-entry-into-the-world-of-creativity-and-entertainment	0	11	0	8.55
rokr mechanical gears	https://robotoys.eu/wooden-3d-puzzle/vehicles/locomotive-rokr-lk701-p7	0	2	0	34
rokr mechanical music box	https://robotoys.eu/wooden-3d-puzzle/music-boxes/music-box-magic-cello-rokr-amk63-p1	0	1	0	9
rokr mechanical music box	https://robotoys.eu/wooden-3d-puzzle/music-boxes/music-box-starry-night-rokr-amk51-p11	0	2	0	19.5
rokr mechanical music box starry night	https://robotoys.eu/wooden-3d-puzzle/music-boxes/music-box-starry-night-rokr-amk51-p11	0	1	0	19
rokr mechanical orrery st001	https://robotoys.eu/wooden-3d-puzzle/the-universe/solar-system-rokr-st001-p71	0	5	0	6.4
rokr mechanical orrery st001 3d wooden puzzle	https://robotoys.eu/wooden-3d-puzzle/the-universe/solar-system-rokr-st001-p71	0	1	0	9
rokr mechanical typewriter	https://robotoys.eu/wooden-3d-puzzle/stem-lab/wooden-mechanical-3d-puzzle-mechanical-typewriter-classic-version-rokr-lk703b-p265	0	1	0	13
rokr metal	https://cz.robotoys.eu/nejpopularnejsi-produkty-znacky-rokr	0	1	0	8
rokr metal	https://pl.robotoys.eu/marki/rokr	0	1	0	2
rokr mini gun	https://robotoys.eu/wooden-3d-puzzle/weapons/wooden-mechanical-3d-puzzle-mini-gun-rokr-lq502-p147	0	3	0	15.67
rokr minigun	https://robotoys.eu/wooden-3d-puzzle/weapons/wooden-mechanical-3d-puzzle-mini-gun-rokr-lq502-p147	0	1	0	17
rokr model	https://pl.robotoys.eu/drewniane-puzzle-3d/pojazdy/drewniane-puzzle-3d-model-cylindra-drogowego-rokr-tg701k-p49	0	1	0	8
rokr model	https://pl.robotoys.eu/drewniane-puzzle-3d/pojazdy/model-ciezarowki-rokr-mc502-p27	0	1	0	5
rokr model	https://pl.robotoys.eu/marki/rokr	0	1	0	1
rokr modelbouw	https://robotoys.eu/brands/rokr	0	1	0	26
rokr modele	https://cz.robotoys.eu/nejpopularnejsi-produkty-znacky-rokr	0	1	0	58
rokr modele	https://cz.robotoys.eu/vyprodej-produktu-znacky-rokr	0	1	0	63
rokr modele	https://pl.robotoys.eu/drewniane-puzzle-3d/bronie/karabin-ak-47-rokr-lq901-p67	0	3	0	15.33
rokr modele	https://pl.robotoys.eu/drewniane-puzzle-3d/pojazdy	0	46	0	8.09
rokr modele	https://pl.robotoys.eu/drewniane-puzzle-3d/pojazdy/drewniane-mechaniczne-puzzle-3d-dylizans-rokr-amka1-p99	0	3	0	20
rokr modele	https://pl.robotoys.eu/drewniane-puzzle-3d/pojazdy/model-ciezarowki-rokr-mc502-p27	0	3	0	16
rokr modele	https://pl.robotoys.eu/drewniane-puzzle-3d/stem-lab/drewniana-mechaniczna-ukladanka-3d-fabryka-prezentow-marzen-rokr-eab01-p202	0	1	0	13
rokr modele	https://pl.robotoys.eu/drewniane-puzzle-3d/stem-lab/drewniane-mechaniczne-puzzle-3d-klasyczna-drukarka-rokr-lk602-p90	0	1	0	32
rokr modele	https://pl.robotoys.eu/drewniane-puzzle-3d/stem-lab/drewniane-mechaniczne-puzzle-3d-silnik-parowy-rokr-lka01-p104	0	22	0	4.5
rokr modele	https://pl.robotoys.eu/drewniane-puzzle-3d/stem-lab/pinball-rokr-eg01-p43	0	40	0	3.7
rokr modele	https://pl.robotoys.eu/najdrozsze-produkty-marki-rokr	0	1	0	9
rokr modele	https://pl.robotoys.eu/najlepiej-oceniane-produkty-marki-rokr	0	14	0	5.93
rokr modele	https://pl.robotoys.eu/najnowsze-produkty-marki-rokr	0	2	0	8
rokr modele	https://pl.robotoys.eu/najtansze-produkty-marki-rokr	0	2	0	18
rokr modele	https://pl.robotoys.eu/w-sprzedazy-produkty-marki-rokr	0	2	0	24.5
rokr modele	https://robotoys.eu/the-best-rated-products-of-the-rokr-brand	0	2	0	44
rokr modelle	https://de.robotoys.eu/bloggen/rokr-ihr-einstieg-in-die-welt-der-kreativitat-und-unterhaltung	0	11	0	20.36
rokr modelle	https://de.robotoys.eu/marken/rokr	0	12	0	15.08
rokr models	https://de.robotoys.eu/marken/rokr	0	1	0	20
rokr models	https://es.robotoys.eu/marcas/rokr	0	1	0	7
rokr models	https://it.robotoys.eu/marche/rokr	0	2	0	6
rokr models	https://nl.robotoys.eu/merken/rokr	0	2	0	16.5
rokr models	https://pl.robotoys.eu/najnowsze-produkty-marki-rokr	0	1	0	5
rokr models	https://pl.robotoys.eu/najpopularniejsze-produkty-marki-rokr	0	1	0	8
rokr models	https://robotoys.eu/blog/rokr-your-entry-into-the-world-of-creativity-and-entertainment	0	2	0	9.5
rokr models	https://robotoys.eu/brands/rokr	0	22	0	12.23
rokr monocular telescope	https://robotoys.eu/wooden-3d-puzzle/the-universe/monocular-telescope-rokr-st004-p8	0	3	0	8.67
rokr monopoly	https://es.robotoys.eu/rompecabezas-3d-de-madera/stem-lab/marmol-parkour-rokr-lg501-p42	0	1	0	1
rokr motor	https://robotoys.eu/wooden-3d-puzzle/vehicles/motorcycle-cruiser-rokr-lk504-p12	0	3	0	5
rokr motorcycle	https://robotoys.eu/wooden-3d-puzzle/vehicles/motorcycle-cruiser-rokr-lk504-p12	0	4	0	10.5
rokr music box	https://robotoys.eu/wooden-3d-puzzle/music-boxes/music-box-starry-night-rokr-amk51-p11	0	1	0	24
rokr nederland	https://nl.robotoys.eu/merken/rokr	0	2	0	20.5
rokr night city	https://fr.robotoys.eu/casse-tete-3d-en-bois/stem-lab/marble-night-city-rokr-lga01-p2	0	1	0	6
rokr night city	https://lv.robotoys.eu/koka-3d-puzle/stem-lab/marble-night-city-rokr-lga01-p2	0	1	0	3
rokr night city	https://nl.robotoys.eu/houten-3d-puzzel/stem-lab/marble-night-city-rokr-lga01-p2	0	2	0	7
rokr night city	https://pt.robotoys.eu/quebra-cabeca-3d-de-madeira/stem-lab/marble-night-city-rokr-lga01-p2	0	1	0	8
rokr official	https://robotoys.eu/brands/rokr	0	1	0	6
rokr online	https://cz.robotoys.eu/znacky/rokr	0	2	0	3
rokr orpheus	https://de.robotoys.eu/3d-puzzle-aus-holz/spieluhren/mechanisches-3d-puzzle-aus-holz-spielschrank-orpheus-rokr-am601-p82	0	2	0	6
rokr orpheus	https://fr.robotoys.eu/casse-tete-3d-en-bois/boites-a-musique/puzzle-3d-mecanique-en-bois-armoire-de-jeux-orpheus-rokr-am601-p82	0	2	0	3
rokr orpheus	https://it.robotoys.eu/puzzle-3d-in-legno/carillon/puzzle-3d-meccanico-in-legno-mobile-da-gioco-orpheus-rokr-am601-p82	0	2	0	3
rokr orpheus	https://nl.robotoys.eu/houten-3d-puzzel/muziekdoosjes/houten-mechanische-3d-puzzel-spelkast-orpheus-rokr-am601-p82	0	1	0	4
rokr orpheus	https://robotoys.eu/wooden-3d-puzzle/music-boxes/wooden-mechanical-3d-puzzle-game-cabinet-orpheus-rokr-am601-p82	0	1	0	14
rokr orrery	https://es.robotoys.eu/rompecabezas-3d-de-madera/el-universo/sistema-solar-rokr-st001-p71	0	1	0	5
rokr owl	https://pl.robotoys.eu/drewniane-puzzle-3d/zegary-i-kalendarze/zegarowa-sowa-rokr-lk503-p6	0	1	0	2
rokr owl	https://robotoys.eu/wooden-3d-puzzle/clocks-calendars/clock-owl-rokr-lk503-p6	0	1	0	4
rokr owl clock	https://robotoys.eu/wooden-3d-puzzle/clocks-calendars/clock-owl-rokr-lk503-p6	0	13	0	23.62
rokr owl clock instructions pdf	https://robotoys.eu/wooden-3d-puzzle/clocks-calendars/clock-owl-rokr-lk503-p6	0	1	0	18
rokr owl clock lk503	https://robotoys.eu/wooden-3d-puzzle/clocks-calendars/clock-owl-rokr-lk503-p6	0	1	0	8
rokr pendulum clock	https://robotoys.eu/wooden-3d-puzzle/clocks-calendars/clock-owl-rokr-lk503-p6	0	3	0	29
rokr perpetual calendar	https://it.robotoys.eu/puzzle-3d-in-legno/orologi-calendari/calendario-perpetuo-rokr-lk201-p55	0	1	0	12
rokr piano	https://cz.robotoys.eu/drevene-3d-puzzle/hudebni-nastroje/kouzelny-klavir-rokr-amk81-p70	0	2	0	2.5
rokr piano	https://es.robotoys.eu/rompecabezas-3d-de-madera/instrumentos-musicales/magic-piano-rokr-amk81-p70	0	4	0	5
rokr piano	https://fr.robotoys.eu/casse-tete-3d-en-bois/instruments-de-musique/piano-magique-rokr-amk81-p70	0	7	0	7.29
rokr piano	https://it.robotoys.eu/puzzle-3d-in-legno/strumenti-musicali/pianoforte-magico-rokr-amk81-p70	0	2	0	4.5
rokr piano	https://nl.robotoys.eu/houten-3d-puzzel/muziekinstrumenten/magische-piano-rokr-amk81-p70	0	11	0	10.09
rokr piano	https://pt.robotoys.eu/quebra-cabeca-3d-de-madeira/instrumentos-musicais/magic-piano-rokr-amk81-p70	0	1	0	10
rokr piano	https://robotoys.eu/wooden-3d-puzzle/musical-instruments/magic-piano-rokr-amk81-p70	0	4	0	9.5
rokr pinball	https://cz.robotoys.eu/drevene-3d-puzzle/stem-lab/pinball-rokr-eg01-p43	0	5	0	1.2
rokr pinball	https://de.robotoys.eu/3d-puzzle-aus-holz/stem-lab/flipper-rokr-eg01-p43	0	23	0	7.17
rokr pinball	https://es.robotoys.eu/rompecabezas-3d-de-madera/stem-lab/pinball-rokr-eg01-p43	0	10	0	10.1
rokr pinball	https://it.robotoys.eu/puzzle-3d-in-legno/stem-lab/pinball-rokr-eg01-p43	0	14	0	8.79
rokr pinball	https://nl.robotoys.eu/houten-3d-puzzel/stem-lab/flipperkast-rokr-eg01-p43	0	2	0	17.5
rokr pinball	https://pl.robotoys.eu/drewniane-puzzle-3d/stem-lab/pinball-rokr-eg01-p43	0	8	0	4.12
rokr pinball	https://pt.robotoys.eu/quebra-cabeca-3d-de-madeira/stem-lab/pinball-rokr-eg01-p43	0	1	0	9
rokr pinball	https://robotoys.eu/wooden-3d-puzzle/stem-lab/pinball-rokr-eg01-p43	0	57	0	8.32
rokr pinball	https://se.robotoys.eu/3d-pussel-i-tra/stem-lab/pinball-rokr-eg01-p43	0	11	0	5.64
rokr pinball machine	https://de.robotoys.eu/3d-puzzle-aus-holz/stem-lab/flipper-rokr-eg01-p43	0	1	0	4
rokr pinball machine	https://pl.robotoys.eu/drewniane-puzzle-3d/stem-lab/pinball-rokr-eg01-p43	0	1	0	5
rokr pistol	https://de.robotoys.eu/3d-puzzle-aus-holz/waffen/mechanisches-3d-puzzle-aus-holz-minipistole-rokr-lq502-p147	0	3	0	2
rokr plane	https://robotoys.eu/brands/rokr	0	1	0	25
rokr planetarium	https://es.robotoys.eu/rompecabezas-3d-de-madera/el-universo/sistema-solar-rokr-st001-p71	0	1	0	3
rokr planetarium	https://robotoys.eu/wooden-3d-puzzle/the-universe/solar-system-rokr-st001-p71	0	1	0	9
rokr prime steam express	https://es.robotoys.eu/rompecabezas-3d-de-madera/vehiculos/modelo-de-locomotora-de-vapor-rokr-mc501-p13	0	1	0	6
rokr prime steam express mc501	https://es.robotoys.eu/rompecabezas-3d-de-madera/vehiculos/modelo-de-locomotora-de-vapor-rokr-mc501-p13	0	1	0	5
rokr products	https://robotoys.eu/blog/rokr-your-entry-into-the-world-of-creativity-and-entertainment	0	1	0	16
rokr puzzle	https://cz.robotoys.eu/drevene-3d-puzzle/vozidla/vintage-auto-rokr-mc801-p72	0	1	0	5
rokr puzzle	https://cz.robotoys.eu/znacky/rokr	0	2	0	2.5
rokr puzzle	https://de.robotoys.eu/3d-puzzle-aus-holz/stem-lab/flipper-rokr-eg01-p43	0	2	0	31.5
rokr puzzle	https://de.robotoys.eu/marken/rokr	0	6	0	17.5
rokr puzzle	https://dk.robotoys.eu/maerker/rokr	0	1	0	3
rokr puzzle	https://es.robotoys.eu/marcas/rokr	0	17	0	4.24
rokr puzzle	https://hu.robotoys.eu/fabol-keszult-3d-puzzle/stem-lab/fa-mechanikus-3d-kirako-alomajandek-gyar-rokr-eab01-p202	0	1	0	6
rokr puzzle	https://it.robotoys.eu/blog/rokr-il-tuo-ingresso-nel-mondo-della-creativita-e-dellintrattenimento	0	1	0	15
rokr puzzle	https://it.robotoys.eu/puzzle-3d-in-legno/stem-lab/puzzle-3d-meccanico-in-legno-stampante-classica-rokr-lk602-p90	0	3	0	6
rokr puzzle	https://pl.robotoys.eu/blog/rokr-twoje-wejscie-do-swiata-kreatywnosci-i-rozrywki	0	2	0	7
rokr puzzle	https://pl.robotoys.eu/drewniane-puzzle-3d/bronie/dzialo-obleznicze-rokr-kw801-p51	0	3	0	47
rokr puzzle	https://pl.robotoys.eu/drewniane-puzzle-3d/bronie/karabin-ak-47-rokr-lq901-p67	0	2	0	15.5
rokr puzzle	https://pl.robotoys.eu/drewniane-puzzle-3d/pojazdy	0	1	0	23
rokr puzzle	https://pl.robotoys.eu/drewniane-puzzle-3d/pojazdy/drewniane-mechaniczne-puzzle-3d-dylizans-rokr-amka1-p99	0	2	0	29
rokr puzzle	https://pl.robotoys.eu/drewniane-puzzle-3d/pojazdy/lokomotywa-rokr-lk701-p7	0	1	0	9
rokr puzzle	https://pl.robotoys.eu/drewniane-puzzle-3d/pojazdy/model-ciezarowki-rokr-mc502-p27	0	2	0	12.5
rokr puzzle	https://pl.robotoys.eu/drewniane-puzzle-3d/pojazdy/motocykl-cruiser-rokr-lk504-p12	0	4	0	14.75
rokr puzzle	https://pl.robotoys.eu/drewniane-puzzle-3d/stem-lab/drewniane-mechaniczne-puzzle-3d-klasyczna-drukarka-rokr-lk602-p90	0	1	0	9
rokr puzzle	https://pl.robotoys.eu/drewniane-puzzle-3d/stem-lab/pinball-rokr-eg01-p43	0	6	0	10.17
rokr puzzle	https://pl.robotoys.eu/drewniane-puzzle-3d/wszechswiat/uklad-sloneczny-rokr-st001-p71	0	1	0	9
rokr puzzle	https://pl.robotoys.eu/najlepiej-oceniane-produkty-marki-rokr	0	1	0	6
rokr puzzle	https://robotoys.eu/brands/rokr	0	80	0	17.25
rokr puzzle 3d	https://cz.robotoys.eu/drevene-3d-puzzle/stem-lab/drevene-mechanicke-3d-puzzle-klasicka-tiskarna-rokr-lk602-p90	0	1	0	6
rokr puzzle 3d	https://cz.robotoys.eu/znacky/rokr	0	1	0	1
rokr puzzle 3d	https://es.robotoys.eu/marcas/rokr	0	13	0	3.54
rokr puzzle 3d	https://fr.robotoys.eu/casse-tete-3d-en-bois/boites-a-musique/tourne-disque-electrique-rokr-lkb01d-p68	0	21	0	9.48
rokr puzzle 3d	https://it.robotoys.eu/prodotti-a-marchio-rokr-in-vendita	0	1	0	28
rokr puzzle 3d	https://it.robotoys.eu/puzzle-3d-in-legno/orologi-calendari	0	2	0	7
rokr puzzle 3d	https://it.robotoys.eu/puzzle-3d-in-legno/stem-lab/pinball-rokr-eg01-p43	0	12	0	6.33
rokr puzzle 3d	https://it.robotoys.eu/puzzle-3d-in-legno/stem-lab/puzzle-3d-meccanico-in-legno-stampante-classica-rokr-lk602-p90	0	1	0	3
rokr puzzle 3d	https://it.robotoys.eu/puzzle-3d-in-legno/stem-lab/puzzle-meccanico-3d-in-legno-gear-ball-challenge-rokr-egc01-p213	0	1	0	4
rokr puzzle 3d	https://pl.robotoys.eu/drewniane-puzzle-3d/bronie/karabin-ak-47-rokr-lq901-p67	0	2	0	9.5
rokr puzzle 3d	https://pl.robotoys.eu/drewniane-puzzle-3d/instrumenty-muzyczne/magiczne-pianino-rokr-amk81-p70	0	5	0	7.6
rokr puzzle 3d	https://pl.robotoys.eu/drewniane-puzzle-3d/pozytywki/wiktorianska-latarnia-rokr-amk61-p80	0	1	0	10
rokr puzzle 3d	https://pl.robotoys.eu/drewniane-puzzle-3d/stem-lab/drewniana-mechaniczna-ukladanka-3d-fabryka-prezentow-marzen-rokr-eab01-p202	0	1	0	3
rokr puzzle 3d	https://pl.robotoys.eu/drewniane-puzzle-3d/stem-lab/drewniane-mechaniczne-puzzle-3d-klasyczna-drukarka-rokr-lk602-p90	0	7	0	7.86
rokr puzzle 3d	https://pl.robotoys.eu/drewniane-puzzle-3d/stem-lab/pinball-rokr-eg01-p43	0	4	0	7.75
rokr puzzle 3d	https://pl.robotoys.eu/marki/rokr	0	10	0	2.2
rokr puzzle 3d legno	https://it.robotoys.eu/marche/rokr	0	11	0	2.73
rokr puzzle 3d legno	https://it.robotoys.eu/puzzle-3d-in-legno/orologi-calendari/orologio-gufo-rokr-lk503-p6	0	2	0	8
rokr puzzle 3d madera	https://es.robotoys.eu/marcas/rokr	0	29	0	5
rokr puzzle 3d madera	https://es.robotoys.eu/rompecabezas-3d-de-madera/relojes-y-calendarios/reloj-de-pared-zodiac-rokr-lc601-p52	0	24	0	5.88
rokr puzzle box	https://robotoys.eu/brands/rokr	0	1	0	13
rokr puzzles	https://de.robotoys.eu/marken/rokr	0	1	0	25
rokr puzzles	https://pl.robotoys.eu/drewniane-puzzle-3d/stem-lab/pinball-rokr-eg01-p43	0	1	0	8
rokr puzzles	https://pl.robotoys.eu/marki/rokr	0	1	0	2
rokr puzzles	https://robotoys.eu/brands/rokr	0	31	0	29.81
rokr puzzles near me	https://robotoys.eu/brands/rokr	0	1	0	6
rokr racing car	https://robotoys.eu/wooden-3d-puzzle/vehicles/wooden-mechanical-3d-puzzle-racing-car-rokr-lk505-p141	0	2	0	10.5
rokr racing car lk505	https://fr.robotoys.eu/casse-tete-3d-en-bois/vehicules/puzzle-mecanique-3d-en-bois-voiture-de-course-rokr-lk505-p141	0	2	0	9
rokr racing car lk505	https://robotoys.eu/wooden-3d-puzzle/vehicles/wooden-mechanical-3d-puzzle-racing-car-rokr-lk505-p141	0	2	0	4
rokr reloj	https://es.robotoys.eu/rompecabezas-3d-de-madera/relojes-y-calendarios/reloj-de-pared-romantico-rokr-lc701-p56	0	1	0	2
rokr reloj	https://es.robotoys.eu/rompecabezas-3d-de-madera/relojes-y-calendarios/reloj-de-pared-zodiac-rokr-lc601-p52	0	1	0	14
rokr revolver	https://nl.robotoys.eu/houten-3d-puzzel/wapens/revolver-corsac-m60-rokr-lq401-p35	0	1	0	7
rokr revolver	https://pt.robotoys.eu/quebra-cabeca-3d-de-madeira/armas/revolver-corsac-m60-rokr-lq401-p35	0	5	0	1
rokr rifle	https://cz.robotoys.eu/drevene-3d-puzzle/zbrane/ak-47-rifle-rokr-lq901-p67	0	1	0	1
rokr rifle	https://robotoys.eu/wooden-3d-puzzle/weapons/ak-47-rifle-rokr-lq901-p67	0	1	0	2
rokr robot	https://it.robotoys.eu/marche/rokr	0	1	0	5
rokr robotime	https://pl.robotoys.eu/marki/rokr	0	2	0	9.5
rokr rolife	https://es.robotoys.eu/marcas/rokr	0	1	0	5
rokr romantic carousel	https://robotoys.eu/wooden-3d-puzzle/music-boxes/romantic-carousel-rokr-amk62-p77	0	1	0	13
rokr rompecabezas	https://es.robotoys.eu/marcas/rokr	0	6	0	10
rokr rotating barrel machine gun	https://it.robotoys.eu/puzzle-3d-in-legno/armi/puzzle-meccanico-3d-in-legno-mitragliatrice-con-canna-rotante-rokr-lqa01-p218	0	1	0	7
rokr sale	https://robotoys.eu/brands/rokr	0	44	0	30.07
rokr seahorse barque	https://robotoys.eu/wooden-3d-puzzle/vehicles/wooden-mechanical-3d-puzzle-the-seahorse-barque-rokr-mcb02-p212	0	1	0	7
rokr shop	https://it.robotoys.eu/marche/rokr	0	2	0	7.5
rokr shop	https://robotoys.eu/brands/rokr	0	1	0	14
rokr solar system	https://es.robotoys.eu/concurso-de-rompecabezas/sistema-solar-rokr-st001-71	0	1	0	11
rokr solar system	https://it.robotoys.eu/puzzle-3d-in-legno/luniverso/sistema-solare-rokr-st001-p71	0	1	0	3
rokr solar system	https://robotoys.eu/wooden-3d-puzzle/the-universe/solar-system-rokr-st001-p71	0	3	0	10
rokr solar system planetary orbits	https://robotoys.eu/wooden-3d-puzzle/the-universe/solar-system-rokr-st001-p71	0	1	0	6
rokr space shuttle	https://de.robotoys.eu/3d-puzzle-aus-holz/das-universum/mechanisches-3d-puzzle-aus-holz-space-shuttle-rokr-lka02-p253	0	2	0	21
rokr space shuttle lka02	https://de.robotoys.eu/3d-puzzle-aus-holz/das-universum/mechanisches-3d-puzzle-aus-holz-space-shuttle-rokr-lka02-p253	0	1	0	10
rokr space shuttle lka02	https://robotoys.eu/wooden-3d-puzzle/the-universe/wooden-mechanical-3d-puzzle-space-shuttle-rokr-lka02-p253	0	2	0	9.5
rokr space shuttle mechanical 3d wooden puzzle	https://robotoys.eu/wooden-3d-puzzle/the-universe/wooden-mechanical-3d-puzzle-space-shuttle-rokr-lka02-p253	0	1	0	29
rokr spare parts	https://robotoys.eu/brands/rokr	0	1	0	52
rokr st003	https://cz.robotoys.eu/drevene-3d-puzzle/vesmir/svitici-globus-rokr-st003-p3	0	1	0	2
rokr st003	https://ee.robotoys.eu/puidust-3d-pusle/universum/helendav-maakera-rokr-st003-p3	0	1	0	2
rokr st003	https://ee.robotoys.eu/pusle-voistlus/helendav-maakera-rokr-st003-3	0	1	0	5
rokr st003	https://nl.robotoys.eu/houten-3d-puzzel/het-heelal/lichtgevende-wereldbol-rokr-st003-p3	0	1	0	10
rokr st003	https://pl.robotoys.eu/drewniane-puzzle-3d/wszechswiat/swiecacy-globus-rokr-st003-p3	0	1	0	5
rokr st003	https://robotoys.eu/puzzle-competition/svietiaci-globus-rokr-st003-3	0	1	0	9
rokr st003	https://robotoys.eu/wooden-3d-puzzle/the-universe/luminous-globe-rokr-st003-p3	0	1	0	9
rokr st003d	https://cz.robotoys.eu/drevene-3d-puzzle/vesmir/svitici-globus-rokr-st003-p3	0	1	0	3
rokr st003d	https://de.robotoys.eu/3d-puzzle-aus-holz/das-universum/leuchtender-globus-rokr-st003-p3	0	2	0	8
rokr st003d	https://it.robotoys.eu/puzzle-3d-in-legno/luniverso/globo-luminoso-rokr-st003-p3	0	1	0	2
rokr starry night	https://de.robotoys.eu/3d-puzzle-aus-holz/spieluhren/spieluhr-sternennacht-rokr-amk51-p11	0	1	0	9
rokr starry night	https://es.robotoys.eu/rompecabezas-3d-de-madera/cajas-de-musica/caja-de-musica-noche-estrellada-rokr-amk51-p11	0	3	0	8
rokr starry night	https://fr.robotoys.eu/casse-tete-3d-en-bois/boites-a-musique/boite-a-musique-nuit-etoilee-rokr-amk51-p11	0	2	0	5
rokr starry night	https://it.robotoys.eu/puzzle-3d-in-legno/carillon/carillon-notte-stellata-rokr-amk51-p11	0	2	0	4
rokr starry night	https://pl.robotoys.eu/drewniane-puzzle-3d/pozytywki/pozytywka-gwiazdzista-noc-rokr-amk51-p11	0	2	0	2
rokr starry night	https://robotoys.eu/wooden-3d-puzzle/music-boxes/music-box-starry-night-rokr-amk51-p11	0	1	0	38
rokr starry night mechanical music box	https://robotoys.eu/wooden-3d-puzzle/music-boxes/music-box-starry-night-rokr-amk51-p11	0	1	0	5
rokr stavebnice	https://cz.robotoys.eu/blog/drevene-3d-puzzle-jak-vybrat-svoji-prvni-stavebnice-a-na-co-se-pripravit	0	57	0	8.65
rokr stavebnice	https://cz.robotoys.eu/blog/rokr-vas-vstup-do-sveta-kreativity-a-zabavy	0	21	0	9.33
rokr stavebnice	https://cz.robotoys.eu/drevene-3d-puzzle	0	1	0	54
rokr stavebnice	https://cz.robotoys.eu/drevene-3d-puzzle/hudebni-nastroje/kouzelny-klavir-rokr-amk81-p70	0	36	0	8.89
rokr stavebnice	https://cz.robotoys.eu/drevene-3d-puzzle/stem-lab/drevene-mechanicke-3d-puzzle-tovarna-na-darky-snu-rokr-eab01-p202	0	44	0	8.77
rokr stavebnice	https://cz.robotoys.eu/drevene-3d-puzzle/vesmir/svitici-globus-rokr-st003-p3	0	40	0	8.75
rokr stavebnice	https://cz.robotoys.eu/drevene-3d-puzzle/zbrane/ak-47-rifle-rokr-lq901-p67	0	2	0	12
rokr stavebnice	https://cz.robotoys.eu/nejpopularnejsi-produkty-znacky-rokr	0	1	0	46
rokr stavebnice	https://cz.robotoys.eu/vyprodej-produktu-znacky-rokr	0	1	0	52
rokr steam engine	https://robotoys.eu/wooden-3d-puzzle/vehicles/locomotive-rokr-lk701-p7	0	1	0	32
rokr steam engine mechanical 3d wooden puzzle lka01	https://robotoys.eu/wooden-3d-puzzle/stem-lab/wooden-mechanical-3d-puzzle-steam-engine-rokr-lka01-p104	0	1	0	8
rokr steampunk	https://pl.robotoys.eu/marki/rokr	0	1	0	4
rokr store	https://robotoys.eu/brands/rokr	0	2	0	5.5
rokr store near me	https://robotoys.eu/brands/rokr	0	1	0	9
rokr submachine gun	https://robotoys.eu/wooden-3d-puzzle/weapons/thompson-rokr-lqb01-p74	0	2	0	9
rokr sverige	https://se.robotoys.eu/forsaljning-av-produkter-av-market-rokr	0	2	0	9
rokr sverige	https://se.robotoys.eu/marken/rokr	0	4	0	2
rokr swing ride	https://cz.robotoys.eu/drevene-3d-puzzle/hraci-skrinky/hudebni-hraci-skrinka-swing-ride-rokr-ea02-p4	0	5	0	2
rokr swing ride	https://de.robotoys.eu/3d-puzzle-aus-holz/spieluhren/spieluhr-swing-ride-rokr-ea02-p4	0	1	0	10
rokr swing ride	https://es.robotoys.eu/rompecabezas-3d-de-madera/cajas-de-musica/caja-de-musica-swing-ride-rokr-ea02-p4	0	1	0	6
rokr swing ride	https://it.robotoys.eu/puzzle-3d-in-legno/carillon/carillon-swing-ride-rokr-ea02-p4	0	2	0	5.5
rokr swing ride	https://pl.robotoys.eu/drewniane-puzzle-3d/pozytywki/pozytywka-swing-ride-rokr-ea02-p4	0	1	0	2
rokr swing ride	https://robotoys.eu/wooden-3d-puzzle/music-boxes/swing-ride-music-box-rokr-ea02-p4	0	3	0	26.33
rokr telescope	https://fr.robotoys.eu/casse-tete-3d-en-bois/lunivers/telescope-monoculaire-rokr-st004-p8	0	3	0	5.67
rokr telescope	https://robotoys.eu/wooden-3d-puzzle/the-universe/monocular-telescope-rokr-st004-p8	0	4	0	9.75
rokr the seahorse barque 3d wooden puzzle mcb02	https://cz.robotoys.eu/drevene-3d-puzzle/vozidla/drevene-mechanicke-3d-puzzle-plachetnice-morsky-konik-rokr-mcb02-p212	0	1	0	8
rokr the seahorse barque 3d wooden puzzle mcb02	https://robotoys.eu/wooden-3d-puzzle/vehicles/wooden-mechanical-3d-puzzle-the-seahorse-barque-rokr-mcb02-p212	0	5	0	6.4
rokr thompson	https://es.robotoys.eu/rompecabezas-3d-de-madera/armas/thompson-rokr-lqb01-p74	0	2	0	1.5
rokr thompson	https://robotoys.eu/wooden-3d-puzzle/weapons/thompson-rokr-lqb01-p74	0	1	0	5
rokr thompson submachine gun	https://robotoys.eu/wooden-3d-puzzle/weapons/thompson-rokr-lqb01-p74	0	3	0	11.33
rokr tienda	https://es.robotoys.eu/marcas/rokr	0	3	0	8.67
rokr tommy gun	https://pl.robotoys.eu/drewniane-puzzle-3d/bronie/thompson-rokr-lqb01-p74	0	3	0	1
rokr train	https://es.robotoys.eu/rompecabezas-3d-de-madera/vehiculos/locomotora-rokr-lk701-p7	0	1	0	6
rokr train	https://es.robotoys.eu/rompecabezas-3d-de-madera/vehiculos/modelo-de-locomotora-de-vapor-rokr-mc501-p13	0	1	0	9
rokr train	https://fr.robotoys.eu/casse-tete-3d-en-bois/vehicules/locomotive-rokr-lk701-p7	0	2	0	6.5
rokr train	https://robotoys.eu/wooden-3d-puzzle/vehicles/locomotive-rokr-lk701-p7	0	3	0	6
rokr train model	https://robotoys.eu/wooden-3d-puzzle/vehicles/locomotive-rokr-lk701-p7	0	5	0	5.8
rokr tram	https://nl.robotoys.eu/houten-3d-puzzel/voertuigen/houten-3d-puzzel-klassieke-stadstram-rokr-lk801-p88	0	8	0	4.25
rokr tram	https://robotoys.eu/wooden-3d-puzzle/vehicles/wooden-3d-puzzle-classic-city-tram-rokr-lk801-p88	0	3	0	7
rokr treasure box	https://fr.robotoys.eu/casse-tete-3d-en-bois/stem-lab/coffre-fort-rokr-lk502-p57	0	1	0	9
rokr treasure box	https://it.robotoys.eu/puzzle-3d-in-legno/stem-lab/cassetta-di-sicurezza-rokr-lk502-p57	0	1	0	4
rokr treasure box	https://robotoys.eu/wooden-3d-puzzle/stem-lab/treasure-box-rokr-lk502-p57	0	1	0	25
rokr treasure tray	https://robotoys.eu/wooden-3d-puzzle/stem-lab/treasure-box-rokr-lk502-p57	0	2	0	10.5
rokr typewriter	https://robotoys.eu/wooden-3d-puzzle/stem-lab/wooden-mechanical-3d-puzzle-mechanical-typewriter-classic-version-rokr-lk703b-p265	0	2	0	33.5
rokr uil klok	https://nl.robotoys.eu/houten-3d-puzzel/klokken-kalenders/klokuil-rokr-lk503-p6	0	1	0	13
rokr uk	https://robotoys.eu/brands/rokr	0	1	0	34
rokr velociraptor	https://cz.robotoys.eu/drevene-3d-puzzle/zvirata/drevene-mechanicke-3d-puzzle-velociraptor-rokr-ld01-p220	0	1	0	6
rokr velociraptor	https://es.robotoys.eu/concurso-de-rompecabezas/velociraptor-rokr-ld01-220	0	2	0	5
rokr velociraptor	https://es.robotoys.eu/rompecabezas-3d-de-madera/los-animales/rompecabezas-mecanico-3d-de-madera-velociraptor-rokr-ld01-p220	0	1	0	6
rokr velociraptor	https://it.robotoys.eu/concorso-di-puzzle/velociraptor-rokr-ld01-220	0	1	0	9
rokr velociraptor	https://it.robotoys.eu/puzzle-3d-in-legno/gli-animali/puzzle-meccanico-3d-in-legno-velociraptor-rokr-ld01-p220	0	1	0	4
rokr victorian lantern	https://robotoys.eu/puzzle-competition/victorian-lantern-rokr-amk61-80	0	4	0	6.5
rokr victorian lantern	https://robotoys.eu/wooden-3d-puzzle/music-boxes/victorian-lantern-rokr-amk61-p80	0	5	0	4.6
rokr view all games & puzzles	https://robotoys.eu/brands/rokr	0	42	0	30.93
rokr vintage car	https://robotoys.eu/wooden-3d-puzzle/vehicles/vintage-car-rokr-mc801-p72	0	2	0	2.5
rokr violin	https://es.robotoys.eu/rompecabezas-3d-de-madera/instrumentos-musicales/violin-capriccio-rokr-tg604k-p66	0	2	0	3
rokr violin	https://it.robotoys.eu/puzzle-3d-in-legno/strumenti-musicali/violino-capriccio-rokr-tg604k-p66	0	2	0	3
rokr violin	https://robotoys.eu/wooden-3d-puzzle/musical-instruments/violin-capriccio-rokr-tg604k-p66	0	3	0	10.33
rokr violin capriccio	https://robotoys.eu/wooden-3d-puzzle/musical-instruments/violin-capriccio-rokr-tg604k-p66	0	1	0	8
rokr vitascope	https://de.robotoys.eu/3d-puzzle-aus-holz/stem-lab/filmprojektor-vitascope-rokr-lk601-p5	0	4	0	24.5
rokr vitascope	https://es.robotoys.eu/rompecabezas-3d-de-madera/stem-lab/proyector-de-cine-vitascope-rokr-lk601-p5	0	3	0	11
rokr vitascope	https://fr.robotoys.eu/casse-tete-3d-en-bois/stem-lab/projecteur-de-cinema-vitascope-rokr-lk601-p5	0	3	0	28.33
rokr vitascope	https://it.robotoys.eu/puzzle-3d-in-legno/stem-lab/proiettore-cinematografico-vitascope-rokr-lk601-p5	0	3	0	3
rokr vitascope	https://robotoys.eu/wooden-3d-puzzle/stem-lab/film-projector-vitascope-rokr-lk601-p5	0	8	0	11.75
rokr vitascope film	https://robotoys.eu/wooden-3d-puzzle/stem-lab/film-projector-vitascope-rokr-lk601-p5	0	1	0	23
rokr vitascope lk601	https://robotoys.eu/wooden-3d-puzzle/stem-lab/film-projector-vitascope-rokr-lk601-p5	0	1	0	9
rokr wereldbol	https://nl.robotoys.eu/houten-3d-puzzel/het-heelal/lichtgevende-wereldbol-rokr-st003-p3	0	1	0	1
rokr wood	https://it.robotoys.eu/marche/rokr	0	1	0	5
rokr wood	https://robotoys.eu/brands/rokr	0	1	0	9
rokr wooden	https://robotoys.eu/brands/rokr	0	1	0	10
rokr wooden models	https://robotoys.eu/brands/rokr	0	1	0	33
rokr wooden puzzles	https://es.robotoys.eu/marcas/rokr	0	2	0	5
rokr wooden puzzles	https://pl.robotoys.eu/marki/rokr	0	1	0	2
rokr wooden puzzles	https://robotoys.eu/brands/rokr	0	4	0	14.75
rokr wooden puzzles	https://robotoys.eu/wooden-3d-puzzle/music-boxes/music-box-magic-cello-rokr-amk63-p1	0	1	0	19
rokr zodiac wall clock	https://robotoys.eu/wooden-3d-puzzle/clocks-calendars/wall-clock-zodiac-rokr-lc601-p52	0	3	0	8.67
rokr конструктор	https://robotoys.eu/brands/rokr	0	1	0	18
rokr конструктор деревянный	https://pl.robotoys.eu/marki/rokr	0	1	0	27
rokr конструктор деревянный	https://robotoys.eu/brands/rokr	0	2	0	21.5
rokr ピンボール	https://robotoys.eu/wooden-3d-puzzle/stem-lab/pinball-rokr-eg01-p43	0	1	0	35
rokr 公司	https://robotoys.eu/blog/rokr-your-entry-into-the-world-of-creativity-and-entertainment	0	1	0	18
rokr.	https://es.robotoys.eu/marcas/rokr	0	1	0	5
rokr.	https://se.robotoys.eu/marken/rokr	0	1	0	4
rokr.com	https://cz.robotoys.eu/znacky/rokr	0	1	0	6
rokro	https://it.robotoys.eu/marche/rokr	0	1	0	10
rokrs	https://it.robotoys.eu/blog/rokr-il-tuo-ingresso-nel-mondo-della-creativita-e-dellintrattenimento	0	1	0	8
rokrs	https://nl.robotoys.eu/merken/rokr	0	1	0	11
rokrs	https://robotoys.eu/brands/rokr	0	2	0	9
roku puzzles	https://pl.robotoys.eu/marki/rokr	0	1	0	5
rolaif	https://es.robotoys.eu/marcas/rolife	0	1	0	7
rolaif	https://it.robotoys.eu/marche/rolife	0	2	0	5
rolelife	https://it.robotoys.eu/marche/rolife	0	2	0	6.5
rolfie	https://bg.robotoys.eu/marky/rolife	0	2	0	5
rolfie	https://dk.robotoys.eu/maerker/rolife	0	4	0	3.25
rolfie	https://ee.robotoys.eu/kaubamargid/rolife	0	1	0	3
rolfie	https://es.robotoys.eu/marcas/rolife	0	7	0	19
rolfie	https://hu.robotoys.eu/markak/rolife	0	1	0	2
rolief	https://es.robotoys.eu/marcas/rolife	0	1	0	10
rolief	https://hu.robotoys.eu/markak/rolife	0	1	0	5
rolief	https://pl.robotoys.eu/marki/rolife	0	1	0	5
rolif	https://fr.robotoys.eu/les-produits-les-plus-chers-de-la-marque-rolife	0	5	0	7.6
rolif3	https://es.robotoys.eu/marcas/rolife	0	1	0	8
rolif3	https://pl.robotoys.eu/marki/rolife	0	1	0	6
rolifd	https://dk.robotoys.eu/maerker/rolife	0	2	0	3
rolifd	https://pl.robotoys.eu/marki/rolife	0	1	0	3
rolife	https://bg.robotoys.eu/	0	1	0	5
rolife	https://bg.robotoys.eu/blog/rolife-krasotata-na-bavnyia-zhyvot-y-tvorchestvoto-napravy-sy-sam	0	1	0	13
rolife	https://bg.robotoys.eu/nai-novyte-produkty-na-markata-rolife	0	1	0	27
rolife	https://cz.robotoys.eu/miniaturni-domecky/books-nook/vlozka-do-police-na-knihy-koutek-magicke-fantazie-rolife-tgb14-p221	0	1	0	1
rolife	https://cz.robotoys.eu/miniaturni-domecky/miniaturni-pokoje/sklenik-pani-cathy-rolife-dg104-p28	0	1	0	3
rolife	https://cz.robotoys.eu/miniaturni-domky-doba-skladani-do-3-az-5-hodin	0	5	0	5.8
rolife	https://cz.robotoys.eu/miniaturni-domky-doba-skladani-vice-nez-5-hodin	0	1	0	3
rolife	https://cz.robotoys.eu/nejpopularnejsi-miniaturni-domky	0	1	0	3
rolife	https://de.robotoys.eu/marken/rolife	0	15	0	21.07
rolife	https://de.robotoys.eu/miniaturhauser/miniaturladen/miniaturhaus-restaurant-tipsy-rolife-dg167-p209	0	1	0	3
rolife	https://dk.robotoys.eu/miniaturehuse	0	5	0	11.4
rolife	https://dk.robotoys.eu/rolife-maerkeprodukter-til-salg	0	47	0	3.6
rolife	https://ee.robotoys.eu/miniatuursete-majade-muuk	0	5	0	4.8
rolife	https://es.robotoys.eu/blog/lo-que-necesitas-saber-antes-de-construir-casas-en-miniatura	0	20	0	7.35
rolife	https://es.robotoys.eu/casas-en-miniatura/habitaciones-en-miniatura/casa-en-miniatura-el-atico-de-dora-rolife-dg12-p91	0	153	0	32.84
rolife	https://es.robotoys.eu/casas-en-miniatura/habitaciones-en-miniatura/invernadero-de-la-sra-cathy-rolife-dg104-p28	0	4	0	1.75
rolife	https://es.robotoys.eu/casas-en-miniatura/habitaciones-en-miniatura/mr-millers-garden-rolife-dg108-p23	0	97	0	26.56
rolife	https://es.robotoys.eu/productos-de-la-marca-rolife-en-oferta	0	2	0	12.5
rolife	https://gr.robotoys.eu/mikroskopika-spitia/biblia-nook/entheto-rafi-xristoygenniatikh-eswterikh-skhnh-rolife-tgc07-p140	0	4	0	8
rolife	https://gr.robotoys.eu/mikroskopika-spitia/mikroskopika-dwmatia/spiti-miniatoyra-sofita-ths-ntoras-rolife-dg12-p91	0	3	0	7.33
rolife	https://hr.robotoys.eu/brendovi/rolife	0	43	0	4.02
rolife	https://hu.robotoys.eu/miniatur-hazak/konyvek-kucko/nyaralo-kertes-haz-rolife-tgb06-p78	0	8	0	9.88
rolife	https://hu.robotoys.eu/miniatur-hazak/miniatur-uzletek/miniatur-haz-etterem-tipsy-rolife-dg167-p209	0	21	0	7.81
rolife	https://it.robotoys.eu/blog/rolife-la-bellezza-della-vita-lenta-e-della-creativita-fai-da-te	0	12	0	7.67
rolife	https://it.robotoys.eu/case-in-miniatura/camere-in-miniatura/casa-in-miniatura-scuola-di-magia-rolife-dg166-p163	0	1	0	6
rolife	https://it.robotoys.eu/case-in-miniatura/camere-in-miniatura/casa-in-miniatura-villa-accogliente-per-cuccioli-rolife-dg169-p149	0	25	0	6.24
rolife	https://it.robotoys.eu/case-in-miniatura/camere-in-miniatura/il-giardino-di-mr-miller-rolife-dg108-p23	0	1	0	2
rolife	https://lv.robotoys.eu/jaunakie-rolife-zimola-produkti	0	1	0	51
rolife	https://lv.robotoys.eu/letakie-rolife-zimola-produkti	0	1	0	71
rolife	https://pl.robotoys.eu/miniaturowe-domki/kacik-ksiazek/wkladka-do-regalu-scena-uliczna-rolife-tgb13-p256	0	1	0	3
rolife	https://pl.robotoys.eu/miniaturowe-domki/kacik-ksiazek/wkladka-na-polke-na-ksiazki-swiateczna-scena-wnetrza-rolife-tgc07-p140	0	1	0	4
rolife	https://pt.robotoys.eu/blogue/rolife-a-beleza-da-vida-lenta-e-da-criatividade-diy	0	5	0	10.8
rolife	https://pt.robotoys.eu/casas-em-miniatura	0	1	0	4
rolife	https://pt.robotoys.eu/casas-em-miniatura/lojas-de-miniaturas/casa-em-miniatura-loja-de-cha-de-alice-rolife-dg156-p61	0	1	0	2
rolife	https://pt.robotoys.eu/casas-em-miniatura/lojas-de-miniaturas/floricultura-emily-rolife-dg145-p25	0	1	0	17
rolife	https://pt.robotoys.eu/casas-em-miniatura/quartos-em-miniatura/casa-em-miniatura-escola-de-magia-rolife-dg166-p163	0	1	0	22
rolife	https://pt.robotoys.eu/concurso-de-quebra-cabeca/cena-interior-de-natal-rolife-tgc07-140	0	1	0	15
rolife	https://pt.robotoys.eu/concurso-de-quebra-cabeca/parque-tematico-de-contos-de-fadas-rolife-tgb17-257	0	1	0	11
rolife	https://pt.robotoys.eu/quebra-cabeca-3d-de-madeira/veiculos/bonde-historico-rolife-tg505-p40	0	1	0	42
rolife	https://ro.robotoys.eu/case-miniaturale/camere-miniaturale/agentia-de-detectivi-a-lui-mose-rolife-dg157-p24	0	1	0	11
rolife	https://ro.robotoys.eu/marci/rolife	0	7	0	18.14
rolife	https://robotoys.eu/brands/rolife	0	25	0	6.04
rolife	https://robotoys.eu/miniature-houses/miniature-rooms/sams-study-library-rolife-dg102-p86	0	1	0	7
rolife	https://se.robotoys.eu/3d-pussel-i-tra/speldosor/mekaniskt-3d-pussel-i-tra-klassisk-karusell-rolife-amc01-p146	0	11	0	7.36
rolife	https://se.robotoys.eu/marken/rolife?page=2	0	2	0	20
rolife	https://se.robotoys.eu/miniatyrhus/miniatyrrum	0	1	0	5
rolife	https://si.robotoys.eu/blagovne-znamke/rolife	0	4	0	3
rolife - sakura dreamy tour - amt02	https://fr.robotoys.eu/casse-tete-3d-en-bois/boites-a-musique/puzzle-mecanique-3d-en-bois-sakura-dreamy-tour-rolife-amt02-p219	0	5	0	1
rolife 3d	https://de.robotoys.eu/marken/rolife	0	1	0	23
rolife 3d	https://it.robotoys.eu/marche/rolife	0	1	0	4
rolife 3d	https://pl.robotoys.eu/marki/rolife	0	3	0	3
rolife 3d	https://pt.robotoys.eu/marcas/rolife	0	2	0	3
rolife 3d puzzle	https://de.robotoys.eu/3d-puzzle-aus-holz/musikinstrumente/saxophon-rolife-tg309-p26	0	1	0	21
rolife 3d puzzle	https://es.robotoys.eu/rompecabezas-3d-de-madera/instrumentos-musicales/bateria-rolife-tg409-p81	0	1	0	14
rolife 3d puzzle	https://hr.robotoys.eu/brendovi/rolife	0	1	0	9
rolife 3d puzzle	https://hu.robotoys.eu/fabol-keszult-3d-puzzle/viragok/fa-3d-puzzle-sakura-bonsai-rolife-tg415-p142	0	25	0	5.64
rolife 3d puzzle	https://it.robotoys.eu/marche/rolife	0	1	0	13
rolife 3d puzzle	https://it.robotoys.eu/puzzle-3d-in-legno/carillon/puzzle-meccanico-3d-in-legno-giostra-classica-rolife-amc01-p146	0	1	0	2
rolife 3d puzzle	https://it.robotoys.eu/puzzle-3d-in-legno/fiori	0	1	0	4
rolife 3d puzzle	https://it.robotoys.eu/puzzle-3d-in-legno/strumenti-musicali/puzzle-3d-in-legno-grammofono-rolife-tg408-p39	0	5	0	12.2
rolife 3d puzzle eiffel tower	https://robotoys.eu/wooden-3d-puzzle/architecture/model-of-the-eiffel-tower-rolife-tg501-p17	0	3	0	13.33
rolife 3d puzzle sakura bonsai	https://it.robotoys.eu/puzzle-3d-in-legno/fiori/puzzle-3d-in-legno-sakura-bonsai-rolife-tg415-p142	0	1	0	6
rolife 3d puzzle sakura bonsai	https://robotoys.eu/wooden-3d-puzzle/flowers/wooden-3d-puzzle-sakura-bonsai-rolife-tg415-p142	0	4	0	7.5
rolife 3d puzzle sakura journey	https://pl.robotoys.eu/drewniane-puzzle-3d/pojazdy/drewniane-puzzle-3d-sakura-journey-rolife-tgs02-p105	0	1	0	4
rolife 3d puzzle sakura journey	https://robotoys.eu/wooden-3d-puzzle/vehicles/wooden-3d-puzzle-sakura-journey-rolife-tgs02-p105	0	6	0	6
rolife 3d puzzle sakura tree house	https://de.robotoys.eu/3d-puzzle-aus-holz/die-architektur/3d-puzzle-aus-holz-sakura-baumhaus-rolife-tgs04-p201	0	2	0	7
rolife 3d puzzles	https://cz.robotoys.eu/znacky/rolife	0	1	0	2
rolife 3d puzzles	https://es.robotoys.eu/marcas/rolife	0	1	0	8
rolife 3d puzzles	https://pl.robotoys.eu/marki/rolife	0	5	0	6.4
rolife 3d wooden puzzle	https://it.robotoys.eu/blog/storia-dei-puzzle-in-legno-3d-dalle-origini-al-presente	0	1	0	9
rolife 3d wooden puzzle	https://pt.robotoys.eu/quebra-cabeca-3d-de-madeira/caixas-de-musica/roda-gigante-rolife-tgn01-p18	0	1	0	4
rolife 3d wooden puzzle	https://pt.robotoys.eu/quebra-cabeca-3d-de-madeira/flores/quebra-cabeca-3d-de-madeira-cravo-rosa-rowood-tw051-p110	0	1	0	4
rolife 3d wooden puzzle sakura tree house tgs04	https://robotoys.eu/wooden-3d-puzzle/architecture/wooden-3d-puzzle-sakura-treehouse-rolife-tgs04-p201	0	1	0	5
rolife 8+	https://cz.robotoys.eu/znacky/rolife	0	2	0	5
rolife alice	https://ee.robotoys.eu/miniatuursed-majad/miniatuursed-poed/miniatuurne-maja-alicei-teepood-rolife-dg156-p61	0	2	0	1
rolife alice	https://it.robotoys.eu/case-in-miniatura/negozi-in-miniatura/casa-in-miniatura-negozio-di-te-di-alice-rolife-dg156-p61	0	5	0	1
rolife alice	https://nl.robotoys.eu/miniatuur-huizen/miniatuur-winkels/miniatuurhuis-alices-theewinkel-rolife-dg156-p61	0	1	0	12
rolife alice	https://pt.robotoys.eu/casas-em-miniatura/lojas-de-miniaturas/casa-em-miniatura-loja-de-cha-de-alice-rolife-dg156-p61	0	1	0	4
rolife alice	https://robotoys.eu/miniature-houses/miniature-stores/miniature-house-alices-tea-shop-rolife-dg156-p61	0	1	0	8
rolife alice in wonderland	https://it.robotoys.eu/case-in-miniatura/angolo-dei-libri/inserto-per-libreria-viaggio-nel-paese-delle-meraviglie-rolife-tgb12-p165	0	2	0	2
rolife alice in wonderland book nook	https://gr.robotoys.eu/mikroskopika-spitia/biblia-nook/entheto-bibliothhkhs-taksidi-sth-xwra-twn-thaymatwn-rolife-tgb12-p165	0	1	0	4
rolife alice tea store	https://es.robotoys.eu/casas-en-miniatura/tiendas-de-miniaturas/casa-en-miniatura-la-tienda-de-te-de-alice-rolife-dg156-p61	0	2	0	10.5
rolife alice tea store	https://it.robotoys.eu/case-in-miniatura/negozi-in-miniatura/casa-in-miniatura-negozio-di-te-di-alice-rolife-dg156-p61	0	7	0	1
rolife alice tea store	https://robotoys.eu/miniature-houses/miniature-stores/miniature-house-alices-tea-shop-rolife-dg156-p61	0	2	0	10.5
rolife alice's tea store	https://robotoys.eu/miniature-houses/miniature-stores/miniature-house-alices-tea-shop-rolife-dg156-p61	0	1	0	8
rolife alicia en el pais de las maravillas	https://es.robotoys.eu/casas-en-miniatura/tiendas-de-miniaturas/casa-en-miniatura-la-tienda-de-te-de-alice-rolife-dg156-p61	0	1	0	19
rolife amc01	https://de.robotoys.eu/3d-puzzle-aus-holz/spieluhren/mechanisches-3d-puzzle-aus-holz-klassisches-karussell-rolife-amc01-p146	0	2	0	3
rolife amc01	https://es.robotoys.eu/rompecabezas-3d-de-madera/cajas-de-musica/rompecabezas-mecanico-3d-de-madera-carrusel-clasico-rolife-amc01-p146	0	1	0	7
rolife amc01	https://pl.robotoys.eu/drewniane-puzzle-3d/pozytywki/drewniana-mechaniczna-ukladanka-3d-klasyczna-karuzela-rolife-amc01-p146	0	1	0	2
rolife amc01	https://robotoys.eu/wooden-3d-puzzle/music-boxes/wooden-mechanical-3d-puzzle-classic-carousel-rolife-amc01-p146	0	6	0	5.83
rolife arcade	https://robotoys.eu/miniature-houses/books-nook/bookshelf-insert-arcade-dating-rolife-tgb10-p148	0	1	0	15
rolife arcade dating	https://it.robotoys.eu/case-in-miniatura/angolo-dei-libri/inserto-per-libreria-arcade-dating-rolife-tgb10-p148	0	3	0	7.67
rolife arcade dating	https://robotoys.eu/miniature-houses/books-nook/bookshelf-insert-arcade-dating-rolife-tgb10-p148	0	3	0	14.33
rolife barcelona	https://es.robotoys.eu/marcas/rolife	0	15	0	7.67
rolife baumhaus	https://de.robotoys.eu/3d-puzzle-aus-holz/die-architektur/3d-puzzle-aus-holz-sakura-baumhaus-rolife-tgs04-p201	0	2	0	1.5
rolife bausatz	https://de.robotoys.eu/3d-puzzle-aus-holz/musikinstrumente/3d-puzzle-aus-holz-grammophon-rolife-tg408-p39	0	1	0	4
rolife benelux	https://robotoys.eu/brands/rolife	0	5	0	5.2
rolife biblioteca	https://es.robotoys.eu/casas-en-miniatura/habitaciones-en-miniatura/biblioteca-de-estudio-de-sam-rolife-dg102-p86	0	9	0	7.11
rolife biblioteca	https://pt.robotoys.eu/casas-em-miniatura/quartos-em-miniatura/biblioteca-de-estudo-de-sam-rolife-dg102-p86	0	3	0	5.33
rolife biblioteca	https://pt.robotoys.eu/casas-em-miniatura/recanto-dos-livros/encarte-para-estante-biblioteca-das-maravilhas-rolife-tgb16-p226	0	1	0	5
rolife biblioteca	https://pt.robotoys.eu/marcas/rolife	0	1	0	2
rolife big ben	https://cz.robotoys.eu/drevene-3d-puzzle/architektura/model-big-ben-s-led-osvetlenim-rolife-tg507-p20	0	1	0	3
rolife big ben	https://de.robotoys.eu/3d-puzzle-aus-holz/die-architektur/big-ben-modell-mit-led-beleuchtung-rolife-tg507-p20	0	5	0	5.4
rolife big ben	https://es.robotoys.eu/rompecabezas-3d-de-madera/arquitectura/modelo-big-ben-con-iluminacion-led-rolife-tg507-p20	0	1	0	8
rolife big ben	https://fr.robotoys.eu/casse-tete-3d-en-bois/architecture/modele-big-ben-avec-eclairage-led-rolife-tg507-p20	0	1	0	5
rolife big ben	https://it.robotoys.eu/puzzle-3d-in-legno/architettura/modello-big-ben-con-illuminazione-led-rolife-tg507-p20	0	1	0	3
rolife big ben	https://nl.robotoys.eu/houten-3d-puzzel/architectuur/big-ben-model-met-led-verlichting-rolife-tg507-p20	0	4	0	7
rolife big ben	https://robotoys.eu/wooden-3d-puzzle/architecture/big-ben-model-with-led-lighting-rolife-tg507-p20	0	8	0	7.75
rolife bistro	https://cz.robotoys.eu/miniaturni-domecky/miniaturni-obchody/miniaturni-domek-restaurace-tipsy-rolife-dg167-p209	0	1	0	6
rolife bistro	https://dk.robotoys.eu/miniaturehuse/miniature-butikker/miniaturehus-restaurant-tipsy-rolife-dg167-p209	0	2	0	8
rolife bistro	https://es.robotoys.eu/casas-en-miniatura/tiendas-de-miniaturas/casa-en-miniatura-restaurante-tipsy-rolife-dg167-p209	0	2	0	9.5
rolife bistro	https://robotoys.eu/miniature-houses/miniature-stores/miniature-house-restaurant-tipsy-rolife-dg167-p209	0	1	0	9
rolife bistro bar	https://es.robotoys.eu/casas-en-miniatura/tiendas-de-miniaturas/casa-en-miniatura-restaurante-tipsy-rolife-dg167-p209	0	1	0	10
rolife bistro bar	https://nl.robotoys.eu/miniatuur-huizen/miniatuur-winkels/miniatuurhuis-restaurant-tipsy-rolife-dg167-p209	0	1	0	8
rolife bloemenwinkel	https://nl.robotoys.eu/miniatuur-huizen/miniatuur-winkels/bloemenwinkel-emily-rolife-dg145-p25	0	29	0	14.31
rolife boat	https://robotoys.eu/wooden-3d-puzzle/vehicles/sailling-ship-model-rolife-tg305-p21	0	2	0	7.5
rolife boat	https://robotoys.eu/wooden-3d-puzzle/vehicles/wooden-3d-puzzle-fishing-boat-model-rolife-tg308-p38	0	4	0	5
rolife bonsai	https://de.robotoys.eu/3d-puzzle-aus-holz/blumen/holz-3d-puzzle-immergruner-kiefernbonsai-rolife-tg510-p143	0	4	0	1.5
rolife bonsai	https://de.robotoys.eu/3d-puzzle-aus-holz/blumen/holz-3d-puzzle-sakura-bonsai-rolife-tg415-p142	0	1	0	7
rolife bonsai	https://es.robotoys.eu/concurso-de-rompecabezas/sakura-bonsai-rolife-tg415-142	0	4	0	6.5
rolife bonsai	https://es.robotoys.eu/rompecabezas-3d-de-madera/flores/rompecabezas-3d-de-madera-sakura-bonsai-rolife-tg415-p142	0	1	0	1
rolife bonsai	https://nl.robotoys.eu/houten-3d-puzzel/bloemen/houten-3d-puzzel-sakura-bonsai-rolife-tg415-p142	0	26	0	11.12
rolife bonsai	https://robotoys.eu/wooden-3d-puzzle/flowers/wooden-3d-puzzle-sakura-bonsai-rolife-tg415-p142	0	2	0	6
rolife bonsai tree	https://de.robotoys.eu/3d-puzzle-aus-holz/blumen/holz-3d-puzzle-immergruner-kiefernbonsai-rolife-tg510-p143	0	1	0	12
rolife bonsai tree	https://es.robotoys.eu/rompecabezas-3d-de-madera/flores/rompecabezas-3d-de-madera-sakura-bonsai-rolife-tg415-p142	0	1	0	8
rolife bonsai tree	https://robotoys.eu/wooden-3d-puzzle/flowers/wooden-3d-puzzle-sakura-bonsai-rolife-tg415-p142	0	7	0	8.14
rolife book nook	https://hu.robotoys.eu/miniatur-hazak/konyvek-kucko/sakura-densya-rolife-tgb01-p29	0	1	0	4
rolife book nook	https://robotoys.eu/miniature-houses/books-nook	0	4	0	3
rolife book nook	https://robotoys.eu/miniature-houses/books-nook/holiday-garden-house-rolife-tgb06-p78	0	1	0	3
rolife book nook	https://robotoys.eu/miniature-houses/books-nook/sakura-densya-rolife-tgb01-p29	0	1	0	1
rolife book nook	https://si.robotoys.eu/miniaturne-hise/knjige-nook	0	2	0	3
rolife book nook and wonderland	https://nl.robotoys.eu/miniatuur-huizen/boeken-hoekje/boekenplankinzetstuk-journey-to-wonderland-rolife-tgb12-p165	0	1	0	37
rolife book nook and wonderland sakura densya	https://robotoys.eu/miniature-houses/books-nook/sakura-densya-rolife-tgb01-p29	0	1	0	8
rolife book nook arcade dating	https://robotoys.eu/miniature-houses/books-nook/bookshelf-insert-arcade-dating-rolife-tgb10-p148	0	1	0	25
rolife book nook sakura densya	https://cz.robotoys.eu/miniaturni-domecky/books-nook/sakura-densya-rolife-tgb01-p29	0	1	0	1
rolife book nook sakura densya	https://it.robotoys.eu/case-in-miniatura/angolo-dei-libri/sakura-densya-rolife-tgb01-p29	0	1	0	6
rolife book nook sakura densya	https://robotoys.eu/miniature-houses/books-nook/sakura-densya-rolife-tgb01-p29	0	4	0	11
rolife book nooks	https://de.robotoys.eu/3d-puzzle-aus-holz/die-architektur/3d-puzzle-aus-holz-mini-a-frame-bergchalet-rolife-dg181-p227	0	1	0	10
rolife booknook	https://cz.robotoys.eu/miniaturni-domecky/books-nook	0	3	0	3.67
rolife bookshop	https://it.robotoys.eu/case-in-miniatura/angolo-dei-libri/bookstore-rolife-tgb07-p76	0	2	0	8
rolife bookstore	https://it.robotoys.eu/case-in-miniatura/angolo-dei-libri/bookstore-rolife-tgb07-p76	0	2	0	5.5
rolife bookstore tgb07	https://fr.robotoys.eu/maisons-miniatures/coin-livres/bookstore-rolife-tgb07-p76	0	1	0	10
rolife bookstore tgb07	https://robotoys.eu/miniature-houses/books-nook/bookstore-rolife-tgb07-p76	0	1	0	2
rolife bouwpakket	https://robotoys.eu/wooden-3d-puzzle/architecture/wooden-3d-puzzle-sakura-treehouse-rolife-tgs04-p201	0	1	0	3
rolife brand	https://robotoys.eu/brands/rolife	0	1	0	7
rolife brand	https://robotoys.eu/the-most-popular-rolife-brand-products	0	1	0	2
rolife building sets	https://robotoys.eu/miniature-houses/books-nook/bookshelf-insert-sakura-wine-alley-rolife-tgb11-p164	0	1	0	3
rolife cafe	https://dk.robotoys.eu/miniaturehuse/miniature-butikker/cafe-pa-simon-rolife-dg109-p64	0	3	0	8.33
rolife cafe	https://pt.robotoys.eu/casas-em-miniatura/lojas-de-miniaturas/cafe-em-simao-rolife-dg109-p64	0	2	0	4.5
rolife cafe	https://se.robotoys.eu/miniatyrhus/miniatyrbutiker/cafe-pa-simon-rolife-dg109-p64	0	1	0	10
rolife café	https://nl.robotoys.eu/miniatuur-huizen/miniatuur-winkels/cafe-in-simon-rolife-dg109-p64	0	1	0	12
rolife café	https://pl.robotoys.eu/miniaturowe-domki/kacik-ksiazek/wkladka-do-regalu-holiday-cafe-rolife-tgb15-p225	0	1	0	7
rolife café	https://pt.robotoys.eu/casas-em-miniatura/lojas-de-miniaturas/cafe-em-simao-rolife-dg109-p64	0	1	0	3
rolife café	https://pt.robotoys.eu/casas-em-miniatura/recanto-dos-livros/encarte-para-estante-holiday-cafe-rolife-tgb15-p225	0	1	0	6
rolife carousel	https://de.robotoys.eu/3d-puzzle-aus-holz/spieluhren/mechanisches-3d-puzzle-aus-holz-klassisches-karussell-rolife-amc01-p146	0	2	0	10
rolife carousel	https://fr.robotoys.eu/casse-tete-3d-en-bois/boites-a-musique/puzzle-3d-mecanique-en-bois-carrousel-classique-rolife-amc01-p146	0	4	0	7
rolife carousel	https://nl.robotoys.eu/houten-3d-puzzel/muziekdoosjes/houten-mechanische-3d-puzzel-klassieke-carrousel-rolife-amc01-p146	0	2	0	4
rolife carousel	https://pt.robotoys.eu/quebra-cabeca-3d-de-madeira/caixas-de-musica/quebra-cabeca-mecanico-3d-de-madeira-carrossel-classico-rolife-amc01-p146	0	1	0	2
rolife carousel	https://robotoys.eu/wooden-3d-puzzle/music-boxes/wooden-mechanical-3d-puzzle-classic-carousel-rolife-amc01-p146	0	2	0	8
rolife carousel music box	https://robotoys.eu/wooden-3d-puzzle/music-boxes/wooden-mechanical-3d-puzzle-classic-carousel-rolife-amc01-p146	0	1	0	8
rolife carrusel	https://es.robotoys.eu/rompecabezas-3d-de-madera/cajas-de-musica/rompecabezas-mecanico-3d-de-madera-carrusel-clasico-rolife-amc01-p146	0	5	0	6.6
rolife carrusel	https://robotoys.eu/wooden-3d-puzzle/music-boxes/wooden-mechanical-3d-puzzle-classic-carousel-rolife-amc01-p146	0	1	0	8
rolife casa	https://pt.robotoys.eu/casas-em-miniatura	0	1	0	10
rolife casa	https://pt.robotoys.eu/casas-em-miniatura/lojas-de-miniaturas/floricultura-emily-rolife-dg145-p25	0	1	0	7
rolife casa en miniatura diy	https://es.robotoys.eu/casas-en-miniatura/habitaciones-en-miniatura/invernadero-de-la-sra-cathy-rolife-dg104-p28	0	7	0	1
rolife casa miniatura	https://pt.robotoys.eu/casas-em-miniatura/lojas-de-miniaturas/casa-em-miniatura-loja-de-cha-de-alice-rolife-dg156-p61	0	1	0	3
rolife casa miniatura	https://pt.robotoys.eu/casas-em-miniatura/lojas-de-miniaturas/floricultura-emily-rolife-dg145-p25	0	2	0	4.5
rolife cathy's flower house	https://de.robotoys.eu/miniaturhauser/miniaturraume/mrs-cathys-gewachshaus-rolife-dg104-p28	0	7	0	3
rolife cathy's flower house	https://es.robotoys.eu/casas-en-miniatura/habitaciones-en-miniatura/invernadero-de-la-sra-cathy-rolife-dg104-p28	0	2	0	8
rolife cathy's flower house	https://fr.robotoys.eu/maisons-miniatures/chambres-miniatures/serre-de-mme-cathy-rolife-dg104-p28	0	19	0	5.74
rolife cathy's flower house	https://it.robotoys.eu/case-in-miniatura/camere-in-miniatura/la-serra-della-signora-cathy-rolife-dg104-p28	0	1	0	4
rolife cathy's flower house	https://nl.robotoys.eu/miniatuur-huizen/miniatuurkamers/de-kas-van-mevrouw-cathy-rolife-dg104-p28	0	6	0	6.17
rolife cathy's flower house	https://pl.robotoys.eu/miniaturowe-domki/miniaturowe-pokoje/szklarnia-pani-cathy-rolife-dg104-p28	0	1	0	5
rolife cathy's flower house	https://pt.robotoys.eu/casas-em-miniatura/quartos-em-miniatura/estufa-da-sra-cathy-rolife-dg104-p28	0	2	0	8
rolife cathy's flower house	https://robotoys.eu/miniature-houses/miniature-rooms/cathys-flower-house-rolife-dg104-p28	0	11	0	14.55
rolife cathy's flower house dg104	https://robotoys.eu/miniature-houses/miniature-rooms/cathys-flower-house-rolife-dg104-p28	0	1	0	4
rolife cathy's flower house diy miniature house dg104	https://es.robotoys.eu/casas-en-miniatura/habitaciones-en-miniatura/invernadero-de-la-sra-cathy-rolife-dg104-p28	0	1	0	11
rolife cathys flower house	https://robotoys.eu/miniature-houses/miniature-rooms/cathys-flower-house-rolife-dg104-p28	0	1	0	7
rolife cello	https://cz.robotoys.eu/drevene-3d-puzzle/hudebni-nastroje/drevene-3d-puzzle-cello-rolife-tg411-p85	0	1	0	1
rolife cello	https://de.robotoys.eu/3d-puzzle-aus-holz/musikinstrumente/3d-puzzle-aus-holz-cello-rolife-tg411-p85	0	2	0	2
rolife cello	https://es.robotoys.eu/rompecabezas-3d-de-madera/instrumentos-musicales/puzzle-3d-de-madera-violonchelo-rolife-tg411-p85	0	1	0	3
rolife cello	https://fr.robotoys.eu/casse-tete-3d-en-bois/instruments-de-musique/puzzle-3d-en-bois-violoncelle-rolife-tg411-p85	0	1	0	9
rolife cello	https://it.robotoys.eu/puzzle-3d-in-legno/strumenti-musicali/puzzle-3d-in-legno-violoncello-rolife-tg411-p85	0	2	0	1
rolife cello	https://robotoys.eu/wooden-3d-puzzle/musical-instruments/wooden-3d-puzzle-cello-rolife-tg411-p85	0	5	0	2
rolife chalet	https://fr.robotoys.eu/casse-tete-3d-en-bois/architecture/puzzle-3d-en-bois-mini-chalet-de-montagne-en-forme-de-a-rolife-dg181-p227	0	4	0	6.75
rolife chalet	https://it.robotoys.eu/puzzle-3d-in-legno/architettura/puzzle-3d-in-legno-mini-chalet-di-montagna-a-forma-di-a-rolife-dg181-p227	0	4	0	9
rolife chalet	https://robotoys.eu/wooden-3d-puzzle/architecture/wooden-3d-puzzle-mini-a-frame-mountain-chalet-rolife-dg181-p227	0	1	0	6
rolife cherry blossom tree	https://robotoys.eu/wooden-3d-puzzle/architecture/wooden-3d-puzzle-sakura-treehouse-rolife-tgs04-p201	0	1	0	40
rolife cherry blossom tree	https://robotoys.eu/wooden-3d-puzzle/flowers/wooden-3d-puzzle-sakura-bonsai-rolife-tg415-p142	0	2	0	3.5
rolife china	https://robotoys.eu/brands/rolife	0	1	0	9
rolife christmas melody tree	https://robotoys.eu/wooden-3d-puzzle/music-boxes/wooden-mechanical-3d-puzzle-melodic-christmas-tree-rolife-ams01-p138	0	1	0	18
rolife christmas street	https://pl.robotoys.eu/miniaturowe-domki/kacik-ksiazek/wklad-na-polke-na-ksiazki-ulica-bozonarodzeniowa-rolife-tgc06-p139	0	1	0	2
rolife classic carousel	https://es.robotoys.eu/rompecabezas-3d-de-madera/cajas-de-musica/rompecabezas-mecanico-3d-de-madera-carrusel-clasico-rolife-amc01-p146	0	3	0	9.33
rolife classic carousel	https://fr.robotoys.eu/casse-tete-3d-en-bois/boites-a-musique/puzzle-3d-mecanique-en-bois-carrousel-classique-rolife-amc01-p146	0	1	0	7
rolife cocina	https://es.robotoys.eu/casas-en-miniatura/habitaciones-en-miniatura/casa-en-miniatura-cocina-acogedora-rolife-dg159-p89	0	2	0	9.5
rolife coffee shop	https://robotoys.eu/miniature-houses/miniature-stores/simons-coffee-shop-rolife-dg109-p64	0	3	0	9.33
rolife company	https://robotoys.eu/brands/rolife	0	3	0	11.33
rolife corner bookstore	https://de.robotoys.eu/miniaturhauser/bucher-ecke	0	1	0	11
rolife country of origin	https://robotoys.eu/brands/rolife	0	9	0	7
rolife cozy kitchen	https://de.robotoys.eu/miniaturhauser/miniaturraume/miniaturhaus-gemutliche-kuche-rolife-dg159-p89	0	1	0	7
rolife cozy kitchen	https://es.robotoys.eu/casas-en-miniatura/habitaciones-en-miniatura/casa-en-miniatura-cocina-acogedora-rolife-dg159-p89	0	3	0	4.33
rolife cozy kitchen	https://nl.robotoys.eu/miniatuur-huizen/miniatuurkamers/miniatuurhuis-gezellige-keuken-rolife-dg159-p89	0	1	0	10
rolife cozy kitchen	https://robotoys.eu/miniature-houses/miniature-rooms/miniature-house-cozy-kitchen-rolife-dg159-p89	0	1	0	4
rolife cozy kitchen diy miniature house kit dg159	https://robotoys.eu/miniature-houses/miniature-rooms/miniature-house-cozy-kitchen-rolife-dg159-p89	0	1	0	2
rolife cozy living lounge	https://hu.robotoys.eu/miniatur-hazak/konyvek-kucko/nyaralo-kertes-haz-rolife-tgb06-p78	0	1	0	4
rolife creation set	https://robotoys.eu/miniature-houses/books-nook/bookshelf-insert-flower-corner-rolife-tgb09-p108	0	3	0	10.67
rolife cuckoo clock	https://pt.robotoys.eu/quebra-cabeca-3d-de-madeira/relogios-calendarios/quebra-cabeca-mecanico-3d-de-madeira-relogio-cuco-rokr-lc901c-p198	0	1	0	3
rolife của nước nào	https://robotoys.eu/brands/rolife	0	4	0	7.25
rolife danmark	https://dk.robotoys.eu/de-bedst-saelgende-produkter-fra-rolife-maerket	0	1	0	12
rolife danmark	https://dk.robotoys.eu/de-mest-populaere-rolife-maerkeprodukter	0	1	0	14
rolife danmark	https://dk.robotoys.eu/maerker/rolife	0	36	0	1.94
rolife danmark	https://dk.robotoys.eu/miniaturehuse	0	1	0	18
rolife danmark	https://dk.robotoys.eu/rolife-maerkeprodukter-til-salg	0	2	0	1
rolife detective agency	https://de.robotoys.eu/miniaturhauser/miniaturraume/moses-detektivburo-rolife-dg157-p24	0	3	0	2.67
rolife detective agency	https://nl.robotoys.eu/miniatuur-huizen/miniatuurkamers/moses-detectivebureau-rolife-dg157-p24	0	1	0	5
rolife detective agency	https://robotoys.eu/miniature-houses/miniature-rooms/moses-detective-agency-rolife-dg157-p24	0	9	0	5
rolife deutschland	https://de.robotoys.eu/miniaturhauser	0	5	0	22.8
rolife dg102	https://es.robotoys.eu/casas-en-miniatura/habitaciones-en-miniatura/biblioteca-de-estudio-de-sam-rolife-dg102-p86	0	2	0	3
rolife dg102	https://fr.robotoys.eu/maisons-miniatures/chambres-miniatures/bibliotheque-detude-de-sam-rolife-dg102-p86	0	5	0	4
rolife dg102	https://nl.robotoys.eu/miniatuur-huizen/miniatuurkamers/sams-studiebibliotheek-rolife-dg102-p86	0	1	0	9
rolife dg102	https://robotoys.eu/miniature-houses/miniature-rooms/sams-study-library-rolife-dg102-p86	0	1	0	10
rolife dg104	https://de.robotoys.eu/miniaturhauser/miniaturraume/mrs-cathys-gewachshaus-rolife-dg104-p28	0	1	0	2
rolife dg104	https://es.robotoys.eu/casas-en-miniatura/habitaciones-en-miniatura/invernadero-de-la-sra-cathy-rolife-dg104-p28	0	1	0	4
rolife dg104	https://lt.robotoys.eu/miniatiuriniai-namai/miniatiuriniai-kambariai/ponios-cathy-siltnamis-rolife-dg104-p28	0	2	0	3
rolife dg104	https://nl.robotoys.eu/miniatuur-huizen/miniatuurkamers/de-kas-van-mevrouw-cathy-rolife-dg104-p28	0	3	0	6
rolife dg104	https://pl.robotoys.eu/miniaturowe-domki/miniaturowe-pokoje/szklarnia-pani-cathy-rolife-dg104-p28	0	2	0	1.5
rolife dg109	https://es.robotoys.eu/casas-en-miniatura/tiendas-de-miniaturas/cafe-en-simon-rolife-dg109-p64	0	3	0	6.33
rolife dg109	https://robotoys.eu/miniature-houses/miniature-stores/simons-coffee-shop-rolife-dg109-p64	0	5	0	5.4
rolife dg145	https://es.robotoys.eu/concurso-de-rompecabezas/floristeria-emily-rolife-dg145-25	0	2	0	6
rolife dg145	https://fr.robotoys.eu/maisons-miniatures/boutiques-miniatures/fleuriste-emily-rolife-dg145-p25	0	1	0	5
rolife dg145	https://it.robotoys.eu/case-in-miniatura/negozi-in-miniatura/negozio-di-fiori-emily-rolife-dg145-p25	0	1	0	5
rolife dg145	https://robotoys.eu/miniature-houses/miniature-stores/flower-shop-emily-rolife-dg145-p25	0	1	0	5
rolife dg166	https://de.robotoys.eu/miniaturhauser/miniaturraume/miniaturhaus-zauberschule-rolife-dg166-p163	0	1	0	5
rolife dg166	https://es.robotoys.eu/casas-en-miniatura/habitaciones-en-miniatura/casa-en-miniatura-escuela-de-magia-rolife-dg166-p163	0	1	0	2
rolife dg167	https://it.robotoys.eu/case-in-miniatura/negozi-in-miniatura/casa-in-miniatura-ristorante-tipsy-rolife-dg167-p209	0	2	0	5
rolife dg167	https://robotoys.eu/miniature-houses/miniature-stores/miniature-house-restaurant-tipsy-rolife-dg167-p209	0	5	0	6
rolife dg181	https://cz.robotoys.eu/drevene-3d-puzzle/architektura/drevene-3d-puzzle-mini-horska-chata-a-frame-rolife-dg181-p227	0	1	0	2
rolife dg181	https://es.robotoys.eu/rompecabezas-3d-de-madera/arquitectura/rompecabezas-3d-de-madera-mini-chalet-de-montana-con-estructura-en-a-rolife-dg181-p227	0	1	0	4
rolife dg181	https://fr.robotoys.eu/casse-tete-3d-en-bois/architecture/puzzle-3d-en-bois-mini-chalet-de-montagne-en-forme-de-a-rolife-dg181-p227	0	1	0	7
rolife dg181	https://hu.robotoys.eu/fabol-keszult-3d-puzzle/epiteszet/fa-3d-kirako-mini-a-keretu-hegyi-fahaz-rolife-dg181-p227	0	2	0	1.5
rolife dg181	https://robotoys.eu/wooden-3d-puzzle/architecture/wooden-3d-puzzle-mini-a-frame-mountain-chalet-rolife-dg181-p227	0	3	0	6
rolife difficulty level	https://robotoys.eu/miniature-houses-medium-difficulty	0	1	0	9
rolife disney	https://dk.robotoys.eu/maerker/rolife	0	3	0	5.33
rolife disney	https://pt.robotoys.eu/marcas/rolife	0	1	0	5
rolife diy	https://pl.robotoys.eu/blog/rolife-piekno-slow-life-i-kreatywnosci-diy	0	3	0	8.67
rolife diy	https://pl.robotoys.eu/marki/rolife	0	36	0	8.28
rolife diy 3d wooden puzzle model kit - sakura themed sakura journey tram	https://robotoys.eu/wooden-3d-puzzle/vehicles/wooden-3d-puzzle-sakura-journey-rolife-tgs02-p105	0	8	0	11.62
rolife diy house	https://dk.robotoys.eu/miniaturehuse	0	1	0	12
rolife diy miniature	https://robotoys.eu/miniature-houses/books-nook/bookshelf-insert-sakura-wine-alley-rolife-tgb11-p164	0	1	0	8
rolife diy miniature dollhouse dg102	https://nl.robotoys.eu/miniatuur-huizen/miniatuurkamers/sams-studiebibliotheek-rolife-dg102-p86	0	1	0	1
rolife diy miniature house	https://de.robotoys.eu/miniaturhauser/miniaturraume/mrs-cathys-gewachshaus-rolife-dg104-p28	0	1	0	1
rolife diy miniature house	https://dk.robotoys.eu/de-nyeste-miniaturehuse	0	1	0	1
rolife diy miniature house	https://dk.robotoys.eu/miniaturehuse	0	3	0	10.33
rolife diy miniature house	https://dk.robotoys.eu/miniaturehuse/miniature-vaerelser/miniaturehus-hyggelig-villa-til-hvalpe-rolife-dg169-p149	0	1	0	1
rolife diy miniature house	https://hu.robotoys.eu/miniatur-hazak	0	4	0	5
rolife diy miniature house - cathy's flower house dg104	https://robotoys.eu/miniature-houses/miniature-rooms/cathys-flower-house-rolife-dg104-p28	0	1	0	6
rolife diy miniature house cathy's flower house	https://robotoys.eu/miniature-houses/miniature-rooms/cathys-flower-house-rolife-dg104-p28	0	1	0	13
rolife diy miniature house cozy kitchen	https://robotoys.eu/miniature-houses/miniature-rooms/miniature-house-cozy-kitchen-rolife-dg159-p89	0	1	0	3
rolife diy miniature house dg104	https://de.robotoys.eu/miniaturhauser/miniaturraume/mrs-cathys-gewachshaus-rolife-dg104-p28	0	1	0	1
rolife diy miniature house dg166	https://robotoys.eu/miniature-houses/miniature-rooms/miniature-house-the-magic-study-rolife-dg166-p163	0	1	0	12
rolife diy miniature house emily's flower shop	https://robotoys.eu/miniature-houses/miniature-stores/flower-shop-emily-rolife-dg145-p25	0	2	0	9.5
rolife diy miniature house the magic study dg166	https://robotoys.eu/miniature-houses/miniature-rooms/miniature-house-the-magic-study-rolife-dg166-p163	0	1	0	10
rolife dora's loft	https://nl.robotoys.eu/miniatuur-huizen/miniatuurkamers/miniatuurhuis-doras-zolder-rolife-dg12-p91	0	2	0	6
rolife dora's loft	https://robotoys.eu/miniature-houses/miniature-rooms/miniature-house-doras-loft-rolife-dg12-p91	0	5	0	12.4
rolife dora's loft instructions	https://robotoys.eu/miniature-houses/miniature-rooms/miniature-house-doras-loft-rolife-dg12-p91	0	2	0	12.5
rolife doras loft	https://de.robotoys.eu/miniaturhauser/miniaturraume/miniaturhaus-doras-dachboden-rolife-dg12-p91	0	1	0	10
rolife doras loft	https://robotoys.eu/miniature-houses/miniature-rooms/miniature-house-doras-loft-rolife-dg12-p91	0	3	0	6.67
rolife doras loft	https://se.robotoys.eu/miniatyrhus/miniatyrrum/miniatyrhus-doras-vind-rolife-dg12-p91	0	1	0	8
rolife dream gift factory	https://robotoys.eu/wooden-3d-puzzle/stem-lab/wooden-mechanical-3d-puzzle-dream-gift-factory-rokr-eab01-p202	0	9	0	7.78
rolife drum kit	https://it.robotoys.eu/puzzle-3d-in-legno/strumenti-musicali/batteria-rolife-tg409-p81	0	1	0	8
rolife drum kit	https://robotoys.eu/wooden-3d-puzzle/musical-instruments/drum-kit-rolife-tg409-p81	0	6	0	8.17
rolife eesti	https://ee.robotoys.eu/blogi/rolife-aeglase-elu-ja-isetegemise-loovuse-ilu	0	22	0	7.5
rolife eesti	https://ee.robotoys.eu/miniatuursed-majad	0	8	0	7.88
rolife eesti	https://ee.robotoys.eu/miniatuursete-majade-muuk	0	5	0	7
rolife eiffel tower	https://de.robotoys.eu/3d-puzzle-aus-holz/die-architektur/modell-des-eiffelturms-rolife-tg501-p17	0	1	0	4
rolife eiffel tower	https://fr.robotoys.eu/casse-tete-3d-en-bois/architecture/maquette-de-la-tour-eiffel-rolife-tg501-p17	0	5	0	10.4
rolife eiffel tower	https://robotoys.eu/wooden-3d-puzzle/architecture/illuminated-eiffel-tower-rolife-tgl01-p73	0	5	0	10.4
rolife eiffel tower	https://robotoys.eu/wooden-3d-puzzle/architecture/model-of-the-eiffel-tower-rolife-tg501-p17	0	3	0	10.33
rolife emily flower shop	https://nl.robotoys.eu/miniatuur-huizen/miniatuur-winkels/bloemenwinkel-emily-rolife-dg145-p25	0	1	0	8
rolife emily flower shop	https://robotoys.eu/miniature-houses/miniature-stores/flower-shop-emily-rolife-dg145-p25	0	1	0	11
rolife emily's flower shop	https://it.robotoys.eu/case-in-miniatura/negozi-in-miniatura/negozio-di-fiori-emily-rolife-dg145-p25	0	1	0	9
rolife emily's flower shop	https://robotoys.eu/miniature-houses/miniature-stores/flower-shop-emily-rolife-dg145-p25	0	13	0	9
rolife emily's flower shop () reviews	https://robotoys.eu/miniature-houses/miniature-stores/flower-shop-emily-rolife-dg145-p25	0	1	0	11
rolife emily's flower shop dg145	https://robotoys.eu/miniature-houses/miniature-stores/flower-shop-emily-rolife-dg145-p25	0	2	0	6
rolife emily's flower shop difficulty	https://robotoys.eu/miniature-houses/miniature-stores/flower-shop-emily-rolife-dg145-p25	0	14	0	7.14
rolife emilys flower shop	https://robotoys.eu/miniature-houses/miniature-stores/flower-shop-emily-rolife-dg145-p25	0	1	0	7
rolife europe	https://fr.robotoys.eu/marques/rolife	0	1	0	9
rolife europe	https://robotoys.eu/blog/rolife-the-beauty-of-slow-life-and-diy-creativity	0	8	0	8.25
rolife falling sakura	https://de.robotoys.eu/miniaturhauser/bucher-ecke/bucherregaleinsatz-falling-sakura-rolife-tgb05-p50	0	1	0	9
rolife falling sakura	https://dk.robotoys.eu/miniaturehuse/boger-nook/boghyldeindsats-falling-sakura-rolife-tgb05-p50	0	1	0	7
rolife falling sakura	https://it.robotoys.eu/case-in-miniatura/angolo-dei-libri/inserto-per-libreria-falling-sakura-rolife-tgb05-p50	0	1	0	3
rolife falling sakura	https://nl.robotoys.eu/miniatuur-huizen/boeken-hoekje/boekenplankinzet-falling-sakura-rolife-tgb05-p50	0	3	0	11
rolife falling sakura	https://robotoys.eu/miniature-houses/books-nook/bookshelf-insert-falling-sakura-rolife-tgb05-p50	0	1	0	2
rolife feltrinelli	https://it.robotoys.eu/marche/rolife	0	1	0	19
rolife ferris wheel	https://robotoys.eu/wooden-3d-puzzle/music-boxes/ferris-wheel-rolife-tgn01-p18	0	2	0	9.5
rolife five storied pagoda	https://es.robotoys.eu/rompecabezas-3d-de-madera/arquitectura/pagoda-de-cinco-pisos-rolife-tgn02-p45	0	1	0	3
rolife five storied pagoda	https://it.robotoys.eu/puzzle-3d-in-legno/architettura/pagoda-a-cinque-piani-rolife-tgn02-p45	0	1	0	2
rolife five storied pagoda	https://pl.robotoys.eu/drewniane-puzzle-3d/architektura/pieciopietrowa-pagoda-rolife-tgn02-p45	0	1	0	4
rolife five storied pagoda	https://robotoys.eu/wooden-3d-puzzle/architecture/five-story-pagoda-rolife-tgn02-p45	0	13	0	2.92
rolife floral corner	https://robotoys.eu/miniature-houses/books-nook/bookshelf-insert-flower-corner-rolife-tgb09-p108	0	1	0	11
rolife floral corner diy book nook kit	https://robotoys.eu/miniature-houses/books-nook/bookshelf-insert-flower-corner-rolife-tgb09-p108	0	1	0	1
rolife flower	https://robotoys.eu/miniature-houses/books-nook/bookshelf-insert-flower-corner-rolife-tgb09-p108	0	1	0	3
rolife flower shop	https://dk.robotoys.eu/miniaturehuse/miniature-butikker/blomsterbutik-emily-rolife-dg145-p25	0	1	0	44
rolife flower shop	https://it.robotoys.eu/case-in-miniatura/negozi-in-miniatura/negozio-di-fiori-emily-rolife-dg145-p25	0	1	0	10
rolife flower shop	https://robotoys.eu/miniature-houses/miniature-stores/flower-shop-emily-rolife-dg145-p25	0	1	0	9
rolife flowery sweets and teas	https://robotoys.eu/miniature-houses/miniature-stores/miniature-house-flower-sweets-and-teas-rolife-dg146-p92	0	3	0	8
rolife fnac	https://pt.robotoys.eu/casas-em-miniatura/quartos-em-miniatura/casa-em-miniatura-escola-de-magia-rolife-dg166-p163	0	1	0	3
rolife gramophone	https://de.robotoys.eu/3d-puzzle-aus-holz/musikinstrumente/3d-puzzle-aus-holz-grammophon-rolife-tg408-p39	0	1	0	2
rolife gramophone	https://fr.robotoys.eu/casse-tete-3d-en-bois/instruments-de-musique/puzzle-3d-en-bois-gramophone-rolife-tg408-p39	0	6	0	3.33
rolife gramophone	https://it.robotoys.eu/puzzle-3d-in-legno/strumenti-musicali/puzzle-3d-in-legno-grammofono-rolife-tg408-p39	0	1	0	7
rolife gramophone	https://nl.robotoys.eu/houten-3d-puzzel/muziekinstrumenten/houten-3d-puzzel-grammofoon-rolife-tg408-p39	0	3	0	5
rolife gramophone	https://robotoys.eu/wooden-3d-puzzle/musical-instruments/wooden-3d-puzzle-gramophone-rolife-tg408-p39	0	6	0	6.17
rolife grand piano	https://robotoys.eu/wooden-3d-puzzle/musical-instruments/wooden-3d-puzzle-grand-piano-rolife-tg402-p200	0	2	0	6
rolife happy corner emily's flower shop	https://dk.robotoys.eu/miniaturehuse/miniature-butikker/blomsterbutik-emily-rolife-dg145-p25	0	1	0	3
rolife happy corner emily's flower shop	https://es.robotoys.eu/casas-en-miniatura/tiendas-de-miniaturas/floristeria-emily-rolife-dg145-p25	0	1	0	6
rolife happy corner emily's flower shop	https://robotoys.eu/miniature-houses/miniature-stores/flower-shop-emily-rolife-dg145-p25	0	1	0	7
rolife holiday cafe	https://de.robotoys.eu/miniaturhauser/bucher-ecke/bucherregaleinsatz-holiday-cafe-rolife-tgb15-p225	0	1	0	8
rolife holiday cafe	https://dk.robotoys.eu/miniaturehuse/boger-nook/bogreolindsats-holiday-cafe-rolife-tgb15-p225	0	4	0	4.75
rolife holiday cafe	https://dk.robotoys.eu/puslespil-konkurrence/holiday-cafe-rolife-tgb15-225	0	2	0	5.5
rolife holiday cafe	https://es.robotoys.eu/casas-en-miniatura/rincon-de-libros/estanteria-de-libros-holiday-cafe-rolife-tgb15-p225	0	1	0	6
rolife holiday cafe	https://hu.robotoys.eu/miniatur-hazak/konyvek-kucko/konyvespolc-betet-holiday-cafe-rolife-tgb15-p225	0	2	0	1
rolife honey ice cream shop	https://de.robotoys.eu/miniaturhauser/miniaturladen/miniaturhaus-eisdiele-honey-rolife-dg148-p65	0	1	0	4
rolife honey ice cream shop	https://es.robotoys.eu/casas-en-miniatura/tiendas-de-miniaturas/casa-en-miniatura-heladeria-honey-rolife-dg148-p65	0	2	0	2
rolife honey ice cream shop	https://robotoys.eu/miniature-houses/miniature-stores/miniature-house-honey-ice-cream-store-rolife-dg148-p65	0	5	0	15.6
rolife hot air balloon	https://de.robotoys.eu/3d-puzzle-aus-holz/fahrzeuge/heissluftballon-rolife-tg406-p84	0	1	0	1
rolife hot air balloon	https://robotoys.eu/wooden-3d-puzzle/vehicles/hot-air-balloon-rolife-tg406-p84	0	7	0	4.14
rolife house	https://it.robotoys.eu/case-in-miniatura	0	1	0	11
rolife houses	https://robotoys.eu/miniature-houses-200-to-299-pcs	0	2	0	4
rolife huisje	https://nl.robotoys.eu/miniatuur-huizen/miniatuurkamers/miniatuurhuis-magische-school-rolife-dg166-p163	0	2	0	13
rolife ice cream	https://es.robotoys.eu/casas-en-miniatura/tiendas-de-miniaturas/casa-en-miniatura-heladeria-honey-rolife-dg148-p65	0	1	0	5
rolife ice cream shop	https://nl.robotoys.eu/miniatuur-huizen/miniatuur-winkels/miniatuurhuis-honing-ijswinkel-rolife-dg148-p65	0	1	0	8
rolife invernadero	https://es.robotoys.eu/casas-en-miniatura/habitaciones-en-miniatura/invernadero-de-la-sra-cathy-rolife-dg104-p28	0	11	0	1.82
rolife italia	https://it.robotoys.eu/	0	4	0	32.5
rolife italia	https://it.robotoys.eu/blog/rolife-la-bellezza-della-vita-lenta-e-della-creativita-fai-da-te	0	8	0	10
rolife italia	https://it.robotoys.eu/case-in-miniatura/camere-in-miniatura/biblioteca-studio-di-sam-rolife-dg102-p86	0	2	0	28.5
rolife italia	https://it.robotoys.eu/case-in-miniatura/camere-in-miniatura/il-giardino-di-mr-miller-rolife-dg108-p23	0	5	0	16.6
rolife italia	https://it.robotoys.eu/link-utili/circa-la-societa/vendita-allingrosso	0	1	0	34
rolife italy	https://robotoys.eu/brands/rolife	0	2	0	5.5
rolife japan	https://dk.robotoys.eu/maerker/rolife	0	1	0	3
rolife japan	https://pl.robotoys.eu/marki/rolife	0	1	0	7
rolife japanese book nook	https://robotoys.eu/miniature-houses/books-nook/sakura-densya-rolife-tgb01-p29	0	1	0	11
rolife japanese store	https://es.robotoys.eu/marcas/rolife	0	1	0	3
rolife japon	https://es.robotoys.eu/marcas/rolife	0	4	0	6.25
rolife jardin	https://fr.robotoys.eu/maisons-miniatures/chambres-miniatures/jardin-de-m-miller-rolife-dg108-p23	0	6	0	2.33
rolife karussell	https://de.robotoys.eu/3d-puzzle-aus-holz/spieluhren/mechanisches-3d-puzzle-aus-holz-klassisches-karussell-rolife-amc01-p146	0	1	0	7
rolife keuken	https://nl.robotoys.eu/miniatuur-huizen/miniatuurkamers/miniatuurhuis-gezellige-keuken-rolife-dg159-p89	0	25	0	14.88
rolife kiki's magic emporium	https://robotoys.eu/miniature-houses/miniature-stores/kikis-magic-emporium-rolife-dg155-p31	0	2	0	8
rolife kiki's magic emporium dg155	https://es.robotoys.eu/casas-en-miniatura/tiendas-de-miniaturas/tienda-bruja-kiki-rolife-dg155-p31	0	1	0	8
rolife konstruktorius	https://lt.robotoys.eu/prekiniai-zenklai/rolife	0	2	0	11
rolife kuckucksuhr	https://de.robotoys.eu/3d-puzzle-aus-holz/uhren-kalender/mechanisches-3d-puzzle-aus-holz-kuckucksuhr-rokr-lc901c-p198	0	8	0	7
rolife library sam's study diy miniature dollhouse	https://robotoys.eu/miniature-houses/miniature-rooms/sams-study-library-rolife-dg102-p86	0	3	0	10
rolife libreria	https://it.robotoys.eu/case-in-miniatura/angolo-dei-libri/bookstore-rolife-tgb07-p76	0	2	0	7
rolife libreria	https://it.robotoys.eu/case-in-miniatura/angolo-dei-libri/inserto-libreria-via-di-natale-rolife-tgc06-p139	0	1	0	4
rolife libreria	https://it.robotoys.eu/case-in-miniatura/camere-in-miniatura/biblioteca-studio-di-sam-rolife-dg102-p86	0	1	0	1
rolife logo	https://es.robotoys.eu/marcas/rolife	0	56	0	1
rolife logo	https://pl.robotoys.eu/marki/rolife	0	2	0	3
rolife london bus	https://robotoys.eu/wooden-3d-puzzle/vehicles/wooden-3d-puzzle-london-tourist-bus-rolife-tgm02-p106	0	1	0	10
rolife madrid	https://es.robotoys.eu/marcas/rolife	0	1	0	6
rolife magic	https://it.robotoys.eu/case-in-miniatura/angolo-dei-libri/magical-house-rolife-tgb03-p58	0	2	0	10
rolife magic	https://pl.robotoys.eu/marki/rolife	0	1	0	10
rolife magic house	https://bg.robotoys.eu/mynyatiurny-kshchy/knygy-nook/magical-house-rolife-tgb03-p58	0	1	0	3
rolife magic house	https://dk.robotoys.eu/miniaturehuse/boger-nook/magical-house-rolife-tgb03-p58	0	1	0	4
rolife magic house	https://it.robotoys.eu/case-in-miniatura/angolo-dei-libri/magical-house-rolife-tgb03-p58	0	6	0	4.5
rolife maison miniature	https://fr.robotoys.eu/maisons-miniatures/chambres-miniatures/maison-miniature-le-grenier-de-dora-rolife-dg12-p91	0	2	0	14.5
rolife maquetas	https://es.robotoys.eu/marcas/rolife	0	97	0	8.1
rolife maquetas	https://es.robotoys.eu/productos-de-la-marca-rolife-en-oferta	0	3	0	27.33
rolife maquette	https://fr.robotoys.eu/casse-tete-3d-en-bois/vehicules/maquette-dirigeable-rolife-tg407-p22	0	2	0	17.5
rolife maquette	https://fr.robotoys.eu/les-produits-de-la-marque-rolife-les-moins-chers	0	4	0	3.25
rolife meaning	https://robotoys.eu/blog/rolife-the-beauty-of-slow-life-and-diy-creativity	0	1	0	11
rolife mechanical	https://robotoys.eu/brands/rolife	0	1	0	7
rolife miller's garden	https://de.robotoys.eu/miniaturhauser/miniaturraume/mr-millers-garden-rolife-dg108-p23	0	8	0	10
rolife miller's garden	https://fr.robotoys.eu/maisons-miniatures/chambres-miniatures/jardin-de-m-miller-rolife-dg108-p23	0	5	0	4.4
rolife miller's garden	https://nl.robotoys.eu/miniatuur-huizen/miniatuurkamers/mr-millers-garden-rolife-dg108-p23	0	7	0	3.86
rolife miller's garden	https://pl.robotoys.eu/miniaturowe-domki/miniaturowe-pokoje/ogrod-pana-millera-rolife-dg108-p23	0	3	0	1.67
rolife miller's garden	https://robotoys.eu/miniature-houses/miniature-rooms/mr-millers-garden-rolife-dg108-p23	0	7	0	8.86
rolife miller's garden dg108	https://de.robotoys.eu/miniaturhauser/miniaturraume/mr-millers-garden-rolife-dg108-p23	0	3	0	7.67
rolife miller's garden dg108	https://fr.robotoys.eu/maisons-miniatures/chambres-miniatures/jardin-de-m-miller-rolife-dg108-p23	0	1	0	2
rolife miller's garden dg108	https://robotoys.eu/miniature-houses/miniature-rooms/mr-millers-garden-rolife-dg108-p23	0	1	0	2
rolife miller's garden diy miniature house kit dg108	https://robotoys.eu/miniature-houses/miniature-rooms/mr-millers-garden-rolife-dg108-p23	0	2	0	7.5
rolife millers garden	https://de.robotoys.eu/miniaturhauser/miniaturraume/mr-millers-garden-rolife-dg108-p23	0	6	0	8.17
rolife millers garden	https://fr.robotoys.eu/maisons-miniatures/chambres-miniatures/jardin-de-m-miller-rolife-dg108-p23	0	1	0	4
rolife millers garden	https://nl.robotoys.eu/miniatuur-huizen/miniatuurkamers/mr-millers-garden-rolife-dg108-p23	0	1	0	3
rolife millers garden	https://robotoys.eu/miniature-houses/miniature-rooms/mr-millers-garden-rolife-dg108-p23	0	2	0	8.5
rolife mini	https://dk.robotoys.eu/maerker/rolife	0	2	0	2
rolife miniatur	https://hu.robotoys.eu/miniatur-hazak	0	1	0	10
rolife miniatura	https://pt.robotoys.eu/casas-em-miniatura	0	1	0	8
rolife miniaturas	https://lv.robotoys.eu/miniaturas-majas-200-lidz-299-gab	0	2	0	8
rolife miniaturas	https://lv.robotoys.eu/miniaturas-majas/miniaturas-istabas/millera-kunga-darzs-rolife-dg108-p23	0	3	0	4.33
rolife miniaturas	https://lv.robotoys.eu/miniaturas-majas/miniaturas-istabas/miniatura-maja-majiga-virtuve-rolife-dg159-p89	0	1	0	4
rolife miniaturas	https://lv.robotoys.eu/miniaturas-majas/miniaturie-veikali/miniatura-maja-alises-tejas-veikals-rolife-dg156-p61	0	1	0	5
rolife miniaturas	https://lv.robotoys.eu/zimoli/rolife	0	7	0	2
rolife miniaturas	https://pt.robotoys.eu/marcas/rolife	0	4	0	4.75
rolife miniature	https://dk.robotoys.eu/maerker/rolife	0	6	0	7.17
rolife miniature	https://dk.robotoys.eu/rolife-maerkeprodukter-til-salg	0	5	0	6.2
rolife miniature	https://es.robotoys.eu/casas-en-miniatura/tiendas-de-miniaturas	0	1	0	9
rolife miniature	https://gr.robotoys.eu/markes/rolife	0	25	0	8.92
rolife miniature	https://gr.robotoys.eu/mikroskopika-spitia/mikroskopika-dwmatia/spiti-miniatoyra-sofita-ths-ntoras-rolife-dg12-p91	0	1	0	9
rolife miniature	https://it.robotoys.eu/case-in-miniatura-da-150-a-199-pz	0	1	0	12
rolife miniature	https://it.robotoys.eu/case-in-miniatura/camere-in-miniatura/casa-in-miniatura-villa-accogliente-per-cuccioli-rolife-dg169-p149	0	18	0	7.33
rolife miniature	https://it.robotoys.eu/case-in-miniatura/negozi-in-miniatura	0	1	0	9
rolife miniature	https://it.robotoys.eu/marche/rolife	0	1	0	3
rolife miniature	https://robotoys.eu/blog/what-you-need-to-know-before-building-miniature-houses	0	3	0	12
rolife miniature	https://robotoys.eu/miniature-houses-200-to-299-pcs	0	1	0	12
rolife miniature	https://robotoys.eu/miniature-houses/books-nook/bookshelf-insert-flower-corner-rolife-tgb09-p108	0	1	0	7
rolife miniature	https://robotoys.eu/miniature-houses/books-nook/bookshelf-insert-sakura-wine-alley-rolife-tgb11-p164	0	1	0	2
rolife miniature house	https://hu.robotoys.eu/miniatur-hazak	0	1	0	3
rolife miniature house	https://it.robotoys.eu/case-in-miniatura	0	1	0	5
rolife miniature house	https://robotoys.eu/miniature-houses-200-to-299-pcs	0	1	0	9
rolife miniature italia	https://it.robotoys.eu/marche/rolife	0	6	0	2.17
rolife miniature rooms	https://robotoys.eu/miniature-houses/miniature-rooms	0	1	0	4
rolife miniatures	https://robotoys.eu/miniature-houses/books-nook/bookshelf-insert-sakura-wine-alley-rolife-tgb11-p164	0	1	0	6
rolife model	https://pl.robotoys.eu/marki/rolife	0	1	0	4
rolife modern 3d wooden puzzle - five-storied pagoda tgn02	https://robotoys.eu/wooden-3d-puzzle/architecture/five-story-pagoda-rolife-tgn02-p45	0	2	0	1
rolife music dreamer classic carousel	https://de.robotoys.eu/3d-puzzle-aus-holz/spieluhren/mechanisches-3d-puzzle-aus-holz-klassisches-karussell-rolife-amc01-p146	0	1	0	2
rolife natale	https://it.robotoys.eu/case-in-miniatura/angolo-dei-libri/inserto-libreria-via-di-natale-rolife-tgc06-p139	0	11	0	3.18
rolife natale	https://it.robotoys.eu/concorso-di-puzzle/scena-di-interni-natalizi-rolife-tgc07-140	0	1	0	8
rolife natale	https://it.robotoys.eu/marche/rolife	0	12	0	7.33
rolife natale	https://it.robotoys.eu/puzzle-3d-in-legno/carillon/puzzle-3d-meccanico-in-legno-albero-di-natale-melodico-rolife-ams01-p138	0	7	0	2.57
rolife origin	https://robotoys.eu/blog/rolife-the-beauty-of-slow-life-and-diy-creativity	0	6	0	9
rolife origin	https://robotoys.eu/brands/rolife	0	6	0	8.67
rolife origin country	https://robotoys.eu/brands/rolife	0	6	0	8.33
rolife pagoda	https://es.robotoys.eu/rompecabezas-3d-de-madera/arquitectura/pagoda-de-cinco-pisos-rolife-tgn02-p45	0	5	0	2
rolife pagoda	https://hu.robotoys.eu/fabol-keszult-3d-puzzle/epiteszet/ot-emeletes-pagoda-rolife-tgn02-p45	0	1	0	1
rolife pagoda	https://it.robotoys.eu/blog/rolife-la-bellezza-della-vita-lenta-e-della-creativita-fai-da-te	0	1	0	10
rolife pagoda	https://it.robotoys.eu/concorso-di-puzzle/pagoda-a-cinque-piani-rolife-tgn02-45	0	2	0	5
rolife pagoda	https://it.robotoys.eu/puzzle-3d-in-legno/architettura/pagoda-a-cinque-piani-rolife-tgn02-p45	0	5	0	2.2
rolife pagoda	https://nl.robotoys.eu/houten-3d-puzzel/architectuur/pagode-van-vijf-verdiepingen-rolife-tgn02-p45	0	3	0	11
rolife pagoda	https://pl.robotoys.eu/konkurs-puzzli/pieciopietrowa-pagoda-rolife-tgn02-45	0	1	0	1
rolife pagoda	https://robotoys.eu/wooden-3d-puzzle/architecture/five-story-pagoda-rolife-tgn02-p45	0	22	0	3.09
rolife piano	https://de.robotoys.eu/3d-puzzle-aus-holz/musikinstrumente/3d-puzzle-aus-holz-flugel-rolife-tg402-p200	0	3	0	11.67
rolife piano	https://es.robotoys.eu/rompecabezas-3d-de-madera/instrumentos-musicales/rompecabezas-3d-de-madera-piano-de-cola-rolife-tg402-p200	0	1	0	8
rolife piano	https://fr.robotoys.eu/casse-tete-3d-en-bois/instruments-de-musique/puzzle-3d-en-bois-piano-a-queue-rolife-tg402-p200	0	4	0	9.5
rolife piano	https://it.robotoys.eu/puzzle-3d-in-legno/strumenti-musicali/puzzle-3d-in-legno-pianoforte-a-coda-rolife-tg402-p200	0	3	0	1.33
rolife piano	https://nl.robotoys.eu/houten-3d-puzzel/muziekinstrumenten/houten-3d-puzzel-vleugelpiano-rolife-tg402-p200	0	1	0	8
rolife piano	https://robotoys.eu/puzzle-competition/grand-piano-rolife-tg402-200	0	1	0	7
rolife piano	https://robotoys.eu/wooden-3d-puzzle/musical-instruments/wooden-3d-puzzle-grand-piano-rolife-tg402-p200	0	4	0	7
rolife portugal	https://pt.robotoys.eu/blogue/rolife-a-beleza-da-vida-lenta-e-da-criatividade-diy	0	50	0	7.74
rolife portugal	https://pt.robotoys.eu/casas-em-miniatura	0	1	0	14
rolife price	https://robotoys.eu/brands/rolife	0	1	0	14
rolife products	https://robotoys.eu/brands/rolife	0	1	0	12
rolife puppy villa	https://nl.robotoys.eu/miniatuur-huizen/miniatuurkamers/miniatuurhuis-gezellige-villa-voor-puppys-rolife-dg169-p149	0	1	0	6
rolife puppy villa	https://pl.robotoys.eu/miniaturowe-domki/miniaturowe-pokoje/domek-miniaturowy-przytulna-willa-dla-szczeniat-rolife-dg169-p149	0	1	0	11
rolife puzzle	https://es.robotoys.eu/marcas/rolife	0	11	0	6.09
rolife puzzle	https://hu.robotoys.eu/markak/rolife	0	4	0	5.75
rolife puzzle	https://it.robotoys.eu/marche/rolife	0	7	0	8.14
rolife puzzle	https://pl.robotoys.eu/marki/rolife	0	1	0	3
rolife puzzle 3d	https://es.robotoys.eu/rompecabezas-3d-de-madera/instrumentos-musicales/bateria-rolife-tg409-p81	0	2	0	11
rolife puzzle 3d	https://it.robotoys.eu/puzzle-3d-in-legno/architettura/modello-della-torre-eiffel-rolife-tg501-p17	0	11	0	11.18
rolife puzzle 3d	https://it.robotoys.eu/puzzle-3d-in-legno/fiori	0	2	0	4.5
rolife puzzle 3d	https://it.robotoys.eu/puzzle-3d-in-legno/strumenti-musicali/puzzle-3d-in-legno-grammofono-rolife-tg408-p39	0	99	0	5.51
rolife puzzle 3d	https://pl.robotoys.eu/drewniane-puzzle-3d/architektura/pieciopietrowa-pagoda-rolife-tgn02-p45	0	6	0	7
rolife puzzle 3d	https://pl.robotoys.eu/drewniane-puzzle-3d/instrumenty-muzyczne/bebny-rolife-tg409-p81	0	1	0	13
rolife puzzle 3d	https://pl.robotoys.eu/drewniane-puzzle-3d/instrumenty-muzyczne/drewniane-puzzle-3d-gramofon-rolife-tg408-p39	0	19	0	5.68
rolife puzzle 3d bois sakura journey	https://fr.robotoys.eu/casse-tete-3d-en-bois/vehicules/puzzle-3d-en-bois-sakura-journey-rolife-tgs02-p105	0	2	0	1
rolife puzzles	https://it.robotoys.eu/puzzle-3d-in-legno/carillon/puzzle-meccanico-3d-in-legno-giostra-classica-rolife-amc01-p146	0	1	0	8
rolife restaurant	https://dk.robotoys.eu/miniaturehuse/miniature-butikker/miniaturehus-restaurant-tipsy-rolife-dg167-p209	0	9	0	7.22
rolife restaurant	https://dk.robotoys.eu/puslespil-konkurrence/restaurant-tipsy-rolife-dg167-209	0	1	0	8
rolife restaurant	https://es.robotoys.eu/casas-en-miniatura/tiendas-de-miniaturas/casa-en-miniatura-restaurante-tipsy-rolife-dg167-p209	0	3	0	9.67
rolife restaurant	https://nl.robotoys.eu/miniatuur-huizen/miniatuur-winkels/miniatuurhuis-restaurant-tipsy-rolife-dg167-p209	0	18	0	15.06
rolife restaurant	https://robotoys.eu/miniature-houses/miniature-stores/miniature-house-restaurant-tipsy-rolife-dg167-p209	0	1	0	9
rolife robotime	https://es.robotoys.eu/marcas/rolife	0	1	0	18
rolife robotime	https://it.robotoys.eu/blog/rolife-la-bellezza-della-vita-lenta-e-della-creativita-fai-da-te	0	1	0	10
rolife rokr	https://it.robotoys.eu/idee-regalo	0	1	0	6
rolife sailing ship	https://robotoys.eu/wooden-3d-puzzle/vehicles/sailling-ship-model-rolife-tg305-p21	0	1	0	6
rolife sakura	https://cz.robotoys.eu/drevene-3d-puzzle/architektura/drevene-3d-puzzle-domecek-na-strome-sakura-rolife-tgs04-p201	0	1	0	3
rolife sakura	https://cz.robotoys.eu/miniaturni-domecky/books-nook/sakura-densya-rolife-tgb01-p29	0	2	0	3
rolife sakura	https://dk.robotoys.eu/maerker/rolife	0	3	0	8.67
rolife sakura	https://ee.robotoys.eu/kaubamargid/rolife	0	1	0	5
rolife sakura	https://ee.robotoys.eu/miniatuursed-majad/raamatud-nook/sakura-densya-rolife-tgb01-p29	0	1	0	3
rolife sakura	https://es.robotoys.eu/rompecabezas-3d-de-madera/arquitectura/rompecabezas-3d-de-madera-sakura-treehouse-rolife-tgs04-p201	0	1	0	28
rolife sakura	https://gr.robotoys.eu/ksylino-trisdiastato-pazl/loyloydia/ksylino-trisdiastato-pazl-sakura-bonsai-rolife-tg415-p142	0	1	0	6
rolife sakura	https://hu.robotoys.eu/miniatur-hazak/konyvek-kucko/sakura-densya-rolife-tgb01-p29	0	4	0	1.25
rolife sakura	https://it.robotoys.eu/case-in-miniatura/angolo-dei-libri/sakura-densya-rolife-tgb01-p29	0	13	0	4
rolife sakura	https://pl.robotoys.eu/drewniane-puzzle-3d/architektura/drewniana-ukladanka-3d-sakura-treehouse-rolife-tgs04-p201	0	1	0	3
rolife sakura	https://pl.robotoys.eu/miniaturowe-domki/kacik-ksiazek/sakura-densya-rolife-tgb01-p29	0	2	0	2
rolife sakura	https://pt.robotoys.eu/casas-em-miniatura/recanto-dos-livros/sakura-densya-rolife-tgb01-p29	0	9	0	2.78
rolife sakura	https://robotoys.eu/miniature-houses/books-nook/sakura-densya-rolife-tgb01-p29	0	1	0	5
rolife sakura	https://se.robotoys.eu/miniatyrhus/bocker-nook/sakura-densya-rolife-tgb01-p29	0	1	0	9
rolife sakura baumhaus	https://de.robotoys.eu/3d-puzzle-aus-holz/die-architektur/3d-puzzle-aus-holz-sakura-baumhaus-rolife-tgs04-p201	0	9	0	3.56
rolife sakura bonsai	https://de.robotoys.eu/3d-puzzle-aus-holz/blumen/holz-3d-puzzle-sakura-bonsai-rolife-tg415-p142	0	2	0	11
rolife sakura bonsai	https://es.robotoys.eu/concurso-de-rompecabezas/sakura-bonsai-rolife-tg415-142	0	6	0	8
rolife sakura bonsai	https://es.robotoys.eu/rompecabezas-3d-de-madera/flores/rompecabezas-3d-de-madera-sakura-bonsai-rolife-tg415-p142	0	1	0	8
rolife sakura bonsai	https://gr.robotoys.eu/ksylino-trisdiastato-pazl/loyloydia/ksylino-trisdiastato-pazl-sakura-bonsai-rolife-tg415-p142	0	1	0	6
rolife sakura bonsai	https://it.robotoys.eu/puzzle-3d-in-legno/fiori/puzzle-3d-in-legno-sakura-bonsai-rolife-tg415-p142	0	3	0	2
rolife sakura bonsai	https://pt.robotoys.eu/quebra-cabeca-3d-de-madeira/flores/quebra-cabeca-3d-de-madeira-sakura-bonsai-rolife-tg415-p142	0	3	0	5
rolife sakura bonsai	https://robotoys.eu/wooden-3d-puzzle/flowers/wooden-3d-puzzle-sakura-bonsai-rolife-tg415-p142	0	6	0	9.5
rolife sakura densya	https://bg.robotoys.eu/mynyatiurny-kshchy/knygy-nook/sakura-densya-rolife-tgb01-p29	0	1	0	1
rolife sakura densya	https://cz.robotoys.eu/miniaturni-domecky/books-nook/sakura-densya-rolife-tgb01-p29	0	1	0	1
rolife sakura densya	https://dk.robotoys.eu/miniaturehuse/boger-nook/sakura-densya-rolife-tgb01-p29	0	2	0	8.5
rolife sakura densya	https://es.robotoys.eu/casas-en-miniatura/rincon-de-libros/sakura-densya-rolife-tgb01-p29	0	3	0	12
rolife sakura densya	https://it.robotoys.eu/case-in-miniatura/angolo-dei-libri/sakura-densya-rolife-tgb01-p29	0	10	0	3.7
rolife sakura densya	https://nl.robotoys.eu/miniatuur-huizen/boeken-hoekje/sakura-densya-rolife-tgb01-p29	0	1	0	6
rolife sakura densya	https://pl.robotoys.eu/miniaturowe-domki/kacik-ksiazek/sakura-densya-rolife-tgb01-p29	0	1	0	8
rolife sakura densya	https://pt.robotoys.eu/casas-em-miniatura/recanto-dos-livros/sakura-densya-rolife-tgb01-p29	0	2	0	3
rolife sakura densya	https://ro.robotoys.eu/case-miniaturale/carti-nook/sakura-densya-rolife-tgb01-p29	0	1	0	3
rolife sakura densya	https://robotoys.eu/miniature-houses/books-nook/sakura-densya-rolife-tgb01-p29	0	13	0	10.23
rolife sakura densya tgb01	https://de.robotoys.eu/miniaturhauser/bucher-ecke/sakura-densya-rolife-tgb01-p29	0	1	0	9
rolife sakura densya tgb01	https://es.robotoys.eu/casas-en-miniatura/rincon-de-libros/sakura-densya-rolife-tgb01-p29	0	1	0	7
rolife sakura densya tgb01	https://robotoys.eu/miniature-houses/books-nook/sakura-densya-rolife-tgb01-p29	0	1	0	9
rolife sakura dreamy tour	https://de.robotoys.eu/3d-puzzle-aus-holz/spieluhren/mechanisches-3d-puzzle-aus-holz-sakura-dreamy-tour-rolife-amt02-p219	0	4	0	8.75
rolife sakura dreamy tour	https://es.robotoys.eu/rompecabezas-3d-de-madera/cajas-de-musica/rompecabezas-mecanico-3d-de-madera-sakura-dreamy-tour-rolife-amt02-p219	0	2	0	4.5
rolife sakura dreamy tour	https://it.robotoys.eu/concorso-di-puzzle/sakura-dreamy-tour-rolife-amt02-219	0	2	0	8
rolife sakura dreamy tour	https://it.robotoys.eu/puzzle-3d-in-legno/carillon/puzzle-meccanico-3d-in-legno-sakura-dreamy-tour-rolife-amt02-p219	0	2	0	2.5
rolife sakura dreamy tour	https://pl.robotoys.eu/drewniane-puzzle-3d/pozytywki/drewniana-mechaniczna-ukladanka-3d-sakura-dreamy-tour-rolife-amt02-p219	0	2	0	8
rolife sakura dreamy tour	https://se.robotoys.eu/3d-pussel-i-tra/speldosor/mekaniskt-3d-pussel-i-tra-sakura-dreamy-tour-rolife-amt02-p219	0	2	0	4
rolife sakura journey	https://gr.robotoys.eu/ksylino-trisdiastato-pazl/oxhmata/ksylino-trisdiastato-pazl-sakura-journey-rolife-tgs02-p105	0	1	0	6
rolife sakura journey	https://it.robotoys.eu/puzzle-3d-in-legno/veicoli/puzzle-3d-in-legno-sakura-journey-rolife-tgs02-p105	0	8	0	3.5
rolife sakura journey	https://pl.robotoys.eu/drewniane-puzzle-3d/pojazdy/drewniane-puzzle-3d-sakura-journey-rolife-tgs02-p105	0	1	0	2
rolife sakura journey	https://robotoys.eu/wooden-3d-puzzle/vehicles/wooden-3d-puzzle-sakura-journey-rolife-tgs02-p105	0	4	0	8
rolife sakura journey 3d wooden puzzle tgs02	https://it.robotoys.eu/puzzle-3d-in-legno/veicoli/puzzle-3d-in-legno-sakura-journey-rolife-tgs02-p105	0	1	0	3
rolife sakura journey 3d wooden puzzle tgs02	https://pt.robotoys.eu/quebra-cabeca-3d-de-madeira/veiculos/quebra-cabeca-3d-de-madeira-sakura-journey-rolife-tgs02-p105	0	1	0	6
rolife sakura journey 3d wooden puzzle tgs02	https://robotoys.eu/wooden-3d-puzzle/vehicles/wooden-3d-puzzle-sakura-journey-rolife-tgs02-p105	0	4	0	4.75
rolife sakura pavilion	https://de.robotoys.eu/3d-puzzle-aus-holz/die-architektur/3d-holzpuzzle-sakura-pavillon-rolife-tga07-p268	0	1	0	8
rolife sakura pavilion	https://it.robotoys.eu/puzzle-3d-in-legno/architettura/puzzle-3d-in-legno-padiglione-sakura-rolife-tga07-p268	0	1	0	5
rolife sakura pavilion	https://nl.robotoys.eu/houten-3d-puzzel/architectuur/houten-3d-puzzel-sakura-paviljoen-rolife-tga07-p268	0	3	0	7.33
rolife sakura pavilion	https://pl.robotoys.eu/drewniane-puzzle-3d/architektura/drewniana-ukladanka-3d-pawilon-sakura-rolife-tga07-p268	0	1	0	1
rolife sakura pavilion	https://robotoys.eu/puzzle-competition/sakura-pavilion-rolife-tga07-268	0	13	0	7.62
rolife sakura pavilion 3d wooden puzzle	https://robotoys.eu/wooden-3d-puzzle/architecture/wooden-3d-puzzle-sakura-pavilion-rolife-tga07-p268	0	1	0	2
rolife sakura pavilion 3d wooden puzzle tga07	https://robotoys.eu/puzzle-competition/sakura-pavilion-rolife-tga07-268	0	1	0	4
rolife sakura tram	https://it.robotoys.eu/puzzle-3d-in-legno/veicoli/puzzle-3d-in-legno-sakura-journey-rolife-tgs02-p105	0	1	0	8
rolife sakura tree house	https://de.robotoys.eu/3d-puzzle-aus-holz/die-architektur/3d-puzzle-aus-holz-sakura-baumhaus-rolife-tgs04-p201	0	2	0	2
rolife sakura tree house	https://es.robotoys.eu/concurso-de-rompecabezas/sakura-treehouse-rolife-tgs04-201	0	1	0	9
rolife sakura tree house	https://it.robotoys.eu/puzzle-3d-in-legno/architettura/puzzle-3d-in-legno-sakura-treehouse-rolife-tgs04-p201	0	5	0	5.4
rolife sakura tree house	https://pt.robotoys.eu/quebra-cabeca-3d-de-madeira/arquitetura/quebra-cabeca-3d-de-madeira-sakura-treehouse-rolife-tgs04-p201	0	2	0	7.5
rolife sakura tree house	https://robotoys.eu/wooden-3d-puzzle/architecture/wooden-3d-puzzle-sakura-treehouse-rolife-tgs04-p201	0	6	0	16.5
rolife sakura tree house 3d puzzle	https://robotoys.eu/wooden-3d-puzzle/architecture/wooden-3d-puzzle-sakura-treehouse-rolife-tgs04-p201	0	1	0	28
rolife sakura treehouse	https://de.robotoys.eu/3d-puzzle-aus-holz/die-architektur/3d-puzzle-aus-holz-sakura-baumhaus-rolife-tgs04-p201	0	2	0	3
rolife sakura wine alley	https://it.robotoys.eu/case-in-miniatura/angolo-dei-libri/inserto-per-libreria-vicolo-del-vino-sotto-i-sakura-rolife-tgb11-p164	0	1	0	9
rolife sakura wine alley	https://robotoys.eu/miniature-houses/books-nook/bookshelf-insert-sakura-wine-alley-rolife-tgb11-p164	0	1	0	10
rolife sakura wine alley - book nook	https://de.robotoys.eu/miniaturhauser/bucher-ecke/bucherregaleinsatz-weinallee-unter-den-sakura-baumen-rolife-tgb11-p164	0	7	0	1
rolife sakura wine alley tgb11	https://robotoys.eu/miniature-houses/books-nook/bookshelf-insert-sakura-wine-alley-rolife-tgb11-p164	0	1	0	10
rolife sam's study	https://es.robotoys.eu/casas-en-miniatura/habitaciones-en-miniatura/biblioteca-de-estudio-de-sam-rolife-dg102-p86	0	1	0	7
rolife sam's study	https://robotoys.eu/miniature-houses/miniature-rooms/sams-study-library-rolife-dg102-p86	0	14	0	9.21
rolife sam's study dg102	https://pl.robotoys.eu/miniaturowe-domki/miniaturowe-pokoje/biblioteka-do-nauki-sama-rolife-dg102-p86	0	1	0	1
rolife sam's study dg102	https://robotoys.eu/miniature-houses/miniature-rooms/sams-study-library-rolife-dg102-p86	0	7	0	7.29
rolife sam's study difficulty	https://robotoys.eu/miniature-houses-medium-difficulty	0	6	0	8.83
rolife sam's study difficulty	https://robotoys.eu/miniature-houses/miniature-rooms/sams-study-library-rolife-dg102-p86	0	1	0	10
rolife sams study	https://es.robotoys.eu/casas-en-miniatura/habitaciones-en-miniatura/biblioteca-de-estudio-de-sam-rolife-dg102-p86	0	2	0	8
rolife sams study	https://robotoys.eu/miniature-houses/miniature-rooms/sams-study-library-rolife-dg102-p86	0	1	0	7
rolife saxophone	https://de.robotoys.eu/3d-puzzle-aus-holz/musikinstrumente/saxophon-rolife-tg309-p26	0	3	0	9
rolife saxophone	https://es.robotoys.eu/rompecabezas-3d-de-madera/instrumentos-musicales/saxofon-rolife-tg309-p26	0	1	0	2
rolife saxophone	https://fr.robotoys.eu/casse-tete-3d-en-bois/instruments-de-musique/saxophone-rolife-tg309-p26	0	1	0	4
rolife saxophone	https://nl.robotoys.eu/houten-3d-puzzel/muziekinstrumenten/saxofoon-rolife-tg309-p26	0	6	0	5.83
rolife serra	https://it.robotoys.eu/case-in-miniatura/camere-in-miniatura/la-serra-della-signora-cathy-rolife-dg104-p28	0	15	0	2.93
rolife serra	https://it.robotoys.eu/concorso-di-puzzle/la-serra-della-signora-cathy-rolife-dg104-28	0	9	0	9.67
rolife serre	https://fr.robotoys.eu/maisons-miniatures/chambres-miniatures/serre-de-mme-cathy-rolife-dg104-p28	0	1	0	19
rolife set	https://pl.robotoys.eu/miniaturowe-domki/kacik-ksiazek/wkladka-na-polke-na-ksiazki-swiateczna-scena-wnetrza-rolife-tgc07-p140	0	1	0	7
rolife sets	https://pl.robotoys.eu/marki/rolife	0	1	0	10
rolife ship	https://robotoys.eu/wooden-3d-puzzle/vehicles/sailling-ship-model-rolife-tg305-p21	0	1	0	8
rolife ship	https://robotoys.eu/wooden-3d-puzzle/vehicles/wooden-3d-puzzle-cruise-ship-rolife-tg306-p87	0	6	0	8.17
rolife ship model	https://robotoys.eu/wooden-3d-puzzle/vehicles/sailling-ship-model-rolife-tg305-p21	0	4	0	7
rolife simon's coffee	https://de.robotoys.eu/miniaturhauser/miniaturladen/cafe-bei-simon-rolife-dg109-p64	0	3	0	9
rolife simon's coffee	https://es.robotoys.eu/casas-en-miniatura/tiendas-de-miniaturas/cafe-en-simon-rolife-dg109-p64	0	2	0	3
rolife simon's coffee	https://it.robotoys.eu/case-in-miniatura/negozi-in-miniatura/caffe-a-simone-rolife-dg109-p64	0	1	0	1
rolife simon's coffee	https://robotoys.eu/miniature-houses/miniature-stores/simons-coffee-shop-rolife-dg109-p64	0	16	0	7.62
rolife simon's coffee instructions	https://robotoys.eu/miniature-houses/miniature-stores/simons-coffee-shop-rolife-dg109-p64	0	1	0	9
rolife simon's coffee shop	https://es.robotoys.eu/casas-en-miniatura/tiendas-de-miniaturas/cafe-en-simon-rolife-dg109-p64	0	1	0	6
rolife simon's coffee shop	https://fr.robotoys.eu/maisons-miniatures/boutiques-miniatures/cafe-a-simon-rolife-dg109-p64	0	1	0	4
rolife simon's coffee shop	https://nl.robotoys.eu/miniatuur-huizen/miniatuur-winkels/cafe-in-simon-rolife-dg109-p64	0	2	0	8
rolife simon's coffee shop	https://robotoys.eu/miniature-houses/miniature-stores/simons-coffee-shop-rolife-dg109-p64	0	2	0	9.5
rolife simons coffee	https://robotoys.eu/miniature-houses/miniature-stores/simons-coffee-shop-rolife-dg109-p64	0	8	0	6.62
rolife simons coffee shop	https://robotoys.eu/miniature-houses/miniature-stores/simons-coffee-shop-rolife-dg109-p64	0	2	0	4.5
rolife srbija	https://hr.robotoys.eu/brendovi/rolife	0	1	0	3
rolife stationery shop	https://robotoys.eu/brands/rolife	0	1	0	3
rolife studio	https://robotoys.eu/blog/rolife-the-beauty-of-slow-life-and-diy-creativity	0	1	0	20
rolife sunshine town	https://es.robotoys.eu/casas-en-miniatura/rincon-de-libros/sunshine-town-rolife-tgb02-p30	0	9	0	6.67
rolife sunshine town	https://it.robotoys.eu/case-in-miniatura/angolo-dei-libri/sunshine-town-rolife-tgb02-p30	0	9	0	7.33
rolife sunshine town	https://it.robotoys.eu/concorso-di-puzzle/sunshine-town-rolife-tgb02-30	0	1	0	4
rolife sunshine town	https://nl.robotoys.eu/miniatuur-huizen/boeken-hoekje/sunshine-town-rolife-tgb02-p30	0	9	0	8.78
rolife sunshine town	https://pl.robotoys.eu/miniaturowe-domki/kacik-ksiazek/sunshine-town-rolife-tgb02-p30	0	4	0	3.75
rolife sunshine town	https://pt.robotoys.eu/casas-em-miniatura/recanto-dos-livros/sunshine-town-rolife-tgb02-p30	0	4	0	2.5
rolife sunshine town	https://robotoys.eu/miniature-houses/books-nook/sunshine-town-rolife-tgb02-p30	0	1	0	3
rolife sunshine town	https://se.robotoys.eu/miniatyrhus/bocker-nook/sunshine-town-rolife-tgb02-p30	0	4	0	6
rolife sunshine town tgb02	https://it.robotoys.eu/case-in-miniatura/angolo-dei-libri/sunshine-town-rolife-tgb02-p30	0	2	0	3
rolife sunshine town tgb02	https://robotoys.eu/miniature-houses/books-nook/sunshine-town-rolife-tgb02-p30	0	2	0	7
rolife super creator	https://gr.robotoys.eu/ksylino-trisdiastato-pazl/moysika-koytia/ksylino-mhxaniko-trisdiastato-pazl-klasiko-karoyzel-rolife-amc01-p146	0	1	0	7
rolife sushi	https://es.robotoys.eu/casas-en-miniatura/tiendas-de-miniaturas/casa-en-miniatura-restaurante-tipsy-rolife-dg167-p209	0	1	0	8
rolife sushi	https://it.robotoys.eu/case-in-miniatura/negozi-in-miniatura/casa-in-miniatura-ristorante-tipsy-rolife-dg167-p209	0	1	0	6
rolife sushi	https://pt.robotoys.eu/marcas/rolife	0	1	0	6
rolife swing ride	https://nl.robotoys.eu/houten-3d-puzzel/muziekdoosjes/muziekdoos-swing-ride-rokr-ea02-p4	0	2	0	12
rolife tea shop	https://robotoys.eu/miniature-houses/miniature-stores/miniature-house-alices-tea-shop-rolife-dg156-p61	0	1	0	12
rolife tgb01	https://de.robotoys.eu/miniaturhauser/bucher-ecke/sakura-densya-rolife-tgb01-p29	0	1	0	10
rolife tgb01	https://es.robotoys.eu/casas-en-miniatura/rincon-de-libros/sakura-densya-rolife-tgb01-p29	0	1	0	7
rolife tgb01	https://fr.robotoys.eu/maisons-miniatures/coin-livres/sakura-densya-rolife-tgb01-p29	0	1	0	8
rolife tgb01	https://it.robotoys.eu/case-in-miniatura/angolo-dei-libri/sakura-densya-rolife-tgb01-p29	0	1	0	2
rolife tgb01	https://nl.robotoys.eu/miniatuur-huizen/boeken-hoekje/sakura-densya-rolife-tgb01-p29	0	1	0	8
rolife tgb01	https://robotoys.eu/miniature-houses/books-nook/sakura-densya-rolife-tgb01-p29	0	5	0	6.6
rolife tgb02	https://cz.robotoys.eu/miniaturni-domecky/books-nook/sunshine-town-rolife-tgb02-p30	0	1	0	1
rolife tgb02	https://es.robotoys.eu/casas-en-miniatura/rincon-de-libros/sunshine-town-rolife-tgb02-p30	0	1	0	3
rolife tgb02	https://fr.robotoys.eu/maisons-miniatures/coin-livres/sunshine-town-rolife-tgb02-p30	0	1	0	9
rolife tgb02	https://robotoys.eu/miniature-houses/books-nook/sunshine-town-rolife-tgb02-p30	0	10	0	8.5
rolife tgb03	https://cz.robotoys.eu/miniaturni-domecky/books-nook/kouzelny-dum-rolife-tgb03-p58	0	1	0	1
rolife tgb03	https://de.robotoys.eu/miniaturhauser/bucher-ecke/magical-house-rolife-tgb03-p58	0	1	0	5
rolife tgb04	https://de.robotoys.eu/miniaturhauser/bucher-ecke/time-travel-rolife-tgb04-p60	0	1	0	6
rolife tgb04	https://pt.robotoys.eu/casas-em-miniatura/recanto-dos-livros/viagem-no-tempo-rolife-tgb04-p60	0	2	0	2
rolife tgb04	https://se.robotoys.eu/miniatyrhus/bocker-nook/time-travel-rolife-tgb04-p60	0	1	0	6
rolife tgb06	https://de.robotoys.eu/miniaturhauser/bucher-ecke/feriengartenhaus-rolife-tgb06-p78	0	2	0	10
rolife tgb06	https://hr.robotoys.eu/minijaturne-kuce/knjige-nook/vrtna-kucica-za-odmor-rolife-tgb06-p78	0	1	0	3
rolife tgb06	https://robotoys.eu/miniature-houses/books-nook/holiday-garden-house-rolife-tgb06-p78	0	1	0	8
rolife tgb07	https://de.robotoys.eu/miniaturhauser/bucher-ecke/bookstore-rolife-tgb07-p76	0	2	0	7.5
rolife tgb07	https://dk.robotoys.eu/miniaturehuse/boger-nook/boghandel-rolife-tgb07-p76	0	1	0	4
rolife tgb07	https://fr.robotoys.eu/maisons-miniatures/coin-livres/bookstore-rolife-tgb07-p76	0	3	0	9
rolife tgb07	https://hu.robotoys.eu/miniatur-hazak/konyvek-kucko/konyvesbolt-rolife-tgb07-p76	0	1	0	2
rolife tgb07	https://it.robotoys.eu/case-in-miniatura/angolo-dei-libri/bookstore-rolife-tgb07-p76	0	2	0	4.5
rolife tgb07	https://pt.robotoys.eu/casas-em-miniatura/recanto-dos-livros/livraria-rolife-tgb07-p76	0	1	0	2
rolife tgb10	https://de.robotoys.eu/miniaturhauser/bucher-ecke/bucherregaleinsatz-arcade-dating-rolife-tgb10-p148	0	2	0	7
rolife tgb10	https://fr.robotoys.eu/maisons-miniatures/coin-livres/insert-de-bibliotheque-arcade-dating-rolife-tgb10-p148	0	1	0	8
rolife tgb10	https://it.robotoys.eu/case-in-miniatura/angolo-dei-libri/inserto-per-libreria-arcade-dating-rolife-tgb10-p148	0	1	0	2
rolife tgb10	https://robotoys.eu/miniature-houses/books-nook/bookshelf-insert-arcade-dating-rolife-tgb10-p148	0	3	0	7.33
rolife tgb11	https://de.robotoys.eu/miniaturhauser/bucher-ecke/bucherregaleinsatz-weinallee-unter-den-sakura-baumen-rolife-tgb11-p164	0	2	0	9.5
rolife tgb11	https://robotoys.eu/brands/rolife	0	1	0	21
rolife tgb11	https://robotoys.eu/miniature-houses/books-nook/bookshelf-insert-sakura-wine-alley-rolife-tgb11-p164	0	2	0	10
rolife tgb12	https://robotoys.eu/miniature-houses/books-nook/bookshelf-insert-fall-into-wonder-rolife-tgb12-p165	0	2	0	5
rolife tgb14	https://cz.robotoys.eu/miniaturni-domecky/books-nook/vlozka-do-police-na-knihy-koutek-magicke-fantazie-rolife-tgb14-p221	0	1	0	7
rolife tgb15	https://nl.robotoys.eu/miniatuur-huizen/boeken-hoekje/inzetstuk-voor-boekenplank-holiday-cafe-rolife-tgb15-p225	0	1	0	7
rolife tgb16	https://robotoys.eu/miniature-houses/books-nook/bookshelf-insert-library-of-wonders-rolife-tgb16-p226	0	1	0	5
rolife tgb17	https://hr.robotoys.eu/brendovi/rolife	0	1	0	8
rolife tgb17	https://robotoys.eu/miniature-houses/books-nook/bookshelf-insert-fairytale-theme-park-rolife-tgb17-p257	0	2	0	3.5
rolife tgs02	https://de.robotoys.eu/3d-puzzle-aus-holz/fahrzeuge/3d-puzzle-aus-holz-sakura-journey-rolife-tgs02-p105	0	6	0	6.17
rolife tgs02	https://fr.robotoys.eu/casse-tete-3d-en-bois/vehicules/puzzle-3d-en-bois-sakura-journey-rolife-tgs02-p105	0	3	0	8
rolife tgs02	https://it.robotoys.eu/puzzle-3d-in-legno/veicoli/puzzle-3d-in-legno-sakura-journey-rolife-tgs02-p105	0	1	0	6
rolife tgs02	https://robotoys.eu/wooden-3d-puzzle/vehicles/wooden-3d-puzzle-sakura-journey-rolife-tgs02-p105	0	7	0	6.57
rolife tgs04	https://de.robotoys.eu/3d-puzzle-aus-holz/die-architektur/3d-puzzle-aus-holz-sakura-baumhaus-rolife-tgs04-p201	0	2	0	5
rolife tgs04	https://es.robotoys.eu/rompecabezas-3d-de-madera/arquitectura/rompecabezas-3d-de-madera-sakura-treehouse-rolife-tgs04-p201	0	1	0	4
rolife tgs04	https://it.robotoys.eu/puzzle-3d-in-legno/architettura/puzzle-3d-in-legno-sakura-treehouse-rolife-tgs04-p201	0	1	0	4
rolife tgs04	https://pt.robotoys.eu/quebra-cabeca-3d-de-madeira/arquitetura/quebra-cabeca-3d-de-madeira-sakura-treehouse-rolife-tgs04-p201	0	1	0	2
rolife thalia	https://de.robotoys.eu/miniaturhauser/miniaturladen/miniaturhaus-alices-teeladen-rolife-dg156-p61	0	1	0	32
rolife tienda japonesa	https://es.robotoys.eu/marcas/rolife	0	1	0	8
rolife time travel	https://dk.robotoys.eu/miniaturehuse/boger-nook/time-travel-rolife-tgb04-p60	0	1	0	5
rolife time travel	https://robotoys.eu/miniature-houses/books-nook/time-travel-rolife-tgb04-p60	0	1	0	5
rolife tipsy	https://pt.robotoys.eu/casas-em-miniatura/lojas-de-miniaturas/casa-em-miniatura-restaurante-tipsy-rolife-dg167-p209	0	1	0	6
rolife tipsy restaurant	https://cz.robotoys.eu/miniaturni-domecky/miniaturni-obchody/miniaturni-domek-restaurace-tipsy-rolife-dg167-p209	0	1	0	6
rolife tipsy restaurant	https://de.robotoys.eu/miniaturhauser/miniaturladen/miniaturhaus-restaurant-tipsy-rolife-dg167-p209	0	6	0	6.83
rolife tipsy restaurant	https://dk.robotoys.eu/miniaturehuse/miniature-butikker/miniaturehus-restaurant-tipsy-rolife-dg167-p209	0	4	0	8.25
rolife tipsy restaurant	https://es.robotoys.eu/casas-en-miniatura/tiendas-de-miniaturas/casa-en-miniatura-restaurante-tipsy-rolife-dg167-p209	0	5	0	8.2
rolife tipsy restaurant	https://hu.robotoys.eu/miniatur-hazak/miniatur-uzletek/miniatur-haz-etterem-tipsy-rolife-dg167-p209	0	1	0	6
rolife tipsy restaurant	https://it.robotoys.eu/case-in-miniatura/negozi-in-miniatura/casa-in-miniatura-ristorante-tipsy-rolife-dg167-p209	0	3	0	4
rolife tipsy restaurant	https://nl.robotoys.eu/miniatuur-huizen/miniatuur-winkels/miniatuurhuis-restaurant-tipsy-rolife-dg167-p209	0	1	0	12
rolife tipsy restaurant	https://robotoys.eu/miniature-houses/miniature-stores/miniature-house-restaurant-tipsy-rolife-dg167-p209	0	2	0	8.5
rolife tipsy restaurant	https://se.robotoys.eu/miniatyrhus/miniatyrbutiker/miniatyrhus-restaurang-tipsy-rolife-dg167-p209	0	3	0	12
rolife tipsy restaurant () reviews	https://robotoys.eu/miniature-houses/miniature-stores/miniature-house-restaurant-tipsy-rolife-dg167-p209	0	1	0	10
rolife tipsy restaurant diy miniature house dg167	https://robotoys.eu/miniature-houses/miniature-stores/miniature-house-restaurant-tipsy-rolife-dg167-p209	0	1	0	3
rolife tokyo	https://pt.robotoys.eu/casas-em-miniatura/recanto-dos-livros/sakura-densya-rolife-tgb01-p29	0	1	0	6
rolife torre eiffel	https://es.robotoys.eu/rompecabezas-3d-de-madera/arquitectura/torre-eiffel-iluminada-rolife-tgl01-p73	0	2	0	4
rolife torre eiffel	https://it.robotoys.eu/concorso-di-puzzle/modello-della-torre-eiffel-rolife-tg501-17	0	1	0	9
rolife torre eiffel	https://it.robotoys.eu/concorso-di-puzzle/torre-eiffel-illuminata-rolife-tgl01-73	0	4	0	10.25
rolife torre eiffel	https://it.robotoys.eu/puzzle-3d-in-legno/architettura/modello-della-torre-eiffel-rolife-tg501-p17	0	5	0	2
rolife torre eiffel	https://it.robotoys.eu/puzzle-3d-in-legno/architettura/torre-eiffel-illuminata-rolife-tgl01-p73	0	4	0	5.5
rolife tower bridge	https://de.robotoys.eu/3d-puzzle-aus-holz/die-architektur/tower-bridge-modell-mit-led-beleuchtung-rolife-tg412-p19	0	2	0	9.5
rolife tower bridge	https://fr.robotoys.eu/casse-tete-3d-en-bois/architecture/modele-tower-bridge-avec-eclairage-led-rolife-tg412-p19	0	1	0	10
rolife tower bridge	https://it.robotoys.eu/puzzle-3d-in-legno/architettura/modello-tower-bridge-con-illuminazione-led-rolife-tg412-p19	0	1	0	4
rolife tower bridge	https://nl.robotoys.eu/houten-3d-puzzel/architectuur/tower-bridge-model-met-led-verlichting-rolife-tg412-p19	0	1	0	8
rolife tower bridge	https://pl.robotoys.eu/drewniane-puzzle-3d/architektura/model-tower-bridge-z-oswietleniem-led-rolife-tg412-p19	0	1	0	5
rolife tower bridge	https://pt.robotoys.eu/quebra-cabeca-3d-de-madeira/arquitetura/modelo-tower-bridge-com-iluminacao-led-rolife-tg412-p19	0	2	0	2
rolife tower bridge	https://robotoys.eu/wooden-3d-puzzle/architecture/tower-bridge-model-with-led-lighting-rolife-tg412-p19	0	6	0	5.17
rolife tram	https://es.robotoys.eu/rompecabezas-3d-de-madera/vehiculos/tranvia-historico-rolife-tg505-p40	0	1	0	1
rolife tram	https://fr.robotoys.eu/casse-tete-3d-en-bois/vehicules/tramway-historique-rolife-tg505-p40	0	1	0	10
rolife tram	https://it.robotoys.eu/puzzle-3d-in-legno/veicoli/tram-storico-rolife-tg505-p40	0	4	0	1.25
rolife tram	https://nl.robotoys.eu/houten-3d-puzzel/voertuigen/historische-tram-rolife-tg505-p40	0	5	0	2.6
rolife tram	https://robotoys.eu/wooden-3d-puzzle/vehicles/historic-tramcar-rolife-tg505-p40	0	11	0	5
rolife tramcar	https://es.robotoys.eu/rompecabezas-3d-de-madera/vehiculos/tranvia-historico-rolife-tg505-p40	0	4	0	2.25
rolife tramcar	https://fr.robotoys.eu/casse-tete-3d-en-bois/vehicules/tramway-historique-rolife-tg505-p40	0	3	0	4
rolife tramcar	https://hu.robotoys.eu/fabol-keszult-3d-puzzle/jarmuvek/tortenelmi-villamos-rolife-tg505-p40	0	1	0	1
rolife tramcar	https://it.robotoys.eu/puzzle-3d-in-legno/veicoli/tram-storico-rolife-tg505-p40	0	2	0	1
rolife tramcar	https://nl.robotoys.eu/houten-3d-puzzel/voertuigen/historische-tram-rolife-tg505-p40	0	1	0	3
rolife tramcar	https://robotoys.eu/wooden-3d-puzzle/vehicles/historic-tramcar-rolife-tg505-p40	0	7	0	4.57
rolife tramcar tg505	https://es.robotoys.eu/rompecabezas-3d-de-madera/vehiculos/tranvia-historico-rolife-tg505-p40	0	2	0	1.5
rolife tuinhuis	https://nl.robotoys.eu/miniatuur-huizen/boeken-hoekje/vakantietuinhuis-rolife-tgb06-p78	0	1	0	13
rolife typewriter	https://robotoys.eu/wooden-3d-puzzle/stem-lab/wooden-mechanical-3d-puzzle-typewriter-eco-wood-art-p158	0	13	0	8.08
rolife venice	https://nl.robotoys.eu/miniatuur-huizen/boeken-hoekje/boekenplankinzet-romantisch-venetie-rolife-tgb08-p107	0	1	0	52
rolife violin	https://it.robotoys.eu/puzzle-3d-in-legno/strumenti-musicali/puzzle-3d-in-legno-violoncello-rolife-tg411-p85	0	3	0	2.67
rolife violin	https://robotoys.eu/wooden-3d-puzzle/musical-instruments/violin-capriccio-rokr-tg604k-p66	0	3	0	6.33
rolife vs rokr	https://robotoys.eu/blog/wooden-3d-puzzles-how-to-choose-your-first-building-kit-and-what-to-prepare-for	0	1	0	19
rolife where is it from	https://robotoys.eu/blog/rolife-the-beauty-of-slow-life-and-diy-creativity	0	1	0	11
rolife where to buy	https://robotoys.eu/brands/rolife	0	1	0	8
rolife witch	https://es.robotoys.eu/casas-en-miniatura/tiendas-de-miniaturas/tienda-bruja-kiki-rolife-dg155-p31	0	1	0	2
rolife wooden puzzles	https://pl.robotoys.eu/marki/rolife	0	1	0	5
rolife цена	https://bg.robotoys.eu/nai-novyte-podartsy-za-rozhden-den	0	1	0	5
rolife どこの国	https://robotoys.eu/brands/rolife	0	2	0	8
rolife.	https://cz.robotoys.eu/znacky/rolife	0	1	0	3
rolife.	https://dk.robotoys.eu/maerker/rolife	0	1	0	3
rolife.	https://es.robotoys.eu/marcas/rolife	0	1	0	7
rolife.	https://pl.robotoys.eu/marki/rolife	0	1	0	1
rolife.	https://pt.robotoys.eu/marcas/rolife	0	1	0	3
rolife: cozy kitchen	https://de.robotoys.eu/miniaturhauser/miniaturraume/miniaturhaus-gemutliche-kuche-rolife-dg159-p89	0	8	0	1
rolifee	https://dk.robotoys.eu/maerker/rolife	0	1	0	5
rolifer	https://robotoys.eu/brands/rolife	0	3	0	30
rolifer	https://se.robotoys.eu/marken/rolife	0	1	0	8
rolifes	https://es.robotoys.eu/productos-de-la-marca-rolife-en-oferta	0	1	0	9
rolifes	https://pt.robotoys.eu/marcas/rolife	0	2	0	4
rolifes	https://se.robotoys.eu/rolifes-produkter-till-forsaljning	0	1	0	2
rolife® tipsy restaurant diy miniature house kit	https://robotoys.eu/miniature-houses/miniature-stores/miniature-house-restaurant-tipsy-rolife-dg167-p209	0	1	0	1
roliffe	https://es.robotoys.eu/marcas/rolife	0	2	0	7
roliffe	https://pt.robotoys.eu/marcas/rolife	0	2	0	5
rolifie	https://hu.robotoys.eu/markak/rolife	0	1	0	4
rolifr	https://ee.robotoys.eu/kaubamargid/rolife	0	1	0	2
rolifr	https://es.robotoys.eu/marcas/rolife	0	1	0	7
rolifr	https://hu.robotoys.eu/markak/rolife	0	1	0	4
rolifr	https://it.robotoys.eu/marche/rolife	0	3	0	6.33
rolifr	https://lt.robotoys.eu/prekiniai-zenklai/rolife	0	1	0	5
rolifr	https://lv.robotoys.eu/zimoli/rolife	0	1	0	2
rolifr	https://pt.robotoys.eu/marcas/rolife	0	1	0	3
rolifw	https://dk.robotoys.eu/maerker/rolife	0	3	0	5
rolifw	https://ee.robotoys.eu/kaubamargid/rolife	0	1	0	7
rolifw	https://es.robotoys.eu/marcas/rolife	0	9	0	6.78
rolifw	https://hr.robotoys.eu/brendovi/rolife	0	1	0	6
rolifw	https://hu.robotoys.eu/markak/rolife	0	2	0	3
rolifw	https://it.robotoys.eu/marche/rolife	0	6	0	4.67
rolifw	https://pl.robotoys.eu/marki/rolife	0	3	0	4
rolifw	https://pt.robotoys.eu/marcas/rolife	0	4	0	5.25
rolilife	https://lv.robotoys.eu/zimoli/rolife	0	1	0	3
rolite puzzle	https://cz.robotoys.eu/znacky/rolife	0	1	0	4
rolite puzzle	https://es.robotoys.eu/marcas/rolife	0	1	0	8
roll life miniatures	https://robotoys.eu/miniature-houses/books-nook/bookshelf-insert-sakura-wine-alley-rolife-tgb11-p164	0	1	0	5
rollife	https://bg.robotoys.eu/marky/rolife	0	3	0	3
rollife	https://cz.robotoys.eu/znacky/rolife	0	1	0	2
rollife	https://dk.robotoys.eu/maerker/rolife	0	3	0	3.33
rollife	https://es.robotoys.eu/marcas/rolife	0	20	0	6.85
rollife	https://it.robotoys.eu/marche/rolife	0	6	0	4.33
rollife	https://lt.robotoys.eu/prekiniai-zenklai/rolife	0	1	0	4
rollife	https://lv.robotoys.eu/zimoli/rolife	0	3	0	2.67
rollife	https://pl.robotoys.eu/marki/rolife	0	7	0	4.14
rollife	https://pt.robotoys.eu/marcas/rolife	0	7	0	5.43
rolllife	https://pl.robotoys.eu/marki/rolife	0	1	0	3
rolofe	https://bg.robotoys.eu/marky/rolife	0	3	0	2.67
rolofe	https://cz.robotoys.eu/znacky/rolife	0	1	0	3
rolofe	https://ee.robotoys.eu/kaubamargid/rolife	0	1	0	5
rolofe	https://es.robotoys.eu/marcas/rolife	0	12	0	6.83
rolofe	https://gr.robotoys.eu/markes/rolife	0	3	0	8.67
rolofe	https://it.robotoys.eu/marche/rolife	0	2	0	4.5
rolofe	https://pl.robotoys.eu/marki/rolife	0	3	0	3.33
rolofe	https://pt.robotoys.eu/marcas/rolife	0	8	0	4.88
rololife	https://bg.robotoys.eu/marky/rolife	0	1	0	4
rolufe	https://ee.robotoys.eu/kaubamargid/rolife	0	1	0	2
rolufe	https://es.robotoys.eu/casas-en-miniatura/habitaciones-en-miniatura/mr-millers-garden-rolife-dg108-p23	0	1	0	7
rolufe	https://es.robotoys.eu/marcas/rolife	0	3	0	7.33
rolufe	https://hu.robotoys.eu/markak/rolife	0	1	0	2
rolufe	https://it.robotoys.eu/marche/rolife	0	1	0	5
rolufe	https://pt.robotoys.eu/marcas/rolife	0	2	0	3.5
rolyfe	https://es.robotoys.eu/marcas/rolife	0	2	0	6
romantic notes wall clock	https://robotoys.eu/wooden-3d-puzzle/clocks-calendars/romantic-note-wall-clock-rokr-lc701-p56	0	2	0	4
romantic wall clock	https://robotoys.eu/wooden-3d-puzzle/clocks-calendars/romantic-note-wall-clock-rokr-lc701-p56	0	4	0	6.5
romoecabezas 3d	https://es.robotoys.eu/rompecabezas-3d-de-madera/arquitectura/puzzle-3d-de-madera-sagrada-familia-little-story-e018-p133	0	2	0	4.5
rompe cabezas 3d	https://es.robotoys.eu/rompecabezas-3d-de-madera/arquitectura/puzzle-3d-de-madera-sagrada-familia-little-story-e018-p133	0	4	0	6.5
rompecabeza 3d	https://es.robotoys.eu/rompecabezas-3d-de-madera/arquitectura	0	1	0	2
rompecabeza 3d madera	https://es.robotoys.eu/rompecabezas-3d-de-madera	0	1	0	17
rompecabeza 3d madera	https://es.robotoys.eu/rompecabezas-3d-de-madera/arquitectura/puzzle-3d-de-madera-sagrada-familia-little-story-e018-p133	0	6	0	1.33
rompecabeza de madera	https://es.robotoys.eu/blog/historia-de-los-puzzles-de-madera-en-3d-desde-los-comienzos-hasta-la-actualidad	0	1	0	9
rompecabeza de madera	https://es.robotoys.eu/rompecabezas-3d-de-madera/stem-lab/puzzle-3d-mecanico-de-madera-impresora-clasica-rokr-lk602-p90	0	1	0	4
rompecabeza de madera 3d	https://es.robotoys.eu/rompecabezas-3d-de-madera-mejor-valorado	0	2	0	13.5
rompecabeza madera 3d	https://es.robotoys.eu/rompecabezas-3d-de-madera-mejor-valorado	0	1	0	15
rompecabezas	https://es.robotoys.eu/rompecabezas-3d-de-madera/arquitectura/puzzle-3d-de-madera-sagrada-familia-little-story-e018-p133	0	1	0	2
rompecabezas	https://es.robotoys.eu/rompecabezas-3d-de-madera/stem-lab/puzzle-3d-mecanico-de-madera-impresora-clasica-rokr-lk602-p90	0	1	0	3
rompecabezas	https://es.robotoys.eu/rompecabezas-3d-de-madera/stem-lab/rompecabezas-mecanico-3d-de-madera-desafio-de-la-bola-de-engranajes-rokr-egc01-p213	0	1	0	3
rompecabezas	https://es.robotoys.eu/rompecabezas-3d-de-madera/vehiculos/rompecabezas-3d-de-madera-motorcycle-speedtail-little-story-e020-p172	0	1	0	2
rompecabezas 3 d	https://es.robotoys.eu/rompecabezas-3d-de-madera/arquitectura/puzzle-3d-de-madera-sagrada-familia-little-story-e018-p133	0	5	0	4.8
rompecabezas 3d	https://es.robotoys.eu/rompecabezas-3d-de-madera/arquitectura/modelo-tower-bridge-con-iluminacion-led-rolife-tg412-p19	0	1	0	4
rompecabezas 3d	https://robotoys.eu/wooden-3d-puzzle/architecture	0	2	0	1.5
rompecabezas 3d arquitectura	https://es.robotoys.eu/rompecabezas-3d-de-madera/arquitectura	0	9	0	3.22
rompecabezas 3d coliseo romano	https://es.robotoys.eu/rompecabezas-3d-de-madera/arquitectura/puzzle-3d-de-madera-coliseo-little-story-e016-p126	0	2	0	1
rompecabezas 3d de madera	https://es.robotoys.eu/blog/historia-de-los-puzzles-de-madera-en-3d-desde-los-comienzos-hasta-la-actualidad	0	1	0	22
rompecabezas 3d de madera	https://es.robotoys.eu/rompecabezas-3d-de-madera-mejor-valorado	0	4	0	15.5
rompecabezas 3d en madera	https://es.robotoys.eu/blog/historia-de-los-puzzles-de-madera-en-3d-desde-los-comienzos-hasta-la-actualidad	0	1	0	31
rompecabezas 3d en madera	https://es.robotoys.eu/rompecabezas-3d-de-madera/arquitectura	0	1	0	17
rompecabezas 3d en madera	https://es.robotoys.eu/rompecabezas-3d-de-madera/arquitectura/modelo-tower-bridge-con-iluminacion-led-rolife-tg412-p19	0	1	0	1
rompecabezas 3d en madera	https://es.robotoys.eu/rompecabezas-3d-de-madera/arquitectura/puzzle-3d-de-madera-sagrada-familia-little-story-e018-p133	0	14	0	1.86
rompecabezas 3d flores	https://es.robotoys.eu/rompecabezas-3d-de-madera/flores	0	4	0	3.75
rompecabezas 3d madera	https://es.robotoys.eu/rompecabezas-3d-de-madera/arquitectura	0	3	0	15.67
rompecabezas 3d madera	https://es.robotoys.eu/rompecabezas-3d-de-madera/arquitectura/puzzle-3d-de-madera-sagrada-familia-little-story-e018-p133	0	187	0	2.74
rompecabezas 3d para adultos	https://es.robotoys.eu/rompecabezas-3d-de-madera/arquitectura/rompecabezas-3d-de-madera-catedral-de-paris-rowood-tg511-p224	0	1	0	5
rompecabezas 3d sagrada familia	https://es.robotoys.eu/rompecabezas-3d-de-madera/arquitectura/puzzle-3d-de-madera-sagrada-familia-little-story-e018-p133	0	3	0	13.33
rompecabezas arma	https://es.robotoys.eu/rompecabezas-3d-de-madera/armas	0	147	0	5.74
rompecabezas arma	https://es.robotoys.eu/rompecabezas-3d-de-madera/armas/revolver-corsac-m60-rokr-lq401-p35	0	4	0	7
rompecabezas arma	https://es.robotoys.eu/rompecabezas-3d-de-madera/armas/rompecabezas-mecanico-3d-de-madera-ametralladora-con-canon-giratorio-rokr-lqa01-p218	0	1	0	4
rompecabezas arma	https://es.robotoys.eu/rompecabezas-3d-de-madera/armas/rompecabezas-mecanico-3d-de-madera-canon-antiaereo-rokr-lqm01-p255	0	1	0	4
rompecabezas arma	https://es.robotoys.eu/rompecabezas-3d-de-madera/armas/rompecabezas-mecanico-3d-de-madera-mini-pistola-rokr-lq502-p147	0	51	0	1.35
rompecabezas arma	https://es.robotoys.eu/rompecabezas-3d-de-madera/armas/terminator-m870-rokr-lq501-p36	0	11	0	2.82
rompecabezas arma	https://es.robotoys.eu/rompecabezas-3d-de-madera/armas/thompson-rokr-lqb01-p74	0	12	0	1.5
rompecabezas arma prohibida	https://es.robotoys.eu/rompecabezas-3d-de-madera/armas	0	2	0	40
rompecabezas armas	https://es.robotoys.eu/rompecabezas-3d-de-madera/armas	0	5	0	10.8
rompecabezas armas	https://es.robotoys.eu/rompecabezas-3d-de-madera/armas/rifle-ak-47-rokr-lq901-p67	0	7	0	6.43
rompecabezas armas	https://es.robotoys.eu/rompecabezas-3d-de-madera/armas/rompecabezas-mecanico-3d-de-madera-mini-pistola-rokr-lq502-p147	0	3	0	6
rompecabezas armas	https://es.robotoys.eu/rompecabezas-3d-de-madera/armas/thompson-rokr-lqb01-p74	0	14	0	6.36
rompecabezas caza	https://es.robotoys.eu/rompecabezas-3d-de-madera/armas	0	1	0	33
rompecabezas coliseo romano	https://es.robotoys.eu/rompecabezas-3d-de-madera/arquitectura/puzzle-3d-de-madera-coliseo-little-story-e016-p126	0	1	0	36
rompecabezas de autos	https://es.robotoys.eu/rompecabezas-3d-de-madera/vehiculos	0	1	0	11
rompecabezas de coches	https://es.robotoys.eu/rompecabezas-3d-de-madera/vehiculos	0	1	0	10
rompecabezas de flores	https://es.robotoys.eu/rompecabezas-3d-de-madera/flores	0	2	0	12
rompecabezas de flores 3d	https://es.robotoys.eu/rompecabezas-3d-de-madera/flores	0	1	0	1
rompecabezas de herramientas	https://es.robotoys.eu/blog/10-herramientas-que-necesitas-al-armar-un-rompecabezas-3d-de-madera	0	1	0	1
rompecabezas de la sagrada familia	https://es.robotoys.eu/rompecabezas-3d-de-madera/arquitectura/puzzle-3d-de-madera-sagrada-familia-little-story-e018-p133	0	1	0	1
rompecabezas de leon	https://es.robotoys.eu/rompecabezas-3d-de-madera/los-animales/puzzle-3d-de-madera-leon-little-story-d011-p119	0	1	0	6
rompecabezas de madera	https://es.robotoys.eu/blog/historia-de-los-puzzles-de-madera-en-3d-desde-los-comienzos-hasta-la-actualidad	0	7	0	11.29
rompecabezas de madera 3d	https://es.robotoys.eu/blog/historia-de-los-puzzles-de-madera-en-3d-desde-los-comienzos-hasta-la-actualidad	0	1	0	21
rompecabezas de madera 3d	https://es.robotoys.eu/rompecabezas-3d-de-madera-mejor-valorado	0	4	0	17
rompecabezas de madera 3d	https://es.robotoys.eu/rompecabezas-3d-de-madera/arquitectura	0	2	0	8.5
rompecabezas de madera 3d	https://es.robotoys.eu/rompecabezas-3d-de-madera/arquitectura/puzzle-3d-de-madera-sagrada-familia-little-story-e018-p133	0	1	0	3
rompecabezas de madera en 3d	https://es.robotoys.eu/rompecabezas-3d-de-madera-mejor-valorado	0	2	0	16.5
rompecabezas en 3d	https://robotoys.eu/wooden-3d-puzzle/architecture	0	1	0	3
rompecabezas en madera 3d	https://es.robotoys.eu/rompecabezas-3d-de-madera/arquitectura	0	1	0	13
rompecabezas madera 3d	https://es.robotoys.eu/rompecabezas-3d-de-madera/arquitectura	0	1	0	14
rompecabezas mecanico	https://es.robotoys.eu/rompecabezas-3d-de-madera/vehiculos/rompecabezas-mecanico-3d-de-madera-coche-de-carreras-amarillo-eco-wood-art-p151	0	2	0	21
rompecabezas mecanicos	https://es.robotoys.eu/rompecabezas-3d-de-madera/vehiculos/rompecabezas-mecanico-3d-de-madera-coche-de-carreras-amarillo-eco-wood-art-p151	0	1	0	13
rompecabezas mecánico	https://es.robotoys.eu/rompecabezas-3d-de-madera/vehiculos/rompecabezas-mecanico-3d-de-madera-coche-de-carreras-amarillo-eco-wood-art-p151	0	2	0	16.5
rompecabezas sagrada familia	https://es.robotoys.eu/rompecabezas-3d-de-madera/arquitectura/puzzle-3d-de-madera-sagrada-familia-little-story-e018-p133	0	1	0	22
rompecabezas tridimensional	https://robotoys.eu/wooden-3d-puzzle/architecture	0	1	0	1
rompecabezas tridimensional	https://robotoys.eu/wooden-3d-puzzle/architecture/wooden-3d-puzzle-victory-arch-little-story-e011-p123	0	1	0	1
rompecabezas tridimensional de madera	https://es.robotoys.eu/blog/historia-de-los-puzzles-de-madera-en-3d-desde-los-comienzos-hasta-la-actualidad	0	1	0	11
room kits	https://robotoys.eu/miniature-houses/miniature-rooms	0	1	0	8
room mini	https://robotoys.eu/miniature-houses/miniature-rooms	0	1	0	7
roowood	https://cz.robotoys.eu/znacky/rowood	0	1	0	1
roowood	https://fr.robotoys.eu/marques/rowood	0	3	0	5.33
roowood	https://nl.robotoys.eu/merken/rowood	0	2	0	6
rorkr	https://es.robotoys.eu/marcas/rokr	0	1	0	7
rorkr	https://it.robotoys.eu/marche/rokr	0	2	0	3.5
rorkr	https://robotoys.eu/brands/rokr	0	1	0	6
rotacni kulomet	https://cz.robotoys.eu/drevene-3d-puzzle/zbrane/drevene-mechanicke-3d-puzzle-kulomet-s-rotacni-hlavni-rokr-lqa01-p218	0	5	0	7
rotacni kulomet	https://cz.robotoys.eu/soutez-v-puzzle/kulomet-s-rotacni-hlavni-rokr-lqa01-218	0	3	0	20
rotační kulomet	https://cz.robotoys.eu/drevene-3d-puzzle/zbrane/drevene-mechanicke-3d-puzzle-kulomet-s-rotacni-hlavni-rokr-lqa01-p218	0	3	0	7.67
rotes rennauto	https://de.robotoys.eu/3d-puzzle-aus-holz/fahrzeuge/mechanisches-3d-puzzle-aus-holz-rotes-rennauto-eco-wood-art-p152	0	3	0	1
rotlife	https://it.robotoys.eu/case-in-miniatura/camere-in-miniatura/casa-in-miniatura-villa-accogliente-per-cuccioli-rolife-dg169-p149	0	1	0	7
roulife	https://pt.robotoys.eu/marcas/rolife	0	1	0	6
rovelo creative	https://robotoys.eu/	0	1	0	4
rowod	https://de.robotoys.eu/marken/rowood	0	1	0	7
rowod	https://es.robotoys.eu/marcas/rowood	0	1	0	6
rowod	https://robotoys.eu/brands/rowood	0	1	0	10
rowood	https://cz.robotoys.eu/drevene-3d-puzzle/kvety/drevene-3d-puzzle-dreveny-kvetinovy-kosik-rowood-tw03h-p210	0	1	0	13
rowood	https://cz.robotoys.eu/drevene-3d-puzzle/kvety/drevene-3d-puzzle-ruzova-dahlia-rowood-tw131-p252	0	1	0	13
rowood	https://cz.robotoys.eu/drevene-3d-puzzle/kvety/drevene-3d-puzzle-sakura-rowood-tw101-p195	0	1	0	10
rowood	https://cz.robotoys.eu/drevene-3d-puzzle/kvety/drevene-3d-puzzle-serik-rowood-tw021-p103	0	1	0	8
rowood	https://cz.robotoys.eu/drevene-3d-puzzle/kvety/drevene-3d-puzzle-zlata-slunecnice-rowood-th002-p193	0	1	0	13
rowood	https://cz.robotoys.eu/soutez-v-puzzle/cervena-ruze-rowood-tw042-101	0	1	0	11
rowood	https://cz.robotoys.eu/soutez-v-puzzle/dreveny-kvetinovy-kosik-rowood-tw03h-210	0	1	0	17
rowood	https://de.robotoys.eu/3d-puzzle-aus-holz/blumen/3d-puzzle-aus-holz-blumenstrauss-rowood-tw01h-p100	0	1	0	38
rowood	https://de.robotoys.eu/3d-puzzle-aus-holz/blumen/3d-puzzle-aus-holz-rote-rose-rowood-tw042-p101	0	1	0	7
rowood	https://de.robotoys.eu/marken/rowood	0	166	0	8.77
rowood	https://es.robotoys.eu/rompecabezas-3d-de-madera/flores/puzzle-3d-de-madera-rosa-roja-rowood-tw042-p101	0	2	0	8.5
rowood	https://es.robotoys.eu/rompecabezas-3d-de-madera/flores/puzzle-3d-de-madera-sakura-rowood-tw101-p195	0	2	0	7
rowood	https://es.robotoys.eu/rompecabezas-3d-de-madera/flores/rompecabezas-3d-de-madera-cesta-de-flores-de-madera-rowood-tw03h-p210	0	5	0	4.4
rowood	https://hu.robotoys.eu/fabol-keszult-3d-puzzle/viragok/fa-3d-puzzle-rozsaszin-liliom-rowood-2071-p144	0	2	0	11
rowood	https://hu.robotoys.eu/fabol-keszult-3d-puzzle/viragok/fa-3d-puzzle-voros-rozsa-rowood-tw042-p101	0	4	0	9
rowood	https://hu.robotoys.eu/markak/rowood	0	22	0	1.36
rowood	https://it.robotoys.eu/blog/un-bouquet-di-legno-che-non-appassisce-mai-scopri-la-magia-dei-puzzle-floreali-3d	0	9	0	9.89
rowood	https://it.robotoys.eu/concorso-di-puzzle/cestino-di-fiori-in-legno-rowood-tw03h-210	0	1	0	11
rowood	https://it.robotoys.eu/puzzle-3d-in-legno/fiori/puzzle-3d-in-legno-camelia-rossa-rowood-tw031-p102	0	40	0	7.65
rowood	https://it.robotoys.eu/puzzle-3d-in-legno/fiori/puzzle-3d-in-legno-camomilla-rowood-tw061-p109	0	5	0	6.8
rowood	https://it.robotoys.eu/puzzle-3d-in-legno/fiori/puzzle-3d-in-legno-garofano-rosso-rowood-tw052-p112	0	11	0	8.09
rowood	https://it.robotoys.eu/puzzle-3d-in-legno/fiori/puzzle-3d-in-legno-giglio-rosa-rowood-tw071-p144	0	3	0	6.67
rowood	https://it.robotoys.eu/puzzle-3d-in-legno/fiori/puzzle-3d-in-legno-girasole-rowood-tw011-p113	0	2	0	18
rowood	https://it.robotoys.eu/puzzle-3d-in-legno/fiori/puzzle-3d-in-legno-mazzo-di-fiori-rowood-tw01h-p100	0	4	0	12.75
rowood	https://it.robotoys.eu/puzzle-3d-in-legno/fiori/puzzle-3d-in-legno-rosa-rossa-rowood-tw042-p101	0	22	0	10.64
rowood	https://pl.robotoys.eu/drewniane-puzzle-3d/kwiaty	0	22	0	6.32
rowood	https://pl.robotoys.eu/drewniane-puzzle-3d/kwiaty/drewniane-puzzle-3d-kamelia-czerwona-rowood-tw031-p102	0	13	0	5.54
rowood	https://pl.robotoys.eu/drewniane-puzzle-3d/kwiaty/drewniane-puzzle-3d-liliowy-rowood-tw021-p103	0	21	0	6.43
rowood	https://robotoys.eu/wooden-3d-puzzle/flowers	0	3	0	20.33
rowood	https://robotoys.eu/wooden-3d-puzzle/flowers/wooden-3d-puzzle-wooden-bloom-box-rowood-tw02h-p162	0	1	0	87
rowood	https://se.robotoys.eu/3d-pussel-i-tra/blommor/trapussel-3d-trablomkorg-rowood-tw03h-p210	0	1	0	6
rowood 3d	https://de.robotoys.eu/marken/rowood	0	1	0	6
rowood 3d	https://it.robotoys.eu/marche/rowood	0	1	0	1
rowood 3d	https://it.robotoys.eu/puzzle-3d-in-legno/fiori/puzzle-3d-in-legno-garofano-rosso-rowood-tw052-p112	0	1	0	6
rowood 3d	https://robotoys.eu/brands/rowood	0	4	0	5
rowood 3d puzzle	https://de.robotoys.eu/3d-puzzle-aus-holz/blumen/3d-puzzle-aus-holz-kamille-rowood-tw061-p109	0	3	0	8.67
rowood 3d puzzle	https://de.robotoys.eu/3d-puzzle-aus-holz/blumen/3d-puzzle-aus-holz-rote-rose-rowood-tw042-p101	0	18	0	4.83
rowood 3d puzzle	https://de.robotoys.eu/3d-puzzle-aus-holz/blumen/holz-3d-puzzle-blumenkorb-aus-holz-rowood-tw03h-p210	0	1	0	30
rowood 3d puzzle	https://hu.robotoys.eu/fabol-keszult-3d-puzzle/viragok/fa-3d-puzzle-voros-rozsa-rowood-tw042-p101	0	3	0	3
rowood 3d puzzle	https://robotoys.eu/brands/rowood	0	43	0	7.49
rowood 3d puzzles	https://es.robotoys.eu/marcas/rowood	0	1	0	8
rowood 3d puzzles	https://robotoys.eu/brands/rowood	0	22	0	9.36
rowood 3d wooden puzzle	https://robotoys.eu/brands/rowood	0	2	0	6
rowood 3d wooden puzzle	https://robotoys.eu/wooden-3d-puzzle/flowers	0	1	0	13
rowood bloemen	https://nl.robotoys.eu/merken/rowood	0	9	0	10.56
rowood blumen	https://de.robotoys.eu/3d-puzzle-aus-holz/blumen/3d-puzzle-aus-holz-blumenstrauss-rowood-tw01h-p100	0	1	0	21
rowood blumen	https://de.robotoys.eu/3d-puzzle-aus-holz/blumen/3d-puzzle-aus-holz-rote-rose-rowood-tw042-p101	0	1	0	50
rowood blumen	https://de.robotoys.eu/3d-puzzle-aus-holz/blumen/holz-3d-puzzle-blumenkasten-aus-holz-rowood-tw02h-p162	0	1	0	37
rowood bonsai	https://it.robotoys.eu/blog/un-bouquet-di-legno-che-non-appassisce-mai-scopri-la-magia-dei-puzzle-floreali-3d	0	1	0	6
rowood bonsai	https://it.robotoys.eu/puzzle-3d-in-legno/fiori	0	1	0	5
rowood bonsai	https://it.robotoys.eu/puzzle-3d-in-legno/fiori/puzzle-3d-in-legno-sakura-bonsai-rolife-tg415-p142	0	1	0	1
rowood bonsai	https://robotoys.eu/blog/a-wooden-bouquet-that-never-withers-discover-the-magic-of-3d-flower-puzzles	0	2	0	9.5
rowood bonsai	https://robotoys.eu/wooden-3d-puzzle/flowers/wooden-3d-puzzle-sakura-bonsai-rolife-tg415-p142	0	2	0	7.5
rowood bouquet	https://it.robotoys.eu/marche/rowood	0	1	0	10
rowood bouquet	https://pl.robotoys.eu/marki/rowood	0	1	0	8
rowood bouwpakket	https://nl.robotoys.eu/merken/rowood	0	2	0	22.5
rowood chamomile	https://it.robotoys.eu/marche/rowood	0	1	0	11
rowood chamomile	https://it.robotoys.eu/puzzle-3d-in-legno/fiori/puzzle-3d-in-legno-camomilla-rowood-tw061-p109	0	1	0	4
rowood chamomile	https://robotoys.eu/wooden-3d-puzzle/flowers/wooden-3d-puzzle-chamomile-rowood-tw061-p109	0	9	0	7.67
rowood crafts	https://robotoys.eu/brands/rowood	0	1	0	11
rowood cultura	https://fr.robotoys.eu/marques/rowood	0	1	0	11
rowood decoration	https://robotoys.eu/brands/rowood	0	11	0	6.36
rowood fiori	https://it.robotoys.eu/blog/un-bouquet-di-legno-che-non-appassisce-mai-scopri-la-magia-dei-puzzle-floreali-3d	0	123	0	4.81
rowood fiori	https://it.robotoys.eu/concorso-di-puzzle/libro-dei-fiori-in-legno-rowood-tw04h-228	0	3	0	8
rowood fiori	https://it.robotoys.eu/puzzle-3d-in-legno/fiori/puzzle-3d-in-legno-camelia-rossa-rowood-tw031-p102	0	10	0	3.6
rowood fiori	https://it.robotoys.eu/puzzle-3d-in-legno/fiori/puzzle-3d-in-legno-garofano-rosso-rowood-tw052-p112	0	103	0	4.6
rowood fiori	https://it.robotoys.eu/puzzle-3d-in-legno/fiori/puzzle-3d-in-legno-libro-dei-fiori-in-legno-rowood-tw04h-p228	0	8	0	9.75
rowood fiori	https://it.robotoys.eu/puzzle-3d-in-legno/fiori/puzzle-3d-in-legno-mazzo-di-fiori-rowood-tw01h-p100	0	118	0	6.95
rowood fiori	https://it.robotoys.eu/puzzle-3d-in-legno/fiori/puzzle-3d-in-legno-rosa-rossa-rowood-tw042-p101	0	23	0	9.39
rowood flores	https://es.robotoys.eu/rompecabezas-3d-de-madera/flores/puzzle-3d-de-madera-ramo-de-flores-rowood-tw01h-p100	0	20	0	5.05
rowood flores	https://robotoys.eu/brands/rowood	0	4	0	7.25
rowood flower	https://cz.robotoys.eu/drevene-3d-puzzle/kvety/drevene-3d-puzzle-cervena-ruze-rowood-tw042-p101	0	1	0	3
rowood flower	https://cz.robotoys.eu/drevene-3d-puzzle/kvety/drevene-3d-puzzle-kytice-kvetin-rowood-tw01h-p100	0	1	0	2
rowood flower	https://fr.robotoys.eu/marques/rowood	0	1	0	4
rowood flower	https://it.robotoys.eu/puzzle-3d-in-legno/fiori/puzzle-3d-in-legno-mazzo-di-fiori-rowood-tw01h-p100	0	1	0	27
rowood flower bouquet	https://robotoys.eu/wooden-3d-puzzle/flowers/wooden-3d-puzzle-bouquet-of-flowers-rowood-tw01h-p100	0	2	0	8
rowood flower puzzle	https://robotoys.eu/wooden-3d-puzzle/flowers	0	3	0	6.33
rowood flowers	https://es.robotoys.eu/marcas/rowood	0	1	0	69
rowood flowers	https://fr.robotoys.eu/marques/rowood	0	1	0	9
rowood flowers	https://it.robotoys.eu/puzzle-3d-in-legno/fiori/puzzle-3d-in-legno-mazzo-di-fiori-rowood-tw01h-p100	0	1	0	22
rowood flowers	https://robotoys.eu/wooden-3d-puzzle/flowers/wooden-3d-puzzle-bouquet-of-flowers-rowood-tw01h-p100	0	2	0	10.5
rowood glittering water lily	https://robotoys.eu/wooden-3d-puzzle/flowers/wooden-3d-puzzle-glittering-water-lily-rowood-th001-p192	0	2	0	6.5
rowood golden sunflower	https://robotoys.eu/blog/a-wooden-bouquet-that-never-withers-discover-the-magic-of-3d-flower-puzzles	0	1	0	7
rowood golden sunflower	https://robotoys.eu/wooden-3d-puzzle/flowers/wooden-3d-puzzle-golden-sunflower-rowood-th002-p193	0	6	0	6.67
rowood kits	https://es.robotoys.eu/marcas/rowood	0	2	0	3
rowood kwiaty	https://pl.robotoys.eu/blog/drewniany-bukiet-ktory-nigdy-nie-zwiednie-odkryj-magie-trojwymiarowych-puzzli-kwiatowych	0	1	0	10
rowood kwiaty	https://pl.robotoys.eu/drewniane-puzzle-3d/kwiaty/drewniana-ukladanka-3d-blyszczace-lilie-wodne-rowood-th001-p192	0	1	0	7
rowood kwiaty	https://pl.robotoys.eu/drewniane-puzzle-3d/kwiaty/drewniane-puzzle-3d-czerwona-roza-rowood-tw042-p101	0	8	0	2
rowood kwiaty	https://pl.robotoys.eu/drewniane-puzzle-3d/kwiaty/drewniane-puzzle-3d-liliowy-rowood-tw021-p103	0	17	0	3.06
rowood kwiaty	https://pl.robotoys.eu/konkurs-puzzli/rozowa-roza-rowood-tw041-111	0	1	0	30
rowood light orange gerbera daisy	https://de.robotoys.eu/3d-puzzle-aus-holz/blumen/3d-puzzle-aus-holz-hellorange-gerbera-rowood-tw111-p196	0	2	0	7
rowood light orange gerbera daisy	https://robotoys.eu/wooden-3d-puzzle/flowers/wooden-3d-puzzle-light-orange-gerbera-rowood-tw111-p196	0	1	0	10
rowood lilac	https://de.robotoys.eu/3d-puzzle-aus-holz/blumen/3d-puzzle-aus-holz-flieder-rowood-tw021-p103	0	3	0	11.67
rowood lilac	https://it.robotoys.eu/puzzle-3d-in-legno/fiori/puzzle-3d-in-legno-lilla-rowood-tw021-p103	0	1	0	7
rowood lilac	https://pl.robotoys.eu/drewniane-puzzle-3d/kwiaty/drewniane-puzzle-3d-liliowy-rowood-tw021-p103	0	1	0	3
rowood lilac	https://robotoys.eu/wooden-3d-puzzle/flowers/wooden-3d-puzzle-lilac-rowood-tw021-p103	0	10	0	4.8
rowood lily	https://de.robotoys.eu/3d-puzzle-aus-holz/blumen/holzpuzzle-3d-rosa-lilie-rowood-tw071-p144	0	1	0	8
rowood lily	https://it.robotoys.eu/puzzle-3d-in-legno/fiori/puzzle-3d-in-legno-giglio-rosa-rowood-tw071-p144	0	1	0	1
rowood lily	https://pl.robotoys.eu/drewniane-puzzle-3d/kwiaty/drewniana-ukladanka-3d-blyszczace-lilie-wodne-rowood-th001-p192	0	1	0	4
rowood lily	https://robotoys.eu/wooden-3d-puzzle/flowers/wooden-3d-puzzle-glittering-water-lily-rowood-th001-p192	0	1	0	8
rowood lily	https://robotoys.eu/wooden-3d-puzzle/flowers/wooden-3d-puzzle-pink-lily-rowood-tw071-p144	0	4	0	8.5
rowood maquette	https://fr.robotoys.eu/marques/rowood	0	38	0	7.63
rowood models	https://robotoys.eu/brands/rowood	0	1	0	9
rowood official website	https://robotoys.eu/brands/rowood	0	7	0	9.14
rowood orange tulip	https://nl.robotoys.eu/houten-3d-puzzel/bloemen/houten-3d-puzzel-oranje-tulp-rowood-tw081-p145	0	1	0	4
rowood orange tulip	https://robotoys.eu/wooden-3d-puzzle/flowers/wooden-3d-puzzle-orange-tulip-rowood-tw081-p145	0	5	0	4.2
rowood orchid	https://it.robotoys.eu/concorso-di-puzzle/orchidea-farfalla-viola-rowood-tw091-194	0	2	0	6.5
rowood orchid	https://it.robotoys.eu/marche/rowood	0	1	0	10
rowood orchid	https://it.robotoys.eu/puzzle-3d-in-legno/fiori/puzzle-3d-in-legno-orchidea-farfalla-viola-rowood-tw091-p194	0	2	0	1.5
rowood orchid	https://ro.robotoys.eu/puzzle-3d-din-lemn/flori/puzzle-3d-din-lemn-orhidee-fluture-violet-rowood-tw091-p194	0	1	0	8
rowood orchid	https://robotoys.eu/wooden-3d-puzzle/flowers/wooden-3d-puzzle-purple-moth-orchid-rowood-tw091-p194	0	1	0	10
rowood paris cathedral	https://cz.robotoys.eu/drevene-3d-puzzle/architektura/drevene-3d-puzzle-parizska-katedrala-rowood-tg511-p224	0	2	0	5.5
rowood paris cathedral	https://fr.robotoys.eu/casse-tete-3d-en-bois/architecture/puzzle-3d-en-bois-cathedrale-de-paris-rowood-tg511-p224	0	2	0	10
rowood paris cathedral 3d wooden puzzle tg511	https://es.robotoys.eu/rompecabezas-3d-de-madera/arquitectura/rompecabezas-3d-de-madera-catedral-de-paris-rowood-tg511-p224	0	1	0	8
rowood paris cathedral 3d wooden puzzle tg511	https://robotoys.eu/wooden-3d-puzzle/architecture/wooden-3d-puzzle-paris-cathedral-rowood-tg511-p224	0	2	0	3
rowood pink carnation	https://robotoys.eu/wooden-3d-puzzle/flowers/wooden-3d-puzzle-pink-carnation-rowood-tw051-p110	0	6	0	9.33
rowood pink dahlia	https://robotoys.eu/wooden-3d-puzzle/flowers/wooden-3d-puzzle-pink-dahlia-rowood-tw131-p252	0	6	0	8.67
rowood pink lily	https://de.robotoys.eu/3d-puzzle-aus-holz/blumen/holzpuzzle-3d-rosa-lilie-rowood-tw071-p144	0	5	0	10.2
rowood pink lily	https://it.robotoys.eu/puzzle-3d-in-legno/fiori/puzzle-3d-in-legno-giglio-rosa-rowood-tw071-p144	0	4	0	2
rowood pink lily	https://robotoys.eu/wooden-3d-puzzle/flowers/wooden-3d-puzzle-pink-lily-rowood-tw071-p144	0	10	0	8.6
rowood pink rose	https://it.robotoys.eu/puzzle-3d-in-legno/fiori/puzzle-3d-in-legno-rosa-rosa-rowood-tw041-p111	0	2	0	7
rowood pink rose	https://pl.robotoys.eu/drewniane-puzzle-3d/kwiaty/drewniane-puzzle-3d-rozowa-roza-rowood-tw041-p111	0	1	0	6
rowood pink rose	https://robotoys.eu/wooden-3d-puzzle/flowers/wooden-3d-puzzle-pink-rose-rowood-tw041-p111	0	1	0	9
rowood pink tulip	https://de.robotoys.eu/3d-puzzle-aus-holz/blumen/3d-puzzle-aus-holz-rosa-tulpe-rowood-tw082-p161	0	2	0	7
rowood pink tulip	https://es.robotoys.eu/rompecabezas-3d-de-madera/flores/rompecabezas-3d-de-madera-tulipan-rosa-rowood-tw082-p161	0	1	0	6
rowood pink tulip	https://robotoys.eu/wooden-3d-puzzle/flowers/wooden-3d-puzzle-pink-tulip-rowood-tw082-p161	0	6	0	5.67
rowood purple iris	https://it.robotoys.eu/puzzle-3d-in-legno/fiori/puzzle-3d-in-legno-iris-viola-rowood-tw121-p251	0	1	0	1
rowood purple iris	https://robotoys.eu/brands/rowood	0	1	0	10
rowood purple moth orchid	https://robotoys.eu/wooden-3d-puzzle/flowers/wooden-3d-puzzle-purple-moth-orchid-rowood-tw091-p194	0	1	0	10
rowood puzzle	https://cz.robotoys.eu/drevene-3d-puzzle/kvety/drevene-3d-puzzle-drevena-kvetouci-kniha-rowood-tw04h-p228	0	1	0	8
rowood puzzle	https://cz.robotoys.eu/drevene-3d-puzzle/kvety/drevene-3d-puzzle-dreveny-kvetinovy-box-rowood-tw02h-p162	0	1	0	7
rowood puzzle	https://de.robotoys.eu/marken/rowood	0	22	0	7.77
rowood puzzle	https://es.robotoys.eu/marcas/rowood	0	2	0	2.5
rowood puzzle	https://fr.robotoys.eu/marques/rowood	0	19	0	5.53
rowood puzzle	https://it.robotoys.eu/puzzle-3d-in-legno/fiori/puzzle-3d-in-legno-girasole-rowood-tw011-p113	0	1	0	7
rowood puzzle	https://pl.robotoys.eu/marki/rowood	0	1	0	1
rowood puzzle	https://robotoys.eu/brands/rowood	0	15	0	5.2
rowood puzzle 3d	https://es.robotoys.eu/marcas/rowood	0	1	0	5
rowood puzzle 3d	https://it.robotoys.eu/puzzle-3d-in-legno/fiori/puzzle-3d-in-legno-camelia-rossa-rowood-tw031-p102	0	18	0	4.67
rowood puzzle 3d	https://it.robotoys.eu/puzzle-3d-in-legno/fiori/puzzle-3d-in-legno-camomilla-rowood-tw061-p109	0	1	0	5
rowood puzzle 3d	https://it.robotoys.eu/puzzle-3d-in-legno/fiori/puzzle-3d-in-legno-fioriera-in-legno-rowood-tw02h-p162	0	5	0	5.6
rowood puzzle 3d	https://it.robotoys.eu/puzzle-3d-in-legno/fiori/puzzle-3d-in-legno-orchidea-farfalla-viola-rowood-tw091-p194	0	1	0	4
rowood puzzles	https://es.robotoys.eu/marcas/rowood	0	1	0	3
rowood puzzles	https://robotoys.eu/brands/rowood	0	20	0	9.25
rowood red camellia	https://de.robotoys.eu/3d-puzzle-aus-holz/blumen/3d-puzzle-aus-holz-rote-kamelie-rowood-tw031-p102	0	1	0	3
rowood red camellia	https://fr.robotoys.eu/casse-tete-3d-en-bois/fleurs/puzzle-3d-en-bois-camelia-rouge-rowood-tw031-p102	0	2	0	8
rowood red camellia	https://robotoys.eu/wooden-3d-puzzle/flowers/wooden-3d-puzzle-red-camellia-rowood-tw031-p102	0	5	0	4.4
rowood red carnation	https://robotoys.eu/wooden-3d-puzzle/flowers/wooden-3d-puzzle-red-carnation-rowood-tw052-p112	0	15	0	7.2
rowood red rose	https://de.robotoys.eu/3d-puzzle-aus-holz/blumen/3d-puzzle-aus-holz-rote-rose-rowood-tw042-p101	0	2	0	11
rowood red rose	https://it.robotoys.eu/puzzle-3d-in-legno/fiori/puzzle-3d-in-legno-rosa-rossa-rowood-tw042-p101	0	6	0	3.67
rowood red rose	https://pl.robotoys.eu/drewniane-puzzle-3d/kwiaty/drewniane-puzzle-3d-czerwona-roza-rowood-tw042-p101	0	1	0	7
rowood red rose	https://robotoys.eu/wooden-3d-puzzle/flowers/wooden-3d-puzzle-red-rose-rowood-tw042-p101	0	7	0	6.86
rowood ridderkerk	https://robotoys.eu/brands/rowood	0	1	0	35
rowood rose	https://de.robotoys.eu/3d-puzzle-aus-holz/blumen/3d-puzzle-aus-holz-rosa-rose-rowood-tw041-p111	0	1	0	7
rowood rose	https://de.robotoys.eu/3d-puzzle-aus-holz/blumen/3d-puzzle-aus-holz-rote-rose-rowood-tw042-p101	0	3	0	10.33
rowood rose	https://es.robotoys.eu/rompecabezas-3d-de-madera/flores/puzzle-3d-de-madera-rosa-roja-rowood-tw042-p101	0	1	0	5
rowood rose	https://robotoys.eu/wooden-3d-puzzle/flowers/wooden-3d-puzzle-red-rose-rowood-tw042-p101	0	1	0	6
rowood sakura	https://de.robotoys.eu/3d-puzzle-aus-holz/blumen/3d-puzzle-aus-holz-sakura-rowood-tw101-p195	0	4	0	6.25
rowood sakura	https://es.robotoys.eu/rompecabezas-3d-de-madera/flores/puzzle-3d-de-madera-sakura-rowood-tw101-p195	0	8	0	1.62
rowood sakura	https://es.robotoys.eu/rompecabezas-3d-de-madera/flores/rompecabezas-3d-de-madera-sakura-bonsai-rolife-tg415-p142	0	1	0	5
rowood sakura	https://fr.robotoys.eu/casse-tete-3d-en-bois/fleurs/puzzle-3d-en-bois-sakura-rowood-tw101-p195	0	8	0	4.25
rowood sakura	https://fr.robotoys.eu/concours-de-puzzle/sakura-rowood-tw101-195	0	4	0	9.5
rowood sakura	https://it.robotoys.eu/blog/un-bouquet-di-legno-che-non-appassisce-mai-scopri-la-magia-dei-puzzle-floreali-3d	0	2	0	5
rowood sakura	https://it.robotoys.eu/puzzle-3d-in-legno/fiori/puzzle-3d-in-legno-sakura-rowood-tw101-p195	0	2	0	1
rowood sakura	https://nl.robotoys.eu/houten-3d-puzzel/bloemen/houten-3d-puzzel-sakura-rowood-tw101-p195	0	1	0	7
rowood sakura	https://pl.robotoys.eu/drewniane-puzzle-3d/kwiaty/drewniane-puzzle-3d-sakura-rowood-tw101-p195	0	5	0	1.8
rowood sakura wooden bloom craft	https://robotoys.eu/wooden-3d-puzzle/flowers/wooden-3d-puzzle-sakura-rowood-tw101-p195	0	4	0	5
rowood sito ufficiale	https://it.robotoys.eu/puzzle-3d-in-legno/fiori	0	12	0	7.42
rowood sito ufficiale	https://it.robotoys.eu/puzzle-3d-in-legno/fiori/puzzle-3d-in-legno-fioriera-in-legno-rowood-tw02h-p162	0	1	0	6
rowood sito ufficiale	https://it.robotoys.eu/puzzle-3d-in-legno/fiori/puzzle-3d-in-legno-garofano-rosso-rowood-tw052-p112	0	7	0	6.86
rowood starry night	https://robotoys.eu/brands/rowood	0	1	0	24
rowood sunflower	https://it.robotoys.eu/marche/rowood	0	1	0	1
rowood sunflower	https://it.robotoys.eu/puzzle-3d-in-legno/fiori	0	1	0	5
rowood sunflower	https://robotoys.eu/wooden-3d-puzzle/flowers/wooden-3d-puzzle-sunflower-rowood-tw011-p113	0	39	0	7.21
rowood tulip	https://nl.robotoys.eu/houten-3d-puzzel/bloemen/houten-3d-puzzel-oranje-tulp-rowood-tw081-p145	0	1	0	10
rowood tulip	https://pt.robotoys.eu/quebra-cabeca-3d-de-madeira/flores/quebra-cabeca-3d-de-madeira-tulipa-laranja-rowood-tw081-p145	0	1	0	10
rowood tulip	https://robotoys.eu/wooden-3d-puzzle/flowers/wooden-3d-puzzle-orange-tulip-rowood-tw081-p145	0	6	0	6.67
rowood tulip	https://robotoys.eu/wooden-3d-puzzle/flowers/wooden-3d-puzzle-pink-tulip-rowood-tw082-p161	0	2	0	8.5
rowood water lily	https://robotoys.eu/wooden-3d-puzzle/flowers/wooden-3d-puzzle-glittering-water-lily-rowood-th001-p192	0	1	0	4
rowood website	https://robotoys.eu/brands/rowood	0	1	0	11
rowood wooden bloom box	https://robotoys.eu/wooden-3d-puzzle/flowers/wooden-3d-puzzle-wooden-bloom-box-rowood-tw02h-p162	0	4	0	5.5
rowood wooden craft	https://robotoys.eu/brands/rowood	0	1	0	12
rowood wooden flower basket	https://robotoys.eu/wooden-3d-puzzle/flowers/wooden-3d-puzzle-wooden-flower-basket-rowood-tw03h-p210	0	3	0	4.67
rowood wooden flower basket diy 3d puzzle tw03h	https://robotoys.eu/wooden-3d-puzzle/flowers/wooden-3d-puzzle-wooden-flower-basket-rowood-tw03h-p210	0	1	0	3
rowood wooden flower bouquet	https://robotoys.eu/wooden-3d-puzzle/flowers/wooden-3d-puzzle-bouquet-of-flowers-rowood-tw01h-p100	0	2	0	10
rowood wooden flowers	https://robotoys.eu/brands/rowood	0	1	0	6
rowoods	https://es.robotoys.eu/marcas/rowood	0	1	0	50
rowoods	https://it.robotoys.eu/marche/rowood	0	2	0	1.5
rowoods	https://robotoys.eu/brands/rowood	0	2	0	59.5
rowoof	https://es.robotoys.eu/marcas/rowood	0	1	0	5
rowoof	https://fr.robotoys.eu/marques/rowood	0	1	0	3
rowoof	https://nl.robotoys.eu/merken/rowood	0	2	0	8.5
rowoof	https://robotoys.eu/brands/rowood	0	2	0	7.5
roword	https://de.robotoys.eu/marken/rowood	0	1	0	5
roword	https://fr.robotoys.eu/marques/rowood	0	1	0	5
rowwood	https://it.robotoys.eu/marche/rowood	0	1	0	1
rowwood	https://robotoys.eu/brands/rowood	0	1	0	13
rowwood	https://se.robotoys.eu/marken/rowood	0	1	0	3
rozvoj motoriky	https://cz.robotoys.eu/blog/top-5-aktivit-ktere-podporuji-rozvoj-motorickych-schopnosti	0	2	0	24
ročno izdelana darila za rojstni dan	https://si.robotoys.eu/ideje-za-darila/darila-za-rojstni-dan	0	5	0	29
rrokr	https://robotoys.eu/brands/rokr	0	1	0	3
rudý karafiát	https://cz.robotoys.eu/drevene-3d-puzzle/kvety/drevene-3d-puzzle-cerveny-karafiat-rowood-tw052-p112	0	1	0	1
ruifam 3d wooden puzzles	https://robotoys.eu/blog/wooden-3d-puzzles-how-to-choose-your-first-building-kit-and-what-to-prepare-for	0	1	0	4
ruko toys	https://robotoys.eu/wooden-3d-puzzle/vehicles/motorcycle-cruiser-rokr-lk504-p12	0	1	0	29
ruko toys	https://robotoys.eu/wooden-3d-puzzle/weapons/wooden-mechanical-3d-puzzle-machine-gun-with-rotating-barrel-rokr-lqa01-p218	0	1	0	22
ruko toys	https://robotoys.eu/wooden-3d-puzzle/weapons/wooden-mechanical-3d-puzzle-mini-gun-rokr-lq502-p147	0	1	0	31
részképességek fejlesztése	https://hu.robotoys.eu/blog/a-motoros-kepessegek-fejleszteset-tamogato-top-5-tevekenyseg	0	1	0	64
różowy skuter 50	https://pl.robotoys.eu/drewniane-puzzle-3d/pojazdy/drewniana-ukladanka-3d-rozowy-skuter-sting-little-story-e022r-p246	0	1	0	1
rød racerbil	https://dk.robotoys.eu/trae-3d-puslespil/koretojer/traemekanisk-3d-puslespil-rod-racerbil-eco-wood-art-p152	0	2	0	1
s	https://pt.robotoys.eu/quebra-cabeca-3d-de-madeira/caixas-de-musica	0	1	0	3
s	https://pt.robotoys.eu/quebra-cabeca-3d-de-madeira/veiculos/quebra-cabeca-3d-de-madeira-locomotiva-little-story-e012-p124	0	1	0	1
s	https://pt.robotoys.eu/quebra-cabeca-3d-de-madeira/veiculos/quebra-cabeca-3d-de-madeira-motocicleta-speedtail-roxa-little-story-e020p-p242	0	1	0	1
s	https://pt.robotoys.eu/quebra-cabeca-3d-de-madeira/veiculos/quebra-cabeca-mecanico-3d-de-madeira-caminhao-road-king-eco-wood-art-p206	0	1	0	1
sago park	https://se.robotoys.eu/miniatyrhus/bocker-nook/bokhyllinsats-sagopark-rolife-tgb17-p257	0	1	0	6
sagrada familia	https://ee.robotoys.eu/puidust-3d-pusle/arhitektuur/puidust-3d-pusle-sagrada-familia-little-story-e018-p133	0	1	0	1
sagrada familia	https://fr.robotoys.eu/casse-tete-3d-en-bois/architecture/puzzle-3d-en-bois-sagrada-familia-little-story-e018-p133	0	1	0	2
sagrada familia	https://robotoys.eu/wooden-3d-puzzle/architecture/wooden-3d-puzzle-sagrada-familia-little-story-e018-p133	0	1	0	3
sagrada familia 3d	https://es.robotoys.eu/rompecabezas-3d-de-madera/arquitectura/puzzle-3d-de-madera-sagrada-familia-little-story-e018-p133	0	39	0	4.26
sagrada familia 3d	https://hu.robotoys.eu/fabol-keszult-3d-puzzle/epiteszet/fa-3d-puzzle-sagrada-familia-little-story-e018-p133	0	1	0	4
sagrada familia 3d	https://nl.robotoys.eu/houten-3d-puzzel/architectuur/houten-3d-puzzel-sagrada-familia-little-story-e018-p133	0	3	0	2.67
sagrada familia 3d model online	https://de.robotoys.eu/3d-puzzle-aus-holz/die-architektur/3d-puzzle-aus-holz-sagrada-familia-little-story-e018-p133	0	1	0	8
sagrada familia 3d puzzle	https://de.robotoys.eu/3d-puzzle-aus-holz/die-architektur/3d-puzzle-aus-holz-sagrada-familia-little-story-e018-p133	0	6	0	1
sagrada familia 3d puzzle	https://es.robotoys.eu/rompecabezas-3d-de-madera/arquitectura/puzzle-3d-de-madera-sagrada-familia-little-story-e018-p133	0	3	0	4.67
sagrada familia 3d puzzle	https://hr.robotoys.eu/drvena-3d-slagalica/arhitektura/drvena-3d-puzzle-sagrada-familia-little-story-e018-p133	0	2	0	11
sagrada familia 3d puzzle	https://hu.robotoys.eu/fabol-keszult-3d-puzzle/epiteszet/fa-3d-puzzle-sagrada-familia-little-story-e018-p133	0	5	0	1
sagrada familia 3d puzzle	https://it.robotoys.eu/puzzle-3d-in-legno/architettura/puzzle-3d-in-legno-sagrada-familia-little-story-e018-p133	0	3	0	1
sagrada familia 3d puzzle	https://nl.robotoys.eu/houten-3d-puzzel/architectuur/houten-3d-puzzel-sagrada-familia-little-story-e018-p133	0	2	0	1
sagrada familia 3d puzzle	https://pl.robotoys.eu/drewniane-puzzle-3d/architektura/drewniane-puzzle-3d-sagrada-familia-little-story-e018-p133	0	6	0	1
sagrada familia em 3d	https://fr.robotoys.eu/casse-tete-3d-en-bois/architecture/puzzle-3d-en-bois-sagrada-familia-little-story-e018-p133	0	1	0	1
sagrada familia en 3d	https://es.robotoys.eu/rompecabezas-3d-de-madera/arquitectura/puzzle-3d-de-madera-sagrada-familia-little-story-e018-p133	0	3	0	1.67
sagrada familia eu	https://pl.robotoys.eu/drewniane-puzzle-3d/architektura/drewniane-puzzle-3d-sagrada-familia-little-story-e018-p133	0	1	0	11
sagrada familia madera	https://es.robotoys.eu/rompecabezas-3d-de-madera/arquitectura/puzzle-3d-de-madera-sagrada-familia-little-story-e018-p133	0	1	0	1
sagrada familia miniature	https://robotoys.eu/wooden-3d-puzzle/architecture/wooden-3d-puzzle-sagrada-familia-little-story-e018-p133	0	1	0	4
sagrada familia model 3d	https://pl.robotoys.eu/drewniane-puzzle-3d/architektura/drewniane-puzzle-3d-sagrada-familia-little-story-e018-p133	0	2	0	3.5
sagrada familia modell	https://hu.robotoys.eu/fabol-keszult-3d-puzzle/epiteszet/fa-3d-puzzle-sagrada-familia-little-story-e018-p133	0	1	0	8
sagrada familia modell fertig	https://de.robotoys.eu/3d-puzzle-aus-holz/die-architektur/3d-puzzle-aus-holz-sagrada-familia-little-story-e018-p133	0	1	0	5
sagrada familia puzzle	https://cz.robotoys.eu/drevene-3d-puzzle/architektura/drevene-3d-puzzle-sagrada-familia-little-story-e018-p133	0	3	0	7.67
sagrada familia puzzle	https://de.robotoys.eu/3d-puzzle-aus-holz/die-architektur/3d-puzzle-aus-holz-sagrada-familia-little-story-e018-p133	0	20	0	4.95
sagrada familia puzzle	https://es.robotoys.eu/rompecabezas-3d-de-madera/arquitectura/puzzle-3d-de-madera-sagrada-familia-little-story-e018-p133	0	9	0	3.11
sagrada familia puzzle	https://fr.robotoys.eu/casse-tete-3d-en-bois/architecture/puzzle-3d-en-bois-sagrada-familia-little-story-e018-p133	0	3	0	10.33
sagrada familia puzzle	https://hu.robotoys.eu/fabol-keszult-3d-puzzle/epiteszet/fa-3d-puzzle-sagrada-familia-little-story-e018-p133	0	1	0	1
sagrada familia puzzle	https://hu.robotoys.eu/puzzle-verseny/sagrada-familia-little-story-e018-133	0	1	0	9
sagrada familia puzzle	https://it.robotoys.eu/puzzle-3d-in-legno/architettura/puzzle-3d-in-legno-sagrada-familia-little-story-e018-p133	0	6	0	10.83
sagrada familia puzzle	https://nl.robotoys.eu/houten-3d-puzzel/architectuur/houten-3d-puzzel-sagrada-familia-little-story-e018-p133	0	1	0	7
sagrada familia puzzle	https://pl.robotoys.eu/drewniane-puzzle-3d/architektura/drewniane-puzzle-3d-sagrada-familia-little-story-e018-p133	0	12	0	2.75
sagrada familia puzzle	https://pt.robotoys.eu/quebra-cabeca-3d-de-madeira/arquitetura/quebra-cabeca-3d-de-madeira-sagrada-familia-little-story-e018-p133	0	3	0	4.67
sagrada familia puzzle	https://robotoys.eu/wooden-3d-puzzle/architecture/wooden-3d-puzzle-sagrada-familia-little-story-e018-p133	0	26	0	5.46
sagrada familia puzzle 3d	https://cz.robotoys.eu/drevene-3d-puzzle/architektura/drevene-3d-puzzle-sagrada-familia-little-story-e018-p133	0	1	0	1
sagrada familia puzzle 3d	https://de.robotoys.eu/3d-puzzle-aus-holz/die-architektur/3d-puzzle-aus-holz-sagrada-familia-little-story-e018-p133	0	5	0	2
sagrada familia puzzle 3d	https://es.robotoys.eu/rompecabezas-3d-de-madera/arquitectura/puzzle-3d-de-madera-sagrada-familia-little-story-e018-p133	0	20	0	2.05
sagrada familia puzzle 3d	https://fr.robotoys.eu/casse-tete-3d-en-bois/architecture/puzzle-3d-en-bois-sagrada-familia-little-story-e018-p133	0	9	0	1
sagrada familia puzzle 3d	https://hu.robotoys.eu/fabol-keszult-3d-puzzle/epiteszet/fa-3d-puzzle-sagrada-familia-little-story-e018-p133	0	1	0	1
sagrada familia puzzle 3d	https://it.robotoys.eu/puzzle-3d-in-legno/architettura/puzzle-3d-in-legno-sagrada-familia-little-story-e018-p133	0	5	0	1.2
sagrada familia puzzle 3d	https://nl.robotoys.eu/houten-3d-puzzel/architectuur/houten-3d-puzzel-sagrada-familia-little-story-e018-p133	0	1	0	1
sagrada familia puzzle 3d	https://pl.robotoys.eu/drewniane-puzzle-3d/architektura/drewniane-puzzle-3d-sagrada-familia-little-story-e018-p133	0	14	0	1
sagrada familia puzzle 3d	https://pt.robotoys.eu/quebra-cabeca-3d-de-madeira/arquitetura/quebra-cabeca-3d-de-madeira-sagrada-familia-little-story-e018-p133	0	1	0	1
sagrada familia puzzle 3d	https://ro.robotoys.eu/puzzle-3d-din-lemn/arhitectura/puzzle-3d-din-lemn-sagrada-familia-little-story-e018-p133	0	1	0	5
sagrada familia puzzle 3d	https://robotoys.eu/wooden-3d-puzzle/architecture/wooden-3d-puzzle-sagrada-familia-little-story-e018-p133	0	6	0	2.17
sagrada família 3d	https://pt.robotoys.eu/quebra-cabeca-3d-de-madeira/arquitetura/quebra-cabeca-3d-de-madeira-sagrada-familia-little-story-e018-p133	0	1	0	1
sagrada puzzle	https://es.robotoys.eu/rompecabezas-3d-de-madera/arquitectura/puzzle-3d-de-madera-sagrada-familia-little-story-e018-p133	0	1	0	1
sagrada puzzle	https://it.robotoys.eu/puzzle-3d-in-legno/architettura/puzzle-3d-in-legno-sagrada-familia-little-story-e018-p133	0	1	0	3
sagrada puzzle	https://pl.robotoys.eu/drewniane-puzzle-3d/architektura/drewniane-puzzle-3d-sagrada-familia-little-story-e018-p133	0	4	0	1.5
sagrada puzzle	https://robotoys.eu/wooden-3d-puzzle/architecture/wooden-3d-puzzle-sagrada-familia-little-story-e018-p133	0	5	0	3.4
saksofon drewniany	https://pl.robotoys.eu/drewniane-puzzle-3d/instrumenty-muzyczne/saksofon-rolife-tg309-p26	0	2	0	14.5
saksofon inglise keeles	https://ee.robotoys.eu/puidust-3d-pusle/muusikariistad/saxophone-rolife-tg309-p26	0	3	0	8.67
sakura 3d	https://pl.robotoys.eu/drewniane-puzzle-3d/architektura/drewniana-ukladanka-3d-sakura-treehouse-rolife-tgs04-p201	0	1	0	1
sakura 3d	https://pl.robotoys.eu/drewniane-puzzle-3d/kwiaty/drewniana-ukladanka-3d-sakura-bonsai-rolife-tg415-p142	0	1	0	2
sakura 3d puzzle	https://de.robotoys.eu/3d-puzzle-aus-holz/fahrzeuge/3d-puzzle-aus-holz-sakura-journey-rolife-tgs02-p105	0	5	0	9
sakura 3d puzzle	https://es.robotoys.eu/rompecabezas-3d-de-madera/flores/rompecabezas-3d-de-madera-sakura-bonsai-rolife-tg415-p142	0	1	0	10
sakura 3d puzzle	https://robotoys.eu/wooden-3d-puzzle/architecture/wooden-3d-puzzle-sakura-treehouse-rolife-tgs04-p201	0	1	0	1
sakura 3d puzzle	https://robotoys.eu/wooden-3d-puzzle/flowers/wooden-3d-puzzle-sakura-bonsai-rolife-tg415-p142	0	5	0	3.2
sakura 3d puzzle	https://robotoys.eu/wooden-3d-puzzle/flowers/wooden-3d-puzzle-sakura-rowood-tw101-p195	0	1	0	10
sakura 3d puzzle	https://robotoys.eu/wooden-3d-puzzle/vehicles/wooden-3d-puzzle-sakura-journey-rolife-tgs02-p105	0	3	0	7.67
sakura baumhaus	https://de.robotoys.eu/3d-puzzle-aus-holz/die-architektur/3d-puzzle-aus-holz-sakura-baumhaus-rolife-tgs04-p201	0	2	0	10.5
sakura bondai	https://dk.robotoys.eu/trae-3d-puslespil/blomster/trae-3d-puslespil-sakura-bonsai-rolife-tg415-p142	0	1	0	1
sakura bonsai	https://cz.robotoys.eu/drevene-3d-puzzle/kvety/drevene-3d-puzzle-sakura-bonsai-rolife-tg415-p142	0	4	0	5.75
sakura bonsai	https://dk.robotoys.eu/trae-3d-puslespil/blomster/trae-3d-puslespil-sakura-bonsai-rolife-tg415-p142	0	3	0	3.67
sakura bonsai	https://es.robotoys.eu/rompecabezas-3d-de-madera/flores/rompecabezas-3d-de-madera-sakura-bonsai-rolife-tg415-p142	0	6	0	9.17
sakura bonsai	https://lt.robotoys.eu/medine-3d-delione/geles/medine-3d-delione-sakura-bonsai-rolife-tg415-p142	0	1	0	3
sakura bonsai	https://pl.robotoys.eu/drewniane-puzzle-3d/kwiaty/drewniana-ukladanka-3d-sakura-bonsai-rolife-tg415-p142	0	7	0	4.43
sakura bonsai	https://robotoys.eu/wooden-3d-puzzle/flowers/wooden-3d-puzzle-sakura-bonsai-rolife-tg415-p142	0	4	0	7.75
sakura bonsai 3d puzzle	https://de.robotoys.eu/3d-puzzle-aus-holz/blumen/holz-3d-puzzle-sakura-bonsai-rolife-tg415-p142	0	6	0	10
sakura bonsai 3d puzzle	https://it.robotoys.eu/puzzle-3d-in-legno/fiori/puzzle-3d-in-legno-sakura-bonsai-rolife-tg415-p142	0	1	0	3
sakura bonsai 3d puzzle	https://robotoys.eu/wooden-3d-puzzle/flowers/wooden-3d-puzzle-sakura-bonsai-rolife-tg415-p142	0	6	0	5.17
sakura bonsai rolife	https://de.robotoys.eu/3d-puzzle-aus-holz/blumen/holz-3d-puzzle-sakura-bonsai-rolife-tg415-p142	0	3	0	11.33
sakura bonsai rolife	https://es.robotoys.eu/concurso-de-rompecabezas/sakura-bonsai-rolife-tg415-142	0	1	0	5
sakura bonsai rolife	https://es.robotoys.eu/rompecabezas-3d-de-madera/flores/rompecabezas-3d-de-madera-sakura-bonsai-rolife-tg415-p142	0	2	0	2.5
sakura bonsai rolife	https://gr.robotoys.eu/ksylino-trisdiastato-pazl/loyloydia/ksylino-trisdiastato-pazl-sakura-bonsai-rolife-tg415-p142	0	4	0	2
sakura bonsai rolife	https://it.robotoys.eu/puzzle-3d-in-legno/fiori/puzzle-3d-in-legno-sakura-bonsai-rolife-tg415-p142	0	1	0	3
sakura bonsai rolife	https://pl.robotoys.eu/drewniane-puzzle-3d/kwiaty/drewniana-ukladanka-3d-sakura-bonsai-rolife-tg415-p142	0	1	0	6
sakura bonsai rolife	https://pt.robotoys.eu/quebra-cabeca-3d-de-madeira/flores/quebra-cabeca-3d-de-madeira-sakura-bonsai-rolife-tg415-p142	0	1	0	5
sakura bonsai rolife	https://robotoys.eu/wooden-3d-puzzle/flowers/wooden-3d-puzzle-sakura-bonsai-rolife-tg415-p142	0	3	0	7
sakura book nook	https://robotoys.eu/miniature-houses/books-nook/sakura-densya-rolife-tgb01-p29	0	12	0	23.17
sakura book nook kit	https://robotoys.eu/miniature-houses/books-nook/sakura-densya-rolife-tgb01-p29	0	1	0	26
sakura book nook rolife	https://robotoys.eu/miniature-houses/books-nook/sakura-densya-rolife-tgb01-p29	0	1	0	5
sakura booknook	https://se.robotoys.eu/miniatyrhus/bocker-nook/sakura-densya-rolife-tgb01-p29	0	1	0	10
sakura densha	https://pl.robotoys.eu/miniaturowe-domki/kacik-ksiazek/sakura-densya-rolife-tgb01-p29	0	1	0	2
sakura densha	https://robotoys.eu/miniature-houses/books-nook/sakura-densya-rolife-tgb01-p29	0	2	0	7
sakura densha	https://se.robotoys.eu/miniatyrhus/bocker-nook/sakura-densya-rolife-tgb01-p29	0	1	0	1
sakura densya	https://cz.robotoys.eu/miniaturni-domecky/books-nook/sakura-densya-rolife-tgb01-p29	0	4	0	3
sakura densya	https://de.robotoys.eu/miniaturhauser/bucher-ecke/sakura-densya-rolife-tgb01-p29	0	1	0	36
sakura densya	https://dk.robotoys.eu/miniaturehuse/boger-nook/sakura-densya-rolife-tgb01-p29	0	7	0	6.57
sakura densya	https://es.robotoys.eu/casas-en-miniatura/rincon-de-libros/sakura-densya-rolife-tgb01-p29	0	1	0	33
sakura densya	https://hu.robotoys.eu/miniatur-hazak/konyvek-kucko/sakura-densya-rolife-tgb01-p29	0	4	0	3.75
sakura densya	https://it.robotoys.eu/case-in-miniatura/angolo-dei-libri/sakura-densya-rolife-tgb01-p29	0	15	0	6.6
sakura densya	https://nl.robotoys.eu/miniatuur-huizen/boeken-hoekje/sakura-densya-rolife-tgb01-p29	0	1	0	35
sakura densya	https://pl.robotoys.eu/miniaturowe-domki/kacik-ksiazek/sakura-densya-rolife-tgb01-p29	0	4	0	10.25
sakura densya	https://pt.robotoys.eu/casas-em-miniatura/recanto-dos-livros/sakura-densya-rolife-tgb01-p29	0	4	0	4
sakura densya	https://robotoys.eu/miniature-houses/books-nook/sakura-densya-rolife-tgb01-p29	0	19	0	14.63
sakura densya	https://se.robotoys.eu/miniatyrhus/bocker-nook/sakura-densya-rolife-tgb01-p29	0	10	0	7
sakura densya book nook	https://robotoys.eu/miniature-houses/books-nook/sakura-densya-rolife-tgb01-p29	0	18	0	12.17
sakura densya rolife	https://fr.robotoys.eu/maisons-miniatures/coin-livres/sakura-densya-rolife-tgb01-p29	0	1	0	6
sakura densya rolife	https://it.robotoys.eu/case-in-miniatura/angolo-dei-libri/sakura-densya-rolife-tgb01-p29	0	1	0	7
sakura densya rolife	https://robotoys.eu/miniature-houses/books-nook/sakura-densya-rolife-tgb01-p29	0	2	0	6
sakura densya rolife	https://se.robotoys.eu/miniatyrhus/bocker-nook/sakura-densya-rolife-tgb01-p29	0	1	0	9
sakura dream tour	https://it.robotoys.eu/puzzle-3d-in-legno/carillon/puzzle-meccanico-3d-in-legno-sakura-dreamy-tour-rolife-amt02-p219	0	1	0	4
sakura dreamy tour	https://de.robotoys.eu/3d-puzzle-aus-holz/spieluhren/mechanisches-3d-puzzle-aus-holz-sakura-dreamy-tour-rolife-amt02-p219	0	1	0	9
sakura dreamy tour	https://es.robotoys.eu/rompecabezas-3d-de-madera/cajas-de-musica/rompecabezas-mecanico-3d-de-madera-sakura-dreamy-tour-rolife-amt02-p219	0	4	0	6.75
sakura dreamy tour	https://it.robotoys.eu/concorso-di-puzzle/sakura-dreamy-tour-rolife-amt02-219	0	4	0	5.5
sakura dreamy tour	https://it.robotoys.eu/puzzle-3d-in-legno/carillon/puzzle-meccanico-3d-in-legno-sakura-dreamy-tour-rolife-amt02-p219	0	1	0	5
sakura dreamy tour	https://robotoys.eu/wooden-3d-puzzle/music-boxes/wooden-mechanical-3d-puzzle-sakura-dreamy-tour-rolife-amt02-p219	0	2	0	6
sakura dreamy tour	https://se.robotoys.eu/3d-pussel-i-tra/speldosor/mekaniskt-3d-pussel-i-tra-sakura-dreamy-tour-rolife-amt02-p219	0	1	0	7
sakura dreamy tour music box	https://fr.robotoys.eu/casse-tete-3d-en-bois/boites-a-musique/puzzle-mecanique-3d-en-bois-sakura-dreamy-tour-rolife-amt02-p219	0	1	0	4
sakura dreamy tour rolife	https://pt.robotoys.eu/quebra-cabeca-3d-de-madeira/caixas-de-musica/quebra-cabeca-mecanico-3d-de-madeira-sakura-dreamy-tour-rolife-amt02-p219	0	1	0	2
sakura drevo	https://cz.robotoys.eu/drevene-3d-puzzle/kvety/drevene-3d-puzzle-sakura-bonsai-rolife-tg415-p142	0	6	0	2.33
sakura fa	https://hu.robotoys.eu/fabol-keszult-3d-puzzle/epiteszet/fa-3d-kirako-sakura-treehouse-rolife-tgs04-p201	0	1	0	9
sakura holz	https://de.robotoys.eu/3d-puzzle-aus-holz/blumen/holz-3d-puzzle-sakura-bonsai-rolife-tg415-p142	0	1	0	12
sakura journey	https://dk.robotoys.eu/trae-3d-puslespil/koretojer/trae-3d-puslespil-sakura-journey-rolife-tgs02-p105	0	1	0	3
sakura journey	https://gr.robotoys.eu/ksylino-trisdiastato-pazl/oxhmata/ksylino-trisdiastato-pazl-sakura-journey-rolife-tgs02-p105	0	1	0	1
sakura journey	https://it.robotoys.eu/puzzle-3d-in-legno/veicoli/puzzle-3d-in-legno-sakura-journey-rolife-tgs02-p105	0	4	0	3.25
sakura journey	https://pl.robotoys.eu/drewniane-puzzle-3d/pojazdy/drewniane-puzzle-3d-sakura-journey-rolife-tgs02-p105	0	2	0	1.5
sakura journey	https://robotoys.eu/wooden-3d-puzzle/vehicles/wooden-3d-puzzle-sakura-journey-rolife-tgs02-p105	0	4	0	8.75
sakura journey 3d puzzle	https://robotoys.eu/wooden-3d-puzzle/vehicles/wooden-3d-puzzle-sakura-journey-rolife-tgs02-p105	0	5	0	5.2
sakura journey rolife	https://it.robotoys.eu/puzzle-3d-in-legno/veicoli/puzzle-3d-in-legno-sakura-journey-rolife-tgs02-p105	0	3	0	4
sakura journey rolife	https://pl.robotoys.eu/drewniane-puzzle-3d/pojazdy/drewniane-puzzle-3d-sakura-journey-rolife-tgs02-p105	0	1	0	2
sakura journey rolife	https://robotoys.eu/wooden-3d-puzzle/vehicles/wooden-3d-puzzle-sakura-journey-rolife-tgs02-p105	0	1	0	5
sakura logi	https://lv.robotoys.eu/koka-3d-puzle/arhitektura/koka-3d-puzle-sakura-paviljons-rolife-tga07-p268	0	1	0	5
sakura miniature	https://it.robotoys.eu/case-in-miniatura/angolo-dei-libri/sakura-densya-rolife-tgb01-p29	0	1	0	4
sakura modèle 101	https://robotoys.eu/wooden-3d-puzzle/flowers/wooden-3d-puzzle-sakura-rowood-tw101-p195	0	1	0	6
sakura pavilion	https://de.robotoys.eu/3d-puzzle-aus-holz/die-architektur/3d-holzpuzzle-sakura-pavillon-rolife-tga07-p268	0	2	0	8.5
sakura pavilion	https://es.robotoys.eu/concurso-de-rompecabezas/pabellon-sakura-rolife-tga07-268	0	2	0	10
sakura pavilion	https://nl.robotoys.eu/houten-3d-puzzel/architectuur/houten-3d-puzzel-sakura-paviljoen-rolife-tga07-p268	0	6	0	7.5
sakura pavilion	https://pl.robotoys.eu/konkurs-puzzli/pawilon-sakura-rolife-tga07-268	0	1	0	4
sakura pavilion	https://robotoys.eu/puzzle-competition/sakura-pavilion-rolife-tga07-268	0	6	0	8.33
sakura pavilion	https://robotoys.eu/wooden-3d-puzzle/architecture/wooden-3d-puzzle-sakura-pavilion-rolife-tga07-p268	0	2	0	8
sakura pavilion rolife	https://de.robotoys.eu/3d-puzzle-aus-holz/die-architektur/3d-holzpuzzle-sakura-pavillon-rolife-tga07-p268	0	1	0	6
sakura pavilion rolife	https://es.robotoys.eu/rompecabezas-3d-de-madera/arquitectura/rompecabezas-3d-de-madera-pabellon-sakura-rolife-tga07-p268	0	1	0	2
sakura pavilion rolife	https://fr.robotoys.eu/concours-de-puzzle/pavillon-sakura-rolife-tga07-268	0	1	0	10
sakura pavilion rolife	https://robotoys.eu/puzzle-competition/sakura-pavilion-rolife-tga07-268	0	12	0	7.67
sakura pavillion	https://de.robotoys.eu/3d-puzzle-aus-holz/die-architektur/3d-holzpuzzle-sakura-pavillon-rolife-tga07-p268	0	1	0	6
sakura pavillion	https://robotoys.eu/puzzle-competition/sakura-pavilion-rolife-tga07-268	0	1	0	2
sakura puzzle	https://de.robotoys.eu/3d-puzzle-aus-holz/fahrzeuge/3d-puzzle-aus-holz-sakura-journey-rolife-tgs02-p105	0	4	0	8
sakura puzzle	https://es.robotoys.eu/rompecabezas-3d-de-madera/flores/puzzle-3d-de-madera-sakura-rowood-tw101-p195	0	1	0	8
sakura puzzle	https://es.robotoys.eu/rompecabezas-3d-de-madera/flores/rompecabezas-3d-de-madera-sakura-bonsai-rolife-tg415-p142	0	1	0	3
sakura puzzle	https://hu.robotoys.eu/fabol-keszult-3d-puzzle/viragok/fa-3d-puzzle-sakura-bonsai-rolife-tg415-p142	0	2	0	1.5
sakura puzzle	https://it.robotoys.eu/puzzle-3d-in-legno/veicoli/puzzle-3d-in-legno-sakura-journey-rolife-tgs02-p105	0	1	0	5
sakura puzzle	https://pl.robotoys.eu/drewniane-puzzle-3d/pojazdy/drewniane-puzzle-3d-sakura-journey-rolife-tgs02-p105	0	1	0	8
sakura puzzle	https://robotoys.eu/wooden-3d-puzzle/architecture/wooden-3d-puzzle-sakura-treehouse-rolife-tgs04-p201	0	1	0	10
sakura puzzle	https://robotoys.eu/wooden-3d-puzzle/flowers/wooden-3d-puzzle-sakura-bonsai-rolife-tg415-p142	0	2	0	3.5
sakura puzzle	https://robotoys.eu/wooden-3d-puzzle/flowers/wooden-3d-puzzle-sakura-rowood-tw101-p195	0	1	0	10
sakura puzzle 3d	https://de.robotoys.eu/3d-puzzle-aus-holz/fahrzeuge/3d-puzzle-aus-holz-sakura-journey-rolife-tgs02-p105	0	1	0	7
sakura puzzle 3d	https://pl.robotoys.eu/drewniane-puzzle-3d/kwiaty/drewniane-puzzle-3d-sakura-rowood-tw101-p195	0	1	0	1
sakura puzzle 3d	https://pl.robotoys.eu/drewniane-puzzle-3d/pojazdy/drewniane-puzzle-3d-sakura-journey-rolife-tgs02-p105	0	1	0	8
sakura rolife	https://dk.robotoys.eu/miniaturehuse/boger-nook/sakura-densya-rolife-tgb01-p29	0	1	0	4
sakura rolife	https://dk.robotoys.eu/puslespil-konkurrence/sakura-pavilion-rolife-tga07-268	0	1	0	10
sakura rolife	https://it.robotoys.eu/case-in-miniatura/angolo-dei-libri/sakura-densya-rolife-tgb01-p29	0	4	0	2.5
sakura rolife	https://it.robotoys.eu/concorso-di-puzzle/sakura-densya-rolife-tgb01-29	0	1	0	10
sakura rolife	https://it.robotoys.eu/puzzle-3d-in-legno/architettura/puzzle-3d-in-legno-sakura-treehouse-rolife-tgs04-p201	0	1	0	6
sakura rolife	https://pl.robotoys.eu/konkurs-puzzli/pawilon-sakura-rolife-tga07-268	0	1	0	1
sakura rolife	https://pl.robotoys.eu/miniaturowe-domki/kacik-ksiazek/sakura-densya-rolife-tgb01-p29	0	1	0	1
sakura train book nook	https://robotoys.eu/miniature-houses/books-nook/sakura-densya-rolife-tgb01-p29	0	3	0	10.33
sakura tree house	https://fr.robotoys.eu/casse-tete-3d-en-bois/architecture/puzzle-3d-en-bois-sakura-treehouse-rolife-tgs04-p201	0	1	0	3
sakura tree house	https://hu.robotoys.eu/fabol-keszult-3d-puzzle/epiteszet/fa-3d-kirako-sakura-treehouse-rolife-tgs04-p201	0	2	0	1.5
sakura tree house	https://it.robotoys.eu/puzzle-3d-in-legno/architettura/puzzle-3d-in-legno-sakura-treehouse-rolife-tgs04-p201	0	3	0	4.67
sakura tree house	https://nl.robotoys.eu/houten-3d-puzzel/architectuur/houten-3d-puzzel-sakura-treehouse-rolife-tgs04-p201	0	1	0	28
sakura tree house	https://robotoys.eu/wooden-3d-puzzle/architecture/wooden-3d-puzzle-sakura-treehouse-rolife-tgs04-p201	0	3	0	7
sakura tree house 3d puzzle	https://it.robotoys.eu/puzzle-3d-in-legno/architettura/puzzle-3d-in-legno-sakura-treehouse-rolife-tgs04-p201	0	1	0	3
sakura tree house 3d puzzle	https://robotoys.eu/wooden-3d-puzzle/architecture/wooden-3d-puzzle-sakura-treehouse-rolife-tgs04-p201	0	4	0	5.25
sakura tree house rolife	https://es.robotoys.eu/rompecabezas-3d-de-madera/arquitectura/rompecabezas-3d-de-madera-sakura-treehouse-rolife-tgs04-p201	0	1	0	2
sakura tree house rolife	https://pl.robotoys.eu/drewniane-puzzle-3d/architektura/drewniana-ukladanka-3d-sakura-treehouse-rolife-tgs04-p201	0	6	0	4.33
sakura tree house rolife	https://robotoys.eu/wooden-3d-puzzle/architecture/wooden-3d-puzzle-sakura-treehouse-rolife-tgs04-p201	0	5	0	11.4
sakura treehouse	https://robotoys.eu/wooden-3d-puzzle/architecture/wooden-3d-puzzle-sakura-treehouse-rolife-tgs04-p201	0	2	0	30
sakura tv rolife	https://cz.robotoys.eu/drevene-3d-puzzle/hraci-skrinky/drevene-mechanicke-3d-puzzle-sakura-dreamy-tour-rolife-amt02-p219	0	2	0	2
sakura wine alley	https://it.robotoys.eu/case-in-miniatura/angolo-dei-libri/inserto-per-libreria-vicolo-del-vino-sotto-i-sakura-rolife-tgb11-p164	0	15	0	9.73
sakura wine alley	https://robotoys.eu/miniature-houses/books-nook/bookshelf-insert-sakura-wine-alley-rolife-tgb11-p164	0	1	0	10
sakura wine alley book nook	https://se.robotoys.eu/miniatyrhus/bocker-nook/bokhyllinsats-vinhall-under-sakuratraden-rolife-tgb11-p164	0	1	0	1
sakura wooden puzzle	https://de.robotoys.eu/3d-puzzle-aus-holz/fahrzeuge/3d-puzzle-aus-holz-sakura-journey-rolife-tgs02-p105	0	1	0	11
sakura wooden puzzle	https://it.robotoys.eu/puzzle-3d-in-legno/veicoli/puzzle-3d-in-legno-sakura-journey-rolife-tgs02-p105	0	1	0	5
sakura wooden puzzle	https://robotoys.eu/wooden-3d-puzzle/flowers/wooden-3d-puzzle-sakura-bonsai-rolife-tg415-p142	0	1	0	1
sakura's travel 3d puzzle	https://de.robotoys.eu/3d-puzzle-aus-holz/fahrzeuge/3d-puzzle-aus-holz-sakura-journey-rolife-tgs02-p105	0	2	0	7
sam study rolife	https://it.robotoys.eu/case-in-miniatura/camere-in-miniatura/biblioteca-studio-di-sam-rolife-dg102-p86	0	5	0	11
sam study rolife	https://robotoys.eu/miniature-houses/miniature-rooms/sams-study-library-rolife-dg102-p86	0	2	0	8.5
sam's library	https://robotoys.eu/miniature-houses/miniature-rooms/sams-study-library-rolife-dg102-p86	0	1	0	5
sam's study	https://es.robotoys.eu/casas-en-miniatura/habitaciones-en-miniatura/biblioteca-de-estudio-de-sam-rolife-dg102-p86	0	2	0	2
sam's study	https://robotoys.eu/miniature-houses/miniature-rooms/sams-study-library-rolife-dg102-p86	0	8	0	15.75
sam's study miniature kit	https://robotoys.eu/miniature-houses/miniature-rooms/sams-study-library-rolife-dg102-p86	0	2	0	7.5
sam's study rolife	https://dk.robotoys.eu/miniaturehuse/miniature-vaerelser/sams-studiebibliotek-rolife-dg102-p86	0	1	0	11
sam's study rolife	https://es.robotoys.eu/casas-en-miniatura/habitaciones-en-miniatura/biblioteca-de-estudio-de-sam-rolife-dg102-p86	0	1	0	4
sam's study rolife	https://robotoys.eu/miniature-houses/miniature-rooms/sams-study-library-rolife-dg102-p86	0	5	0	8.6
samler	https://dk.robotoys.eu/blog/10-vaerktojer-du-skal-bruge-nar-du-samler-et-3d-puslespil-af-trae	0	1	0	1
samlesæt fritidshytte	https://dk.robotoys.eu/miniaturehuse/boger-nook/feriehavehus-rolife-tgb06-p78	0	9	0	70.78
samlesæt fritidstræhus	https://dk.robotoys.eu/miniaturehuse	0	25	0	46.44
samolot puzzle 3d	https://pl.robotoys.eu/drewniane-puzzle-3d/pojazdy/drewniane-puzzle-3d-samolot-little-story-d016-p130	0	1	0	5
sams library	https://robotoys.eu/miniature-houses/miniature-rooms/sams-study-library-rolife-dg102-p86	0	7	0	4.57
sams library	https://se.robotoys.eu/miniatyrhus/miniatyrrum/sams-studiebibliotek-rolife-dg102-p86	0	3	0	3
sams study	https://es.robotoys.eu/casas-en-miniatura/habitaciones-en-miniatura/biblioteca-de-estudio-de-sam-rolife-dg102-p86	0	2	0	9.5
sams study rolife	https://es.robotoys.eu/casas-en-miniatura/habitaciones-en-miniatura/biblioteca-de-estudio-de-sam-rolife-dg102-p86	0	1	0	5
sams study rolife	https://robotoys.eu/miniature-houses/miniature-rooms/sams-study-library-rolife-dg102-p86	0	4	0	7.25
sarok könyvespolc	https://hu.robotoys.eu/miniatur-hazak/konyvek-kucko/konyvespolc-betet-virag-sarok-rolife-tgb09-p108	0	1	0	22
sat s kukavicom	https://hr.robotoys.eu/natjecanje-u-slagalicama/sat-s-kukavicom-rokr-lc901c-198	0	1	0	5
savivarcio nuoma	https://lt.robotoys.eu/medine-3d-delione/transporto-priemones/savivarcio-modelis-rokr-tg603k-p34	0	1	0	31
saxophon aus holz	https://de.robotoys.eu/3d-puzzle-aus-holz/musikinstrumente/saxophon-rolife-tg309-p26	0	2	0	2.5
scapa de stres	https://ro.robotoys.eu/blog/cum-sa-scapi-de-stres-10-sfaturi-eficiente	0	1	0	27
scaricare lo stress	https://it.robotoys.eu/blog/come-liberarsi-dello-stress-10-consigli-efficaci	0	2	0	38.5
schaktbil	https://se.robotoys.eu/3d-pussel-i-tra/fordon/trapussel-med-3d-motiv-schaktbil-moaz-75053-eco-wood-art-p235	0	21	0	27.86
schaktbil	https://se.robotoys.eu/pusseltavling/schaktbil-moaz-75053-eco-wood-art-235	0	10	0	48.4
schaktbil uppsala	https://se.robotoys.eu/3d-pussel-i-tra/fordon/trapussel-med-3d-motiv-schaktbil-moaz-75053-eco-wood-art-p235	0	6	0	21.33
schaktbil uppsala	https://se.robotoys.eu/pusseltavling/schaktbil-moaz-75053-eco-wood-art-235	0	1	0	43
schiefer turm von pisa 3d puzzle	https://de.robotoys.eu/3d-puzzle-aus-holz/die-architektur/3d-puzzle-aus-holz-schiefer-turm-von-pisa-little-story-e009-p114	0	1	0	11
schiefer turm von pisa puzzle	https://de.robotoys.eu/3d-puzzle-aus-holz/die-architektur/3d-puzzle-aus-holz-schiefer-turm-von-pisa-little-story-e009-p114	0	4	0	7.25
scooter de madera	https://es.robotoys.eu/rompecabezas-3d-de-madera/vehiculos/rompecabezas-3d-de-madera-sting-scooter-little-story-e022-p174	0	1	0	28
scooter houten	https://nl.robotoys.eu/houten-3d-puzzel/voertuigen/houten-3d-puzzel-sting-scooter-little-story-e022-p174	0	4	0	9.25
scooter ålder	https://se.robotoys.eu/3d-pussel-i-tra/fordon/trapussel-i-3d-rosa-sting-scooter-little-story-e022r-p246	0	1	0	43
seahorse barque 3d wooden puzzle	https://ro.robotoys.eu/puzzle-3d-din-lemn/vehicule/puzzle-3d-mecanic-din-lemn-barca-cu-panze-calut-de-mare-rokr-mcb02-p212	0	1	0	6
segelschiff puzzle	https://de.robotoys.eu/3d-puzzle-aus-holz/fahrzeuge/3d-puzzle-aus-holz-segelschiff-lord-of-the-seas-eco-wood-art-p216	0	3	0	31
sejlskibet	https://dk.robotoys.eu/trae-3d-puslespil/koretojer/trae-3d-puslespil-sejlskibet-lord-of-the-seas-eco-wood-art-p216	0	12	0	2.33
sena	https://bg.robotoys.eu/drven-3d-pzel/arkhytektura/drven-3d-pzel-arka-na-pobedata-little-story-e011-p123	0	1	0	13
senovinis pabuklas	https://lt.robotoys.eu/naujausi-rokr-prekes-zenklo-gaminiai	0	2	0	6.5
senovinis pabūklas	https://lt.robotoys.eu/naujausi-rokr-prekes-zenklo-gaminiai	0	7	0	7
serre miniature	https://fr.robotoys.eu/maisons-miniatures/chambres-miniatures/serre-de-mme-cathy-rolife-dg104-p28	0	11	0	2.36
serre miniature	https://it.robotoys.eu/case-in-miniatura/camere-in-miniatura/la-serra-della-signora-cathy-rolife-dg104-p28	0	1	0	6
sherman little	https://robotoys.eu/wooden-3d-puzzle/vehicles/wooden-3d-puzzle-m4a38-sherman-little-story-wot01-p137	0	5	0	1.2
shop miniature	https://es.robotoys.eu/casas-en-miniatura/tiendas-de-miniaturas	0	1	0	17
shop miniature	https://fr.robotoys.eu/maisons-miniatures/boutiques-miniatures	0	1	0	28
show a picture of	https://robotoys.eu/wooden-3d-puzzle/stem-lab/wooden-mechanical-3d-puzzle-dream-gift-factory-rokr-eab01-p202	0	1	0	10
show images	https://robotoys.eu/wooden-3d-puzzle/the-animals/wooden-3d-puzzle-stegosaurus-little-story-d010-p118	0	1	0	21
show picture	https://robotoys.eu/wooden-3d-puzzle/vehicles/wooden-3d-puzzle-helicopter-little-story-d017-p131	0	1	0	3
show the end	https://robotoys.eu/wooden-3d-puzzle/vehicles/wooden-3d-puzzle-helicopter-little-story-d017-p131	0	1	0	1
si	https://es.robotoys.eu/	0	1	0	2
si	https://es.robotoys.eu/concurso-de-rompecabezas/crucero-little-story-e026-229	0	1	0	3
si	https://es.robotoys.eu/rompecabezas-3d-de-madera/arquitectura/pagoda-de-cinco-pisos-rolife-tgn02-p45	0	1	0	5
si	https://it.robotoys.eu/case-in-miniatura/camere-in-miniatura/casa-in-miniatura-scuola-di-magia-rolife-dg166-p163	0	1	0	4
si	https://it.robotoys.eu/case-in-miniatura/negozi-in-miniatura/negozio-di-streghe-kiki-rolife-dg155-p31	0	1	0	13
si	https://it.robotoys.eu/puzzle-3d-in-legno/gli-animali/puzzle-3d-in-legno-parasaurus-little-story-d008-p117	0	1	0	8
si	https://pt.robotoys.eu/blogue/10-ferramentas-que-voce-precisa-ao-montar-um-quebra-cabeca-3d-de-madeira	0	1	0	21
si	https://robotoys.eu/puzzle-competition	0	1	0	1
si cuanto tarda?	https://es.robotoys.eu/	0	1	0	1
si cuanto tarda?	https://robotoys.eu/useful-links/frequently-asked-questions/order-delivery	0	1	0	3
si eso	https://es.robotoys.eu/rompecabezas-3d-de-madera/stem-lab/rompecabezas-mecanico-3d-de-madera-desafio-de-la-bola-de-engranajes-rokr-egc01-p213	0	1	0	32
si illumina?	https://it.robotoys.eu/puzzle-3d-in-legno/architettura/torre-eiffel-illuminata-rolife-tgl01-p73	0	1	0	3
si possono ordinare online?	https://it.robotoys.eu/puzzle-3d-in-legno/fiori/puzzle-3d-in-legno-sakura-bonsai-rolife-tg415-p142	0	1	0	1
si procedi	https://it.robotoys.eu/puzzle-3d-in-legno/stem-lab/puzzle-3d-meccanico-in-legno-fabbrica-di-cioccolato-rokr-lga02-p75	0	1	0	1
si, por favor	https://es.robotoys.eu/rompecabezas-3d-de-madera/stem-lab/rompecabezas-3d-de-madera-telefono-retro-eco-wood-art-p156	0	1	0	1
siegesbogen	https://de.robotoys.eu/3d-puzzle-aus-holz/die-architektur/3d-puzzle-aus-holz-siegesbogen-little-story-e011-p123	0	3	0	6.67
sim	https://pt.robotoys.eu/quebra-cabeca-3d-de-madeira/relogios-calendarios/quebra-cabeca-mecanico-3d-de-madeira-relogio-cuco-rokr-lc901c-p198	0	1	0	4
simeons house	https://robotoys.eu/miniature-houses/miniature-stores/simons-coffee-shop-rolife-dg109-p64	0	1	0	9
similar puzzle	https://robotoys.eu/wooden-3d-puzzle/weapons/terminator-m870-rokr-lq501-p36	0	1	0	45
simmons coffee shop	https://es.robotoys.eu/casas-en-miniatura/tiendas-de-miniaturas/cafe-en-simon-rolife-dg109-p64	0	1	0	8
simon coffe	https://robotoys.eu/miniature-houses/miniature-stores/simons-coffee-shop-rolife-dg109-p64	0	1	0	9
simon coffee shop	https://robotoys.eu/miniature-houses/miniature-stores/simons-coffee-shop-rolife-dg109-p64	0	2	0	11
simon's coffee	https://es.robotoys.eu/casas-en-miniatura/tiendas-de-miniaturas/cafe-en-simon-rolife-dg109-p64	0	6	0	8.83
simon's coffee house	https://robotoys.eu/miniature-houses/miniature-stores/simons-coffee-shop-rolife-dg109-p64	0	6	0	10
simon's coffee miniature	https://robotoys.eu/miniature-houses/miniature-stores/simons-coffee-shop-rolife-dg109-p64	0	2	0	6.5
simon's coffee rolife	https://es.robotoys.eu/casas-en-miniatura/tiendas-de-miniaturas/cafe-en-simon-rolife-dg109-p64	0	2	0	6
simon's coffee rolife	https://robotoys.eu/miniature-houses/miniature-stores/simons-coffee-shop-rolife-dg109-p64	0	14	0	8.71
simon's coffee shop	https://es.robotoys.eu/casas-en-miniatura/tiendas-de-miniaturas/cafe-en-simon-rolife-dg109-p64	0	1	0	8
simon's coffee shop	https://fr.robotoys.eu/maisons-miniatures/boutiques-miniatures/cafe-a-simon-rolife-dg109-p64	0	1	0	6
simon's coffee shop	https://robotoys.eu/miniature-houses/miniature-stores/simons-coffee-shop-rolife-dg109-p64	0	6	0	7.67
simon's coffee shop miniature	https://fr.robotoys.eu/maisons-miniatures/boutiques-miniatures/cafe-a-simon-rolife-dg109-p64	0	2	0	9.5
simon's coffee shop miniature	https://robotoys.eu/miniature-houses/miniature-stores/simons-coffee-shop-rolife-dg109-p64	0	3	0	7.33
simon's coffee shop rolife	https://de.robotoys.eu/miniaturhauser/miniaturladen/cafe-bei-simon-rolife-dg109-p64	0	1	0	7
simon's coffee shop rolife	https://robotoys.eu/miniature-houses/miniature-stores/simons-coffee-shop-rolife-dg109-p64	0	2	0	8.5
simons cafe	https://robotoys.eu/miniature-houses/miniature-stores/simons-coffee-shop-rolife-dg109-p64	0	16	0	6.94
simons cafe rolife	https://de.robotoys.eu/miniaturhauser/miniaturladen/cafe-bei-simon-rolife-dg109-p64	0	1	0	8
simons cafe rolife	https://robotoys.eu/miniature-houses/miniature-stores/simons-coffee-shop-rolife-dg109-p64	0	1	0	2
simons coffe	https://robotoys.eu/miniature-houses/miniature-stores/simons-coffee-shop-rolife-dg109-p64	0	1	0	11
simons coffee house	https://es.robotoys.eu/casas-en-miniatura/tiendas-de-miniaturas/cafe-en-simon-rolife-dg109-p64	0	1	0	7
simons coffee house	https://robotoys.eu/miniature-houses/miniature-stores/simons-coffee-shop-rolife-dg109-p64	0	5	0	7.4
simons coffee rolife	https://robotoys.eu/miniature-houses/miniature-stores/simons-coffee-shop-rolife-dg109-p64	0	10	0	7
simons coffee shop	https://nl.robotoys.eu/miniatuur-huizen/miniatuur-winkels/cafe-in-simon-rolife-dg109-p64	0	2	0	9
simons coffee shop	https://robotoys.eu/miniature-houses/miniature-stores/simons-coffee-shop-rolife-dg109-p64	0	10	0	8.4
sistema solar em 3d	https://pt.robotoys.eu/quebra-cabeca-3d-de-madeira/o-universo/sistema-solar-rokr-st001-p71	0	2	0	11
sistema solar mecanico	https://es.robotoys.eu/rompecabezas-3d-de-madera/el-universo/sistema-solar-rokr-st001-p71	0	6	0	5.33
sistema solare 3d	https://it.robotoys.eu/puzzle-3d-in-legno/luniverso/sistema-solare-rokr-st001-p71	0	2	0	11
sistemul solar 3d	https://ro.robotoys.eu/puzzle-3d-din-lemn/universul/sistem-solar-rokr-st001-p71	0	1	0	12
skaņuplašu atskaņotājs	https://lv.robotoys.eu/koka-3d-puzle/muzikas-kastes/elektriskais-skanuplasu-atskanotajs-rokr-lkb01d-p68	0	1	0	6
sklep czarownicy	https://pl.robotoys.eu/miniaturowe-domki/sklepy-z-miniaturami/sklep-czarownic-kiki-rolife-dg155-p31	0	4	0	12.75
sklep dla czarownic	https://pl.robotoys.eu/miniaturowe-domki/sklepy-z-miniaturami/sklep-czarownic-kiki-rolife-dg155-p31	0	12	0	13
skrinjice	https://si.robotoys.eu/lesena-3d-sestavljanka/glasbene-skrinjice	0	5	0	25.4
slike	https://hr.robotoys.eu/drvena-3d-slagalica/vozila/grand-prix-model-automobila-rokr-mc401-p16	0	1	0	2
slova a	https://hr.robotoys.eu/drvena-3d-slagalica/arhitektura/drvena-3d-slagalica-mini-planinska-koliba-u-obliku-slova-a-rolife-dg181-p227	0	1	0	11
small stuff miniatūru māja	https://lv.robotoys.eu/miniaturas-majas	0	1	0	24
società in vendita	https://it.robotoys.eu/link-utili/circa-la-societa/vendita-allingrosso	0	1	0	24
something else?	https://robotoys.eu/gift-ideas/gifts-for-her	0	1	0	1
sopek roz	https://si.robotoys.eu/lesena-3d-sestavljanka/roze/lesena-3d-sestavljanka-sopek-roz-rowood-tw01h-p100	0	3	0	11
sova 3d	https://si.robotoys.eu/lesena-3d-sestavljanka/zivali/lesena-3d-sestavljanka-sova-little-story-d009-p132	0	2	0	2
speciale puzzels hout	https://nl.robotoys.eu/houten-3d-puzzel/stem-lab/houten-mechanische-3d-puzzel-klassieke-printer-rokr-lk602-p90	0	1	0	2
speedway motorcykel	https://se.robotoys.eu/pusseltavling/speedway-motorcykel-little-story-e019-171	0	1	0	1
speedway motorrad modell	https://de.robotoys.eu/3d-puzzle-aus-holz/fahrzeuge/holz-3d-puzzle-speedway-motorrad-little-story-e019-p171	0	11	0	2.73
speedwaymotor	https://nl.robotoys.eu/houten-3d-puzzel/voertuigen/houten-3d-puzzel-blauwe-speedway-motor-little-story-e019b-p239	0	2	0	6
speldosa i trä	https://se.robotoys.eu/3d-pussel-i-tra/speldosor	0	1	0	9
spelskap	https://se.robotoys.eu/3d-pussel-i-tra/speldosor/mekaniskt-3d-pussel-i-tra-spelskap-orpheus-rokr-am601-p82	0	1	0	8
spot stuff	https://cz.robotoys.eu/drevene-3d-puzzle/hudebni-nastroje/drevene-3d-puzzle-cello-rolife-tg411-p85	0	1	0	2
sri lanka price	https://robotoys.eu/wooden-3d-puzzle/vehicles/wooden-mechanical-3d-puzzle-the-seahorse-barque-rokr-mcb02-p212	0	1	0	19
st001	https://hu.robotoys.eu/fabol-keszult-3d-puzzle/az-univerzum/napelemes-rendszer-rokr-st001-p71	0	1	0	8
st001	https://it.robotoys.eu/puzzle-3d-in-legno/luniverso/sistema-solare-rokr-st001-p71	0	5	0	8.8
st001	https://nl.robotoys.eu/houten-3d-puzzel/het-heelal/zonnestelsel-rokr-st001-p71	0	2	0	6.5
st001	https://pl.robotoys.eu/drewniane-puzzle-3d/wszechswiat/uklad-sloneczny-rokr-st001-p71	0	2	0	7
st003	https://cz.robotoys.eu/drevene-3d-puzzle/vesmir/svitici-globus-rokr-st003-p3	0	1	0	2
st003	https://cz.robotoys.eu/soutez-v-puzzle/svitici-globus-rokr-st003-3	0	1	0	10
st003	https://es.robotoys.eu/concurso-de-rompecabezas/globo-luminoso-rokr-st003-3	0	1	0	10
st003	https://es.robotoys.eu/rompecabezas-3d-de-madera/el-universo/globo-luminoso-rokr-st003-p3	0	1	0	6
st003	https://fr.robotoys.eu/casse-tete-3d-en-bois/lunivers/globe-lumineux-rokr-st003-p3	0	1	0	2
st003	https://it.robotoys.eu/puzzle-3d-in-legno/luniverso/globo-luminoso-rokr-st003-p3	0	2	0	2
st003	https://lt.robotoys.eu/medine-3d-delione/visata/svieciantis-gaublys-rokr-st003-p3	0	1	0	1
st003	https://robotoys.eu/puzzle-competition/svietiaci-globus-rokr-st003-3	0	1	0	9
st003	https://robotoys.eu/wooden-3d-puzzle/the-universe/luminous-globe-rokr-st003-p3	0	4	0	3.75
st003	https://se.robotoys.eu/3d-pussel-i-tra/universum/lysande-glob-rokr-st003-p3	0	1	0	3
st003 luminous globe	https://de.robotoys.eu/3d-puzzle-aus-holz/das-universum/leuchtender-globus-rokr-st003-p3	0	1	0	6
st003 luminous globe	https://robotoys.eu/wooden-3d-puzzle/the-universe/luminous-globe-rokr-st003-p3	0	2	0	11
st004	https://de.robotoys.eu/3d-puzzle-aus-holz/das-universum/monokulares-teleskop-rokr-st004-p8	0	4	0	3
st004	https://es.robotoys.eu/rompecabezas-3d-de-madera/el-universo/telescopio-monocular-rokr-st004-p8	0	1	0	3
st004	https://fr.robotoys.eu/casse-tete-3d-en-bois/lunivers/telescope-monoculaire-rokr-st004-p8	0	2	0	8
st004	https://hu.robotoys.eu/fabol-keszult-3d-puzzle/az-univerzum/monokularis-teleszkop-rokr-st004-p8	0	1	0	1
st004	https://pt.robotoys.eu/quebra-cabeca-3d-de-madeira/o-universo/telescopio-monocular-rokr-st004-p8	0	1	0	1
st004	https://robotoys.eu/wooden-3d-puzzle/the-universe/monocular-telescope-rokr-st004-p8	0	1	0	8
stalowa	https://pl.robotoys.eu/drewniane-puzzle-3d/architektura/model-wiezy-eiffla-rolife-tg501-p17	0	1	0	22
stampante 3d legno	https://it.robotoys.eu/puzzle-3d-in-legno/stem-lab/puzzle-3d-meccanico-in-legno-stampante-classica-rokr-lk602-p90	0	12	0	12.33
stanze in miniatura da costruire	https://it.robotoys.eu/case-in-miniatura/camere-in-miniatura	0	12	0	2.67
stanze in miniatura da costruire	https://it.robotoys.eu/case-in-miniatura/negozi-in-miniatura/caffe-a-simone-rolife-dg109-p64	0	11	0	2.55
starinski gramofon	https://si.robotoys.eu/lesena-3d-sestavljanka/glasbene-skrinjice/elektricni-gramofon-rokr-lkb01d-p68	0	2	0	1
starry night amk51	https://de.robotoys.eu/3d-puzzle-aus-holz/spieluhren/spieluhr-sternennacht-rokr-amk51-p11	0	1	0	9
starry night amk51	https://robotoys.eu/wooden-3d-puzzle/music-boxes/music-box-starry-night-rokr-amk51-p11	0	2	0	4.5
starry night music box	https://robotoys.eu/wooden-3d-puzzle/music-boxes/music-box-starry-night-rokr-amk51-p11	0	3	0	11
starry night rokr	https://de.robotoys.eu/3d-puzzle-aus-holz/spieluhren/spieluhr-sternennacht-rokr-amk51-p11	0	1	0	11
starry night rokr	https://es.robotoys.eu/rompecabezas-3d-de-madera/cajas-de-musica/caja-de-musica-noche-estrellada-rokr-amk51-p11	0	1	0	8
steam engine rokr	https://robotoys.eu/wooden-3d-puzzle/vehicles/locomotive-rokr-lk701-p7	0	2	0	42.5
steckbrief tower bridge	https://de.robotoys.eu/bloggen/die-geschichte-der-beruhmten-tower-bridge-wie-sie-london-zu-ihnen-nach-hause-holen	0	2	0	38
steeg puzzel	https://nl.robotoys.eu/houten-3d-puzzel/architectuur/houten-3d-puzzel-boekhandel-in-een-oude-steeg-p262	0	8	0	10.38
stegosaurus 3d wooden puzzle	https://robotoys.eu/wooden-3d-puzzle/the-animals/wooden-3d-puzzle-stegosaurus-little-story-d010-p118	0	2	0	4.5
stegosaurus puzzle	https://fr.robotoys.eu/casse-tete-3d-en-bois/les-animaux/puzzle-3d-en-bois-stegosaure-little-story-d010-p118	0	1	0	1
stegosaurus puzzle	https://robotoys.eu/wooden-3d-puzzle/the-animals/wooden-3d-puzzle-stegosaurus-little-story-d010-p118	0	1	0	1
stem	https://fr.robotoys.eu/blog/modeles-stem-et-bois	0	1	0	6
stem	https://pl.robotoys.eu/blog/modele-stem-i-drewniane	0	2	0	71.5
stem lab	https://fr.robotoys.eu/casse-tete-3d-en-bois/stem-lab	0	1	0	9
stem lab	https://pl.robotoys.eu/drewniane-puzzle-3d/stem-lab	0	1	0	6
stem lab	https://pt.robotoys.eu/quebra-cabeca-3d-de-madeira/stem-lab	0	1	0	10
stem madeira	https://pt.robotoys.eu/blogue/stem-e-modelos-de-madeira	0	1	0	2
stem model	https://robotoys.eu/blog/stem-and-wooden-models	0	3	0	16
stem models	https://robotoys.eu/blog/stem-and-wooden-models	0	18	0	8
stem para madeira	https://pt.robotoys.eu/blogue/stem-e-modelos-de-madeira	0	1	0	3
stem puzzle	https://de.robotoys.eu/3d-puzzle-aus-holz/stem-lab	0	1	0	2
stem wood	https://es.robotoys.eu/blog/stem-y-modelos-de-madera	0	1	0	18
step-by-step video	https://robotoys.eu/wooden-3d-puzzle/vehicles/wooden-3d-puzzle-locomotive-little-story-e012-p124	0	1	0	19
stilvolles geschenk für mann	https://de.robotoys.eu/bloggen/ein-geschenk-fur-den-mann-der-schon-alles-hat-24-originelle-tipps-die-ihn-garantiert-uberraschen-werden	0	2	0	26
sting scooter	https://fr.robotoys.eu/casse-tete-3d-en-bois/vehicules/puzzle-3d-en-bois-sting-scooter-little-story-e022-p174	0	2	0	1
sting scooter	https://nl.robotoys.eu/houten-3d-puzzel/voertuigen/houten-3d-puzzel-blauwe-sting-scooter-little-story-e022b-p245	0	2	0	1
sting scooter	https://nl.robotoys.eu/houten-3d-puzzel/voertuigen/houten-3d-puzzel-sting-scooter-little-story-e022-p174	0	1	0	1
storia	https://it.robotoys.eu/blog/the-story-of-the-famous-tower-bridge-how-to-bring-london-to-your-home	0	1	0	1
storia del tower bridge	https://it.robotoys.eu/blog/the-story-of-the-famous-tower-bridge-how-to-bring-london-to-your-home	0	7	0	8.29
storia tower bridge	https://it.robotoys.eu/blog/the-story-of-the-famous-tower-bridge-how-to-bring-london-to-your-home	0	1	0	10
story arch puzzle	https://de.robotoys.eu/3d-puzzle-aus-holz/die-architektur/3d-puzzle-aus-holz-siegesbogen-little-story-e011-p123	0	1	0	1
story arch puzzle	https://robotoys.eu/wooden-3d-puzzle/architecture/wooden-3d-puzzle-victory-arch-little-story-e011-p123	0	6	0	5.33
story puzzel	https://nl.robotoys.eu/houten-3d-puzzel/architectuur/houten-3d-puzzel-notre-dame-kathedraal-little-story-e017-p127	0	1	0	15
story puzzel	https://nl.robotoys.eu/houten-3d-puzzel/voertuigen/houten-3d-puzzel-locomotief-little-story-e012-p124	0	1	0	13
story puzzle	https://pl.robotoys.eu/marki/little-story	0	1	0	5
story tower bridge	https://robotoys.eu/blog/the-story-of-the-famous-tower-bridge-how-to-bring-london-to-your-home	0	2	0	8.5
straalmotor puzzel	https://nl.robotoys.eu/houten-3d-puzzel/voertuigen/houten-3d-puzzel-blauwe-speedway-motor-little-story-e019b-p239	0	1	0	8
street scene	https://es.robotoys.eu/casas-en-miniatura/rincon-de-libros/inserto-para-estanteria-escena-callejera-rolife-tgb13-p256	0	2	0	1
stress come combatterlo	https://it.robotoys.eu/blog/come-liberarsi-dello-stress-10-consigli-efficaci	0	1	0	3
stress tips	https://nl.robotoys.eu/blog/hoe-zich-te-ontdoen-van-stress-10-effectieve-tips	0	5	0	96
stressi maandamine	https://ee.robotoys.eu/blogi/kuidas-vabaneda-stressist-10-tohusat-nouannet	0	2	0	17
stégosaure	https://fr.robotoys.eu/casse-tete-3d-en-bois/les-animaux/puzzle-3d-en-bois-stegosaure-little-story-d010-p118	0	1	0	2
subfusil thompson juguete	https://es.robotoys.eu/rompecabezas-3d-de-madera/armas/thompson-rokr-lqb01-p74	0	1	0	1
such mir den link dazu	https://it.robotoys.eu/puzzle-3d-in-legno/veicoli/modello-aeronave-rolife-tg407-p22	0	1	0	24
sugestao de presente para mulher	https://pt.robotoys.eu/blogue/7-ideias-de-presentes-irresistiveis-para-mulheres	0	1	0	69
sujetalibros sakura densya	https://es.robotoys.eu/casas-en-miniatura/rincon-de-libros/sakura-densya-rolife-tgb01-p29	0	7	0	1
sunflower wooden puzzle	https://robotoys.eu/wooden-3d-puzzle/flowers/wooden-3d-puzzle-sunflower-rowood-tw011-p113	0	2	0	3.5
sunshine town	https://cz.robotoys.eu/miniaturni-domecky/books-nook	0	1	0	11
sunshine town	https://cz.robotoys.eu/miniaturni-domecky/books-nook/sunshine-town-rolife-tgb02-p30	0	1	0	6
sunshine town	https://it.robotoys.eu/concorso-di-puzzle/sunshine-town-rolife-tgb02-30	0	2	0	6.5
sunshine town	https://pt.robotoys.eu/casas-em-miniatura/recanto-dos-livros/sunshine-town-rolife-tgb02-p30	0	1	0	4
sunshine town	https://se.robotoys.eu/miniatyrhus/bocker-nook/sunshine-town-rolife-tgb02-p30	0	5	0	7.4
sunshine town book nook	https://fr.robotoys.eu/maisons-miniatures/coin-livres/sunshine-town-rolife-tgb02-p30	0	2	0	44.5
sunshine town book nook	https://robotoys.eu/miniature-houses/books-nook/sunshine-town-rolife-tgb02-p30	0	1	0	2
sunshine town rolife	https://es.robotoys.eu/casas-en-miniatura/rincon-de-libros/sunshine-town-rolife-tgb02-p30	0	9	0	6.89
sunshine town rolife	https://it.robotoys.eu/case-in-miniatura/angolo-dei-libri/sunshine-town-rolife-tgb02-p30	0	1	0	7
sunshine town rolife	https://it.robotoys.eu/concorso-di-puzzle/sunshine-town-rolife-tgb02-30	0	1	0	9
sunshine town rolife	https://pt.robotoys.eu/casas-em-miniatura/recanto-dos-livros/sunshine-town-rolife-tgb02-p30	0	1	0	3
sunshine town rolife	https://robotoys.eu/miniature-houses/books-nook/sunshine-town-rolife-tgb02-p30	0	1	0	3
sunshine town tgb02	https://pt.robotoys.eu/casas-em-miniatura/recanto-dos-livros/sunshine-town-rolife-tgb02-p30	0	1	0	11
sunshine town tgb02	https://robotoys.eu/miniature-houses/books-nook/sunshine-town-rolife-tgb02-p30	0	2	0	6
sunčev sustav 3d	https://hr.robotoys.eu/drvena-3d-slagalica/svemir/suncev-sustav-rokr-st001-p71	0	1	0	1
suona	https://it.robotoys.eu/puzzle-3d-in-legno/strumenti-musicali/pianoforte-magico-rokr-amk81-p70	0	1	0	20
suona	https://it.robotoys.eu/puzzle-3d-in-legno/strumenti-musicali/puzzle-3d-in-legno-pianoforte-a-coda-rolife-tg402-p200	0	1	0	15
surinkimas	https://lt.robotoys.eu/dienorastis/mediniai-3d-deliones-kaip-issirinkti-pirmaji-konstravimo-rinkini-ir-kam-pasiruosti	0	1	0	23
surprise mini dollhouse	https://robotoys.eu/miniature-houses/miniature-rooms/cathys-flower-house-rolife-dg104-p28	0	1	0	3
svjetla tornja	https://hr.robotoys.eu/drvena-3d-slagalica/arhitektura/model-eiffelovog-tornja-rolife-tg501-p17	0	2	0	43
svítící 3d puzzle	https://cz.robotoys.eu/drevene-3d-puzzle/architektura/svitici-eiffelova-vez-rolife-tgl01-p73	0	1	0	26
swing ride	https://fr.robotoys.eu/casse-tete-3d-en-bois/boites-a-musique/boite-a-musique-swing-ride-rokr-ea02-p4	0	1	0	1
swing ride rokr	https://es.robotoys.eu/rompecabezas-3d-de-madera/cajas-de-musica/caja-de-musica-swing-ride-rokr-ea02-p4	0	1	0	9
swing ride rokr	https://nl.robotoys.eu/houten-3d-puzzel/muziekdoosjes/muziekdoos-swing-ride-rokr-ea02-p4	0	2	0	13
swing ride rokr	https://pl.robotoys.eu/drewniane-puzzle-3d/pozytywki/pozytywka-swing-ride-rokr-ea02-p4	0	2	0	2
swing ride rokr	https://robotoys.eu/wooden-3d-puzzle/music-boxes/swing-ride-music-box-rokr-ea02-p4	0	3	0	10.67
sydney ooperimaja	https://ee.robotoys.eu/puidust-3d-pusle/arhitektuur/puidust-3d-pusle-sydney-ooperimaja-little-story-e028-p238	0	2	0	4.5
sydney opera house 3d puzzle	https://nl.robotoys.eu/houten-3d-puzzel/architectuur/houten-3d-puzzel-sydney-opera-house-little-story-e028-p238	0	1	0	19
syrena 105	https://hu.robotoys.eu/fabol-keszult-3d-puzzle/jarmuvek/fa-3d-puzzle-syrena-105-little-story-e004-p96	0	5	0	4.6
syrena 105	https://pt.robotoys.eu/quebra-cabeca-3d-de-madeira/veiculos/quebra-cabeca-3d-de-madeira-syrena-105-little-story-e004-p96	0	1	0	2
szukam drewnianych puzzli 3d o wysokim poziomie trudności do 200 złotych.	https://pl.robotoys.eu/drewniane-puzzle-3d-latwy-poziom-trudnosci	0	11	0	2.09
szukam drewnianych puzzli 3d o wysokim poziomie trudności do 200 złotych.	https://pl.robotoys.eu/drewniane-puzzle-3d-od-200-do-299-szt	0	6	0	2
szukam drewnianych puzzli 3d o wysokim poziomie trudności do 200 złotych.	https://pl.robotoys.eu/najlepiej-oceniane-produkty-marki-rokr	0	2	0	1
szukam drewnianych puzzli 3d o wysokim poziomie trudności do 200 złotych.	https://pl.robotoys.eu/najwyzej-oceniane-drewniane-puzzle-3d	0	1	0	1
születésnapi ajándék	https://hu.robotoys.eu/ajandekotletek/szuletesnapi-ajandekok	0	5	0	12.8
születésnapi ajándékok	https://hu.robotoys.eu/a-legdragabb-szuletesnapi-ajandekok	0	1	0	14
szülinapi ajándékok gyerekeknek	https://hu.robotoys.eu/a-legdragabb-szuletesnapi-ajandekok	0	1	0	11
szülinapi ajándékok nőknek	https://hu.robotoys.eu/a-legdragabb-szuletesnapi-ajandekok	0	1	0	11
sünnipäeva kingitused	https://ee.robotoys.eu/kingi-ideid/sunnipaeva-kingitused	0	28	0	21.89
sünnipäevakingid	https://ee.robotoys.eu/korgeimalt-hinnatud-sunnipaevakingid	0	1	0	9
t 34-85	https://it.robotoys.eu/puzzle-3d-in-legno/veicoli/puzzle-3d-in-legno-carro-armato-t-34-85-little-story-wot02-p135	0	1	0	83
t 34/85	https://it.robotoys.eu/puzzle-3d-in-legno/veicoli/puzzle-3d-in-legno-carro-armato-t-34-85-little-story-wot02-p135	0	1	0	80
t rex 3d puzzle	https://cz.robotoys.eu/drevene-3d-puzzle/zvirata/drevene-3d-puzzle-t-rex-little-story-d006-p115	0	1	0	1
t rex 3d puzzle	https://de.robotoys.eu/3d-puzzle-aus-holz/die-tiere/3d-puzzle-aus-holz-t-rex-little-story-d006-p115	0	1	0	1
t rex puzzle	https://cz.robotoys.eu/drevene-3d-puzzle/zvirata/drevene-3d-puzzle-t-rex-little-story-d006-p115	0	1	0	32
t rex puzzle	https://hu.robotoys.eu/fabol-keszult-3d-puzzle/az-allatok/fa-3d-puzzle-t-rex-little-story-d006-p115	0	1	0	4
t rex puzzle	https://it.robotoys.eu/puzzle-3d-in-legno/gli-animali/puzzle-3d-in-legno-t-rex-little-story-d006-p115	0	1	0	13
t rex puzzle 3d	https://fr.robotoys.eu/casse-tete-3d-en-bois/les-animaux/puzzle-3d-en-bois-t-rex-little-story-d006-p115	0	1	0	1
t rex wooden puzzle	https://robotoys.eu/wooden-3d-puzzle/the-animals/wooden-3d-puzzle-t-rex-little-story-d006-p115	0	2	0	9.5
t-rex	https://hu.robotoys.eu/fabol-keszult-3d-puzzle/az-allatok/fa-3d-puzzle-t-rex-little-story-d006-p115	0	1	0	12
t-rex puzzle	https://robotoys.eu/wooden-3d-puzzle/the-animals/wooden-3d-puzzle-t-rex-little-story-d006-p115	0	1	0	1
t13 tank	https://cz.robotoys.eu/drevene-3d-puzzle/vozidla/drevene-3d-puzzle-tank-amx-13-105-little-story-wot05-p177	0	1	0	18
tablas y calendarios el universo	https://es.robotoys.eu/rompecabezas-3d-de-madera/cajas-de-musica/caja-de-musica-swing-ride-rokr-ea02-p4	0	1	0	69
tak	https://pl.robotoys.eu/drewniane-puzzle-3d/kwiaty/drewniana-ukladanka-3d-jasnopomaranczowa-gerbera-rowood-tw111-p196	0	1	0	2
tak	https://pl.robotoys.eu/drewniane-puzzle-3d/pojazdy/drewniana-ukladanka-3d-szary-motocykl-comanche-little-story-e023g-p247	0	1	0	4
tank 3d	https://pl.robotoys.eu/drewniane-puzzle-3d/pojazdy/drewniana-ukladanka-3d-tank-leopard-1-little-story-wot07-p179	0	1	0	5
tank 3d	https://pl.robotoys.eu/drewniane-puzzle-3d/pojazdy/drewniana-ukladanka-3d-tank-tortoise-little-story-wot08-p180	0	2	0	5
tank leopard 1	https://cz.robotoys.eu/drevene-3d-puzzle/vozidla/drevene-3d-puzzle-tank-leopard-1-little-story-wot07-p179	0	2	0	6.5
tank puzzle	https://cz.robotoys.eu/drevene-3d-puzzle/vozidla/drevene-3d-puzzle-tank-leopard-1-little-story-wot07-p179	0	1	0	4
tank puzzle	https://cz.robotoys.eu/drevene-3d-puzzle/vozidla/drevene-3d-puzzle-tiger-i-little-story-wot03-p136	0	3	0	8.67
tank puzzle	https://hu.robotoys.eu/fabol-keszult-3d-puzzle/jarmuvek/fa-3d-puzzle-tank-amx-13-105-little-story-wot05-p177	0	2	0	3
tank puzzle	https://robotoys.eu/wooden-3d-puzzle/vehicles/wooden-3d-puzzle-tank-leopard-1-little-story-wot07-p179	0	5	0	7.6
tank puzzle	https://robotoys.eu/wooden-3d-puzzle/vehicles/wooden-3d-puzzle-tiger-i-little-story-wot03-p136	0	18	0	1.5
tank tortoise	https://pl.robotoys.eu/drewniane-puzzle-3d/pojazdy/drewniana-ukladanka-3d-tank-tortoise-little-story-wot08-p180	0	2	0	7
tank tortoise	https://robotoys.eu/wooden-3d-puzzle/vehicles/wooden-3d-puzzle-tank-tortoise-little-story-wot08-p180	0	17	0	7.94
tanks	https://si.robotoys.eu/blog/world-of-tanks-zdaj-na-vasi-polici	0	1	0	11
tanque 3d	https://es.robotoys.eu/rompecabezas-3d-de-madera/vehiculos/puzzle-3d-de-madera-tanque-t-34-85-little-story-wot02-p135	0	9	0	3.78
tanque de madera	https://es.robotoys.eu/rompecabezas-3d-de-madera/vehiculos/rompecabezas-3d-de-madera-tanque-amx-13-105-little-story-wot05-p177	0	3	0	4.33
tanque fv4005	https://es.robotoys.eu/rompecabezas-3d-de-madera/vehiculos/rompecabezas-3d-de-madera-tanque-fv4005-little-story-wot09-p236	0	1	0	7
tanquet	https://pt.robotoys.eu/quebra-cabeca-3d-de-madeira/veiculos/quebra-cabeca-3d-de-madeira-tanque-t-34-85-little-story-wot02-p135	0	1	0	3
tarif?	https://fr.robotoys.eu/maisons-miniatures/coin-livres/insert-detagere-holiday-cafe-rolife-tgb15-p225	0	1	0	21
tauera tilts	https://lv.robotoys.eu/emuars/stasts-par-slaveno-tauera-tiltu-ka-atvest-londonu-savas-majas	0	12	0	5
tauerio tiltas	https://lt.robotoys.eu/dienorastis/garsiojo-tauerio-tilto-istorija-kaip-pritraukti-londona-i-savo-namus	0	29	0	9.38
tebutik	https://se.robotoys.eu/miniatyrhus/miniatyrbutiker/miniatyrhus-alices-tebutik-rolife-dg156-p61	0	1	0	13
techniky proti stresu	https://cz.robotoys.eu/blog/jak-se-zbavit-stresu-10-ucinnych-tipu	0	1	0	6
tecniche di rilassamento per stress	https://it.robotoys.eu/blog/come-liberarsi-dello-stress-10-consigli-efficaci	0	1	0	2
tedi	https://es.robotoys.eu/rompecabezas-3d-de-madera/instrumentos-musicales/magic-piano-rokr-amk81-p70	0	1	0	13
tedi	https://es.robotoys.eu/rompecabezas-3d-de-madera/instrumentos-musicales/rompecabezas-3d-de-madera-piano-de-cola-rolife-tg402-p200	0	1	0	9
telefon karussell	https://de.robotoys.eu/3d-puzzle-aus-holz/stem-lab/3d-puzzle-aus-holz-retro-telefon-eco-wood-art-p156	0	1	0	4
telefono 3d	https://it.robotoys.eu/puzzle-3d-in-legno/stem-lab/puzzle-3d-in-legno-telefono-retro-eco-wood-art-p156	0	1	0	25
telefono de madera	https://es.robotoys.eu/rompecabezas-3d-de-madera/stem-lab/rompecabezas-3d-de-madera-telefono-retro-eco-wood-art-p156	0	1	0	3
telescoop hout	https://nl.robotoys.eu/houten-3d-puzzel/het-heelal/monoculaire-telescoop-rokr-st004-p8	0	1	0	11
telescopio 3d	https://es.robotoys.eu/rompecabezas-3d-de-madera/el-universo/telescopio-monocular-rokr-st004-p8	0	1	0	2
telescopio 3d	https://it.robotoys.eu/puzzle-3d-in-legno/luniverso/telescopio-monoculare-rokr-st004-p8	0	3	0	4.67
telescopio monocular rokr	https://es.robotoys.eu/rompecabezas-3d-de-madera/el-universo/telescopio-monocular-rokr-st004-p8	0	9	0	2.11
tell me what is that	https://robotoys.eu/wooden-3d-puzzle/vehicles/wooden-mechanical-3d-puzzle-truck-road-king-eco-wood-art-p206	0	1	0	1
tenk crtez	https://hr.robotoys.eu/drvena-3d-slagalica/vozila/drvena-3d-slagalica-tenk-amx-13-105-little-story-wot05-p177	0	3	0	1
terminator m870	https://es.robotoys.eu/rompecabezas-3d-de-madera/armas/terminator-m870-rokr-lq501-p36	0	1	0	4
terminator m870	https://it.robotoys.eu/puzzle-3d-in-legno/armi/terminator-m870-rokr-lq501-p36	0	2	0	4.5
terminator m870	https://pl.robotoys.eu/drewniane-puzzle-3d/bronie/terminator-m870-rokr-lq501-p36	0	2	0	3
teuerstes	https://robotoys.eu/the-most-expensive-products-of-the-rolife-brand	0	1	0	2
teure geschenke für frau	https://de.robotoys.eu/die-teuersten-geschenke-fur-frauen-und-madchen	0	2	0	52.5
teure geschenke für frauen	https://de.robotoys.eu/die-teuersten-geschenke-fur-frauen-und-madchen	0	3	0	45.33
teure geschenke für mädchen	https://de.robotoys.eu/die-teuersten-geschenke-fur-frauen-und-madchen	0	1	0	13
teure sachen für mädchen	https://de.robotoys.eu/die-teuersten-geschenke-fur-frauen-und-madchen	0	1	0	11
tf-001	https://it.robotoys.eu/concorso-di-puzzle/stella-di-natale-rowood-tf001-222	0	1	0	10
tf001	https://cz.robotoys.eu/drevene-3d-puzzle/kvety/drevene-3d-puzzle-poinsettia-rowood-tf001-p222	0	1	0	4
tf001	https://si.robotoys.eu/tekmovanje-v-sestavljanju-sestavljank/bozicna-zvezda-rowood-tf001-222	0	2	0	6
tg 505	https://de.robotoys.eu/3d-puzzle-aus-holz/fahrzeuge/historische-strassenbahn-rolife-tg505-p40	0	1	0	5
tg 505	https://robotoys.eu/wooden-3d-puzzle/vehicles/historic-tramcar-rolife-tg505-p40	0	1	0	8
tg301	https://robotoys.eu/wooden-3d-puzzle/vehicles/triplane-model-rolife-tg301-p46	0	5	0	22.8
tg304	https://de.robotoys.eu/3d-puzzle-aus-holz/die-architektur/3d-puzzle-aus-holz-modell-des-schiefen-turms-von-pisa-rolife-tg304-p37	0	1	0	9
tg304	https://de.robotoys.eu/3d-puzzle-aus-holz/die-architektur/modell-des-schiefen-turms-von-pisa-rolife-tg304-p37	0	1	0	11
tg305	https://es.robotoys.eu/rompecabezas-3d-de-madera/vehiculos/modelo-de-velero-rolife-tg305-p21	0	1	0	7
tg305	https://robotoys.eu/wooden-3d-puzzle/vehicles/sailling-ship-model-rolife-tg305-p21	0	1	0	10
tg306	https://robotoys.eu/puzzle-competition/cruise-ship-rolife-tg306-87	0	2	0	12.5
tg306	https://robotoys.eu/wooden-3d-puzzle/vehicles/wooden-3d-puzzle-cruise-ship-rolife-tg306-p87	0	2	0	4.5
tg307	https://es.robotoys.eu/rompecabezas-3d-de-madera/vehiculos/rompecabezas-3d-de-madera-buque-diplomatico-japones-rolife-tg307-p199	0	1	0	9
tg307	https://robotoys.eu/wooden-3d-puzzle/vehicles/wooden-3d-puzzle-japanese-diplomatic-ship-rolife-tg307-p199	0	1	0	63
tg309	https://nl.robotoys.eu/houten-3d-puzzel/muziekinstrumenten/saxofoon-rolife-tg309-p26	0	1	0	8
tg406	https://es.robotoys.eu/rompecabezas-3d-de-madera/vehiculos/globo-aerostatico-rolife-tg406-p84	0	1	0	2
tg406	https://robotoys.eu/wooden-3d-puzzle/vehicles/hot-air-balloon-rolife-tg406-p84	0	46	0	5.63
tg407	https://it.robotoys.eu/puzzle-3d-in-legno/veicoli/modello-aeronave-rolife-tg407-p22	0	1	0	11
tg407 flight status today	https://robotoys.eu/wooden-3d-puzzle/vehicles/airship-model-rolife-tg407-p22	0	2	0	32
tg409	https://fr.robotoys.eu/casse-tete-3d-en-bois/instruments-de-musique/batterie-rolife-tg409-p81	0	1	0	10
tg409	https://pt.robotoys.eu/quebra-cabeca-3d-de-madeira/instrumentos-musicais/bateria-rolife-tg409-p81	0	1	0	8
tg411	https://fr.robotoys.eu/casse-tete-3d-en-bois/instruments-de-musique/puzzle-3d-en-bois-violoncelle-rolife-tg411-p85	0	1	0	4
tg411	https://robotoys.eu/wooden-3d-puzzle/musical-instruments/wooden-3d-puzzle-cello-rolife-tg411-p85	0	4	0	7
tg412	https://de.robotoys.eu/3d-puzzle-aus-holz/die-architektur/tower-bridge-modell-mit-led-beleuchtung-rolife-tg412-p19	0	2	0	5
tg412	https://robotoys.eu/wooden-3d-puzzle/architecture/tower-bridge-model-with-led-lighting-rolife-tg412-p19	0	1	0	1
tg501	https://robotoys.eu/wooden-3d-puzzle/architecture/model-of-the-eiffel-tower-rolife-tg501-p17	0	1	0	3
tg504	https://es.robotoys.eu/rompecabezas-3d-de-madera/vehiculos/modelo-veterano-rolife-tg504-p53	0	1	0	3
tg504	https://fr.robotoys.eu/casse-tete-3d-en-bois/vehicules/modele-veteran-rolife-tg504-p53	0	2	0	8.5
tg505	https://fr.robotoys.eu/casse-tete-3d-en-bois/vehicules/tramway-historique-rolife-tg505-p40	0	2	0	3
tg505	https://robotoys.eu/wooden-3d-puzzle/vehicles/historic-tramcar-rolife-tg505-p40	0	13	0	7.62
tg507	https://fr.robotoys.eu/casse-tete-3d-en-bois/architecture/modele-big-ben-avec-eclairage-led-rolife-tg507-p20	0	1	0	1
tg510	https://pl.robotoys.eu/drewniane-puzzle-3d/kwiaty/drewniana-ukladanka-3d-sosna-wiecznie-zielona-bonsai-rolife-tg510-p143	0	1	0	4
tg511	https://hu.robotoys.eu/fabol-keszult-3d-puzzle/epiteszet/fa-3d-kirako-parizsi-katedralis-rowood-tg511-p224	0	1	0	9
tg511	https://it.robotoys.eu/puzzle-3d-in-legno/architettura/puzzle-3d-in-legno-cattedrale-di-parigi-rowood-tg511-p224	0	1	0	7
tg511	https://lt.robotoys.eu/medine-3d-delione/architektura/medine-3d-delione-paryziaus-katedra-rowood-tg511-p224	0	1	0	3
tgb01	https://de.robotoys.eu/miniaturhauser/bucher-ecke/sakura-densya-rolife-tgb01-p29	0	3	0	8
tgb01	https://es.robotoys.eu/casas-en-miniatura/rincon-de-libros/sakura-densya-rolife-tgb01-p29	0	1	0	7
tgb01	https://it.robotoys.eu/case-in-miniatura/angolo-dei-libri/sakura-densya-rolife-tgb01-p29	0	1	0	2
tgb01	https://robotoys.eu/miniature-houses/books-nook/sakura-densya-rolife-tgb01-p29	0	4	0	5.75
tgb02	https://de.robotoys.eu/miniaturhauser/bucher-ecke/sunshine-town-rolife-tgb02-p30	0	1	0	4
tgb02	https://it.robotoys.eu/case-in-miniatura/angolo-dei-libri/sunshine-town-rolife-tgb02-p30	0	1	0	4
tgb02	https://pl.robotoys.eu/miniaturowe-domki/kacik-ksiazek/sunshine-town-rolife-tgb02-p30	0	1	0	2
tgb02 sunshine town	https://it.robotoys.eu/concorso-di-puzzle/sunshine-town-rolife-tgb02-30	0	2	0	6.5
tgb02 sunshine town	https://robotoys.eu/miniature-houses/books-nook/sunshine-town-rolife-tgb02-p30	0	2	0	4.5
tgb03	https://it.robotoys.eu/case-in-miniatura/angolo-dei-libri/magical-house-rolife-tgb03-p58	0	1	0	4
tgb03	https://nl.robotoys.eu/miniatuur-huizen/boeken-hoekje/magisch-huis-rolife-tgb03-p58	0	1	0	9
tgb06	https://es.robotoys.eu/casas-en-miniatura/rincon-de-libros/casa-de-jardin-de-vacaciones-rolife-tgb06-p78	0	1	0	4
tgb06	https://robotoys.eu/miniature-houses/books-nook/holiday-garden-house-rolife-tgb06-p78	0	4	0	6.5
tgb06 garden house	https://es.robotoys.eu/casas-en-miniatura/rincon-de-libros/casa-de-jardin-de-vacaciones-rolife-tgb06-p78	0	1	0	3
tgb07	https://fr.robotoys.eu/maisons-miniatures/coin-livres/bookstore-rolife-tgb07-p76	0	1	0	6
tgb09	https://de.robotoys.eu/miniaturhauser/bucher-ecke/bucherregaleinsatz-blumenecke-rolife-tgb09-p108	0	1	0	9
tgb09	https://es.robotoys.eu/casas-en-miniatura/rincon-de-libros/inserto-para-estanteria-rincon-de-flores-rolife-tgb09-p108	0	1	0	7
tgb09	https://robotoys.eu/miniature-houses/books-nook/bookshelf-insert-flower-corner-rolife-tgb09-p108	0	1	0	10
tgb10	https://es.robotoys.eu/casas-en-miniatura/rincon-de-libros/inserto-de-estanteria-citas-arcade-rolife-tgb10-p148	0	1	0	3
tgb10	https://fr.robotoys.eu/maisons-miniatures/coin-livres/insert-de-bibliotheque-arcade-dating-rolife-tgb10-p148	0	3	0	7.33
tgb10	https://nl.robotoys.eu/miniatuur-huizen/boeken-hoekje/boekenplankinzetstuk-arcade-dating-rolife-tgb10-p148	0	1	0	15
tgb10	https://robotoys.eu/miniature-houses/books-nook/bookshelf-insert-arcade-dating-rolife-tgb10-p148	0	5	0	7
tgb10	https://se.robotoys.eu/miniatyrhus/bocker-nook/bokhylla-inlagg-arkad-dating-rolife-tgb10-p148	0	1	0	3
tgb11	https://es.robotoys.eu/concurso-de-rompecabezas/callejon-del-vino-bajo-los-sakura-rolife-tgb11-164	0	1	0	7
tgb11	https://fr.robotoys.eu/maisons-miniatures/coin-livres/insert-de-bibliotheque-allee-des-vins-sous-les-cerisiers-rolife-tgb11-p164	0	2	0	10
tgb11	https://it.robotoys.eu/case-in-miniatura/angolo-dei-libri/inserto-per-libreria-vicolo-del-vino-sotto-i-sakura-rolife-tgb11-p164	0	1	0	1
tgb12	https://es.robotoys.eu/casas-en-miniatura/rincon-de-libros/inserto-de-estanteria-viaje-al-pais-de-las-maravillas-rolife-tgb12-p165	0	1	0	9
tgb12	https://fr.robotoys.eu/maisons-miniatures/coin-livres/insert-de-bibliotheque-voyage-au-pays-des-merveilles-rolife-tgb12-p165	0	1	0	9
tgb12	https://nl.robotoys.eu/miniatuur-huizen/boeken-hoekje/boekenplankinzetstuk-journey-to-wonderland-rolife-tgb12-p165	0	1	0	2
tgb12	https://robotoys.eu/miniature-houses/books-nook/bookshelf-insert-fall-into-wonder-rolife-tgb12-p165	0	2	0	9
tgb12	https://se.robotoys.eu/miniatyrhus/bocker-nook/bokhyllinsats-resa-till-underlandet-rolife-tgb12-p165	0	5	0	2.8
tgb13	https://fr.robotoys.eu/maisons-miniatures/coin-livres/insert-detagere-scene-de-rue-rolife-tgb13-p256	0	1	0	9
tgb14	https://dk.robotoys.eu/miniaturehuse/boger-nook/bogreolindsats-magisk-fantasihjorne-rolife-tgb14-p221	0	2	0	2
tgb14	https://es.robotoys.eu/casas-en-miniatura/rincon-de-libros/inserto-de-estanteria-rincon-de-fantasia-magica-rolife-tgb14-p221	0	1	0	7
tgb14	https://fr.robotoys.eu/maisons-miniatures/coin-livres/insert-detagere-coin-magique-et-fantastique-rolife-tgb14-p221	0	1	0	4
tgb14	https://robotoys.eu/miniature-houses/books-nook/bookshelf-insert-magical-fantasy-corner-rolife-tgb14-p221	0	5	0	7.2
tgb14	https://se.robotoys.eu/miniatyrhus/bocker-nook/bokhyllinsats-magisk-fantasihorna-rolife-tgb14-p221	0	18	0	3.39
tgb14	https://se.robotoys.eu/pusseltavling/magisk-fantasihorna-rolife-tgb14-221	0	1	0	11
tgb15	https://fr.robotoys.eu/maisons-miniatures/coin-livres/insert-detagere-holiday-cafe-rolife-tgb15-p225	0	2	0	5
tgb15	https://se.robotoys.eu/miniatyrhus/bocker-nook/bokhyllinsats-holiday-cafe-rolife-tgb15-p225	0	33	0	3.09
tgb16	https://es.robotoys.eu/casas-en-miniatura/rincon-de-libros/inserto-de-estanteria-biblioteca-de-las-maravillas-rolife-tgb16-p226	0	1	0	7
tgb16	https://pl.robotoys.eu/miniaturowe-domki/kacik-ksiazek/wkladka-do-regalu-biblioteka-cudow-rolife-tgb16-p226	0	1	0	2
tgb16	https://robotoys.eu/miniature-houses/books-nook/bookshelf-insert-library-of-wonders-rolife-tgb16-p226	0	2	0	3
tgb16	https://se.robotoys.eu/miniatyrhus/bocker-nook/bokhyllinsats-library-of-wonders-rolife-tgb16-p226	0	1	0	11
tgb17	https://es.robotoys.eu/casas-en-miniatura/rincon-de-libros/inserto-para-estanteria-parque-tematico-de-cuentos-de-hadas-rolife-tgb17-p257	0	1	0	2
tgb17	https://robotoys.eu/miniature-houses/books-nook/bookshelf-insert-fairytale-theme-park-rolife-tgb17-p257	0	6	0	2.67
tgb17	https://se.robotoys.eu/de-dyraste-miniatyrhusen	0	15	0	8.87
tgb17	https://se.robotoys.eu/miniatyrhus/bocker-nook/bokhyllinsats-sagopark-rolife-tgb17-p257	0	16	0	2.88
tgb17	https://se.robotoys.eu/rolifes-produkter-till-forsaljning	0	3	0	10.33
tgl01	https://es.robotoys.eu/rompecabezas-3d-de-madera/arquitectura/torre-eiffel-iluminada-rolife-tgl01-p73	0	2	0	1.5
tgl01	https://robotoys.eu/wooden-3d-puzzle/architecture/illuminated-eiffel-tower-rolife-tgl01-p73	0	1	0	7
tgl02	https://fr.robotoys.eu/casse-tete-3d-en-bois/vehicules/puzzle-3d-en-bois-eternal-atlantic-voyager-1912-rolife-tgl02-p223	0	1	0	3
tgl02	https://nl.robotoys.eu/houten-3d-puzzel/voertuigen/houten-3d-puzzel-eternal-atlantic-voyager-1912-rolife-tgl02-p223	0	2	0	3
tgm02	https://it.robotoys.eu/puzzle-3d-in-legno/veicoli/puzzle-3d-in-legno-bus-turistico-londinese-rolife-tgm02-p106	0	2	0	1.5
tgn01	https://es.robotoys.eu/rompecabezas-3d-de-madera/cajas-de-musica/rueda-de-la-fortuna-rolife-tgn01-p18	0	1	0	2
tgn01	https://fr.robotoys.eu/casse-tete-3d-en-bois/boites-a-musique/grande-roue-rolife-tgn01-p18	0	1	0	7
tgn01	https://it.robotoys.eu/puzzle-3d-in-legno/carillon/ruota-panoramica-rolife-tgn01-p18	0	1	0	8
tgn01	https://robotoys.eu/wooden-3d-puzzle/music-boxes/ferris-wheel-rolife-tgn01-p18	0	3	0	6.33
tgn01	https://se.robotoys.eu/3d-pussel-i-tra/speldosor/pariserhjul-rolife-tgn01-p18	0	1	0	1
tgs02	https://cz.robotoys.eu/drevene-3d-puzzle/vozidla/drevene-3d-puzzle-sakura-journey-rolife-tgs02-p105	0	1	0	1
tgs02	https://de.robotoys.eu/3d-puzzle-aus-holz/fahrzeuge/3d-puzzle-aus-holz-sakura-journey-rolife-tgs02-p105	0	1	0	8
tgs02	https://fr.robotoys.eu/casse-tete-3d-en-bois/vehicules/puzzle-3d-en-bois-sakura-journey-rolife-tgs02-p105	0	1	0	7
tgs02	https://hu.robotoys.eu/fabol-keszult-3d-puzzle/jarmuvek/fa-3d-puzzle-sakura-journey-rolife-tgs02-p105	0	1	0	3
tgs02	https://it.robotoys.eu/puzzle-3d-in-legno/veicoli/puzzle-3d-in-legno-sakura-journey-rolife-tgs02-p105	0	2	0	3
tgs02	https://nl.robotoys.eu/houten-3d-puzzel/voertuigen/houten-3d-puzzel-sakura-journey-rolife-tgs02-p105	0	1	0	10
tgs04	https://de.robotoys.eu/3d-puzzle-aus-holz/die-architektur/3d-puzzle-aus-holz-sakura-baumhaus-rolife-tgs04-p201	0	3	0	6.33
tgs04	https://es.robotoys.eu/rompecabezas-3d-de-madera/arquitectura/rompecabezas-3d-de-madera-sakura-treehouse-rolife-tgs04-p201	0	1	0	3
tgs04	https://fr.robotoys.eu/casse-tete-3d-en-bois/architecture/puzzle-3d-en-bois-sakura-treehouse-rolife-tgs04-p201	0	2	0	3.5
tgs04	https://robotoys.eu/wooden-3d-puzzle/architecture/wooden-3d-puzzle-sakura-treehouse-rolife-tgs04-p201	0	2	0	5
th001	https://robotoys.eu/wooden-3d-puzzle/flowers/wooden-3d-puzzle-glittering-water-lily-rowood-th001-p192	0	1	0	53
thalia rolife	https://de.robotoys.eu/miniaturhauser/miniaturladen/miniaturhaus-alices-teeladen-rolife-dg156-p61	0	1	0	22
the little story	https://cz.robotoys.eu/znacky/little-story	0	1	0	8
the magic study	https://se.robotoys.eu/miniatyrhus/miniatyrrum/miniatyrhus-magiskola-rolife-dg166-p163	0	3	0	1
the most expensive gift	https://robotoys.eu/the-most-expensive-birthday-gifts	0	9	0	9.22
the most expensive gift	https://robotoys.eu/the-most-expensive-gifts-for-women-and-girls	0	1	0	6
the seahorse barque	https://robotoys.eu/wooden-3d-puzzle/vehicles/wooden-mechanical-3d-puzzle-the-seahorse-barque-rokr-mcb02-p212	0	2	0	7
the seahorse barque 3d wooden puzzle	https://robotoys.eu/wooden-3d-puzzle/vehicles/wooden-mechanical-3d-puzzle-the-seahorse-barque-rokr-mcb02-p212	0	5	0	6.6
the seahorse barque mcb02	https://es.robotoys.eu/rompecabezas-3d-de-madera/vehiculos/rompecabezas-mecanico-3d-de-madera-velero-caballito-de-mar-rokr-mcb02-p212	0	1	0	9
the seahorse barque mcb02	https://robotoys.eu/wooden-3d-puzzle/vehicles/wooden-mechanical-3d-puzzle-the-seahorse-barque-rokr-mcb02-p212	0	1	0	1
the seahorse barque rokr	https://robotoys.eu/wooden-3d-puzzle/vehicles/wooden-mechanical-3d-puzzle-the-seahorse-barque-rokr-mcb02-p212	0	2	0	8.5
the tortoise tank	https://robotoys.eu/wooden-3d-puzzle/vehicles/wooden-3d-puzzle-tank-tortoise-little-story-wot08-p180	0	1	0	13
the tower bridge	https://fr.robotoys.eu/blog/lhistoire-du-celebre-tower-bridge-comment-amener-londres-chez-vous	0	12	0	20.75
the tower bridge history	https://fr.robotoys.eu/blog/lhistoire-du-celebre-tower-bridge-comment-amener-londres-chez-vous	0	1	0	12
the wood art	https://cz.robotoys.eu/drevene-3d-puzzle/vozidla/drevene-3d-puzzle-sanitka-eco-wood-art-p203	0	1	0	21
thompson submachine gun rokr difficulty	https://robotoys.eu/wooden-3d-puzzle/weapons/thompson-rokr-lqb01-p74	0	4	0	5.5
three dimensional puzzle	https://robotoys.eu/wooden-3d-puzzle/architecture/wooden-3d-puzzle-sagrada-familia-little-story-e018-p133	0	1	0	3
ti einai auto	https://gr.robotoys.eu/ksylino-trisdiastato-pazl/arxitektonikh/ksylino-trisdiastato-pazl-sagrada-familia-little-story-e018-p133	0	1	0	14
tienda bruja	https://es.robotoys.eu/casas-en-miniatura/tiendas-de-miniaturas/tienda-bruja-kiki-rolife-dg155-p31	0	5	0	14.6
tienda de brujas	https://es.robotoys.eu/casas-en-miniatura/tiendas-de-miniaturas/tienda-bruja-kiki-rolife-dg155-p31	0	11	0	17.09
tienda de casas de muñecas	https://es.robotoys.eu/casas-en-miniatura/tiendas-de-miniaturas	0	28	0	51.21
tienda de casitas	https://es.robotoys.eu/casas-en-miniatura/tiendas-de-miniaturas	0	4	0	30.25
tienda de casitas miniaturas	https://es.robotoys.eu/casas-en-miniatura/tiendas-de-miniaturas	0	8	0	12.38
tienda de miniaturas	https://es.robotoys.eu/casas-en-miniatura	0	1	0	35
tienda de miniaturas	https://es.robotoys.eu/casas-en-miniatura/tiendas-de-miniaturas	0	69	0	24.78
tienda de miniaturas online	https://es.robotoys.eu/casas-en-miniatura/tiendas-de-miniaturas	0	3	0	35.33
tienda de miniaturas online españa	https://es.robotoys.eu/casas-en-miniatura-dificultad-alta	0	1	0	65
tienda en miniatura	https://es.robotoys.eu/casas-en-miniatura/tiendas-de-miniaturas	0	7	0	9.57
tienda en miniatura	https://es.robotoys.eu/casas-en-miniatura/tiendas-de-miniaturas/tienda-bruja-kiki-rolife-dg155-p31	0	5	0	18.8
tienda kiki	https://es.robotoys.eu/casas-en-miniatura/tiendas-de-miniaturas/tienda-bruja-kiki-rolife-dg155-p31	0	4	0	14.25
tienda miniatura	https://es.robotoys.eu/casas-en-miniatura/tiendas-de-miniaturas	0	4	0	10.25
tienda miniatura	https://es.robotoys.eu/casas-en-miniatura/tiendas-de-miniaturas/tienda-bruja-kiki-rolife-dg155-p31	0	2	0	27.5
tienda miniaturas	https://es.robotoys.eu/casas-en-miniatura/tiendas-de-miniaturas	0	1	0	17
tienda miniaturas	https://es.robotoys.eu/casas-en-miniatura/tiendas-de-miniaturas/tienda-bruja-kiki-rolife-dg155-p31	0	42	0	21.21
tienda miniaturas online	https://es.robotoys.eu/casas-en-miniatura/tiendas-de-miniaturas	0	9	0	46.33
tienda online para comprar miniaturas de casas de muñecas	https://es.robotoys.eu/casas-en-miniatura/tiendas-de-miniaturas	0	5	0	25.4
tiendadecasitas	https://es.robotoys.eu/casas-en-miniatura/tiendas-de-miniaturas	0	3	0	54.33
tiendas de miniaturas	https://es.robotoys.eu/casas-en-miniatura/tiendas-de-miniaturas	0	19	0	15.32
tiendas de miniaturas para casas de muñecas	https://es.robotoys.eu/casas-en-miniatura/tiendas-de-miniaturas	0	53	0	22.3
tiendas de miniaturas para casas de muñecas en madrid	https://es.robotoys.eu/casas-en-miniatura/tiendas-de-miniaturas	0	1	0	36
tiendas en miniatura	https://es.robotoys.eu/casas-en-miniatura/tiendas-de-miniaturas	0	6	0	6.17
tiendas en miniatura	https://es.robotoys.eu/casas-en-miniatura/tiendas-de-miniaturas/casa-en-miniatura-la-tienda-de-te-de-alice-rolife-dg156-p61	0	4	0	3.75
tiendas en miniatura	https://es.robotoys.eu/casas-en-miniatura/tiendas-de-miniaturas/tienda-bruja-kiki-rolife-dg155-p31	0	5	0	3.4
tiendas mini	https://es.robotoys.eu/casas-en-miniatura/tiendas-de-miniaturas	0	2	0	18
tiendas miniatura	https://es.robotoys.eu/casas-en-miniatura/tiendas-de-miniaturas/tienda-bruja-kiki-rolife-dg155-p31	0	2	0	10
tiendas miniaturas	https://es.robotoys.eu/casas-en-miniatura/tiendas-de-miniaturas	0	2	0	19
tiendas miniaturas	https://es.robotoys.eu/casas-en-miniatura/tiendas-de-miniaturas/tienda-bruja-kiki-rolife-dg155-p31	0	6	0	16.67
tiger 3d puzzle	https://de.robotoys.eu/3d-puzzle-aus-holz/fahrzeuge/3d-puzzle-aus-holz-tiger-i-little-story-wot03-p136	0	1	0	3
tiger 3d puzzle	https://es.robotoys.eu/rompecabezas-3d-de-madera/vehiculos/puzzle-3d-de-madera-tigre-i-little-story-wot03-p136	0	1	0	4
tiger giochi legno	https://it.robotoys.eu/puzzle-3d-in-legno/veicoli/puzzle-3d-in-legno-tiger-i-little-story-wot03-p136	0	1	0	23
tiger holz	https://de.robotoys.eu/3d-puzzle-aus-holz/fahrzeuge/3d-puzzle-aus-holz-tiger-i-little-story-wot03-p136	0	3	0	1.67
tiger puzzle	https://de.robotoys.eu/3d-puzzle-aus-holz/fahrzeuge/3d-puzzle-aus-holz-tiger-i-little-story-wot03-p136	0	14	0	22
tiger puzzle	https://es.robotoys.eu/rompecabezas-3d-de-madera/vehiculos/puzzle-3d-de-madera-tigre-i-little-story-wot03-p136	0	2	0	19.5
tiger puzzle	https://it.robotoys.eu/puzzle-3d-in-legno/veicoli/puzzle-3d-in-legno-tiger-i-little-story-wot03-p136	0	17	0	8.06
tiger puzzles	https://it.robotoys.eu/puzzle-3d-in-legno/veicoli/puzzle-3d-in-legno-tiger-i-little-story-wot03-p136	0	2	0	8
tigre puzzle	https://es.robotoys.eu/rompecabezas-3d-de-madera/vehiculos/puzzle-3d-de-madera-tigre-i-little-story-wot03-p136	0	1	0	21
tigris 3d	https://hu.robotoys.eu/fabol-keszult-3d-puzzle/jarmuvek/fa-3d-puzzle-tigris-i-little-story-wot03-p136	0	1	0	5
tigris i	https://hu.robotoys.eu/fabol-keszult-3d-puzzle/jarmuvek/fa-3d-puzzle-tigris-i-little-story-wot03-p136	0	1	0	4
tigris tank modell	https://hu.robotoys.eu/fabol-keszult-3d-puzzle/jarmuvek/fa-3d-puzzle-tigris-i-little-story-wot03-p136	0	5	0	1.4
tik tok dopamina	https://it.robotoys.eu/blog/il-trend-di-tiktok-hobby-della-dopamina-cosa-significa-e-perche-i-puzzle-sono-tra-le-scelte-piu-gettonate	0	1	0	7
tiktok dopamin	https://hu.robotoys.eu/blog/tiktok-trend-dopamin-hobbi-mit-jelent-es-miert-a-rejtvenyek-a-legjobb-valasztas	0	1	0	7
tiktok dopamina	https://it.robotoys.eu/blog/il-trend-di-tiktok-hobby-della-dopamina-cosa-significa-e-perche-i-puzzle-sono-tra-le-scelte-piu-gettonate	0	1	0	9
time travel rolife	https://it.robotoys.eu/case-in-miniatura/angolo-dei-libri/time-travel-rolife-tgb04-p60	0	1	0	5
time travel station	https://it.robotoys.eu/case-in-miniatura/angolo-dei-libri/time-travel-rolife-tgb04-p60	0	1	0	9
tiny házak	https://hu.robotoys.eu/a-legolcsobb-mini-hazak	0	2	0	8.5
tiny room kits	https://robotoys.eu/miniature-houses/miniature-rooms	0	1	0	9
tipsy modelarskie	https://pl.robotoys.eu/konkurs-puzzli/kwiaciarnia-emily-rolife-dg145-25	0	1	0	46
tipsy obchod	https://cz.robotoys.eu/miniaturni-domecky/miniaturni-obchody/miniaturni-domek-restaurace-tipsy-rolife-dg167-p209	0	11	0	7.45
tipsy restaurant	https://cz.robotoys.eu/miniaturni-domecky/miniaturni-obchody/miniaturni-domek-restaurace-tipsy-rolife-dg167-p209	0	1	0	1
tipsy restaurant	https://dk.robotoys.eu/miniaturehuse/miniature-butikker/miniaturehus-restaurant-tipsy-rolife-dg167-p209	0	5	0	6.4
tipsy restaurant	https://es.robotoys.eu/casas-en-miniatura/tiendas-de-miniaturas/casa-en-miniatura-restaurante-tipsy-rolife-dg167-p209	0	5	0	7
tipsy restaurant	https://fr.robotoys.eu/maisons-miniatures/boutiques-miniatures/maison-miniature-restaurant-tipsy-rolife-dg167-p209	0	1	0	29
tipsy restaurant	https://it.robotoys.eu/case-in-miniatura/negozi-in-miniatura/casa-in-miniatura-ristorante-tipsy-rolife-dg167-p209	0	3	0	4.67
tipsy restaurant	https://nl.robotoys.eu/miniatuur-huizen/miniatuur-winkels/miniatuurhuis-restaurant-tipsy-rolife-dg167-p209	0	1	0	9
tipsy restaurant	https://pl.robotoys.eu/miniaturowe-domki/sklepy-z-miniaturami/domek-w-miniaturze-restauracja-tipsy-rolife-dg167-p209	0	1	0	3
tipsy restaurant	https://ro.robotoys.eu/case-miniaturale/magazine-in-miniatura/casuta-in-miniatura-restaurant-tipsy-rolife-dg167-p209	0	2	0	8.5
tipsy restaurant	https://robotoys.eu/miniature-houses/miniature-stores/miniature-house-restaurant-tipsy-rolife-dg167-p209	0	6	0	5.17
tipsy restaurant	https://se.robotoys.eu/miniatyrhus/miniatyrbutiker/miniatyrhus-restaurang-tipsy-rolife-dg167-p209	0	1	0	7
tipsy restaurant & bar	https://hu.robotoys.eu/miniatur-hazak/miniatur-uzletek/miniatur-haz-etterem-tipsy-rolife-dg167-p209	0	2	0	4
tipsy restaurant & bar	https://se.robotoys.eu/miniatyrhus/miniatyrbutiker/miniatyrhus-restaurang-tipsy-rolife-dg167-p209	0	1	0	11
tipsy restaurant miniature	https://dk.robotoys.eu/miniaturehuse/miniature-butikker/miniaturehus-restaurant-tipsy-rolife-dg167-p209	0	2	0	6.5
tipsy restaurant miniature	https://es.robotoys.eu/casas-en-miniatura/tiendas-de-miniaturas/casa-en-miniatura-restaurante-tipsy-rolife-dg167-p209	0	1	0	8
tipsy restaurant rolife	https://de.robotoys.eu/miniaturhauser/miniaturladen/miniaturhaus-restaurant-tipsy-rolife-dg167-p209	0	1	0	9
tipsy restaurant rolife	https://es.robotoys.eu/casas-en-miniatura/tiendas-de-miniaturas/casa-en-miniatura-restaurante-tipsy-rolife-dg167-p209	0	8	0	8.88
tipsy restaurant rolife	https://it.robotoys.eu/case-in-miniatura/negozi-in-miniatura/casa-in-miniatura-ristorante-tipsy-rolife-dg167-p209	0	2	0	4.5
tipsy restaurant rolife	https://nl.robotoys.eu/miniatuur-huizen/miniatuur-winkels/miniatuurhuis-restaurant-tipsy-rolife-dg167-p209	0	5	0	5.6
tipsy restaurant rolife	https://pl.robotoys.eu/miniaturowe-domki/sklepy-z-miniaturami/domek-w-miniaturze-restauracja-tipsy-rolife-dg167-p209	0	1	0	2
tipsy restaurant rolife	https://ro.robotoys.eu/case-miniaturale/magazine-in-miniatura/casuta-in-miniatura-restaurant-tipsy-rolife-dg167-p209	0	1	0	7
tipsy restaurant rolife	https://robotoys.eu/miniature-houses/miniature-stores/miniature-house-restaurant-tipsy-rolife-dg167-p209	0	11	0	9.64
tipsy restaurant rolife	https://se.robotoys.eu/miniatyrhus/miniatyrbutiker/miniatyrhus-restaurang-tipsy-rolife-dg167-p209	0	1	0	10
tipy a triky do domacnosti	https://cz.robotoys.eu/blog/jak-vybrat-nejlepsi-dekoraci-do-domacnosti-tipy-a-triky	0	1	0	6
tipy na dárek	https://cz.robotoys.eu/blog/skvele-tipy-na-vanocni-darky-ktere-potesi-i-ty-nejnarocnejsi	0	2	0	23
tipy na vánoční dárek	https://cz.robotoys.eu/blog/skvele-tipy-na-vanocni-darky-ktere-potesi-i-ty-nejnarocnejsi	0	3	0	11.33
titanic bouwpakket hout	https://nl.robotoys.eu/houten-3d-puzzel/voertuigen/houten-3d-puzzel-cruiseschip-little-story-e026-p229	0	1	0	1
tiwer bridge	https://nl.robotoys.eu/blog/het-verhaal-van-de-beroemde-tower-bridge-hoe-je-londen-bij-je-thuis-brengt	0	1	0	12
to czy to	https://pl.robotoys.eu/drewniane-puzzle-3d/pojazdy/drewniane-puzzle-3d-klasyczny-tramwaj-miejski-rokr-lk801-p88	0	1	0	12
to czy to	https://pl.robotoys.eu/drewniane-puzzle-3d/pojazdy/zabytkowy-tramwaj-rolife-tg505-p40	0	1	0	3
to i to	https://pl.robotoys.eu/miniaturowe-domki/kacik-ksiazek/wkladka-na-polke-na-ksiazki-swiateczna-scena-wnetrza-rolife-tgc07-p140	0	1	0	9
to299	https://robotoys.eu/wooden-3d-puzzle-200-to-299-pcs	0	2	0	19.5
tocadiscos de madera	https://es.robotoys.eu/rompecabezas-3d-de-madera/cajas-de-musica/tocadiscos-electrico-rokr-lkb01d-p68	0	2	0	1
tocadiscos madera	https://es.robotoys.eu/rompecabezas-3d-de-madera/cajas-de-musica/tocadiscos-electrico-rokr-lkb01d-p68	0	6	0	16.5
toer bridge	https://pt.robotoys.eu/blogue/a-historia-da-famosa-tower-bridge-como-levar-londres-para-a-sua-casa	0	1	0	30
tommy gun 3d	https://pl.robotoys.eu/drewniane-puzzle-3d/bronie/thompson-rokr-lqb01-p74	0	1	0	8
tommy gun wood	https://pl.robotoys.eu/drewniane-puzzle-3d/bronie/thompson-rokr-lqb01-p74	0	1	0	59
tommy gun zabawka	https://pl.robotoys.eu/drewniane-puzzle-3d/bronie/thompson-rokr-lqb01-p74	0	6	0	3.17
tool puzzle	https://robotoys.eu/blog/10-tools-you-need-when-assembling-a-wooden-3d-puzzle	0	1	0	17
tools puzzle	https://robotoys.eu/blog/10-tools-you-need-when-assembling-a-wooden-3d-puzzle	0	1	0	1
top 1	https://cz.robotoys.eu/drevene-3d-puzzle/vesmir/svitici-globus-rokr-st003-p3	0	1	0	2
top 10 beste cadeaus voor vrouwen	https://nl.robotoys.eu/blog/7-onweerstaanbare-cadeau-ideeen-voor-vrouwen	0	11	0	66.73
top 10 cadeau voor vrouwen	https://nl.robotoys.eu/blog/7-onweerstaanbare-cadeau-ideeen-voor-vrouwen	0	7	0	70.14
top 10 cadeaus voor vrouwen	https://nl.robotoys.eu/blog/7-onweerstaanbare-cadeau-ideeen-voor-vrouwen	0	54	0	80.94
top 10 cadeaus vrouwen	https://nl.robotoys.eu/blog/7-onweerstaanbare-cadeau-ideeen-voor-vrouwen	0	11	0	71.64
top 10 vrouwen cadeaus	https://nl.robotoys.eu/blog/7-onweerstaanbare-cadeau-ideeen-voor-vrouwen	0	6	0	68
torneti	https://se.robotoys.eu/3d-pussel-i-tra/arkitektur/tra-3d-pussel-lutande-tornet-i-pisa-little-story-e009-p114	0	2	0	40.5
tornja	https://hr.robotoys.eu/drvena-3d-slagalica/arhitektura/model-eiffelovog-tornja-rolife-tg501-p17	0	1	0	1
torre	https://pt.robotoys.eu/blogue/a-historia-da-famosa-tower-bridge-como-levar-londres-para-a-sua-casa	0	1	0	2
torre bridge londres	https://es.robotoys.eu/blog/the-story-of-the-famous-tower-bridge-how-to-bring-london-to-your-home	0	1	0	6
torre de pisa 3d	https://pt.robotoys.eu/quebra-cabeca-3d-de-madeira/arquitetura/quebra-cabeca-3d-de-madeira-torre-inclinada-de-pisa-little-story-e009-p114	0	1	0	2
torre de pisa maqueta	https://es.robotoys.eu/rompecabezas-3d-de-madera/arquitectura/maqueta-de-la-torre-inclinada-de-pisa-rolife-tg304-p37	0	1	0	16
torre eiffel de madera	https://es.robotoys.eu/rompecabezas-3d-de-madera/arquitectura/torre-eiffel-iluminada-rolife-tgl01-p73	0	4	0	4.25
torre eiffel disegno 3d	https://it.robotoys.eu/puzzle-3d-in-legno/architettura/modello-della-torre-eiffel-rolife-tg501-p17	0	1	0	5
torre eiffel en madera	https://es.robotoys.eu/rompecabezas-3d-de-madera/arquitectura/torre-eiffel-iluminada-rolife-tgl01-p73	0	1	0	5
torre eiffel madera	https://es.robotoys.eu/rompecabezas-3d-de-madera/arquitectura/torre-eiffel-iluminada-rolife-tgl01-p73	0	6	0	3
torre eiffel mdf	https://es.robotoys.eu/rompecabezas-3d-de-madera/arquitectura/maqueta-de-la-torre-eiffel-rolife-tg501-p17	0	1	0	1
torre eiffel mdf	https://es.robotoys.eu/rompecabezas-3d-de-madera/arquitectura/torre-eiffel-iluminada-rolife-tgl01-p73	0	1	0	1
torre eiffel puzzle	https://it.robotoys.eu/puzzle-3d-in-legno/architettura/modello-della-torre-eiffel-rolife-tg501-p17	0	1	0	15
torre eiffel puzzle 3d	https://it.robotoys.eu/puzzle-3d-in-legno/architettura/modello-della-torre-eiffel-rolife-tg501-p17	0	12	0	10.83
torre pisa maqueta	https://es.robotoys.eu/rompecabezas-3d-de-madera/arquitectura/maqueta-de-la-torre-inclinada-de-pisa-rolife-tg304-p37	0	1	0	1
tortois tank	https://pl.robotoys.eu/drewniane-puzzle-3d/pojazdy/drewniana-ukladanka-3d-tank-tortoise-little-story-wot08-p180	0	2	0	12
tortoise ?	https://robotoys.eu/wooden-3d-puzzle/vehicles/wooden-3d-puzzle-tank-tortoise-little-story-wot08-p180	0	1	0	3
tortoise char	https://fr.robotoys.eu/casse-tete-3d-en-bois/vehicules/puzzle-3d-en-bois-tank-tortoise-little-story-wot08-p180	0	2	0	3
tortoise czołg	https://pl.robotoys.eu/drewniane-puzzle-3d/pojazdy/drewniana-ukladanka-3d-tank-tortoise-little-story-wot08-p180	0	2	0	6.5
tortoise little	https://fr.robotoys.eu/casse-tete-3d-en-bois/vehicules/puzzle-3d-en-bois-tank-tortoise-little-story-wot08-p180	0	1	0	1
tortoise tank	https://pl.robotoys.eu/drewniane-puzzle-3d/pojazdy/drewniana-ukladanka-3d-tank-tortoise-little-story-wot08-p180	0	124	0	15.51
toune disque	https://fr.robotoys.eu/casse-tete-3d-en-bois/boites-a-musique/tourne-disque-electrique-rokr-lkb01d-p68	0	1	0	22
tourne dique	https://fr.robotoys.eu/casse-tete-3d-en-bois/boites-a-musique/tourne-disque-electrique-rokr-lkb01d-p68	0	1	0	22
tourne disc	https://fr.robotoys.eu/casse-tete-3d-en-bois/boites-a-musique/tourne-disque-electrique-rokr-lkb01d-p68	0	7	0	21.43
tourne disque	https://fr.robotoys.eu/casse-tete-3d-en-bois/boites-a-musique/tourne-disque-electrique-rokr-lkb01d-p68	0	69	0	30.29
tourne disque bois	https://fr.robotoys.eu/casse-tete-3d-en-bois/boites-a-musique/tourne-disque-electrique-rokr-lkb01d-p68	0	7	0	16
tourne disque en bois	https://fr.robotoys.eu/casse-tete-3d-en-bois/boites-a-musique/tourne-disque-electrique-rokr-lkb01d-p68	0	1	0	1
tower bridge	https://cz.robotoys.eu/blog/the-story-of-the-famous-tower-bridge-how-to-bring-london-to-your-home	0	33	0	17.85
tower bridge	https://dk.robotoys.eu/blog/historien-om-den-beromte-tower-bridge-sadan-bringer-du-london-til-dit-hjem	0	1	0	10
tower bridge	https://fr.robotoys.eu/blog/lhistoire-du-celebre-tower-bridge-comment-amener-londres-chez-vous	0	13	0	27.62
tower bridge	https://nl.robotoys.eu/blog/het-verhaal-van-de-beroemde-tower-bridge-hoe-je-londen-bij-je-thuis-brengt	0	13	0	10.85
tower bridge	https://pl.robotoys.eu/blog/the-story-of-the-famous-tower-bridge-how-to-bring-london-to-your-home	0	59	0	11.76
tower bridge	https://pt.robotoys.eu/blogue/a-historia-da-famosa-tower-bridge-como-levar-londres-para-a-sua-casa	0	11	0	25.82
tower bridge 1894	https://de.robotoys.eu/bloggen/die-geschichte-der-beruhmten-tower-bridge-wie-sie-london-zu-ihnen-nach-hause-holen	0	3	0	29
tower bridge 3d	https://cz.robotoys.eu/drevene-3d-puzzle/architektura/model-tower-bridge-s-led-osvetlenim-rolife-tg412-p19	0	1	0	3
tower bridge 3d	https://pl.robotoys.eu/drewniane-puzzle-3d/architektura/model-tower-bridge-z-oswietleniem-led-rolife-tg412-p19	0	1	0	1
tower bridge 3d puzzle	https://cz.robotoys.eu/drevene-3d-puzzle/architektura/model-tower-bridge-s-led-osvetlenim-rolife-tg412-p19	0	2	0	3.5
tower bridge 3d puzzle	https://de.robotoys.eu/3d-puzzle-aus-holz/die-architektur/tower-bridge-modell-mit-led-beleuchtung-rolife-tg412-p19	0	1	0	1
tower bridge 3d puzzle	https://it.robotoys.eu/puzzle-3d-in-legno/architettura/modello-tower-bridge-con-illuminazione-led-rolife-tg412-p19	0	1	0	8
tower bridge 3d puzzle	https://robotoys.eu/wooden-3d-puzzle/architecture/tower-bridge-model-with-led-lighting-rolife-tg412-p19	0	1	0	1
tower bridge a londres	https://pt.robotoys.eu/blogue/a-historia-da-famosa-tower-bridge-como-levar-londres-para-a-sua-casa	0	1	0	28
tower bridge altura	https://es.robotoys.eu/blog/the-story-of-the-famous-tower-bridge-how-to-bring-london-to-your-home	0	4	0	9
tower bridge altura	https://pt.robotoys.eu/blogue/a-historia-da-famosa-tower-bridge-como-levar-londres-para-a-sua-casa	0	2	0	10
tower bridge annee construction	https://fr.robotoys.eu/blog/lhistoire-du-celebre-tower-bridge-comment-amener-londres-chez-vous	0	7	0	8.71
tower bridge anno di costruzione	https://it.robotoys.eu/blog/the-story-of-the-famous-tower-bridge-how-to-bring-london-to-your-home	0	15	0	11.33
tower bridge bau	https://de.robotoys.eu/bloggen/die-geschichte-der-beruhmten-tower-bridge-wie-sie-london-zu-ihnen-nach-hause-holen	0	19	0	9.21
tower bridge baujahr	https://de.robotoys.eu/bloggen/die-geschichte-der-beruhmten-tower-bridge-wie-sie-london-zu-ihnen-nach-hause-holen	0	2	0	23
tower bridge besonderheiten	https://de.robotoys.eu/bloggen/die-geschichte-der-beruhmten-tower-bridge-wie-sie-london-zu-ihnen-nach-hause-holen	0	2	0	37.5
tower bridge betekenis	https://nl.robotoys.eu/blog/het-verhaal-van-de-beroemde-tower-bridge-hoe-je-londen-bij-je-thuis-brengt	0	1	0	11
tower bridge black and white	https://cz.robotoys.eu/blog/the-story-of-the-famous-tower-bridge-how-to-bring-london-to-your-home	0	1	0	1
tower bridge blue	https://dk.robotoys.eu/blog/historien-om-den-beromte-tower-bridge-sadan-bringer-du-london-til-dit-hjem	0	1	0	6
tower bridge bridge	https://pl.robotoys.eu/blog/the-story-of-the-famous-tower-bridge-how-to-bring-london-to-your-home	0	2	0	20
tower bridge ciekawostki	https://pl.robotoys.eu/blog/the-story-of-the-famous-tower-bridge-how-to-bring-london-to-your-home	0	10	0	12.2
tower bridge co to	https://pl.robotoys.eu/blog/the-story-of-the-famous-tower-bridge-how-to-bring-london-to-your-home	0	8	0	9.88
tower bridge colors	https://robotoys.eu/blog/the-story-of-the-famous-tower-bridge-how-to-bring-london-to-your-home	0	2	0	8
tower bridge construction	https://fr.robotoys.eu/blog/lhistoire-du-celebre-tower-bridge-comment-amener-londres-chez-vous	0	38	0	9.24
tower bridge construction date	https://fr.robotoys.eu/blog/lhistoire-du-celebre-tower-bridge-comment-amener-londres-chez-vous	0	4	0	5.5
tower bridge costruzione	https://it.robotoys.eu/blog/the-story-of-the-famous-tower-bridge-how-to-bring-london-to-your-home	0	3	0	10.67
tower bridge couleur	https://fr.robotoys.eu/blog/lhistoire-du-celebre-tower-bridge-comment-amener-londres-chez-vous	0	96	0	4.71
tower bridge curiosidades	https://pt.robotoys.eu/blogue/a-historia-da-famosa-tower-bridge-como-levar-londres-para-a-sua-casa	0	5	0	8.8
tower bridge curiosità	https://it.robotoys.eu/blog/the-story-of-the-famous-tower-bridge-how-to-bring-london-to-your-home	0	4	0	30.25
tower bridge date	https://fr.robotoys.eu/blog/lhistoire-du-celebre-tower-bridge-comment-amener-londres-chez-vous	0	9	0	10.44
tower bridge date de construction	https://fr.robotoys.eu/blog/lhistoire-du-celebre-tower-bridge-comment-amener-londres-chez-vous	0	59	0	7.98
tower bridge desenho	https://pt.robotoys.eu/blogue/a-historia-da-famosa-tower-bridge-como-levar-londres-para-a-sua-casa	0	5	0	1
tower bridge en francais	https://fr.robotoys.eu/blog/lhistoire-du-celebre-tower-bridge-comment-amener-londres-chez-vous	0	1	0	10
tower bridge fakta	https://dk.robotoys.eu/blog/historien-om-den-beromte-tower-bridge-sadan-bringer-du-london-til-dit-hjem	0	13	0	9.38
tower bridge fakta	https://se.robotoys.eu/blogg/the-story-of-the-famous-tower-bridge-how-to-bring-london-to-your-home	0	2	0	14.5
tower bridge fakten	https://de.robotoys.eu/bloggen/die-geschichte-der-beruhmten-tower-bridge-wie-sie-london-zu-ihnen-nach-hause-holen	0	2	0	45
tower bridge früher	https://de.robotoys.eu/bloggen/die-geschichte-der-beruhmten-tower-bridge-wie-sie-london-zu-ihnen-nach-hause-holen	0	1	0	11
tower bridge geschichte	https://de.robotoys.eu/bloggen/die-geschichte-der-beruhmten-tower-bridge-wie-sie-london-zu-ihnen-nach-hause-holen	0	11	0	10.45
tower bridge geschiedenis	https://nl.robotoys.eu/blog/het-verhaal-van-de-beroemde-tower-bridge-hoe-je-londen-bij-je-thuis-brengt	0	14	0	10.07
tower bridge historia	https://es.robotoys.eu/blog/the-story-of-the-famous-tower-bridge-how-to-bring-london-to-your-home	0	70	0	8.26
tower bridge historia	https://pl.robotoys.eu/blog/the-story-of-the-famous-tower-bridge-how-to-bring-london-to-your-home	0	20	0	6.65
tower bridge historia	https://pt.robotoys.eu/blogue/a-historia-da-famosa-tower-bridge-como-levar-londres-para-a-sua-casa	0	11	0	7.36
tower bridge historie	https://cz.robotoys.eu/blog/the-story-of-the-famous-tower-bridge-how-to-bring-london-to-your-home	0	5	0	7.2
tower bridge historie	https://fr.robotoys.eu/blog/lhistoire-du-celebre-tower-bridge-comment-amener-londres-chez-vous	0	1	0	7
tower bridge historie	https://nl.robotoys.eu/blog/het-verhaal-van-de-beroemde-tower-bridge-hoe-je-londen-bij-je-thuis-brengt	0	1	0	9
tower bridge história	https://es.robotoys.eu/blog/the-story-of-the-famous-tower-bridge-how-to-bring-london-to-your-home	0	1	0	54
tower bridge iluminado	https://es.robotoys.eu/blog/the-story-of-the-famous-tower-bridge-how-to-bring-london-to-your-home	0	1	0	1
tower bridge info	https://fr.robotoys.eu/blog/lhistoire-du-celebre-tower-bridge-comment-amener-londres-chez-vous	0	2	0	16
tower bridge informationen	https://de.robotoys.eu/bloggen/die-geschichte-der-beruhmten-tower-bridge-wie-sie-london-zu-ihnen-nach-hause-holen	0	3	0	49.33
tower bridge informationen	https://fr.robotoys.eu/blog/lhistoire-du-celebre-tower-bridge-comment-amener-londres-chez-vous	0	1	0	22
tower bridge infos	https://de.robotoys.eu/bloggen/die-geschichte-der-beruhmten-tower-bridge-wie-sie-london-zu-ihnen-nach-hause-holen	0	2	0	47
tower bridge kiedy powstał	https://pl.robotoys.eu/blog/the-story-of-the-famous-tower-bridge-how-to-bring-london-to-your-home	0	11	0	6.64
tower bridge london	https://ro.robotoys.eu/blog/povestea-celebrului-tower-bridge-cum-sa-aduci-londra-acasa	0	1	0	8
tower bridge london historia	https://es.robotoys.eu/blog/the-story-of-the-famous-tower-bridge-how-to-bring-london-to-your-home	0	86	0	7.74
tower bridge london historia	https://pl.robotoys.eu/blog/the-story-of-the-famous-tower-bridge-how-to-bring-london-to-your-home	0	1	0	11
tower bridge london historia	https://pt.robotoys.eu/blogue/a-historia-da-famosa-tower-bridge-como-levar-londres-para-a-sua-casa	0	1	0	12
tower bridge london storia	https://it.robotoys.eu/blog/the-story-of-the-famous-tower-bridge-how-to-bring-london-to-your-home	0	3	0	8.33
tower bridge londra	https://ro.robotoys.eu/blog/povestea-celebrului-tower-bridge-cum-sa-aduci-londra-acasa	0	9	0	31.56
tower bridge londres	https://fr.robotoys.eu/blog/lhistoire-du-celebre-tower-bridge-comment-amener-londres-chez-vous	0	1	0	21
tower bridge londres	https://pt.robotoys.eu/blogue/a-historia-da-famosa-tower-bridge-como-levar-londres-para-a-sua-casa	0	4	0	16.5
tower bridge londres histoire	https://fr.robotoys.eu/blog/lhistoire-du-celebre-tower-bridge-comment-amener-londres-chez-vous	0	37	0	7.14
tower bridge londyn	https://cz.robotoys.eu/blog/the-story-of-the-famous-tower-bridge-how-to-bring-london-to-your-home	0	1	0	14
tower bridge londyn	https://pl.robotoys.eu/blog/the-story-of-the-famous-tower-bridge-how-to-bring-london-to-your-home	0	2	0	7.5
tower bridge londyn wielka brytania	https://pl.robotoys.eu/blog/the-story-of-the-famous-tower-bridge-how-to-bring-london-to-your-home	0	1	0	31
tower bridge miniature	https://nl.robotoys.eu/houten-3d-puzzel/architectuur/tower-bridge-model-met-led-verlichting-rolife-tg412-p19	0	1	0	7
tower bridge of london	https://pl.robotoys.eu/blog/the-story-of-the-famous-tower-bridge-how-to-bring-london-to-your-home	0	3	0	22
tower bridge of london history	https://robotoys.eu/blog/the-story-of-the-famous-tower-bridge-how-to-bring-london-to-your-home	0	1	0	31
tower bridge opis	https://pl.robotoys.eu/blog/the-story-of-the-famous-tower-bridge-how-to-bring-london-to-your-home	0	7	0	9
tower bridge ouvert	https://fr.robotoys.eu/blog/lhistoire-du-celebre-tower-bridge-comment-amener-londres-chez-vous	0	1	0	1
tower bridge puzzle	https://de.robotoys.eu/3d-puzzle-aus-holz/die-architektur/tower-bridge-modell-mit-led-beleuchtung-rolife-tg412-p19	0	1	0	24
tower bridge puzzle	https://pl.robotoys.eu/drewniane-puzzle-3d/architektura/model-tower-bridge-z-oswietleniem-led-rolife-tg412-p19	0	1	0	8
tower bridge puzzle 3d	https://de.robotoys.eu/3d-puzzle-aus-holz/die-architektur/tower-bridge-modell-mit-led-beleuchtung-rolife-tg412-p19	0	1	0	11
tower bridge puzzle 3d	https://es.robotoys.eu/rompecabezas-3d-de-madera/arquitectura/modelo-tower-bridge-con-iluminacion-led-rolife-tg412-p19	0	1	0	5
tower bridge puzzle 3d	https://pl.robotoys.eu/drewniane-puzzle-3d/architektura/model-tower-bridge-z-oswietleniem-led-rolife-tg412-p19	0	3	0	10.33
tower bridge significado	https://es.robotoys.eu/blog/the-story-of-the-famous-tower-bridge-how-to-bring-london-to-your-home	0	3	0	9.33
tower bridge significado	https://pt.robotoys.eu/blogue/a-historia-da-famosa-tower-bridge-como-levar-londres-para-a-sua-casa	0	4	0	9.5
tower bridge steckbrief	https://de.robotoys.eu/bloggen/die-geschichte-der-beruhmten-tower-bridge-wie-sie-london-zu-ihnen-nach-hause-holen	0	1	0	39
tower bridge storia	https://it.robotoys.eu/blog/the-story-of-the-famous-tower-bridge-how-to-bring-london-to-your-home	0	8	0	10.38
tower bridge story	https://de.robotoys.eu/bloggen/die-geschichte-der-beruhmten-tower-bridge-wie-sie-london-zu-ihnen-nach-hause-holen	0	1	0	9
tower bridge story	https://es.robotoys.eu/blog/the-story-of-the-famous-tower-bridge-how-to-bring-london-to-your-home	0	1	0	13
tower bridge story	https://fr.robotoys.eu/blog/lhistoire-du-celebre-tower-bridge-comment-amener-londres-chez-vous	0	1	0	9
tower bridge taille	https://fr.robotoys.eu/blog/lhistoire-du-celebre-tower-bridge-comment-amener-londres-chez-vous	0	1	0	10
tower bridge tower bridge	https://pl.robotoys.eu/blog/the-story-of-the-famous-tower-bridge-how-to-bring-london-to-your-home	0	2	0	18
tower bridge wikipédia	https://fr.robotoys.eu/blog/lhistoire-du-celebre-tower-bridge-comment-amener-londres-chez-vous	0	1	0	19
tower bridge zajímavosti	https://cz.robotoys.eu/blog/the-story-of-the-famous-tower-bridge-how-to-bring-london-to-your-home	0	2	0	11.5
tower brifge	https://nl.robotoys.eu/blog/het-verhaal-van-de-beroemde-tower-bridge-hoe-je-londen-bij-je-thuis-brengt	0	1	0	8
tower híd	https://hu.robotoys.eu/blog/the-story-of-the-famous-tower-bridge-how-to-bring-london-to-your-home	0	3	0	12.33
tower of bridge	https://pl.robotoys.eu/blog/the-story-of-the-famous-tower-bridge-how-to-bring-london-to-your-home	0	4	0	27.75
tower of london ciekawostki	https://pl.robotoys.eu/blog/the-story-of-the-famous-tower-bridge-how-to-bring-london-to-your-home	0	1	0	2
toy 3d	https://robotoys.eu/wooden-3d-puzzle/architecture/wooden-mechanical-3d-puzzle-marble-track-london-rokr-egb01-p264	0	1	0	34
toy 3d	https://robotoys.eu/wooden-3d-puzzle/vehicles/wooden-3d-puzzle-army-jeep-little-story-e014-p170	0	1	0	24
toy story t34	https://pl.robotoys.eu/drewniane-puzzle-3d/pojazdy/drewniane-puzzle-3d-czolg-t-34-85-little-story-wot02-p135	0	1	0	2
toy thompson	https://robotoys.eu/wooden-3d-puzzle/weapons/thompson-rokr-lqb01-p74	0	1	0	11
toys designed	https://robotoys.eu/wooden-3d-puzzle/weapons/wooden-mechanical-3d-puzzle-machine-gun-with-rotating-barrel-rokr-lqa01-p218	0	1	0	24
tracello	https://se.robotoys.eu/3d-pussel-i-tra/musikinstrument/3d-pussel-i-tra-cello-rolife-tg411-p85	0	1	0	4
train puzzle 3d	https://robotoys.eu/wooden-3d-puzzle/vehicles/wooden-3d-puzzle-locomotive-little-story-e012-p124	0	1	0	11
tramcar	https://it.robotoys.eu/puzzle-3d-in-legno/veicoli/tram-storico-rolife-tg505-p40	0	2	0	5.5
trampoli di legno	https://it.robotoys.eu/puzzle-3d-in-legno/veicoli/tram-storico-rolife-tg505-p40	0	2	0	55
trampoli in legno	https://it.robotoys.eu/puzzle-3d-in-legno/veicoli/tram-storico-rolife-tg505-p40	0	2	0	59
trampoli legno	https://it.robotoys.eu/puzzle-3d-in-legno/veicoli/tram-storico-rolife-tg505-p40	0	2	0	55.5
tramvaj	https://robotoys.eu/wooden-3d-puzzle/vehicles/wooden-3d-puzzle-classic-city-tram-rokr-lk801-p88	0	1	0	1
tredimensionel puslespil	https://dk.robotoys.eu/trae-3d-puslespil/arkitektur/trae-3d-puslespil-victory-arch-little-story-e011-p123	0	8	0	5.88
tredimensionellt pussel	https://se.robotoys.eu/blogg/3d-pussel-i-tra-hur-du-valjer-ditt-forsta-byggset-och-vad-du-ska-forbereda-dig-for	0	1	0	2
trex puzzle	https://fr.robotoys.eu/casse-tete-3d-en-bois/les-animaux/puzzle-3d-en-bois-t-rex-little-story-d006-p115	0	1	0	1
trex puzzle	https://pl.robotoys.eu/drewniane-puzzle-3d/zwierzeta/drewniane-puzzle-3d-t-rex-little-story-d006-p115	0	1	0	3
trgovina z lesenimi igračami	https://si.robotoys.eu/uporabne-povezave/o-podjetju	0	1	0	29
trgovina za mlađu djecu	https://hr.robotoys.eu/blog/idealan-poklon-za-djecu-koji-razvija-kreativnost-i-strpljenje	0	3	0	26
triomfboog puzzel	https://nl.robotoys.eu/houten-3d-puzzel/architectuur/houten-3d-puzzel-overwinningsboog-little-story-e011-p123	0	1	0	5
trylleskole	https://dk.robotoys.eu/miniaturehuse-hoj-svaerhedsgrad	0	1	0	49
trylleskole	https://dk.robotoys.eu/miniaturehuse/miniature-vaerelser/miniaturehus-trylleskole-rolife-dg166-p163	0	5	0	14.2
trylleskole	https://dk.robotoys.eu/puslespil-konkurrence/trylleskole-rolife-dg166-163	0	1	0	36
trä pussel	https://se.robotoys.eu/3d-pussel-i-tra	0	3	0	15
trädhushotell småland	https://se.robotoys.eu/3d-pussel-i-tra/arkitektur/trapussel-i-3d-sakura-tradhus-rolife-tgs04-p201	0	1	0	81
träna finmotorik	https://se.robotoys.eu/blogg/top-5-aktiviteter-som-stodjer-utvecklingen-av-motorik	0	3	0	51.67
träna finmotorik barn	https://se.robotoys.eu/blogg/top-5-aktiviteter-som-stodjer-utvecklingen-av-motorik	0	1	0	49
träpussel	https://se.robotoys.eu/3d-pussel-i-tra	0	22	0	23.59
träpussel 3d	https://se.robotoys.eu/3d-pussel-i-tra	0	18	0	4.89
träpussel for vuxna	https://se.robotoys.eu/3d-pussel-i-tra	0	1	0	2
träpussel lösning	https://se.robotoys.eu/blogg/fa-din-hjarna-i-rorelse-med-mekaniska-3d-pussel-i-tra	0	2	0	10.5
träpuzzel	https://se.robotoys.eu/3d-pussel-i-tra	0	1	0	33
træ byggesæt	https://dk.robotoys.eu/blog/lille-historie-3d-byggesaet-der-kombinerer-kreativitet-sjov-og-kvalitet	0	1	0	12
træ gevær	https://dk.robotoys.eu/trae-3d-puslespil/vaben/ak-47-rifle-rokr-lq901-p67	0	1	0	1
træ pistol	https://dk.robotoys.eu/trae-3d-puslespil/vaben/revolver-corsac-m60-rokr-lq401-p35	0	4	0	1
træ puslespil	https://dk.robotoys.eu/trae-3d-puslespil	0	36	0	21.81
træbyggesæt	https://dk.robotoys.eu/blog/lille-historie-3d-byggesaet-der-kombinerer-kreativitet-sjov-og-kvalitet	0	2	0	14.5
træpuslespil	https://dk.robotoys.eu/trae-3d-puslespil	0	3	0	29
tu as des image	https://fr.robotoys.eu/casse-tete-3d-en-bois/stem-lab/marble-night-city-rokr-lga01-p2	0	1	0	4
tulipan 3d	https://pl.robotoys.eu/drewniane-puzzle-3d/kwiaty/drewniana-ukladanka-3d-rozowy-tulipan-rowood-tw082-p161	0	1	0	1
tulipaner symbolik	https://dk.robotoys.eu/trae-3d-puslespil/blomster/trae-3d-puslespil-orange-tulipan-rowood-tw081-p145	0	1	0	12
tulipano in legno	https://it.robotoys.eu/puzzle-3d-in-legno/fiori/puzzle-3d-in-legno-tulipano-rosa-rowood-tw082-p161	0	1	0	4
tulpe bauen	https://de.robotoys.eu/3d-puzzle-aus-holz/blumen/holzpuzzle-3d-orange-tulpe-rowood-tw081-p145	0	2	0	11
tulupani	https://it.robotoys.eu/puzzle-3d-in-legno/fiori/puzzle-3d-in-legno-tulipano-rosa-rowood-tw082-p161	0	1	0	2
turistbus	https://dk.robotoys.eu/trae-3d-puslespil/koretojer/trae-3d-puslespil-london-turistbus-rolife-tgm02-p106	0	13	0	59.31
turistbus aarhus	https://dk.robotoys.eu/trae-3d-puslespil/koretojer/trae-3d-puslespil-london-turistbus-rolife-tgm02-p106	0	1	0	68
turistbus ikast	https://dk.robotoys.eu/trae-3d-puslespil/koretojer/trae-3d-puslespil-london-turistbus-rolife-tgm02-p106	0	1	0	63
turistbus midtjylland	https://dk.robotoys.eu/trae-3d-puslespil/koretojer/trae-3d-puslespil-london-turistbus-rolife-tgm02-p106	0	1	0	63
turistbus randers	https://dk.robotoys.eu/trae-3d-puslespil/koretojer/trae-3d-puslespil-london-turistbus-rolife-tgm02-p106	0	2	0	60.5
turntable puzzle	https://robotoys.eu/puzzle-competition/diva-turntable-rokr-amk82-267	0	1	0	15
tutorial na yt	https://pl.robotoys.eu/drewniane-puzzle-3d/kwiaty/drewniane-puzzle-3d-bukiet-kwiatow-rowood-tw01h-p100	0	1	0	16
tutorial para armarlo	https://es.robotoys.eu/rompecabezas-3d-de-madera/relojes-y-calendarios/reloj-buho-rokr-lk503-p6	0	1	0	3
tvaikonis	https://lv.robotoys.eu/koka-3d-puzle/transportlidzekli/koka-3d-puzle-airu-tvaikonis-river-princess-eco-wood-art-p159	0	1	0	23
tw011	https://bg.robotoys.eu/drven-3d-pzel/tsvetia/drven-3d-pzel-slnchogled-rowood-tw011-p113	0	1	0	7
tw011	https://bg.robotoys.eu/sastezanie-po-pazeli/slnchogled-rowood-tw011-113	0	1	0	6
tw011	https://nl.robotoys.eu/houten-3d-puzzel/bloemen/houten-3d-puzzel-zonnebloem-rowood-tw011-p113	0	1	0	20
tw011	https://robotoys.eu/wooden-3d-puzzle/flowers/wooden-3d-puzzle-sunflower-rowood-tw011-p113	0	11	0	11.73
tw041	https://robotoys.eu/wooden-3d-puzzle/flowers/wooden-3d-puzzle-pink-rose-rowood-tw041-p111	0	4	0	5.5
tw042	https://robotoys.eu/wooden-3d-puzzle/flowers/wooden-3d-puzzle-red-rose-rowood-tw042-p101	0	13	0	3.54
tw071	https://fr.robotoys.eu/casse-tete-3d-en-bois/fleurs/puzzle-3d-en-bois-lys-rose-rowood-tw071-p144	0	1	0	6
tw131	https://robotoys.eu/wooden-3d-puzzle/flowers/wooden-3d-puzzle-pink-dahlia-rowood-tw131-p252	0	1	0	5
typewriter wooden puzzle	https://robotoys.eu/wooden-3d-puzzle/stem-lab/wooden-mechanical-3d-puzzle-typewriter-eco-wood-art-p158	0	14	0	3.29
tyrannosaurus rex puzzle	https://es.robotoys.eu/rompecabezas-3d-de-madera/los-animales/puzzle-3d-de-madera-t-rex-little-story-d006-p115	0	1	0	3
tyrannosaurus rex puzzle	https://robotoys.eu/wooden-3d-puzzle/the-animals/wooden-3d-puzzle-t-rex-little-story-d006-p115	0	2	0	1.5
tökéletes valentin napi ajándék	https://hu.robotoys.eu/blog/5-legjobb-valentin-napi-ajandek-ami-mindenkinek-tetszeni-fog	0	10	0	18.5
udnyttelse af loftrum	https://dk.robotoys.eu/miniaturehuse/miniature-vaerelser/miniaturehus-doras-loftrum-rolife-dg12-p91	0	18	0	81.67
udnyttelse af loftrum pris	https://dk.robotoys.eu/miniaturehuse/miniature-vaerelser/miniaturehus-doras-loftrum-rolife-dg12-p91	0	19	0	69.68
uganke za možgane	https://si.robotoys.eu/blog/razgibajte-svoje-mozgane-s-3d-lesenimi-mehanskimi-ugankami	0	2	0	22.5
uhr puzzle	https://de.robotoys.eu/3d-puzzle-aus-holz/uhren-kalender	0	1	0	34
układ słoneczny 3d	https://pl.robotoys.eu/drewniane-puzzle-3d/wszechswiat/uklad-sloneczny-rokr-st001-p71	0	4	0	11.5
układanki 3d	https://pl.robotoys.eu/drewniane-puzzle-3d	0	1	0	4
układanki 3d	https://pl.robotoys.eu/drewniane-puzzle-3d-ponad-300-el	0	2	0	21.5
układanki z drewna	https://pl.robotoys.eu/marki/rolife	0	1	0	2
ulička do knihovny	https://cz.robotoys.eu/miniaturni-domecky/books-nook/vlozka-do-police-na-knihy-vinarska-ulicka-pod-sakurami-rolife-tgb11-p164	0	40	0	5.95
umetak za policu	https://hr.robotoys.eu/minijaturne-kuce/knjige-nook/umetak-za-police-romantic-venice-rolife-tgb08-p107	0	1	0	37
umetak za policu	https://hr.robotoys.eu/minijaturne-kuce/knjige-nook/umetak-za-policu-za-knjige-knjiznica-cuda-rolife-tgb16-p226	0	1	0	1
umetak za policu	https://hr.robotoys.eu/minijaturne-kuce/knjige-nook/umetak-za-policu-za-knjige-ulicni-prizor-rolife-tgb13-p256	0	13	0	6.77
umiejetnosci motoryczne	https://pl.robotoys.eu/blog/top-5-zajec-wspierajacych-rozwoj-umiejetnosci-motorycznych	0	2	0	12.5
umiejętności motoryczne	https://pl.robotoys.eu/blog/top-5-zajec-wspierajacych-rozwoj-umiejetnosci-motorycznych	0	6	0	11.33
un puzzle tridimensionale	https://it.robotoys.eu/puzzle-3d-in-legno/carillon/puzzle-meccanico-3d-in-legno-giostra-classica-rolife-amc01-p146	0	1	0	7
un puzzle tridimensionale	https://it.robotoys.eu/puzzle-3d-in-legno/carillon/ruota-panoramica-rolife-tgn01-p18	0	1	0	7
uniek cadeau vrouw	https://nl.robotoys.eu/blog/7-onweerstaanbare-cadeau-ideeen-voor-vrouwen	0	2	0	53.5
uniek kado vrouw	https://nl.robotoys.eu/blog/7-onweerstaanbare-cadeau-ideeen-voor-vrouwen	0	1	0	57
universe puzzle	https://robotoys.eu/wooden-3d-puzzle/the-universe	0	2	0	12
univerzální dárek pro muže	https://cz.robotoys.eu/blog/darek-pro-muze-ktery-uz-vsechno-ma-24-originalnich-tipu-ktere-ho-opravdu-prekvapi	0	1	0	34
ure i træ	https://dk.robotoys.eu/trae-3d-puslespil/ure-kalendere	0	1	0	47
uvolnění stresu	https://cz.robotoys.eu/blog/jak-se-zbavit-stresu-10-ucinnych-tipu	0	1	0	42
vad kostar	https://se.robotoys.eu/3d-pussel-i-tra/arkitektur/modell-av-eiffeltornet-rolife-tg501-p17	0	1	0	22
vad kostar	https://se.robotoys.eu/3d-pussel-i-tra/arkitektur/upplyst-eiffeltorn-rolife-tgl01-p73	0	1	0	16
vad är detta värt?	https://se.robotoys.eu/3d-pussel-i-tra/stem-lab/pinball-rokr-eg01-p43	0	1	0	2
valentin nap ajándék ötlet	https://hu.robotoys.eu/blog/5-legjobb-valentin-napi-ajandek-ami-mindenkinek-tetszeni-fog	0	1	0	36
valentin napi ajándék nőknek	https://hu.robotoys.eu/blog/5-legjobb-valentin-napi-ajandek-ami-mindenkinek-tetszeni-fog	0	3	0	8.67
valentin napi ajándék ötlet	https://hu.robotoys.eu/blog/5-legjobb-valentin-napi-ajandek-ami-mindenkinek-tetszeni-fog	0	1	0	46
valentin napi ajándék ötletek	https://hu.robotoys.eu/blog/5-legjobb-valentin-napi-ajandek-ami-mindenkinek-tetszeni-fog	0	3	0	36
valentin napi ajándékötletek	https://hu.robotoys.eu/blog/5-legjobb-valentin-napi-ajandek-ami-mindenkinek-tetszeni-fog	0	6	0	39
valentin napi kicsi ajándékok	https://hu.robotoys.eu/blog/5-legjobb-valentin-napi-ajandek-ami-mindenkinek-tetszeni-fog	0	29	0	13.62
valentino diena	https://lt.robotoys.eu/dienorastis/5-geriausios-valentino-dienos-dovanos-kurios-patiks-visiems	0	2	0	60
valentino diena dovanos	https://lt.robotoys.eu/dienorastis/5-geriausios-valentino-dienos-dovanos-kurios-patiks-visiems	0	1	0	17
valentino dienos dovanos	https://lt.robotoys.eu/dienorastis/5-geriausios-valentino-dienos-dovanos-kurios-patiks-visiems	0	7	0	53.43
valentinsdags gaver	https://dk.robotoys.eu/blog/5-bedste-valentinsdagsgaver-der-vil-glaede-alle	0	1	0	12
valentinsdagsgave	https://dk.robotoys.eu/blog/har-vi-fundet-den-perfekte-valentinsdagsgave	0	7	0	15.86
valentýn dárek	https://cz.robotoys.eu/blog/5-nejlepsich-darku-na-valentyna-ktere-potesi-kazdeho	0	5	0	10
valentīndienas dāvanas	https://lv.robotoys.eu/emuars/5-labakas-valentindienas-davanas-kas-iepriecinas-ikvienu	0	2	0	40
valeur	https://fr.robotoys.eu/les-maisons-miniatures-les-plus-vendues	0	1	0	2
valor	https://pt.robotoys.eu/quebra-cabeca-3d-de-madeira/instrumentos-musicais/modelo-de-guitarra-eletrica-rokr-tg605k-p33	0	1	0	20
valor	https://pt.robotoys.eu/quebra-cabeca-3d-de-madeira/os-animais/quebra-cabeca-3d-de-madeira-abelha-little-story-d001-p128	0	1	0	6
valor	https://pt.robotoys.eu/quebra-cabeca-3d-de-madeira/os-animais/quebra-cabeca-3d-de-madeira-coruja-little-story-d009-p132	0	1	0	1
valore	https://it.robotoys.eu/case-in-miniatura/camere-in-miniatura/la-serra-della-signora-cathy-rolife-dg104-p28	0	1	0	4
valore	https://it.robotoys.eu/puzzle-3d-in-legno/carillon/giostra-romantica-rokr-amk62-p77	0	3	0	2
valore	https://it.robotoys.eu/puzzle-3d-in-legno/gli-animali/puzzle-3d-in-legno-ape-little-story-d001-p128	0	1	0	6
valore	https://it.robotoys.eu/puzzle-3d-in-legno/gli-animali/puzzle-3d-in-legno-stegosaurus-little-story-d010-p118	0	1	0	15
valore	https://it.robotoys.eu/puzzle-3d-in-legno/stem-lab/puzzle-meccanico-3d-in-legno-gear-ball-challenge-rokr-egc01-p213	0	1	0	14
value	https://robotoys.eu/wooden-3d-puzzle/vehicles/wooden-mechanical-3d-puzzle-fire-truck-eco-wood-art-p208	0	1	0	22
vediamo	https://it.robotoys.eu/puzzle-3d-in-legno/veicoli/auto-depoca-rokr-mc801-p72	0	1	0	1
veliero modellino	https://it.robotoys.eu/puzzle-3d-in-legno/veicoli/puzzle-meccanico-3d-in-legno-barca-a-vela-cavalluccio-marino-rokr-mcb02-p212	0	1	0	3
venda em portugal	https://pt.robotoys.eu/marcas/rolife	0	1	0	3
venta de casas en miniatura hechas a mano	https://es.robotoys.eu/casas-en-miniatura/tiendas-de-miniaturas	0	1	0	21
venta de miniaturas	https://es.robotoys.eu/casas-en-miniatura/tiendas-de-miniaturas	0	3	0	15.67
venta de puzzles de madera al por mayor	https://es.robotoys.eu/rompecabezas-3d-de-madera-200-a-299-piezas	0	1	0	7
ventajas	https://es.robotoys.eu/blog/5-ventajas-de-los-bloques-de-construccion-creativos-para-el-desarrollo-de-la-motricidad-fina-y-la-concentracion	0	1	0	11
ventilation af loftrum	https://dk.robotoys.eu/miniaturehuse/miniature-vaerelser/miniaturehus-doras-loftrum-rolife-dg12-p91	0	1	0	97
ventilation loftrum	https://dk.robotoys.eu/miniaturehuse/miniature-vaerelser/miniaturehus-doras-loftrum-rolife-dg12-p91	0	1	0	99
verbesserung der motorischen funktionen	https://de.robotoys.eu/bloggen/top-5-aktivitaten-die-die-entwicklung-motorischer-fahigkeiten-unterstutzen	0	5	0	61.4
verjaardagcadeaus	https://nl.robotoys.eu/cadeau-ideeen/verjaardag-cadeaus	0	47	0	44.49
verlichte eiffeltoren	https://nl.robotoys.eu/houten-3d-puzzel/architectuur/verlichte-eiffeltoren-rolife-tgl01-p73	0	1	0	6
very expensive gift	https://robotoys.eu/the-most-expensive-gifts-for-women-and-girls	0	1	0	11
vezbe za razvoj motorike kod dece	https://hr.robotoys.eu/blog/top-5-aktivnosti-koje-podupiru-razvoj-motorickih-sposobnosti	0	1	0	9
vianocny	https://robotoys.eu/miniature-houses/books-nook/bookshelf-insert-christmas-street-rolife-tgc06-p139	0	1	0	1
video	https://hu.robotoys.eu/miniatur-hazak/konyvek-kucko/konyvespolc-betet-karacsonyi-belso-jelenet-rolife-tgc07-p140	0	1	0	19
video anleitung	https://de.robotoys.eu/3d-puzzle-aus-holz/blumen/3d-puzzle-aus-holz-rote-kamelie-rowood-tw031-p102	0	1	0	2
video de montagem	https://pt.robotoys.eu/quebra-cabeca-3d-de-madeira/veiculos/quebra-cabeca-mecanico-3d-de-madeira-trator-eco-wood-art-p233	0	1	0	8
view all games & puzzles rokr	https://robotoys.eu/brands/rokr	0	40	0	34.4
vikšrinės technikos važiuoklės dalys	https://lt.robotoys.eu/medine-3d-delione/transporto-priemones/medinis-3d-deliones-zaidimas-savaeige-vejapjove-cs-150c-eco-wood-art-p234	0	1	0	48
vilka utomhusleksaker är bäst för att stimulera barns motoriska färdigheter?	https://se.robotoys.eu/blogg/top-5-aktiviteter-som-stodjer-utvecklingen-av-motorik	0	6	0	6.67
vinalle	https://dk.robotoys.eu/miniaturehuse/boger-nook/bogreolindsats-vinalle-under-sakuratraeerne-rolife-tgb11-p164	0	4	0	78.25
vino sakura	https://es.robotoys.eu/casas-en-miniatura/rincon-de-libros/inserto-de-estanteria-callejon-del-vino-bajo-los-sakura-rolife-tgb11-p164	0	1	0	14
vinted	https://cz.robotoys.eu/drevene-3d-puzzle/hodiny-kalendare/romanticke-nastenne-hodiny-rokr-lc701-p56	0	1	0	17
violin capriccio	https://it.robotoys.eu/puzzle-3d-in-legno/strumenti-musicali/violino-capriccio-rokr-tg604k-p66	0	2	0	1
violin capriccio	https://robotoys.eu/wooden-3d-puzzle/musical-instruments/violin-capriccio-rokr-tg604k-p66	0	1	0	3
violoncelo de brinquedo	https://pt.robotoys.eu/quebra-cabeca-3d-de-madeira/instrumentos-musicais/quebra-cabeca-3d-de-madeira-violoncelo-rolife-tg411-p85	0	1	0	1
virágkosár	https://hu.robotoys.eu/fabol-keszult-3d-puzzle/viragok/fa-3d-kirako-fa-viragkosar-rowood-tw03h-p210	0	2	0	43
virágkosár küldés	https://hu.robotoys.eu/fabol-keszult-3d-puzzle/viragok/fa-3d-kirako-fa-viragkosar-rowood-tw03h-p210	0	4	0	41.75
virágos puzzle	https://hu.robotoys.eu/fabol-keszult-3d-puzzle/viragok	0	5	0	13.6
visa mig	https://se.robotoys.eu/3d-pussel-i-tra/klockor-kalendrar/klockuggla-rokr-lk503-p6	0	1	0	21
vitascope	https://dk.robotoys.eu/trae-3d-puslespil/stem-lab/filmprojektor-vitascope-rokr-lk601-p5	0	4	0	2.5
vitascope	https://es.robotoys.eu/rompecabezas-3d-de-madera/stem-lab/proyector-de-cine-vitascope-rokr-lk601-p5	0	2	0	7
vitascope	https://fr.robotoys.eu/casse-tete-3d-en-bois/stem-lab/projecteur-de-cinema-vitascope-rokr-lk601-p5	0	2	0	16
vitascope	https://hu.robotoys.eu/fabol-keszult-3d-puzzle/stem-lab/filmvetito-vitascope-rokr-lk601-p5	0	2	0	1.5
vitascope	https://it.robotoys.eu/puzzle-3d-in-legno/stem-lab/proiettore-cinematografico-vitascope-rokr-lk601-p5	0	28	0	4.11
vitascope	https://pl.robotoys.eu/drewniane-puzzle-3d/stem-lab/projektor-filmowy-vitascope-rokr-lk601-p5	0	4	0	1.75
vitascope	https://pt.robotoys.eu/quebra-cabeca-3d-de-madeira/stem-lab/projetor-de-filme-vitascope-rokr-lk601-p5	0	2	0	1.5
vitascope	https://robotoys.eu/wooden-3d-puzzle/stem-lab/film-projector-vitascope-rokr-lk601-p5	0	4	0	23
vitascope lk601	https://fr.robotoys.eu/casse-tete-3d-en-bois/stem-lab/projecteur-de-cinema-vitascope-rokr-lk601-p5	0	1	0	6
vitascope lk601	https://nl.robotoys.eu/houten-3d-puzzel/stem-lab/filmprojector-vitascope-rokr-lk601-p5	0	24	0	11.38
vitascope lk601	https://robotoys.eu/wooden-3d-puzzle/stem-lab/film-projector-vitascope-rokr-lk601-p5	0	1	0	10
vitascope lk601	https://si.robotoys.eu/tekmovanje-v-sestavljanju-sestavljank/filmski-projektor-vitascope-rokr-lk601-5	0	1	0	35
vitascope rokr	https://es.robotoys.eu/rompecabezas-3d-de-madera/stem-lab/proyector-de-cine-vitascope-rokr-lk601-p5	0	5	0	6.8
vitascope rokr	https://fr.robotoys.eu/casse-tete-3d-en-bois/stem-lab/projecteur-de-cinema-vitascope-rokr-lk601-p5	0	2	0	8
vitascope rokr	https://it.robotoys.eu/puzzle-3d-in-legno/stem-lab/proiettore-cinematografico-vitascope-rokr-lk601-p5	0	2	0	3
voglio comprarlo	https://it.robotoys.eu/case-in-miniatura/negozi-in-miniatura/caffe-a-simone-rolife-dg109-p64	0	1	0	16
voiture 3d puzzle	https://fr.robotoys.eu/casse-tete-3d-en-bois/vehicules/puzzle-3d-mecanique-en-bois-voiture-de-course-rouge-eco-wood-art-p152	0	16	0	3.25
voiture en 3d	https://fr.robotoys.eu/casse-tete-3d-en-bois/vehicules/puzzle-3d-mecanique-en-bois-voiture-de-course-rouge-eco-wood-art-p152	0	8	0	19.25
voiture puzzle 3d	https://fr.robotoys.eu/casse-tete-3d-en-bois/vehicules/puzzle-3d-mecanique-en-bois-voiture-de-course-rouge-eco-wood-art-p152	0	7	0	9.57
vojni dzip	https://hr.robotoys.eu/drvena-3d-slagalica/vozila/drvena-3d-slagalica-vojni-dzip-little-story-e014-p170	0	2	0	6
vonatos puzzle	https://hu.robotoys.eu/fabol-keszult-3d-puzzle/jarmuvek/fa-3d-puzzle-mozdony-little-story-e012-p124	0	1	0	11
voorbeeld	https://nl.robotoys.eu/houten-3d-puzzel/de-dieren/houten-3d-puzzel-olifant-little-story-d012-p120	0	1	0	21
vrachtwagen puzzel	https://nl.robotoys.eu/houten-3d-puzzel/voertuigen/houten-3d-puzzel-vrachtwagen-little-story-d004-p168	0	1	0	24
vramofon	https://cz.robotoys.eu/drevene-3d-puzzle/hraci-skrinky/elektricky-gramofon-rokr-lkb01d-p68	0	1	0	1
vrouwen cadeaus top 10	https://nl.robotoys.eu/blog/7-onweerstaanbare-cadeau-ideeen-voor-vrouwen	0	12	0	68.92
vrouwen cadeautips	https://nl.robotoys.eu/blog/7-onweerstaanbare-cadeau-ideeen-voor-vrouwen	0	1	0	53
vrouwen gadgets	https://nl.robotoys.eu/blog/7-onweerstaanbare-cadeau-ideeen-voor-vrouwen	0	3	0	39.67
vyprodej darku	https://cz.robotoys.eu/vyprodej-darku-pro-zeny-a-divky	0	2	0	13.5
vánoční pozornost	https://cz.robotoys.eu/blog/skvele-tipy-na-vanocni-darky-ktere-potesi-i-ty-nejnarocnejsi	0	1	0	28
väggdekor grävmaskin	https://se.robotoys.eu/3d-pussel-i-tra/fordon/trapussel-3d-gravmaskin-rokr-tg508k-p197	0	1	0	35
väggdekor grävmaskin	https://se.robotoys.eu/pusseltavling/gravmaskin-rokr-tg508k-197	0	2	0	25.5
värde	https://se.robotoys.eu/3d-pussel-i-tra/arkitektur/tra-3d-pussel-victory-arch-little-story-e011-p123	0	1	0	10
värde	https://se.robotoys.eu/3d-pussel-i-tra/fordon/grand-prix-bilmodell-rokr-mc401-p16	0	1	0	3
värde	https://se.robotoys.eu/de-dyraste-miniatyrhusen	0	1	0	1
véhicule	https://robotoys.eu/wooden-3d-puzzle/vehicles/heavy-truck-model-rokr-mc502-p27	0	1	0	6
výprodej dárků	https://cz.robotoys.eu/vyprodej-darku-pro-zeny-a-divky	0	2	0	10
waar is dit te koop	https://nl.robotoys.eu/houten-3d-puzzel/muziekdoosjes/elektrische-platenspeler-rokr-lkb01d-p68	0	1	0	13
waar kan ik het kopen	https://nl.robotoys.eu/houten-3d-puzzel/voertuigen/houten-3d-puzzel-tank-char-b1-little-story-wot06-p178	0	1	0	12
waar kopen	https://nl.robotoys.eu/houten-3d-puzzel/voertuigen/oldtimer-rokr-mc801-p72	0	1	0	15
waar kun je dit kopen	https://nl.robotoys.eu/houten-3d-puzzel/voertuigen/houten-mechanische-3d-puzzel-tractor-eco-wood-art-p233	0	1	0	5
waar op voorraad	https://nl.robotoys.eu/houten-3d-puzzel/muziekdoosjes/muziekdoos-sterrennacht-rokr-amk51-p11	0	1	0	20
waar te koop	https://nl.robotoys.eu/houten-3d-puzzel/klokken-kalenders/klokuil-rokr-lk503-p6	0	1	0	23
waar te koop	https://nl.robotoys.eu/houten-3d-puzzel/voertuigen/houten-3d-puzzel-vliegtuig-little-story-d016-p130	0	1	0	23
waar te koop	https://nl.robotoys.eu/miniatuur-huizen/boeken-hoekje/boekenplankinzet-kerststraat-rolife-tgc06-p139	0	2	0	5
waarom is de tower bridge gebouwd	https://nl.robotoys.eu/blog/het-verhaal-van-de-beroemde-tower-bridge-hoe-je-londen-bij-je-thuis-brengt	0	2	0	11
wann wurde die tower bridge gebaut	https://de.robotoys.eu/bloggen/die-geschichte-der-beruhmten-tower-bridge-wie-sie-london-zu-ihnen-nach-hause-holen	0	3	0	33.33
wann wurde tower bridge gebaut	https://de.robotoys.eu/bloggen/die-geschichte-der-beruhmten-tower-bridge-wie-sie-london-zu-ihnen-nach-hause-holen	0	1	0	35
wanneer is de tower bridge gebouwd	https://nl.robotoys.eu/blog/het-verhaal-van-de-beroemde-tower-bridge-hoe-je-londen-bij-je-thuis-brengt	0	16	0	10.25
warszawa	https://pl.robotoys.eu/marki/rowood	0	1	0	3
warszawa m20	https://hu.robotoys.eu/fabol-keszult-3d-puzzle/jarmuvek/fa-3d-puzzle-warszawa-m20-little-story-e006-p98	0	7	0	2
warszawa puzzle	https://cz.robotoys.eu/drevene-3d-puzzle/vozidla/drevene-3d-puzzle-warszawa-m20-little-story-e006-p98	0	1	0	6
warszawa puzzle	https://cz.robotoys.eu/soutez-v-puzzle/warszawa-m20-little-story-e006-98	0	1	0	10
warum ist die tower bridge berühmt	https://de.robotoys.eu/bloggen/die-geschichte-der-beruhmten-tower-bridge-wie-sie-london-zu-ihnen-nach-hause-holen	0	2	0	11
warum ist die tower bridge so berühmt	https://de.robotoys.eu/bloggen/die-geschichte-der-beruhmten-tower-bridge-wie-sie-london-zu-ihnen-nach-hause-holen	0	4	0	7.5
was kann man einem mann schenken der schon alles hat	https://de.robotoys.eu/bloggen/ein-geschenk-fur-den-mann-der-schon-alles-hat-24-originelle-tipps-die-ihn-garantiert-uberraschen-werden	0	1	0	42
was kostet das	https://de.robotoys.eu/3d-puzzle-aus-holz/fahrzeuge/3d-puzzle-aus-holz-fischerbootmodell-rolife-tg308-p38	0	1	0	3
was kostet dieses modell	https://de.robotoys.eu/3d-puzzle-aus-holz/fahrzeuge/veteranenmodell-rolife-tg504-p53	0	1	0	22
was model	https://nl.robotoys.eu/houten-3d-puzzel/architectuur/houten-3d-puzzel-brandenburger-tor-little-story-e015-p125	0	1	0	5
was schenkt man einem mann der alles hat	https://de.robotoys.eu/bloggen/ein-geschenk-fur-den-mann-der-schon-alles-hat-24-originelle-tipps-die-ihn-garantiert-uberraschen-werden	0	1	0	47
was schenkt man einem mann der schon alles hat	https://de.robotoys.eu/bloggen/ein-geschenk-fur-den-mann-der-schon-alles-hat-24-originelle-tipps-die-ihn-garantiert-uberraschen-werden	0	1	0	35
wat geef je een vrouw die alles al heeft	https://nl.robotoys.eu/blog/7-onweerstaanbare-cadeau-ideeen-voor-vrouwen	0	1	0	68
wat is de duurste	https://nl.robotoys.eu/de-best-beoordeelde-producten-van-het-merk-rokr	0	1	0	3
wat is dit	https://nl.robotoys.eu/houten-3d-puzzel/architectuur/houten-mechanische-3d-puzzel-marble-track-london-rokr-egb01-p264	0	1	0	27
wat zijn motorische vaardigheden	https://nl.robotoys.eu/blog/top-5-activiteiten-die-de-ontwikkeling-van-motorische-vaardigheden-ondersteunen	0	3	0	51
welche baukästen sind am besten für den kreativen ausdruck?	https://de.robotoys.eu/bloggen/5-vorteile-kreativer-bausteine-fur-die-entwicklung-von-feinmotorik-und-konzentration	0	1	0	2
welche baukästen sind gut für die entwicklung der feinmotorik?	https://de.robotoys.eu/bloggen/5-vorteile-kreativer-bausteine-fur-die-entwicklung-von-feinmotorik-und-konzentration	0	27	0	6.59
welche farbe hat die tower bridge	https://de.robotoys.eu/bloggen/die-geschichte-der-beruhmten-tower-bridge-wie-sie-london-zu-ihnen-nach-hause-holen	0	4	0	8.25
welcher kleber für 3d puzzle?	https://de.robotoys.eu/bloggen/10-werkzeuge-die-sie-zum-zusammenbau-eines-3d-holzpuzzles-benotigen	0	2	0	12.5
welk merk	https://nl.robotoys.eu/houten-3d-puzzel/architectuur/tower-bridge-model-met-led-verlichting-rolife-tg412-p19	0	1	0	15
welk speelgoed helpt bij de motorische ontwikkeling?	https://nl.robotoys.eu/blog/top-5-activiteiten-die-de-ontwikkeling-van-motorische-vaardigheden-ondersteunen	0	1	0	10
wer hat die tower bridge gebaut	https://de.robotoys.eu/bloggen/die-geschichte-der-beruhmten-tower-bridge-wie-sie-london-zu-ihnen-nach-hause-holen	0	3	0	35
wer ist der hersteller	https://de.robotoys.eu/miniaturhauser/bucher-ecke/bucherregaleinsatz-arcade-dating-rolife-tgb10-p148	0	1	0	17
weuter	https://robotoys.eu/the-most-expensive-gifts-for-children	0	1	0	3
what are 3d puzzles	https://robotoys.eu/blog/history-of-3d-wooden-puzzles-from-beginnings-to-the-present	0	1	0	33
what are motor activities	https://robotoys.eu/blog/top-5-activities-that-support-the-development-of-motor-skills	0	1	0	77
what are the 3d scupltures on top of truck maed of	https://robotoys.eu/wooden-3d-puzzle/vehicles/wooden-mechanical-3d-puzzle-truck-road-king-eco-wood-art-p206	0	3	0	6
what do you call miniature houses	https://robotoys.eu/blog/what-you-need-to-know-before-building-miniature-houses	0	1	0	11
what house style is this	https://pt.robotoys.eu/casas-em-miniatura/quartos-em-miniatura/jardim-do-sr-miller-rolife-dg108-p23	0	1	0	26
what is a 3d puzzle	https://robotoys.eu/blog/history-of-3d-wooden-puzzles-from-beginnings-to-the-present	0	1	0	35
what is rokr	https://robotoys.eu/blog/rokr-your-entry-into-the-world-of-creativity-and-entertainment	0	23	0	7.04
what is the brand for this	https://robotoys.eu/wooden-3d-puzzle/architecture/wooden-3d-puzzle-notre-dame-cathedral-little-story-e017-p127	0	1	0	30
what is the hardest rokr puzzle?	https://robotoys.eu/wooden-3d-puzzle-high-difficulty	0	2	0	11
what is the value of this	https://robotoys.eu/miniature-houses/books-nook/bookshelf-insert-street-scene-rolife-tgb13-p256	0	1	0	21
what price in malaysia	https://robotoys.eu/miniature-houses/miniature-rooms/sams-study-library-rolife-dg102-p86	0	1	0	16
what type of puzzle is built in 3d	https://robotoys.eu/blog/history-of-3d-wooden-puzzles-from-beginnings-to-the-present	0	2	0	15.5
what's the age range	https://robotoys.eu/miniature-houses/miniature-rooms/cathys-flower-house-rolife-dg104-p28	0	1	0	6
what's the most expensive gift	https://robotoys.eu/the-most-expensive-gifts-for-women-and-girls	0	1	0	11
whats this product called	https://robotoys.eu/wooden-3d-puzzle/stem-lab/wooden-mechanical-3d-puzzle-gear-ball-challenge-rokr-egc01-p213	0	1	0	5
where can i buy this	https://robotoys.eu/miniature-houses/miniature-rooms/sams-study-library-rolife-dg102-p86	0	1	0	25
where can i buy this and for how much	https://dk.robotoys.eu/puslespil-konkurrence/sakura-pavilion-rolife-tga07-268	0	1	0	32
where can i buy this online?	https://robotoys.eu/wooden-3d-puzzle/flowers/wooden-3d-puzzle-hummingbird-in-a-blooming-garden-p259	0	1	0	4
where can i buy this online?	https://robotoys.eu/wooden-3d-puzzle/stem-lab/wooden-mechanical-3d-puzzle-dream-gift-factory-rokr-eab01-p202	0	1	0	17
where do you purchase these	https://robotoys.eu/wooden-3d-puzzle/vehicles/wooden-3d-puzzle-tank-amx-13-105-little-story-wot05-p177	0	1	0	17
where is rokr based	https://robotoys.eu/blog/rokr-your-entry-into-the-world-of-creativity-and-entertainment	0	3	0	9.33
where is rokr based	https://robotoys.eu/brands/rokr	0	1	0	21
where is rokr from	https://robotoys.eu/blog/rokr-your-entry-into-the-world-of-creativity-and-entertainment	0	13	0	6.23
where is rokr located	https://robotoys.eu/blog/rokr-your-entry-into-the-world-of-creativity-and-entertainment	0	2	0	9
where is rolife from	https://robotoys.eu/brands/rolife	0	3	0	8.67
where to buy	https://se.robotoys.eu/3d-pussel-i-tra/fordon/tra-3d-pussel-locomotive-little-story-e012-p124	0	1	0	21
which building is this	https://robotoys.eu/wooden-3d-puzzle/architecture/five-story-pagoda-rolife-tgn02-p45	0	1	0	13
why is london bridge so famous?	https://si.robotoys.eu/blog/the-story-of-the-famous-tower-bridge-how-to-bring-london-to-your-home	0	1	0	10
why is the tower bridge famous	https://robotoys.eu/blog/the-story-of-the-famous-tower-bridge-how-to-bring-london-to-your-home	0	7	0	9
why is tower bridge blue	https://fr.robotoys.eu/blog/lhistoire-du-celebre-tower-bridge-comment-amener-londres-chez-vous	0	1	0	10
why is tower bridge famous	https://fr.robotoys.eu/blog/lhistoire-du-celebre-tower-bridge-comment-amener-londres-chez-vous	0	1	0	9
why is tower bridge famous	https://robotoys.eu/blog/the-story-of-the-famous-tower-bridge-how-to-bring-london-to-your-home	0	4	0	5.75
why was tower bridge built	https://fr.robotoys.eu/blog/lhistoire-du-celebre-tower-bridge-comment-amener-londres-chez-vous	0	1	0	6
wie alt ist die tower bridge	https://de.robotoys.eu/bloggen/die-geschichte-der-beruhmten-tower-bridge-wie-sie-london-zu-ihnen-nach-hause-holen	0	3	0	34
wie heißt die berühmte brücke in london	https://de.robotoys.eu/bloggen/die-geschichte-der-beruhmten-tower-bridge-wie-sie-london-zu-ihnen-nach-hause-holen	0	1	0	30
wieviel teile	https://de.robotoys.eu/miniaturhauser/miniaturladen/miniaturhaus-restaurant-tipsy-rolife-dg167-p209	0	1	0	1
wieza eiffla podświetlana	https://pl.robotoys.eu/drewniane-puzzle-3d/architektura/podswietlana-wieza-eiffla-rolife-tgl01-p73	0	20	0	7.1
wieża eiffla 3d	https://pl.robotoys.eu/drewniane-puzzle-3d/architektura/podswietlana-wieza-eiffla-rolife-tgl01-p73	0	6	0	4.83
wieża eiffla 3d puzzle	https://pl.robotoys.eu/drewniane-puzzle-3d/architektura/podswietlana-wieza-eiffla-rolife-tgl01-p73	0	8	0	3.62
wieża eiffla puzzle	https://pl.robotoys.eu/drewniane-puzzle-3d/architektura/podswietlana-wieza-eiffla-rolife-tgl01-p73	0	7	0	3
wieża eiffla puzzle 3d led	https://pl.robotoys.eu/drewniane-puzzle-3d/architektura/podswietlana-wieza-eiffla-rolife-tgl01-p73	0	6	0	1.17
windmill eco	https://robotoys.eu/wooden-3d-puzzle/architecture/wooden-mechanical-3d-puzzle-windmill-eco-wood-art-p154	0	4	0	7.75
with pictures please	https://robotoys.eu/wooden-3d-puzzle/vehicles/wooden-3d-puzzle-helicopter-little-story-d017-p131	0	1	0	21
wkładka w książce na mapie tablice	https://pl.robotoys.eu/miniaturowe-domki/kacik-ksiazek/podroz-w-czasie-rolife-tgb04-p60	0	1	0	4
wo	https://de.robotoys.eu/3d-puzzle-aus-holz/blumen/holzpuzzle-3d-rosa-lilie-rowood-tw071-p144	0	1	0	6
wo kann ich es kaufen?	https://de.robotoys.eu/3d-puzzle-aus-holz/stem-lab/mechanisches-3d-puzzle-aus-holz-traumgeschenkfabrik-rokr-eab01-p202	0	1	0	24
wo kann man das kaufen	https://de.robotoys.eu/3d-puzzle-aus-holz/blumen/holz-3d-puzzle-sakura-bonsai-rolife-tg415-p142	0	1	0	14
wo kann man das kaufen	https://robotoys.eu/wooden-3d-puzzle/stem-lab/wooden-mechanical-3d-puzzle-gear-ball-challenge-rokr-egc01-p213	0	1	0	15
wo kaufen	https://de.robotoys.eu/3d-puzzle-aus-holz/musikinstrumente/magic-piano-rokr-amk81-p70	0	1	0	27
wood 3d puzzle	https://cz.robotoys.eu/drevene-3d-puzzle	0	1	0	9
wood 3d puzzle	https://de.robotoys.eu/3d-puzzle-aus-holz/stem-lab/3d-puzzle-aus-holz-retro-telefon-eco-wood-art-p156	0	2	0	3
wood 3d puzzle	https://robotoys.eu/wooden-3d-puzzle-high-difficulty	0	1	0	11
wood 3d puzzle	https://robotoys.eu/wooden-3d-puzzle/architecture	0	5	0	35.4
wood craft	https://robotoys.eu/wooden-3d-puzzle/architecture/wooden-3d-puzzle-colosseum-little-story-e016-p126	0	1	0	1
wood flower puzzle	https://robotoys.eu/wooden-3d-puzzle/flowers	0	1	0	10
wood mechanical toy	https://robotoys.eu/	0	1	0	29
wood puzzle 3d	https://it.robotoys.eu/blog/storia-dei-puzzle-in-legno-3d-dalle-origini-al-presente	0	3	0	9
wood puzzle 3d	https://it.robotoys.eu/puzzle-3d-in-legno-piu-di-300-pezzi	0	1	0	21
wood puzzle 3d	https://it.robotoys.eu/puzzle-3d-in-legno/architettura/puzzle-3d-in-legno-sagrada-familia-little-story-e018-p133	0	35	0	6.57
wood puzzle 3d	https://pl.robotoys.eu/drewniane-puzzle-3d/architektura	0	4	0	3.25
wood puzzle 3d	https://robotoys.eu/wooden-3d-puzzle/architecture	0	1	0	35
wood stem	https://es.robotoys.eu/blog/stem-y-modelos-de-madera	0	1	0	9
wood typewriter	https://robotoys.eu/wooden-3d-puzzle/stem-lab/wooden-mechanical-3d-puzzle-typewriter-eco-wood-art-p158	0	1	0	1
wood windmill kit	https://robotoys.eu/wooden-3d-puzzle/architecture/wooden-mechanical-3d-puzzle-windmill-eco-wood-art-p154	0	1	0	1
wooden 3d animals	https://robotoys.eu/wooden-3d-puzzle/the-animals	0	1	0	4
wooden 3d puzzle	https://robotoys.eu/blog/wooden-3d-puzzles-how-to-choose-your-first-building-kit-and-what-to-prepare-for	0	3	0	7.67
wooden 3d puzzle	https://robotoys.eu/wooden-3d-puzzle	0	1	0	8
wooden 3d puzzle	https://robotoys.eu/wooden-3d-puzzle/architecture	0	3	0	21.33
wooden 3d puzzles	https://robotoys.eu/blog/wooden-3d-puzzles-how-to-choose-your-first-building-kit-and-what-to-prepare-for	0	1	0	8
wooden 3d puzzles	https://robotoys.eu/wooden-3d-puzzle/architecture	0	2	0	29
wooden 3d puzzles for adults	https://robotoys.eu/	0	1	0	7
wooden airship	https://robotoys.eu/wooden-3d-puzzle/vehicles/airship-model-rolife-tg407-p22	0	1	0	8
wooden ak	https://robotoys.eu/wooden-3d-puzzle/weapons/ak-47-rifle-rokr-lq901-p67	0	1	0	7
wooden ak 47	https://cz.robotoys.eu/drevene-3d-puzzle/zbrane/ak-47-rifle-rokr-lq901-p67	0	2	0	2
wooden ak 47	https://pl.robotoys.eu/drewniane-puzzle-3d/bronie/karabin-ak-47-rokr-lq901-p67	0	2	0	1
wooden ak 47	https://robotoys.eu/wooden-3d-puzzle/weapons/ak-47-rifle-rokr-lq901-p67	0	4	0	20.75
wooden ak-47	https://robotoys.eu/wooden-3d-puzzle/weapons/ak-47-rifle-rokr-lq901-p67	0	1	0	1
wooden ak47	https://robotoys.eu/wooden-3d-puzzle/weapons/ak-47-rifle-rokr-lq901-p67	0	11	0	20.64
wooden animal puzzle 3d	https://robotoys.eu/wooden-3d-puzzle/the-animals	0	1	0	4
wooden ape	https://it.robotoys.eu/puzzle-3d-in-legno/gli-animali/puzzle-3d-in-legno-ape-little-story-d001-p128	0	1	0	1
wooden art gifts	https://robotoys.eu/the-most-expensive-gifts-for-men-and-boys	0	1	0	82
wooden assembly set flower bouquet	https://robotoys.eu/wooden-3d-puzzle/flowers/wooden-3d-puzzle-bouquet-of-flowers-rowood-tw01h-p100	0	1	0	10
wooden bloom box	https://robotoys.eu/wooden-3d-puzzle/flowers/wooden-3d-puzzle-wooden-bloom-box-rowood-tw02h-p162	0	6	0	9.33
wooden build	https://robotoys.eu/wooden-3d-puzzle/architecture/wooden-mechanical-3d-puzzle-marble-track-london-rokr-egb01-p264	0	1	0	61
wooden building kits	https://robotoys.eu/wooden-3d-puzzle/architecture/five-story-pagoda-rolife-tgn02-p45	0	1	0	27
wooden cello	https://robotoys.eu/wooden-3d-puzzle/music-boxes/music-box-magic-cello-rokr-amk63-p1	0	1	0	34
wooden combine harvester	https://robotoys.eu/wooden-3d-puzzle/vehicles/wooden-mechanical-3d-puzzle-grain-harvester-gh800-eco-wood-art-p160	0	1	0	7
wooden dinosaur skeleton puzzle	https://robotoys.eu/wooden-3d-puzzle/the-animals/wooden-3d-puzzle-parasaurus-little-story-d008-p117	0	1	0	12
wooden dinosaur skeleton puzzle	https://robotoys.eu/wooden-3d-puzzle/the-animals/wooden-3d-puzzle-t-rex-little-story-d006-p115	0	1	0	42
wooden elephant puzzle	https://robotoys.eu/wooden-3d-puzzle/the-animals/wooden-3d-puzzle-elephant-little-story-d012-p120	0	1	0	10
wooden flower bouquet rowood	https://robotoys.eu/wooden-3d-puzzle/flowers/wooden-3d-puzzle-bouquet-of-flowers-rowood-tw01h-p100	0	2	0	12.5
wooden flower puzzle	https://robotoys.eu/blog/a-wooden-bouquet-that-never-withers-discover-the-magic-of-3d-flower-puzzles	0	2	0	12
wooden flower puzzle 3d	https://robotoys.eu/wooden-3d-puzzle/flowers	0	22	0	5.68
wooden flower puzzle action	https://robotoys.eu/blog/a-wooden-bouquet-that-never-withers-discover-the-magic-of-3d-flower-puzzles	0	1	0	14
wooden flower puzzle action	https://robotoys.eu/wooden-3d-puzzle/flowers	0	1	0	29
wooden giraffe puzzle	https://robotoys.eu/wooden-3d-puzzle/the-animals/wooden-3d-puzzle-giraffe-little-story-d013-p121	0	2	0	15.5
wooden globe puzzle	https://robotoys.eu/wooden-3d-puzzle/the-universe/luminous-globe-rokr-st003-p3	0	1	0	12
wooden keyboard	https://gr.robotoys.eu/ksylino-trisdiastato-pazl/moysika-organa/hlektrikh-kithara-montelo-rokr-tg605k-p33	0	1	0	10
wooden machinery	https://robotoys.eu/wooden-3d-puzzle/vehicles/wooden-mechanical-3d-puzzle-grain-harvester-gh800-eco-wood-art-p160	0	1	0	3
wooden machines	https://robotoys.eu/wooden-3d-puzzle/vehicles/wooden-mechanical-3d-puzzle-grain-harvester-gh800-eco-wood-art-p160	0	1	0	3
wooden mechanical 3d puzzle wall clock zodiac rokr lc601	https://robotoys.eu/wooden-3d-puzzle/clocks-calendars/wall-clock-zodiac-rokr-lc601-p52	0	1	0	1
wooden mechanical music box	https://robotoys.eu/wooden-3d-puzzle/music-boxes	0	1	0	41
wooden mechanical puzzles	https://gr.robotoys.eu/ksylino-trisdiastato-pazl/oxhmata/ksylino-trisdiastato-pazl-eternal-atlantic-voyager-1912-rolife-tgl02-p223	0	1	0	5
wooden mechanical toys	https://robotoys.eu/	0	2	0	2.5
wooden mechanical toys	https://robotoys.eu/wooden-3d-puzzle/architecture/wooden-mechanical-3d-puzzle-marble-track-london-rokr-egb01-p264	0	1	0	3
wooden mechanical toys	https://robotoys.eu/wooden-3d-puzzle/stem-lab/wooden-mechanical-3d-puzzle-typewriter-eco-wood-art-p158	0	1	0	3
wooden mechanical toys	https://robotoys.eu/wooden-3d-puzzle/vehicles/wooden-mechanical-3d-puzzle-fire-truck-eco-wood-art-p208	0	1	0	3
wooden mechanical toys	https://robotoys.eu/wooden-3d-puzzle/vehicles/wooden-mechanical-3d-puzzle-grain-harvester-gh800-eco-wood-art-p160	0	1	0	3
wooden mechanical toys	https://robotoys.eu/wooden-3d-puzzle/vehicles/wooden-mechanical-3d-puzzle-truck-road-king-eco-wood-art-p206	0	1	0	2
wooden music box puzzle	https://robotoys.eu/wooden-3d-puzzle/music-boxes	0	1	0	43
wooden owl clock	https://robotoys.eu/wooden-3d-puzzle/clocks-calendars/clock-owl-rokr-lk503-p6	0	3	0	25.33
wooden piano puzzle	https://it.robotoys.eu/puzzle-3d-in-legno/strumenti-musicali/pianoforte-magico-rokr-amk81-p70	0	1	0	68
wooden pinball game	https://robotoys.eu/wooden-3d-puzzle/stem-lab/pinball-rokr-eg01-p43	0	1	0	44
wooden pinball machine	https://robotoys.eu/wooden-3d-puzzle/stem-lab/pinball-rokr-eg01-p43	0	1	0	42
wooden pot spa gift factory	https://robotoys.eu/wooden-3d-puzzle/stem-lab/wooden-mechanical-3d-puzzle-dream-gift-factory-rokr-eab01-p202	0	1	0	7
wooden puzzle	https://robotoys.eu/blog/history-of-3d-wooden-puzzles-from-beginnings-to-the-present	0	3	0	28.33
wooden puzzle 3d	https://it.robotoys.eu/blog/storia-dei-puzzle-in-legno-3d-dalle-origini-al-presente	0	1	0	5
wooden puzzle 3d	https://it.robotoys.eu/puzzle-3d-in-legno	0	1	0	48
wooden puzzle 3d	https://it.robotoys.eu/puzzle-3d-in-legno-piu-di-300-pezzi	0	3	0	21.67
wooden puzzle 3d	https://it.robotoys.eu/puzzle-3d-in-legno/stem-lab	0	1	0	9
wooden puzzle 3d	https://it.robotoys.eu/puzzle-3d-in-legno/strumenti-musicali/puzzle-3d-in-legno-grammofono-rolife-tg408-p39	0	21	0	13.95
wooden puzzle 3d	https://it.robotoys.eu/puzzle-3d-in-legno/veicoli/puzzle-3d-in-legno-aereo-little-story-d016-p130	0	1	0	2
wooden puzzle action	https://fr.robotoys.eu/puzzle-3d-en-bois-en-action	0	6	0	8.83
wooden puzzle action	https://robotoys.eu/wooden-3d-puzzle-in-action	0	13	0	7.08
wooden puzzle animals	https://robotoys.eu/wooden-3d-puzzle/the-animals	0	1	0	30
wooden puzzle building kits	https://robotoys.eu/blog/wooden-3d-puzzles-how-to-choose-your-first-building-kit-and-what-to-prepare-for	0	1	0	11
wooden puzzle clock	https://robotoys.eu/wooden-3d-puzzle/clocks-calendars	0	1	0	24
wooden puzzle elephant	https://robotoys.eu/wooden-3d-puzzle/the-animals/wooden-3d-puzzle-elephant-little-story-d012-p120	0	3	0	7.33
wooden puzzle flower	https://robotoys.eu/wooden-3d-puzzle/flowers	0	3	0	10
wooden puzzle flowers	https://robotoys.eu/blog/a-wooden-bouquet-that-never-withers-discover-the-magic-of-3d-flower-puzzles	0	3	0	10.67
wooden puzzle flowers	https://robotoys.eu/wooden-3d-puzzle/flowers	0	9	0	8.56
wooden puzzle globe	https://robotoys.eu/wooden-3d-puzzle/the-universe/luminous-globe-rokr-st003-p3	0	2	0	9.5
wooden puzzle toys	https://robotoys.eu/wooden-3d-puzzle/architecture/wooden-mechanical-3d-puzzle-marble-track-london-rokr-egb01-p264	0	1	0	11
wooden puzzles 3d	https://cz.robotoys.eu/drevene-3d-puzzle	0	3	0	11
wooden puzzles 3d	https://robotoys.eu/	0	3	0	6
wooden puzzles 3d	https://robotoys.eu/wooden-3d-puzzle/flowers/wooden-3d-puzzle-hummingbird-in-a-blooming-garden-p259	0	2	0	2.5
wooden steamship	https://robotoys.eu/wooden-3d-puzzle/vehicles/wooden-3d-puzzle-paddle-steamer-river-princess-eco-wood-art-p159	0	1	0	42
wooden t rex	https://robotoys.eu/wooden-3d-puzzle/the-animals/wooden-3d-puzzle-t-rex-little-story-d006-p115	0	1	0	26
wooden tank	https://robotoys.eu/wooden-3d-puzzle/vehicles/wooden-3d-puzzle-tank-leopard-1-little-story-wot07-p179	0	1	0	3
wooden tank model	https://robotoys.eu/wooden-3d-puzzle/vehicles/wooden-3d-puzzle-tank-amx-13-105-little-story-wot05-p177	0	3	0	1
wooden tank models	https://robotoys.eu/wooden-3d-puzzle/vehicles/wooden-3d-puzzle-tank-leopard-1-little-story-wot07-p179	0	1	0	16
wooden technic	https://robotoys.eu/wooden-3d-puzzle/vehicles/wooden-mechanical-3d-puzzle-yellow-racing-car-eco-wood-art-p151	0	1	0	1
wooden thompson machine gun	https://robotoys.eu/wooden-3d-puzzle/weapons/thompson-rokr-lqb01-p74	0	1	0	35
wooden tommy gun	https://pl.robotoys.eu/drewniane-puzzle-3d/bronie/thompson-rokr-lqb01-p74	0	1	0	53
wooden tommy gun	https://robotoys.eu/wooden-3d-puzzle/weapons/thompson-rokr-lqb01-p74	0	2	0	15
wooden typewriter puzzle	https://robotoys.eu/wooden-3d-puzzle/stem-lab/wooden-mechanical-3d-puzzle-typewriter-eco-wood-art-p158	0	4	0	3
woodworking 3d	https://robotoys.eu/wooden-3d-puzzle/architecture/wooden-mechanical-3d-puzzle-windmill-eco-wood-art-p154	0	1	0	21
world of tanks puzzle	https://robotoys.eu/wooden-3d-puzzle/vehicles/wooden-3d-puzzle-tank-leopard-1-little-story-wot07-p179	0	2	0	40
wot amx 13 105	https://robotoys.eu/wooden-3d-puzzle/vehicles/wooden-3d-puzzle-tank-amx-13-105-little-story-wot05-p177	0	1	0	14
wot model	https://cz.robotoys.eu/blog/world-of-tanks-nyni-i-na-tve-policce	0	1	0	25
www robotime eu com	https://robotoys.eu/	0	1	0	7
wygeneruj obraz	https://pl.robotoys.eu/drewniane-puzzle-3d/pojazdy/drewniane-puzzle-3d-samolot-little-story-d016-p130	0	1	0	7
wyprzedaż puzzli	https://pl.robotoys.eu/wyprzedaz-puzzli-drewnianych-3d	0	14	0	9.21
xem hình	https://robotoys.eu/wooden-3d-puzzle/stem-lab/wooden-mechanical-3d-puzzle-dream-gift-factory-rokr-eab01-p202	0	1	0	3
y cuál es el más caro?	https://es.robotoys.eu/los-productos-de-la-marca-rolife-mejor-valorados	0	1	0	3
yes	https://robotoys.eu/blog/wooden-3d-puzzles-how-to-choose-your-first-building-kit-and-what-to-prepare-for	0	1	0	6
yes	https://robotoys.eu/wooden-3d-puzzle/weapons/revolver-corsac-m60-rokr-lq401-p35	0	1	0	3
yes please!	https://robotoys.eu/wooden-3d-puzzle/architecture/five-story-pagoda-rolife-tgn02-p45	0	1	0	7
youtube	https://lv.robotoys.eu/koka-3d-puzle/arhitektura/koka-3d-puzle-sagrada-familia-little-story-e018-p133	0	1	0	21
youtube tutorial	https://pl.robotoys.eu/drewniane-puzzle-3d/architektura/drewniana-ukladanka-3d-mini-domek-gorski-w-ksztalcie-litery-a-rolife-dg181-p227	0	1	0	31
z action	https://pl.robotoys.eu/drewniane-puzzle-3d/pojazdy/model-lokomotywy-parowej-rokr-mc501-p13	0	1	0	1
z którego roku jest ten model	https://pl.robotoys.eu/miniaturowe-domki/sklepy-z-miniaturami/domek-miniaturowy-lodziarnia-honey-rolife-dg148-p65	0	1	0	1
za igracke	https://hr.robotoys.eu/drvena-3d-slagalica/oruzje/ak-47-puska-rokr-lq901-p67	0	1	0	6
za ile kupić	https://robotoys.eu/wooden-3d-puzzle/vehicles/triplane-model-rolife-tg301-p46	0	1	0	5
zabawka	https://pl.robotoys.eu/drewniane-puzzle-3d/pojazdy/balon-na-ogrzane-powietrze-rolife-tg406-p84	0	1	0	11
zabawki 3d	https://pl.robotoys.eu/drewniane-puzzle-3d/pozytywki/romantyczna-karuzela-rokr-amk62-p77	0	1	0	3
zdjęcia	https://robotoys.eu/wooden-3d-puzzle/architecture/wooden-3d-puzzle-mini-a-frame-mountain-chalet-rolife-dg181-p227	0	1	0	2
zegar sowa	https://pl.robotoys.eu/drewniane-puzzle-3d/zegary-i-kalendarze/zegarowa-sowa-rokr-lk503-p6	0	1	0	1
zegar z kukułką drewniany	https://pl.robotoys.eu/drewniane-puzzle-3d/zegary-i-kalendarze/drewniana-mechaniczna-ukladanka-3d-zegar-z-kukulka-rokr-lc901c-p198	0	4	0	21.25
zegar z kukułką mechaniczny	https://pl.robotoys.eu/drewniane-puzzle-3d/zegary-i-kalendarze/drewniana-mechaniczna-ukladanka-3d-zegar-z-kukulka-rokr-lc901c-p198	0	3	0	4
zeig mir bilder wie das aussehen könnte	https://de.robotoys.eu/3d-puzzle-aus-holz/fahrzeuge/schweres-lkw-modell-rokr-mc502-p27	0	1	0	70
zelta 3d	https://lv.robotoys.eu/koka-3d-puzle/ziedi/koka-3d-puzle-zelta-saulespuke-rowood-th002-p193	0	1	0	26
zestawy do budowania dla dorosłych	https://pl.robotoys.eu/blog/drewniane-puzzle-3d-jak-wybrac-swoj-pierwszy-zestaw-do-budowania-i-na-co-sie-przygotowac	0	3	0	12.33
zirafa 3d	https://hr.robotoys.eu/drvena-3d-slagalica/zivotinje/drvena-3d-puzzle-zirafa-little-story-d013-p121	0	1	0	1
znajdź coś innego	https://pl.robotoys.eu/drewniane-puzzle-3d/wszechswiat/uklad-sloneczny-rokr-st001-p71	0	1	0	1
znajdź drewniane puzzle 3d z szybką dostawą na terenie polski.	https://pl.robotoys.eu/drewniane-puzzle-3d	0	16	0	4.31
znajdź ten produkt	https://pl.robotoys.eu/drewniane-puzzle-3d/pozytywki/drewniana-mechaniczna-ukladanka-3d-sakura-dreamy-tour-rolife-amt02-p219	0	1	0	1
zodiac wall clock	https://robotoys.eu/wooden-3d-puzzle/clocks-calendars/wall-clock-zodiac-rokr-lc601-p52	0	3	0	10.67
zvejas laivas	https://lv.robotoys.eu/koka-3d-puzle/transportlidzekli/koka-3d-puzle-zvejas-laivas-modelis-rolife-tg308-p38	0	1	0	3
zvezdna noč opis slike	https://si.robotoys.eu/lesena-3d-sestavljanka/glasbene-skrinjice/glasbena-skrinjica-zvezdna-noc-rokr-amk51-p11	0	3	0	36.67
zywnosc w miniaturze	https://pl.robotoys.eu/miniaturowe-domki/sklepy-z-miniaturami/domek-w-miniaturze-restauracja-tipsy-rolife-dg167-p209	0	5	0	11.4
¿qué precio tiene?	https://es.robotoys.eu/rompecabezas-3d-de-madera/vehiculos/rompecabezas-3d-de-madera-jeep-del-ejercito-little-story-e014-p170	0	1	0	11
állatos fa kirakó	https://hu.robotoys.eu/fabol-keszult-3d-puzzle/az-allatok	0	1	0	43
állatos fa puzzle	https://hu.robotoys.eu/fabol-keszult-3d-puzzle/az-allatok	0	1	0	41
állatos kirakó	https://hu.robotoys.eu/fabol-keszult-3d-puzzle/az-allatok	0	1	0	46
állatos puzzle	https://hu.robotoys.eu/fabol-keszult-3d-puzzle/az-allatok	0	5	0	34.4
ára	https://hu.robotoys.eu/fabol-keszult-3d-puzzle/az-univerzum/vilagito-foldgomb-rokr-st003-p3	0	1	0	5
árbol para armar	https://es.robotoys.eu/rompecabezas-3d-de-madera/cajas-de-musica/puzzle-3d-mecanico-de-madera-arbol-de-navidad-melodico-rolife-ams01-p138	0	1	0	1
árkád könyvesbolt	https://hu.robotoys.eu/miniatur-hazak/konyvek-kucko/konyvespolc-betet-arkad-tarskereso-rolife-tgb10-p148	0	1	0	21
äge kingitus naisele	https://ee.robotoys.eu/blogi/7-vastupandamatut-kingiideed-naistele	0	2	0	32.5
ähnliche günstigere modelle	https://de.robotoys.eu/3d-puzzle-aus-holz/die-tiere/3d-puzzle-aus-holz-elefant-little-story-d012-p120	0	1	0	11
är pussel bra för hjärnan	https://se.robotoys.eu/blogg/bygga-pussel-den-basta-aktiviteten-for-pensionarer	0	2	0	24.5
értelmes ajándék gyerekeknek	https://hu.robotoys.eu/fabol-keszult-3d-puzzle/viragok/fa-3d-kirako-fa-viraglada-rowood-tw02h-p162	0	1	0	64
írógép	https://hu.robotoys.eu/fabol-keszult-3d-puzzle/stem-lab/fa-mechanikus-3d-kirako-irogep-eco-wood-art-p158	0	15	0	6.8
összeszerelhető autó felnőtteknek	https://hu.robotoys.eu/fabol-keszult-3d-puzzle/jarmuvek/veteran-auto-rokr-mc801-p72	0	4	0	5
öökull inglise keeles	https://ee.robotoys.eu/puidust-3d-pusle/kellad-kalendrid/kella-ookull-rokr-lk503-p6	0	1	0	3
čarobni pianino	https://si.robotoys.eu/lesena-3d-sestavljanka/glasbila/carobni-klavir-rokr-amk81-p70	0	2	0	5
čím potěšit ženu	https://cz.robotoys.eu/blog/7-neodolatelnych-tipu-na-darky-pro-zenu	0	1	0	38
čím překvapit ženu	https://cz.robotoys.eu/blog/7-neodolatelnych-tipu-na-darky-pro-zenu	0	2	0	32
čím udělat ženě radost	https://cz.robotoys.eu/blog/7-neodolatelnych-tipu-na-darky-pro-zenu	0	1	0	43
ładowarka mechaniczna	https://pl.robotoys.eu/drewniane-puzzle-3d/pojazdy/drewniana-mechaniczna-ukladanka-3d-ladowarka-eco-wood-art-p204	0	6	0	2.17
świecący globus	https://pl.robotoys.eu/drewniane-puzzle-3d/wszechswiat/swiecacy-globus-rokr-st003-p3	0	32	0	6.19
šopek rož	https://si.robotoys.eu/lesena-3d-sestavljanka/roze/lesena-3d-sestavljanka-sopek-roz-rowood-tw01h-p100	0	18	0	1
ένθετο ράφι	https://gr.robotoys.eu/mikroskopika-spitia/biblia-nook/entheto-rafi-arcade-dating-rolife-tgb10-p148	0	2	0	1
ένθετο ράφι	https://gr.robotoys.eu/mikroskopika-spitia/biblia-nook/entheto-rafi-romantic-venice-rolife-tgb08-p107	0	1	0	1
ένθετο ράφι	https://gr.robotoys.eu/mikroskopika-spitia/biblia-nook/entheto-rafi-xristoygenniatikh-eswterikh-skhnh-rolife-tgc07-p140	0	1	0	1
ένθετο ράφι	https://gr.robotoys.eu/mikroskopika-spitia/biblia-nook/entheto-rafi-xristoygenniatikh-odos-rolife-tgc06-p139	0	1	0	1
ακριβα δωρα	https://gr.robotoys.eu/ta-pio-akriba-dwra-gia-andres-kai-agoria	0	2	0	2.5
γέφυρα του λονδίνου	https://gr.robotoys.eu/istologio/h-istoria-ths-diashmhs-gefyras-tower-bridge-pws-na-fereis-to-londino-sto-spiti-soy	0	49	0	7.92
γεφυρα λονδινου	https://gr.robotoys.eu/istologio/h-istoria-ths-diashmhs-gefyras-tower-bridge-pws-na-fereis-to-londino-sto-spiti-soy	0	41	0	5.12
δωρα γενεθλιων	https://gr.robotoys.eu/idees-gia-dwra/dwra-genethliwn	0	16	0	32.19
δωρα για γενεθλια	https://gr.robotoys.eu/idees-gia-dwra/dwra-genethliwn	0	1	0	33
δωρο γενεθλίων	https://gr.robotoys.eu/idees-gia-dwra/dwra-genethliwn	0	1	0	31
δωρο γενεθλιων	https://gr.robotoys.eu/idees-gia-dwra/dwra-genethliwn	0	4	0	41.75
δώρα γενεθλίων	https://gr.robotoys.eu/idees-gia-dwra/dwra-genethliwn	0	15	0	33.4
δώρα για γενέθλια	https://gr.robotoys.eu/idees-gia-dwra/dwra-genethliwn	0	2	0	34
δώρα για κορίτσια	https://gr.robotoys.eu/ta-pio-dhmofilh-dwra-gia-gynaikes-kai-koritsia	0	4	0	3.25
δώρο γενεθλίων	https://gr.robotoys.eu/idees-gia-dwra/dwra-genethliwn	0	1	0	26
εδώ στην ελλάδα	https://gr.robotoys.eu/mikroskopika-spitia/biblia-nook/magical-house-rolife-tgb03-p58	0	1	0	9
ελλάδα	https://gr.robotoys.eu/ksylino-trisdiastato-pazl/loyloydia/ksylino-trisdiastato-pazl-ksylino-kalathi-me-loyloydia-rowood-tw03h-p210	0	1	0	10
εφήβους	https://robotoys.eu/wooden-3d-puzzle/architecture/wooden-3d-puzzle-sagrada-familia-little-story-e018-p133	0	1	0	2
θελω αυτα	https://gr.robotoys.eu/istologio/ksylina-trisdiastata-pazl-pws-na-epileksete-to-prwto-sas-kit-kataskeyhs-kai-ti-na-proetoimasete	0	1	0	15
θελω αυτα	https://gr.robotoys.eu/ksylino-trisdiastato-pazl/oxhmata/ksylino-trisdiastato-pazl-comanche-motorcycle-little-story-e023-p175	0	1	0	17
ιδέεσ για δώρα γενεθλίων	https://gr.robotoys.eu/idees-gia-dwra/dwra-genethliwn	0	4	0	16.5
ιδεες για δωρο γενεθλιων	https://gr.robotoys.eu/idees-gia-dwra/dwra-genethliwn	0	1	0	10
ιδεεσ για δωρο γενεθλιων	https://gr.robotoys.eu/idees-gia-dwra/dwra-genethliwn	0	1	0	14
ιδιαιτερα δωρα γενεθλιων	https://gr.robotoys.eu/idees-gia-dwra/dwra-genethliwn	0	1	0	44
καρουζελ	https://gr.robotoys.eu/ksylino-trisdiastato-pazl/moysika-koytia/ksylino-mhxaniko-trisdiastato-pazl-klasiko-karoyzel-rolife-amc01-p146	0	13	0	13.15
μηχανικό πιάνο	https://gr.robotoys.eu/ksylino-trisdiastato-pazl/moysika-organa/magiko-piano-rokr-amk81-p70	0	25	0	4.36
μινιατουρα	https://gr.robotoys.eu/mikroskopika-spitia/mikroskopika-dwmatia/bibliothhkh-meleths-toy-sam-rolife-dg102-p86	0	3	0	1
μινιατουρα καφε	https://gr.robotoys.eu/mikroskopika-spitia/magazia-me-miniatoyres/kafe-sto-saimon-rolife-dg109-p64	0	19	0	4.68
μινιατουρεσ	https://gr.robotoys.eu/mikroskopika-spitia/magazia-me-miniatoyres	0	2	0	17
μοντελισμοσ σπιτια	https://gr.robotoys.eu/	0	1	0	13
ναι	https://gr.robotoys.eu/diagonismos-pazl/bibliothhkh-dipla-sthn-paralia-261	0	1	0	8
ναι	https://gr.robotoys.eu/ksylino-trisdiastato-pazl/moysika-organa/magiko-piano-rokr-amk81-p70	0	1	0	5
ναιι	https://robotoys.eu/blog/wooden-3d-puzzles-how-to-choose-your-first-building-kit-and-what-to-prepare-for	0	1	0	5
πιάνο με ουρά	https://gr.robotoys.eu/ksylino-trisdiastato-pazl/moysika-organa/ksylino-trisdiastato-pazl-piano-me-oyra-rolife-tg402-p200	0	2	0	12.5
πιανο με ουρα	https://gr.robotoys.eu/ksylino-trisdiastato-pazl/moysika-organa/ksylino-trisdiastato-pazl-piano-me-oyra-rolife-tg402-p200	0	23	0	30.3
πολιορκητικη μηχανη	https://gr.robotoys.eu/ksylino-trisdiastato-pazl/opla/poliorkhtikh-mhxanh-ballista-rokr-kw401-p15	0	13	0	4.46
που θα το βρω	https://gr.robotoys.eu/mikroskopika-spitia/magazia-me-miniatoyres/kafe-sto-saimon-rolife-dg109-p64	0	1	0	20
ρολοι κουκοσ	https://gr.robotoys.eu/ksylino-trisdiastato-pazl/rologia-hmerologia/ksylino-mhxaniko-trisdiastato-pazl-roloi-koykos-rokr-lc901c-p198	0	1	0	9
συναρμολογηση	https://gr.robotoys.eu/istologio/balte-ton-egkefalo-sas-se-kinhsh-me-trisdiastata-ksylina-mhxanika-pazl	0	1	0	2
τα ηλιοτρόπια	https://gr.robotoys.eu/ksylino-trisdiastato-pazl/loyloydia/ksylino-trisdiastato-pazl-xryso-hliotropio-rowood-th002-p193	0	1	0	14
τα καλυτερα δωρα για αγορια	https://gr.robotoys.eu/ta-pio-akriba-dwra-gia-andres-kai-agoria	0	1	0	4
τιμή	https://gr.robotoys.eu/ksylino-trisdiastato-pazl/oxhmata/ksylino-trisdiastato-pazl-comanche-motorcycle-little-story-e023-p175	0	1	0	18
τιμή	https://gr.robotoys.eu/ksylino-trisdiastato-pazl/oxhmata/ksylino-trisdiastato-pazl-motorcycle-speedtail-little-story-e020-p172	0	1	0	11
τιμή	https://gr.robotoys.eu/ksylino-trisdiastato-pazl/oxhmata/motorcycle-cruiser-rokr-lk504-p12	0	1	0	2
τιμη	https://gr.robotoys.eu/ksylino-trisdiastato-pazl/oxhmata/ksylino-trisdiastato-pazl-comanche-motorcycle-little-story-e023-p175	0	1	0	8
τιμη	https://gr.robotoys.eu/ksylino-trisdiastato-pazl/oxhmata/ksylino-trisdiastato-pazl-gkri-motosikleta-comanche-little-story-e023g-p247	0	1	0	12
τιμη	https://gr.robotoys.eu/ksylino-trisdiastato-pazl/oxhmata/ksylino-trisdiastato-pazl-helicopter-little-story-d017-p131	0	1	0	19
τιμη	https://gr.robotoys.eu/ksylino-trisdiastato-pazl/oxhmata/ksylino-trisdiastato-pazl-motorcycle-speedtail-little-story-e020-p172	0	1	0	10
τιμη	https://gr.robotoys.eu/ksylino-trisdiastato-pazl/oxhmata/ksylino-trisdiastato-pazl-portokali-yankee-chopper-little-story-e024r-p250	0	1	0	11
τιμη	https://gr.robotoys.eu/ksylino-trisdiastato-pazl/oxhmata/ksylino-trisdiastato-pazl-yankee-chopper-little-story-e024-p176	0	1	0	14
τιμη	https://gr.robotoys.eu/mikroskopika-spitia/mikroskopika-dwmatia/miniatoyra-spiti-zesth-koyzina-rolife-dg159-p89	0	1	0	14
φωτογραφιες	https://gr.robotoys.eu/ksylino-trisdiastato-pazl/arxitektonikh/montelo-toy-pyrgoy-toy-aifel-rolife-tg501-p17	0	1	0	51
φωτογραφιες	https://robotoys.eu/wooden-3d-puzzle/architecture/illuminated-eiffel-tower-rolife-tgl01-p73	0	1	0	39
а что еще можно	https://robotoys.eu/wooden-3d-puzzle/stem-lab/wooden-mechanical-3d-puzzle-gear-ball-challenge-rokr-egc01-p213	0	1	0	1
айфелова кула	https://bg.robotoys.eu/drven-3d-pzel/arkhytektura/sveteshcha-aifelova-kula-rolife-tgl01-p73	0	2	0	11.5
борса за дървен материал	https://bg.robotoys.eu/drven-3d-pzel	0	1	0	98
бук нук	https://bg.robotoys.eu/mynyatiurny-kshchy/knygy-nook	0	4	0	6.25
в польше	https://pl.robotoys.eu/miniaturowe-domki/miniaturowe-pokoje/biblioteka-do-nauki-sama-rolife-dg102-p86	0	1	0	17
где купить	https://pl.robotoys.eu/miniaturowe-domki/kacik-ksiazek/wkladka-do-regalu-arcade-randki-rolife-tgb10-p148	0	1	0	7
где это	https://robotoys.eu/wooden-3d-puzzle/stem-lab/wooden-mechanical-3d-puzzle-dream-gift-factory-rokr-eab01-p202	0	1	0	13
да	https://bg.robotoys.eu/blog/drven-buket-koito-nykoga-ne-uviakhva-otkryite-magyiata-na-3d-pzelyte-s-tsvetia	0	1	0	4
да	https://robotoys.eu/blog/wooden-3d-puzzles-how-to-choose-your-first-building-kit-and-what-to-prepare-for	0	1	0	2
де можна купити?	https://de.robotoys.eu/3d-puzzle-aus-holz/blumen/3d-puzzle-aus-holz-blumenbuch-aus-holz-rowood-tw04h-p228	0	1	0	28
друго	https://hr.robotoys.eu/drvena-3d-slagalica/vozila/drvena-mehanicka-3d-slagalica-dilizansa-rokr-amka1-p99	0	1	0	1
дървен 3д пъзел	https://bg.robotoys.eu/drven-3d-pzel	0	1	0	4
дървен 3д пъзел	https://robotoys.eu/wooden-3d-puzzle/architecture	0	1	0	5
дървен 3д пъзел	https://robotoys.eu/wooden-3d-puzzle/architecture/wooden-3d-puzzle-sagrada-familia-little-story-e018-p133	0	1	0	5
дървен градински стол	https://bg.robotoys.eu/drven-3d-pzel	0	1	0	41
дървен материал плевен цени	https://bg.robotoys.eu/drven-3d-pzel	0	1	0	81
дървен пъзел	https://bg.robotoys.eu/	0	1	0	73
дървен пъзел	https://bg.robotoys.eu/drven-3d-pzel	0	59	0	4.22
дървен пъзел за възрастни	https://bg.robotoys.eu/blog/drveny-3d-pzely-kak-da-yzberete-prvyia-sy-komplekt-za-sglobiavane-y-za-kakvo-da-se-podgotvyte	0	1	0	8
дървен пъзел за възрастни	https://bg.robotoys.eu/drven-3d-pzel	0	9	0	7.89
дървен уокър	https://bg.robotoys.eu/drven-3d-pzel	0	1	0	45
дървени 3д пъзели	https://bg.robotoys.eu/	0	4	0	8.25
дървени 3д пъзели	https://bg.robotoys.eu/drven-3d-pzel	0	2	0	5.5
дървени макети за сглобяване	https://bg.robotoys.eu/	0	1	0	8
еще ?	https://robotoys.eu/wooden-3d-puzzle/vehicles/wooden-mechanical-3d-puzzle-yellow-racing-car-eco-wood-art-p151	0	1	0	1
за възрастен	https://bg.robotoys.eu/drven-3d-pzel/stem-lab/drven-mekhanychen-3d-pzel-gear-ball-challenge-rokr-egc01-p213	0	1	0	3
за възрастен	https://bg.robotoys.eu/drven-3d-pzel/stem-lab/drven-mekhanychen-3d-pzel-klasychesky-prynter-rokr-lk602-p90	0	1	0	3
знайти посилання	https://robotoys.eu/blog/wooden-3d-puzzles-how-to-choose-your-first-building-kit-and-what-to-prepare-for	0	1	0	5
идеи за подарък за жена	https://bg.robotoys.eu/blog/7-neustoymy-ydey-za-podark-za-zheny	0	11	0	9
идеи за подарък на жена	https://bg.robotoys.eu/blog/7-neustoymy-ydey-za-podark-za-zheny	0	1	0	5
идеи за подаръци за жена	https://bg.robotoys.eu/blog/7-neustoymy-ydey-za-podark-za-zheny	0	10	0	8.4
идеи за подаръци за рожден ден	https://bg.robotoys.eu/ydey-za-podartsy/podartsy-za-rozhden-den	0	1	0	9
из чего они сделаны?	https://robotoys.eu/	0	1	0	20
интересен подарък за мъж	https://bg.robotoys.eu/blog/podark-za-mzha-koito-veche-yma-vsychko-24-orygynalny-sveta-koyto-naystyna-shche-go-yznenadat	0	11	0	2
как да се справя със стреса	https://bg.robotoys.eu/blog/kak-da-se-otrvem-ot-stresa-10-efektyvny-sveta	0	1	0	79
как се лепи пъзел	https://bg.robotoys.eu/blog/10-ynstrumenta-ot-koyto-se-nuzhdaete-kogato-sglobiavate-drven-3d-pzel	0	2	0	3.5
как собрать?	https://robotoys.eu/blog/wooden-3d-puzzles-how-to-choose-your-first-building-kit-and-what-to-prepare-for	0	1	0	4
какво да правим при силен стрес	https://bg.robotoys.eu/blog/kak-da-se-otrvem-ot-stresa-10-efektyvny-sveta	0	1	0	76
какво е това	https://bg.robotoys.eu/drven-3d-pzel/tsvetia/drven-3d-pzel-chervena-kamelyia-rowood-tw031-p102	0	1	0	3
колко струва	https://bg.robotoys.eu/mynyatiurny-kshchy/mynyatiurny-stay/oranzheryiata-na-g-zha-katy-rolife-dg104-p28	0	1	0	8
купити в польщі	https://pl.robotoys.eu/drewniane-puzzle-3d/zegary-i-kalendarze/zegarowa-sowa-rokr-lk503-p6	0	1	0	4
купити схожий	https://robotoys.eu/wooden-3d-puzzle/vehicles/wooden-3d-puzzle-classic-city-tram-rokr-lk801-p88	0	1	0	8
купить	https://es.robotoys.eu/rompecabezas-3d-de-madera/flores/puzzle-3d-de-madera-rosa-rosa-rowood-tw041-p111	0	1	0	26
лондон бридж	https://bg.robotoys.eu/blog/ystoryiata-na-prochutyia-taur-brydzh-kak-da-prenesete-london-v-doma-sy	0	26	0	9.54
лондон мост	https://bg.robotoys.eu/blog/ystoryiata-na-prochutyia-taur-brydzh-kak-da-prenesete-london-v-doma-sy	0	7	0	9.29
лондонска кула	https://bg.robotoys.eu/blog/ystoryiata-na-prochutyia-taur-brydzh-kak-da-prenesete-london-v-doma-sy	0	1	0	36
лондонски мост	https://bg.robotoys.eu/blog/ystoryiata-na-prochutyia-taur-brydzh-kak-da-prenesete-london-v-doma-sy	0	8	0	10
марки мотоциклов	https://robotoys.eu/brands/little-story	0	1	0	10
машина	https://robotoys.eu/wooden-3d-puzzle/vehicles/wooden-mechanical-3d-puzzle-racing-car-rokr-lk505-p141	0	1	0	1
механичен музикален инструмент	https://bg.robotoys.eu/drven-3d-pzel/muzykalny-kutyy/muzykalna-kutyia-magychesko-vyolonchelo-rokr-amk63-p1	0	23	0	3.65
мини библиотека	https://bg.robotoys.eu/mynyatiurny-kshchy/mynyatiurny-stay/uchebnata-byblyoteka-na-sam-rolife-dg102-p86	0	2	0	1
миниатюрна	https://bg.robotoys.eu/mynyatiurny-kshchy	0	5	0	8.2
миниатюрни	https://bg.robotoys.eu/mynyatiurny-kshchy	0	6	0	6.17
миниатюрни	https://bg.robotoys.eu/mynyatiurny-kshchy-lesna-trudnost	0	1	0	6
миниатюрни	https://bg.robotoys.eu/mynyatiurny-kshchy-vreme-za-sglobiavane-poveche-ot-5-chasa	0	7	0	6
миниатюрни	https://bg.robotoys.eu/nai-evtynyte-mynyatiurny-kshchy	0	2	0	5
миниатюрный	https://de.robotoys.eu/miniaturhauser/miniaturladen	0	1	0	5
мост в лондон	https://bg.robotoys.eu/blog/ystoryiata-na-prochutyia-taur-brydzh-kak-da-prenesete-london-v-doma-sy	0	1	0	9
мост лондон	https://bg.robotoys.eu/blog/ystoryiata-na-prochutyia-taur-brydzh-kak-da-prenesete-london-v-doma-sy	0	4	0	9.25
найди на алиэкспресс	https://robotoys.eu/wooden-3d-puzzle/stem-lab/wooden-mechanical-3d-puzzle-dream-gift-factory-rokr-eab01-p202	0	1	0	6
найди на озоне	https://robotoys.eu/miniature-houses/miniature-rooms/sams-study-library-rolife-dg102-p86	0	1	0	20
найти инструкцию по сборке	https://robotoys.eu/wooden-3d-puzzle/vehicles/wooden-mechanical-3d-puzzle-dump-truck-eco-wood-art-p205	0	1	0	14
нарисуй примерно	https://robotoys.eu/wooden-3d-puzzle/architecture/wooden-mechanical-3d-puzzle-windmill-eco-wood-art-p154	0	1	0	21
оригинален подарък за мъж	https://bg.robotoys.eu/blog/podark-za-mzha-koito-veche-yma-vsychko-24-orygynalny-sveta-koyto-naystyna-shche-go-yznenadat	0	1	0	1
оригинални подаръци за мъж	https://bg.robotoys.eu/blog/podark-za-mzha-koito-veche-yma-vsychko-24-orygynalny-sveta-koyto-naystyna-shche-go-yznenadat	0	8	0	4.12
пазл	https://robotoys.eu/wooden-3d-puzzle/stem-lab/wooden-mechanical-3d-puzzle-classic-printer-rokr-lk602-p90	0	1	0	2
пазлы	https://robotoys.eu/wooden-3d-puzzle/architecture	0	1	0	3
питам	https://bg.robotoys.eu/mynyatiurny-kshchy	0	1	0	8
подарък за мъж който има всичко	https://bg.robotoys.eu/blog/podark-za-mzha-koito-veche-yma-vsychko-24-orygynalny-sveta-koyto-naystyna-shche-go-yznenadat	0	17	0	17.06
подарък за него	https://bg.robotoys.eu/blog/nai-dobryiat-podark-za-nego-orygynalen-s-ystorycheska-notka	0	2	0	4
подарък за рожден ден	https://bg.robotoys.eu/ydey-za-podartsy/podartsy-za-rozhden-den	0	2	0	56.5
подаръци за рождени дни	https://bg.robotoys.eu/ydey-za-podartsy/podartsy-za-rozhden-den	0	37	0	21.59
покажи фото	https://robotoys.eu/miniature-houses/miniature-rooms/sams-study-library-rolife-dg102-p86	0	1	0	14
пъзел кубчета	https://bg.robotoys.eu/drven-3d-pzel	0	1	0	33
пъзел с добавена реалност	https://bg.robotoys.eu/	0	1	0	43
пъзел с цветя	https://bg.robotoys.eu/drven-3d-pzel/tsvetia	0	9	0	8
роботайм	https://bg.robotoys.eu/	0	12	0	7.67
рокр	https://bg.robotoys.eu/marky/rokr	0	1	0	8
рокр	https://es.robotoys.eu/marcas/rokr	0	1	0	4
рокр	https://pl.robotoys.eu/marki/rokr	0	1	0	1
руский	https://cz.robotoys.eu/drevene-3d-puzzle/hudebni-nastroje/drevene-3d-puzzle-cello-rolife-tg411-p85	0	1	0	1
самые дорогие подарки детям	https://robotoys.eu/the-most-expensive-gifts-for-children	0	1	0	59
сглобяване	https://bg.robotoys.eu/drven-3d-pzel/stem-lab/drven-mekhanychen-3d-pzel-gear-ball-challenge-rokr-egc01-p213	0	1	0	12
скъпи подаръци	https://bg.robotoys.eu/ydey-za-podartsy/podartsy-za-neia	0	1	0	10
скільки він коштує	https://robotoys.eu/wooden-3d-puzzle/flowers/wooden-3d-puzzle-sakura-bonsai-rolife-tg415-p142	0	1	0	2
т бридж	https://bg.robotoys.eu/blog/ystoryiata-na-prochutyia-taur-brydzh-kak-da-prenesete-london-v-doma-sy	0	1	0	6
танк тортойс	https://robotoys.eu/wooden-3d-puzzle/vehicles/wooden-3d-puzzle-tank-tortoise-little-story-wot08-p180	0	1	0	1
тауар	https://bg.robotoys.eu/blog/ystoryiata-na-prochutyia-taur-brydzh-kak-da-prenesete-london-v-doma-sy	0	1	0	7
тауер бридж	https://bg.robotoys.eu/blog/ystoryiata-na-prochutyia-taur-brydzh-kak-da-prenesete-london-v-doma-sy	0	1	0	7
тауър	https://bg.robotoys.eu/blog/ystoryiata-na-prochutyia-taur-brydzh-kak-da-prenesete-london-v-doma-sy	0	21	0	9.95
тауър лондон	https://bg.robotoys.eu/blog/ystoryiata-na-prochutyia-taur-brydzh-kak-da-prenesete-london-v-doma-sy	0	2	0	10.5
тортойс танк	https://pl.robotoys.eu/drewniane-puzzle-3d/pojazdy/drewniana-ukladanka-3d-tank-tortoise-little-story-wot08-p180	0	2	0	11.5
у меня нет	https://robotoys.eu/wooden-3d-puzzle/stem-lab/wooden-mechanical-3d-puzzle-typewriter-eco-wood-art-p158	0	1	0	9
украса за рожден ден в къщи	https://bg.robotoys.eu/nai-novyte-podartsy-za-rozhden-den	0	1	0	74
уникален подарък за мъж	https://bg.robotoys.eu/blog/nai-dobryiat-podark-za-nego-orygynalen-s-ystorycheska-notka	0	1	0	8
фото	https://robotoys.eu/wooden-3d-puzzle/vehicles/wooden-3d-puzzle-airplane-little-story-d016-p130	0	1	0	2
ціна чехія	https://cz.robotoys.eu/drevene-3d-puzzle/vesmir/svitici-globus-rokr-st003-p3	0	1	0	3
العاب بازل	https://robotoys.eu/wooden-3d-puzzle/architecture	0	1	0	7
بازل	https://robotoys.eu/wooden-3d-puzzle/architecture/wooden-3d-puzzle-victory-arch-little-story-e011-p123	0	1	0	3
بزل 3d	https://robotoys.eu/wooden-3d-puzzle/architecture/wooden-3d-puzzle-sagrada-familia-little-story-e018-p133	0	12	0	2
بزل 3d	https://robotoys.eu/wooden-3d-puzzle/architecture/wooden-3d-puzzle-victory-arch-little-story-e011-p123	0	1	0	2
تفاصيل	https://robotoys.eu/wooden-3d-puzzle/musical-instruments/violin-capriccio-rokr-tg604k-p66	0	1	0	10
روليف	https://pl.robotoys.eu/marki/rolife	0	1	0	6
روليف	https://robotoys.eu/brands/rolife	0	1	0	17
طريقة التركيب	https://robotoys.eu/miniature-houses/miniature-stores/flower-shop-emily-rolife-dg145-p25	0	1	0	8
ماكيت خشب مجسم	https://robotoys.eu/wooden-3d-puzzle/architecture	0	1	0	3
এটা কোথায় কিনতে পাবো	https://robotoys.eu/wooden-3d-puzzle/vehicles/wooden-mechanical-3d-puzzle-the-seahorse-barque-rokr-mcb02-p212	0	1	0	11
ขอดูรูปประกอบด้วย	https://robotoys.eu/wooden-3d-puzzle/weapons/ak-47-rifle-rokr-lq901-p67	0	1	0	19
รูปด้วยค่ะ	https://robotoys.eu/wooden-3d-puzzle/music-boxes/romantic-carousel-rokr-amk62-p77	0	1	0	18
მაჩვენეთ	https://robotoys.eu/wooden-3d-puzzle/vehicles/wooden-mechanical-3d-puzzle-stagecoach-rokr-amka1-p99	0	1	0	1
どうぐは？	https://robotoys.eu/blog/10-tools-you-need-when-assembling-a-wooden-3d-puzzle	0	1	0	1
どれが一番人気?	https://robotoys.eu/the-most-popular-miniature-houses	0	1	0	7
オシャレなやつ	https://robotoys.eu/blog/wooden-3d-puzzles-how-to-choose-your-first-building-kit-and-what-to-prepare-for	0	1	0	1
コロッセオ	https://robotoys.eu/wooden-3d-puzzle/architecture/wooden-3d-puzzle-colosseum-little-story-e016-p126	0	1	0	1
ネットに売ってる？	https://robotoys.eu/wooden-3d-puzzle/vehicles/wooden-3d-puzzle-locomotive-little-story-e012-p124	0	1	0	28
パズルは？	https://robotoys.eu/blog/wooden-3d-puzzles-how-to-choose-your-first-building-kit-and-what-to-prepare-for	0	1	0	3
動くやつは？	https://robotoys.eu/blog/wooden-3d-puzzles-how-to-choose-your-first-building-kit-and-what-to-prepare-for	0	1	0	5
图片看	https://robotoys.eu/wooden-3d-puzzle/music-boxes/swing-ride-music-box-rokr-ea02-p4	0	1	0	19
安いのある？	https://robotoys.eu/the-cheapest-miniature-houses	0	1	0	6
店家	https://it.robotoys.eu/puzzle-3d-in-legno/carillon/puzzle-meccanico-3d-in-legno-arpa-magica-rokr-amk71-p254	0	1	0	8
找类似	https://robotoys.eu/wooden-3d-puzzle/clocks-calendars/clock-owl-rokr-lk503-p6	0	1	0	3
特定	https://robotoys.eu/blog/wooden-3d-puzzles-how-to-choose-your-first-building-kit-and-what-to-prepare-for	0	1	0	3
画像無いの？	https://robotoys.eu/wooden-3d-puzzle/musical-instruments/drum-kit-rolife-tg409-p81	0	1	0	15
細かい	https://robotoys.eu/blog/10-tools-you-need-when-assembling-a-wooden-3d-puzzle	0	1	0	3
那個國家的品牌	https://robotoys.eu/brands/rolife	0	1	0	1
難易度	https://robotoys.eu/wooden-3d-puzzle/stem-lab/wooden-mechanical-3d-puzzle-dream-gift-factory-rokr-eab01-p202	0	1	0	3
이미지	https://robotoys.eu/wooden-3d-puzzle/weapons/revolver-corsac-m60-rokr-lq401-p35	0	1	0	4
